TrmTerm(法律名詞),TrmContent(解釋),JtIds(M：刑事、F：家事、G：一般、V：民事、A：行政)
權利告知,訊（詢）問被告前，除需告知「犯罪嫌疑及所犯所有罪名」外，應再告知三件事，一為「得保持緘默，無須違背自己之意思而為陳述」、二為「得選任辯護人」、三為「得請求調查有利之證據」，此即所謂「米蘭達原則」，除依刑事訴訟法訊（詢）問被告之情形外，於執行拘提或逮捕時，亦有適用，目的在於保障被告受憲法保障之訴訟防禦權。,M             
抗告狀,抗告的書狀，請參考「抗告」的解釋。,F             
於法尚無不合,符合法律的規定、符合法律規定,G             
優先債權,係指優先於一般債權而受清償的債權，例如稅捐債權、抵押債權等。,V             
實質課稅主義,"政府若想要對人民徵收稅款，應該依據經營活動的實質、而非表面形式予以徵稅的準則。也就是有關租稅法律之解釋不可以拘泥於所用的辭句，而應該就租稅法律的實質意義及經濟上意義為必要的考察。
例如：甲乙之間雖然簽訂1份「買賣契約」，但不應該只依契約名稱就認定為「買賣關係」，而應該依據整體事實關係，實質上去判斷究竟是買賣關係、贈與關係或是其他原因關係，才能依據它去認定是否有應該課徵的稅捐。",A             
公告地價,公告地價係指政府辦理規定地價或重新規定地價時於當年一月一日所公布之土地價格，以供土地所有權人申報地價之參考。規定地價後，每二年重新規定地價一次，必要時得延長之（平均地權條例第14條參照）。土地所有權人未於公告期間申報地價者，以公告地價百分之八十為其申報地價（平均地權條例第16條參照）。關於申報地價，可另參法律名詞「申報地價」。,A             
權能分立制衡原則,國家的行政、立法、司法三種權力互相分離不依附，並且在各自的權利範圍內相互牽制，不讓其他方獨大，破壞體制的均衡形成獨裁。,M             
裁量濫用,"行政機關行使裁量權時，違反法律授予裁量的目的、漏未審酌應加考量的觀點、摻雜與事件無關的動機、違反平等原則、比例原則、信賴保護原則等一般法律原則或憲法保障基本權利的意旨等。
例如：對違反行政法上義務的人，行政機關只基於充實國庫的財政目的，就直接裁處法律所規定罰鍰額度中的最高額，這樣的處分就有裁量濫用的情形。",A             
繕本,依據正本繕制的文件，以現代科技制作的影本，也是屬繕本的一種。,G             
毀越門窗,毀越門窗的門、窗，指門戶及窗戶，而毀、越則指毀損（例如打破大門）及踰越（例如爬過窗戶），用鑰匙開鎖啟門入室，則非毀越。又毀損與踰越不必兩者兼具，毀而不越，或越而不毀，只要能使他人門窗失去防閑作用，即該當刑法第321條第1項第2款之毀越門窗。,M             
溯及禁止,刑法的效力只能及於法律生效後發生之行為，而不得追溯處罰法律生效前業已發生之行為。,M             
直接強制,"行政執行的一種方式，依行政執行法第28條第2項規定，直接強制方法如下：一、扣留、收取交付、解除占有、處置、使用或限制使用動產、不動產。二、進入、封閉、拆除住宅、建築物或其他處所。三、收繳、註銷證照。四、斷絕營業所必須之自來水、電力或其他能源。五、其他以實力直接實現與履行義務同一內容狀態之方法。
",A             
妨害風化罪章,為刑法之罪章，包含刑法第230條血親為性交罪、第231條圖利使人為性交或猥褻罪、第231條之1圖利強制使人為性交猥褻罪、第232條利用權勢或圖利使人性交之加重其刑、第233條使未滿十六歲之男女為性交或猥褻罪、第234條公然猥褻罪及第235條散布、販賣猥褻物品及製造持有罪。,M             
適法性,合法性（行政行為是不是合法的）。,A             
撤回自訴,有權提起自訴的人（犯罪被害人或與犯罪被害人有一定關係之人）合法向法院對於被告提起自訴後，又向法院表示要取消提起自訴的意思。依法律規定，當自訴的罪名是屬於「告訴或請求乃論之罪」，而且在第一審言詞辯論終結前，提起自訴的人才可以撤回自訴。,M             
社會法益,與整體社會共同生活秩序相牽涉的公共利益。,A             
核課期間,所謂核課期間，就是稅捐稽徵機關可以行使核課權，核定應納稅額的期間。例如，我國稅捐稽徵法第21條第1項，就不同情形分別定有5年或7年的核課期間。在核課期間內，稅捐稽徵機關得依法核定應納稅額徵收稅捐，超過此期間就不得再行核課。又倘若在核課期間內，稅捐稽徵機關另發現尚有應徵收的稅捐時，依稅捐稽徵法第21條第2項規定，稅捐稽徵機關仍應依法補徵稅捐或並予處罰；如果在核課期間內未經發現，稅捐稽徵機關以後不得再補稅處罰。,A             
攻擊防禦方法相牽連,訴訟上兩方當事人的攻擊、防禦，會提出許多論證及證據資料，有時候這些論證和證據資料在不同的案件中是可以共用的。這就稱為這些案子的「攻擊防禦方法相牽連」，法院可以把這些家事事件合併起來審理。,F             
占有請求權,占有人為維持占有的原狀，對於妨害其占有狀態者，請求返還、除去或防止妨害的權利（民法第962條）。例如：承租人是租賃物的直接占有人，除非其違反租賃契約，出租人不得妨害承租人使用租賃物，否則承租人可對出租人主張占有請求權。,V             
惟,但是,V             
加工自殺, 教唆或幫助他人使之自殺，或受其囑託或得其承諾而殺之者。,M             
於法有據,與法律規定相符、符合法律規定,G             
危險犯,雖然尚未發生實際的犯罪結果，但仍然成立犯罪，例如酒駕，雖然沒有車禍發生，但酒後開車是非常危險的行為，立法院審議定訂法律明文規定喝酒超過一定標準時，也構成犯罪。,M             
營利事業所得稅,在中華民國境內經營的營利事業，應依法課徵營利事業所得稅。如果營利事業總機構設於中華民國，須合併中華民國境內、外營利事業所得，政府會進行課稅（但其來自中華民國境外的所得，已依所得來源國稅法規定繳納的所得稅，得由納稅義務人提出所得來源國稅務機關發給的同一年度納稅憑證，並取得所在地中華民國使領館或其他經中華民國政府認許機構的簽證後，自其全部營利事業所得結算應納稅額中扣抵。扣抵之數，不得超過因加計其國外所得，而依國內適用稅率計算增加之結算應納稅額）。反之，如果營利事業總機構不設於中華民國，而有中華民國來源所得者，就其中華民國境內的營利事業所得，也須課徵營利事業所得稅。(所得稅法第3條參照)。,A             
偵查不公開,刑事訴訟法第245條第1項規定：偵查，不公開之。這除了為避免犯罪嫌疑人逃匿、串證或滅證等偵查利益以外，更是為了保護犯罪被害人、犯罪嫌疑人和相關人士的名譽、隱私等人格權及人身安全等。,M             
司法權,司法權、立法權和行政權，是憲法上相互制衡的國家權力。司法權的功能在於以超然第三者的地位，專司審判，解決人民或人民與國家機關間的糾紛，具體類型為：民事訴訟、刑事訴訟、行政訴訟、公務員懲戒、解釋憲法及統一解釋法令等，並由法官（或大法官）公正、獨立地執行職務。,A             
強制險,強制險是政府為了保障車禍事故的受害者能迅速獲得理賠，制定法律強制規定汽、機車所有權人與保險人應訂立一定內容之保險契約。前述契約不論肇事者有無過失，亦不需要經過肇事者同意，只要車禍造成受害人受傷、殘障或死亡，都可以申請理賠，但單純車輛受損並不理賠。目前保障內容，每人死亡、殘廢最高200萬元、醫療最高20萬元。如果受害者係因故意行為或從事犯罪所造成的車禍傷害者，則保險公司不理賠。,V             
裁判,法院做成的決定，就是裁判。可以分為「判決」與「裁定」兩種，合稱為裁判。,F             
意圖犯,是指行為人的故意行為必須出於特定的不法意圖，才能成立的故意犯。,M             
非,「不是」的意思。否定的意思。,F             
他律法人,財團法人是財產的集合體，以從事公益為目的，必須得到主管機關許可並辦理登記，才能完成設立。其捐助章程(內容應訂明法人目的及所捐財產)一經辦理登記，就不可以任意修改，目的在使財團法人的董事僅得依章程所載的捐助目的忠實管理財產。如果捐助章程有規定不完全、不完備的地方，必須由法院依捐助人、董事、主管機關、檢察官或利害關係人的聲請，作成必要的處分或變更其組織。因此，財團法人本質上是屬於他律法人。,V             
婚姻破綻,婚姻破裂,G             
毀損屍體,刑法第247條的侵害屍體罪，係指損壞、遺棄、污辱或盜取屍體者。本罪的行為客體為「屍體」，行為人的毀損行為必須在被害人死亡後發生，才成立本罪。如果行為人的毀損行為屬於殺害被害人過程的一部分，就只成立殺人罪，不構成本罪。,M             
期待可能性,謂在行為之當時，得期待行為人不為該犯罪行為，而為其他適法行為之可能情形。,M             
停職,指公務人員因具有法定事由，經暫時停止職務之執行，但未喪失公務人員的身分而言。,A             
自無比附援引之餘地,當然沒有互相對照和引用的空間。,A             
繼受法,受外國文化及法制思想的影響，而參酌制定作為本國之法律。例如我國民法就是以德國、日本的民法為藍本而繼受過來的。,M             
民間公證人,司法院依公證法規定遴任，得執行公證、認證業務之人（公證法第24條）。民間公證人雖非正式的公務員，但因其辦理公證、認證文書效果與法院公證人相同，且與法院公證人都同樣受司法院監督、管理，故具有準公務員性質。,V             
洵屬,應屬,G             
拒卻,所謂「拒卻」，是指訴訟當事人得依法定的原因，向法院聲請排除特定人參與訴訟。舉例而言，法院審理案件，常需要專業人士（如鑑定人）協助判斷事實，鑑定人作成的鑑定報告內容，對於判決結果具有影響性，為避免鑑定報告不當影響判決結果，當事人可以用書狀或當庭聲請的方式，釋明原因及理由，拒卻法院所選任的鑑定人。,"A,G           "
主詰問,行交互詰問時，證人或鑑定人先由聲請傳喚之當事人、代理人或辯護人詢問，叫做「主詰問」。主詰問應就待證事項及其相關事項行之。而為辯明證人、鑑定人記憶及陳述之正確性，或證人、鑑定人的可信性等﹐也可以就必要事項為主詰問。另外，就實務經驗而言，由當事人、代理人、辯護人或輔佐人聲請傳喚的證人、鑑定人，一般是有利於該造當事人之友性證人。因此，若行主詰問者為誘導詰問，證人很有可能迎合主詰問者的意思，而做非真實的陳述。因此，原則上在行主詰問時不得為誘導詰問，但是為發見真實之必要或無導出虛偽供述之危險 時，則例外允許於行主詰時，為誘導詰問。,M             
破產程序,債務人不能清償債務時，法院依破產法宣告破產及清理其債務之程序。除破產人有因犯詐欺破產罪而受刑之宣告者外，破產債權人如依破產法所定程序已受清償時，於破產程序終結後，其債權未能受清償之部分，請求權視為消滅（破產法第149條）。,V             
動力交通工具,刑法所稱之「動力交通工具」，是指藉由汽油、柴油等引擎或電力來推動的交通工具，例如汽車、機車、電動車等；反之，若是單純藉由人力或獸力來推動的交通工具，例如馬車、牛車、一般的自行車等，即非「動力交通工具」。相關條文，例如刑法第185條之3第1項：「駕駛動力交通工具而有下列情形之一者，處二年以下有期徒刑，得併科二十萬元以下罰金：一、吐氣所含酒精濃度達每公升零點二五毫克或血液中酒精濃度達百分之零點零五以上。二、有前款以外之其他情事足認服用酒類或其他相類之物，致不能安全駕駛。三、服用毒品、麻醉藥品或其他相類之物，致不能安全駕駛。」及第185條之4：「駕駛動力交通工具肇事，致人死傷而逃逸者，處一年以上七年以下有期徒刑。」。,M             
時間效力,"成文法規因為時間經過所產生的效力，可分為效力發生、效力消滅、效力追溯等3部分。
1、效力發生，指成文法規自一定的時間點開始生效之意。例如：法律，依中央法規標準法規定，明定自公布日施行者，自公布日起算至第3日起發生效力。但為了避免部分人民或有關機關沒辦法即時知悉或即時實施配套作業，可另訂施行日期，並自該特定日起發生效力。
2、效力消滅，指成文法規自一定時間點以後就失去效力之意。通常會因時間經過（明定有效期間或期間限制）、明示廢止、經違憲宣告失效、新法取代、自動失效等原因而效力消滅。
3、效力追溯，成文法規原則上只適用於其生效後發生之事件。但有時會適用於事實或法律關係已終結的事件（真正的溯及既往），或適用於事實或法律關係已存在且尚未終結的事件（非真正的溯及既往），這就是效力溯及。關於效力溯及，必須考慮法安定性原則、信賴保護原則、過渡規定、給與補償等情形來處理，才沒有違憲的疑慮。",A             
未了未遂,指犯罪人已經著手實行犯罪了，但還沒完成計劃中所有的犯罪行為，這一類的犯罪人只要單純放棄繼續實行自己預想的犯罪行為，就可以有效地阻止損害發生，也滿足中止行為的要求；例如犯罪人甲計劃強制性交乙，但在脫掉乙的衣服後，想起妻兒而突然良心發現，決定離開現場，因為甲是自願放棄繼續侵害乙，也保全了乙的性自主利益，所以甲不會成立強制性交既遂罪，只構成強制性交的中止未遂，法官可以減輕或免除甲的刑事責任。,M             
已臻明灼,已經非常明白,G             
刑法分則加重,指犯罪行為符合一定要件下，予以加重處罰，成立另一獨立罪名。如成年人故意對兒少犯罪，加重其刑至二分之一。此加重結果，法定最重本刑如超過有期徒刑5年，縱判處6月以下，仍不可易科罰金，與刑法總則加重（如累犯）只單純加重量刑，並非另一獨立罪名不同。,M             
地價評議,直轄市或縣市政府依據法律，組織之地價及標準地價評議委員會，所進行地價及標準地價評議委員會組織規程第3條規定之地價、標準地價等事項的評議行為（土地法155條、平均地權條例第4條、地價及標準地價評議委員會組織規程第2條）。,A             
準備程序,法院為使言詞辯論順利進行，而在言詞辯論程序前的先開一次庭，以預作準備。這個程序主要進行闡明訴訟關係，或進一步整理及協議簡化爭點等，使複雜的訴訟能集合訴訟資料，整理爭點及證據，使言詞辯論容易終結進行。,G             
寄藏,指受寄藏或藏匿行為。實務解釋上，認凡為他人保管，並足以使失主難以發現之行為，均足以稱寄藏，不以單純受寄託者為限。,M             
借名契約,又稱為「借名登記契約」。指雙方約定由一方將自己的財產以他方的名義登記，但仍由自己管理、使用、處分，他方則同意就該財產以自己的名義出名登記的契約。該契約內容，若未違反法律的強制禁止規定、公共秩序或善良風俗，原則上應承認其法律上效力。,V             
期約,事先約定於一定時間履行該約定。,M             
超法規阻卻違法事由,指某該當構成要件的行為，雖不是法定的阻卻違法事由（例如正當防衛），但因符合整體法秩序，而得以否定其違法性。例如，拳擊選手自願進行比賽而毆傷對手，就傷害對方的行為因屬於「得被害人承諾」的超法規阻卻違法事由，故不具有違法性。,M             
變更登記,"指權利人名稱或原登記其他事項變更的登記。土地登記規則規定的變更登記，包含標示變更登記、所有權變更登記、管理機關變更登記及住址變更登記等。
例如：某土地本來是甲所有，後來甲賣給乙，就要辦理變更登記，將土地所有權人變更為乙。",A             
在卷可稽,附卷可查、在卷可查、在卷可證的意思。,G             
恐嚇危害安全罪,此罪我們一般稱為恐嚇罪，也就是對特定的一人或數人，告知將對其生命、身體、自由、名譽或財產作出不利之事，而讓對方心生恐懼。恐嚇的方式可以用言語、書面或動作，例如在信封內放一顆子彈寄給對方，就是在表達要危害收信人生命或身體安全的意思。恐嚇不能夠有加害的行為，例如恐嚇要殺對方，如果真的殺害對方，就會成立殺人罪，而不是恐嚇罪。恐嚇不一定是直接對對方為之，間接透過第三人表達恐嚇的意思，也會成立恐嚇罪。又向對方告知不利的事情，必須是不法的事情，如果是正當行使權利的行為，例如告知對方如果違約，將會到法院提出訴訟，因這是屬於人民訴訟權的正當行使，並不會構成恐嚇罪。另外，恐嚇的對象如果是不特定的多數人，就不是成立本罪，而是成立刑法第151條恐嚇公眾罪，但這兩個罪名同樣最重都可以判處兩年有期徒刑。,M             
攻擊性證據,能夠證明犯罪事實存在，在訟訟法上可以作為證據，用以證明被告犯罪之強而有力的證據。例如殺人案件中有被告指紋的兇刀，就是可以證明被告持兇刀殺人之強而有力之證據，是為攻擊證據。,M             
綜上所述,綜合以上的說明,G             
渠等,他（們）、她（們）、這些人的意思。在陳述中作為某一群人的代稱、簡稱,G             
特別權力關係,人民因法律規定、當事人意志或特定事實而產生一定身分或地位，從而與公行政間形成超過一般情形、特別密切的特殊權力支配關係，例如公務員、軍人、學生、受刑人等。此關係強調行政主體的優越性與受支配者的服從性，在此關係下，具有該等身分或地位的人民不得主張享有基本權利，也不得向法院尋求救濟。但近20餘年來已逐漸被認為與法治國原則有所背離，在司法院大法官多件解釋的影響下，已逐步突破限制，特別在司法救濟方面有顯著的改善。,A             
勘驗,一種調查證據的方式，指用五官去感受覺知物的存在和狀態的過程，例如檢察官到犯罪現場單純地看或聽聞犯罪現場的狀況。勘驗通常會做成勘驗筆錄，在遇到一些難以扣押而需要在法院提出的證據時（例如體積過大或保存不易），通常也會用勘驗筆錄作為證據提出（參考維基百科）。,F             
再授權禁止原則,在立法技術上，立法者有時會視需要，授權由行政機關制定補充或執行性質的法規命令，但是為了避免行政機關的恣意與濫權，必須法律有明文規定時，行政機關才能再授權由其他單位辦理。此外，行政機關也必須在法律明確規定下，才能將應由法規命令規範的事項，授權由下級機關以行政規則來制定。如果沒有法律明確規定，原則上不得將法律授權事項再授權給其他單位處理。,A             
推事,法官。,A             
原處分機關,"作成行政處分時對外出具名義的行政機關，至於作成前的經過及原因如何，究竟是主動或被動，或是呈奉上級機關核准或指示，均可不問。縱使該行政機關將行政處分交由其下級機關或第三人執行，該行政機關仍是原處分機關。
例如：臺北市交通事件裁決所對人民作出交通違規的裁決書，該裁決所就是原處分機關。",A             
集中審理,有關訴訟程序的進行，以連續開庭的方式，呈現過往所發生的犯罪事實，有利於發現真實。,M             
家護字第1388號,請參考「106年度家訴字第831號」的解釋。,F             
上訴,檢察官或被告不滿意法院判決結果，而要求上一級法院審查。,M             
提存,是指提存人基於法律上清償債務或擔保的原因，將其給付物（清償提存）或擔保物（擔保提存）寄託於法院提存所的行為。,V             
管教權,指管理和教導的權利。民法第1084條第2項規定「父母對於未成年之子女，有保護及教養之權利義務」，明白將管教權納為親權的內涵，即父母對於未成年子女有管教的權利，甚至同法第1085條規定「父母得於必要範圍內懲戒其子女」，也表明父母管教子女時，得予懲戒，但不得逾越必要的範圍，否則會該當家庭暴力的行為。,F             
義務沒收,一旦符合沒收的要件，法院就只能宣告沒收，沒有任何裁量的空間，稱為義務沒收。不過，沒收必須符合憲法上比例原則，縱使在義務沒收的情形，仍應注意有刑法第38條之2第2項過苛條款的調節適用。,M             
義務辯護人,依刑事訴訟法第31條第1項規定：「有下列情形之一，於審判中未經選任辯護人者，審判長應指定公設辯護人或律師為被告辯護：一、最輕本刑為三年以上有期徒刑案件。二、高等法院管轄第一審案件。三、被告因精神障礙或其他心智缺陷無法為完全之陳述者。四、被告具原住民身分，經依通常程序起訴或審判者。五、被告為低收入戶或中低收入戶而聲請指定者。六、其他審判案件，審判長認有必要者。」義務辯護律師之辯護事項，包括閱卷、接見被告、提出辯護狀、出庭辯護及代被告撰寫書狀及其他必要事項。,M             
不利益變更禁止原則,是指由被告上訴，或為被告之利益上訴者，第二審法院不得諭知較重於原審判決之刑。此一原則的目的在於防止被告因畏懼上訴可能會遭受更重刑之判決，而不敢行使其上訴權。但如果檢察官或自訴人為被告之不利益上訴(合法而且有理由)，或者原審判決適用法條不當而被撤銷者，就不在禁止之列。,M             
協助自訴,檢察官之任務除了提起公訴及實行公訴外，在採行公訴、自訴雙軌制的法制之下，檢察官在自訴案件中亦可出庭陳述意見，協助自訴人進行訴訟程序。依刑事訴訟法第三百三十條之規定：「法院應將自訴案件之審判期日通知檢察官。檢察官對於自訴案件，得於審判期日出庭陳述意見。」此外，依法院組織法第六十條第一款之規定，檢察官也有協助自訴人進行自訴程序之職權，且自訴案件雖多為侵害個人法益之犯罪，但亦不乏與國家或社會法益有重大關係者，代表公益之檢察官自不能置之不問。,M             
準予備查,應為「准予備查」之誤，請參考「准予備查」的解釋。,F             
強制執行名義,"打贏了官司，對方卻不肯自動履行債務時。為了實現權利，就要向法院執行處聲請「強制執行」。
所謂「執行名義」，就是可以向法院聲請強制執行的一個法律上的憑證，因為效力強大，所以強制執行法第4條對執行名義的種類有明確的規定如下：
1、確定之終局判決。
2、假扣押、假處分、假執行之裁判及其他依民事訴訟法得為強制執行之裁判。
3、依民事訴訟法成立之和解或調解。
4、依公證法規定得為強制執行之公證書。
5、抵押權人或質權人，為拍賣抵押物或質物之聲請，經法院為許可強制執行之裁定者。
6、其他依法律之規定，得為強制執行名義者。例如：本票裁定、支付命令、經法院核定之調解書等。
",F             
遺囑執行人,指執行遺囑的人。遺囑本來是應該由繼承人來執行的，但有時候遺囑的內容會與繼承人的利益相反，很難期待繼承人會完全依照遺囑的內容執行，所以民法就設立遺囑執行人制度。又遺囑執行人原則上是由遺囑人以遺囑指定或委託他人指定；如果沒有指定的遺囑執行人，也可以由親屬會議選定；不能由親屬會議選定時，利害關係人也可以聲請法院指定。,F             
精神障礙,指實體法上，有精神疾病影響行為人辨識行為違法之辨識能力，或依其辨識而為行為之控制能力，責任能力欠缺或減低，法律上不罰或得減輕其刑。在訴訟上，如被告因「精神障礙」無法為完全之陳述，審判長應指定公設辯護人或律師為其辯護。,M             
治外法權,治外法權為基於外交談判的結果，使特定人及案件豁免於當地法律的管轄。,M             
法律保留原則,亦即所謂「積極」的依法行政，係指在沒有法律授權的情形下，行政機關即不能合法的作成行政行為，所以憲法已將某些事項保留予立法機關，須由立法機關親自以法律加以規定，才符合民主原則，如果沒有由立法機關所制定之「法律」授權，行政機關即不能合法的作成行政行為，亦即行政行為不僅要不牴觸法律，也不能以消極的不違反法律為已足，還需要積極以法律明定。,M             
公法營造物,行政主體為達成公共行政上之特定目的，將人與物作功能上之結合，以制定法規作為組織之依據所設置之組織體，與公眾或特定人間發生法律上之利用關係。,A             
酌減其刑,酌減其刑，是指依刑法第59條酌量減輕其刑。當法官根據刑法第57條、第58條及其他減輕刑度的特別規定審酌後，認為縱使判處被告最輕的刑度，仍然過重，而且被告的犯罪情狀足以引起一般人的同情，應該給予憫恕，此時法官得依刑法第59條再減輕刑度。,M             
一例一休,勞動基準法中關於勞工休假的一種規定。,F             
再行起訴,不起訴處分已經確定或緩起訴處分期滿未經撤銷者，除非是發現新事實或新證據，或有刑事訴訟法第420條第1項第1款、第2款、第4款或第5款所定得為再審原因之情形，否則檢察官不可以就同一案件再行起訴。 例如：車禍事件，某甲因證據不足，檢察官為不起訴處分後，證人乙提出車禍發生時之影像紀錄，足以證明某甲確實是肇事者時，檢察官可再行起訴。,M             
在場助勢,所謂「在場助勢」指既非首謀，亦非下手實施強暴或脅迫之人，於犯罪之際在場吶喊助長聲勢，尚未達幫助犯之程度者而言。若除在場吶喊助勢外，尚有擔任封鎖現場之工作者，則非在場助勢，而應依下手實施之共同正犯論處。,M             
補強證據,補強證據，指除自白本身之外，其他能證明自白的犯罪事實確實有相當程度真實的證據，雖所要強化證據的，不以事實的全部為必要，但亦須要這證據與自白能相互利用，足以使犯罪事實讓人相信，才能屬補強證據。,M             
請求乃論之罪,有些罪必須經外國政府的請求，才能符合訴訟條件開始審理，例如刑法第116條侵害友邦元首或外國代表罪、第118條侮辱外國旗章罪。,M             
基本權,"基本權，就是賦與保障人民的自由，防止國家權力侵犯的權利。如果人民的基本權利因國家的違法或恣意行為而遭受侵害時，根據基本權的防禦作用，人民就可以經由法律程序排除國家的侵害行為，以維護憲法保障的基本權利。
",A             
可歸責於被告,應當由被告負責,G             
準強盜罪,刑法第329條規定：「竊盜或搶奪，因防護贓物、脫免逮捕或湮滅罪證，而當場施以強暴脅迫者，以強盜論。」此即一般所稱的「準強盜罪」。此罪是在竊盜或搶奪財物之後，偶發的對人施以強暴脅迫，故又稱為「事後強盜罪」。,M             
積極證據,為證明被告犯罪之證據，謂之本證，又稱攻擊證據。在當事人進行主義，原告檢察官或自訴人負舉證之責，應提出被告犯罪事實之證據，此即為積極證據。,M             
共同訴訟參加,共同訴訟參加，是指參加人就訴訟標的與其所輔助的訴訟當事人必須合一確定，但並非以共同訴訟人的身分一同起訴或被訴，而是以參加人的身分參與訴訟。所謂合一確定，是指判決的結果在共同訴訟參加人與其所輔助的訴訟當事人間，不許有歧異的情形出現。共同訴訟參加的效力，依民事訴訟法第62條規定，是準用同法第56條的規定。例如：就甲、乙間的訴訟，A為輔助甲而為共同訴訟參加，A所為的行為如有利益於甲時，其效力及於甲；如不利益於甲，對甲不生效力。,V             
搜索同意書,同意接受搜索時所需簽署的文件。,M             
按,依據、依照、（或可省略此虛詞）,G             
附此指明,一併說明。,A             
確認處分,行政機關就法律關係或由法律關係產生之權利或義務，或就法律上具有重要性之人或物之性質，具有拘束力之確認。關於法律關係存否之確認處分，例如：依耕地三七五減租條例所為之耕地租約登記；關於人之地位的確認處分，例如：自耕能力證明之發給等。,A             
保護規範理論,法律雖然是為公共利益或一般國民福祉而設的規定，但就法律的整體結構、適用對象、所想要產生的規範效果及社會發展因素等綜合判斷，可得知也有保障特定人的意旨時，該法律就屬於保護該特定人的規範。以行政處分來說，第三人雖然不是處分的相對人，但作成處分所依據的法律如果也具有保障該第三人的意旨時，第三人具體主張其權益因該處分受損害，而為該處分的利害關係人，即應准許其依法請求救濟（請參考本院釋字第469號解釋理由書）。,A             
告訴,犯罪被害人或與被害人有一定身分關係的人，向偵查機關（包括檢察機關、司法警察機關）告知犯罪事實，希望偵查機關（包括檢察機關、司法警察機關）追訴的行為。如車禍被撞傷之人，向警察報案而「請求偵辦」。,M             
公開審理主義,為確保裁判的公正性，提供一般國民了解及監督法庭程序之機會，進而促進國民對法庭程序公正性的信賴，除有其他涉及當事人隱私或有不適於公開的情形外（例如：法院組織法第86條但書、民事訴訟法第195條之1、家事事件法第9條第1項前段等），原則上訴訟的審理與裁判均應於一般公眾均可自由旁聽的情形下進行。,V             
改良物,為加強或增加土地的利用效能，提高其利用價值，投入勞力和資本所施作的工程、或增加的改良設施，包括建築改良物、農作改良物。建築改良物是附著於土地的建築物或工事；農作改良物是附著於土地的農作物及其他植物與水利土壤的改良（土地法第5條）。,A             
有限責任,"債務人僅以特定財產為限，對其債務所負的清償責任。例如：甲、乙、丙三人合資成立A有限公司，依據章程甲的出資額是10萬元，若A有限公司成立後向丁借款100萬元，則該100萬元債務應由A有限公司的財產清償，且即使A有限公司發生虧損，甲至多也只分擔已繳納的股款10萬元。
",V             
無期徒刑,對犯人囚禁終身的一種刑罰。,M             
依職權,由法院主動、依法可由法院主動,G             
對刑罰感應力薄弱,行為人曾因犯罪受罰，理應產生警惕作用，返回社會後能自我控管，竟又再犯罪，足見前罪之刑罰無成效，行為人對刑罰感應力薄弱，基於特別預防之法理，並兼顧社會防衛之效果，法院可裁量加重處罰。,M             
自動收費設備詐欺罪,依刑法第339條之1規定，以不正方法由收費設備取得他人之物者，因收費設備僅重視使用者是否提出正確給付，例如：對自動販賣機只要投入的金錢為真正，不論行為人取得之管道為何，不構成本罪；但如投入偽幣、遊戲代幣，使機器無法辨識而提供商品，即構成本罪。,M             
拋棄繼承表,如果是詢問「拋棄繼承」的意思，請參考「拋棄繼承」的解釋。如果是指向法院聲明拋棄繼承時，要提出的「繼承系統表」，是指往生者有那些繼承人及他們和往生者關係的表，寫法可到「司法院全球資訊網/書狀範例/少年及家事/編號54」查詢。,F             
轉型正義,"轉型正義條例雖未明確定義「轉型正義」，惟該條例第1條第2項前段規定：「威權統治時期違反自由民主憲政秩序之不法行為與結果，其轉型正義相關處理事宜，依本條例規劃、推動之。」在該條例使用的「轉型正義」概念，是指一個社會經歷威權統治並已民主化後，針對該期間違反自由民主憲政秩序之相關不法行為、結果所從事的善後工作，藉以落實正義、達成和解。相關工作，包括：（一）開放政治檔案；（二）清除威權象徵、保存不義遺址；（三）平復司法不法、還原歷史真相，並促進社會和解；（四）不當黨產之處理及運用等（促進轉型正義條例第4條第2項參照）。藉由這些善後工作，完整回復威權統治時期相關歷史事實並促進社會和解，還原人權受迫害之歷程，並釐清壓迫體制加害者及參與者責任，並針對違法取得之財產予以調查、返還、追徵，並為必要之權利回復。這些措施的目的在於使因威權統治期間不法行為而受害的人民及其親族所承受的苦難為社會所知，為其等平反，並揭露原被隱藏的不公義，以積極的作為與態度轉變威權統治期間不義行為的負面影響，重新使分裂社會得以團結與和解。
轉型正義並非是轉型正義條例創造之法律概念，而是許多經歷分裂的國家、社會為重新團結與和解的一種基本哲學。雖然，本於同一基本哲學下，可能仍存有不同的落實的具體作法或分歧見解，但歷經種族分裂後而新創的南非憲法結語，正體現了重新使國家團結與和解的轉型正義基本哲學中，具代表性的一個成功例證：「本憲法旨在提供一座具歷史意義的橋樑，以連結這個國家的過去與未來，前者是一個充滿了摩擦、衝突、被掩蓋的痛苦與不公不義的分裂社會，而後者將以對人權、民主，以及所有南非人，不分膚色、種族、階級、信仰、性別的共有共榮的承諾為前提。欲達國家團結，所有南非人的富裕以及和平，需要所有南非人民的和解和社會的重建。本憲法的公布施行，提供南非人民安全的保障，以免於過去的分裂與摩擦，以及其造成的嚴重人權侵害案件、對人道原則的暴力破壞，以及充滿仇恨、恐懼、罪惡與復仇的惡習。這些問題現在都可以根據以下共識來解決：我們需要瞭解而非復仇，需要修復而非報復，需要和解共生，而非尋找代罪羔羊。為促進和解與重建，我們需要提供赦免給過去因為政治目的或在矛盾與撕裂當中犯下的行為、疏忽或侵害。為達此目的，依本憲法成立之國會應制定法律，限定明確日期，亦即一九九０年十月八日和一九九三年十二月六日之間，並建立相關的機制、標準、程序，以及若是需要的話，法庭的建置，以利該法通過後赦免案的處理。藉由這部憲法和這些承諾，我們南非人民為這個國家的歷史開啟了新的一頁。」
",G             
土地分割,將數人共有之土地，透過共有人間的協議或法院的確定判決變更其共有型態（例如：將一筆共有土地分割為數筆，分配給各共有人單獨所有，或將一筆共有土地分割為數筆，由部分共有人單獨所有或維持共有，其餘共有人受金錢補償）的方法。,V             
矧以,況且,V             
法律感情,指一般人民對法律規定及適用結果合理性之認知，雖常未形諸明文，惟實務上不乏其實質影響力或拘束力，如刑事被告如何量刑及是否宣告緩刑，法官裁量權之行使並非得任意或自由為之，仍須符合所適用法律授權之目的，並受法律秩序之理念、法律感情及慣例等所規範。,M             
言詞辯論,刑事訴訟上，法院於調查證據完畢後，所進行的當事人間就事實上、法律上意見之陳述或主張的程序。,M             
合議審判,是指審判法院由數名法官共同組成而進行判決。例如：甲法官擔任受命法官、乙法官擔任陪席法官、丙法官擔任審判長，案件由甲、乙、丙三位法官共同合議審判之制度。,M             
直接正犯,「正犯」是指實行構成要件行為之人，如行為人利用他人實行構成要件行為，稱為「間接正犯」，如果是親自實行構成要件行為，就稱為「直接正犯」。例如行為人自己持刀傷害被害人，該行為人就是傷害罪的直接正犯。,M             
協力義務,"為了促進行政程序或司法訴訟有效率地進行，用法律課予當事人一定的作為或不作為義務。
例如自行申報、提示必要的證明文件、到場或以書面為必要的陳述等。當事人如果違反協力義務，視個別法律的規定，可能產生行政裁罰、程序失權、證據評價的不利益或減輕行政機關的舉證責任等後果。",A             
裁定駁回,裁定多為針對程序上的問題進行處理，裁定駁回則為法院或法官認為聲請的內容不適當或沒有理由時，駁回其請求的決定。,M             
礙難採認,不可採,G             
漏未判決,經檢察官或自訴人起訴的犯罪，如果是各自獨立的數個犯罪，而法院在判決的時候只有判到其中一部分，有一部分不小心沒有判到，稱為漏未判決。法院應該要對漏判部分補行判決。,M             
債務人,依法律之規定或契約之約定，對特定人負有給付金錢或物品，或做一定的行為或不可以做一定行為之義務的人。例如：甲、乙約定，甲於乙生日時要送一輛腳踏車給乙，乙生日時甲對乙負有送一輛腳踏車的義，甲就是債務人，乙則是債權人。,V             
請求權基礎,一方當事人得向他方當事人有所主張的實體法律規範，也就是可以向他人主張的實體法上權利。例如：甲所有的A地被乙侵占時，甲可以根據民法第767條第1項前段的所有物返還請求權，請求乙返還A地。則甲請求乙返還A地的請求權基礎，就是所有物返還請求權。,V             
重傷害,"為刑法之罪名，規定於刑法第278條。至於重傷害定義規定於同法第10條第4項「稱重傷者，謂下列傷害：
一、毀敗或嚴重減損一目或二目之視能。
二、毀敗或嚴重減損一耳或二耳之聽能。
三、毀敗或嚴重減損語能、味能或嗅能。
四、毀敗或嚴重減損一肢以上之機能。
五、毀敗或嚴重減損生殖之機能。
六、其他於身體或健康，有重大不治或難治之傷害。」",M             
禁戒處分,指行為人因酗酒而犯罪，如足認其已酗酒成癮並有再犯之虞，基於維護社會公共安全之立場，由法院判決於刑之執行前，令入相當處所，實施治療以戒治酒癮。依刑法第89條規定，禁戒處分期間為1 年以下，執行中認無繼續執行之必要，得免其處分之執行。,M             
婚生否認（民法第1063條第2、3項）,受婚生推定的子女，如果事實上並不是「妻」自「夫」受胎所生、與「夫」並無真實血緣關係，則夫妻的一方或子女，能證明非為婚生子女者，是可以提起婚生否認之訴來解決，但要特別注意起訴的期間是有限制的。,F             
實感德便,律師撰寫書狀的常用語。通常是律師請求對方或者法院做一件事情，比方說調取某個文件，最後加上「實感德便」，只是表達感謝幫忙的一種禮貌性用語。,F             
共同被告,在同一個刑事訴訟程序上的被告，為「共同被告」。,M             
代位繼承,"舉例來說，爸爸先往生，阿公隨後死亡，這個孫子可以取代他死掉的爸爸，繼承阿公的遺產，這就叫代位繼承。。上面的例子，如果爸爸是喪失繼承權的情況，孫子也可以代位繼承，
請注意，只有直系血親卑親屬的繼承人，才有代位繼承的權利。如果死者沒有子女，是由兄弟姐妹繼承遺產的話，己經死亡的兄弟姐妹就沒辦法由他們的小孩來代位繼承了。",F             
構成要件,依照法律規定，構成法律關係、法律行為、違反義務或犯罪等時所必須具備的條件。,G             
自由證明,相較於嚴格證明，自由證明是指證據不需要具有證據能力，而且也不需要經過法定調查證據的方式進行調查，即可以之證明事實者。例如刑法第57條所規定的量刑情狀、法官迴避的原因事實等，均以自由證明為已足。,M             
不當聯結,"行政行為課以人民義務或負擔，或造成人民其他的不利益時，所採取的手段和所追求的目的兩者間必須有合理的實質聯結關係，如果欠缺聯結關係，該行政行為即因有不當聯結（或稱不當連結）而不合法。
例如：行政機關要求人民繳清罰鍰後才能換發行車執照，但行車執照的換發，目的在掌握汽車狀況，以確保汽車行駛品質，維護用路人安全，而罰鍰不繳納則是行政罰的執行問題，並非換發行車執照所欲追求的行政目的，兩者間欠缺實質上的關聯，所以該作為不合法。",A             
不起訴處分,檢察官偵查後，認為沒有證據可以證明被告犯罪或犯罪嫌疑不足，而放棄對被告提起公訴的一種處分。,M             
法無明文,法律沒有明文規定,G             
固非無見,就是「固然也有一點道理」、「雖然也有一點道理」的意思。雙重否定的句式，通常用在「你這樣說雖然有點道理，但其實….」這種否定的論述。,F             
舉重明輕,一種解釋法律的方法，指法律上的規定如果規範情節比較重的事實，那麼在解釋上，性質相雷同且情節較輕微的事實，當然也包括在規範的效力範圍內。,G             
相對不起訴處分,"解釋一：係指檢察官對於輕微犯罪的情形，認為不加以起訴較為適當時，可依刑事訴訟法第253條規定，作出不起訴處分，這是檢察官的裁量範圍，不受司法干涉。例如甲竊取乙的鉛筆1支，經乙向檢察署提起告訴，因鉛筆價值甚微，為避免訴訟資源浪費，檢察官為不起訴處分。
解釋二：
1.刑事訴訟法第253條規定
檢察官偵查後，認定被告犯了不得上訴到第三審法院的輕罪，例如：竊盜、侵占等。但是考量到被告犯罪動機、手段、生活狀況及犯罪後態度等各種量刑因素後，檢察官認為在這次犯罪，不要起訴被告是比較適當的話，可以選擇不要起訴被告，而對他作出不起訴處分。
例如，被告沒有任何前科，因為沒有錢，肚子又餓，在超商偷了一個二十元的麵包，後來向超商道歉，雙方達成和解。超商願意原諒被告時，檢察官認為不要起訴被告，讓被告有自新的機會，會比起訴被告讓法院判刑還要適當的話，就會作出不起訴處分。
2.刑事訴訟法第254條規定
被告犯了數個犯罪行為，其中有一個犯罪行為已經被法院判處重刑確定。檢察官認為其他犯罪雖然起訴，但是對於他應該要執行的刑度也影響不大時，可以選擇不要起訴這個輕罪。
例如，被告犯了殺人罪，已經被判決無期徒刑確定，他雖然也犯了賭博罪，但是因為賭博罪最多罰錢，對於執行的無期徒刑影響不大，檢察官可以選擇不要起訴賭博罪。",M             
撤職,若公務員有應予懲戒的違法失職行為，依公務員懲戒法第9條規定，懲戒法院可判決的懲戒處分共計有：「一、免除職務。二、撤職。三、剝奪、減少退休（職、伍）金。四、休職。五、降級。六、減俸。七、罰款。八、記過。九、申誡。」等9種，其中撤職依同法第12條規定，是指撤其現職，並於1年以上、5年以下的一定期間內停止任用為公務員，且於停止任用期滿而再任時，2年內仍不得晉敘、陞任或遷調主管職務。另依法官法第50條規定，撤職也屬對於法官的懲戒處分種類，法官受撤職處分的法律效果除同前所述外，還包括不得擔任律師，其已擔任律師者，須停止執行職務，並不得再回任法官職務。,A             
抗告,自訴人、檢察官、被告或其他受裁定之人不服法院裁定，向上級審法院為救濟的請求。,M             
日照權,每個人都有享受陽光照射的權利，住宅內如果採光通風良好，不但能減少病菌傳播，還可以舒緩情緒，所以日照權被視為人類生存必須的基本權利。根據世界衛生組織規定的「健康住宅」標準要求，要達到「健康住宅」的規範，每天的日照時間應有三個小時以上。我國法規目前並未針對日照權設有明確定義，但為保護鄰近基地住民的環境權益，使鄰人享有健康的居住環境，建築法規中有相關規定（例如：建築技術規則建築設計施工編第23條第2項、第166條之1等）。,V             
義憤殺人,指被害人實施不義行為，在客觀上使人無可容忍，並引起一般理性之人公憤，故被告當場所為之殺人行為。(刑法第273條第1項規定：當場激於義憤而殺人者，處七年以下有期徒刑。),M             
指揮訴訟,審判長係合議審判時為統一指揮訴訟程序所設之機制，合議庭審判長之職權係存在於訴訟程序之進行或法庭活動之指揮事項，例如：法院組織法第88條規定：「審判長於法庭之開閉及審理訴訟，有指揮之權。」同法第89條規定：「法庭開庭時，審判長有維持秩序之權。」此均屬審判長指揮訴訟權之範疇。,G             
著手,指的是犯罪人已經開始執行重要的侵害手段，例如計劃侵入別人家裏偷錢的人，如果侵入別人家後，馬上被逮住，這時還沒開始真正偷東西，不會成立竊盜未遂罪；但是如果犯罪人侵入別人家裏面以後，開始在被害人家中四處翻找錢財，然後就被回家的屋主抓住，雖然犯罪人還沒把錢帶走，但「翻找錢財」已經達到最高法院強調的「物色財物」著手實行標準，可以認定成立竊盜未遂罪。,M             
土地所有權人,對於特定土地有全面支配權利的人，於法令限制的範圍內，可以自由使用、收益、處分其土地，其他人不得加以干涉。,V             
有權代理,代理人在代理權限內所為之代理行為。例如：甲委託乙將其名下的A屋出售予丙，乙卻將甲名下的A屋與B車一併出售予丙時， 乙代理甲出售A屋的行為是有權代理，甲負有移轉A屋予丙的義務，至於乙代理甲出售B車予丙的行為則屬無權代理，如果甲不承認，有關B車的買賣契約對甲不發生效力，甲就可以拒絕交付B車。,V             
合目的性,不違法的情況下，行政行為是否適當。,A             
行政保留,憲法及行政法學理上的用語，指將特定任務、功能或事項保留給行政權行使，有可能是指由行政權訂定抽象法規範，或者是行政權就特定事項有較大的判斷空間，而司法權僅為低密度的審查。,A             
存續期間,法律行為效力從「發生」到「消滅」的期間。法律關係如果有訂定存續期間，則該法律關係在期限屆滿時消滅。,V             
思想與表達合併原則,著作權法上的思想與表達合併原則，是指人類精神上的思想或概念，僅有一種或有限的表達方式，如果著作權法依然限制其他著作人不能使用此種有限的表達方式，將使思想被他人所壟斷，進而限制文化發展。因此，當人類精神上創作的表達方式與思想合併，就不能成為著作權法保護的對象。,"A,M           "
基本權第三人效力,憲法基本權利之保障常用於人民對抗擁有公權力之國家行政機關。「基本權第三人效力」理論則係在討論憲法基本權保障之規定可否用於人民間之私法關係。例如：人民主張職場之性別歧視造成其憲法所保障工作權之侵害等。,A             
資遣,雇主或勞工依法在一定要件下（如：歇業、勞工對於所擔任之工作確不能勝任時......等）終止勞動契約。通常所謂資遣，多針對勞工而言，但教師或公務員如符合法定要件，亦得予以資遣（教師法第15條、公務人員任用法第28條）。,V             
可資參照,可以參照、可以參考,G             
合議庭,法院組織法第3條規定法院審判案件之組織可分為「獨任制」和「合議制」。獨任制以一位法官獨任審理，合議制則為依訴訟法或其他法律規定有三人以上之法官共同審理訴訟案件，此時所組成者為「合議庭」。在地方法院及高等法院合議庭均由三位法官組成；最高法院則由五位法官合議。,V             
拘提,被告不來法院時，法官請警察強制帶被告來。,M             
訴訟權能,「訴訟權能」是對於行政訴訟原告資格的限制，因為行政訴訟的主要目的，是對於人民權益的保護，所以原則上不允許人民就無關其權益維護的事件請求法院進行實體的審理、裁判。由此可知，行政訴訟的原告原則上必須享有實體法上的權利或法律上利益，且其權利或法律上利益受到侵害，始具備提起行政訴訟的資格，倘若原告不具有此種資格，即欠缺訴訟權能，法院應駁回其訴。,A             
真實義務,律師基於專業，體認律師職務為公共職務，於執行職務時應兼顧當事人合法權益及公共利益。所以，律師法第 28 條規定：「律師對於委託人、法院、檢察機關或司法警察機關，不得有矇蔽或欺誘之行為」。律師倫理規範第 11 條也規定：「律師不應拘泥於訴訟勝敗而忽略真實之發現」。簡言之，律師不可以為了讓當事人勝訴，而向法院主張不真實的證據、或向法院提出當事人的不實陳述。甲律師於民事案件中發現當事人的陳述有問題，合理判斷（雖無法確定）其陳述不實，依據律師倫理規範第 23 條第 2 項前段及律師的真實義務，甲「得」拒絕向法院提出之，並不會因此違反律師倫理。,M             
不確定故意,所謂不確定故意（或謂間接故意），從我國刑法第13條第2項：「行為人對於構成犯罪之事實，預見其發生，而其發生並不違背其本意者，以故意論。」規定以觀，係指行為人對於結果發生可能性有相當的預見，亦即行為人認識結果發生之危險性，縱然沒有希望其發生的意志，卻有放任發生的意思；此亦為學理上所稱之容認主義。,M             
形式確定力,係指該裁判不得再依通常程序聲明不服的效力，有使整個訴訟關係終結、消滅的效力。裁判有形式確定力後為判決之法院應受拘束，在沒有經過法定程序變更之前，法院及當事人間均受其拘束。例如案件判決後，若於上訴期間內無人提起上訴，則該判決即告確定，而具有形式上之確定力。,M             
宣告,指對外宣布、告知的意思。例如因精神障礙或其他心智缺陷，而具備法定要件時，為監護宣告或輔助宣告（民法第14條、第15條之1）。或如法院認定犯罪後，為刑罰、沒收或緩刑宣告（刑法第37條、第40條、第74條）。,M             
觀審制,為人民參與刑事審判制度的一種型態。制度內容主要是指由一般人民中選任的觀審員與職業法官共同審理及評議，並表示其意見供職業法官參考（無拘束力）而作成判決的參與審判型態。,M             
核發禁止命令,依行政執行法第17條之1第1項規定，義務人如欠繳達相當金額的公法上金錢債務，且已發現的財產不足清償其所負義務，卻仍享受奢華生活，對於大多數守法履行義務的民眾極不公平。此時行政執行處得依職權或利害關係人的申請，對義務人核發上開規定各款內容的禁止命令（限制義務人不得為特定活動，例如禁止購買、租賃或使用一定金額以上之商品或服務），並通知應予配合的第三人。,A             
溯及既往,法律除適用於生效時點後的行為外，亦溯及適用於生效時點前的行為。基於信賴保護原則，制定法規或適用法規原則上均不得溯及既往發生效力，使人民陷於更為不利之地位。,A             
絕對權,絕對權是指得對抗一般不特定人之權利，例如物權、人格權、身分權等，又稱為對世權。,V             
似無不可,可以,G             
利害關係人,法律上所指利害關係人，是指法律上的權利或地位將直接或間接受影響的人，並不包括僅有事實上、道德上或情感上的利害關係人。例如：債權人起訴請求保證人履行保證債務，若保證人獲敗訴判決，即得向主債務人求償，此時，主債務人就債權人與保證人間的訴訟即有法律上利害關係，而為利害關係人。,V             
要非難謂,似乎不是沒有、可說是、(建議避免使用雙重否定用語),G             
迭,接連多次。,G             
爭點效,訴訟中有關訴訟標的以外的某一個重要爭執點，經過當事人充分攻擊、防禦及法院仔細審理，並由法院在確定判決中做成判斷，相同當事人在訴訟標的不同的後訴訟，就該判斷不能做出相反主張，法院也不能做相反的判斷。例如：甲主張乙無權占有土地，以所有物返還請求權為訴訟標的，起訴請求乙返還土地，乙抗辯與甲之間就土地存在租賃關係為有權占有，甲則再主張租賃已經終止。經雙方充分的攻擊防禦及法院詳盡審理調查的結果，法院認定租賃尚未終止，而判決乙勝訴，則甲、乙之間就租賃關係存在的判斷就發生爭點效，將來如果甲另外提起一個訴訟，請求乙給付占有期間的租金時，乙不能再主張甲乙間就同一筆土地的租賃權不存在，法院也不能認定該租賃契約已經終止。,V             
矧且,況且。,G             
尚非無疑,還有疑問。,A             
供認不諱,坦白承認,G             
第三人清償,債務人以外的第三人，以自己名義代債務人向債權人清償債務。,V             
結果犯,行為必須發生構成要件所預定之結果，始能既遂之犯罪，即有犯罪結果才成立犯罪。例如：殺人罪必須要有被害人死亡的結果發生，才能夠成立這個犯罪。,M             
訊據,經訊問後、依據,G             
非告訴乃論,非告訴乃論，是指檢察官提起公訴的條件，並不以告訴權人提出告訴為必要，就算告訴權人沒有提出告訴，檢察官仍然可以就犯罪嫌疑事實進行偵辦調查，並決定是否起訴。,M             
競合,"同一事實同時滿足複數法律要件，而可適用複數法律效果或法律評價的情形。
例如：人民根據同一事實可以主張多項請求權時，就是請求權競合。不同法院對單一案件都有管轄權時，就是管轄權競合。行為人的單一不法行為符合多項處罰規定時（例如一個行為同時符合行政罰與刑罰的處罰規定），就是處罰規定的競合。",A             
行政管制行為,行政管制行為，是指行政機關為了達成行政目的，所採取干涉人民自由或權利的行政行為。,A             
判決理由不備,判決應讓當事人知道行政法院是根據什麼理由而得到判決主文的結論，如果判決在形式上欠缺說理，或說理不完整，導致當事人沒辦法瞭解行政法院如何獲得判決主文的結論，該判決就有行政訴訟法所規定提起上訴必須具備的違法事由（行政訴訟法第243條第2項第6款）。但如判決理由不備，但不影響判決結果時，上級審法院不得將下級審法院的判決廢棄（行政訴訟法第258條）。,A             
無罪判決,法院審理後認為被告犯罪不能證明或沒有犯罪的決定。,M             
併科罰金,"即該項犯罪，除科處拘役、有期徒刑外，可同時合併科處罰金。例如：處有期徒刑2個月，併科罰金60,000元。代表除了要坐牢2個月，並需繳納罰金60,000元。",M             
惟若,但是如果。,A             
106年度聲字第1337號,請參考「106年度家訴字第831號」的解釋。,F             
妨害名譽及信用罪章,為刑法罪章名，包含刑法第309條公然侮辱罪、第310條誹謗罪、第312條侮辱誹謗死者罪，及第313條妨害信用罪。,M             
減輕扶養,如果想問的是「減輕扶養義務」，是指請法院減少應該負擔的扶養費用或責任。有關減輕扶養義務的規定，可參考「司法院全球資訊網/資料查詢/法學資料檢索/本院主管法規/民法/第1118條、第1118條之1等規定」。,F             
並聲明,請求法院判決,G             
確認本票債權不存在,當事人對於本票債權存在與否發生爭執，主張執票人沒有權利請求票款的一方，如果想要免除債務，就可以提起確認本票債權不存在之訴，由法院來認定執票人的本票債權是否存在。例如：執票人A拿著一張面額新台幣50萬元的本票，向本票上的發票人B請求給付票款時，如果B認為這一張本票是被偽造或變造時，就可以對A提起確認本票債權不存在之訴。,V             
識別性,認識辨別的特質或功能。例如：商標法第18條第2項規定，商標識別性指足以使商品或服務之相關消費者認識為指示商品或服務來源，並得與他人之商品或服務相區別者。,A             
答辯書,在訴訟程序中，被告、被上訴人或相對人向法院提出的書狀，其內容主要是對於檢察官、原告、上訴人或聲請人主張的內容加以回應、反駁或澄清等。,G             
判斷餘地,行政機關將法律規定的抽象不確定法律概念（例如公共秩序、善良風俗）適用於具體個案時，所享有自由判斷的決定空間。行政法院只能為有限度的審查。例如：公務人員的考績評定。,A             
土地登記審查,土地登記，謂土地及建築改良物之所有權與他項權利之登記。又依照土地法第37條第2項可知，土地登記之內容、程序、規費、資料提供、應附文件及異議處理等事項之規則，由中央地政機關定之。因此，依照土地登記規則第53 條規定土地登記之其中一項程序即為審查程序。按照前項規則第55條可知，登記機關接收申請登記案件後，應即依法審查。辦理審查人員，應於登記申請書內簽註審查意見及日期，並簽名或蓋章。申請登記案件，經審查無誤者，應即登載於登記簿。但是，如果按照法律規定應予公告或停止登記者，則可以不受上開規定限制。,A             
具狀陳明,指當事人或利害關係人提出書狀向法院陳報相關事項內容的意思，一般而言，裁判書寫「具狀陳明」，意思就是當事人或利害關係人已經就特定事項提出書狀明確說明。,G             
訴之變更,"原告起訴後，針對訴訟當事人、訴訟標的或訴之聲明提出新的主張，以代替原有的主張。
例如：原告原提起撤銷訴訟，但請求撤銷的行政處分（認定為實質違建並命拆除）於高等行政法院審理中，已執行完畢（即違建已拆除），乃將撤銷訴訟的「訴之聲明」變更為確認行政處分違法。",A             
依法行政,行政活動應受法律和一般法律原則的拘束，其具體內涵包括法律優位原則和法律保留原則。法律優位原則指一切行政活動都不可以牴觸法律，例如：行政機關的行政處分不符合法律構成要件，該處分違法。法律保留原則則指特定領域的國家事務，應保留立法者用法律來加以規定，行政機關只能依照法律規定或法律授權進行行政活動，例如：稅捐機關訂定的行政命令增加法律所無的稅目，該命令無效。,A             
自由裁量,"法律在特定事項上授權行政機關進行裁量時，行政機關可以在法律規定的範圍內自由判斷，權衡應該如何進行處分才會合於公益，這種一定範圍內的裁量自由即可稱為「自由裁量」，又稱「便宜裁量」。但行政機關在行使裁量權時，仍然要根據法律規範或授權的目的。
例如：稅捐稽徵機關對於有辦理所得稅結算申報，但漏報所得的稅務違章案件，須在所得稅法第110條第1項所規定「漏稅額2倍以下的額度」內，裁量要處多少金額的罰鍰。",A             
關係人,指當事人以外，其法律上的權益將因法院裁判或處分受影響的人（民事訴訟法第51條第2項、強制執行法第12條、民法第38條等規定參照）。,V             
分公司,指公司依法設立管轄的分支機構。,V             
行政命令,"行政機關為行使公權力而訂定，具有一般性約束力的規範。在國家職能日益增加，且制定法律的程序往往較為繁雜的情況下，國家和人民很難期待法律對所有事理都能提供準繩，因此，除了涉及人民重要權益的事項應由法律加以制定外，行政機關為處理行政事務，會發布各種行政命令(包含法規命令、行政規則等)進行規範。
例如：名稱為「規則」、「細則」、「辦法」、「標準」等屬之。",A             
審酌,考慮。例如法官判決時，決定科刑輕重之標準，應審酌被告的犯罪動機、犯罪手段、犯罪後的態度等事項。,M             
原告代表人,"法人、非法人團體（如合夥）或行政機關因為權利或義務關係有爭執而提起訴訟時，代表該法人、非法人團體或行政機關的人。
例如：稅捐稽徵機關核課甲公司應繳納營利事業所得稅，甲公司不服，對稅捐稽徵機關提起行政訴訟，董事長乙就是甲公司的代表人，因甲公司是原告，所以乙就是原告代表人。",A             
終局裁判,終局裁判，指受理該案件法院，以終結該案件為目的所為之裁判謂之。又分為二，其一為以完全終結該案件為目的之裁判，如為免訴、無罪、不受理等判決。其二為以終結該法院案件為目的，如諭知管轄錯誤移送於有管轄權之法院，及撤銷發回或發交之判決。 終局裁判有以裁定方式為之者，如駁回自訴之裁定、或駁回不合法上訴之裁定等，均屬之。例如：台北地方法院審理A涉嫌殺害B的案件，因證據不足，為無罪判決，此無罪判決就是一個終局裁判。,M             
公法上法律關係,"公法，是規範國家與個人之間關係的法律，例如憲法、行政法、刑法等。而依據公法法規、行政處分等原因所產生國家與人民之間的權利與義務關係，就是「公法上法律關係」。
例如：「廢棄物清理法」規定住戶清除廢棄物義務；「傳染病防治法」規定醫師有通報病例義務；兵役機關依據「兵役法」對役男發出徵集令；稅務機關依稅法發出核課處分等。",A             
物上代位性,指擔保物權之標的物滅失、毀損，而其價值化為別種型態時，擔保物權之效力仍可及於該代位標的之特性。例如抵押之房屋遭他人縱火燒燬，基於抵押權物上代位性，抵押人因房屋滅失之損害賠償債權，即為抵押權效力所及。,V             
法官不語,「法官不語」的意思，是指法官的意見應該充分表達在裁判書，因而不必在裁判書以外的地方發表；除此之外，法官在案件審理過程也不宜發表個人的意見，以避免被認為偏頗。,F             
阻卻責任事由,指行為人因欠缺辨識其行為是否違法的判斷能力，或欠缺對自己行為的控制能力，故就其行為不負刑法上的責任。如6歲的幼童或有精神障礙之人偷東西，雖屬不法之竊盜罪行為，但因未滿14歲或因精神障礙導致欠缺前述判斷能力或控制能力，而不得以刑罰處罰。,M             
分管契約,共有人間約定各自分別占有共有物的特定部分，而取得該部分管理權的契約，分管的範圍未必應與應有部分換算的比例相同。,V             
形成權,形成權，是指法律賦予權利人得以單方意思表示而使法律關係發生、變更或消滅的權利。民法第79條規定：「限制行為能力人未得法定代理人之允許，所訂立之契約，須經法定代理人之承認，始生效力。」則限制行為能力人未經法定代理人允許而與他人訂立契約，必須法定代理人事後予以承認，該契約才會發生效力。因此，法定代理人以自己單方的意思表示(承認)而使契約發生法律上效力，即屬形成權的行使。 ,A             
過失致死罪,刑法之罪名，規定於刑法第276條「因過失致人於死者，處二年以下有期徒刑、拘役或二千元以下罰金。從事業務之人，因業務上之過失犯前項之罪者，處五年以下有期徒刑或拘役，得併科三千元以下罰金。」可因行為人身分之不同，區分為普通過失致死罪(本條第1項)及業務過失致死罪(本條第2項)。,M             
獨立參加訴訟,訴訟參加係指原告或被告以外之第三人，參與他人間已繫屬之訴訟，無論係法院基於職權或依照當事人聲請以裁定命參加皆屬之。一般而言，其功能有三，包括維護參加人利益、全面澄清爭訟事實，以及為達訴訟經濟與既判力擴張。行政訴訟法規定的訴訟參加，有必要參加、獨立參加及輔助參加訴訟三種類型。其中，獨立參加訴訟，係為回應行政處置公共性格所生規範需求，比如鄰人訴訟案件。從而，行政訴訟法第42條規定行政法院認為撤銷訴訟之結果，第三人之權利或法律上利益將受損害者，得依職權命其獨立參加訴訟，並得因該第三人之聲請，裁定允許其參加。,A             
媒介性交罪,刑法第231條第1項之引誘、容留、媒介性交易營利罪，係以行為人出於此犯罪之故意，而引誘、提供場所或媒介性交、猥褻，欲藉此獲利，即構成犯罪，至於該男女與他人是否有為性交或猥褻之行為， 則非所問。「營利」是主觀要件，客觀上是否已得到財產利益，在所不問。,M             
代表人,"在行政訴訟中，代表法人、非法人團體（如合夥）、中央機關、地方機關為訴訟行為的人（行政訴訟法第27條第2項）。
例如：臺北市政府的市長、經濟部的部長、臺北國稅局的局長。",A             
容非無疑,仍有可以懷疑之處,G             
情況決定,"受理訴願機關審理訴願案件，發現原行政處分違法或不當，本來應該將違法行政處分撤銷或變更，以保障訴願人的權益。但如果因此將導致公益的重大損害時，例外可以維持原違法或不當處分，改以賠償其所受損害的方式予以救濟，此即為「情況決定」。此可參考訴願法第83條規定：「（第1項）受理訴願機關發現原行政處分雖屬違法或不當，但其撤銷或變更於公益有重大損害，經斟酌訴願人所受損害、賠償程度、防止方法及其他一切情事，認原行政處分之撤銷或變更顯與公益相違背時，得駁回其訴願。（第2項）前項情形，應於決定主文中載明原行政處分違法或不當。」第84條規定：「（第1項）受理訴願機關為前條決定時，得斟酌訴願人因違法或不當處分所受損害，於決定理由中載明由原行政處分機關與訴願人進行協議。（第2項）前項協議，與國家賠償法之協議有同一效力。」

",A             
彼,其、他,G             
表達意願書,並非特定的法律書狀。可能是當事人、關係人或證人想要向法院表達某個意見，而提出的書狀。標題寫作「表達意願書」、「陳述意見書」、「陳述狀」、「陳報狀」等，均無不可。,F             
備位國民法官,依國民法官法相關規定，法院審理國民參與審判案件時，因應個案審理的需要，可選任1至4名備位國民法官，當審判程序過程中，國民法官有因為辭任、解任等事由而無法繼續參與審判時，就會由備位國民法官依編號順序遞補。,M             
106年度司家補字第39號,請參考「106年度家訴字第831號」的解釋。,F             
國家機密,"國家機密，指為確保國家安全或利益而有保密必要，對政府機關持有或保管的資訊，經依國家機密保護法核定機密等級者（國家機密保護法第2條規定參照）。由於國家機密是以確保國家安全或利益而有保密必要為前提，因此，依照政府資訊與國家安全或利益關聯程度的高低及保密需求為分類，國家機密範圍包含：一、軍事計畫、武器系統或軍事行動。二、外國政府的國防、政治或經濟資訊。三、情報組織及其活動。四、政府通信、資訊的保密技術、設備或設施。五、外交或大陸事務。六、科技或經濟事務。七、其他為確保國家安全或利益而有保密必要者（國家機密保護法施行細則第2條規定參照）。

","V,M           "
合併起訴,不同的數個案件，如果具有刑事訴訟法第7條的相牽連關係（例如，一人犯數罪、數人共犯一罪或數罪、數人同時在同一處所各別犯罪等），檢察官將這些案件合在一起起訴，讓法院一起審判，這樣的起訴方式稱為合併起訴。,M             
國民法官,依司法院研擬之「國民參與刑事審判法草案」第2條第1款規定「國民法官：指依本法選任，參與審判、中間討論及終局評議之人。」。,M             
轉讓偽藥致人於死罪,藥品有「未經核准，擅自製造」、「所含有效成分之名稱，與核准不符」、「將他人產品抽換或摻雜」、「塗改或更換有效期間之標示」情形之一者，即屬偽藥。明知為偽藥而轉讓，並因而致人於死，即觸犯藥事法第83條轉讓偽藥致人於死罪。,M             
充要條件,又稱充分必要條件。如某原因的存在，是發生損害結果不可或缺的條件（必要性），且該原因確實足以導致損害結果（充分性），該原因的存在與損害結果間，同時滿足必要與充分條件關係，就具備充要條件關係。邏輯符號表示為：P↔Q，例如：一個數字能被2整除，即為該數字成為偶數的充要條件。,V             
分管契約,共有人間約定各自分別占有共有物的特定部分，而取得該部分管理權的契約，分管的範圍未必應與應有部分換算的比例相同。,V             
照顧義務,所謂訴訟照顧義務，刑事訴訟法為發覺實體真實，並保障被告之訴訟權，乃於第2條明定實施刑事訴訟程序之公務員應於被告有利及不利之情形，一律注意，被告並得請求為有利於己之必要處分，俾兼顧被告對於裁判之效力之信賴及國家刑罰權之正確行使。,M             
受益人,基於他人的法律行為 (包括無償、有償行為)或因行政處分而受有利益的人，稱為受益人。相當多的法規均有所謂受益人的規定，如保險法第5條、信託法第1條、訴願法第80條第1項、行政程序法第117條、第119條、行政訴訟法第15-2條、民法第244條第2項、非訟事件法第81條等。例如：保險法上的受益人，即是被保險人或要保人約定享有賠償請求權的人。要保人或被保險人均得為受益人。,V             
聚合犯,二人以上朝同一目標共同參與犯罪之實施者，謂之「聚合犯」。,M             
證據評價,對某項證據能否證明特定事情的評價。有些證據評價程度比較高，只要有這項證據就幾乎可以確定這件事實確實存在。但有些證據評價較低，單有這項證據還無法完全證明這件事實存在，除非還有其他證據來輔助。,M             
訴之聲明,原告起訴表明其對於被告請求的法律關係、原因事實、請求法院判決的內容與範圍。例如：「被告應給付原告100萬元」、「確認原告與被告間基於民國100年1月1日之消費借貸契約債權不存在」、「准原告與被告離婚」等。,V             
真品平行輸入,係指未經相關權利人同意，直接從外國輸入由權利人或其授權之人所製造之合法商品的行為。經此管道進入國內市場的商品，俗稱「水貨」。,A             
福利機構,指提供相關福利服務的機構。有公營，也有私營，主管機關是行政院衛生福利部及各地方政府的社會局處。,F             
詞不達意,「詞」指言詞；「意」指意思。指言詞或詞句不能確切地表達出意思和感情。於判決中，常見原告主張自己先前的陳述「詞不達意」，以欠缺良好的表達能力為理由，解釋自己先前所做的不利陳述與自己心裡想表達的真正意思不相符合；判決中亦常見以此一用語，描述證人作證時的情狀。,G             
不完全給付,在契約關係中，一方當事人向他方當事人所提出的給付，不符合契約的約定而言。例如：甲和乙簽立買賣契約，約定甲向乙買受蘋果100箱，但乙只交付80箱給甲，乙的交付並不符合契約的約定，就屬不完全給付。契約的一方履行契約有不完全給付的情形，就要對他方負損害賠償等責任。,V             
期待不可能性,欠缺期待可能性，指欠缺期待行為人為合法行為的可能性。關於期待可能性於實務上之運用，例如釋字685號之大法官協同意見書中曾提及：「如同刑法之適用，於行政罰領域內，行為人如欠缺期待可能性，亦可構成『阻卻責任事由』。亦即雖認定行為人有故意或過失，亦具備責任能力，但仍容許有某種『阻卻責任事由』之存在，無期待可能性即屬之，縱行政罰法或其他法律未明文，亦當容許此種『超法定之阻卻責任事由』之存在。至何種情形始可認行為人欠缺期待可能性，原則上宜視個案情節及相關處罰規定認定之，但於行政罰法制與法理之建構過程，亦宜設法逐步釐清其判斷標準。」,A             
未遂犯,"解釋一：係指行為人主觀上有犯罪的意思，並且依此犯罪意思實施犯罪，然而卻沒有達到該犯罪預期應發生的結果。例如甲有殺害乙之意思，並基於此意思持槍射擊乙，雖然有打中乙，但乙因緊急送醫急救，最後並沒有死亡，則甲僅構成殺人罪的未遂犯。
解釋二：未遂是指犯罪人已經開始實行犯罪行為，但因故未能完成損害。例如甲本於殺意開槍殺乙，乙中彈失血過多而死亡，由於甲成功地殺死乙，所以甲成立殺人既遂罪，但若乙雖中彈，但正好附近有丙醫師即時救治而未死亡，此時甲雖然已經開槍殺人，卻沒成功殺害乙，只能論以殺人未遂罪。",M             
專屬管轄,指某訴訟事件專屬於某法院管轄。意即法律如規定某訴訟事件為專屬管轄，原告只能向該法院起訴，只有該法院就該事件才有管轄權，當事人不得以合意改由其他法院管轄。但如被告的住所或不動產所在地跨連或分散於數法院管轄區域內，則各該法院皆有專屬管轄權(民事訴訟法第21條)。又法律定專屬管轄的理由，往往是基於公益上的理由，或為了調查證據的便捷、為當事人的便利等原因。,V             
無認識過失,"無認識過失是比較常見的過失態樣，它的意思是：例如在過失致死的案例中，犯罪人做了一件可能害死別人的事，他完全不想害死別人，也沒想過這些後果，但他不應該做這件事。而他只要稍微小心一點，就可以發現自己做的事非常危險，可能害死別人，只要犯罪人仍做了這件危險的事情，最後害死別人，就可認為犯罪人對被害人死亡有「無認識過失」。
舉例來說，甲騎機車回家時，因為急著上洗手間，路過十字路口時，看到自己的車道是紅燈，十字路口又沒別的車子，甲內急受不了，決定闖紅燈衝回家，沒想到綠燈車道剛好有一位機車騎士乙經過，甲的車子直接撞上乙，造成乙的死亡。在這個案例中，甲並不想害死乙，卻仍造成乙的死亡，甲只要稍微想一下，就可以發現自己做的事情（闖紅燈）很危險，因為十字路口常常有車子來往，可能會不小心地撞死綠燈車道的騎士，甲卻沒仔細想，就闖了紅燈撞死別人；考量甲不應闖紅燈，卻闖了紅燈，甲又能夠了解闖紅燈很危險，甲對於乙的死亡就有「無認識過失」。甲構成過失致死罪。",M             
無因管理,就是沒有受到委託，也沒有法律上的義務，而為他人管理事務的行為。比方說，下雨了，幫不在家的鄰居收衣服，就是一種無因管理。,G             
重利罪,為刑法之罪名，又可分為重利罪及加重重利罪，分別規定於刑法第344條：「（第1項）乘他人急迫、輕率、無經驗或難以求助之處境，貸以金錢或其他物品，而取得與原本顯不相當之重利者，處三年以下有期徒刑、拘役或科或併科三十萬元以下罰金。（第2項）前項重利，包括手續費、保管費、違約金及其他與借貸相關之費用。」及第344條之1：「（第1項）以強暴、脅迫、恐嚇、侵入住宅、傷害、毀損、監控或其他足以使人心生畏懼之方法取得前條第一項之重利者，處六月以上五年以下有期徒刑，得併科五十萬元以下罰金。（第2項）前項之未遂犯罰之。」,M             
再審,已確定的終局裁判，以該裁判所認定事實錯誤或有重大瑕疵，請求撤銷原裁判，再開訴訟程序。,M             
偽造信用卡罪,刑法第201條之1第1項意圖行使而偽造信用卡罪，與同條第2項行使偽造信用卡罪不同。前者處罰為了使用而偽造信用卡的人，例如甲側錄持卡人資料代號及識別碼後，製作一模一樣的卡片；後者處罰單純使用偽造信用卡的人，例如乙向甲購得偽造信用卡後持以消費。,M             
原住民,依據原住民族基本法之定義，「原住民」係指原住民族之個人；「原住民族」則係指既存於臺灣而為國家管轄內之傳統民族，包括阿美族、泰雅族、排灣族、布農族、卑南族、魯凱族、鄒族、賽夏族、雅美族、邵族、噶瑪蘭族、太魯閣族及其他自認為原住民族並經中央原住民族主管機關報請行政院核定之民族。,A             
正當法律程序,係指國家機關之行為應依據法律所規定的程序行使之。例如刑事訴訟法第九十五條規定，訊問被告之前要先告知被告犯什麼罪名、可以保持緘默、可以請律師、可以要求調查對自己有利的證據。因此，訊問被告前，就要依照本條的規定，踐行告知被告上開權利事項，始符合法律所規定之正當程序。,M             
主觀的追加合併之訴,在訴訟繫屬中，追加原非當事人之第三人為共同原告或共同被告。例如：甲遭乙駕車撞擊受傷，甲原依侵權行為的法律關係，向A法院起訴請求乙賠償醫療費用、不能工作的損失，其後在訴訟中發現乙是丙公司的員工，為公司送貨途中發生車禍，因此追加丙為共同被告，請求乙、丙連帶賠償其損害， 則甲將丙追加為共同被告提起的訴訟，就是主觀的追加合併之訴。,V             
要無足採,不足採信的意思。。,F             
停止審判,審判的停止是指審判開始前或審判開始後，因具有法定的原因，而暫時停止審判的開始或審判的繼續進行。例如：被告某甲於審判中因疾病不能到庭者，於其回復前，應停止審判。蓋因被告係訴訟主體之一，復為法院確定刑罰權之有無及其範圍之對象，倘被告因病或心神喪失，自無從有效地為各種訴訟行為為自己防禦，對被告於訴訟中所有享有之公正程序權自難無礙，故審判程序必須於其回復前停止。,M             
遺產酌給請求權,死者生前扶養的人(例如同居人，或是遠親的小孩)，這個人沒有繼承資格，但是基於他們之前的關係，情理上多少要給他一個照顧。法律也是通人情的，所以有規定他可以請求繼承人（親屬會議）酌給一點死者的遺產來生活。這就是遺產酌給請求權。,F             
擔當訴訟,法院審理自訴案件，如果自訴人在辯論終結之前喪失行為能力或死亡，而且沒有其他可以提起自訴的人承受訴訟擔任自訴人的話，可以通知檢察官代替自訴人繼續進行自訴程序，這個程序叫做擔當訴訟。,M             
不罰後行為,指行為人完成一犯罪後，為利用或確保此一前行為之不法利益，而在前行為之後，另為具有伴隨性之利用行為或確保行為，只要處罰在前之主要行為，即足以吸收在後之伴隨行為之不法與罪責內涵，因此稱為「不罰後行為」。例如甲竊得乙之財物，為避免東窗事發，乃將該財物焚燬，甲只會構成竊盜罪，處分贓物之後行為，雖會另構成毀損罪，但屬不罰後行為。,M             
辯論,在檢察官論告後，法院就會先請被告進行辯論。被告可以針對檢察官論告部分為自己提出辯護，同時就自己想要答辯的部分，一併提出。如果有辯護人在場的話，被告有時只會簡要說一下答辯重點後，就轉請辯護人幫忙作辯論。而辯護人接下來就會根據被告不同的答辯方向，為被告辯論，說服法院對被告做出有利的判決。,M             
交通行政訴訟,"交通行政訴訟是針對不服道路交通管理處罰條例所為裁罰所特別設計的行政訴訟程序，規定於行政訴訟法第237條之1至237條之9；如未有特別規定者，則準用行政訴訟法簡易訴訟程序之規定。 相較於行政訴訟簡易訴訟程序，交通行政訴訟具有以下特色：（一）提起違法裁決撤銷訴訟，應於裁決書送達後三十日之不變期間內為之。（二）起訴之裁判費，按件徵收裁判費新台幣（下同）300元，上訴則按件徵收750元，遠低於行政訴訟簡易程序裁判費徵收標準，即按件徵收2,000元、上訴按件徵收3,000元。（三）放寬管轄規定，不採原則上由被告機關所在地法院管轄之規定，使違規地、原告住、居所地地方法院行政訴訟庭亦有管轄權，使原告有起訴時有更多選擇。（四）無庸經訴願程序，即得針對被告機關的行政處分提起撤銷訴訟。被告機關於收受起訴狀繕本後，應重新審查原裁決是否合法妥當。（五）得不經言詞辯論而為裁判。（六）原告為自然人時，其配偶、三親等內之血親或二親等內之姻親；原告為法人或非法人團體時，其所屬人員辦理與訴訟事件相關業務者，雖非律師，經審判長許可，亦得為訴訟代理人。",A             
失職,"公務員的失職行為，泛指公務員不履行法定職責的行為。於職務上負有應作為或不作為義務，當為而不為、不當為而為或為而不當時，即構成失職。
例如：未依法取締違規業者、積極地包庇違規業者等。",A             
一人公司,依公司法第2條第1項第2款及第4款規定：有限公司的股東只要1人以上，自然人或法人均可；股份有限公司只要1位法人股東也可以成立。換言之，所謂一人公司係指公司的全部出資或所有股份由1位股東擁有，具有股東名義者僅有1人即屬之。,V             
一身專屬之權利義務,"具有「一身專屬性」的權利義務法律關係，必須由權利人親自行使、或由義務人親自履行，才能達到其目的，原則上不可以由他人代理，也不可以轉讓給他人。
例如：選舉權、公務員退休金請領權，都必須由權利人親自行使。依法必須受國民教育和服兵役的義務人，也不能將該義務交由他人代為履行。",A             
不自證己罪,不自證己罪原則在廣義上可以視為無罪推定原則的一部分，也就是國家為實現刑罰權，必須對被告的犯罪事實予以確實的證明(即負有舉證責任)，被告在被證明為有罪之前，應被推定為無罪，被告不必為任何有利或不利於己的供述(保持緘默的權利)，也不必就自己的無罪予以舉證證明。因此，縱使被告立證失敗或保持緘默，也不能單憑此一事實，就認為被告有罪而加以處罰。,M             
公辦民營,政府出資投資建置，民間營運管理，營收中回饋一定比率給政府。此通常為政府機關透過引進民間團體的力量，以達到特定的政策目的，同時提昇施政的效能。例如：屏東縣政府為提供平價的托育服務，減輕家庭的托育負擔，即採取公辦民營的方式，並發布「屏東縣公辦民營社區公共托育家園收退費基準」。,A             
非特,就是「不但」、「不但是」的意思。,F             
妨害考試罪,刑法第137條規定，係指對於依考試法舉行之考試，以詐術或其他非法之方法，使其發生不正確之結果。詐術是指使用欺罔的不正當方法，使人陷於錯誤；其他非法方法是指詐術以外的一切非法律所允許的方法妨害考試，像冒名應考、打通關節、偷換試卷、竊取試題等。,M             
質權,為了擔保債務之履行，債務人或第三人將其動產或所有權以外具有財產權性質的權利交由債權人占有，若債務人未依約履行債務時，債權人有權就該占有之動產或權利優先受償。（民法第884條、第900條）,V             
偵查程序,偵查係偵查機關調查犯罪事實及蒐集相關證據資料，以查明真相，確認有無犯罪嫌疑人及犯罪事實的程序。目前我國的刑事偵查程序是由檢察官主導，而由司法警察官及司法警察協助偵查犯罪。檢察官是代表國家執行公權力，可以因告訴、告發、自首或其他情事知有犯罪嫌疑就發動偵查權。檢察官偵查結果的結果只有兩種，一是起訴，另一是不起訴。如果是起訴就進入法院，進行審判程序。,M             
保護管束,保護管束是保安處分的一種類型，是刑罰以外的措施，目的是教育或矯治犯罪行為人，並預防再次犯罪。保護管束若是由檢察官指揮執行，檢察官應告知受保護管束人所應遵守的事項，並指定期日，命其向執行保護管束的觀護人報到；觀護人得指定其遵守一定的事項，如未遵守，觀護人可給予告誡，或報請指揮執行的檢察官為適當處理(保安處分執行法第64條、第65條之1及第66條規定參照)。 ,M             
追加之訴,原告起訴後於同一程序所追加提起的新訴，該新訴與原事件相較，可能有新的當事人、訴訟標的及訴之聲明。茲因訴之要素，包括當事人、訴訟標的及訴之聲明，故其中有增加新的訴之要素，即為所謂訴之追加。例如乙向法院起訴請求甲清償借款1000萬元，後又再於同一程序中另依據甲於借款時所簽發的1000萬元本票，請求法院判命甲履行該本票債務，即屬訴之追加。我國民事訴訟法第255條以下對於訴之追加設有明文規定。另關於簡易訴訟程序及小額訴訟程序的追加，於同法第435條及第436條之15亦有特別規定。訴之追加雖能使原告求得訴訟經濟，但為避免原告在不適當時期追加新訴，或其追加者與原訴欠缺任何關聯，不但造成被告應訴防禦困難，也增加法院負擔，拖延訴訟，故立法上對於訴之追加設有要件(民事訴訟法第255條、第446條第1項規定等),V             
尚難准許,不能准許,G             
支配權,依權利人的意思，直接對物加以管領處理的權利。有支配權的人，可以將物的所有權移轉給他人或設定抵押權給他人，亦有直接使用或處分該物，亦可排除他人對於該物的干涉（例如：居住於某屋內、築起圍牆禁止他人進入、拆除房屋）等權利。,V             
追繳,行政法上為避免行為人或他人因不法行為獲得不當利益，於行政罰法第20條設有「追繳」規定：（第1項）為他人利益而實施行為，致使他人違反行政法上義務應受處罰者，該行為人因其行為受有財產上利益而未受處罰時，得於其所受財產上利益價值範圍內，酌予追繳。（第2項）行為人違反行政法上義務應受處罰，他人因該行為受有財產上利益而未受處罰時，得於其所受財產上利益價值範圍內，酌予追繳。（第3項）前二項追繳，由為裁處之主管機關以行政處分為之。,A             
實體從舊程序從新,法規變動時，如何適用法規的一種指導原則。當規定人民權利義務的發生、變動、喪失等實體法規，於行為後有變更，除法令另有規定外，應適用行為時法；至於程序法規的變動，原則上依照新法。,A             
犯罪被害人,刑事訴訟法所稱犯罪之被害人，以因犯罪而直接被害之人為限，亦即指法益因他人之犯罪而直接受侵害者而言。惟財產法益被侵害時，所有權人固為直接被害人，對該財產有事實上管領力之人，其管領權受侵害者，亦不失為直接被害人。犯罪之被害人得為告訴或提起自訴。,M             
系爭,通常簡稱雙方所爭執的東西、事情等，例如：系爭建物、系爭財產、系爭事件、……。,F             
行為與責任同時存在原則,刑事責任能力之有無，應基於「行為與責任同時存在原則」，依行為時之精神狀態定之。因此，審判時如被告抗辯因精神疾病導致犯案，法院必須調查其「行為時」之精神狀態是否導致其「辨識能力」或「控制能力」有減損或欠缺，以判斷其責任能力，決定有無刑法第19條規定不罰或減輕其刑之適用。,M             
要難謂非,法院表達認為「是」的意思,V             
僱傭,當事人一方（受僱人）在一定或不定的期限之內為他方（僱用人）服勞務，由他方給付報酬的契約(民法第482條)。最常見的類型就是勞動契約。,V             
告訴狀,提出告訴的狀紙。,M             
第四級毒品,依毒品危害防制條例第2條第2項，第四級毒品，為二丙烯基巴比妥、阿普唑他及其相類製品。,M             
不法意識,不法意識是指行為人認識到自己的行為，可能為法律所禁止，不管行為人是否確切知道他所違反的是哪一條規定以及規定的內容，也不要求行為人必須明確知道他的行為是被法律所禁止。例如殺人、偷別人的東西等等，我們都知道這是犯法的行為，雖然不見得知道是觸犯哪一部法律或哪一條條文，也不知道規定的具體內容或刑度，但知道是犯法的，就是具有不法意識。,M             
一般法律保留原則,一般法律保留原則，指關於限制人民權利或附加義務等重大事項，或者是涉及重大公共利益的給付行政措施，要保留給立法機關以法律來規定，或由法律明確授權給行政機關訂定的法規命令加以規範。因此，行政機關為了達成行政目的，而有必要作成限制人民的權利或附加義務的行政行為時，必須有法律或法規命令為依據，才能符合一般法律保留原則。,A             
移審效力,原審行政法院判決經合法上訴，訴訟事件隨著上訴的提起而繫屬於上訴審行政法院，學理上稱為移審效力（Devolutiveffekt）。,A             
斯時,當時,G             
云云,多用於當事人或關係人陳述之句尾，表示其陳述內容的概稱，不一一引述的意思。同「等等」、「等語」、「等說法」。,F             
行刑權時效,行刑權時效指國家於判決確定後，依法得以執行刑罰的期限。行刑權時效的長短，是以法院宣告刑的輕重來決定，宣告刑越重，行刑權期間越長。當宣告刑為死刑、無期徒刑，行刑權時效為40年；宣告一年未滿有期徒刑、拘役或罰金者，行刑權時效只有7年。,M             
執行名義,表彰請求權存在和確立請求權範圍的公文書，且債權人可以拿來向法院或行政機關聲請強制執行的依據。強制執行法第4條、行政訴訟法第305條、行政執行法第11條、第27條分別規定債權人可以向普通法院、地方法院行政訴訟庭、法務部行政執行署各分署或原處分機關等聲請執行的執行名義類型。,A             
婚生推定（民法第1063條第1項）,只要是在婚姻關係存續中受胎所生的子女，法律就推定這名子女是婚姻關係中夫的婚生子女，稱為婚生推定（無論他們之間是否存有真實血緣）。,F             
新穎性,新穎性係取得發明專利的要件之一，依專利法第22條第1項第1至3款規定，申請專利之發明於申請前已見於刊物、已公開實施或已為公眾所知悉者，不具新穎性，不得取得發明專利。另依專利法第23條本文規定「申請專利之發明，與申請在先而在其申請後始公開或公告之發明或新型專利申請案所附說明書、申請專利範圍或圖式載明之內容相同者，不得取得發明專利」，係就後案申請前，已有他人申請在先尚未公開之相關專利內容，為貫徹先申請主義之精神，乃擬制其屬新穎性審查範圍，明定後申請案不可取得發明專利。,A             
罰鍰,"人民的行為違反行政法上的義務，且符合法律規定的處罰要件，而被處以的金錢上處罰。
例如：甲把自用小客車停放在禁止臨時停車的地方，被交通警察開單告發，經裁決處「罰鍰」新臺幣900元，該900元即罰鍰。",A             
調處成立,爭議雙方當事人經過調停處理而達成協議。,A             
羈束處分,羈束處分是指行政機關依法律規定必須作成特定的行政處分，也就是說，如果某個案件的事實確實存在，符合法律規定的構成要件，行政機關就沒有裁量權，而應作成特定效果的行政處分。,A             
附卷可稽,附卷可查、在卷可查、在卷可證,G             
公物之特別使用,"經過特別的許可，對於供公眾使用的公物，從事超過一般使用規則的行為。
例如：利用國父紀念館前面的廣場舉行義賣活動、在特定的路段舉辦馬拉松路跑等。特別利用的許可通常會設有一定的「期間」或附有「廢止保留」，取得該許可的人只能在特定期間內從事特別利用行為，行政機關也能基於其他公益考量廢止此許可。",A             
驅逐出境,是指將外國人或少年驅離逐出我國國境，禁止其繼續居留的保安處分。外國人犯罪經法院宣告有期徒刑以上之刑，或外國少年受轉介處分、保護處分、緩刑或假釋期內交付保護管束時，法院得審酌犯罪情狀及有無危害社會安全之虞，依比例原則決定是否驅逐出境。,M             
層析質譜儀,係將氣相層析儀與質譜儀兩部儀器連接起來，為一部集合分離、純化與結構鑑定等功能於一體的絕佳分析儀器。常用在鑑識科學上。,M             
種類之債,指以某種類的不特定而可特定物為給付標的之債。例如在買賣契約中約定由債務人向債權人交付某種品牌、規格的冷氣機或電風扇幾台，或某品種、產地的蔬菜、水果幾斤等，都屬於種類之債。,V             
強制辯護,「強制辯護」指特定案件中，如果被告於偵查或審判程序中沒有選任辯護人，審判長必須指定公設辯護人或律師為他辯護。如果被告選任的律師在程序中無正當理由而不到庭，審判長也可以指定公設辯護人或律師為他辯護。換言之，該等程序原則必須有辯護人才能進行，與被告本身是否希望受辯護的意願無關。強制辯護的規範，主要是考慮到被告因為重罪而受起訴或在偵查中被檢察官聲請羈押等情形，因為對當事人權益影響重大，為了充分維護被告防禦權，必須確保被告有效受身為法律專家即律師或公設辯護人辯護的權利，所以即使被告沒有選任辯護人，也由法院指定辯護人來進行辯護。,M             
裁罰性不利處分,行政罰是一種不利的行政處分，且具有制裁性，所以稱為裁罰性不利處分，是對過去違反行政法上義務行為的處罰【此與基於預防或防止危害發生或擴大所作的「預防性或管制性不利處分」不同，因其目的不在處罰，所以不適用行政罰法】。依「行政罰法」第1條與第2條規定，行政罰的種類有罰鍰、沒入或其他種類行政罰，其他種類的行政罰包括：一、限制或禁止行為的處分，例如停止營業、命令停工。二、剝奪或消滅資格、權利的處分，例如命令歇業、命令解散。三、影響名譽的處分，例如公布姓名或照片。四、警告性處分，例如警告、記點。,A             
殷實,"解釋一：「殷實」的字意為「富裕」、「充足」；法條用語使用「殷實」二字，多半出現在刑事訴訟案件中，法院對被告命「具保」的相關規範裡，以透過具有相當財力或資力之人提供一定金額作為擔保的方式，確保將來被告能準時到場參與訴訟程序，避免被告拖延或逃避刑罰。
所得稅法條文亦有使用「殷實」二字，是規範主管機關基於一定的要件對納稅義務人聲請假扣押時，納稅義務人得覓具殷實商保，亦即找到具有一定財產上資力的人提供財產保證，可聲請撤銷或免於財產遭假扣押。",G             
絕對法律保留,某些事項只能由立法者以法律加以規定，立法者不得授權行政機關以法規命令規範。例如：請求權的消滅時效應以法律規定（司法院釋字第474號解釋）。,A             
心智缺陷,心智狀態有不足。,F             
洵屬有據,有依據。,A             
非任意性抗辯,"非任意性抗辯，是指被告在檢察官偵查中或者在法院審判時，提出他的「自白」非出於自由意志。
自白是指被告在警察詢問、檢察官訊問或法院審判時，承認全部或一部犯罪事實。自白是被告對於自己不利益的供述，因此，被告的自白必須是出自於內心的自由意志才可以作為證據。依刑事訴訟法第156條第1項規定：「被告之自白，非出於強暴、脅迫、利誘、詐欺、疲勞訊問、違法羈押或其他不正之方法，且與事實相符者，得為證據。」只要有該規定所列的不正取供行為，都可以認為是非出於被告自由意志所取得之自白，即不得作為證據。是以，被告在法院審判時，提出其「自白」非出於任意性的抗辯，法院應先於其他事證為調查（刑事訴訟法第156條第3項）；如該「自白」是由檢察官提出時，法官應命檢察官先指出證明自白是出於自由意志的方法。",M             
拘束,限制。,A             
檢察事務官,協助檢察官辦案，可以搜索、扣押、勘驗、拘提，詢問告訴人、告發人、被告、證人或鑑定人。其身分相當於司法警察官。,M             
簡易判決處刑,被告自己承認犯罪，或法院認為依現存的證據可認定被告犯罪，而被告所犯為ㄧ定的輕罪，在法院可以宣告緩刑、或六個月以下得易科罰金之有期徒刑或拘役之情形下，由檢察官聲請或法官依職權作出簡易判決處刑。易言之，簡易程序是相對於一般法院進行的通常審理程序來觀察的，如果在程序上法院不經通常審理程序而逕科處被告刑罰的法律效果，這種程序即稱為「簡易判決處刑」。,M             
似難謂為非無理由,有理由,G             
妨害秘密罪,為刑法罪章之名稱，刑法分則第28章「妨害秘密罪」，包括刑法第315條妨害書信秘密罪、第315條之1妨害秘密罪、第315條之2圖利為妨害秘密罪、第316條洩漏業務上知悉他人秘密罪、第317條洩漏業務上知悉工商秘密罪、第318條洩漏職務上工商秘密罪、第318條之1洩漏利用電腦設備而知悉之秘密罪、第318條之2利用電腦設備妨害秘密罪。,M             
列舉,已經逐一列出，除了列出的這些情形之外，別無其他情形。,G             
結夥搶奪罪,三人以上在現場共同實施搶奪罪，稱為結夥搶奪罪，依刑法第326條第1項應判處1年以上7年以下有期徒刑。,M             
三級三審制,"三級：為地方法院、高等法院及最高法院三級。
三審：指案件先經由地方法院審理，是為第一審；如不服地方法院之裁判，得向高等法院上訴或抗告，是為第二審；如不服第二審之裁判，得再上訴或抗告於第三審之最高法院。",M             
自難憑採,不能採信的意思。,F             
過失責任,行為人因過失行為而負有法律責任，此為過失責任。所謂過失，是指行為人對於不法行為的發生，雖然不是故意，但依照行為人所處的情境，應注意、能注意，而不注意，導致行為人沒辦法預見不法行為的發生；或行為人雖然可以預見不法行為可能發生，但心態上卻相信不會發生，而未取採相應的措施。,A             
不罰,行為人有罪，須滿足「構成要件該當性」、「違法性」及「有責性」要件。不罰，指行為人之行為不成立犯罪，例如：1.其構成要件不該當（如欠缺故意），2.其行為阻卻違法（如正當防衛），3.其行為阻卻罪責（如未滿14歲）。,M             
背信罪,為刑法之罪名，規定於刑法第342條：「為他人處理事務，意圖為自己或第三人不法之利益，或損害本人之利益，而為違背其任務之行為，致生損害於本人之財產或其他利益者，處五年以下有期徒刑、拘役或科或併科五十萬元以下罰金。前項之未遂犯罰之。」,M             
履勘,實地查看或測量。其本質為一種勘驗，也就是法院在訴訟程序中，用五官之作用，勘查特定處所，而將勘查所得之結果作為證據資料的證據方法之一。法院受理例如：裁判分割、拆屋還地、遷讓房屋、請求給付相當租金之損害金或增減租金、確認經界、袋地通行權、地役權、土地相鄰關係等民事訴訟事件，為調查土地、房屋或其周邊環境之實際狀況，經常必須進行履勘。,G             
不成文法, 以法的成立過程為標準，可分為成文法與不成文法兩種。於制度上有立法權之機關製成文書，並透過一定程序公布的法律，稱為成文法，又稱為制定法。至於成文法以外之一切有法律效力者，如習慣、法理、判例等，皆為不成文法，因其並非經過立法機關依照立法程序制定，也沒有經過一定的程序公布，所以也稱為非制定法。,M             
法定證據方法,「法定證據方法」指刑事程序中法律所明定得以做為證據之種類，包括：被告、證人、鑑定、文書及勘驗等。關於犯罪事實的調查與證明，只能以法定證明方法為之。,M             
訴訟文書,訴訟程序上製作的文書。,M             
比例原則,"指要達成目的所採取的手段必須適當，儘量最小侵害，及合乎比例性原則。「用大砲打小鳥」或「殺雞用牛刀」都是不合比例原則。
",F             
緩起訴處分確定,緩起訴處分期間屆滿而未經撤銷處分者，方發生實質的確定力，亦即其發生實質確定力的時間點與發生形式確定力之時間點有所不同，與不起訴處分有別。緩起訴處分期滿未經撤銷者，非有特定情形之一，不得對於同一案件再行起訴。,M             
妨害投票罪,刑法分則第六章妨害投票罪章，包括刑法第142至第148條妨害投票自由罪、投票受賄罪、投票行賄罪、利誘投票罪、妨害投票正確罪、妨害投票秩序罪、妨害投票秘密罪。又公職人員或總統、副總統之選舉、罷免等情形，另有特別規定，例如公職人員選舉罷免法第99條、總統副總統選舉罷免法第86條之投票行賄罪等。,M             
組織犯罪,係指組織犯罪防制條例所定之犯罪行為，3人以上，以實施強暴、脅迫、詐術、恐嚇為手段或最重本刑逾5年有期徒刑之刑之罪，所組成具有持續性或牟利性之有結構性組織，即為犯罪組織。就該犯罪組織有發起、主持、操縱、指揮或參與，即可能構成該條例之罪。,M             
候核辦,非裁判書用語，不予解釋。,F             
認罪協商,"解釋一：案件經檢察官向法院起訴（或聲請簡易判決處刑），只要起訴（或聲請簡易判決處刑）所論處的罪，它的法定刑不包括死刑、無期徒刑、最輕本刑3年以上有期徒刑，性質上也不是第一審就由高等法院管轄的案件的話，那麼在法院辯論終結或簡易判決處刑前，檢察官和被告可以就被告願意接受的刑度或願意接受緩刑的宣告這些事項進行協商，如果雙方達成合意，而且被告也認罪，就由檢察官聲請法院依協商合意內容來判決，這個程序就叫做協商程序。
解釋二：犯罪人被起訴後，如果所犯的不是重罪，可以以認罪當作條件，和檢察官商量雙方都能夠接受的刑度，再請求法院按照這個刑度判決，這就是 「認罪協商」。認罪協商程序可以由檢察官主動發動，也可以由被告或被告的代理人、辯護人請求檢察官發動，檢察官在決定是不是要和被告進行認罪協商前，可以先詢問被害人的意見，若檢察官決定要與被告進行認罪協商，還必須得到法院的同意，而且依照法律規定，只有在第一審言詞辯論終結前，才能夠進行認罪協商。
法院同意檢察官與被告進行認罪協商後的30天內，檢察官便可以和被告就判決的刑度、沒收的範圍、是否給予緩刑、是否由被告向被害人道歉、是否支付被害人賠償金、是否由被告向國家支付一定的金錢作為緩刑的條件等事項進行商量，如果檢察官與被告在30天內就這些商量的內容達成一致同意，被告也表示願意認罪，這時，檢察官便可以聲請法院依照協商合意的內容來判決，這種判決稱為「協商判決」。",M             
在場權,指辯護人於訴訟程序中得在場之權利。例如法官於審判程序中至案發現場進行勘驗或搜索扣押，被告之委任律師有權在場。,M             
著作人格權,著作人格權包括（著作權法第15條至第17條規定）：公開發表權（著作人就其著作享有是否公開發表及如何公開發表之權利）、姓名表示權〔著作人對於其著作有積極表示姓名或名稱（包含本名或別名）及消極不表示姓名或名稱之權利〕及同一性保持權（著作人就其著作享有保持其內容、形式及名目完整之權利）。著作人格權專屬於著作人本身，不得讓與或繼承（著作權法第21條）；著作人死亡或消滅者，關於其著作人格權之保護，視同生存或存續，任何人不得侵害。但依利用行為之性質及程度、社會之變動或其他情事可認為不違反該著作人之意思者，不構成侵害（著作權法第18條）。,A             
宣示判決筆錄,法院宣示判決時，書記官將宣示的內容及情形紀錄下來，由書記官及審判長在上面簽名製成公文書，稱為宣示判決筆錄。,V             
復於,再次、又的意思。,G             
私權,根據私法所形成的權利。所謂「私法」，指任何人都可以適用的法規範，例如民法、公司法、票據法等。相對於此，「公法」則是以國家或其他公法人為權利、義務歸屬主體的法規範，例如建築法、稅法、警察法等，根據公法所產生的權利是「公權利」。關於私權的紛爭，應循民事訴訟程序解決，而公法上權利、義務的糾紛，除法律另有規定外，原則上係按行政爭訟程序解決。,A             
客觀可罰性條件,非刑法上故意所需認識或預見之對象。又稱為客觀可罰性條件、客觀的可罰條件。係指與行為有直接關係，但又不屬於不法且不屬於罪責的客觀條件，而為可罰性的實體要件。客觀處罰條件存在，則具該當性、違法性、有責性的行為即構成犯罪。如我國刑法第238條詐術結婚罪所規定之「致撤銷婚姻之裁判確定者」。,M             
客觀不法,即構成要件該當性與違法性。例如，行為手段、行為人特質、行為結果等。,M             
厥係,為、是,G             
法律優越原則,法律優越原則，或稱法律優位原則，是指下位階法規範不可以牴觸上位階法規範，且行政行為有積極合法的行為義務，不可以牴觸法律的規定，故法律優位原則又稱消極意義的依法行政原則。適用此原則的前提，必須先確認法規範的位階，在成文法的規範體系中，其位階由上至下，依序是憲法、法律及命令，由此形成法規範秩序。此由憲法第171條第1項、第172條規定法律與憲法牴觸者無效，命令與憲法或法律牴觸者無效，即可知悉。 ,A             
核,審查、比較之結果。,A             
行政救濟程序,"行政救濟是行政權違法侵害人民的權利時，人民向國家機關請求法律救濟的制度。行政救濟程序則為行政救濟制度下的各種具體救濟程序，原則上是法律有明確規定其救濟方式的「正式的行政救濟」。
例如：訴願、行政訴訟、公務人員保障法的復審程序等。",A             
比例原則,指行政行為之手段與目的必須合乎比例，又稱「禁止過度原則」。國家如果為達成某種目的必須限制人民的權利，而達成該目的有多種手段可選擇時，必須選擇對人民侵害最小的方式，並且必須該手段所造成的損害小於欲達成目的所獲致的利益（行政程序法第7條）。,V             
管制密度,管制密度是指行政機關對於特定的行政事務所採取的管制程度。如果行政機關的管制措施多、法令規範嚴密，可以說管制密度比較高；如果管制措施少、法令規範寬鬆，管制密度就比較低。,A             
世界主義,為了維護「世界共同利益」，對於特定的犯罪，雖然行為人不是我國人民，犯罪行為也發生在我國領域之外，我國仍應追訴處罰。規定於刑法第5條，例如外國人在我國領域外的公海上對往來船隻犯海盜罪。,M             
難以維持婚姻,夫妻雙方已經無法維持家庭共同生活的意思。可能是因為夫妻個人的原因，也可能是與其他家人的原因。,F             
委任人,委託他方處理事務的人。,V             
勘驗,訴訟進行中，法院調查證據的一種方式。指勘驗人純粹以五官去感知物的存在和狀態的過程。例如：在交通事故事件，法官到現場查看車禍現場紅綠燈變換、幹支線道等狀況。,V             
直系血親,垂直（縱向）血緣關係的親屬，向上延伸有父母、祖父母、曾祖父母…等直系血親尊親屬；向下延續有子女、孫子女、曾孫子女…等直系血親卑親屬。直系血親之間不一定有自然血緣關係，收養成立的法定血緣關係也包括在內。,V             
自由心證主義,法官根據審理中所出現的當事人辯論旨趣及調查證據結果，在不受非法外力干擾下，依自由意志形成確信，以判斷事實真偽之主義。自由心證並非意謂法官形成心證漫無限制，仍不得違反經驗法則及論理法則。,V             
自白,"解釋一：犯人對於已發覺的犯罪，向偵查機關陳述自己之犯罪事實。例如小偷被警察抓獲，在警局訊問時，自已坦白承認偷竊的過程等。
解釋二：指被告承認自己的犯罪事實，例如：檢察官起訴張三殺害李四，張三在法庭上向法官坦承自己殺死李四，並承認犯下殺人罪，這種以認罪為內容的被告陳述，就是「自白」。因此，自白是一種供述證據。需注意的是，自白是針對「自己」犯罪的供述，在兩人以上共同犯罪的情形，共同正犯對於自己犯罪的自白，縱使自白內容中提到其他共犯參與犯罪的情形，也不能被當作是其他共犯的自白。
由於自白是被告的陳述，沒有傳聞法則的適用，也就是說，自白的呈現方式，並不一定要由被告在法庭上以口頭陳述，實務上比較常見的情形，往往是被告在偵查過程中，向警察或檢察官自白犯罪，由警察或檢察官將被告的自白記載在筆錄上，再將筆錄提交給法官當作證據使用。此外，被告也可以書寫「自白書」自白犯罪，甚至是被告在審判外向他人自白犯罪，若由他人紀錄下來，或是在法庭上轉述，也都算是被告的自白。
為了確保發現真實及保障人權，法律明文規定自白必須要具備「任意性」且「內容要與真實相符」，缺少任何一項，自白就沒有證據能力，不能被當作證據使用。",M             
間接證據,指證據本身雖然不能夠直接證明犯罪事實，但經過推理後，仍可用以證明犯罪事實存在的證據，又稱為「情況證據」。,G             
圖利供給賭場罪,指刑法第268條所規定「意圖營利，供給賭博場所」之構成要件的罪名。所謂「供給賭博場所」，係指行為人提供一定場所供人賭博的行為。實務上常見的案例，例如：行為人將自家住宅提供他人賭博，並從中抽頭獲利。,M             
親職教育,很多涉及未成年子女的家事紛爭，都是因為父母親在處理親子關係的觀念上有所偏差或不足。法院認為有必要的時候，會請父母參加親職教育課程，先提昇自己的觀念和能力，才能好好處理後續的問題。父母應當要盡力配合法院安排的親職教育課程。,F             
檢察事務取代權,檢察首長對於其監督指揮之檢察官所偵辦的案件，可以以指令將該案移轉由他檢察官取代偵辦。,M             
容屬無稽,難以採信,G             
不能未遂,"解釋一：不能未遂又稱為不能犯，是指行為人基於犯罪的故意而著手實行，但其行為無法達到犯罪結果，也沒有危險者。例如：某甲誤認砂糖足以致人於死，而將砂糖摻入水中，提供給乙飲用。現行法考量到不能犯之前提係以法益未受侵害或未有受侵害之危險，如果仍對於不能發生法益侵害或危險之行為課處刑罰，無異對於行為人表露其主觀心態對法律敵對性之制裁，在現代刑法思潮下，似欠合理性。因此，基於刑法謙抑原則、法益保護之功能及未遂犯之整體理論，改採客觀未遂論，將不能發生犯罪之結果，又無危險之行為，規定為不罰(也就是不構成刑事犯罪)。
解釋二：指犯罪人採取的計劃或手段，本來就不可能成功，甚至連威脅被害人都不可能，由於犯罪計劃或手段不可能損害別人，所以刑法第26條規定，不處罰不能未遂犯。例如甲拿水槍射向乙，想要殺害乙，但只把乙全身弄濕而已，雖然甲想殺乙，但是他的計劃及行為根本沒辦法達成殺人的效果，所以乙構成殺人罪的不能未遂犯，依刑法第26條規定，不予處罰。",M             
應受送達人,訴訟文書應該送交之對象。例如判決書應該送交被告，被告就是判決書之應受送達人。,M             
逕行判決,直接為判決，例如：依刑事訴訟法第305條規定，被告開庭的時候，如果拒絕陳述，法官可以不等他陳述就直接作判決。,M             
身分權,身分權係指存在於特定人間基於身分關係而發生之權利，例如配偶權、親權等。,F             
附此敘明,一併說明、在此一併說明、併此說明,G             
流押契約,指抵押人與抵押權人約定，當擔保債權的清償期到期，抵押人卻沒有清償債務時，抵押物的所有權移屬於抵押權人的契約。依民法第873條之1規定，此項約定須經過登記，才能對抗第三人；且抵押權人請求抵押人移轉抵押物所有權時，負有清算抵押物價值的義務，如果抵押物的價值超過債權額者，就超過的部分應返還抵押人；如果抵押物的價值不足清償擔保債權者，就不足部分仍得依其債之關係請求債務人清償。,V             
除罪化,指原本刑法處罰特定行為，但後來認為沒有必要以刑罰處罰，廢止處罰規定。除立法者修改法律外，也可能透過違憲審查，將犯罪除罪化，例如，司法院釋字第791號解釋宣告刑法第239條通姦罪違憲，該規定不待修法即失效，而立法院也於110年修法刪除該條文。,M             
保安處分,"解釋一：保安處分是屬於刑法中以替代自由刑之方式，避免犯罪行為人再犯措施的總稱，例如要求犯罪人進行強制治療，或是將犯罪之青少年交付保護管束。
解釋二：刑法對具備完全責任能力的犯罪人，透過刑罰來處罰犯罪人；另一方面，對於不能使用刑罰制裁，但仍具備危險性的犯罪人，或對於僅用刑罰無法改善的犯罪人，則適用保安處分以維護社會安全或預防再犯。
本制度是受到十九世紀末期刑法理論中盛行實證主義的影響，基於防衛社會或彌補刑罰之不足，對於無責任能力，無法適用刑罰或減輕刑罰之人，所使用的處理手段。其目的並不在於回顧性的懲罰，而在於展望性的犯罪預防。關於執行程序，規定在保安處分執行法中。
保安處分的目的多樣，可分為：感化、治療、監督與隔離等。規定在刑法第十二章，第86條到99條，分別敘述如下：（一）感化教育（二）監護處分（三）禁戒處分（四）強制工作處分（五）強制治療處分（六）保護管束（七）驅逐出境。",M             
專利行政事件,"因專利法而提起的行政訴訟事件（智慧財產法院組織法第3條第3款規定）。
例如：甲主張乙的發明專利不具進步性，向經濟部智慧財產局（下稱智慧局）提起舉發，對於智慧局所為舉發成立或不成立的審定，經訴願程序後，向智慧財產法院提起行政訴訟，這個案件即專利行政訴訟事件。",A             
吸收犯,刑法上所謂「吸收犯」，係指一罪所規定之構成要件，為他罪構成要件所包括，因而發生吸收關係者而言。例如意圖供自己施用而持有第二級毒品，進而施用，則其持有之低度行為（法定刑度為二年以下有期徒刑、拘役或新台幣三萬元以下罰金），當然為高度之施用行為所吸收，不另論以持有毒品罪。,M             
坦承不諱,坦白承認,G             
綦詳,就是「非常詳盡」、「十分清楚」的意思。,G             
義務人,"依照法律規定或契約約定，應該做一定作為或不作為的人。
例如：憲法第19條規定：「人民有依法律納稅之義務。」而依照稅法規定，應申報或繳納稅款的人，為納稅義務人。",A             
訴訟擔當,非實體法上權利義務歸屬主體之第三人，基於訴訟上之目的，在一定要件下，以自己名義為當事人，對於他人之實體法上權利義務進行訴訟。訴訟擔當可以分為兩種，一種為「法定訴訟擔當」，是指依法律之規定，由第三人以自己名義為他人進行訴訟（例如：破產管理人就有關破產財團的訴訟為當事人、遺產管理人就有關遺產的訴訟為當事人），另一種則為「意定訴訟擔當」，是指多數有共同利益之當事人，選定其中一人或數人，為選定人與被選定人全體進行訴訟（民事訴訟法第41條）。,V             
禁止咨意原則,「禁止恣意原則」就是禁止行政機關恣意為差別待遇，是從憲法平等原則所衍生的原則。這個原則限制了行政機關的裁量權限，行政機關非有正當理由，作成行政行為時，對於行為所規制的對象，不得為差別待遇。亦即，本質相同的事物應為相同的處理，不同的事物應為不同的處理。行政程序法第6條即為禁止恣意原則的明文規定。,A             
法定財產制,"如果沒有去登記約定的財產制，那就一律適用「法定財產制」。
「法定財產制」把財產分成婚前財產、婚後財產兩種，原則上都是夫妻各自所有，但是在離婚時候，夫妻雙方的婚後財產做比較，婚後財產剩下比較多的一方，原則上要把多出來的部份分一半給對方。至於婚前財產就不必拿出來分。",F             
損害賠償,對於他人所受的損害予以賠償，其賠償方法以回復原狀為原則，金錢賠償為例外。例如：民法第184條第1項前段規定，因故意或過失，不法侵害他人的權利者，負損害賠償責任。意思就是如果被害人因為行為人的故意或過失行為，而權利被侵害並遭受損失，行為人就應該負責賠償被害人的損害。例如：開車不慎撞傷行人，造成行人受傷而支出醫藥費，駕駛就應該賠償行人的醫藥費損失。,V             
不可預知之情事,在訂立契約時所不能預見，而在訂立契約以後所發生之情事。例如：民法第472條第1款規定，貸與人因不可預知之情事，自己需用借用物，得終止使用借貸契約。,V             
合股,請參考「馨股」的解釋。,F             
單一正犯,單一正犯理論：認為刑法不需要區分正犯、共犯，只要是參與了犯罪的人，不問參與犯罪的形式如何，都是正犯。,M             
納稅者權利保護,"憲法保護人民各種權利，如保障生存權、平等權及財產權，要求符合比例原則及正當法律程序等。
納稅者權利保護法第1條第1項明文規定，這部法律是為了落實憲法生存權、工作權、財產權及其他相關基本權利的保障，確保納稅者權利，實現課稅公平及貫徹正當法律程序。",A             
遺囑優遇原則,"晚近各國立法為尊重遺囑人的意思，就涉外民事事件有關於遺囑的訂立及撤回的方式，均採數國法律選擇適用的原則，而非僅採單一屬人原則的遺囑人本國法，以方便及有利於遺囑的有效成立及撤回，所以遺囑在準據法的選擇適用上，居於較佳的地位，叫做「遺囑優遇原則」。例如我國涉外民事法律適用法第60條規定：「遺囑之成立及效力，依成立時遺囑人之本國法。遺囑之撤回，依撤回時遺囑人之本國法」。第61條則規定：也可以依(一)遺囑的訂立地法、(二)遺囑人死亡時的住所地法、(三)遺囑有關不動產者，該不動產的所在地法為之。
",F             
賄選罪,是指在總統選舉或公職人權選舉時，向有投票權人約定投票給某候選人或不投票，而行求、期約、交付賄賂或不正利益之犯罪。如以「走路工」、提供免費旅遊、餐飲、假借節慶名義辦活動給予好處，而左右有投票權人投票意願，視具體個案情節，有可能會構成賄選罪。,M             
足以生損害,能對法律所保護的事物造成損害。,M             
抗告人,因法院裁定而受不利益之當事人或其他訴訟關係人（如：證人），對法院的裁定表示不服並請求上級法院改變下級法院裁定的人。,V             
隔地犯,指犯罪行為與犯罪之結果發生在不同地方而言。,M             
言詞辯論終結,法院審理訴訟事件，通知雙方當事人會合於法院，針對訴訟爭點，分別陳述主張及意見，由法院進行證據調查完畢，整個程序統稱為言詞辯論。如果當事人該講的都講了，法院認為應調查的證據也都調查完畢，已經到達可以結案的程度時，就會當庭表示「言詞辯論終結」來結束言詞辯論，同時告知何宣判。,F             
扣押物,檢察官或審判長、受命法官對於可為犯罪證據或得沒收之物，予以搜索，或命該物之所有人、持有人或保管人提出或交付，暫時保管以供偵查或審判上使用之物。例如：扣案凶刀。,M             
縱有,即使有,G             
特赦,赦免的型態之一，規定於赦免法第3條：「受罪刑宣告之人經特赦者，免除其刑之執行；其情節特殊者，得以其罪刑之宣告為無效。」,M             
權衡原則,衡量、評估事物得失輕重的原則。例如:行政罰法第18條第1項規定，裁處罰鍰處分應斟酌違反行政法上義務行為應受責難程度、所生影響、所得利益及受處罰者之資力等法定因素，此即行政罰採取之「權衡原則」。,A             
執行業務所得,舉凡律師、會計師、建築師、技師、醫師、藥師、助產士、著作人、經紀人、代書人、工匠、表演人及其他以技藝自力營生者之業務或演技收入，減除業務所房租或折舊、業務上使用器材設備之折舊及修理費，或收取代價提供顧客使用之藥品、材料等之成本、業務上雇用人員之薪資、執行業務之旅費及其他直接必要費用後之餘額，即為執行業務所得（所得稅法第11條第1項、第14條第1項第二類）。,A             
準現行犯,被追呼為犯罪人者，或因持有兇器、贓物或其他物件，或於身體、衣服等處露有犯罪痕跡，顯可疑為犯罪人者，為準現行犯。例如：A走在路上，他穿的衣服上面有一大片血跡，手上拿著刀械，路人看到A會認為A很有可能是一個殺人的犯罪行為人，則A就是準現行犯。,M             
累積因果關係,指若根據事態之正常發展，或依一般人生活經驗來看，該因果歷程不會造成結果之發生，但因二者以上條件同時存在，始導致結果發生，所以皆屬不能想像其不存在之條件。例如甲、乙於均不知情的情形下，各自對A的飲品投入劑量不足以致死的毒物，但因毒物混和，仍導致A死亡的結果。 ,M             
侵占,沒有正當的權利，卻故意占有別人的東西。,F             
褻瀆祀典及侵害墳墓屍體罪,此指刑法第十八章所規範罪名的統稱，包括第246條「褻瀆祀典罪」、第247條「侵害屍體罪」、第248條「發掘墳墓罪」及第249條「發掘墳墓侵害屍體結合罪」。祀典為國民宗教感情的表現，墳墓及屍體為祭祀追思的象徵，此罪名是為保護社會善良風俗及國民正當宗教感情的社會法益。,M             
藏匿人犯罪,指藏匿犯人或依法逮捕、拘禁之脫逃人或使之隱避（指藏匿以外其他使人犯隱蔽逃避之方法）者而言（刑法第164條）。其立法目的，在於該行為妨害國家偵查、審判權之行使而設處罰規定；此所謂「犯人」，指凡觸犯刑罰法規所規定之罪名之人均屬之，不以所犯之罪已經發覺、起訴或法院判處罪刑為限。,M             
土地管轄,以土地區域劃分法院的管轄範圍。以民事訴訟為例，先將全國土地劃分為22個區域（臺北、新北、士林、桃園、新竹、苗栗、臺中、彰化、南投、雲林、嘉義、臺南、橋頭、高雄、屏東、臺東、花蓮、宜蘭、基隆、澎湖、金門、連江）分別設置地方法院，與個別區域有一定關係的民事訴訟事件，就劃歸該法院審判。土地管轄一般由被告的住所、居所、寄寓地、公務所、事務所、營業所的區域決定管轄法院，此外，請求標的物所在地、不動產所在地、船籍、船舶所在地、契約履行地、票據付款地、侵權行為地…等，也是判斷管轄法院的標準之一。,V             
翌日,次日,G             
目的性擴張,係指由於立法者之疏忽未將法律文義涵蓋在某一類型上，為貫徹法律的規範意旨，乃將該一類型包括在該法律適用範圍內之漏洞補充方法。目的性擴張也是實際審判中，法官常用的一種填補法律漏洞的方法。,M             
準占有,所謂準占有，指基於占有無體財產權（例如著作權、專利權、債權）之文件或其他有體物件，而占有該無體財產而言，乃相對於有體財產權之占有。,V             
被上訴人,上訴人的對稱，指不服原審裁判而提起上訴的人的對方當事人。,A             
依職權宣告假執行,法院於給付判決確定前，因符合一定要件，賦與判決執行力，稱為假執行判決（請參見假執行相關解釋）。在某些情況下，例如符合民事訴訟法第389條規定時，不論原告有無聲請假執行，法院均應就未確定之給付判決為假執行宣告，即屬依職權宣告假執行。,V             
產業利用性,凡是可供產業上利用的發明，原則上都可以依專利法規定申請取得發明專利。簡單來說，申請專利的發明，如果在產業上能加以實際利用，而有製造或使用的可能性，就可以認定該發明可供產業上利用，而具有產業利用性。,A             
已甚明灼,已經非常明顯,G             
挑唆包攬訴訟罪,意圖漁利，挑唆或包攬他人訴訟者，處一年以下有期徒刑、拘役或五萬元以下罰金。意圖漁利是意圖從中取利之意；挑唆是挑撥唆使，如他人本無興訟之意，巧言引動使其成訟；包攬是承包招攬，不法為他人包辦訴訟；訴訟包含民事訴訟、刑事訴訟及行政訴訟。,M             
惟查,但、但是、但是依,V             
惟,但是,A             
憲法保留,"指憲法直接予以規定之國家重要事項。由於憲法為最高位階之法規範，其他法規範不得牴觸之，因此，憲法保障之人民各項基本權利，如經憲法已規定其保障之程序與內容，立法者即不得再以法律為相異之規定。相對於「憲法保留」，「法律保留」則指必須以法律予以規定之國家重要事項；「法律保留」當中，進一步還有「國會保留」，亦即應以法律直接規範之國家重要事項。屬國會保留事項，即不得委由命令予以規定。愈重要之事項，即愈有以更高位階之法規範予以規範之必要。較高位階之法規範，一方面難以任意變動，另一方面，其審議之程序更為嚴謹、程序參與更為多元廣泛，從而也具有更高的正當性。至於如何判斷某一規範事項是否重要？以基本權利之保障而言，取決於規範對象、內容或法益本身及其所受限制之輕重而定。換言之，如果屬於憲法保留的事項，即使立法者以絕對多數決通過的法律，只要法律條文的規定不同於憲法規定之內容或牴觸憲法所定原則，則縱使該法律條文符合「法律保留原則」、「比例原則」，仍然違憲而無效。司法院釋字第765號解釋就指出：「憲法保障之人民各項權利，除屬於憲法保留之事項者外，於符合憲法第23條之條件下，得以法律限制之。至何種事項應以法律直接規範或得委由命令予以規定，與規範密度有關，應視規範對象、內容或法益本身及其所受限制之輕重而容許合理之差異。如剝奪人民生命或限制人民身體自由者，必須遵守罪刑法定主義，以制定法律之方式為之。至涉及人民其他自由權利之限制者，亦應由法律加以規定；如以法律授權主管機關發布命令為補充規定時，其授權應符合具體明確之原則。若僅屬執行法律之細節性、技術性事項，始得由主管機關發布命令為必要之規範（司法院釋字第443 號解釋參照）。」
再以人身自由之限制為例，憲法第8條已規定限制人民之人身自由，只能由法官決定，即採「法官保留」。則限制人身自由之程序憲法已保留給自己來規定，而屬「憲法保留」之事項，則立法院在審議限制人身自由之法律案時，不可以改由警察來決定是否關押人民，而只能按憲法第8條規定的原則，採「法官保留」原則來立法。
此外，憲法中具有本質之重要性而為規範秩序存立之基礎原則，不僅應以憲法規定，甚至也不得藉由修憲方式予以破棄。憲法中具有本質之重要性而為規範秩序存立之基礎，如聽任修改條文予以變更，則憲法整體規範秩序將形同破毀，該修改憲法之條文即失其應有之正當性。我國憲法條文中，諸如：第一條所樹立之民主共和國原則、第二條國民主權原則、第二章保障人民權利、以及有關權力分立與制衡之原則，具有本質之重要性，亦為憲法整體基本原則之所在。基於前述規定所形成之自由民主憲政秩序，乃現行憲法賴以存立之基礎，凡憲法設置之機關均有遵守之義務，縱使修憲機關以多數決予以毀棄，亦屬違憲。
",A             
行政執行,"又稱「行政強制執行」，指人民不履行其行政法義務時，行政機關以強制的方式，使人民履行義務的行為。行政執行原則上是以行政處分作為執行名義，並且是由行政機關(包含法務部行政執行署各分署)為之，不須以法院作成確定裁判為前提，亦非經由法院為強制執行的行為。針對行政執行我國訂有行政執行法。
例如：行政機關作成人民甲所有建物為實體違建並命拆除的行政處分，如果甲不予理會，行政機關即可採行政強制執行的方式進行拆除。",A             
第三人參與沒收程序,刑法規定，第三人因特定原因而取得被告犯罪所得時，該不法利得應予沒收。法院審理被告犯罪及沒收犯罪所得的訴訟程序，財產可能被沒收的第三人可以聲請參與，或經由法院命令參與，對於沒收第三人財產陳述意見及提出答辯。,M             
緩起訴,"解釋一：檢察官依據偵查所得之證據，雖足認為被告有犯罪嫌疑，而得提起公訴，然於一定刑期之罪（通常為輕刑期之罪），基於刑事政策及社會公益之考量，在一定條件下，賦予檢察官暫緩起訴之決定權。在檢察官暫緩起訴的一定期間內，被告如無法定撤銷事由發生，檢察官即不得對原來的犯罪再予以起訴，反之，如發生法定撤銷事由，檢察官可以撤銷原來暫緩起訴的決定，而予以起訴。
解釋二：檢察官依照偵查結果，認定被告犯罪嫌疑重大，本來應該要起訴，但是考量以下的要件，認為暫時不起訴被告比較適當的話，就可以作「緩起訴處分」。只要在緩起訴的這段期間內，被告沒有再故意犯罪，或者有按照檢察官命令應遵守事項來做的話，原本的犯罪就可以不用被起訴到法院，接受法院的審判。相反的，如果被告在緩起訴期間內又故意犯罪，或是沒有履行檢察官所命應遵守事項，緩起訴就有可能被檢察官撤銷，檢察官就會起訴原本的犯罪。簡單的說，就像緩刑一樣，是一種類似「留校察看」的制度。
例如，張三打傷李四，檢察官對張三作緩起訴處分，緩起訴期間2年，並且命令張三賠償被害人李四1萬元，張三就可以暫時不用被起訴。等到2年經過，張三都沒有再故意犯罪，而且已經賠償李四1萬元，那之前打傷李四的行為，就不用被起訴了。",M             
退休所得替代率,"依公務人員退休資遣撫卹法第4條第4款規定，退休所得替代率（簡稱替代率）：指公務人員退休後所領每月退休所得占最後在職同等級人員每月所領本（年功）俸（薪）額加計一倍金額的比率。但兼領月退休金者，其替代率上限應按兼領月退休金的比率調整之（公立學校教職員部分，另可參考公立學校教職員退休資遣撫卹條例第4條第4款的定義）。
",A             
囑託扣押,扣押原本應該由法官、檢察官、檢察事務官、司法警察官或司法警察來執行。但如果應扣押的物品不在法院轄區距離太遠的話，審判長或檢察官可以請當地的法官或檢察官幫忙來執行扣押。這種情形就稱為囑託扣押。,M             
公私場所,空氣污染防制法中所稱的公私場所，包括從事營利、工商活動行為或須經目的事業主管機關核准始得設立的公司、工廠（場）及商業場所等工商廠、場，以及非從事營利或工商活動的機關、學校、教會、寺廟等非工商場、廠。依該法第62條第1項第1款規定，公私場所固定污染源排放空氣污染物未符合標準者，處新臺幣（下同） 2 萬元以上 100 萬元以下罰鍰；如果違反者為工商廠、場，則處 10 萬元以上 2000 萬元以下罰鍰。上開規定主要考量從事營利及工商活動的工商廠、場，具有較高的經濟資力，因此處以較高罰鍰金額，以督促其履行行政法義務，達到落實污染改善的目的。,"V,A           "
指定管轄,當數個法院就管轄權即案件應歸屬於哪個法院審理發生爭議時，由直接上級法院指定這個案件要由哪個法院來審理。例如彰化地院認為A案應由雲林地院審理，雲林地院認為對A案無管轄權的情形，由臺灣高等法院臺中分院指定A案由彰化或雲林地院審理。,M             
訴願機關,"A機關對人民甲作出的行政處分（例如：不許可聘僱外籍勞工、違反勞動基準法而被處罰鍰等），甲如果認為有違法或不當的情形，並且導致甲的權利或利益受到損害，甲可以向A機關的上級機關或法律規定的受理機關（即訴願機關、訴願管轄機關）提起訴願。這個上級機關或法律規定的受理機關，就是這個訴願事件的訴願機關。訴願機關審查後如果認為行政處分的確有違法或不當，會作成訴願決定，撤銷該行政處分，讓甲可以獲得救濟。訴願機關原則上是原處分機關的上級機關，但如果原處分機關已是最高層級機關，就以原處分機關為訴願機關。
例如：不服行政院作成的行政處分，其訴願機關仍是行政院。",A             
易科罰金,被告犯最重本刑為五年以下有期徒刑之罪，法院判處被告六月以下有期徒刑或拘役，同時宣告易科罰金之折算標準者，檢察官指揮執行時，被告聲請易科罰金，檢察官審酌被告情狀，得准許被告改以繳納一定的金錢而不用被關進監獄服徒刑或拘役。,M             
從新從輕主義,指在行為以後法律有變更的話，原則上依照裁判時的法律處罰，但是裁判前的法律對行為人較有利的話，就適用最有利於行為人的法律處罰。例如：行為人因為酒後駕車被查獲，之後又逃亡一段時間後才到案，至法院裁判當時，相關處罰規定已經修正2次，每次都是加重酒駕的刑度，法院比較行為時法、中間時法、裁判時法，認為是以行為時法對被告最有利，因此就依照修正前（行為時）的舊法規定判處被告罪刑。95年修正前刑法第2條第1項就是採取「從輕從新主義」。,M             
請求裁判,請求法院判決或裁定的意思。,F             
拒絕證言,"證人有依法作證的義務，但法律也規範幾種證人得主張拒絕作證的權利。依據刑事訴訟法規定，拒絕證言的種類，分別有：
（一）對公務員就職務上應守秘密之事項訊問，應得到監督機關或公務員之允許（第179條）。
（二）與被告或自訴人有特定身分關係，得拒絕證言。例如，現在為被告的配偶，於被告的案件可以拒絕證言（第180條）。
（三）害怕因自己陳述特定內容，有使自己或一定身分關係的親屬受到刑事訴追或處罰，得拒絕作證（第181條）。
（四）基於特定業務關係，如擔任醫師、律師、會計師等而知悉他人的秘密時，除非經過本人的允許，否則就該秘密事項得拒絕證言（第182條）。",M             
客觀舉證,訴訟當事人對於某事實是否存在，已經提出所有的證據，且經民事法院調查證據後，如果仍然沒辦法使民事法院認定某事實究竟是存在或不存在，因此產生不利益的結果要由哪一造當事人負擔的問題。例如：原告提出其匯款給被告5萬元之銀行匯款單據，主張被告向原告借款，提起民事訴訟。原告雖有匯款至被告帳戶5萬元之事實，但匯款之原因可能為買賣、贈與、清償、會款等很多情形，依客觀舉證責任之分配，主張有利於己之事實者，就該事實有舉證之責任，也就是應該由原告證明兩造間有借款合意及借款交付之事實，民事法院調查證據後，如果仍然無法確定該匯款原因是否為「借款」時，不利益的結果（無法證明借款合意）由原告承擔。,V             
參酌,參考,G             
合作式父母,夫妻離婚後，仍然是孩子的爸爸媽媽，為了孩子好，在照顧子女的事情上，離婚的夫妻仍然要互助合作，不要互相攻擊、抵制，這就叫合作式父母。,F             
量刑辯論,刑事訴訟審判期日的程序，大致上可以分為調查證據及辯論兩個階段。在辯論的階段中，雙方當事人針對法院量處的刑罰種類及刑度輕重來進行討論、攻擊或防禦，這個程序叫做量刑辯論。,M             
禁止夜間詢問,對於一般人來說，夜間是休息的時段，利用夜間詢問犯罪嫌疑人，可能會有疲勞詢問的疑慮。因此，刑事訴訟法第100條之3規定，司法警察官或司法警察原則上不得利用夜間詢問犯罪嫌疑人；夜間指的是日落後到日出前的這段時間。,M             
悟股,請參考「馨股」的解釋。,F             
尚非無稽,應可採信、應屬事實,G             
駁回自訴,法院就自訴案件以有刑事訴訟法第326條、第333條等情形，而以裁定駁回自訴。,M             
表示行為,所謂表示行為，是指將內心想要發生一定法律效果的意思，表示於外部的行為。例如，在契約書上簽名表示同意契約內容，或點頭表示同意他人使用自己物品，該簽名、點頭的行為均屬表示行為。,V             
雙重故意,指教唆（幫助）犯，所應具備雙重層面的故意。換句話說，教唆（幫助）行為人，對其所教唆（幫助）的「他人將實現某犯罪」這件事情，具備故意；並且對「自己行為將引起（或有助於）他人某犯罪」這件事情，也具備故意。,M             
公示主義,如果要賦予某個權利可以對抗任何人的絕對效力，原則上就必須將其變動、歸屬或其內容公開揭示，讓任何人都可以查詢得知，才能使其發生一定法律效果的原則。例如：以法律行為進行不動產所有權移轉，必須到地政機關辦理登記，才發生移轉的效力；以法律行為進行動產所有權移轉，必須交付占有，否則不發生移轉效力，都是採取物權公示主義。,V             
二元訴訟制度,我國受歐陸法系影響，採取「公私法二元理論」，將法律分為公法與私法。準此，關於訴訟救濟的途徑，也是分別由不同審判體系的法院審理。依現行法律規定，行政訴訟（公法爭議）是由行政法院審判，而民事訴訟（私法爭議）則是由普通法院審判，此即所謂「二元訴訟制度」。,A             
緣,因為、由於。,A             
鄰人訴訟,"又稱「鄰人（行政）爭訟」，係指行政處分作成後，非行政處分相對人之第三人，以該行政處分之作成造成其公法上權利受到侵害，對該行政處分（第三人效力處分）提起行政爭訟之訴訟案型。例如：相鄰或相近土地間，有關建造許可之行政措施而對週邊土地造成影響，由週邊土地權利人（鄰人）提起爭訟。
",A             
於法尚有未合,不符合法律規定,G             
仲裁人,當事人為終局解決紛爭，約定將他們之間發生的爭議，提交給各方所同意的第三人裁決，該協助解決糾紛的第三人就稱為仲裁人。通常仲裁適用於工程、技術合作、海事、證券、保險、國際貿易、智慧財產權、房地產等較具專業性的事務。,V             
言詞辯論終結,刑事案件原則上第一、二審為事實審，法院原則上均是採言詞辯論方式進行審理，法院會通知或傳喚雙方當事人在指定審理期日到法院進行辯論，稱為言詞辯論期日，而該期日之終結即為言詞辯論終結。,M             
遽認,逕認、直接認為,V             
舉證責任,對於主張或抗辯的事項，當事人有提出證據來證明的責任。如果沒有盡到這個舉證責任，可能導致那個有利事實被法院認定為不可採信。,G             
拆屋還地,請求拆除房屋並返還土地。,V             
科刑上一罪,即一般所稱的「裁判上一罪」，行為人以法律上一行為觸犯數個罪名，因為在法律上評價行為人只有為一個行為，所以法院原則必須併合處罰並只能諭知一個宣告刑，類型有現行法的「想像競合犯」與過去刑法修正前的「連續犯」、「牽連犯」等。例如：被告行使偽造之支票購買商品，同時觸犯行使偽造有價證券罪及詐欺罪，法院依照刑法第51條「想像競合犯」規定，依照較重的「行使偽造有價證券罪」處斷。,M             
分管協議,或稱分管契約，是指數人共有一物的情況下，共有人間對於該共有物的使用、收益或管理方法共同達成之協議（或契約）。,V             
死刑,是指一種剝奪受刑人生命的刑罰。,F             
裁處權時效,"國家對於違反行政法上義務的人，可以課處行政罰，但國家這個裁處權的行使，法律會規定一定的行使期間，如果超過這個期間還未行使，國家就不可以再處罰。而這個可以行使裁處權的期間，就是裁處權時效。
例如：行政罰法第27條規定：「行政罰之裁處權，因3年期間之經過而消滅。」規定中的「3年」就是裁處權時效。",A             
審檢分立原則,法官與檢察官彼此獨立行使職權，互不干涉各自職權的行使。法官與檢察官的所屬機關、行政資源與升遷管道，也完全不同，不會有潛在的不當影響他們各自在職務上作成判斷的威脅或誘因。,M             
繫屬,案件經受理而存在於法院的狀態。,A             
預防性羈押,"解釋一：被告經法官訊問後，認為犯刑事訴訟法第101條之1第1項各款之罪，即一、刑法第174條第1項、第2項、第4項、第175條第1項、第2項之放火罪、第176條之準放火罪。二、第221條之強制性交罪、第224條之強制猥褻罪、 第224條之1之加重強制猥褻罪、第225條之乘機性交、猥褻罪、第227條與幼年男女性交或猥褻罪、第277條第1項之傷害罪。但其須告訴乃論，而未經告訴或其告訴已經撤回或已逾告訴期間者，不在此限。三、刑法第302條之妨害自由罪。四、刑法第304條之強制罪、第305條之恐嚇危害安全罪。五、刑法第320條、第321條之竊盜罪。六、刑法第325條、第326條之搶奪罪。七、刑法第339條、第339條之3之詐欺罪。八、刑法第346條之恐嚇取財罪。其嫌疑重大，有事實足認有反覆實施同一犯罪之虞，而有羈押之必要者，得羈押之。其目的在於針對再犯率高之犯罪類型預防再犯。
解釋二：預防性羈押的目的是為了防止被告再犯，以免對社會產生危害，與「一般性羈押」在保全訴訟程序順利進行為目的不同。因此，（1）「羈押的原因」是指被告犯刑事訴訟法第101條之1第1項第1款至8款的犯罪（例如妨害性自主、妨害自由、強制、恐嚇危害安全、竊盜、搶奪、詐欺、恐嚇取財罪等），有事實足認有反覆實施同一犯罪可能。（2）「羈押的必要」是指如果能用具保、責付、限制住居等干預人民基本權利較小的替代羈押手段，足以達到目的時，就沒有羈押的必要，不得羈押被告。",M             
判決之無效,由法院所為的判決，雖然在法律上及形式上確實存在，但具有重大瑕疵，而不發生判決的效力（包含：既判力、執行力和形成力等）。此種判決因為有終結審級的效果，且法院不得在宣示判決後自行撤銷，因此通常必須藉由上訴或再審等方式除去之。例如：對於無審判權的外國人所為的判決、對於無訴訟繫屬事件所為的判決、對於根本不存在的虛構當事人所為的判決、或是對於已不存在的婚姻所為的離婚判決等均屬之。,V             
程序法,程序法是相對於實體法之用語。程序法是規範個別權利義務關係應如何實現的法律，亦即規定法院、行政機關或國家公務員如何進行各種司法程序或行政程序的實證法。因此，程序法可以定位為非關實體權利，而係為安排各種程序的法令。在大陸法系國家，程序法基本上可以分為民事訴訟法、刑事訴訟法及行政訴訟法，實體法則為民法、刑法、所得稅法等規範權利義務關係之法律。,M             
降職,降職，是指降低公務人員所任官等（分委任、薦任、簡任）或職等（分第一至第十四職等，以第十四職等為最高職等）的職務。為保障常任公務人員的尊嚴與權益，公務人員任用法第18條第1項第2款、第3款明文規定，經依法任用的現職公務人員，除自願者外，不得調任低一官等的職務。自願調任低官等人員，以調任官等的最高職等任用。另除有特殊情形，報經總統府、主管院或國家安全會議核准者外，在同官等內調任低職等職務，若非自願，以調任低一職等的職務為限，但均仍以原職等任用，且機關首長及副首長不得調任本機關同職務列等以外的其他職務，主管人員不得調任本單位的副主管或非主管，副主管人員不得調任本單位的非主管。,A             
回復原狀,"一、在民事損害賠償責任部分，是指負賠償責任的人，應以回復原狀（即回復他方損害發生前的原狀）作為賠償的方法，例外才可以金錢賠償（民法第213條至第215條）。例如：甲駕車不慎與乙的汽車發生碰撞，並因而造成乙的汽車車燈毀損，甲應先將乙受損的車燈修復，回復汽車損害前的原狀，作為賠償方法。                                                    
二、在民事訴訟程序，當事人如果沒有在法律所規定的期間提起上訴、抗告或再審之訴等，原則上就不可以再提出。但如果是因為發生水災、震災、風災等天災，或因戰亂、重病、失去自由等，無法委任其他人處理，在原因消滅後可以向法院聲請回復原狀（民事訴訟法第164條、第165條）。",V             
死亡宣告,自然人失蹤時，為了避免不確定的權利狀態長久繼續，致其財產管理、繼承或其配偶或利害關係人之權利關係處於不確定狀態，在一定要件下，由法院以判決方式宣告其死亡。經法院宣告死亡確定即可推定失蹤人已死亡，並發生和真實死亡相同的法律效果。一般人於失蹤滿7年、80歲以上的人於失蹤滿3年、遭遇特別災難（例如：空難）的人則於災難結束後滿1年仍未尋獲時，法院就可以依利害關係人或檢察官的聲請，為死亡之宣告（民法第8條、第9條）。,V             
違章建築,就是指沒有依法申請地方建築主管機關審查許可並取得建築執照，就擅自建造或使用的建築物。,A             
合併審理,依刑事訴訟法第6條規定：「數同級法院管轄之案件『相牽連』者，得合併由其中一法院管轄。前項情形，如各案件已繫屬於數法院，經各該法院之同意，得以裁定將其案件移送於一法院『合併審判』之。」故犯相關連之數罪而分別繫屬於不同法院審理，得由一法院合併審理。,M             
言論自由,人民有表達意見的自由，是憲法所保障的基本權。,F             
非無疑義,有疑問的意思。,F             
財產權,每個人為求生存而以自身的勞動力所取得擁有的東西，除了包括往昔所認為的物之所有權（如擁有土地、房屋、設備等）外，現今也擴及所有具有財產價值的有形及無形的權利（如享有商標權、股權、公職人員退休金請領權等），並透過國家制度來承認、建立及保障（如憲法第15條）。原則上，人民可對其財產權來進行使用、收益或處分等行為，在受有不法侵害時，可依法尋求司法救濟來排除，惟在例外情形下，國家仍可依法對人民財產權予以限制，而給予合理補償。,A             
重新進行行政程序,行政處分於法定救濟期間經過後，基於法之安定性原則，相對人或利害關係人應尊重其效力，不得再對之爭訟。但法定救濟期間經過而發生形式確定力的行政處分，仍可能違法、侵害相對人或利害關係人權益。行政程序法第128條於一定條件下准許行政處分之相對人或利害關係人申請重新進行行政程序，向行政機關申請撤銷、廢止或變更行政處分，使行政機關基於其申請，就已確定之行政處分重新實質審查，以作成適法之決定。,A             
洵無足採,確實不值得採取。,A             
逾期不補正,"法律為促進救濟程序的效能，均明文規定受理事件的要件，如果不具備這些要件，就不受理該事件。這些要件中，有些是無可補正的，有些則可以補正。如果可以補正，為保障人民的訴訟權，法律通常也課予訴願機關或法院應先指定合理期間，給予當事人補正的機會。當人民超過指定的期間，仍然不補正時，才得不予受理該事件。例如，訴願法第77條第1款規定：「訴願事件有左列各款情形之一者，應為不受理之決定：一、訴願書不合法定程式不能補正或經通知補正逾期不補正者。」則訴願書如果不合法定程式，但可以補正，經過訴願機關通知限期補正，訴願人卻超過限定的期間不補正時，訴願機關就應決定不受理該訴願事件。行政訴訟法第107條第1項也有類似規定。
   有關欠缺之要件是否可以補正，有時因法律未明文而發生爭議。例如，刑事訴訟程序中，被告辯護人可以為被告的利益提起上訴，但應該以被告的名義來具狀。如果被告的辯護人錯誤地以自己的名義具狀上訴，則上訴狀就不合法律規定的程式。此種法定程式的欠缺，實務上最高法院69年台非字第20號判例曾經認為不可補正，因此縱使事後再由被告補正以自己的名義上訴，也於事無補。司法院釋字第306號解釋認為此種情形可以補正，前揭最高法院判例應不再援用。
",G             
不變期間,法律規定訴訟關係人做特定的訴訟行為，必須遵守的期間，且該時間原則上不得伸長或縮短，只限於天災或其他不應歸責的原因以致於遲誤期間時，才容許當事人向法院請求延長期間（聲請回復原狀）。,V             
即屬有據,「就有憑據」的意思。法院在裁判書裡寫：「即屬有據」，指的是當事人的請求或主張有憑有據，也就是法院認同或相信該當事人的請求或主張。,G             
對審,指當事人彼此立於相對抗衡的地位，實際參與訴訟審理法庭活動之情況而言。,A             
少年觀護所,隸屬於法務部矯正署的機關，少年被少年法庭法官裁定「收容」、「留置觀察」或少年刑事被告被裁定「羈押」，都是送到此處執行。此處無成年犯，可以避免少年受到成年犯的不良影響。,Y             
國稅,特定稅目的課稅權屬於中央者，為「國稅」；屬於地方者，為「地方稅」。依財政收支劃分法第8條第1項的規定，國稅包含所得稅、遺產及贈與稅、關稅、營業稅、貨物稅、菸酒稅、證券交易稅、期貨交易稅及礦區稅。,A             
辯論原則,法院判斷是否構成犯罪以及認定的犯罪事實，必須在審判期日經過言詞辯論的程序，才能夠採為判決之基礎。,M             
彼等,他們。或寫為「渠等」或「其等」。當裁判書中必須一再敘述同一群人時，為避免重覆書寫其姓名，在第二次以後提及這些人時，就以「彼等」稱之。例如：趙OO、錢OO、孫OO、李OO、周OO等5人均為00公司職員........，彼等均同時遭OO公司解僱。,G             
準無因管理,又稱不真正無因管理，指僅具有無因管理的客觀要件（即管理人無法律上義務，而管理他人之事務），但不具有無因管理之主觀要件（即管理人沒有為他人管理的意思，而是為管理人自己而管理事務，即以管理人自己取得管理效果為目的）。,V             
灼,通常寫作「灼然」，如「灼然可見」、「至為灼然」，指像火光照著一樣那麼清楚，就是「非常明確」的意思。,F             
抑有進者,係用以連接詞語、句子或段落的連接詞，表示（除前述外）後述事件的程度或範圍更進一步。,A             
生活扶助義務,維持其基本生活需求的義務,G             
上訴駁回,"訴訟當事人對於不利於自己、尚未確定的下級審法院判決，向上級審法院聲明不服，提起「上訴」，請求廢棄或變更下級審法院的判決，但上級審法院認為上訴有不合法情形，或上訴的主張並無理由，上訴審法院的表示用語。
例如：人民甲（原告）對稅捐稽徵機關（被告）向臺北高等行政法院提起行政訴訟，臺北高等行政法院判決被告敗訴，被告向最高行政法院提起上訴，經最高行政法院判決上訴駁回，其意思就是維持臺北高等行政法院的判決。",A             
繼續性供給契約,當事人約定一方於一定或不定之期限內，向他方繼續供給定量或不定量之一定種類、品質之物，而由他方按一定之標準支付價金之契約。例如甲為生產玻璃及相關組件公司，於契約所定期間內，以每片玻璃Ｏ元之價格，持續提供玻璃給汽車製造商之乙公司，此種契約稱為繼續性供給契約。,V             
課以義務之訴,"「課予義務之訴」的誤繕。
指人民因中央或地方機關對其依法申請之案件，在法令所定的期間內應作為而不作為，或被機關駁回申請，認為自己的權利或法律上利益受損害，經過訴願程序後，得向行政法院起訴請求命行政機關應作成行政處分，或應作成特定內容行政處分之訴訟。",A             
切結書,書面的保證文件，寫明當事人願負的責任，也稱切結。,V             
專利法,專利法是為鼓勵、保護、利用發明、新型及設計之創作，以促進產業發展而制定之法律，其規範架構包括：第一章總則，第二章發明專利（共七節分別規定專利要件、申請、審查及再審查、專利權、強制授權、納費、損害賠償及訴訟），第三章新型專利，第四章設計專利，第五章附則。,A             
不正利益,不正利益，是指賄賂類型的犯罪中，除了金錢或可以金錢計算的財物以外，足以供人需要或滿足人慾望之一切有形或無形之利益而言。,M             
面會交往,請參考「會面交往」的解釋。,F             
涉外,涉及外國人、涉及外國因素,V             
法律上利害關係人,第三人的權利或法律上利益（包含公法和私法），因為他人間的訴訟或行為結果而受影響的人。,A             
行政法人,"在國家及地方自治團體以外，由中央目的事業主管機關，為執行特定公共事務依法設立的公法人（行政法人法第2條）。行政法人是具有權利能力的一種行政主體，目的在於透過企業經營管理的精神進行運作，並藉由人事財務上的獨立，提升其達成行政任務的效率和品質。
例如：國家運動訓練中心、國家表演藝術中心、國家中山科學研究院、國家災害防救科技中心等。",A             
送達,法院將訴訟文書寄送給應收受文書之人手中。如法院寄送判決書給被告。,M             
直接故意,指犯罪人知道他的行為可能損害別人，而且犯罪人有積極希望損害發生。舉例來說，繼承人甲想要詐領保險金，所以要對其父乙的住家縱火，假裝火災的意外而讓乙死在火場，不過因為乙早已重病，所以平日都有丙看護隨行在乙的身邊，在案發當晚，甲依其計劃對乙、丙住的房子縱火，最後也造成乙、丙死亡，甲對於乙的死亡，顯然明知可能發生這種後果，甲也極度希望乙能死掉，所以有殺人罪的直接故意。,M             
間接教唆,間接教唆，又稱教唆教唆或輾轉教唆，指某人唆使他人教唆第三人實行犯罪。如A唆使B教唆C殺D，此時C是殺人罪的正犯，B是殺人罪的教唆犯，A是殺人罪的間接教唆犯。又間接教唆犯仍屬教唆犯，而教唆犯的處罰是依所教唆的罪名處罰，故A、B須依殺人罪論處。,M             
相對法官保留,"
「相對法官保留」是指原則上應由法官決定，但有情況急迫等情形，例外可由偵查或行政機關先為處分，事後再由法官審查處分之合法性。例如緊急搜索、緊急通訊監察。至於羈押則採「絕對法官保留」原則，只有法官有權決定，偵查機關只有聲請權，而無決定權。 ",M             
非難謂,可以說。,A             
諭,命令,G             
否認子女之訴,妻於婚姻關係存續中，由夫以外的其他人受胎而生的子女，依法仍推定為夫的婚生子女，與真實血統有違，故賦予夫或妻有否認權，自知悉該子女非為婚生子女的時候起2年內，向法院起訴請求該子女為非婚生子女，該等訴訟即為否認子女之訴。由夫起訴者，以妻及子女為共同被告，由妻起訴者，以夫及子女為共同被告，妻或夫死亡者，以子女為被告。應為被告的人均已死亡者，以檢察官為被告。,F             
係,是,G             
結合犯,結合犯係指法律結合數個可單獨成立犯罪之行為，而構成一特別之犯罪類型。亦即，係指在立法設計上，結合兩個獨立之犯罪構成要件而成立一罪之犯罪類型。其型態是一個基礎的犯罪，加上相結合的犯罪所構成。例如：刑法第332條之強盜結合犯，強盜罪為基本犯罪，放火、強姦、擄人勒贖與殺人罪則為相結合之罪 (亦稱形式結合犯) 。,M             
堪以認定,足以認定,G             
裁罰基準,"上級機關為協助下級機關行使有關裁罰的裁量權，確保裁量行使的統一，所訂頒的法規範。這類法規範，依行政程序法第159條規定，性質上多為行政規則，但亦有經法律授權作成法規命令的，如「違反道路交通管理事件統一裁罰基準及處理細則」。又原則上，下級機關應受裁量基準的拘束，但個案中如有裁量基準未曾審酌的特殊情況，下級機關仍然可以依法行使裁量權作成決定。
例如：稅法規定有稅務違章情事可以處以罰鍰，為了使稽徵機關對裁罰金額或倍數有一客觀標準可以參考，財政部訂有「稅務違章案件裁罰金額或倍數參考表」，此參考表就是裁量基準。",A             
實體判決,刑事案件的判決內容，如果確認了國家對於被告的刑罰權存在或不存在，稱為實體判決，包括有罪判決與無罪判決兩種。,M             
消費寄託契約,指寄託物為代替物時，如約定寄託物之所有權移轉於受寄人，並由受寄人以種類、品質、數量相同之物返還（民法第602條第1項）。,V             
競標,相互競爭，以獲得承包工程或買賣貨物的權利。,A             
善股,請參考「馨股」的解釋。,F             
失權效,當事人在法院事實審言詞辯論終結前，得提出而未提出的攻擊或防禦方法，在判決確定後即不得再行提出，此稱為既判力的失權效或遮斷效。例如：債權人對債務人的債權已經罹於時效，債務人在前訴訟中未主張時效抗辯，待該訴訟終結後，不得另外提起其他訴訟主張時效抗辯。,V             
監護宣當,若為「監護宣告」之誤，請參考「監護宣告」的解釋。,F             
尚非不得,就是「可以」的意思。雙重否定的句式，有時用來表示「也不是不能這樣做」的語氣。,F             
106年度監宣字第60號,請參考「106年度家訴字第831號」的解釋。,F             
意思能力,指能夠做出意思表示的能力。一個人能夠判斷、識別自己行為的性質和後果，而對外界表示一定的意思，就是具有意思能力。一個人是否具備意思能力，要由客觀事實加以判斷。,G             
請求權,依法律規定或當事人間的約定，可以要求特定人為特定行為（作為、不作為）的權利。例如：甲、乙約定，甲免費幫乙剪髮，則乙對甲就有免費剪髮的請求權。另如：甲駕車不慎撞傷乙，乙因受傷送醫而有醫藥費支出，如甲的行為符合民法侵權行為損害賠償請求權的要件，乙對甲就取得侵權行為賠償損害請求權。,G             
附屬刑法,係指刑罰的規定，附屬在非刑法的領域裡。例如：公平交易法、證券交易法、商標法、民用航空法、公司法、藥事法等，都不是「刑法」，但這些法裡面，分別隱藏了刑罰的制裁規定。,M             
買賣人口罪,刑法第296條之1第1項之買賣人口罪，其犯罪之實行，須有買方、賣方，且雙方均構成犯罪，才成立本罪。而所謂「買賣人口」，乃指行為人（買方或賣方）與他人（賣方或買方）談妥人口（被害人）及價金，並將被害人移置於買方或他人實力支配下之行為。,M             
帝王條款,某些根本性的法律原則，就像帝王一般，立於法律中的最高地位，不能牴觸。例如：行政程序法第7條的比例原則、第8條的誠實信用原則等。,A             
據爭,據理爭辯。,A             
不能維持生活（民法第1117條）,指不能以自己的財產維持生活而言。,F             
限制出境,限制出境是限制被告不得出中華民國統治領域（也可稱禁止出國），例如不准搭飛機或船舶出國。但限制出海，則搭船去澎湖、綠島、金門、馬祖等出海行為均被禁止。,M             
消極財產,債務的意思。,F             
意圖營利而媒介外國人非法為他人工作罪,為保障國民工作權，除特定工作外，外國人未經雇主申請許可，不得在我國境內工作；就業服務法第64條更規定，意圖賺取利益而媒介外國人非法工作，無論是向雇主收取仲介費，或從工作薪資抽取介紹費，處以3年以下有期徒刑、拘役或科或併科120萬元以下罰金。,M             
共同監護,監護人有二人以上的，就稱為共同監護。一般也有將「共同監護」一詞，用來描述「未成年子女權利義務之行使或負擔，由父母雙方共同為之(共同行使親權)」的情形。,F             
足按,足以佐證、足以證明,G             
大理院,光緒三十三年，定大理院官制，為全國最高終審機關。宣統元年十二月，公布法院編制法，專設司法機關，掌理民、刑事訴訟，定四級三審，以大理院為第三審，此即為最高法院的起源。民國建立後，百廢待舉，就暫時沿用前清法律，其後十餘年，因軍閥擾攘，若干地區形同割據，司法部門也沒有統一的制度。一直到民國十六年，國民革命軍完成統一，政府奠都南京，改大理院為最高法院，並定最高法院為最高審判機關。,M             
非因財產權,不是因為財產權的意思。,F             
任意辯護,案件是否需有辯護人，由被告自行選任決定，縱被告未選任辯護人，國家亦不加以干涉者，即係任意辯護。任意辯護僅適用於刑事訴訟法第31條及第31條之1以外之案件。,M             
核與,是指「經審查跟某事（相符或不相符）」的意思。比方說「證人所言，核與被告所辯相符。」就是說經過調查後，發現證人說的話和被告辯解的內容是相符的。,F             
一罪一罰,第一種含意又稱「一事不再理」或「禁止雙重危險」，指對一個犯罪行為僅能處罰一次，不得重複追訴、審問、處罰。第二種含意又稱「數罪併罰」，指犯罪競合論上對於數行為分別論罪科刑，而非論以實質上一罪（如接續犯）或裁判上一罪（例如刑法修正前之連續犯）。,M             
準因果關係,是不作為犯之構成要件之一，又稱「假設因果關係」。若行為人的作為，有高度可能性可以防止法益侵害結果發生，則行為人之不作為與結果間即具備「準因果關係」。,M             
善意受讓,指就動產所有權，或其他物權之移轉或設定為目的時，受讓人在主觀上認為讓與人是有權讓與之人（亦即受讓人是善意、不知情），而受讓該動產之占有時，縱讓與人無讓與該動產之權利，受讓人還是可以得到該動產的所有權或其他物權，使受讓人受法律之保護。,V             
法益,指刑法所保護的利益，分為國家法益、社會法益、個人法益。,M             
台上,「台上」是最高法院受理訴訟事件專用的案號字別。如「最高法院106年度台上字第100號」。,F             
中間法,刑法第2條第1項規定：「行為後法律有變更者，適用行為時之法律。但行為後之法律有利於行為人者，適用最有利於行為人之法律。」如行為後法律有經歷過兩次以上構成要件或法律效果之修正，則會有「行為時法」、「中間法」及「裁判時法」，法官應依上開規定，將上開三時期之法律為新舊法比較，選擇應適用之法律。,M             
論理法則,以邏輯分析的方法進行判斷與推理的規則,G             
都市計畫,"在一定地區內，對於有關都市生活的經濟、交通、衛生、保安、國防、文教、康樂等重要設施，作有計畫的發展，並對土地使用作合理規劃的計畫（都市計畫法第3條）。
例如：為了容納臺灣北區未來增加之都市人口等目的，所為之林口特定區計畫。",A             
處分不動產,設定、移轉或變更不動產上的權利。,F             
休職,「休職」依公務員懲戒法第9條第1項第4款規定，為該法所定公務員懲戒處分之一種，依同法第14條規定：「（第1項）休職，休其現職，停發俸（薪）給，並不得申請退休、退伍或在其他機關任職；其期間為六個月以上、三年以下。（第2項）休職期滿，許其回復原職務或相當之其他職務。自復職之日起，二年內不得晉敘、陞任或遷調主管職務。（第3項）前項復職，得於休職期滿前三十日內提出申請，並準用公務人員保障法之復職規定辦理。」,A             
司法審查,"專門的司法機關對於立法機關制定的法律或行政機關的行為是否符合憲法或法律規定（合憲性、合法性）的審查。
例如：司法院解釋憲法、統一解釋法律及命令，由大法官掌理，以會議方式來行使解釋權（憲法第78條、司法院大法官審理案件法第2條）。",A             
管轄法定原則,行政機關的管轄權必須明確規定在組織法規或其他行政法規中，以確定其權限行使的範圍，因此，管轄法定原則，是指行政機關的管轄權，除了有法規的相關規定外，不可以隨意設定或變更的原則。,A             
牙保,指媒介、仲介。,M             
國有非公用不動產,依照「國有財產法」的規定，國家依據法律規定，或基於權力行使、預算支出或接受捐贈所取得的財產，均為國有財產。國有不動產的範圍包括土地及其改良物與天然資源。另國有財產區分為「公用財產」（包括公務用、公共用、國營事業用）與「非公用財產」，而非公用財產是指公用財產以外可供收益或處分的國有財產。因此，國有非公用不動產就是指公用財產以外可供收益或處分的國有土地、改良物或天然資源。,A             
拘役,刑罰種類中自由刑的一種。拘役是短期間拘留之刑罰 ，拘役期間原則上是1~59天，但有加重處罰時，法院最長可以判拘役120天。,M             
利害關係人,"通常是指法律上利害關係人，即某人行為的結果，導致其他人的權利或法律上利益受影響，這個其他人是該行為的法律上利害關係人。若其他人所受影響只是經濟上、情感上或事實上的，則這些人因為只有事實上的利害關係，不具有法律上的利害關係，並非通常意義上所稱的利害關係人。
例如：地政機關將某土地登記為甲所有，但乙認為他才是所有權人，該地政機關的登記行政處分因影響到乙的權利，對乙產生法律上的利害關係，所以乙是該登記處分的利害關係人。",A             
司法機關,司法機關有廣義和狹義的不同意思。依照大法官釋字第392號解釋理由書的意旨，狹義的司法機關是指掌理民事、刑事、行政訴訟審判及公務員懲戒等具有審判作用的機關；而廣義的司法機關則還包含代表國家從事偵查、訴追及執行的檢察機關在內。,G             
專科罰金,刑法對於罰金刑有「專科罰金」、「選科罰金」、「併科罰金」與「選科或併科」等4種立法態樣，其中「專科罰金」是指某罪名的法定刑只有罰金刑而言。例如，刑法第266條第1項規定「在公共場所或公眾得出入之場所賭博財物者，處三萬元以下罰金」即是。,M             
加重危險物罪,依刑法第187條規定，行為人意圖供自己或他人犯罪之用，而製造、販賣、運輸或持有炸藥、棉花藥、雷汞或其他具破壞力、可瞬間殺傷人體或毀損物體的爆裂物或軍用槍砲、子彈，例如在地下工廠製造炸藥，或販賣炸藥，會構成「加重危險物罪」，可處5年以下有期徒刑。,M             
非不得,可以。,A             
易言之,換句話說,G             
不生齟齬,沒有矛盾，不會衝突，也不會相互排斥或牴觸。,G             
尚不得,不可以。,A             
犯行,犯罪行為,G             
實質上一罪,以一個犯意，為數個行為，而實現單一犯罪構成要件者，為實質上一罪。包括結合犯(如強盜殺人)、繼續犯(例如持槍一段時間)、接續犯(例如某甲揍某乙好幾拳，導致身體多處受傷)等。,M             
非難性,指行為人的行為在法律上是否值得予以譴責，通常是以行為人對於法律秩序的敵對意識或實際行為對於法秩序造成的破壞，來判斷他行為可非難程度的高度。例如：過失行為的可非難性較故意犯罪行為低。,M             
開庭,法院通知當事人、法定代理人、訴訟代理人、證人、鑑定人或其他利害關係人等人，到法院或法院指定之適當地點，進行言詞辯論、調查證據、訊問等程序。,G             
委任書,"委託他人代理自己做某特定行為的證明文件。
例如：甲為了在法院進行訴訟，委任乙律師為訴訟代理人，向法院提出，表明委任乙律師進行訴訟的內容，且經甲乙雙方簽章的文書。",A             
同財共居,同財共居家屬，是指居住於同一住居所，且財務共有的親屬。考慮到同居共財家屬共同生活關係，內部對於財產管理既有一定自律規範，基於「法不入家門」的想法，刑法規定如果這樣的親屬之間犯竊盜罪，需要被害人提出告訴，國家才會追究刑責，且可免除其刑。,M             
公判庭,亦即審判期日的審理法庭。,M             
給付延遲,請參見給付遲延相關解釋。,V             
法定解除權,解除權係指因權利人一方的意思表示，使契約溯及消滅的權利。解除權如果是基於法律的規定而發生，就稱為法定解除權。,V             
從物,同一人所有的甲物及乙物，若就一般交易觀念，甲物在客觀上具有繼續性輔助乙物之經濟效用，而居於從屬關係，即認為甲物是乙物之從物。例如電視的遙控器與電視。,V             
用益物權,物權的一種分類，指權利人依法對他人的不動產或者動產享有占有、使用和收益等支配他人之物的利用價值之權利，我國仿日本及歐陸立法例，原有地上權、永佃權、地役權與典權等四種用益物權，但99年民法修正後，除刪除永佃權外，另增設農育權，地役權則改為不動產役權。,V             
"似難謂非無
理由",很難說他沒有道理的意思，表示有理由。,A             
捨棄上訴權,刑事訴訟法第353條規定：「當事人得捨棄其上訴權。」，即當事人於法院判決宣示或送達後，在可行使上訴權的法定期間內，明白表示不上訴的意思。如當事人已提起上訴，就只能撤回上訴，無所謂捨棄上訴權可言。當事人捨棄上訴權後，如果他造也不得上訴者，判決就會確定。,M             
起訴法定主義,「起訴法定主義」是指經檢察官偵查後，若證據足以證明被告之犯罪事實，檢察官依法原則即應起訴被告。我國即刑事訴訟法第251條第1項規定：「檢察官依偵查所得之證據，足認被告有犯罪嫌疑者，應提起公訴。」原則即採「起訴法定主義」。,M             
屬地原則,以地域的劃分來界定特定的法律關係應該適用何種法律、或是由哪個法院審判。,M             
行政救濟,行政權違法侵害人民的權利時，人民向國家機關請求法律救濟的制度。除「行政訴訟」和「訴願」外，還包括其他救濟程序，例如訴願的先行程序、商標法上的異議或評定、公務人員保障法的申訴程序等，範圍比「行政爭訟」較廣泛。,A             
訊謀,以求,G             
公民訴訟,我國行政訴訟的制度目的主要是在保障人民權利，原則上人民僅得就損害其權利或法律上利益的違法行政行為提起行政訴訟。不過，現代社會中往往存在行政機關的違法行政行為有損公益，但未損害人民權利或法律上利益的情形，所以在一些特殊的行政事件類型，法律例外允許人民可以就無關自己權利或法律上利益之事項提起行政訴訟，以維護公益。這種例外的訴訟類型稱為「民眾訴訟」，國內亦有文獻使用「公民訴訟」的用語。,A             
猶豫期間,又稱「不行為期間」，指在該期間內不得為訴訟行為，例如：就審期間，依刑事訴訟法第272條規定，第一次審判期日之傳票，至遲應於七日前送達；刑法第61條所列各罪之案件至遲應於五日前送達。,M             
土地複丈成果圖,地政機關依人民申請或法院囑託，就土地進行再次測量，依照測量結果製作的測量成果圖（依土地法第38條第1項）,V             
尚非難謂無疑,沒有疑問的意思。,F             
撤銷贈與,贈與人將自己之財產無償贈與受贈人，經受贈人允受而生效力後，贈與人向受贈人行使撤銷權，使贈與契約效力歸於消滅之行為。,V             
刑事保證金,被告經拘提、逮捕或羈押後，經檢察官或法院命繳納一定之具保金額，以代替羈押之替待處分。例如：在許多刑事案件，當被告關在看守所一陣子之後，法院有時候會裁定被告可以繳交刑事保證金（交保）後重獲自由，而不用繼續羈押。,M             
不當勞動行為,「不當勞動行為」的原始核心意涵，是指雇主意圖破壞或弱化工會活動所採取的不公平行為。隨著集體勞資關係的發展，此一概念也包含勞方於集體勞資關係中的不當行為。「不當勞動行為」是雇主與勞工雙方不正當地侵害對方集體勞動基本權行為的總稱。詳言之，雇主與勞工之間的契約關係雖然是以契約自由、私法自治為基礎而訂定。不過，雇主處於優勢談判地位，則是勞動關係的現實。為了避免缺乏談判實力的勞工被迫接受不合理的勞動條件，勞動基準法規定了勞動條件的最低標準，以保護個別勞工的權利。但是，勞動基準法只能緩和勞工在契約上不對等的地位，確保勞工可以獲得最低勞動條件。勞資雙方的最適勞動條件，則不可能以法律硬性規定，因為最適勞動條件終究仍受市場法則的支配，必須經由勞資雙方談判，才能得到最適的結論。而勞動基準法不能改變個別勞工缺乏談判力量之現實，只能藉由保障「集體勞動權」的方式，保障勞工組織工會，並在一定的行為規範下，與資方談判，藉以達成適切的集體勞動條件。不過，雇主對於勞工本來就掌握人事懲戒權、管理權、制定工作規則等大權，這些「勞動行為」可以拿來改善公司運作效率、維持工作場合公平，卻也可以拿來打壓工會幹部、破壞或弱化工會活動。如果勞工因參與工會而受到雇主的不利益待遇，或者工會之活動受雇主支配介入，則勞工之集體勞動權仍然無法獲得保障。立法者為了杜絕上述「不當勞動行為」，就以「勞動三法」，也就是工會法、團體協約法、勞資爭議處理法，保障勞工組織工會或參與工會活動的團結權、與雇主簽訂團體協約之集體協商權與不當勞動行為裁決之集體爭議權。其中，工會法第35條禁止及雇主對勞工行使勞動三權時，支配介入之行為或不利益待遇等不當勞動行為；團體協約法第6條第1項禁止勞資雙方拒絕協商或不以誠信原則進行協商之不當勞動行為。另為避免訴訟曠日廢時，遭到打壓的工會以及工會成員經常無力承擔冗長的時間成本，為了能快速解決不當勞動行為爭議，勞資爭議處理法第四章規定有關不當勞動行為之裁決程序，藉以儘速回復平穩的集體勞資關係。,A             
結果迴避義務,為注意義務之一環，就社會上存在風險的活動，若行為人已預見其行為有實現構成要件結果的可能，即應採取避免結果發生的措施，而負有結果迴避義務。,M             
情事變更,"某種法律關係（或契約）成立後，因為非可歸責當事人之因素，發生非當時所得預料之情況，而依其原有法律行為之效果顯失公平時，原來的法律效果就不能再像以前一樣，而需要變更，甚至消滅。例如：依行法第20條第1項規定，公法上契約成立後，情事變更，非當時所得預料，而依其原有效果顯失公平者，行政法院得依當事人聲請，為增、減給付或變更、消滅其他原有效果之判決。
",A             
行政罰,"國家為了維持行政秩序，達成行政目的，對於違反行政法上義務的人民，由行政機關依照法律或自治條例等規定，所為處以罰鍰、沒入或其他種類行政罰的處罰。
例如：甲把自用小客車停放在禁止臨時停車的地方，被交通警察開單告發，經裁決處新臺幣900元「罰鍰」，該900元罰鍰即行政罰。",A             
年籍資料,法院審理案件或檢察官偵查時，為了確認原告、被告或其他訴訟關係人（例如證人）的人別，避免因姓名相同而產生混淆或無法特定對象的情形，會依法要求當事人或其他訴訟關係人提供其出生年月日、身分證字號及戶籍地址等個人資料，此等資料就是一般通稱的年籍資料。為簡化書狀應記載的法定程式，110年11月1日修正施行的行政訴訟法第57條第1項第1至3款規定，雖將年籍資料自當事人書狀應記載之事項中刪除，但為避免卷內資料不足以確認當事人身分，增訂同條第2項，明定書狀內宜記載當事人、法定代理人、代表人、管理人或訴訟代理人之年籍資料等足資辨別的特徵。,"A,G           "
判決之補充,當法院的判決就訴訟標的的一部、訴訟費用或假執行的聲請有脫漏時，法院依聲請或依職權就漏未判決部分作成補充判決（民事訴訟法第233條）。,V             
一事不再理,同一當事人就同一法律關係，向法院起訴請求後，不得就同一法律關係再為相同的請求。除可避免浪費司法資源外，也可避免雙重危險之發生，否則被告將窮於應訴。,A             
情輕法重,法官於量刑時，必須在刑罰規定的刑度範圍內，依刑法第57條規定，審酌行為人及其行為等一切情狀，並兼顧比例原則。然而，當行為人犯罪情節很輕微，但所犯罪名的法定本刑卻很重，即便量處最低刑度，仍有明顯罪刑不相當時，就會出現「情輕法重」的情況，此時法官就可適用刑法第59條規定酌量減輕刑度，以符合個案裁判的妥當性。,M             
覆反詰問,指對詰問人於覆主詰問時所問的問題或證人的回答，以反詰問的方式再去問證人，以得到反駁或澄清的效果。,M             
單獨代理,行政訴訟法第52條規定：「訴訟代理人有二人以上者，均得單獨代理當事人（第1項）。違反前項之規定而為委任者，仍得單獨代理之（第2項）。」則法院或他造當事人之行為，可任向訴訟代理人其中一人或全體為之，均對委任人發生效力（最高行政法院102年度裁字第883號裁定意旨參照）。,A             
可非難性,刑法學說以「罪責」為犯罪成立要件之一。 罪責係指行為的不法係可歸責於行為人之責任，「責任」，則指非難之可能性而言，亦即對於行為人雖然可決定其應為合法行為，但卻偏偏決定實施違法行為，其所實施之違法行為即應予以歸責，而具有可難性。,M             
變更起訴法條,法院就檢察官所起訴之犯罪事實，變更檢察官所引用之法條，而為科刑判決之意。例如甲男強制猥褻乙女，檢察官依強姦罪起訴，起訴後法官認為應是強制猥褻，故變更檢察官所引強姦罪之法條，為強制猥褻的法條。 ,M             
當事人,刑事訴訟的當事人，是指自訴人、檢察官及被告，民事訴訟的當事人則指原告、被告，非訟事件則是指聲請人、相對人。至於律師、代理人、證人等等，就不是當事人。,G             
調處不成立,爭議雙方當事人經過調停處理無法達成協議。,A             
容有未洽,比喻無法調和或不能相容，是一種比較委婉的否定語法。「容有未洽」這個名詞，在判決書中，是指法院對於某項事實或法律上主張，認為有誤會或不符合法律規定，因此不予採信的意思。,G             
覆審,前審於審判之後，再次以相類似的程序重新加以審判。,M             
純正身分犯,係指行為人必須具備特定資格與條件始能成立之身分犯，若無此等特定資格與條件則無法獨自成立犯罪。亦即，立法者在制定某一犯罪規定時，業將行為人之身分、資格考量在內，認為行為人必須具有特定之身分、資格，而實現該行為時，始會牴觸其犯罪之規範目的，若行為人並未具有此等身分、資格，即無法成立犯罪之正犯，至多僅能以共犯之型態來實現犯罪。如：公務員之圖利罪，若收受賄賂之人並無公務員之身分，則不成立此罪，其他例如：刑法第121條之不違背職務之公務員收受賄賂罪、第168條之偽證罪。此等身分又稱為構成身分。,M             
保護管束,屬長期輔導性質的保護處分，由少年保護官執行。期間最長是三年，但執行滿六個月後，如果執行成效顯著，沒有再繼續的必要，或是有事實上原因，以不繼續執行為適當時，少年保護官可以向法官聲請免除。但如果執行期間，少年的表現極為糟糕，保護管束處分已經無法達到輔導效果時，法官也可以裁定撤銷保護管束，讓少年接受感化教育，以矯正少年。,Y             
優先購買權,優先承購之權利。例如，依土地法第34條之1第4項規定，共有人出賣其應有部分時，他共有人得以同一價格共同或單獨優先承購。,A             
專家證人,證人利用學識、技術、經驗、訓練之專業能力，對於待證事項，在法庭提供專業意見，稱之專家證人。性侵害犯罪防治法第16條之1規定：「於偵查或審判中，檢察官或法院得依職權或依聲請指定或選任相關領域之專家證人，提供專業意見，經傳喚到庭陳述，得為證據。」,M             
身分公務員,是指服務於中央或地方機關，不論是行政、立法、司法、考試或監察機關，並依據法令任用，且其所從事之事務有法令規定之權限而言。例如，「檢察官」是依據公務員考試法舉辦之國家考試及格，依公務人員任用法予以任用，而於檢察署從事偵查犯罪職務之身分公務員。,M             
訴訟實施權,得在具體訴訟中成為當事人以實施訴訟之權能。有訴訟實施權之當事人，就特定之訴訟，具有得以自己名義為原告或被告，而受本案判決之資格。,V             
立法形成自由,立法形成自由，是指立法機關在制定法律時，擁有寬廣的立法形成空間，基於權力分立原則，司法機關在審查法律的違憲性時，為了避免侵犯立法機關的權限，如果法律符合其立法目的，且手段亦屬適當，在無明顯違反人民基本權保障的情形下，司法機關應給予尊重，並作為認定法律合憲的基礎。,A             
政務官,政府本來有制定「政務官退職酬勞金給與條例」，之後於民國88年修正更名為「政務人員退職酬勞金給與條例」，該條例於92年12月31日施行期滿當然廢止。自93年1月1日施行「政務人員退職撫卹條例」。在這個脈絡下，政務官為舊法名稱，現改稱政務人員，指的是政務人員退職撫卹條例第2條所規定之人員。其餘請參見「政務人員」的法律名詞解釋。,A             
子女最佳利益,法院在處理有關未成年子女案子的時候，法律規定法院要考慮子女最佳利益。意思是法院要站在子女的立場來決定什麼是對子女最有利的，而不是站在爸爸、媽媽或其他家族的立場來看這件事情。,F             
反射利益,行政訴訟及懲戒廳業務。,F             
自知之甚稔,自己應該很清楚,G             
強制處分,"解釋一：現行法並未就強制處分為定義性規定，惟參照學說見解，所謂強制處分，係指刑事偵查追訴或審判機關為求證據之調查、取得、保全及被告人身之確保，得使用強制手段對犯罪嫌疑人、被告或其他訴訟關係人所為之強制措施。故是否構成強制處分，應以有無壓抑或違反個人的自由意思，而對其個人重要之自由權利造成實質的侵害為斷。例如：傳喚、拘提、逮捕、羈押、搜索、扣押等，均屬強制處分。
解釋二：檢察機關或法院在偵查、審判中，為確保被告到場，或蒐集、保全證據，有時必須要透過一些強制力的行使來限制民眾自由、財產，例如沒收犯罪證據、逮捕嫌疑人等等，這些行為在法律上就叫做強制處分。現行刑事訴訟法規定的強制處分類型，可分為對「人」實施的強制處分，有拘提、逮捕、羈押，及對「物」實施的強制處分，有搜索、扣押。
強制處分的發動應遵守令狀原則，也就是要有拘票、押票、搜索票，依據侵害人民自由、財產的嚴重程度，分別規定由法官或檢察官審查，但在急迫情況下，如果等待核發令狀後再實施強制處分，恐怕對保全證據或被告緩不濟急。因此，刑事訴訟法例外規定了一些沒有令狀也可以實施強制處分的類型。例如：現行犯(第88條)
及通緝犯之逮捕（第87條）、緊急拘捕（第88條之1）、附帶搜索（第130條）、緊急搜索（第131條）、同意搜索（第131條之1）。",M             
扣繳義務人,扣繳義務人是指在給付所得時，負有扣繳所得稅及依規定期限按實填報扣繳憑單等義務的人（詳可參考所得稅法第89條規定）。,A             
言論免責權,為了讓立法委員行使職權時不用擔心其所發表之言論會涉及刑責問題，憲法第七十三條規定：「立法委員在院內所為言論及表決，對院外不負責任。」旨在保障立法委員受人民付託之職務地位，並避免國家最高立法機關之功能遭致其他國家機關之干擾而受影響。立法委員得藉此保障，於無所瞻顧及無溝通障礙之情境下，暢所欲言，充分表達民意，反映多元民主社會之不同理念，形成多數意見，以符合代議民主制度理性決策之要求，並善盡監督政府之職責。另直轄市議員、縣（市）議員及鄉（鎮、市）民代表對於有關會議事項所為之言論及表決，亦享有言論免責權。,M             
待證事實,"待證事實是指關於犯罪是否成立之事實中真偽不明，尚待當事人提出證據以證明其存否之事實。舉例而言，檢察官起訴被告販賣第一級毒品罪，被告否認販賣之事實，辯稱係無償贈與其友人毒品等語，則被告是否有販賣第一級毒品之行為，即屬該案之待證事實。
法院是否調查某項證據之標準在於該證據之待證事實是否於案情具有重要性，甚或影響相關證據之價值判斷。倘該證據之待證事實於案情具有重要性，或該證據影響其他相關證據之價值判斷時，法院即應予調查。",M             
保護規範理論,法律雖是為公共利益或一般國民福祉而設，但綜合判斷法律的整體結構、適用對象、所欲產生的規範效果及社會發展因素後，可得知法律也有保障特定人的意旨時，該個人即可主張享有某種權利或法律上利益，而可透過司法加以救濟。保護規範理論就是探求人民有無應受保障的權利或法律上利益的解釋方法。,A             
房屋點交,一般是指法院進行強制執行程序拍賣房屋，解除債務人的占有，將拍定的房屋實際交付給得標人。另外，在民間的交易上，則指當事人基於契約之約定，將房屋清空後實際交付給權利人，而移轉占有。例如出賣人將出售之房屋交付給買受人；承租人於租期屆滿後，將房屋交還給出租人。,V             
適法性監督,中央主管機關對於地方自治團體處理其自治事項，僅能為「適法性監督」（司法院釋字第553號解釋文第2段參照），亦即針對各地方自治團體所辦理的自治事項，中央主管機關僅能審查有無違背憲法、法律或基於法律授權訂定的法規等情形，若有違背，中央各該主管機關得報行政院予以撤銷、變更、廢止或停止其執行（地方制度法第75條第2項、第4項參照）。也就是說，中央主管機關對地方自治團體自治事項的監督，只及於自治事項的處理有沒有違法，如果沒有違法，僅是涉及自治事項的處理妥不妥當，中央主管機關就不能干涉了。,A             
地價稅,土地稅的一種，地價稅是按每一土地所有權人在每一直轄市或縣 (市) 轄區內的地價總額計算徵收，基本稅率為千分之十，採累進稅率（土地稅法第1條、第15條、第16條參照）。 ,A             
留置權,依照民法第928條規定，債權人占有他人的動產，如果債權的發生是與該動產有牽連關係，而且到了償還期限，債務人依然沒有償還，債權人就可以留置該動產，不予返還，以該動產作為債權獲得清償的擔保。,V             
惡意遺棄,民法第一千零五十二條第一項第五款「惡意遺棄」之所謂「遺棄」是指不履行同居或扶養義務。「惡意」是法律上的用語，有故意或害意的意思。,F             
一罪不二罰,或稱「一事不再理」、「雙重危險禁止」，如刑事訴訟法第302條第1款規定：「案件曾經判決確定者，應諭知免訴之判決。」實務認為，同一案件經法院為實體上之確定判決，該被告應否受刑事制裁，即因前次判決而確定，不能更為其他有罪或無罪之實體上裁判。,M             
實質競合,犯罪行為人以數犯意實施數行為侵犯數法益而犯數罪而言。,M             
不能犯,不能犯又稱為不能未遂，是指行為人基於犯罪的故意而著手實行，但其行為無法達到犯罪結果，也沒有危險者。例如：某甲誤認砂糖足以致人於死，而將砂糖摻入水中，提供給乙飲用。現行法考量到不能犯之前提係以法益未受侵害或未有受侵害之危險，如果仍對於不能發生法益侵害或危險之行為課處刑罰，無異對於行為人表露其主觀心態對法律敵對性之制裁，在現代刑法思潮下，似欠合理性。因此，基於刑法謙抑原則、法益保護之功能及未遂犯之整體理論，改採客觀未遂論，將不能發生犯罪之結果，又無危險之行為，規定為不罰(也就是不構成刑事犯罪)。,M             
既判力擴張,單一案件中一部犯罪事實被判決有罪確定後，其確定力會及於未經起訴部分。其餘犯罪事實不受刑事追訴，應予免訴判決。,M             
狀態責任,"行政罰主要是以個人的行為作為規範對象，稱為行為責任。而在例外的情形，會以法律明定狀態責任，也就是課予對「物的狀態」具有事實管領力的人排除危險、回復安全的義務。違反該行政法義務的人，就可能會被處罰。例如廢棄物清理法第11條第2款、第4款規定：「一般廢棄物，除應依下列規定清除外，其餘在指定清除地區以內者，由執行機關清除之：……二、與土地或建築物相連接之騎樓或人行道，由該土地或建築物所有人、管理人或使用人清除。……四、火災或其他災變發生後，經所有人拋棄遺留現場者，由建築物所有人或管理人清除；……。」課予土地、建築物所有人、管理人或使用人的清除義務，違反者可依同法第50條第1款處新臺幣1,200元以上6,000元以下罰鍰。",A             
散布猥褻物品罪,依刑法第235條第1項規定，散布、播送或販賣猥褻之文字、圖畫、聲音、影像或其他物品，或公然陳列，或以他法供人觀覽、聽聞者，處2年以下有期徒刑、拘役或科或併科新臺幣9萬元以下罰金。所謂「猥褻物品」是指一切在客觀上，足以刺激或滿足性慾，並引起普通一般人羞恥或厭惡感而侵害性的道德感情，有礙於社會風化之物品而言（司法院釋字第617號解釋意旨參照）。,M             
嗣經,之後有、之後經過,G             
訴訟客體,以刑事程序而言，係指國家與個人之具體刑罰權內容，即處罰者與被處罰者之關係。由於國家的刑罰權係針對特定被告之特定犯罪事實而發起，因此訴訟客體包括被告與犯罪事實。,M             
公文書,有公務員之身分者，在職務範圍內所制作之文書。,M             
審查密度,"審查密度，如以憲法案件而言，通常是指司法者審查法令合憲違憲與否時，對於審查對象之不同，比如是否涉及基本權核心領域，而決定採用嚴格或是寬鬆的立場來檢證。
",A             
抗辯權,對抗權利人行使權利的權利。權利人行使一定權利時，抗辯權人可以拒絕給付或阻止其權利行使。抗辯權可分為永久性抗辯權與暫時性抗辯權。前者可以永久排除請求權人給付（例如：時效抗辯），後者則只能暫時阻止請求權人行使權利（例如：同時履行抗辯權）。,V             
脅迫,以將來之不利益，迫使他人為一定之行為或不行為。,M             
法敵對意識,指行為人認識其行為是法律禁止的違法行為，卻仍採敵對或漠視的態度。行為人如欠缺法敵對意識，刑法學說稱為「違法性認識錯誤(或禁止錯誤)」，如為不可避免的禁止錯誤，行為人因欠缺法敵對意識而成為排除罪責事由；如為可避免的禁止錯誤，則為減輕罪責事由。,M             
簡式審判程序,被告所犯除死刑、無期徒刑、最輕本刑為三年以上有期徒刑之罪或高等法院管轄第一審案件者外，被告就被訴事實為有罪之陳述時，審判長得告知被告簡式審判程序之旨，並聽取當事人或辯護人等意見後，裁定進行簡式審判程序，也就是簡化證據調查程序（證人不必經交互詰問程序），以達訴訟經濟原則，及使訴訟儘速終結，讓被告免於訟累，此即所謂簡式審判程序。,M             
補充理由書,於起訴或上訴後，當事人為強化理由的說明而遞交給法院參考的書狀。,M             
商標,商標，指任何具有識別性之標識，得以文字、圖形、記號、顏色、立體形狀、動態、全像圖、聲音等，或其聯合式所組成。而前述所稱識別性，是指足以使商品或服務之相關消費者認識為指示商品或服務來源，並得與他人之商品或服務相區別的特性（商標法第18條）。,A             
其他違反意願之方法,此在不同法令有不同解釋，最常見者為妨害性自主罪章所規範的「其他違反意願之方法」，指除法條中所例示的強暴、脅迫等方法外，其他一切足以違反被害人意願而妨害被害人性自主決定權的行為態樣。例如，以怪力亂神之事恫嚇，違反對方意願而遂行性交之目的。,M             
立法裁量,"憲法不能鉅細靡遺地規範國家政治與人民生活，所以授權由立法者來具體形塑各種制度。立法者綜合參考社會政治和民情，制定法律規範，且形成法律秩序，而立法過程中會有一定部分的價值判斷，這種被容許的價值判斷空間就是立法裁量。司法權對法規進行違憲審查時，對於屬立法裁量範圍，應有意識地尊重立法者的裁量權限，不對此部分進行審查。
例如：人民訴請法院救濟之權利雖為訴訟權保障之核心內容，不容剝奪，但保障訴訟權之審級制度，可由立法機關視各種訴訟案件之性質加以決定，此部分原則上就是司法權不應干涉的立法裁量空間。",A             
106年度苗簡字第508號給付票款,請參考「106年度家訴字第831號」的解釋。,F             
以他法致生往來之危險,指以與損壞、壅塞相類似的方法，使人、車不能或難以往來通行，若必須通行，將使人、車可能發生危險，構成刑法第185條第1項之罪。如在道路或高速公路上飆車追逐競駛。,M             
反訴原告,反訴是指被告在原告對其起訴的同一訴訟程序中，於一定要件下，可以對原告提起的訴訟，由法院在同一訴訟程序中一併審理原告的起訴及被告的反訴有無理由，所以反訴原告就是本案被告。例如:甲先對乙起訴， 此時，本案原告是甲、被告是乙；之後乙於同一訴訟程序中對甲提起反訴，此時，反訴的原告是乙、反訴的被告是甲，與本訴相反。,V             
公聽會,泛指立法或行政機關為了制定法規、形成政策或作成決定，所進行的預備會議。目的是為了廣泛蒐集人民的意見，作為施政的基礎。例如立法院各委員會為審查院會交付的議案，得舉行公聽會，邀請政府人員及社會上有關係人員出席表達意見（立法院職權行使法第54條以下）。在第二階段的環評程序中，目的事業主管機關應邀集專家、團體及當地居民等舉行公聽會，作成紀錄，送交環評主管機關審查（環境影響評估法第12條）。此外，也有由私人舉辦公聽會的情形，例如實施都市更新事業的機構或團體依都市更新條例第19條規定舉辦公聽會。,A             
告訴人,犯罪之被害人或與被害人有特定關係之人，向偵查機關（包括檢察機關、司法警察機關）申報犯罪事實，請求追訴之人。如車禍被撞傷之人，向警察「請求偵辦」後，其即為告訴人。,M             
轉讓禁藥罪,所謂禁藥，除經中央衛生主管機關公告之毒害藥品（例如安非他命）外，亦含旅客或隨交通工具服務人員攜帶自用藥品進口以外，其他未經核准擅自輸入之藥品。行為人明知為禁藥而持有後，再以原價、低於原價甚或無償讓與他人，即犯藥事法第83條第1項之轉讓禁藥罪。,M             
事物管轄,事物管轄係以案件之性質，劃分案件的第一審法院之管轄權限，是由地方法院還是高等法院管轄。例如內亂罪、外患罪或妨害國交罪，因涉及國家安全，刑事訴訟法第四條特別規定，該等案件的第一審管轄法院為高等法院。,M             
法定偵查原則,偵查法定原則，指檢察官因告訴、告發、自首或其他情事知有犯罪嫌疑的情形，應即開始偵查。,M             
共同責任原則,指共同正犯間，非僅就自己實行的行為負責，在犯意聯絡的範圍內，對其他共同正犯之實行行為，共同負責，成立相同之罪名。如甲、乙、丙、丁、戊共同謀議擄人勒贖，甲、乙負責擄人，丙負責把風，丁負責看管被害人，戊負責取贖，都構成意圖勒贖而擄人罪。,M             
不當得利,無法律上的原因（欠缺給付的目的）而受有利益，並因而造成他人受到損害。例如：誤將存款匯入不相識的第三人帳戶內，第三人無端受有利益，轉帳人因此受有損害，該匯款就是第三人的不當得利。,V             
行商訴,智慧財產法院案件種類於分案時所使用的一種字別。而「行商訴」字別，即指與商標法有關之行事件。,A             
判決之更正,"判決有誤寫、誤算或其他相類似的顯然錯誤時，法院依聲請或是依職權以裁定更正錯誤的判決（民事訴訟法第232條）。例如：將當事人姓名張「穫」誤寫為張「獲」、將200萬元誤寫為20萬元或計算錯誤等。

",V             
交互詰問,就發現真實的層面而言，當事人詰問證人以發現證詞瑕疵，非法官訊問所能取代。因為當事人對案件的始末最為清楚，最能發現證人陳述有何與事實不一，最有能力提出適當的問題，使證人無法自圓其說。而且只有當事人有強烈的動機，對證人詰問以發現證詞的瑕疵，因此，詰問權是實質正當法律程序的一環。交互詰問是指當事人依照一定之順序，對到庭作證之證人加以詢問的程序，一方問完才輪到另一方發問，故稱之為交互詰問。例如：證人是被告一方聲請傳喚的，就由辯護律師或被告先問話，叫做「主詰問」；問完，檢察官如果認為有必要，也可以提出問題，進行問話，叫做「反詰問」。「反詰問」問完，辯護律師或被告仍可就「反詰問」中所發見的疑點或事項再為問話，叫做「覆主詰問」。證人如果由檢察官聲請傳喚的，那麼詰問的順序就由檢察官先開始，之後由辯護人或被告為之，依此交互替換進行詰問。,M             
德股106年度字第234號,請參考「106年度家訴字第831號」的解釋。,F             
先程序後實體,法律大致可分為「實體法」和「程序法」兩個範疇。所謂「實體法」，簡單來說就是規範個人權利義務關係之法律，而「程序法」是規範如何實現實體法的方式。所謂「先程序後實體」，是指必須先符合程序規範後才能進入實體法的判斷。,G             
假扣押,行政訴訟法有規定「假扣押」制度，是附屬於債權人對於債務人所提起之本案訴訟，係為了確保公法上金錢給付請求權日後可以被實現或強制執行，債權人向行政法院聲請暫時地查封債務人的財產，禁止債務人處分財產的1種保全程序（行政訴訟法第293條）。至如海關緝私條例第49條之1第1項、所得稅法第 110 條之 1、稅捐稽徵法第24條第2項、關稅法第48條第2項、廢棄物清理法第71條第1項、全民健康保險法第 93 條等規定，是行政實體法有關假扣押的特別規定，則與行政訴訟法所規定的假扣押制度不同（最高行政法院 103 年9月份第2次庭長法官聯席會議）。,A             
行政裁量,"裁量，在法學上，通常是指作成決定的自由。狹義的行政裁量，指行政機關經法律的授權，在法律構成要件實現時，可以決定是否發生法律效果，或是選擇發生哪一種法律效果。
例如：主管機關對於違法的集會遊行，得在「警告」、「制止」或「命令解散」等處置方式中，選擇適合個案的方式處分。廣義的行政裁量，則指行政機關擬定施政方針或行政計劃的政策形成自由。",A             
當然停止,訴訟程序進行中，因特定的原因，程序當然停止進行的情形。民事訴訟法規定的當然停止原因有：當事人人格消滅（如死亡、法人格因合併消滅）、喪失訴訟能力（如受監護宣告、受破產宣告），或喪失訴訟實施權（如喪失法定代理權、信託任務終了、因一定資格為他人擔任當事人而喪失原來的資格），或法院因天災事變無法執行職務等（民事訴訟法第168條至第172條、第174條、第180條）。,V             
指揮書,裁判確定後，有應以國家公權力強制實現裁判之內容者，由檢察官指揮執行之。依刑事訴訟法第458條規定，除刑罰或保安處分以外的裁判內容，不需要製作指揮書外，檢察官必須以指揮書附具裁判書或筆錄的繕本或節本，來指揮執行，這是因為刑罰、保安處分的執行，涉及人民生命、身體、自由、財產等權利的剝奪或限制，至關重要，所以檢察官指揮執行裁判內容，必須以書面為之，此項書面，就稱為執行「指揮書」。,M             
審級制度,為了確保法院審判的公平與正確，法院分為不同的層級，由上級法院對於下級法院進行行政上的監督，並於當事人不服裁判請求救濟的時候，審查下級法院的裁判。,M             
抗告權人,對於法院之裁定有權得提起抗告之人，即為抗告權人。例如甲因案遭法院裁定羈押，於抗告期間內，甲是有權提起抗告權之人。,M             
難謂有據,難謂有據是指某一項陳述或主張很難說是有根據的，也就是該陳述或主張因為欠缺相關證據支持，不能被法院接受的意思。,G             
防止妨害請求權,此為物權法上請求權之一種，目的在完全實現物權內容。例如：物的所有權人預見其物的所有權客觀上被妨害的可能性極大時，他可以依民法第767條第1項後段規定，請求加害人除去妨害。例如建物年久失修，有向鄰地傾倒現象，鄰地所有權人就可以行使此項請求權。,V             
間接正犯,"解釋一：指犯罪行為人不親自實行犯罪行為，卻基於自己犯罪之意思，利用無責任能力人或無犯罪意思之人實行犯罪行為而言。但間接正犯之成立，不以利用無刑事責任或無犯罪意思之人實行全部之犯罪構成要件行為為必要。即使僅係利用無刑事責任或無犯罪意思之人，實行部分犯罪構成要件行為，再利用該他人已完成之部分犯罪行為，予以加工，以完成預定之全部犯罪行為，該利用他人之行為部分，仍屬間接正犯。
解釋二：所謂間接正犯，指犯罪人利用不知情或是無法有效反抗犯罪人要求的他人，使得這個被利用的他人，代替犯罪人實行犯罪行為，犯罪人在整個犯罪過程中，根本沒有實行犯罪行為，反而只作了「利用他人」的行為而已，理論上不能構成犯罪。然而，考量這個利用行為能夠有效地主導被利用者的意思，使得他人在不知情或難以抗拒的狀態下，代替犯罪人實行犯罪行為。從結果看來，其實跟犯罪人自己實行犯罪行為沒太大差別，因此，我國學說與實務均認可這種利用別人的犯罪手法，可以成立犯罪，這類的犯罪人就是間接正犯。
例如甲想偷乙放在地上的行李箱，甲就趁乙去洗手間的機會，告訴計程車司機丙說：「那個行李箱是我的，請搬到車上」，丙根本不知道行李箱其實是乙的，反而誤以為是甲的，沒想太多，就依據甲的指示把行李箱搬到計程車上，甲接著就坐同一台車把行李箱帶走。在這個案例中，甲並沒有親自動手「拿」乙的行李箱，但卻利用了丙不知實情的狀態，使得搞不清楚狀況的丙幫甲完成「偷拿」乙行李箱的犯罪行為。甲雖然沒真正實行竊盜罪的犯罪行為，只是透過言語而利用了不知情的乙而已，但考量效果上跟甲自己偷拿沒太大差別，甲仍然可以依據間接正犯利用他人不知情狀態的法理，成立竊盜罪的間接正犯。",M             
申告鈴,為了便利人民以言詞告訴、告發或自首特而設致之電鈴，名為「申告鈴」，以備人民隨時可以按鈴向官署申告。通常申告鈴裝置於檢察署大門崗附近，並有標明為「某某法院檢察署申告鈴」。,M             
連帶給付,多數人負同一債務，依明示或法律規定，對於債權人各負全部給付的責任（民法第272條），亦即任何一個債務人在債務還沒全部履行完畢前，對債權人都負有給付全部債務的義務。例如：甲、乙對丙負有100萬元的連帶債務時，丙可以選擇同時或先後對甲、乙兩人或其中任何一人請求給付小於或等於100萬元之金錢，甲、乙的給付責任只有在丙受到完全的清償時才能夠免除。,V             
原處分主義,"主要是針對課稅處分所提起的撤銷訴訟。即為了使課稅紛爭一次解決，受有課稅處分的受處分人，如果對於該課稅處分不服，依法經復查（由原處分機關作成復查決定）及訴願（由訴願管轄機關作成訴願決定）程序後，仍不服時，是以該課稅處分、復查決定及訴願決定三者作為提起行政訴訟的共同爭執對象，也就是在行政訴訟上是將該3個處分視為1個統一的行政決定，使其一併接受行政法院審查，如行政法院認為人民主張有理由時，係將三者一併撤銷或變更。與原處分主義相對的是裁決主義，其認為在行政訴訟中所得爭執及請求撤銷的對象只是復查決定及訴願決定，而不及於最初的課稅處分。
例如：人民對於稅捐稽徵機關補徵所得稅新臺幣予300萬元的處分不服，提起的復查及訴願，均遭決定駁回，就是都維持原課稅處分的認定，人民可以該課稅處分、復查決定及訴願決定作為共同爭執對象，向行政法院提起撤銷訴訟，請求行政法院將該三者均予以撤銷。",A             
惟,「但是」的意思。,F             
事後審查制,此名詞依憲法或各法律領域的不同而有多種意義。例如，刑事訴訟程序的上訴審如果採取事後審查制，是指上訴審只針對「原判決」本身而非「整個案件」有無錯誤進行審查。因此，採事後審查制的上訴審程序，原則上援用原審的證據資料而不再調查新證據，也就是僅事後審查原判決是否違法或不當的審級構造。,G             
房地合一稅,我國自105 年起，實施房地合一課徵所得稅制度。因此，房屋及土地出售時，應計算房屋、土地全部實際獲利，並減除已課徵土地增值稅的土地漲價總數額後，就餘額部分課徵所得稅，使房地交易所得按實價課稅。(參照所得稅法第4條之4、第14條之4至第14條之8及第24條之5),A             
殺人罪,為刑法罪章之名稱，刑法分則第22章「殺人罪」，包括刑法第271條普通殺人罪、第272條殺直系血親尊親屬罪、第 273條義憤殺人罪、第274條母殺嬰兒罪、第275條加工自殺罪及第276條過失致死罪。,M             
主觀公權利,指人民基於公法法規所賦予之法律上權利，得要求國家機關為特定作為或不作為之法律地位。,A             
扣減權,如果有繼承人請求特留分，就表示依照遺囑可以取得遺贈的那個人，要把遺贈的一部分交出來給請求特留分的人。這就叫作「扣減權」。,F             
告訴不可分,"解釋一：告訴乃論之罪一經合法提起告訴，對於其他共犯而言，對其中一人告訴之效力及於其他共犯而言。亦即，告訴人告共犯的其中一人就等於告全部共犯，決定不告共犯中的其中任何一人就等於不告所有共犯。例如甲乙二人共同圍毆丙，事後丙憤而向檢察官對甲提起傷害告訴，則該告訴效力同時及於乙。
解釋二：依照刑事訴訟法第239條規定，告訴乃論之罪，對於共犯中的一人提出告訴或者撤回告訴的話，不論是提出告訴的效力，或者是撤回告訴的效力，都會擴及到其他共犯。不過，在通姦的情形，刑事訴訟法第239條但書有例外的規定，假如告訴人原諒配偶的通姦行為，對配偶撤回告訴的話，撤回的效力不會及於跟配偶通姦的人（即相姦人，俗稱小三、小王）。也就是說，檢察官仍要對相姦人依法偵查及提起公訴。
例如，甲、乙共同打傷丙後，因為甲下手比較重，丙只對甲提出傷害告訴，但提出告訴的效力也會擴及到乙。因此，檢察官對於乙的傷害行為，必須要偵查，認為有犯罪事證時，可以同時起訴甲和乙。如果後來丙與乙達成和解，只對乙撤回告訴，但是撤回傷害告訴的效力也會及於甲。所以，檢察官對於甲、乙共同打傷丙的犯行，都要作不起訴處分。",M             
亦非妥適,「亦非妥適」直譯為白話文，指「也並不妥當、合適」。依據上下文的脈絡，也可能以「尚非妥適」、「實非妥適」等意思相近的用語代替「亦非妥適」。例如，最高行政法院判決中敘述稱：「原處分既有違誤之處，覆審決議未予糾正，亦非妥適」意思就是指原行政處分既然違法錯誤的地方而應該撤銷，覆審決議又未糾正錯誤，卻予以維持，也不妥當合適，針對原行政處分及覆審決議都予以否定的意思。,G             
公訴不受理,為刑事判決種類之一，亦稱「公訴不受理判決」（參見刑法第83條第2項第1款）或「不受理判決」（參見刑事訴訟法第303條），屬程序判決之一種，不受理判決確定並不生一事不再理之實體確定力或既判力。,M             
訊問,「訊問」是刑事訴訟中法官或檢察官為查明事實，而向被告發問的一種調查證據方式。這與接受司法警察「詢問」時的身分是犯罪嫌疑人，有所區別。,M             
怠金,對於應作為卻不作為的人，或對於不應作為卻作為的人，所作成的金錢上處罰。例如，行政執行法規定，依法令或本於法令之行政處分，負有行為義務而不為，其行為不能由他人代為履行者，依其情節輕重得處以怠金。,A             
客觀未遂論,客觀未遂理論是為判斷犯罪行為是否構成未遂犯而衍生的理論，其有別於主觀未遂理論重視行為人的主觀意思，係指處罰未遂犯的理由應視行為有無具備侵害法益的客觀危險性，如不具備就沒有加以處罰的必要。如果採取這個理論，由於既遂犯是實際造成法益侵害，未遂犯僅是具有客觀危險性，因此相對於既遂犯而言，未遂犯就「應」依既遂犯之刑罰減輕。,M             
形式預備犯,指一個故意犯罪行為有處罰預備、未遂及既遂犯時，對該預備犯的處罰。如刑法第271條殺人罪，第3項即是形式預備犯。相對概念之實質預備犯，則指本質上屬特定犯罪行為的預備犯，但立法者特別將此種預備犯獨立處罰，如刑法第199條為第195條的實質預備犯。,M             
要難謂非,很難說不是。,A             
具體危險犯,指行為對於法益必須導致具體危險狀態之發生，才可以成立犯罪。具體危險的存在是客觀構成要件要素(通常在法條中，會有「致生公共危險」的規定)，所以法官在個案中就必須認定具體危險狀態是否確實存在，來決定被告是否成立犯罪。例如刑法第174條第2項放火罪，行為人故意放火燒燬現未有人所在之自己建築物，必須放火行為產生具體之公共危險方成立犯罪，因此，如果行為人自己的房子是蓋在農田中央，四周都沒有其他人的住宅，那麼行為人放火燒掉自己的房子，可能就會被認定不會產生延燒的具體危險，而不構成刑法第174條第2項之放火罪。,M             
主文,法院裁判的結論，就是「主文」。會寫在裁判書「事實及理由」或「理由」欄的前面，是一個獨立的欄位。,F             
婚生子女,指由婚姻關係受胎所生的子女。又妻的受胎如果是在婚姻關係存續中所產生的，推定她所生出來的子女是「婚生子女」。,F             
無搜索票之搜索,檢察官、檢察事務官、司法警察官或司法警察沒有拿搜索票就搜索的情形，例如：經過被搜索人的同意，或是情況急迫、追犯人追到一間房子去，或是逮捕被告時就先搜身以免被告突然掏槍或把證據吃下去。,M             
合義務性裁量,「合義務性裁量」（又稱「受法約束的裁量」）是指行政機關雖然有裁量權，但不是完全放任行政機關恣意而為。在法治國依法行政原則的要求下，行政機關裁量時仍應受到法律及一般法律原則的拘束，倘若行政機關裁量時違反法律及一般法律原則，裁量行為就有瑕疵，屬於違法的裁量。,A             
修復式司法,"修復式司法是對因犯罪行為受到直接影響的人們(例如：加害人、被害人及其家屬、甚至社區成員或代表)，提供各式各樣對話與解決問題的機會及管道。相對於現行刑事司法制度著重在懲罰，修復式司法則關注於療癒創傷及復原破裂關係。透過修復式司法，加害人可以認知其罪行造成的傷害，向被害人及其家屬真誠道歉及承擔賠償責任，改善自己與被害人及其家屬間的關係，最後助其復歸社會。被害人及其家屬則可藉由修復式司法程序描述其經歷的被害過程、自身感受或親人被害的痛苦，並可直接詢問加害人關於犯罪事件的真相，減少因被害產生的恐懼與負面情緒，藉以療傷止痛，回歸正常生活。
法務部保護司自民國99年9月起開始試辦「修復式司法試行方案」，並自101年9月起擴及全國各地方檢察署辦理。",M             
行政委託,"行政機關將其公權力託付私人（民間團體或個人），讓私人得以自己的名義行使公權力，並完成行政任務（行政程序法第16條第1項）。
例如：私立大學頒授學位、民營的汽車製造修理廠受公路監理機關委託代辦汽車檢驗。",A             
自首,在偵察機關還不知道本案犯罪之前，犯罪者向檢察官、警察等具偵查權之人說出自己的犯罪事實，且願意接受法院的裁判。例如車禍發生時，第一時間打電話向警察報告，且在現場等候警察及接受法院審判。,M             
使用執照,建築物建造完成後之使用或變更使用，應請領的一種建築執照（建築法第28條第3款）。,A             
損害債權罪,刑法之罪名，規定於刑法第356條「債務人於將受強制執行之際，意圖損害債權人之債權，而毀壞、處分或隱匿其財產者，處二年以下有期徒刑、拘役或五百元以下罰金。」。,M             
到達主義,是一種法律概念，指意思表示於其到達相對人之處時，才發生效力。此處的到達，通常是指意思表示處於客觀上相對人可得支配的範圍內就成立，而不限於一定要交付到相對人手中，也不論相對人是否閱讀與否。,G             
態樣,型態、樣子,G             
一部無效,單一法律行為的一部分無效。原則上法律行為一部分無效，法律行為的全部都會成為無效。但是如果除了無效的部分以外，其餘部分可以單獨成立的話，其餘部分仍然有效（民法第111條）。例如：丙在網路下單同時購買獨一無二限定版洋基隊簽名球及巨人隊簽名手套各1個，但簽名手套在契約成立前，因恐怖攻擊而被炸毀，該部分契約雖然無效，但由於簽名球和簽名手套可以分開買賣，所以簽名球部分的買賣仍然有效。,V             
告誡,依照行政罰法規定，有一種行政罰的類型稱為「警告性處分」， 而「告誡」就是屬於「警告性處分」的一種。其目的是對違反行政法上義務而受告誡處分的相對人，警告、勸誡其下次不可再犯。,A             
調查庭,言詞辯論、準備程序以外，法院為探究案件之相關事項而開庭的程序。,G             
刑事追訴機關,是指由檢察官組成的檢察機關，代表國家行使刑事追訴職權之司法機關。,M             
共犯從屬性,刑法以處罰犯罪行為為基本原則，故共犯必須依存於正犯之行為 ，始足以成罪，因此共犯具有從屬於正犯之特性，稱為共犯從屬性。,M             
全要件原則,指被控侵權對象應包含經解析後的發明或新型專利之請求項的每一技術特徵，無論是相同的技術特徵或均等的技術特徵，被控侵權對象始可能構成侵權〔參專利侵權判斷要點（105年版），第一篇第三章4.2.2〕。,V             
債務人異議之訴,強制執行程序中，債務人對債權人的請求權存在與否有爭執時，起訴請求債權人不得為強制執行或應撤銷已經實施的強制執行程序（強制執行法第14條、第14條之1）。,V             
純正不作為犯,"解釋一：行為人只有以「不作為」的行為方式才能實現這類的不法構成要件而成立的不作為犯。例如：刑法第149條公然聚眾不遵令解散罪，相關公務人員下命令要求民眾解散，民眾不解散就成立這個罪，而這裡的不解散行為就是一種純正不作為，而刑法149條就是一種純正不作為犯，只有不作為（不解散）才會成立這個罪，民眾無法以任何作為的方法來成立這個罪。 
解釋二：純正不作為犯是指，刑法構成要件有規定用「不作為」的方式成立犯罪。例如聚眾不解散罪（第149條）（公然聚眾，意圖為強暴脅迫，已受該管公務員解散命令三次以上，而不解散者）、不退去罪（第306條第2項）（無故隱匿其內，或受退去之要求而仍留滯者）。其中的「不解散」、「留滯」就是一種不作為的方式，規定在刑法的犯罪要件內，因此，這種「消極不作為」就會成立犯罪。",M             
特別變賣,特別拍賣又稱為特別變賣，請參見特別拍賣程序之解釋,V             
徒執前詞,僅以先前的說法。,A             
撤銷羈押,當原先羈押被告的原因已經不再存在了，這時被告、辯護人、得為被告輔佐人之人或在偵查時的檢察官，可以向法院聲請撤銷羈押。法院如果查明屬實，應該將原先的羈押裁定撤銷，並且將被告釋放。,M             
確認行政處分違法,行政訴訟法上的一種訴訟類型，是確認已執行而無回復原狀可能的行政處分或已消滅的行政處分為違法的訴訟，必須原告有即受確認判決的法律上利益，始得提起。又於原告得提起或可得提起撤銷訴訟、課予義務訴訟或一般給付訴訟時，不得提起此種類型的確認訴訟。（行政訴訟法第6條第1項、第3項參照）,"V,A           "
固有必要共同訴訟,該訴訟必須數人一同起訴或一同被訴，才有共同之訴訟實施權，且訴訟標的對於數人必須合一確定，也就是法院對於共同訴訟人所為之裁判，內容不得歧異。,A             
零稅率,依加值型及非加值型營業稅法第7條規定，外銷貨物、與外銷有關的勞務，或在國內提供而在國外使用的勞務，其營業稅稅率為零。依同法第35條規定，營業人銷售貨物或勞務，依第7條規定適用零稅率者，得申請以每月為一期，於次月15日前依前項規定向主管稽徵機關申報銷售額、應納或溢付營業稅額。但同一年度內不得變更。,A             
稅捐規避,納稅義務人不選擇稅法上所考量認為通常的交易形式，而選擇迂迴或其他異常的交易形式，來達成與通常交易形式相同的經濟上效果，同時減輕或免除通常交易形式所生的稅捐負擔。,A             
告訴期間,告訴期間係指告訴乃論之罪，其告訴應自得為告訴之人知悉犯人之時起，於六個月內為之，該法定六個月之期間，即為告訴期間。得為告訴之人有數人者，其一人遲誤期間，其效力不及於他人。例如甲乙二人共同圍毆丙，丙須於六個月內向警局或檢察署提起告訴，始生告訴之效力；至於非告訴乃論之罪則無告訴期間之限制。,M             
代位求償權,被保險人因保險人應負保險責任的損失發生，而對第三人有損失賠償請求權者，保險人於給付賠償金額後，所取得代位被保險人對第三人請求的權利（保險法第53條）,V             
犯後,犯罪後,G             
禁止錯誤,指行為人雖對事實正確認知，但對法規範認知有所錯誤的情形，包括行為人對於禁止規範完全無所認識，或以為無效，或基於不正確的解釋而對適用範圍產生誤解，因而認為其所為合法。不可避免的禁止錯誤，因欠缺作為罪責要素之一的不法意識，不成立犯罪；可避免的禁止錯誤，僅構成減輕罪責事由，視個案情形酌減刑度。,M             
人行道,依道路管通管理處罰條例第3條第3款規定，人行道是指為專供行人通行之騎樓、走廊、劃設供行人行走之地面道路、人行天橋及人行地下道。又依同條例第45條第1項第6款、第55條第1項第1款、第74條第1項第5款及第8款規定，汽車駕駛人不得駕車行駛人行道，亦不得在人行道臨時停車；慢車駕駛人不得在人行道行駛，於設置標誌或標線可供慢車行駛之人行道上則應禮讓行人優先通行。如有違反，均應受罰。,A             
澎院聰家未106司繼104字第10794號,請參考「106年度家訴字第831號」的解釋。,F             
人格權,人格權係以人格上之利益為標的之權利，凡一切屬於人之尊嚴者均屬之，係一種與人不可分離而專屬於權利人一身之非財產權，性質上為支配權、專屬權、絕對權，包括姓名、身體、健康、名譽、自由、信用、隱私、貞操等。刑法對於侵犯人格權法益的犯罪行為，如傷害、誹謗、妨害自由等均加以處罰。,M             
殊嫌率斷,「殊」有特別、異常的意思；「嫌」有「挑剔」或「質疑」的意思；「率斷」，指草率作成判斷或結論。判決書記載「殊嫌率斷」是指當事人或下級法院有異常草率下判斷或結論的嫌疑。,G             
上訴期間,上訴權人收到法院判決書，如不服該判決，得提起上訴的期間。刑事案件的上訴期間，是收到判決書之日起的十日內，上訴權人可以提上訴，超過上訴期間就不能再上訴了。,M             
優先權日,發明申請人就同一發明，在我國或WTO其他會員國先提出專利申請案，在一定期間內，再於WTO其他會員國或我國提出專利申請案，這時候，較晚提出的專利申請案，就可以先提出專利申請案的申請日，作為審查是否符合專利要件的基準日，這就是專利優先權日。,A             
裁處權,"國家機關為了維持國家的行政秩序，並達成特定的行政目的，對於違反行政法上義務的人、團體、機關或其他組織，依照法律所擁有的制裁、處罰的權力。
例如：甲在新車領到牌照前，就開車上路，因違反道路交通管理處罰條例第12條規定，交通裁決機關所為處以罰鍰新臺幣3,600元，並禁止甲行駛的裁決，就是依據法律賦予的裁處權。",A             
保留廢止權,依行政程序法第93條規定，行政機關作成行政處分有裁量權時，得於行政處分附加「附款」，其種類有期限、條件、負擔、保留廢止權及保留事後附加或變更負擔。簡單說「附款」就是會影響該行政處分效力的條件或限制。而保留廢止權，是指行政機關為有效達成行政目的，或斟酌可能會發生情事變遷，而預先設定特定的前提，以保留於未來廢止行政處分的可能性。因為這會嚴重影響當事人對於行政處分效力的信賴及法安定性，因此，行政機關附加此種附款時，必須謹慎地為合目的性的裁量。,A             
不作為犯,以不作為的方式實現犯罪構成要件者，就是不作為犯，也就是行為人沒有任何的舉止或動作，是違反刑事法律的期待。例如，屋主已經下逐客令，但客人還是賴著不走，就可能構成侵入住宅罪。,M             
虞調,少年如有少年事件處理法第3條第2款規定的7種虞犯行為（經常與有犯罪習性的人交往、經常出入不正當場所、經常逃學逃家、參加不良組織、無正當理由攜帶刀械、吸食或施打煙毒或麻醉藥品以外之迷幻物品如愷他命、有預備犯罪或犯罪未遂而現行法律所不處罰的行為），經移送法院後，所分案案號處理的事件。,F             
洩漏業務上知悉他人秘密罪,刑法第316條係以行為人具醫師、藥師、藥商、助產士、心理師、宗教師、律師、辯護人、公證人、會計師或其業務上佐理人，或曾任此等職務之人等身分，並因業務知悉或持有他人秘密，卻無故洩漏為要件。不具身分者僅於與具身分者共犯時，始成立犯罪。,M             
收訖,收受完畢。在法院裁判書或法律規定中，一般是針對收受現金完畢而言（例如：票據法第74條第1項規定：「付款人付款時，得要求執票人記載收訖字樣簽名為證，並交出匯票」），但也可指物品已經收受完畢。,G             
民法,民法是一部規定民事(例如：買賣、保證、租賃等等)法律關係的法典。,F             
無涉,沒有關係、沒有關聯,V             
自難憑採,當然不能據以採信。,A             
第三級毒品,依毒品危害防制條例第2條2項規範之第三級毒品有安非他命、K他命、FM2…等，施用後對於腦部會造成嚴重性傷害，通常會是不可恢復性的傷害。,M             
夫妻剩餘財產分配請求權,"夫妻結婚以後，住在一起生活，賺錢、花錢都是為了家庭，難分彼此，到了要離婚的時候，就要把財產分清楚。如果結婚的時候沒有特別的約定，那麼離婚時分配財產的原則如下：結婚前取得的財產，都屬於個人，不必拿出來和對方分；結婚以後取得的財產，扣除結婚後所欠的債務，如果還有剩餘，法律上就叫做「剩餘財產」。剩餘財產比較少的一方，可以要求剩餘財產比較多的一方分錢給他，這就是夫妻剩餘財產分配請求權。
不過，在計算個人婚後財產的時候，有些是可以不算進去的，包括個人繼承得來的財產、別人贈送的財產以及精神賠償金等等，法律有特別規定不必拿出來和對方分享。",F             
身心障礙證明,指經過身心障礙的鑑定及需求評估程序，由醫師與鑑定人員完成鑑定，再由社會局（處）進行評估，針對符合資格者所核發的證明。,F             
事理之平,「事理」是指事情的道理，「平」就是公平。因此「事理之平」就是「事情道理的公平」，簡單來講，就是「公平」的意思。在法院裁判用語中提到「有違事理之平」、「自非事理之平」、「不符事理之平」等，都是「違反公平」的意思；反之，「始符事理之平」則是「才符合公平」的意思。,G             
必要共同訴訟,訴訟標的對於各共同訴訟人必須合一確定的訴訟，分為固有必要共同訴訟與類似必要共同訴訟。前者是指數人必須共同起訴或被訴，而在訴訟上視為一體者（例：分割共有物訴訟），若數人未共同起訴或未對數人共同起訴，則當事人不適格；後者則指數人可以為單獨或共同訴訟人，如經列為共同訴訟人，訴訟標的在共同訴訟人間必須合一確定者（例如：撤銷股東會決議訴訟）。,V             
所知所犯,指行為人主觀不法認知（所知）與客觀不法事實（所犯），二者間產生不一致時，原則上以較有利行為人的方式處理：「所犯重於所知，從其所知；所犯輕於所知，從其所犯」。,M             
獨任審判,法院審判案件的組織，如果只有法官一人，就叫做獨任審判。例如地方法院簡易庭的案件是由一個法官進行審判。,M             
容許錯誤,行為人誤以為自己的行為是合法的，或符合某一負面構成要件，但該行為事實上不能阻卻違法。舉例而言，甲與丙發生性關係之目的是為了借腹生子（代理孕母），並已得妻子乙之事前同意，甲對通姦罪的認識無誤，但甲誤以為借腹生子可以阻卻違法，此情形即是容許錯誤。,M             
前案紀錄表,"人民過去曾經因涉嫌犯罪而經偵查機關調查或經過法院判處罪刑之情形的紀錄。檢察署或法院所紀錄的「被告前案紀錄表」則記載有關於被告的下開紀錄：
  1.偵查階段被檢察官簽結、起訴、緩起訴等。 
  2.審判階段被法院判決有罪、無罪、緩刑等。
  3.執行階段被執行易科罰金、拘役、徒刑、假釋等。
通常一般人都簡稱為：前科表。",M             
分配請求權,請求分配財產的權利。例如：夫妻剩餘財產分配請求權（民法第1030條之1）、公司股東的股利（盈餘）分配（分派）請求權等。,V             
主觀的預備合併之訴,共同訴訟中，一原告與他原告的請求，或對一被告與對他被告的請求，是以預備關係結合的訴訟型態。例如：甲將他對丙的債權讓與乙後，由甲、乙共同起訴，先位主張乙為債權的受讓人，請求丙應向乙給付，備位主張如法院認為債權讓與無效，甲仍為債權人，請求丙應向甲給付；或如：甲以乙的名義向丙借款，屆期不還，丙可以甲、乙為共同被告，先位主張乙為債務人，請求乙返還借款，備位主張如法院認為乙並未同意甲以其名義借款時，請求甲返還。,V             
設立登記,把法人成立的事實（例如設立某股份有限公司），依法規向主管機關申請登記，並記載於登記簿的法律行為。,A             
抵押權,債務人或第三人為擔保債權，在不移轉不動產占有的情形下，提供其不動產設定的擔保物權。可分為普通抵押權及最高限額抵押權。普通抵押權指債權人對於債務人或第三人不移轉占有而供其債權擔保的不動產，得就該不動產賣得價金優先受償的權利（民法第860條）。最高限額抵押權則是指債務人或第三人提供其不動產為擔保，就債權人對債務人一定範圍內的不特定債權，在最高限額內設定的抵押權（民法第881條之1）。二者都是債權人為確保金錢債權實現，而於債務人或第三人的不動產設定的物權，並約定如果將來債權人的債權未能完全受償，就可以拍賣該不動產，並就拍賣所得價金優先受清償。例如：乙向甲借款100萬元，約定應於1年後償還，乙同時將其所有A屋設定抵押權予甲，若乙於1年後未全數返還，甲就可以聲請法院拍賣A屋，就拍賣A屋所得的價金，可優先於普通債權人受償。,V             
代履行,行政執行法上間接執行的一種方式。依法令或本於法令的行政處分，負有行為義務而不為，其行為能由他人代為履行時，執行機關得委託第三人或指定人員代為履行。前項代履行的費用，由執行機關估計其數額，命義務人繳納；其繳納數額與實支不一致時，退還其餘額或追繳其差額，可參考行政執行法第29條的規定。,A             
他益信託,"信託是指委託人將財產權移轉或為其他處分，使受託人依信託本旨，為受益人之利益或為特定之目的，管理或處分信託財產的法律關係。受益人因信託之成立而享有信託利益，對於受託人有信託利益給付請求權。若受益人並非委託人本人而為第三人，即為「他益信託」。
",V             
解除契約,契約當事人為使契約關係溯及消滅所為之法律行為。例如：甲、乙簽訂買賣契約，甲向乙買受A屋，買賣契約簽訂時乙向甲再三保證A屋並非海砂屋，但等到乙將A屋交付給甲後，甲卻發現A屋實際上是海砂屋，甲就可以主張A屋缺少乙所保證的品質，依民法第360條規定解除買賣契約。若該買賣契約經甲合法解除，買賣關係就溯及於締約時消滅，甲、乙分別負有回復原狀的義務（乙應將價金返還給甲，甲則應將A屋返還給乙）。,V             
羈押,"解釋一：將被告拘禁於一定處所（看守所），以防止被告在訴訟程序進行中逃亡、滅證、串供或反覆實施犯罪，以使偵查、審判及刑罰的執行可以順利完成的對人之強制處分。
解釋二：指在偵查或審判中，拘束被告或犯罪嫌疑人一定期間人身自由的強制處分。羈押嚴重侵害人身自由，必須由法官審查決定，法官訊問被告後，認為被告犯罪嫌疑重大，具有「羈押的原因」及「羈押的必要」時，簽發押票羈押被告。
羈押的種類依據刑事訴訟法第101條、第101條之1規定，分為「一般性羈押」或「預防性羈押」。
應注意的是，法院羈押被告並不代表被告有罪，因為法院是否羈押被告，在審查被告是否嫌疑重大，也就是令人相信很有可能涉有嫌疑，這與認定被告有罪的門檻，必須達到毫無合理懷疑的確信程度，二者有所不同。",M             
容非可採,難以採信、不可採信,G             
多階段行政處分,"指行政處分之作成，須二個以上機關本於各自職權先後參與而言。
例如：內政部移民署依據財政部的公函，對於營利事業欠稅的負責人作成拒絕許可其出境的處分。",A             
尚屬有間,還有不同、仍有差別。,G             
擇一故意,刑法所稱之「擇一故意」，是指行為人預見數個對象之侵害結果或數個構成要件之實現，只要其中ㄧ個或部分侵害發生或實現，即符合或不違背其本意之情形。例如某甲明知其朝公共道路開槍，可能導致當時行走於該道路之某乙、某丙及某丁其中ㄧ人中彈死亡，仍以無所謂之心態而開槍，並致某丙死亡，則某甲就某丙之死亡結果，應負故意殺人罪之刑責。,M             
謀為同死,行為人受到某人的囑託或得到某人的承諾而殺害該人，或者行為人教唆或幫助某人自殺，應依刑法第275條第1項或第2項處罰。不過，行為人實施這樣的行為時，如果有跟該人一同赴死的意思，稱之為謀為同死，可以依第3項獲得免除其刑的機會。,M             
洒駕,係指服用酒類達一定程度（吐氣所含酒精濃度達每公升0.25毫克或血液中酒精濃度達百分之0.05以上）或已致不能安全駕駛，卻仍駕駛動力交通工具之行為。另如係服用毒品、麻醉藥品或其他相類之物，致不能安全駕駛，卻仍駕駛動力交通工具者，亦成立同罪。,M             
抵費地,"重劃區內，由參與重劃的土地所有權人提供，用以折價抵付公共設施用地、工程費用、重劃費用和貸款利息的土地。
例如：依平均地權條例規定，土地重劃區內的公共設施用地、工程費用、重劃費用和貸款利息，應由參加重劃的土地所有權人依照各自的受益比例共同負擔，並且由土地所有權人以重劃區內未建築土地折價進行抵付。這些抵付的土地稱為抵費地。",A             
搬運,「搬運」，指搬移、運送的行為。例如刑法第349條第1項之搬運贓物罪，就是處罰當事人將贓物移離原所在地的行為，且當事人只要開始著手搬運，並贓物搬離原所在地，行為即為既遂，而不以運抵目的地為必要。,M             
洵,實,F             
不確定法律概念,因為生活事實的多樣與複雜，立法者往往沒辦法鉅細靡遺地用精確的文字來立法，所以法律構成要件會出現較為空泛及不明確的用語（例如：公共秩序、善良風俗、粗俗不雅、增進公眾便利、國家安全、妨害身心健康、無經營價值等），這類用語就是不確定法律概念。,A             
犯罪的積極要件,"1.符合刑法各別條文所規定的行為，例如殺人、竊盜、強盜等。
2.行為與結果間有因果關係（參照：因果關係）
3.故意或過失（參照：故意、過失）",M             
射倖性,不確定性。,M             
認領,一個單身的女子和一個男子生下小孩，這名男子可以承認這個小孩是他的，而建立法律上的父子關係。這名女子和小孩也可以請求這名男子（生父）認領。,F             
上訴之效力,合法提起上訴所發生的效力，包括：阻止判決確定，以及使事件移到上訴審法院審理等效力。,V             
必要費用,依事務的性質，管理、維護或執行該事務等所必需支出的費用。例如：甲駕車撞傷乙，導致乙因而左大腿骨折，乙為治癒骨折的傷害所支出的手術費用，就是醫療的必要費用。,V             
收容,法官調查或審理時，綜合少年的身心狀況、行為的嚴重性、家庭管教或交遊等情況，認為有收容的必要，以促使少年反省、暫時隔離少年與外界損友的聯繫、為保護少年免於外界危險環境或強化家長對少年的管教等目的，可以裁定將少年收容在少年觀護所。法官做這項決定時，除了考量收容的必要性外，並以無法將少年交付家長帶回，或顯然不適合由家長帶回的情形為限。,Y             
無選科主刑,指法官對於刑度無裁量權的情形，例如修法前的海盜致死罪即為唯一死刑。,M             
挑唆防衛,"解釋一：不法侵害可歸咎於防衛者，又稱爲挑撥防衛或挑唆防衛，意指因防衛者有刺激、挑動對方的行爲在先，致使對方發動不法侵害，然後挑撥者再對被挑撥者進行防衛行爲。例如甲意圖傷害乙 所以甲先激怒乙 當乙動手打甲時，甲立即反擊致乙倒地受傷。
解釋二：所謂挑唆防衛指的是，防衛者先以言語或行動挑唆侵害者，使得侵害者產生攻擊意思，然後再對被挑唆的攻擊者實行防衛行為以保護自己。
例如防衛者甲知道乙聽到別人講他之前通姦的事情，就會生氣打人，而甲想假借正當防衛的方式來規避刑事責任，所以甲先對乙大談特談通姦的往事，故意使乙憤怒而出拳打甲，甲一看機不可失，馬上對乙採取正當防衛而打傷乙。甲顯然濫用法律特別給予防衛者的權利，甲是否能夠享受排除犯罪的優惠？針對這個問題，我國最高法院見解一向認為，侵害者乙固然受到挑唆，但他既然自己受不了還要攻擊別人，應該自負其責，所以防衛者甲仍然可以主張完整的正當防衛權利。以上面案例來看，固然甲挑唆乙，但乙受不了別人挑唆，是自己應該負責的事情，甲反擊乙的行為仍可構成正當防衛。",M             
煽惑,鼓勵、刺激那些原本沒有犯罪的意思，或雖有犯罪之意但還沒開始進行犯罪行為的不特定人，使得這些不特定人因而產生犯罪之意，或更堅定其原本的犯罪想法。,M             
洵,實。,A             
免訴判決,免訴判決是指案件因為欠缺實體訴訟條件，而應諭知免予訴究，而不為實體判決。刑事訴訟法第三百零二條規定：案件曾經判決確定者；時效已完成者；曾經大赦者；犯罪後之法律已廢止其刑罰者，均應諭知免訴之判決。例如甲過去曾被誣告偷竊罪，經法院判決無罪確定，豈料檢察官又就同一事件再向法院提起公訴，法院就以案件曾經判決確定為理由，為免訴判決。,M             
土地管轄,指刑事案件以土地區域與訴訟案件間之關係，定同級法院管轄刑事案件之分配。依刑事訴訟法第5條規定，案件由犯罪地或被告之住所、居所或所在地之法院管轄。在中華民國領域外之中華民國船艦或航空機內犯罪者，船艦本籍地、航空機出發地或犯罪後停泊地之法院，亦有管轄權。,M             
業據,已據、已有,G             
離婚無效,"經婚姻雙方當事人同意的兩願離婚，必須要有離婚協議書、二人以上證人之簽名及辦理離婚戶籍登記等三項要件，才生效力（請參考民法第1050條規定）。如果離婚沒有依照上面的方式處理，就會無效（請參考民法第73條規定）。

",F             
脫逃罪,脫逃罪的本質為侵害國權逮捕或拘禁作用而侵害國家法益的犯罪。由於國家係基於統治權力，依法定程序對於犯罪人或其他有拘束身體自由必要之人予以逮捕或拘禁，被逮捕或拘禁之人負有服從及忍受的義務，僅得依法請求救濟，如被逮捕或拘禁之人以不法方式排除公權力的拘束，即屬於侵害國家公權力之行為而構成犯罪。例如，刑法第一百六十一條至第一百六十三條之規定即是。,M             
形式裁判,判決，乃法院以終結訴訟為目的，而就實體法或程序法上之權利義務關係所為具有拘束之裁判。依刑事訴訟法之規定，刑事判決可以分為兩類，即實體判決與形式判決。形式判決通常係指關於刑事訴訟法上程序事項所為的裁判，故又稱為訴訟裁判，例如免訴、不受理、管轄錯誤等判決，並未就實體有罪與否之事項為裁判，故統稱為「形式裁判」，得不經言詞辯論為之。,M             
證言,證人在某一件訴訟案件中，在法庭上陳述自己見聞的事實，這種陳述就是證言。,G             
求償,請求賠償的意思。,F             
提出命令,刑訴法第133條第3項規定「提出命令」，指對於應扣押物（可為證據或得沒收之物）之所有人、持有人或保管人，偵查或司法機關得命其提出或交付，如檢察官或法院函請調閱戶政機關被告之戶籍口卡，或金融銀行機關被告帳戶資金往來明細等，此無須事先由法院審查。,M             
累進處遇,指對於刑期為有期徒刑六個月以上之受刑人，入監後依刑期分別給予一定之責任分數，每月再依其表現給予操行、教化、作業分數，以抵銷其責任分數。累進處遇分為四級，每級責任分數抵銷後，進至另一級，如此由四、三、二而進至一級。進級之結果，處遇漸次緩和，以鼓勵受刑人悔改向上。,M             
客觀訴訟,我國行政訴訟是以救濟人民主觀公權利為原則，也就是人民的權利或法律上利益受到國家公權力侵害時，才能提起行政訴訟；但如果人民為了維護公益，就無關自己權利及法律上利益的事項，對於行政機關的違法行為提起行政訴訟，則要有法律特別規定，這種訴訟性質上就是客觀訴訟（請參考行政訴訟法第9條規定）。,A             
堪,足,G             
釋明,當事人對於事實的主張，透過提出證據，讓法院獲得到達相信大致是真實的程度即可的心證。釋明屬於簡便的舉證，通常在某些程序事項（如：聲請法官迴避）或必須即時處理的爭議（如：債權人向法院聲請准許暫時扣押債務人財產），法律規定當事人只要釋明主張的事實就可以，而不必達到證明（使法院產生堅強的心證）的程度。,G             
行政處分權,行政法上之行政處分權，通常稱行政處分權限或行政處分權能。根據法律保留原則，對於行政機關可否採取行政處分的手段，實現其行政目的，應有法律的依據。因此，判斷行政機關是否有行政處分權，須視法律有無明確授權而定。,A             
懲戒,依據我國憲法第24條，公務員違法侵害人民之自由或權利，應負行政責任、刑事責任以及民事責任。懲戒係行政責任之一種，代表公務員違反法規所定之義務，依公務員懲戒法加以處罰。懲戒之程序，如果公務員為九職等或相當九職等以下者，主管長官可直接移送公務員懲戒委員會(下稱公懲會)審議。如果公務員是簡任職人員，則由監察院提出彈劾並移送公懲會審查，審查成立再移送公懲會。依目前制度，懲戒是由司法機關以判決方式為之，與懲處是由公務員所屬機關依考績法（第12條）所為處分，尚有不同。,A             
構成要件效力,所謂「構成要件效力」，是指一個有效成立的行政處分，其存在及內容（主文部分）對於處分機關以外的其他國家機關發生拘束效力。其他國家機關原則上有義務將該處分當作一個既定的事實予以承認、接受，並作為自身管轄事物的決定基礎。例如，依土地法19條、第20條規定，外國人為供自用、投資或公益之目的使用，得經直轄市或縣（市）政府核准取得特定用途之土地，倘若外國人已經直轄市或縣（市）政府核准購買特定用途之土地，則地政機關於辦理所有權移轉登記時，不能質疑核准處分的合法性，而是應該將核准處分當成一個既存的事實，充作許可移轉登記的根據。不過，行政處分具有構成要件效力只是原則，仍然存有例外，因為承認行政處分具有構成要件效力，是基於尊重機關權限分配及權力分立原則的考量而來，所以倘若作成行政處分的機關根本就不是權責機關，這個行政處分自然不會拘束權限遭受侵害的真正權責機關。此外，對於具有審查行政處分權限的行政機關（通常是上級機關）或法院而言，其既然可以審查行政處分，當然也不會受到行政處分的拘束。,A             
繕具,當事人非因過失，遲誤了刑事訴訟程序的法定期間，得於其原因消滅後五日內，聲請回復原狀。如果當事人是因為遲誤上訴、抗告或聲請再審的期間而聲請回復原狀時，應由受聲請的法院，也就是原審法院決定是否應該許可，原審法院認為應該許可回復原狀聲請時，即應「繕具」意見書，也就是書寫及出具意見書，並將該上訴或抗告案件送由上級法院合併裁判（刑事訴訟法第68條、第69條規定參看）。,M             
失所附麗,「失去依據」、「失去依附的法律關係」的意思。通常用在駁回假執行的請求。因為假執行是以原告勝訴為前提，所以如果法院判決原告敗訴，那麼原告聲請的假執行就會因為前提不存在，而遭到法院駁回。通常寫作「假執行之聲請即失所附麗，併予駁回。」,F             
犯意變更,指行為人在行為著手的時候，轉化原來主觀的犯意。例如行為人開始毆打該人時，本來只想要使對方受傷（傷害犯意），但行為過程中隨即起意要置之於死地（殺人犯意）。犯意變更，可能是昇高或降低，上述舉例屬於昇高的情形。,M             
函釋,行政機關就其主管法令之適用疑義所作成之解釋函，而分別發布、下達或回覆。有行政機關為求法令統一適用主動作成、亦有主管機關應執行機關或人民請求作成；有針對通案抽象法令為之者，亦有針對具體個案指示者。性質不一，要依內容而定。,A             
給付行政,指國家針對一般或特定國民所為福利、公共建設、水電等民生供應措施。,A             
裁判確定力,裁判確定時所產生之效力，當事人不能以通常聲明不服之方法去聲明不服，也不得就同一案件再行起訴。,M             
法定期間,由法律直接規定的期間，稱作「法定期間」。例如依刑事訴訟法規定，上訴期間原則為10日。,M             
易科罰金折算標準,請參照”罰金折算標準”。,M             
技術審查官,技術審查官依智慧財產法院組織法第15條規定，配置於智慧財產法院，承法官之命，辦理案件之技術判斷、技術資料之蒐集、分析及提供技術之意見，並依法參與訴訟程序。,A             
傳聞證據,被告以外之人在法院審判之外的陳述，言詞或書面陳述。例如被害人在警察局所製作的筆錄，因為不是在法庭內應訊所製作的筆錄，所以屬傳聞證據。,G             
協議先行程序,依國家賠償法第10條規定，請求國家賠償時，應先以書面向賠償義務機關請求。賠償義務機關對於上開請求，應即與請求權人協議。協議成立時，應作成協議書，該項協議書得為執行名義。協議不成立時，請求權人才可以向法院提起國家賠償訴訟。所以，協議程序是提起國家賠償訴訟前必經的先行程序。,A             
抄襲,"我國著作權法雖無「抄襲」一詞，但其核心概念是指侵害著作權人的重製權及改作權。例如：甲未經乙的同意或授權，擅自將乙的文章內容原封不動放到自己的文章中，即是侵害重製權；甲未經乙的同意或授權，擅自將乙的文章改寫後，放到自己的文章中，則是侵害改作權。
實務上認定抄襲之要件為「接觸」及「實質相似」，換句話說，如果乙要主張甲抄襲自己的著作，應證明甲曾經直接或間接接觸過乙的著作，並且甲的著作與乙的著作構成實質相似。
",A             
禁反言,「禁反言」是指當你做了一個法律上的主張之後，基於誠實信用的原則，禁止出爾反爾，在事後否認它或做相反的主張，造成相對人因為信賴該表示而受有損害。,G             
著作財產權,著作財產權包括：重製權、公開播送權、公開傳輸權、改作權、編輯權、散布權、出租權、公開口述權（語文著作）、公開上映權（視聽著作）、公開演出權（語文、音樂或戲劇、舞蹈著作）、公開展示權（未發行之美術著作或攝影著作）等。著作財產權得讓與他人，存續期間原則上為著作人之生存期間及其死亡後50年。,A             
刑事執行,「刑事執行」，指刑事判決確定後，依刑訴法第457條規定由檢察官指揮執行，其應執行之內容包括：刑罰（死刑、無期徒刑、有期徒刑、拘役、罰金、緩刑及其條件，有期徒刑易科罰金或易服社會勞動，及罰金易服勞役）、保安處分及沒收（含扣押物發還）等。,M             
拍定金額,法院依強制執行法拍賣動產、不動產、船舶、航空器或其他財產權等債務人的財產，經法院宣示由出價最高的投標人得標，該得標的價額，就是「拍定金額」。,V             
緩起訴期間,檢察官對於已經具備追訴要件的犯罪，在一定之條件下，以命被告遵守或履行一定事項代替提起公訴，如被告信守承諾，在一段期間內不違背應遵守之事項，或完成應履行之事項後，檢察官不再對其進行訴追，亦即被告不必上法院接受審判。而該段期間即稱為緩起訴期間，法律規定為最少一年，最多三年。,M             
遺囑要式性,為確保遺囑的存在及真實性， 遺囑的作成必須依照一定的方式，才發生效力，稱為遺囑要式性。例如遺囑人要做成公證遺囑，必須(1)指定二人以上的見證人；(2)在公證人前，用嘴巴說出遺囑意旨；(3)由公證人筆記、宣讀、講解；(4)經遺囑人認可後，記明年、月、日，由公證人、見證人及遺囑人同行簽名。如果違反這些方式，則所作成的公證遺囑不生效力。,F             
因果關係中斷,係指犯罪行為的前一條件已經開始發生作用，但尚未造成結果發生之前，因後一條件的介入，獨立造成結果之發生，從而造成前一條件之效力因而中斷者而言。例如甲殺乙，乙在送醫急救途中，因救護車發生嚴重車禍，導致乙因車禍而喪命，則甲的犯罪行為與乙的死亡結果歷程，乃因意外介入的車禍而中斷。,M             
代理人,代理被告或自訴人為訴訟之人謂之代理人。例如被告委任律師當自己的代理人，代理出庭及提起上訴、抗告等訴訟行為。,M             
層級化法律保留,司法院大法官釋字第443號解釋理由書第1段提出「層級化法律保留」原則之概念略為：何種事項應以法律直接規範或得委由命令予以規定，與所謂規範密度有關，應視規範對象、內容或法益本身及其所受限制之輕重而容許合理之差異，諸如剝奪人民生命或限制人民身體自由者，應由法律規定；涉及人民其他自由權利之限制或給付行政措施涉及公共利益之重大事項者，亦應由法律規定，如以法律授權主管機關發布命令為補充規定時，其授權應符合具體明確之原則；若僅屬與執行法律之細節性、技術性次要事項，則得由主管機關發布命令為必要之規範。,A             
教唆幫助犯,假設A叫B去幫忙C犯罪，則A就是教唆幫助犯，B是幫助犯，C就是正犯。,M             
複查,「複查」是指對於公布的結果再次檢查或再查證一次的意思。例如，考選部依典試法第26條第2項授權訂定的「應考人申請複查成績辦法」第2條第3項規定，應考人在放榜後，如果對自己的成績有疑問，可以在榜示次日起10日內，向考選部申請複查成績。,"M,A           "
106司暫家護496號,請參考「106年度家訴字第831號」的解釋。,F             
自始不能,"又稱「自始給付不能」， 是指債務人在訂約時就沒有辦法依照債的本旨而為給付。例如：甲、乙於100年12月10日簽訂買賣契約，甲將其名下的Ａ屋出售給乙，但實際上Ａ屋早在100年11月10日就因為地震倒塌而無法交屋。由於甲、乙締約時A屋早已因地震倒塌，所以甲一開始就無法交A屋，此即為「自始不能」。
",V             
第二級毒品,依毒品危害防制條例第2條2項規範毒品項目，罌粟、古柯、+E21大麻、安非他命、配西汀、潘他唑新及其相類製品。而毒品總共分為四級，分級的依據是根據三個要素綜合評斷 : 成癮性、濫用性、社會危害性。,M             
外界事實說,此為舉證責任分配的一種學說。此說將應證事實區別為外界事實（即表現於外的事實， 例如：意思表示）或內界事實（非明顯可知的事實，例如：善意、惡意），認為主張外界事實的當事人應負舉證責任，內界事實的當事人則不負舉證責任。,V             
一造辯論,"訴訟程序原則上是由雙方均到法院進行辯論，法院會通知雙方在指定期日到法院進行辯論，並於辯論終結後定期宣判。如果當事人的一方在收到法院的通知書或傳票後，沒有正當理由而未到法院開庭，到場的一方可聲請單方辯論而為判決，以避免當事人藉故拖延訴訟。

",V             
教唆未遂,被教唆人雖因教唆犯之教唆行為而萌生犯意，並著手實行，但尚未達既遂之狀態者，則教唆犯仍依其所教唆之未遂處斷。例如：A唆使B去殺C，B聽從A的話去殺C，但是C沒有發生死亡的結果，此時A就是教唆殺人未遂。,M             
給付之訴,請求被告給付金錢或特定物、為一定行為、不行為或意思表示的訴訟類型。例如：原告請求被告給付100萬元（或交付車輛、返還土地、交付子女…等）、禁止被告在土地上建築房屋（製造噪音、排放污水…等）、請求被告辦理土地所有權移轉登記等均屬之。,V             
通訊監察譯文,偵查犯罪機關依法定程序向法院聲請核發監聽票，進行監聽後將之譯為文字者謂監聽譯文，乃該監聽錄音內容之顯示。,M             
裁量逾越,裁量逾越是指行政機關行使裁量權的結果，超越法律明文授權的範圍，屬於行政裁量瑕疵的一種類型。例如依道路交通管理處罰條例第8條第1項第2款及第84條規定：「疏縱或牽繫禽、畜、寵物在道路奔走，妨害交通者，處所有人或行為人新臺幣三百元以上六百元以下罰鍰。」警察機關對於違規人最多僅能裁處新臺幣600元以下的罰鍰，但卻裁處罰鍰新臺幣700元。,A             
舉輕明重,一種解釋法律的方法，指法律上的規定如果規範情節比較輕的事實，那麽在解釋上，性質相雷同且情節更加嚴重的事實，當然也包括在規範的效力範圍內。,M             
遺棄罪,為刑法罪章之名稱，刑法分則第25章「遺棄罪」，包括刑法第293條無義務者之遺棄罪、第294條違背義務之遺棄罪，及第295條遺棄直系血親尊親屬罪。,M             
受領勞務遲延,指受僱人已合法提出需僱用人受領之勞務給付，但僱用人未予受領。依民法第487條前段規定，此種情形，受僱人無補服勞務之義務，仍得向僱用人請求報酬。,V             
定暫時狀態之處分,請詳見有關「定暫時狀態」之解釋。,V             
監護人,法律上的監護人有兩種，一種是未成年人的監護人，一種是成年人的監護人。前者是父母都不能行使親權時，要有一個第三人出來當監護人；後者是因心神喪失或心智缺陷等原因，而被法院作監護宣告時，也要有一個監護人。監護人要保護照顧被監護人，並當他的法定代理人。,F             
訴訟要件,訴訟可以合法進行並且應由法院為實體判決所必須具備的條件。例如：告訴乃論罪之合法告訴，為法院為實體判決之訴訟要件。缺少了有效的訴訟條件，其效果應依其屬形式性或實體性欠缺異其處理。若為形式性欠缺，則應為不受理或管轄錯誤之判決，若為實體性欠缺，則應為免訴判決。至於若兩者皆欠缺，則應優先以欠缺形式訴訟條件為理由，為不受理或管轄錯誤之判決。 ,M             
詰問,就是在法院開庭調查證據時，可以由被告（或辯護人）、檢察官，分別對證人、鑑定人直接問話的程序，目的在發現真實，以提供法院作為正確判斷的依據。,M             
追徵,在刑事法上係指受沒收宣告，惟於全部或一部不能沒收或不宜執行沒收時之替代執行方法。,M             
侵權行為責任,因故意或過失不法侵害他人的權利，造成他人的權利或利益受損害，所應負的法律責任。賠償方法以回復原狀（回復到損害前的原狀）為原則，如果無法回復原狀，則應賠償金錢。一般而言，侵權行為人，須因故意或過失不法侵害他人的權利或利益而使他人受到損害，才須負侵權行為損害賠償責任。但在特殊情形，即使行為人並無故意或過失，仍要負侵權行為責任（例如依保全業法第15條規定，保全人員因為執行職務不法侵害委任人的權益時，保全業者縱然沒有過失，也要與保全人員負連帶侵權行為損害賠償責任）。,V             
抗告期間,刑事訴訟程序中，對法院之裁定不服者，應向法院提起抗告。抗告除法律別有規定不許提起外，通常應於裁定送達後五日內提起，即提起抗告之期間。例如法院裁定羈押被告，於裁定送達日起五日，被告均有對該羈押裁定提起抗告的權利，該法定五日之期間，即為抗告期間。,M             
著作權,"為一種保護思想表達方式的法律規範，其可分為著作人格權與著作財產權。
其中著作人格權包括公開發表權、姓名表示權及禁止他人以扭曲、變更方式，利用著作損害著作人名譽的權利。
著作財產權則包括重製權、公開口述權、公開播送權、公開上映權、公開演出權、公開傳輸權、公開展示權、改作權、散布權、出租權等等。",M             
人格從屬性,法院在認定當事人之間是否有僱傭關係時，通常依當事人間有無人格從屬性、經濟上從屬性及組織從屬性等特徵來判斷。所謂人格從屬性，是指勞工的工作時間、地點及給付勞務方法，必須服從雇主指揮監督，自己不能任意決定，並應親自執行工作，不可以請其他人代理，且受到雇主考核。若不聽從雇主指揮，須受雇主懲罰。,V             
身分犯,犯罪之成立與否和犯人之身分原則上並無關係，但刑法中有某些犯罪將犯人之身分或其他特定關係，規定為其構成要件或為刑罰加減或免除之事由，此種因身分關係而成立之犯罪或刑罰加減或免除事由之犯罪態樣，即為身分犯，反之則為普通犯。身分犯又可區分為純正身分犯與不純正身分犯。純正身分犯係指必須具備某種身分或其他特定關係之人，始能成為該犯罪之主體，例如刑法第一百二十一條第一項之收賂罪，必須具備公務員身分，始能成立，故普通人縱使接受賄賂，亦不成立此罪。不純正身分犯係指某種犯罪，雖然任何人均可能實施，但對於具備某種身分或其他特定關係之人成立之犯罪，另規定加重或減輕其刑，例如普通人亦可實施刑法第二百七十七條、第二百七十八條之傷害罪，惟依刑法第二百八十條之規定，對於直系血親尊親屬犯傷害罪者，則加重其刑至二分之一。,M             
個別處分,行政機關就公法上具體事件所為之決定或其他公權力措施而對外直接發生法律效果之單方行政行為。,A             
嚴格證明,"解釋一：指必須以法律上具有證據能力，而且經法律嚴格規定的方式進行調查的證據。嚴格證明的對象包括犯罪事實、處罰條件的事實、刑罰加重減免之事由等。例如，要以證人的指證作為被告犯罪的證明，除有特別規定外，證人必須要到法庭來接受當事人的對質詰問，而且證人在作證前也要經過具結，經過這樣嚴格的調查程序，才可以將證人的陳述內容，作為判斷被告是否犯罪的依據。如果證人只是在庭外提出書面意見供法院參考，這樣的書面陳述，是不可以拿來作為認定被告犯罪的依據。
解釋二：指認定犯罪事實所依據的證據，必須具有證據能力，且依照法律規定進行嚴格的調查程序，也就是對當事人、證人、鑑定人、文書、勘驗的調查，要按照刑事訴訟法規定的調查程序，例如：（1）對證人的調查，應使證人到場，告知具結及偽證的處罰，由證人接受當事人及辯護人詰問或審判長訊問（第166條至171條）。（2）對鑑定人的調查，鑑定人應在鑑定前具結，對鑑定的經過及結果用言詞或書面報告；（3）對文書的調查，應向當事人及辯護人宣讀或告以要旨（第165條）；（4）對勘驗的調查，指法官或檢察官用五官的感官知覺，檢驗觀察與犯罪有關的人、地、物狀態，用文字記載成筆錄，並讓當事人及辯護人辨明（第212條至219條）。另外，物證（例如兇刀）的勘驗，要當庭提示證物，使當事人及辯護人辨認（第164條）。經過嚴格調查方法，法院才能用這個證據來判斷認定事實。也就是說，法院在判斷被告有無犯罪事實所使用的證據，都必須經過嚴格證明程序，而法院在心證上要達到「毫無合理懷疑確信」的程度。",M             
特別負擔,"行政機關對特定人民為特別給付時，而對該特定人民課以公法上給付來作為代價。
例如：人民丟棄大型垃圾時，可以依照廢棄物清理法規定，洽請執行機關安排時間排出，執行機關對該人民為此特別給付時，人民必須配合執行機關規定的時間、地點、作業等清除處理方式。",A             
權利能力,指享受權利負擔義務的資格。凡是人，都有享受權利負擔義務的資格，而且不能拋棄。自然人的權利能力，從出生就具備，直到死亡為止；胎兒如果將來不是死產，同樣有享受權利負擔義務的資格；法人也有權利能力，但會受到法令的限制，而且專屬於自然人的權利義務（例如：婚姻、同居、扶養、繼承等），法人不能享有。,V             
消滅時效,債權人的特定權利，在一定期間內不行使，導致發生無權利存在的狀態，債務人因此得拒絕負相對義務的法律效果。,V             
保外治療,羈押中的被告罹患疾病，經法院准許具保停止羈押到看守所外就醫接受治療，稱作保外治療(或稱保外就醫)。當被告罹患疾病的程度，到達了不保外就醫，顯然難以痊癒的程度，若被告此時聲請保外就醫，基於對生命及身體權利的尊重，法院必須要准許。,M             
和誘,刑法之罪名，規定於刑法第240條第1項及第2項「和誘未滿二十歲之男女，脫離家庭或其他有監督權之人者，處三年以下有期徒刑。和誘有配偶之人脫離家庭者，亦同。」係指未違反被誘人的意願，引誘被誘人脫離家庭或其他有監督權人。依引誘的對象又可區分為和誘「未成年人」、和誘「有配偶的人」兩種情形。,M             
繼承,依照民法第1147條、第1148條的規定，「繼承」是指如果有人去世，他的全部財產、債務等權利及義務，原則上都由他的繼承人來承受的意思。,F             
開除人犯,指人犯已經脫離羈押機關的拘束權限，亦即自原機關羈押被告登記上除名，例如另案執行、撤銷羈押等。,M             
足認其執行職務有偏頗之虞者,有特別利害關係，或與特定人間有密切之交誼或嫌怨，或基於其他情形客觀上足疑其為不公平之職務執行時，得據為請求迴避之原因。例如：行政程序法第33條第1項第2款即規定：「公務員有下列各款情形之一者，當事人得申請迴避︰……二、有具體事實，足認其執行職務有偏頗之虞者。」。,G             
裁判費,"進行訴訟程序依法必須繳納的費用之一，原則上於提起訴訟或聲請時先預納。繳納裁判費是訴訟合法要件，如果不繳或沒有繳足，法院會通知補正，如不補正或補正不完全，法院可以裁定駁回起訴或聲請。
例如：臺北市稅捐稽徵處核定甲應繳納房屋稅新臺幣60萬元，甲向臺北高等行政法院對臺北市稅捐稽徵處提起行政訴訟，這是通常訴訟程序的案件，甲應該繳納裁判費4,000元。",A             
放棄繼承,如果是詢問「拋棄繼承」的意思，請參考「拋棄繼承」的解釋。,F             
真實職業資格,"就業服務法第5條第1項規定雖禁止雇主以種族、階級 、性別、年齡等為由予以就業歧視，但在判斷是否構成歧視時，如果雇主對於求職者所設就業條件為該職務所必需，且為事業單位正常營運的合理需要者，即不構成歧視行為。例如雇主以求職者的年齡為就業條件，學理上認為如直接以年齡設定不利益差別待遇，對正常營運是合理需要，則具有正當性，不構成違反就業服務法的禁止歧視規定。學理上稱此為真實職業資格（Bona Fide Occupational Qualifications, BFOQs）。",A             
獨立審判,法官必須依據法律審理並公平的作出裁判，不受外界輿論、行政上級長官或其他與法律規定不相關的因素干預。,M             
逾此範圍,超過這部分的,G             
繼承回復請求權,當一個人死亡後，他的遺產是歸屬於全部的繼承人，但是如果有繼承人的身份被否認，或是有人假冒繼承人來侵害真正繼承人繼承遺產的權利，那被否認或被侵害的繼承人可以要求對方承認或還出來，這就是繼承回復請求權。,F             
定暫時狀態假處分,定暫時狀態假處分是行政訴訟的一種保全制度。依行政訴訟法第298條第2項規定，聲請人對於爭執之公法上法律關係，為防止重大之損害或避免急迫之危險而有必要時，得聲請行政法院為定暫時狀態之假處分。由於定暫時狀態假處分只是一種保全措施，所以只是暫時決定法律關係狀態，並無終局確定法律關係之效力。,A             
證據法則,泛指法院在審理案件的過程中，如何透過證據來認定事實，做出判斷的相關法則。包括證據方法及調查程序（證據應該以何種方式呈現）、舉證責任的分配（當事人間由誰負擔證明的責任）、證據排除法則（何種證據可以作為認定事實的基礎）、證明力（如何評價證據的證據價值）等。,G             
特別審判籍,法院取得一般性的管轄權，稱為普通審判籍，法院根據訴訟事件之性質而取得的管轄權，則為特別審判籍，請詳見「普通審判籍」之解釋。,V             
揭櫫,揭示、公布的意思。通常是用在指稱「依據某個位階很高的法律或法理」，如「揭櫫憲法保障言論自由之精神」。,F             
追訴權時效,追訴權時效指國家依法得以追訴特定犯罪的期限。如果犯罪發生後一定期間內，檢察官沒有起訴的話，就不能再追究這個犯罪。刑法是以特定罪名法定最重本刑的輕重來決定追訴權時效長短，犯的罪越重，追訴權期間越長。當法定最重本刑為死刑、無期徒刑者，追訴權時效為30年；法定最重本刑為一年未滿有期徒刑、拘役或罰金者，追訴權時效為5年。,M             
第三人,"特定事件當事人以外的人。
例如：人民甲對行政機關乙提起行政訴訟，原告甲或被告乙以外的人，就是「第三人」。",A             
特別犧牲理論,"國家基於公益目的行使特定公權力，並非對一般人產生影響或限制，而是對特定相對人產生影響或限制，造成特定相對人的財產權受有損失，而該損失與其他一般人相較顯失公平，超出社會責任所應忍受的範圍，形成其個人的特別犧牲，基於平等原則考量，國家應給予該特定相對人合理的補償，以衡平其因此所受的損失。
例如：國家因公共事業的需要而合法徵收特定人民所有土地時，特定人民即因公益而受有特別犧牲，此時國家應在相當期間內給予其合理的徵收補償。",A             
因果關係,行為與結果之間有關聯性。如果一個行為，通常會產生特定損害，行為與結果間，就有因果關係。如果沒有特定行為，一定不會產生特定損害，行為與結果間，就沒有因果關係。例如：甲開車撞到行人乙，結果造成乙受傷，行人乙如果沒有被甲撞到就不會受傷，又因為開車撞到行人通常會使行人受傷，因此甲開車撞到行人乙，與行人乙受傷之間，就有因果關係。又如：行人乙受傷送醫，住院期間家裡失火，因為住院通常不會導致家裡失火，所以乙受傷住院與家裡失火之間，就沒有因果關係。,V             
堪信,可以相信、足以相信,G             
著名商標,有客觀證據足以認定已廣為相關事業或消費者所普遍認知的商標（商標法施行細則第31條）。,A             
送達代收人,代為收受法院送達文書之人。,A             
合先敘明,先行說明,F             
既成道路,私有土地因長期供公眾通行使用，形成公用地役關係，土地所有權人對該土地的所有權權能就受到限制。司法院釋字第400號解釋理由書指出，具有公用地役關係的既成道路須具備的要件，第一，須為不特定公眾通行所必要，而非只為通行的便利或省時。第二，在公眾通行之初，土地所有權人沒有阻止通行的情形。第三，須經歷的年代久遠而未曾中斷，不一定限定期間要多久，但應以時日長久，一般人已經記不得確實的開始時間，只能大略知道（例如：始於日據時期、八七水災等）。,A             
夫妻財產權,有關夫妻財產權的歸屬，民法有法定財產制及約定財產制之分。夫妻可以在結婚前或結婚後，以契約就民法所定的約定財產制中，選擇其一作為他們的夫妻財產制，夫妻沒有用契約訂立夫妻財產制的，就以法定財產制作為他們的夫妻財產制。因國人在結婚時多半沒有約定夫妻財產制的習慣，所以法定財產制其實是國內大多數夫妻所適用的夫妻財產制。將夫或妻的財產分為婚前財產與婚後財產，由夫妻各自所有，並由夫或妻各自管理、使用、收益及處分。夫妻於家庭生活費用外，並可以協議一定數額的金錢，提供給夫或妻自由處分，並且就彼此的婚後財產，相負有報告的義務。法定財產制關係消滅時，則發生剩餘財產分配的問題。,F             
拘捕前置原則,拘捕前置原則，是指檢察官對於偵查中的被告或犯罪嫌疑人，必須先經過合法的拘提或逮捕程序，才可以向法院聲請羈押，以保障被告或犯罪嫌疑人的人身自由。如果被告或犯罪嫌疑人未經依法拘提或逮捕，檢察官聲請羈押就不合法，法院應予駁回。,M             
"
偽造盜用印章印文或署押罪",為刑法之罪名，規定於刑法第217條：「偽造印章、印文或署押，足以生損害於公眾或他人者，處三年以下有期徒刑。盜用印章、印文或署押，足以生損害於公眾或他人者，亦同。」,M             
代位物,當抵押權的標的物滅失、毀損時，如果抵押人因此得受賠償或得到其他利益者，該賠償或其他利益成為抵押權標的物的代替物，抵押權人得就該項賠償或其他利益行使權利（民法第881條第1項、第4項）， 此時該賠償或其他利益就是抵押物的代位物或代償物。例如：設定抵押的房屋因第三人縱火而燒燬，抵押物雖因此滅失，但抵押人對該第三人有侵權行為損害賠償請求權存在，該損害賠償請求權即為抵押物的代替物。,V             
公證遺囑,民法規定五種遺囑方式中的一種。原則上，要在公證人面前親自用嘴巴說出遺囑的內容，還要有兩個見證人在場，大家都要簽名才算數。遺囑的方式，法律有嚴格的規定，一定要全部符合，遺囑才有法律的效力，不可以草率，相關規定可以參考民法第1189條至第1198條。,F             
接見通信權,指犯罪嫌疑人或被告與辯護人或他人之會面談話與信件往來溝通的權利。關於接見通信權在刑事訴訟法之依據為第 34 條及第 105 條，第 34 條所規範者為「犯罪嫌疑人、被告與辯護人」，第 105 條係規範「被告與外人」之接見、通信及受授物件。,M             
茲,相當於「此」、「這裡」、「這個」。,A             
竊錄他人非公開活動及身體隱私部位罪,此為刑法第315之1條第1項第2款規定的犯罪型態之一。這是指行為人沒有正當理由(例如未經他人同意)以錄音、照相、錄影或者電磁紀錄等方式，私自紀錄他人不欲公開的活動或是身體隱私部位。,M             
民事庭,指法院內專門受理民事紛爭事件的法庭。,V             
公有公共設施,國家、地方自治團體或其他公法人所設置或管領，提供不特定民眾使用的設施。,A             
上訴人,提起上訴的人。限於因為判決而受到不利益的當事人或訴訟關係人才能提起。,V             
擬制血親,指雙方間本來沒有血緣關係，或沒有直接的血緣關係，但因法律的規定使雙方間的法律關係與血親相同。例如：養父母與養子女間因為收養而享有與生父母子女相同的身分和權利義務。,F             
保證人,為他人的債務，負保證清償責任的人。,F             
家事調查官,家事調查官是國家的公務員，受法官指示去調查家事事件中的特定事項，並作成報告給法官。當事人及關係人應配合家事調查官的調查。,F             
加重強制性交罪,以強暴、脅迫、恐嚇、催眠術或其他違反其意願之方法為性交，而有下列情形之一者：二人以上共同犯之、對未滿十四歲之男女犯之、對精神/身體障礙或其他心智缺陷之人犯之、以藥劑犯之、對被害人施以凌虐、利用駕駛供公眾或不特定人運輸之交通工具之機會犯之、侵入住宅或有人居住之建築物/船艦或隱匿其內犯之、攜帶兇器犯之。,M             
高度吸收低度,刑法上的吸收關係，指數個犯罪構成要件行為彼此性質相容，但具有高度、低度，或重行為、輕行為之關係。當高度或重行為的不法與罪責內涵足以涵蓋低度或輕行為時，只論以高度或重行為的罪名，低度或輕行為則被吸收，不另行論罪。,M             
公共危險案件,"為刑法罪章之名稱，刑法分則第十一章「公共危險罪」，包括刑法第173條放火或失火燒燬現住建築物及交通工具罪、第174條放火失火燒燬非現住建築物及交通工具罪、第175條放火燒燬住宅等以外之物罪、第176條準放火罪、第177條漏逸或間隔氣體罪、第178條決水浸害現供人使用之住宅或現有人所在之建築物及交通工具罪、第179條決水浸害現非供人使用之住宅或現未有人在之建築物罪、第180條決水浸害住宅等以外之物罪、第181條破壞防水蓄水設備罪、第182條妨害救災罪、第183條傾覆或破壞現有人所在之交通工具罪、第184條妨害舟車及航空機行駛安全罪、第185條妨害公眾往來安全罪、第185條之1劫持交通工具之罪、第185條之2危害毀損交通工具之罪、第185條之3不能安全駕駛罪、第185條之4肇事逃逸罪、第186條單純危險物罪、第186條之1不法使用爆裂物及其加重結果犯、第187條加重危險物罪、第187條之1不法使用核子原料等物之處罰、第187條之2放逸核能、放射線致生公共危險之處罰、第187條之3無正當理由使用放射線之處罰、第188條妨害公用事業罪、第189條損壞保護生命設備罪、第189條之1危害公共場所內保護生命設備之處罰、第189條之2阻塞逃生通道之處罰、第190條妨害公眾飲水罪、第190條之1流放毒物罪及結果加重犯、第191條製造販賣陳列妨害衛生物品罪、第191條之1流通食品下毒之罪及結果加重犯、第192條違背預防傳染病法令罪及散布傳染病菌罪、第193條違背建築術成規罪、第194條不履行賑災契約罪等規定。
",M             
定讞,確定的意思。,F             
輔助宣告,一個人因為精神障礙或其他心智缺陷，對於一般事務的理解能力及處理能力明顯地降低，雖然生活起居還可以自理，但是法律關係上比較複雜重要的事情，例如買賣房地、借款、保證、合夥等等，已經無法做出正確的判斷，這時候可以向法院聲請輔助宣告，由法院選任一個輔助人從旁協助他做重大或複雜的決定。,F             
對價關係,"法律關係中的當事人，基於交換利益的目的而彼此互為一定給付行為的權利、義務關係。
例如：甲乙簽訂土地買賣契約，買方甲有給付金錢的義務和取得土地所有權的權利，賣方乙則有交付土地的義務和收取價金的權利。",A             
行政刑罰,"因為違反行政秩序而科以刑事責任的處罰，其特色在於行為人的不法行為違反道德或倫理的程度較高，對社會構成的損害或危險也較大，故於立法政策上，選擇為刑事之處罰。
例如：對於逃漏稅行為，稅捐稽徵法第41條特別針對「以詐術或其他不正當方法逃漏稅捐者」，是規定處以5年以下有期徒刑、拘役或科或併科新臺幣6萬元以下罰金的刑事罰。行政刑罰是依刑事訴訟法規定程序進行。",A             
故此,因此、所以。,A             
家事事件,適用家事事件法處理的事件。包含家庭成員間關於親屬、繼承的一切紛爭，也包括家庭暴力、兒少保護安置及精神病人強制住院等等。,F             
尚非虛妄,應可採信、應屬事實,G             
假處分,"提供正在進行權利救濟的當事人可以向法院請求給予暫時性的權利保護制度（行政訴訟法第298條）。分為二類：
1、保全處分：對於在非金錢債權給付的行政訴訟中，權利因現狀變更，有不能實現或甚難實現之虞，為確保將來獲得勝訴判決後可以強制執行，可以在判決前先向行政法院聲請裁定酌定必要方法的處分。
例如：聲請行政法院暫時禁止環保機關在未施工完成之垃圾掩埋場堆放垃圾。
2、定暫時狀態處分：對有爭執的公法上法律關係，為了防止發生重大危害或避免急迫危險而有必要時，得於判決前先向行政法院聲請裁定定暫時狀態的處分。
例如：聲請行政法院暫時許可對應考資格有所爭議的考生先參加國家考試。",A             
利用權勢性交,為刑法之罪名，規定於妨害性自主罪章，刑法第228條第1項「對於因親屬、監護、教養、教育、訓練、救濟、醫療、公務、業務或其他相類關係受自己監督、扶助、照護之人，利用權勢或機會為性交者，處六月以上五年以下有期徒。」。,M             
所有權人會議,所有權人為共同事務及涉及權利義務的有關事項，召集全體所有權人所舉行的會議。,V             
小額訴訟,當事人提起民事訴訟請求給付的金錢、其他代替物（例如：黃金）或有價證券（例如：股票）的金額或價值在10萬元以下的案件；或者雖然超過50萬元，但當事人以書面合意適用小額訴訟的案件，即為小額訴訟事件。小額訴訟程序相較於簡易及通常訴訟程序具有簡便、迅速、經濟的特徵。例如：1.原告起訴時可以用表格化的訴狀，2.案件由地方法院法官獨任審理，3.當事人同意或是調查證據所需時間、費用與當事人的請求顯不相當時，可以不用調查證據，4.容許法官使用簡化、表格化的判決書，只記載主文，於必要時才記載爭執事項的理由要領，5.當事人對於判決結果不服，只能以判決違背法令為由上訴到地方法院合議庭，6.第二審原則上不能提出新的攻擊防禦方法，7.不能再對二審裁判提起上訴或抗告...等。,V             
代理告訴人,刑事訴訟法第233條第2項「被害人已死亡者，得由其配偶、直系血親、三親等內之旁系血親、、等告訴。但告訴乃論之罪，不得與被害人明示之意思相反。」即為代理告訴人之規定。其告訴期間，自知悉犯人且得為告訴之時起算，若告訴人已不得為告訴，其亦不得告訴。,M             
尚非無據,並非全無依據、並不是完全沒有依據、應可採信、應屬事實,G             
毀損罪,或稱「毀棄損壞」，為刑法罪章之名稱，刑法分則第三十五章「毀棄損壞罪」，包括刑法第352條毀損文書罪、第353條毀壞建築物、礦坑、船艦罪、第354條毀損器物罪、第355條間接毀損罪、第356條損害債權罪等規定。,M             
聚眾犯,刑罰的規定的行為是以聚眾作為要件的犯罪，也就是要成立犯罪，必須有「聚集眾人」這樣的行為作為前提。,M             
命令式計畫,"屬於行政計畫的1種，是指對相對人具有法律上拘束力，且依計畫所涉及的範圍和事項，有時會拘束公行政，有時則會同時拘束一般人民，並使其負擔一定的義務。
例如：都市計畫法規定的都市計畫、區域計畫法規定的區域計畫。",A             
尚有未洽,就是表達法院不予採信的意思。,F             
尚難謂無疑,很難說沒有疑義。,A             
可考,可以佐證、可供證明、可以證明、足以佐證、足以證明,G             
行政法令,「法律」專指經立法院三讀通過並由總統公布的規範，「行政法規」通常指行政法上的法律、以及包括行政命令在內的所有規定，是所有行政法規範的合稱。但近年來「法規」以及「法令」兩者間常可見相互代用，在使用上沒有太大的區分。,A             
訴訟權,人民之訴訟權，係憲法第16條所保障之基本權之一，其內容如：受公平迅速之審判、上訴權、倚賴律師為其辯護之權。,M             
足以引起一般同情,指犯罪具有特殊的原因或環境，而在客觀上有可以讓人心生同情的感受。,M             
再保險人,原保險契約的保險人，藉由與其他保險人簽訂再保險契約的方式，將其承保的危險責任的一部或全部，轉向其他保險人。此時，與原保險人簽訂再保險契約的其他保險人就是再保險人。例如：甲公司就其工廠向A保險公司投保火災險，A保險公司再與B保險公司簽訂再保險契約，約定如果A保險公司與甲公司間保險契約的保險事故發生時，由B保險公司給付A保險公司所應賠付的理賠金。此時B保險公司就是「再保險人」。,V             
原處分卷,人民對行政處分、訴願決定不服，提起行政訴訟，該行政處分為「原處分」，而行政機關在處理、作成行政處分（原處分）的過程中，把相關資料整理、裝訂的卷宗，即「原處分卷」。,A             
停止執行,行政處分原則上不因提起訴願或行政訴訟而暫時停止發生效力或停止執行程序，但有法律特別規定時，可依法停止執行，或聲請行政法院裁定停止執行。例如稅捐稽徵法第39條第2項以提供擔保或繳納部分款項為停止執行的條件、行政訴訟法第116條聲請行政法院裁定停止執行。,A             
違約金,當事人於締結契約之際，約定如債務不履行之時，應由債務人向債權人給付一定之金錢，稱為「違約金」。,G             
懲處,公務人員的「懲處」不同於公務員「懲戒」，懲處是由服務機關所為，懲戒則屬懲戒法院執掌。懲處規定在公務人員考績法的平時考核中，依該法第12條規定，平時考核的懲處分為申誡、記過、記大過，並於機關長官進行年終考績時，一併計算於成績增減總分（此請參見考績評定），且獎懲可以互相抵銷（懲戒不可以），若沒有獎懲互抵而使懲處累積達2大過者，該公務人員的年終考績應列丁等，其法律效果則是免職。,A             
妨害投票正確罪,依刑法第146條規定有二：一.以詐術或其他非法之方法，使投票發生不正確結果或變造投票結果。如選務人員「做票」；二.意圖使特定候選人當選，以虛偽遷徙戶籍取得投票權而為投票。如實際上未居住於選區，為投票予某候選人，將戶籍遷入而取得投票權並前往投票。,M             
幫助犯,"解釋一：幫助他人（正犯）實行犯罪行為者，為幫助犯。雖然被幫助的正犯不知幫助之情，也成立幫助犯。 幫助犯的處罰，得按正犯的刑減輕之。
協助正犯為犯罪之人，非主要罪犯者。
解釋二：幫助是指對於實施犯罪的人提供助力，而提供幫助的人就是幫助犯。刑法針對幫助犯規定在第30條：「幫助他人實行犯罪行為者，為幫助犯。雖他人不知幫助之情者，亦同」。必須符合以下要件：（一）幫助行為（二）被幫助者有故意不法的行為（三） 幫助行為必須對正犯的實行行為有直接影響（四） 幫助者有幫助故意。
例如甲乙二人是保全公司同事，共同負責運鈔業務。甲明知乙有意侵占業務上持有的現鈔，竟不勸阻或採取措施避免，反倒是以上廁所為由離開現場，便利乙侵占現鈔，成立業務侵占罪的幫助犯。",M             
第二次權利保護,行政法上對於除去國家違法行為的學說分類：如果行政機關的負擔處分或不作成授益處分侵害人民的權利或法律上利益，人民得依法提起行政訴訟，以排除該侵害；如仍不足以填補其所受損害，依國家賠償法第2條第2項規定，人民也可以請求國家賠償。學說上稱前者為人民受到公權力侵害之「第一次權利保護」（確認行政行為違法），稱後者為「第二次權利保護」（填補因違法所造成的損害）。第一次權利保護之目的在「排除侵害」，第二次權利保護之目的則在「填補損害」（可參考最高行政法院105年度判字第201號判決）。,A             
俾,使；以便。,A             
交付審判,告訴人不滿意上級檢察署檢察長駁回其對不起訴或緩起訴處分的再議聲請，在收到處分書之後的10天內委請律師寫聲請狀，向法院請求裁定准該案交由法院進行審判。,M             
一身專屬性,用於描述權利義務法律關係的特性。具有一身專屬性的權利或義務，必須由權利人或義務人親自行使或履行，不可以代理或轉讓的方式交由他人完成。如果權利義務不具有一身專屬性，權利人或義務人是可以透過代理或轉讓的方式交由他人完成，通常財產權色彩較濃厚的權利義務，較不具有一身專屬性。,A             
強制猥褻,為刑法之罪名，規定於刑法第224條「對於男女以強暴、脅迫、恐嚇、催眠術或其他違反其意願之方法，而為猥褻之行為者，處六月以上五年以下有期徒刑。」。,M             
對於未滿十四歲之女子為性交罪,刑法第227條第1項「對未滿十四歲之男女為性交者」，處三年以上十年以下有期徒刑。性交之定義依刑法第10條第5項規定。刑法第227條第1項之適用範圍，依最高法院99年度第7次刑事庭會議決議，行為人與七歲以上未滿十四歲之被害人合意性交者，始有適用。,M             
選定當事人,具有共同利益的多數人，將其實施訴訟的權能授與其中1至5人後脫離訴訟程序，由該1至5名被選定人以自己名義為訴訟行為（行政訴訟法第29條以下）。,A             
傳聞證人,"自己並沒有親身經歷，只是把別人告訴自己的事情，予以轉述的證人。
例如：B在親眼目睹殺人過程後，B把所看到、聽到的事情告訴A。假設B在說完後過世了，法院只好叫A來當證人，A就是所謂的傳聞證人。",M             
防禦性證據,可以反駁控訴，證明犯罪事實不存在，或者是證明犯罪嫌疑人、被告人無罪，罪輕以及減輕他們刑事責任的證據。例如檢察官質疑被告甲於案發時在現場協助殺人兇手毀屍滅跡，甲當庭提出機票，作為案發時人在國外的不在場證明，該機票即為防禦性證據。,M             
行政訴訟,行政法爭議事件的司法訴訟，狹義的行政訴訟，指專由行政法院職司審理的公法上爭議。廣義的行政訴訟，還包括由一般法院審理的公職人員選舉罷免訴訟、國家賠償訴訟，及根據司法院大法官審理案件法聲請大法官解釋的憲法爭議等。,A             
獨立證據,又稱主要證據，與補強證據是相對的概念，當一個證據可以用來證明犯罪事實確實發生， 這樣的證據就稱之為主要證據或獨立證據。另補強證據則是要加強主要證據的證明力的證據。,M             
故意過失,故意，指行為人對於違法的事實，主觀上明知並有意使其發生，或認知其可能發生，且其發生亦不違反其本意。亦即應包含認知及意願兩項要素；過失，則指行為人主觀上非基於故意，但按其情節應注意，並能注意，卻不注意。,A             
權利保護要件,當事人提起訴訟，除訴訟標的法律關係外，必須依法具有權利義務主體地位之當事人適格，且有權利保護必要（訴之利益），此為當事人請求法院為有利於己之本案判決所須具備之權利保護要件。,A             
加重其刑,意指於量刑時加重被告之刑度，實務上又可區分為「總則加重」與「分則加重」，屬「總則加重」者，僅為處斷刑上之加重，並未改變其犯罪類型，原有之法定刑不受影響(例如刑法第47條第1項累犯加重之規定)；屬「分則加重」者，係就其犯罪類型變更之特定犯罪行為予以加重，使其成為另一獨立之犯罪(例如刑法第134條公務員假借職務上權力、機會或方法犯罪之規定)。,M             
構成要件故意,包括「認知」與「意欲」。「認知」，指對行為、因果關係及結果等客觀構成要件要素之實現有所認識；「意欲」，指行為人心理上希望構成要件實現或結果發生的態度。如行為人認知以刀刺入被害人心臟將致其死亡，心理上也希望結果發生，即具殺人罪之構成要件故意。,M             
抗告狀,當事人等不服法院裁定，請求上級法院救濟的書面狀紙。,M             
專利,"所謂專利，意指為鼓勵、保護、利用創作，以促進產業發展，創作人或設計人依專利法之規定得申請發明、新型或設計專利，經審查符合專利法的規定後，將其技術公開並給予專利權，賦予在一定期間內具有獨占使用專利權之排他性權利保護。
例如：以手機觸控螢幕感應技術的方法，申請「發明專利」，如獲核准審定給予發明專利權，即可在專利權期限內獲得排他性權利。",A             
處斷,論斷處理,G             
迭於,多次在,G             
行政秩序罰,行政機關對於違反行政法上義務的人民，根據法律或自治條例規定所裁處的行政制裁，目的在於維護行政秩序，且追究違反義務人的責任。常見的處罰方式為罰鍰、沒入、吊銷執照、命令停工、撤銷或廢止許可或登記等。,A             
強制律師代理,"因為特定的訴訟行為具有高度的技術性，為了使訴訟程序能有效率地進行，並保障當事人權益法律規定在一定條件下，必須要由律師代理進行訴訟。
例如：行政訴訟法第241條之1第1項規定，對高等行政法院判決提起上訴時，原則上必須委任律師為訴訟代理人，否則上訴不合法。",A             
通譯,為保障聾啞人士及不通曉國語之人士，使此等民眾能了解參與訴訟程序，所設的「翻譯人員」職務。例如：被告為美國人，開庭的時候法官必須請翻譯人員將法庭上講的話翻成英文，讓被告知悉明瞭。,M             
闡明權,有些民眾在訴訟時因為不清楚法律規定、不會說明自己主張的法律關係或事實關係，這時法院有權在開庭時，用當事人能夠瞭解的話，來問清楚他們究竟要主張或請求什麼，以及弄清楚他們要陳述的事實到底是怎樣。若當事人的說明有不明瞭或不夠的，也有權請當事人說明清楚或補充齊全。,M             
益徵,更加能證明。,A             
逃稅,"逃稅，廣義而言指逃漏稅捐，即納稅義務人故意或過失違反稅法規定，以致未繳或少繳應繳的租稅行為。在行政罰領域，實務比較常見的型態，在營業稅方面有漏開發票、跳開發票、虛報進項等；在所得稅方面有短報收入、浮報成本、虛報薪資、虛列費用、虛報扶養親屬等；遺產稅方面則是短、漏報遺產或虛列債務等。
",A             
佯與,假裝與,G             
要無足採,不可採信；沒辦法讓人相信。,A             
客觀不可分,如犯罪僅為單純一罪(即行為人以單一犯意、行為、侵害單一法益，而構成一個罪名者)，告訴人對於犯罪之一部為告訴或撤回，效力及於全部。例如接續犯。,M             
中間利息,債權人為了避免分次請求的手續繁瑣，或債務人的資力在給付期間內發生變化，可以請求債務人提前一次給付原應分次給付的金錢債務，但為公平起見，應扣除債權人因提前受領可增加的利息收入。例如：債權人原本從101年1月1日起至103年12月31日止，於每月1日可受領2萬元，該3年期間共可受領72萬元，但如果債權人要求債務人在101年1月1日一次付清全額，就必須由該72萬元中扣除從實際給付日到應給付日為止的利息（提前1年受領扣1年利息，提早3個月扣3個月利息），此即為中間利息。,V             
福利措施,基於國家對人民有生存照顧的義務，因而國家應採取的行政上措施（泛稱為福利措施），以改善社會成員的生活環境與生活條件，包括社會保險、社會救助、水電生活必需品的供給、經濟補助、提供文化服務等給付行政範圍的事項。,A             
有過之而無不及,相比之下，只有超過而不會不如，也就是程度只可能超過，不可能比不上的意思。,G             
重傷,同「重傷害」。,M             
社會防衛理論,"解釋一：是一種刑法學的理論，強調刑罰是作為防衛犯罪對社會造成侵害的手段。此一理論反對刑罰是對於犯罪行為人基於自由意志所為犯罪行為的應報，而主張刑罰不過是以預防重新犯罪和保衛社會為目的的手段而已，此理論下，重視犯罪預防及以改善犯罪者的矯正處遇措施為目的刑事政策。
解釋二：又可稱「預防理論」，認為刑罰是用來保護社會、預防犯罪的方法，並不是作為懲罰或報復犯罪加害人的手段。其中，針對刑罰想要達到預防犯罪效果的對象再分為「一般預防」與「特別預防」兩類。",M             
有法律上利害關係之第三人,"不是原告也不是被告（一般統稱為「當事人」)，但法院的判決會影響到他的法律上權益的人。
比方說父母之間打官司爭取孩子的監護權，父母親是官司的當事人，但日後不管法院裁判由誰取得孩子的監護權，都會影響到孩子的權益（不管是好的或壞的影響）。孩子就是有法律上利害關係的第三人。",F             
備位聲明,在同一訴訟中，原告對於被告合併主張數個不相容的請求，並且定先後順位，要求法院就先順位的請求優先審判，當法院認為不應准許先順位的請求時，再就後順位的請求加以裁判；如果先順位相同原告對相同被告的請求已經可以准許時，就不需要就後順位的請求裁判。在上述情形，後順位的請求就稱為備位聲明。例如:甲向乙購買電腦50台，貨款總計150萬元已經付清。後來甲因故解除買賣契約，並提起訴訟，先位請求主張買賣契約已經解除，而聲明請求乙返還價金150萬元，備位請求則主張如果法院認為買賣契約沒有合法解除，聲明請求乙交付電腦50台。該備位請求乙交付電腦50台的聲明，就是備位聲明。,V             
再議處分書,告訴人或被告聲請再議後，上級法院檢察署檢察長或檢察總長認為再議無理由者，應駁回之；認為有理由，則應撤銷原處分，或於偵查不完備之情形，親自或命令他檢察官再行偵查或命令原法院檢察署檢察官續行偵查；於偵查已完備之情形，則命令原法院檢察署檢察官起訴。此駁回或撤銷原處分、命令偵查或起訴之書面，即為「再議處分書」。,M             
而非,而不是,G             
性交,一般是指生殖器官的進入、接合過程，另外，也包括用肛門、口腔、手指等身體部位，或使用其他器具、物品進入或接合別人的性器官、肛門。法律上的定義可參照刑法第10條第5項規定。,F             
再開辯論,法院於言詞辯論終結後，宣示裁判前，發現有應調查的證據未調查、或證據雖已調查，而其內容欠明瞭，法院認為「尚有應行調查之處」，可裁定再開辯論，並定期日續行言詞辯論。,A             
離婚判決之確定,對於法院所為關於離婚事件的判決，當事人沒有上訴、上訴不合法或案件已經不得上訴，判決的內容就會發生確定的效力。,F             
兩願離婚,夫妻依雙方意願同意解消婚姻關係，而不是由法院以裁判解消婚姻關係，又稱協議離婚或合意離婚。夫妻如果採取兩願離婚，必須以書面約定，並且應有兩人以上證人的簽名見證及須向戶政機關辦理離婚登記，始生效力。,F             
妨害婚姻及家庭罪,為刑法罪章之名稱，刑法分則第17章「妨害婚姻及家庭罪」，包括刑法第237條重婚罪、第238條詐術結婚罪、第239條通姦罪、第240條和誘罪、第241條略誘罪、第242條移送被誘人出國罪、第243條收受、藏匿被誘人或使之隱避罪。,M             
消極地位,"人民用來保護其個人領域不受國家不法干涉之一切潛在的防禦權的總稱。在憲法基本權的架構下，人民與國家間的關係，會依據基本權的功能和作用而處於不同的地位，可分為積極地位、消極地位、主動地位及被動地位。當人民立於消極地位主張基本權時，是指人民發揮其防禦權的功能，對國家的不法支配與干預加以排除。防禦權通常是以主張憲法有關自由權及財產權的保障為主，也可說是基本權的原始功能。
例如：主張出版自由，以抵禦國家的出版檢查；主張私人土地財產權，以抵禦國家的違法徵收。",A             
相對告訴乃論之罪,特定的犯罪類型本來不是告訴乃論之罪，但是當被告跟被害人有一定關係時，就成為告訴乃論之罪，要被害人提出告訴，法院才會審理。例如竊盜罪本來是非告訴乃論之罪，但是親屬之間的竊盜行為，就是相對告訴乃論罪，要親人有提告訴，法院才會審理，這是因對於這種家族內事務，立法者賦予被害人選擇是否以正式法律手段追究，或以其他方式處理解決紛爭的空間。,M             
委任立法,委任立法又可稱為「授權立法」，是指由國家的立法機關委任負責執法的行政機關，於法律規定的授權範圍內，代替立法機關訂定具有法律效力的規範。而依委任立法授權訂定的法規範，其性質應屬行政程序法第150條所稱的法規命令。,A             
供述證據,"所謂「供述證據」指的是以人的陳述作為內容的證據。這裡所指的人，包括被告及被告以外的人。以被告的陳述做為內容的供述證據，最常見的是被告的自白，以被告以外的人的陳述作為內容的供述證據，指的是證人或鑑定人。
由於人的陳述很有可能受到內在的動機或是外力的影響，而改變它的內容，為了要確保供述證據的可信性，法律規定或是法院實務，對於供述證據的證據能力有如下的限制：
一、被告自白：必須具有任意性，而且要與事實相符，並且不能夠以被告自白，作為認定被告有罪的唯一證據。
二、傳聞法則：被告以外的人（指證人或鑑定人）在審判外所做的陳述，屬於傳聞證據，必須是法律明文規定的情況下，才能被當作證據使用。
三、補強法則：對於特定人的證言，最高法院的判決認為，這些證言因為具有較高的不可信性，因此不能作為認定被告有罪的唯一證據，必須要有其他補強證據擔保證言的可信性，這些證言包括：
1.證人同時是告訴人時，指控被告犯罪的證詞
2.在妨害性自主案件中的被害人指控遭受性侵害的證詞
3.在販賣毒品案件中的購買毒品者，說自己向被告購買毒品的證詞",M             
文義解釋,"以法律規定所用的文字字義為解釋方法。

",V             
地上物,與土地具有定著或結合關係的建築改良物、管、線、桿或農作改良物等，稱為地上物。,V             
人性尊嚴,人性的維護、人格主體的維持、對於人之主體性的肯認與基本尊重，及尊嚴的保護，已成為普世價值及重要的人權內涵。,A             
堪予認定,可以認定,G             
集合犯,所謂集合犯是指立法者所制定之犯罪構成要件中，本就預定有數個同種類之行為將反覆實行之犯罪而言，將各自實現犯罪構成要件之反覆多數行為，解釋為集合犯，而論以一罪。例如刑法第111條規定之收集國防秘密罪、第 235條規定之散布猥褺物品罪等是。,M             
危險負擔移轉,指契約標的毀損或滅失的危險，在當事人間發生移轉。例如：甲向乙購車，關於在交車時就已經存在的瑕疵，甲收受車輛後仍可向乙行使權利；但如果乙交車後，該車因颱風泡車零件損壞時，因乙已經將危險負擔移轉給甲，甲不能請求乙退款或降價。,V             
家事法庭,"在法院裡處理家事事件(例如：離婚、酌定未成年子女權利義務之行使或負擔、分割遺產等等事件)的專業法庭。
",F             
監聽,國家基於犯罪偵查或國家安全所需要，依法對公民私密性的通訊予以攔截、開拆、讀取的行為或手段。,M             
所載,所記載,G             
家事調解,指法院或其他法定調解機關就當事人間的家事事件，勸導兩造為息爭的合意，以避免訴訟的程序。而家事事件除家事事件法第3條所定的丁類事件(如宣告死亡、民事保護令事件等)外，於請求法院裁判前，應經法院調解，倘當事人逕向法院請求裁判者，視為調解的聲請。故家事事件是採強制調解原則，即當事人在向法院起訴前，應先經過法院調解。,F             
公序良俗,公共秩序與善良風俗的簡稱，意指國家社會一般利益或倫理道德觀念。而依民法第72條規定，法律行為如有違反公共秩序或善良風俗者，無效。例如：賭博行為為刑法上禁止的行為（刑法第266條至第270條），因賭博所生的債權債務關係，因違反公序良俗而無效，因此債權人不能請求債務人償還賭債。又婚姻應該是永續性的法律關係，如果在結婚時就預立離婚契約，亦違反一般社會的風俗習慣，而為無效。,V             
撤回上訴,上訴人於提起上訴後，表示不求裁判之意思表示，稱為撤回上訴。在刑事訴訟，上訴人於判決前，得撤回上訴，即使案件曾經第二審法院判決，但如果該判決經第三審法院發回原審法院，或發交予原審法院同級的他法院者，也可以撤回上訴。但如果是為被告的利益上訴者，必須經過被告的同意，才可以撤回。例如，被告的配偶為被告的利益上訴，如果配偶想要撤回上訴，就必須經過被告的同意，才可以撤回。,M             
科刑資料,法院在刑事訴訟的過程中，會依據一定的資料來判斷犯罪行為的嚴重性及犯罪行為人復歸社會的可能性，以決定所要量處的刑罰種類及刑度輕重，這樣的資料叫做科刑資料。,M             
實難僅憑,不能只依據,G             
變造,在刑法上指「無權修改真實文書內容的人，擅自更改真實文書的內容。」。,M             
明顯重大瑕疵,依照行政程序法第111條第7款規定，行政機關作成的行政處分如果具有重大明顯的瑕疵，該行政處分是無效的。而所謂重大明顯瑕疵，是指沒有經過專業法律訓練的一般人，從表面上或外觀上看，憑著基本知識，立刻就可以知道的瑕疵。例如，只因為闖紅燈，就被裁處拘留10日的處罰，該行政處分就具有明顯重大的瑕疵。,A             
水股,請參考「馨股」的解釋。,F             
租稅法定主義,國家要求人民負擔繳納稅捐的義務，或給與人民減免稅捐的優惠時，必須以法律來規定租稅主體、租稅客體、租稅客體對租稅主體的歸屬、稅基、稅率、納稅方法、納稅期間等要件（司法院釋字第685號解釋）。主管機關因法律授權所訂定的施行細則，只能就實施母法所定納稅義務及其要件有關事項加以規範，不得另為增減，否則即違反租稅法定主義。,A             
答辯狀,訴訟中的被告或是被上訴人，針對原告或上訴人的主張或所持的理由進行答辯或回應的書狀。答辯狀必須記載答辯的事實及理由、證明答辯事實所用的全部證據、對原告或上訴人主張的事實及證據是不是承認？如有爭執，爭執的理由等事項。被告或被上訴人收到原告或上訴人的書狀後，認有答辯必要，應儘速向法院提出答辯狀正本，並根據其他參與訴訟的人數準備影本，將影本送給其他參與訴訟的人。,V             
公然侮辱,"在不特定人或多數人得以共見或共聞之狀況下，以使人難堪為目的，而以言語、文字、動作或圖畫，抽象或籠統地辱罵，因而對個人在社會上所保有的人格和地位，達到得以貶低或損害其評價的程度。
規定於刑法第309條：「（第1項）公然侮辱人者，處拘役或三百元以下罰金。（第2項）以強暴犯前項之罪者，處一年以下有期徒刑、拘役或五百元以下罰金。」",M             
於法不合,指不符合法律規定。如果裁判寫原處分於法不合，是指原處分違法的意思；如果裁判寫原告的主張（聲請）於法不合，是指原告的主張（聲請）不符合法律規定，不能採信（或不能准許）。,G             
逾,超過,G             
加重結果犯,"解釋一：指行為人以犯輕罪之意思，實施犯罪行為，但卻發生行為人主觀上所不能預知之重罪結果。對於此種情形，刑法將輕罪之基本犯罪與重罪之結果相結合，而成為另一獨立規定，並科以較重之刑罰。例如：行為人以傷害被害人之故意，持刀刺傷被害人，但因被害人未能及時就醫，最後卻因流血過多致死，因而論以傷害致死罪。
解釋二：或稱「結果加重犯」，這種犯罪指的是：犯罪人出於故意，想要實行原先計劃好的犯罪行為，但在實行原計劃犯罪的過程中，竟然意外造成被害人死亡或重傷害的加重結果，如果原計劃犯罪的相關法條中，對於另外引起被害人死亡或重傷有特別加重的規定，犯罪人就會另行構成結果加重犯，亦可處以相當重的刑事責任。
比方甲在佈滿尖銳石塊的地方，為了教訓出言不遜的乙，故意打極其瘦弱的乙耳光，沒想到乙被打耳光後，竟然跌倒，頭部撞上地面尖銳的石頭而立即死亡；在這個案例中，甲心裡只想打乙，不想害死乙，打乙的動作卻意外造成死亡結果，雖然甲沒有殺人故意，但因為甲在佈滿尖石處打乙耳光，乙很可能被打到跌倒，地上又有足以致命的尖銳石塊，乙的頭部也很可能撞上這些尖銳石塊而發生死亡結果，依據這些推論，可以認為乙的死亡與甲打人耳光的行為之間，存在相當因果關係，甲可以構成結果加重犯，並論以傷害致死罪。",M             
法律行為,以發生私法上法律效果為目的的合法行為。例如：買賣、租賃等。至於睡覺、走路則不發生法律效果，自不屬法律行為。,V             
相姦,"刑法第239條規定：「有配偶而與人通姦，處一年以下有期徒刑。其相姦者，亦同。」
相姦是指男女之一方，與有配偶之人，在其婚姻關係存續中，合意發生性交行為，與通姦一詞是相對應的意涵。刑法上所謂的相姦者，是指通姦行為一方的配偶，對其二人之合意性交行為提出刑法第239條後段相姦罪之告訴。 例如丈夫外遇通姦，太太提出告訴，與丈夫通姦的女子便是相姦者，丈夫則是通姦者；反之，太太外遇通姦，丈夫提出告訴，與太太通姦的男子便是相姦者，太太則是通姦者。",M             
平均正義,平均正義係來自於亞里斯多德所提出之正義論。平均正義就是各人所享受的利益和所蒙受的損害，依算數比例，求其平均的原理。亦即，人人都要平等處理，即人與人之關係都要平等，例如：在買賣契約，商品與貨物價格要有相等之價值，稱為正義，也就是買主與賣主基於平等關係。,G             
不能給付,依當事人間的契約關係，債務人負有一定給付的義務，但卻無法依債務內容履行，又稱為給付不能。例如：甲乙簽訂買賣契約，由甲向乙購買A車，並約定簽約後10日後交車，但該車在簽約隔天就被第三人偷走，以致於乙無法依約定將A車交給甲，乙就是給付不能。,V             
假扣押,債權人為了保全對於債務人的金錢債權或可以轉換為金錢請求的債權，將來可以獲得清償，而聲請法院裁定禁止債務人處分財產的程序。也就是暫時查封債務人的財產並且禁止債務人在假扣押期間處分而喪失，以維持財產原狀的行為（民事訴訟法第522條至第531條)。,V             
有據,有道理。,A             
起訴便宜主義,"又稱起訴合理主義、起訴裁量主義，是與「起訴法定主義」相對的概念，指檢察官對於有足夠的犯罪嫌疑並具備起訴條件的案件，可以斟酌決定是否起訴的原則。檢察官雖認定犯罪嫌疑重大達到起訴門檻的案件，仍然可以依據法律的授權，考量刑事懲戒的目的及權衡各種利益，決定起訴被告是否適當，來選擇起訴被告或給予緩起訴、不起訴處分。有些國家，如日本，是採取「起訴便宜主義」，檢察官即使查明犯罪事實，也有決定起訴與否的權限；在我國，原則則採「起訴法定主義」，但例外也兼有「起訴便宜」的規定者，例如：刑訴第253條規定，第376條所規定之案件，檢察官參酌刑法第57條所列事項,認為以不起訴為適當者，得為不起訴之處分。",M             
房屋遷讓,指要求現在占有使用房屋的人遷出房屋，將該房屋交還權利人（如：所有人、出租人、出借人等）。,V             
惟於,但在,G             
法律優位原則,「法律優位原則」，又稱「消極意義的依法行政原則」。任何行政行為均不得與法律相「牴觸」。行政命令與行政處分等各類行政行為，應均合乎法律，因而法律之效力高於此類行政行為。憲法第171條第1項規定：「法律與憲法牴觸者無效。」第172條規定：「命令與憲法或法律牴觸者無效。」中央法規標準法第11條規定：「法律不得牴觸憲法，命令不得牴觸憲法或法律，下級機關訂定之命令不得牴觸上級機關之命令。」,A             
勘驗,勘驗是刑事訴訟上一種調查證據之方式，作勘驗的人純粹以五官去感知物的存在和狀態的過程，例如檢察官到犯罪現場單純地看或聽聞犯罪現場的狀況。勘驗通常會做成勘驗筆錄，在遇到一些難以扣押而於法院提出的證據時（例如體積過大或保存不易），通常也會以勘驗筆錄作為證據讓法官知道。,M             
監護宣告,一個人因為重度智能障礙、嚴重受傷、生病，或年老失智等情形，無法表示自己的意見，也聽不懂別人說什麼，生活起居完全需要別人照顧的時候，就像未滿七歲的小孩子一樣（無行為能力），需要一個法定代理人來處理他所有的事情。這時候可以向法院聲請監護宣告，並選定一個適當的監護人來照顧他的生活、護養治療及管理財產等事務。,F             
行政制裁,國家機關為維持行政秩序和達成行政目的，對於違反行政法義務的人科處的各種制裁，包括「秩序罰」、「行政刑罰」、「執行罰」和「懲戒罰」等類型。,A             
更行詰問,證人或鑑定人經聲請傳喚的一造與他造交互詰問完畢以後，當事人、代理人或辯護人，經審判長的許可，可以再次詰問，稱為更行詰問。,M             
具保,"解釋一：以保證金或保證書之提出為條件，停止羈押執行而釋放被告，為替代羈押被告的方法的一種。
解釋二：也有稱作「交保」、「保釋」，指法院或檢察官要求提出保證書，並指定相當保證金，以代替羈押被告的一種作法。至於具保金額多寡，會審酌被告身分、地位、職業、經濟能力、案情輕重及犯罪情節等裁量決定。",M             
專屬授權,專利權人得將其專利權專屬授權他人實施，專屬被授權人在被授權範圍內，排除專利權人及第三人實施該專利（專利法第62條、第120條、第142條）。商標權人得就其註冊商標指定使用商品或服務之全部或一部指定地區為專屬授權，專屬被授權人在被授權範圍內，排除商標權人及第三人使用該商標（商標法第39條）。著作財產權人得專屬授權他人利用著作，在被授權範圍內，專屬授權之被授權人得以著作財產權人之地位行使權利，並得以自己名義為訴訟上之行為，著作財產權人不得行使權利（著作權法第37條）。,A             
土地相鄰關係,鄰接土地所有權人間有關土地使用的相關權利義務。土地所有權人，本於所有權絕對原則，可以自由使用土地，排除他人干涉。但土地所有權人完全不顧隔鄰土地，可能造成某些土地無法發揮基本效用，也容易造成所有權人間的衝突，有害社會經濟與公益。因此有必要適度限制土地所有權人的絕對權利，在最低限度內調整鄰接土地的利用。例如：通行鄰地或通過鄰地接瓦斯、水電管線（民法第774條至第800條之1等規定參照）。,V             
居所,請參考住居所的解釋。,F             
慰問金,慰問金通常是針對人員發生急難或重大事故時，給予該人員或其遺屬財產上的給付或資助，以資慰問。例如依公務人員執行職務意外傷亡慰問金發給辦法所發給的受傷慰問金、失能慰問金或死亡慰問金；依衛生福利部辦理嚴重特殊傳染性肺炎死亡喪葬慰問金發給要點所發給的喪葬慰問金。此外，慰問金通常也包括對有貢獻人員進行撫慰與獎勵所發放的獎金，例如退休（伍）軍公教人員的年終慰問金。,A             
申請通常保護令,應當是「聲」請通常保護令。一般是家庭暴力的被害人向法院請求核發通常保護令，以保護其安全。此外，檢察官、警察機關或地方政府也有聲請權。,F             
調查原則,法院為了查明起訴犯罪事實之真相，於當事人主導的證據調查完畢後，如果還認為事實不太清楚仍有待釐清時，可以斟酌個案情形主動去調查有助於發見真實而足以影響判決結果的證據。依刑事訴訟法第163條第2項規定，法院可以依職權調查證據，但對於公平正義的維護或對被告利益有重大關係的事項，法院有義務依職權調查證據。,M             
酌定子女親權,父母離婚或分居六個月以上，如果未為協議或協議不成，該由誰來行使未成年子女的親權時，可以請求法院以裁定方式來決定由誰來行使未成年子女的親權。,F             
分別財產制,"如果夫妻決定二人在結婚之後，所有財產都要分開，各自負責，那麼就要到法院登記處去登記為夫妻「分別財產制」。
一旦登記了，各人之財產即由個人處理，個人的債務也由個人清償。",F             
退步言之,就是「退一步來講」的意思。多用於「就算是這樣，結論也是一樣」的情境。,F             
家事裁定確定證明書,法院在家事事件裁定確定之後，所核發記載裁定確定時間的證明書。,F             
106年度家親聲字第525號,請參考「106年度家訴字第831號」的解釋。,F             
既遂,"「既遂」指得是刑法犯罪成立要件全部滿足的情況，包括每個條文中要求的犯罪人資格、犯罪行為、因果關係、犯罪結果、犯罪情狀 與犯罪的主觀要件（例如故意、過失）等，當這些要素都滿足時，可以論以行為人「既遂犯」的刑事責任。
要成立既遂犯，必須完全滿足法條所規定的所有構成要件。特別是，若構成要件中有要求特定的犯罪結果，則光是有行為還不能成立既遂犯，必須該行為造成法條上所要求的結果，才能成立。附帶一提，犯罪結果又可分為實害結果與危險結果，實害結果通常指被害人已經發生實際損害，而危險結果指被害人尚未實際受害，但有可能面臨損害。不管是實害結果還是危險結果，都是結果犯。",M             
給付訴訟,"行政訴訟法規定的給付訴訟，是包含行政訴訟法第5條規定的課予義務訴訟及第8條規定的一般給付訴訟。一般給付訴訟是指人民與中央或地方機關間，因公法上原因發生財產上給付，或請求作成行政處分以外的其他非財產上之給付，及因公法上契約發生的給付，要求法院判命被告為一定行為或不能為一定行為，以及應該忍受一定行為的一種訴訟類型（行政訴訟法第8條）。
例如：某國立大學和錄取的公費學生訂立行政契約，約定學生畢業後必須服務數年，否則必須繳還就讀期間的學費。嗣後因學生違反行政契約約定，學校請求學生返還就讀期間學費，學生不還，就要向行政法院提起一般給付訴訟。",A             
改定監護人,監護人有不符受監護人最佳利益的事實，或有顯不適任的情事時，法院可以依受監護人或四親等內的親屬、檢察官、主管機關或其他利害關係人的聲請，裁定改由其他適當的人士擔任監護人。 ,F             
犯意聯絡,共犯對於一同犯罪的意思及決意，有相互的認識或決意。,M             
法律關係,在行政訴訟程序進行中，經過審判長的許可後，協助當事人或訴訟代理人進行訴訟的人。一定要當事人或訴訟代理人在場，輔佐人才可以協助為訴訟行為。又在訴訟程序進行中，如果審判長認為不適當時，可撤銷輔佐人的許可或是禁止輔佐人繼續為訴訟行為（行政訴訟法第55條）。,A             
法治國原則,要求國家的運作必須建立在合乎憲法的基礎上，並以保障人民基本權利，落實權力分立、依法行政、依法審判為目的之憲法原則。,A             
利益衡平原則,尚未取得普遍共識的用語，一般多見於行政訴訟當事人主張，其內容指向行政程序法第9條：「行政機關就該管行政程序，應於當事人有利及不利之情形，一律注意。」,A             
對向犯,二個或二個以上之行為者，彼此相互對立之意思經合致而成立之犯罪，如賄賂、賭博、重婚等罪均屬之，因行為者各有其目的，各就其行為負責，彼此間無所謂犯意之聯絡，故不成立教唆、幫助犯或共同正犯。,M             
閱卷,當事人在訴訟程序中提出的書狀及證據，連同開庭筆錄、裁判書及其他關於訴訟事件的文書等等，會由書記官編為卷宗，當事人如須閱覽卷宗內的訴訟資料，可以書面、電話、傳真或其他電子傳送方式向法院聲請閱卷，基於使用者付費原則，閱卷如有影印或掃描卷宗資料就必須付費給法院。,G             
"從舊從輕主義
","解釋一：指在行為以後法律有變更的話，原則上依照行為時的法律處罰，但是行為後的法律對行為人較有利的話，就適用最有利於行為人的法律處罰。例如：行為人於犯下擄人勒贖罪後逃亡一段時間才被查獲，至法院裁判當時，相關處罰規定已經修正，且刪除死刑的處罰，法院原本雖然應依照行為時的處罰規定來處罰，但是在比較行為時法與裁判時法以後，認為是以裁判時法對被告最有利，因此就依照修正後（裁判時）較輕的規定判處被告罪刑。95年修正前刑法第2條第1項就是採取「從輕從新主義」，為了避免「原則適用裁判時法」可能有違反「禁止溯及既往」理念的疑慮，修正後的現行刑法第2條第1項就是採取「從舊從輕主義」。
解釋二：即事後法禁止與法不溯及既往原則。原則上，如果行為時並無刑法認定為犯罪，即使行為後才被立法者認定成犯罪行為，並「不能」用修正後的新法律認定先前的行為為犯罪，更不能藉此加以處罰。另外，若行為時法律所規定的刑罰較輕，即使之後立法者加重刑度，也禁止使用較重的新規定來處罰先前的行為。這樣的想法稱為「事後法禁止」。刑法只能針對行為當下的犯罪行為，以舊法律加以審判，因此，這又稱為「從舊原則」或「法不溯及既往」。要注意的是，如果上面情況剛好相反，行為時法律規定應處罰較重，而之後立法減輕刑責，審判時必須以新法判處較輕的處罰，也就是所謂的「從輕原則」。另外，刑法第2條第2項規定「非拘束人身自由」的「保安處分」是必須適用裁判時的法律，也就是從新原則。",M             
委任狀,委任訴訟代理人的證明文書。,F             
106年司繼字第53O號,請參考「106年度家訴字第831號」的解釋。,F             
請求權時效,請求權因一定期間內不行使權利而消滅，該一定的期間即為請求權時效。,V             
有償契約,當事人約定，一方為財產上的給付而取得他方對待給付之契約。例如買賣，當事人約定一方移轉財產權於他方，他方應支付價金，即是典型的有償契約。,V             
教示規定,教示規定，就是國家機關對於法律救濟途徑的告知規定。例如：行政程序法第96條第1項第6款、訴願法第90條、行政訴訟法第210條第3項分別規定，書面行政處分、訴願決定書及判決書中應記載不服行政處分、訴願決定或得上訴之判決時之法律救濟途徑。,G             
論罪科刑,在刑事案件中，法院判決被告有罪時，應先決定被告成立特定罪名，再決定判處被告的刑度，前者稱為「論罪」，後者稱為「科刑」。刑事訴訟包括定罪程序及科刑程序，定罪程序係指事實及法律的證據調查及辯論，科刑程序係指科刑證據的調查及科刑辯論。,M             
依法令之行為,"規定在刑法第21條，這個規定的主要目的在於：只要依據法令而行為，即使損害別人利益，仍然可以不成立犯罪。由於法令是立法者所通過或授權行政機關制定，原則上符合最多數人利益，也能帶來最大的社會共通效益。因此只要依法令規定所實施的行為，雖然侵害了別人的利益，仍然不成立犯罪。
其常見態樣諸如：物品的所有權人在物品遭占用時可以即時取回、自助行為、父母對子女的懲戒權、逮捕現行犯、刑事偵查機關施行搜索、扣押、拘提、逮捕等強制處分、依上級公務員命令的行為，或其他法律規定之情形。",M             
善良風俗,國民的一般倫理與道德觀念，包括文化傳統、生活方式及民間習俗在內。,V             
推定過失責任,依行政罰法第7條第1項規定：「違反行政法上義務之行為非出於故意或過失者，不予處罰。」原則上須由國家（行政機關）針對行為人有故意或過失負舉證責任，然依同法第2項規定：「法人、設有代表人或管理人之非法人團體、中央或地方機關或其他組織違反行政法上義務者，其代表人、管理人、其他有代表權之人或實際行為之職員、受僱人或從業人員之故意、過失，推定為該等組織之故意、過失。」行政機關只要證明法人（例如公司）所屬的實際行為人（例如職員）有過失，就可以推定該法人有過失，而在法律上使其負推定過失責任，此時，舉證責任就會轉換由該法人負擔，須由其證明無過失，才可免予處罰。,A             
易刑處分,對確定裁判所宣告之刑罰，在符合特定條件下，得以其他方式替代原來刑罰之執行，此法定刑罰替代方式，即稱為易刑處分。「易刑」處分規定於刑法第五章之二，分別是：易科罰金（第41條）、易服勞役（第42條）、易服社會勞動（第42條之1）及易以訓誡（第43條）。,M             
連續陳述,"刑事訴訟法關於被告之訊問，第96條規定：「訊問被告，應與以辯明犯罪嫌疑之機會；如有辯明，應命就其始末連續陳述；其陳述有利之事實者，應命其指出證明之方法。」
此規定旨在揭示訊問被告之程序，並非僅為獲取犯罪之證據，亦在使被告有辯明犯罪嫌疑之機會，陳明有利於己之事實，法院於審理時就被告被訴之犯罪事實，應逐一訊問而使被告連續陳述，方足以發現真實，並兼顧程序保障。",G             
申誡,「申誡」可能是一種懲戒處分或懲處處分，也有可能是一種行政罰。例如：社會秩序維護法第19條第1項第6款所定「申誡」是一種行政罰；公務人員考績法第12條第1項所定「申誡」是一種懲處處分，而公務員懲戒法第9條第1項第9款所定「申誡」則是一種懲戒處分。所以「申誡」的實際意涵，仍須視個別法律規定的內容而定。,A             
同意搜索,"解釋一：刑事訴訟法第131條之1規定，經受搜索人出於自願性同意者，執行人員得不使用搜索票。國家干預人民的基本權利，必須具備法律明文的授權依據，才具有合法化、正當化的事由。但是，干預措施如果經由受干預人的同意，也可能構成與法律授權一樣的合法化事由。由於搜索所干預的基本權利乃是住居權或隱私權，性質上是屬於可以拋棄的基本權利，因此，經同意的搜索，即使並無法律明文授權，只要其同意出於自願，仍屬於合法的干預。
解釋二：被搜索者如果同意搜索， 依據刑事訴訟法第131條之1規定，執行機關可以不使用搜索票搜索。同意搜索的「同意」必須要在被搜索前，以書面表示同意（如果是事後以書面同意的話，有可能會被法院認定是無效的），而且，必須出於受搜索人的自主意願，不可以是執行人員用強暴、脅迫、施用詐術（例如隱匿身分）等方法所取得的同意，也不可以是受搜索人不了解什麼是搜索的情況下所為的同意。
例如，警員執行擴大臨檢勤務而駕車巡邏，見深夜停車在山區路邊的駕駛人形跡可疑，於是下車盤查，經出示警員證件表明身分，得到駕駛人同意，並簽署自願搜索同意書後，而對自小客車進行搜索。",M             
執行名義,債權人可以聲請民事強制執行的依據。債權人必須有執行名義才可以聲請強制執行，執行法院也才能進行強制執行程序。法律所規定的執行名義有：確定的終局判決；假扣押、假處分、假執行的裁判及其他依民事訴訟法得為強制執行的裁判；依民事訴訟法成立的和解或調解；以及依公證法規定得為強制執行的公證書等（強制執行法第4條第1項）。,V             
進項稅額,進項稅額是指納稅義務人為了營業目的而購買應稅貨物或勞務所支付的營業稅稅額，換句話說，是指購買時已經繳交的營業稅，就是進項稅額。因為於購買商品或服務時已付過營業稅給出賣人，所以在其之後銷貨申報營業稅時可以扣除，以免重覆繳納營業稅。但須特別注意的是，若屬加值型及非加值型營業稅法第19條第1項規定：「營業人左列進項稅額，不得扣抵銷項稅額：一、購進之貨物或勞務未依規定取得並保存第33條所列之憑證者。二、非供本業及附屬業務使用之貨物或勞務。但為協助國防建設、慰勞軍隊及對政府捐獻者，不在此限。三、交際應酬用之貨物或勞務。四、酬勞員工個人之貨物或勞務。五、自用乘人小汽車。」的進項稅額，就不可以扣除。,A             
違法裁量,行政機關對於是否為行政行為，以及如何為行政行為，依法律規定有裁量空間者，其行使裁量權時，如逾越裁量權限、不為裁量或濫用權力等情形，便是違法裁量（行政訴訟法第4條第2項、第201條參考）。,A             
撤回起訴狀,撤回訴訟的書狀。,F             
推計課稅,依納稅者權利保護法第14條規定，符合一定條件時，稅捐稽徵機關可以用推估的方式來認定課稅基礎。,A             
未被,在還沒被,G             
尚非無議,就是法院表達「還有懷疑」、「不予採信」的意思。,F             
稽,依據。,G             
遺產清冊,沒有拋棄繼承的繼承人，在知道可以繼承時起3個月內，需要製作遺產清冊陳報給法院。內容應該包括死者的債務、債權、財產狀況、已知的債權人還有債務人等等。,F             
第四種住宅區,乃依據都市計畫劃定之土地使用分區管制，依臺北市土地使用分區管制自治條例第4條第6款規定，第四種住宅區劃定之目的係為維護基本之實質居住環境水準，供設置各式住宅及公害最輕微之輕工業與一般零售業等使用，並防止一般大規模之工業與商業等使用而劃定之住宅區。,A             
誘捕偵查,偵查人員為了偵查目的，自己或利用線民挑唆或配合他人犯罪，並在這個人完成犯罪行為之前或完成後立即逮捕或偵辦，這種偵查方法就叫做誘捕偵查。誘捕偵查的對象有可能是本來就想要犯罪，因為誘捕偵查而加強了犯罪的決心；也有可能是本來沒有想要犯罪的意思，因為被挑唆才開始想要犯罪的。因為這兩種狀況有區別，他們在法律上的效果也有所不同。,M             
申報移轉現值,"為了課徵土地增值稅，依土地稅法第30條規定，土地所有權移轉或設定典權，其申報移轉現值的審核標準，要依該條來認定。例如依法院判決移轉登記，以申報人向法院起訴日當期的公告土地現值為準。
","V,A           "
起訴效力,"當事人向法院提起訴訟後，依法所發生的效力。通常會發生以下5種效力：
1、訴訟繫屬效力：指訴訟事件已處於法院中，有待法院裁判解決。
2、法院管轄恆定效力：起訴時法院有管轄權者，不因事後法令或其他事故變動而影響法院原先的管轄權。
3、訴訟當事人恆定效力：原則上起訴所爭執的標的，不因起訴後該標的移轉他人而影響訴訟進行中的原有當事人地位，但因為日後法院作出的裁判會對該他人產生效力，所以有必要將這種正在進行訴訟的情形告知該他人、或命其參加訴訟。
4、產生禁止重複起訴的效果：當事人不可對於已經起訴的事件再行起訴。
5、產生其他法律規定的效果：如因行政契約而發生的請求權，準用民法因起訴而時效中斷規定，產生中斷時效的效果。",A             
自由心證,"解釋一：自由心證是指法院對於證據的證明程度，有自由判斷之權，即證據之取捨及證明力的強弱，由法院自由認定之，是法律賦予法官判斷證據與事實間的可信度高低之權力。「自由」，是指法官不受詐欺、脅迫或賄賂等非法外力干擾，擁有自主判斷的能力；而「心證」，是指法官斟酌全辯論意旨及調查證據之結果後，依論理及經驗法則判斷「事實真偽」的過程。所以自由心證，並非恣意妄為，而是必須依法為之，並非法官愛怎麼判就怎麼判的意思。
解釋二：刑事訴訟法第155條第1項規定：「證據之證明力，由法院本於確信自由判斷。但不得違背經驗法則及論理法則。」這就是一般所說的自由心證原則。由法院，按照其理性與良心的確信，不受外界干擾，獨立進行審判，自由地做出判斷。
法院必須要先確認證據能不能使用，並且確認證據已經過合法調查，並且讓當事人對證據的證明力表示意見之後，才能運用自由心證來判斷起訴的犯罪事實是否為真。自由心證其實就是我們在日常生活中所依據的方法，必須符合科學的邏輯和一般社會常理。因此在處理案件時，必須要注意證據與事實有沒有關聯。自由心證並非毫無限制，法官不能任意判斷。他的判斷必須基於經驗法則及論理法則。所謂論理法則是指邏輯法則，例如：被告已經提出案發當時人在花蓮，就不可能同時出現在台北的案發現場。至於經驗法則則是自然科學或一般人的正常生活經驗。因此不能是法官的個人猜測或個別經驗，也不能偏離事物道理。例如：一個人不可能不使用工具而切斷電纜線，因此一定有使用工具。",M             
被告人,請參考「被告」的解釋。,F             
公法上不當得利,"在公法範疇內，欠缺法律上原因而發生財產變動，導致一方得利，他方受損害的情形。基於依法行政原則，不合法的財產變動都應該回復到合法狀態，得利的一方應將不當得利返還受損人，受損人也可以請求所失利益。
例如：行政機關原作成應發給甲新臺幣800萬元徵收補償費的行政處分，後來發現補償費核算錯誤，正確金額應為650萬元，乃發函撤銷原給付的補償費中超過650萬元部分，並請求甲返還原溢發的150萬元。因行政機關已自為撤銷原違法溢發150萬元部分的行政處分，所以甲之領取該150萬元就成為公法上的不當得利。",A             
簡易法庭,依法院組織法第10條規定，地方法院得設簡易庭，受理民事簡易事件、刑事簡易案件及社會秩序維護法案件。其中民事簡易事件可分為小額訴訟事件及簡易訴訟事件，前者之訴訟標的金額或價額在新臺幣10萬元以下，後者則包括新臺幣50萬元以下及其他法定訴訟類型。,"F,M           "
便宜裁量,"行政機關就個案認定事實、適用法律時，如果認為法律構成要件成立後，法律有再針對法律效果為明示授權或默許時，則會進入裁量權行使的範圍，此時，行政機關可以在法律授權範圍內自由判斷，權衡如何處分才會合於公益。又稱「自由裁量」，但此一用語常易生誤會，應避免使用。
例如：行為人有違反稅捐稽徵法規定的違章行為，依據稅捐稽徵法規定，這個個案可處行為人新臺幣1萬元以上5萬元以下罰鍰，處罰機關即可在法律所授權新臺幣1萬元以上5萬元以下的範圍內裁量決定對該人裁罰金額為何（例如裁罰3萬元）。",A             
矧,況且、何況。,A             
他項權利證明書,他項權利是指不動產所有權以外其他不動產之物權（例如：抵押權、地上權、典權等）。他項權利證明書就是由登記機關所發給用來證明有他項權利的憑證。,V             
就審期間,就是給當事人準備開庭的期間，從收到開庭通知那天算到實際開庭的日期。原則上，如果是言詞辯論庭，應當要給十日以上的就審期間；如果是準備程序，也要有五日以上的就審期間。,F             
借提,法院或檢察署為了審理或偵查案件，將已經在監獄或看守所執行的受執行人或被告提解到法庭或偵查庭，應於開完庭後將人犯送回原執行監獄或看守所。若有無法當日解還的情形者，應暫時寄留在法院或檢察署當地的監獄或看守所，並於案件終結後儘速送回。,M             
自治條例,地方制度法第25條規定，直轄市、縣 (市) 、鄉 (鎮、市) 可以就其自治事項或依法律及上級法規的授權，制定自治法規。自治法規經地方立法機關通過，並由各該行政機關公布者，稱自治條例。,A             
支配行為,依權利人的意思，直接對物加以管領處理的行為。除移轉所有權、設定抵押權等法律行為外，尚包括使用、排除他人干涉、處分（例如：居住於某屋內、築起圍牆禁止他人進入、拆除房屋）等事實行為在內。,V             
精神耗弱,一個人行為時，因為精神方面的障礙或其他心智缺陷的原因，導致辨識他自己行為違法的能力，或能夠按照自己的意識做事的能力顯著減低的話，這種狀況過去刑法的法條文字稱之為「精神耗弱」（現在已經修法，不用這個名稱了）。實務上，常需藉助醫學專家之鑑定意見。,M             
似難謂非,好像是。,A             
期限利益,指債務人因期限的存在而享有的利益。例如：買賣雙方約定以分期付款方式給付價金的情形，買受人可以延長付款期限而不需一次付清，因此分期付款對於買受人有利，而為一種「期限利益」。,V             
共同正犯脫離,共同正犯中的其中一員反悔而想要放棄繼續實現犯行，且已中止個人繼續實行犯罪的行為。如果中止犯行的行為人已經完全切斷與其他共同正犯的因果影響力時（包含物理上與心理上），其與共同正犯之關係便從切斷之時點起消失，切斷關係者僅就切斷前的行為負責。,M             
提審,人民被法院以外之任何機關逮捕、拘禁時，其本人或他人得向逮捕、拘禁地之地方法院聲請提審，使法官能就逮捕程序之合法性進行審查。,M             
寄託契約,指當事人約定由一方將物交付他方，他方同意為其保管該物的契約（民法第589條第1項）。,V             
公法人,"具有組織性且有法人性質，可以獨立作成行政行為的行政主體，但必須受到法律的監督及規範。
例如：國家、各級地方自治團體、農田水利會、行政法人等。",A             
私取理論,「私取理論」（Misappropriation Theory）係建構內線交易責任之一種理論，指行為人利用內線消息謀取私利，乃違背對於消息來源之義務。例如最高法院99年度台上字第1153號刑事判決就證券交易法第157條之1第1項內線交易禁止規定，即提及「私取理論」旨在防止不當使用內線消息。,M             
再議,是告訴人不服檢察官對被告作出不起訴或緩起訴處分，或被告不服檢察官撤銷緩起訴處分時的一種救濟途徑。,M             
包括但不限,指包含所已經列出的情形，但不以這些已列出的情形為限。,G             
涉物行政處分,"具有物的性質，在物有個別或概括承受時，可由該物的繼受人或受讓人代替原受處分人的行政處分，即該行政處分得對該物的繼受人或受讓人發生效力，使其受到該行政處分的拘束。
例如：主管機關對違章建築所有人甲作出拆除違建處分，該處分是直接對違章建築所有人甲設定其拆除義務，但由於拆除違建義務是可替代行為，也可由該物的繼受人（如買受人乙）為之，所以也得對繼受人（乙）發生效力。",A             
誘導詰問,指行交互詰問時，所提問的問題含有「答案」之問話方式，如檢察官問證人：「你在案發時是否看到被告拿刀砍被害人？」將「被告拿刀砍被害人」置於問題中。因誘導詰問可能暗示、誘導證人迎合問題回答，故主詰問時原則上禁止。,M             
視為全部上訴,刑事訴訟法第348條第2項規定：對於判決之一部上訴者，其有關係之部分，視為亦已上訴。所謂有關係之部分，係指判決之各部分在審判上無從分割者，例如：想像競合犯、結合犯。,M             
完納,繳清。,A             
空白刑法,指立法機關僅規定罪名、罪刑及部分構成要件，其犯罪的構成要件尚待行政機關以行政命令、行政法規或其他法律來加以補充的刑法。,M             
拘禁,所謂「拘禁」，指拘束人身之自由使其難於脫離一定空間。就剝奪人身自由而言，「羈押」與拘留、收容、留置、管收等均為拘禁之一種。依憲法第8條規定，國家非依法定程序不得逮捕拘禁。即要求國家拘禁人民時，應踐行法定之正當法律程序，以保障人民之人身自由。,"V,M           "
實質確定力,實質確定力就是一事不再理之效力。一個案件經過法院作成判決確定後，當事人不可以就同一案件再行起訴，法院也不得再對該案件另行審判。,M             
代筆遺囑,指由見證人代為書寫而作成的遺囑。這種遺囑方式是有時代背景的，考慮到不識字的人無法自已寫遺囑，而且如果居住偏遠，要公證遺囑有許多不便，又要繳納公證費用，不符合經濟，加上以前就有請識字的人代寫書信的習慣，於是規定遺囑也可以請人代寫，使習慣與遺囑相結合。代筆遺囑的方式可以參考民法第1195條的規定。,F             
律師強制代理,當事人必須委任律師（或具有律師資格者）擔任訴訟代理人，並由其代為訴訟行為。例如：我國民事訴訟第三審程序採律師強制代理制度，也就是當事人如果要對於第二審判決提起上訴，必須委任律師（或具有律師資格者）為訴訟代理人（民事訴訟法第466條之1），若當事人對於第二審判決提起上訴，卻未依法委任訴訟代理人，其上訴即為不合法。,V             
簡易訴訟程序,"各個訴訟事件的情節有輕有重，對於情節較單純、或本質上適宜迅速終結的訴訟事件，行政訴訟法規定有該類事件要踐行的訴訟程序，就是簡易訴訟程序（行政訴訟法第229條第1項）。
例如：不服的核課稅額在新臺幣40萬元以下的，要向地方法院行政訴訟庭提起行政訴訟，就是適用簡易訴訟程序。",A             
定讞,"一、原解釋內容不專用於行政法系。
二、無修改意見。",A             
尚難謂非有,有、(建議避免使用雙重否定用語),G             
同時犯,同時犯係指二人以上同時同地侵害同一對象，但彼此缺乏犯罪故意的意思聯絡。同時犯與共同正犯不同，共同正犯是彼此間具有犯罪故意的意思聯絡。例如，甲乙兩人不約而同在同一倉庫盜竊，各偷各的，彼此間缺乏竊盜故意的意思聯絡，並非共同正犯，屬於同時犯。,M             
可證,可以佐證、可供證明、足以佐證、足以證明,G             
大學自治,"大學對於內部的組織、課程設計、研究內容、對學生的學力評鑑、考試規則及畢業條件等，都有自行規定和治理的權限。國家對大學所做的監督，除了必須有法律規範外，必須尊重它自行治理的原則，避免大學的自主性受到公權力不妥當的干預。
例如：立法機關不得任意用法律規定大學應設置軍訓室，行政機關也不能用命令要求大學一定要安排軍訓課，教育部對大學所訂的課程內容、學生考試成績的及格與否、入學和退學的標準都不能夠隨意干涉。",A             
法定刑,"法律上規定某個犯罪行為應該被處罰的一個範圍。法院除了有其他法律規定可以減輕或加重的原因以外，就只能在這個範圍內對犯人判決，法院不能任意超過或者降低對犯人的處罰。這裡所說的法院可以判決的範圍就是法定刑。
可分成主刑跟從刑。主刑的種類有5大類，就是死刑、無期徒刑、有期徒刑、拘役及罰金。從刑就只有一種就是褫奪公權。",M             
兩造不爭執事實,民事訴訟的兩造（雙方）當事人都沒有爭執的事實。例如：原告於106年7月1日起訴主張其所有的A地遭被告無權占有而請求返還。被告抗辯：原告曾於101年6月2日把A地借給他使用，並且約定借用期間為10年，因借用期間尚未屆滿，所以原告不能請求返還A地。原告則反駁：雖然他曾經在101年6月2日同意借A地給被告使用，但當時約定的借用期間是5年而不是10年。在這個例子中，兩造不爭執事實為：（1）A地是原告所有、（2）被告現在仍然占有A地、（3）兩造曾於101年6月2日達成由被告向原告借用A地的契約，原告並將A地交給被告使用。,V             
準抗告,所謂準抗告意義，係當事人或非當事人，對於審判長、受命法官、受託法官或檢察官所為處分不服，聲請其所屬法院撤銷或變更之方法。 例如：當事人對於檢察官所為限制住居處分不服所為之救濟方法。,M             
涉陸,涉及中國大陸、涉及大陸地區,G             
俟,等到,V             
應屬非虛,應可採信、應屬事實,G             
家庭暴力,指家庭成員間實施身體、精神或經濟上之騷擾、控制、脅迫或其他不法侵害的行為。而所謂家庭成員是指：(一)配偶或前配偶、(二)現有或曾有同居關係、家長家屬或家屬間關係的人、(三)現為或曾為直系血親或直系姻親、(四)現為或曾為四親等以內的旁系血親或旁系姻親。另所謂騷擾則指任何打擾、警告、嘲弄或辱罵他人的言語、動作或製造使人心生畏怖情境的行為。例如：夫對妻(或妻對夫)為毆打或言語辱罵的行為，但一時偶發性的行為不屬之。,F             
退休金,退休金是指政府(含教育)機關或私人機構發給退休人員的酬金，以保障他退休後的正常生活與開支需要，並激勵員工能於在職期間認真工作。另因符合請領退休金條件（年齡、服務年數）的不同，退休金種類可分為按月給付的「月退休金」、一次發給的「一次退休金」、兼領2分之1的一次退休金與2分之1的月退休金。目前我國退休金相關法律主要有「勞工退休金條例」、「公立學校教職員退休資遣撫卹條例」及「公務人員退休資遣撫卹法」，並於所得稅法第14條規定所得額的計算方式。,A             
遺產稅,被繼承人死亡遺有財產者，納稅義務人依遺產及贈與稅法之相關規定，應依法繳納之稅。又因繼承已課徵遺產稅，如再就繼承人徵收所得稅，即可能發生對同一原因事實重複課稅之問題，故依所得稅法乃特別規定為免稅所得。,A             
秘密保持命令,書狀或證據等訴訟資料，如有包含營業秘密，法院經營業秘密持有人聲請，就該營業秘密所為禁止使用或開示的命令。受秘密保持命令的人，不得將該秘密作訴訟目的以外的使用、或向他人公開，以避免影響原營業秘密持有人的商機或營業活動。,A             
犯罪黑數,亦稱犯罪的未知數，係指所有不在各種官方犯罪統計上出現的犯罪數據。換言之，未為眾所皆知或未受刑事司法機關所追訴與審判之犯罪，即一種「隱藏之犯罪」，乃犯罪黑數。一般而言，犯罪黑數包括民眾未報案之犯罪案件及已發生但未為警方所知或登錄的犯罪案件。 例如被害人沒有報案，或是警察吃案等因素，致真正的刑案發生數據與官方的犯罪統計案件數據有明顯的差距。,M             
業已,既已、已經。,A             
查緝,查緝，即搜查追捕；搜查犯罪活動，並追捕犯罪嫌疑人；主要多用於犯罪偵查機關追查走私、毒品、私煙、私酒、人口販賣、洗錢、逃稅等具有持續性、隱密性、組織性等性質，且涉及經濟犯罪活動的行為上。,M             
合建契約,當事人間約定共同興建房屋的契約，由於合建契約是民法債編所沒有規定的契約類型，故為「無名契約」的一種，關於合建契約的性質為何，應探求當事人的意思依個案情形判斷。,V             
權利失效原則,所謂權利失效，係源自公法上誠實信用原則之制度，指實體法或程序法上之權利人，於其權利成立或屆至清償期後，因可歸責於己之事由，經過長時間而不行使，義務人依其狀況得推論其已放棄權利之行使，而有積極之處分行為，以致權利人再行使權利時，對相對人造成不可期待之重大損害者，認該權利雖未消滅，亦不得再行使。惟行政法上之權利失效非法律所明文，即使予以承認，適用時亦應從嚴為之（最高行政法院102年度判字第518號判決意旨參照）。,A             
洵屬有據,就是法院表達「很有道理」、「我相信你」的意思。,F             
顯有,顯然有、顯然屬於、顯然是,G             
科刑,「科刑」(又稱「量刑」)係指法院根據行為人所犯罪名，以行為人責任為基礎，依法決定對行為人所判處之刑罰種類及刑度輕重。法院科刑時，應審酌刑法第57條所列事項，並兼顧量刑公平性，依法妥適量刑。,M             
無自救能力人,係指其人無維持生存所必要之能力而言。例如：嬰兒。,M             
本案,就是指現在進行中的這個案件。,F             
聲請定應執行刑,法官在個案中針對已經發生的特定犯罪事實，實際上諭知的刑罰(例如：處十五年有期徒刑)，此即所謂的「宣告刑」，也就是在法定刑的範圍內，量定一定的刑罰，而為科處的宣示者。「執行刑」是指法官最後判決行為人(加害人)應該執行的刑度，也就是應入監服刑的時間，而聲請定應執行刑則為檢察官聲請法院就被告所犯數罪訂出執行刑之程序。,M             
刑罰教化,法律使受刑人入監服刑，目的在於達到矯治處遇之效果，促使受刑人悔改向上，培養其適應社會生活之能力，屬於刑罰之特別預防功能。行為人有無教化可能性，係法院量刑審酌事項之一。,M             
抗告,對法院的裁定表示不服。向直接上級法院請求將原裁定廢棄或變更，是裁定的救濟途徑。,V             
屬人原則,犯罪地在本國領域外，但行為人為本國人時，仍適用本國刑法，稱為屬人原則。刑法的屬人原則分為：對公務員的屬人原則，以犯特定罪名作為適用的限制；對一般國民的屬人原則，原則上以特定刑度作為適用的限制。,M             
確定終局判決,法院對於起訴的事件作成該審級終結的判決，即為終局判決。判決，於上訴期間屆滿時確定。不得上訴的判決，於宣示時確定；不用宣示的判決，於公告主文時確定。終局判決已確定者，即稱為確定終局判決。行政訴訟法第213條規定：「訴訟標的於確定之終局判決中經裁判者，有確定力」。,A             
間接毀損,刑法第355條的間接毀損罪，係指意圖損害他人，以詐術使本人或第三人為財產上之處分，致生財產上之損害者，處三年以下有期徒刑、拘役或一萬五千元以下罰金。因本罪犯行在外觀上類似利用他人行為以遂行自己犯意的間接正犯，故學理上稱為間接毀損罪。,M             
一般處分,行政機關基於公權力，對於依一般性特徵可得確定其範圍之多數人，就具體事件所為，直接對外發生法律效果之規制措施。可區分為「對人的一般處分」或「對物之一般處分」，前者例如：命令非法集會之群眾解散；後者例如：單行道、限速起止等道路標誌。,A             
反訴被告,反訴是指被告在原告對其起訴的同一訴訟程序中，於一定要件下，可以對原告提起的訴訟，由法院在同一訴訟程序中一併審理原告的起訴及被告的反訴有無理由，所以反訴被告就是本案原告。例如:甲先對乙起訴， 此時，本案原告是甲、被告是乙；之後乙於同一訴訟程序中對甲提起反訴，此時，反訴的原告是乙、反訴的被告是甲，與本訴相反。,V             
合先敘明,首先就此部分為說明,V             
類推禁止,"解釋一：有些法律領域，尤其是涉及刑罰的法律，法律明文規定什麼樣的情形必須處罰，那麼就要完全符合規定時才能夠處罰。如果沒有完全符合時，即使性質雷同，也不可以直接適用那個規定。這就是所謂的類推禁止。
解釋二：類推適用就是所謂的「比附援引」，也就是說「類似」事件以「類似」的方式處理。這個原則是基於民事案件多元且複雜，所以給予法官在考量相類似案件，在判決時透過法條效果的延伸或擴張的方式加以處理，以解決多元且複雜的民事紛爭。反之，刑法非常重視人權保障，且必須符合罪刑法定主義的規定，如果容許刑法可以比附援引，針對事前沒有規範的行為，援引類似的規定加以處罰，將使人民陷於對自己行為的後果無法預測的風險。",M             
刑事審判權,指案件劃歸我國普通刑事法院審判之權限範圍。審判權之有無，原則上採屬地主義，是以倘若刑事案件發生於國外，復無我國刑法第五條至第八條所列之特定情況者，則我國法院對之無審判權。例如：英國籍人士在我國駕車撞傷我國人民，依屬地主義我國法院有審判權，可對該英國籍人士進行刑事訴追程序。,M             
告訴代理人,代理告訴人為訴訟行為之人。,M             
現有巷道,依臺北市建築管理自治條例第2條第3款、臺北市現有巷道廢止或改道自治條例第3條規定，「現有巷道」係指供公眾通行且因時效而形成公用地役關係之非都市計畫巷道。即供公眾通行，具有公用地役關係之巷道。,A             
扣案,刑事訴訟所稱扣案，是指為了保全證據或應該沒收的違禁物、不法所得等證物，而由司法機關採取查扣、扣押方法，施以暫時占有的強制處分。其中，保全證據的扣案，目的在於保存犯罪證據，避免遭到人為破壞，以作為日後追訴及審判時的證據。至於違禁物、不法所得的扣案，目的則在於保全將來沒收程序的執行。,M             
第三人異議之訴,第三人主張就執行標的物有防止讓與或交付之權利，而請求以判決排除或撤銷強制執行的訴訟。例如：債權人甲因故意或過失，將第三人丙的財產指為債務人乙的財產，聲請法院對丙的財產強制執行，執行機關因此查封丙的財產時，丙可以在強制執行程序終結前，以為甲為被告，向執行法院提起第三人異議之訴。,V             
足證,可以佐證、可供證明、足以佐證、足以證明,G             
特予敘明,特別加以說明,G             
從犯,是舊刑法對於「幫助犯」的用語，幫助犯規定於刑法第30條第1項：「幫助他人實行犯罪行為者，為幫助犯。」，以幫助正犯犯罪的意思，實施犯罪構成要件以外的行為，構成幫助犯。構成幫助犯時，依刑法第30條第2項，得按正犯之刑減輕之。,M             
主刑,刑可區分為主刑與從刑，主刑規定於刑法第33條：「主刑之種類如下：一、死刑。二、無期徒刑。三、有期徒刑：二月以上十五年以下。但遇有加減時，得減至二月未滿，或加至二十年。四、拘役：一日以上，六十日未滿。但遇有加重時，得加至一百二十日。五、罰金：新臺幣一千元以上，以百元計算之。」,M             
公同共有,依法律或習慣，因具共同目的之法律關係 （例如：合夥、夫妻共同財產、繼承遺產） 而結合的數人，就他們所有的財產共享一所有權的關係。例如：甲、乙、丙各出資3分之1成立合夥，該三人對於合夥財產成立公同共有關係。各公同共有人就共有物只有潛在的應有部分。,V             
洗錢罪,洗錢罪規定於洗錢防制法第14條：「（第1項）有第二條各款所列洗錢行為者，處七年以下有期徒刑，併科新臺幣五百萬元以下罰金。（第2項）前項之未遂犯罰之。（第3項）前二項情形，不得科以超過其特定犯罪所定最重本刑之刑。」而同法第2條規定：「本法所稱洗錢，指下列行為：一、意圖掩飾或隱匿特定犯罪所得來源，或使他人逃避刑事追訴，而移轉或變更特定犯罪所得。二、掩飾或隱匿特定犯罪所得之本質、來源、去向、所在、所有權、處分權或其他權益者。三、收受、持有或使用他人之特定犯罪所得。」且所稱「特定犯罪」，依同法第3條之規定，除最輕本刑為6月以上有期徒刑以上之刑之罪外，還包括刑法、懲治走私條例、破產法、商標法、廢棄物清理法、稅捐稽徵法、政府採購法、電子支付機構管理條例、證券交易法、期貨交易法、資恐防制法上之部分犯罪，以及洗錢罪。又所謂「特定犯罪所得」，依同法第4條之規定，是指犯前述特定犯罪而取得或變得之財物或財產上利益及其孳息，且特定犯罪所得之認定，不以其所犯特定犯罪經有罪判決為必要。再者，依同法第16條第1項、第18條第1項前段之規定，法人之代表人、代理人、受雇人或其他從業人員，因執行業務犯洗錢罪者，除處罰行為人外，對該法人並科以洗錢罪條文所定之罰金；且犯洗錢罪，其所移轉、變更、掩飾、隱匿、收受、取得、持有、使用之財物或財產上利益，沒收之。,M             
直接審理原則,直接審理原則是由法院親自聽取當事人之辯論或證人之證言、親眼觀察證據物件。例如本案判決之法官必須親自聽取辯論、調查證據，根據聽取當事人辯論與調查證據所得之心證為判決，以發現真實。,M             
獨立上訴,指不是被告本人，卻可以用自己的名義對判決提起上訴，不受被告意思之拘束，縱使和被告的意願相反也不影響上訴的效力。例如刑事訴訟法第345條規定被告之法定代理人或配偶，得為被告之利益獨立上訴。,M             
行政收容,由行政機關裁處剝奪人身自由的強制處分。,A             
權利濫用,指權利的行使以加損害於他人為主要目的，也就是權利的行使損人而不利己。例如：A地所有權人甲主張乙在鄰地所蓋的B屋占用到A地0.5平方公尺，起訴請求乙將B屋占用部分拆除，並返還土地。如果乙已經在B屋經營餐廳營業數十年，甲是事後才向A地前地主買受A地，在買土地的時候就已經知道A地呈不規則形，面積也只有5平方公尺，根本無法供建築或其他使用，如果拆除B屋可能危及房屋結構而有倒塌的風險， 甲買受A 地的目的只是為了要讓乙拆除B屋，對自己沒有其他正當利益，就可能構成權利濫用。,V             
進步性,進步性係取得發明專利的要件之一，此要件之判斷後於新穎性要件，依專利法第22條第2項規定，申請專利之發明雖無喪失新穎性之情事，但為其所屬技術領域中具有通常知識者依申請前之先前技術所能輕易完成時，不具進步性，仍不得取得發明專利。,A             
保護管束期間,保護管束是指將被處分人交付特定人或機構加以管束並予以輔導。刑法所規定的保護管束有兩種，一種是替代其他保安處分的保護管束(第92條)，另一種是受緩刑或假釋者的保護管束(第93條)。前者的保護管束期間為三年以下，後者的保護管束期間為緩刑期間或假釋期間。,M             
恐嚇取財得利罪,為刑法之罪名，規定於刑法第346條「（第1項）意圖為自己或第三人不法之所有，以恐嚇使人將本人或第三人之物交付者，處六月以上五年以下有期徒刑，得併科一千元以下罰金。（第2項）以前項方法得財產上不法之利益，或使第三人得之者，亦同。（第3項）前二項之未遂犯罰之。」。,M             
擔當自訴,現行刑事訴訟制度，除了由檢察官提起「公訴」請求法院確定被告是否犯罪及其所應受的處罰外，犯罪的被害人也可以在符合一定法律要件的情況下，自行向法院提起自訴，其所委任的代理人(自訴代理人)在審判程序中可以從事檢察官依法所得為的訴訟行為，因檢察官不是自訴案件的當事人，其只能在法院審判時出庭陳述意見。然而，如果自訴人在辯論終結前，喪失行為能力或死亡，而且沒有其他可以提起自訴的人在一個月內，向法院聲請承受訴訟，法院除了認為案件相關事證已經調查完畢，可以逕行判決外，也可以通知檢察官擔當訴訟。此時，檢察官並不是取代自訴人而成為當事人，這只是具有法定代理的性質，自訴案件也不會因此變成公訴案件，在擔當原因消滅時(例如原本喪失行為能力，後來又恢復神智，成為有行為能力者)，原自訴人仍然可以繼續訴訟行為，不因檢察官擔當訴訟，而喪失其原有的當事人地位。擔當訴訟的檢察官，可以從事自訴人所得為之訴訟行為，但不可以撤回自訴，因仍屬自訴案件，而非公訴案件，當然也沒有撤回起訴的問題。,M             
法官保留,"法官保留指將特定的公法上事項保留由法官行使，且也僅法官始能行使的原則。憲法關於人身自由的保障，就明定採法官保留。憲法第8條第1項規定：「人民身體之自由應予保障。除現行犯之逮捕由法律另定外，非經司法或警察機關依法定程序，不得逮捕拘禁。非由法院依法定程序，不得審問處罰。非依法定程序之逮捕、拘禁、審問、處罰，得拒絕之。」第2項規定：「人民因犯罪嫌疑被逮捕拘禁時，其逮捕拘禁機關應將逮捕拘禁原因，以書面告知本人及其本人指定之親友，並至遲於二十四小時內移送該管法院審問。本人或他人亦得聲請該管法院，於二十四小時內向逮捕之機關提審。」所謂「非由法院依法定程序，不得審問處罰」、「移送該管法院審問」，明白規定國家剝奪人民之人身自由，必須經法官審問才可。由於人身自由保障採法官保留原則，明文規定於法規範位階最高的憲法，因此，即使是立法機關也不能制訂法律予以破棄。法官保留原則，意在藉由中立的司法機關，制衡其他國家權力，保障人民的基本權。因此，如果是最狹義的法官保留，則該特定的公法上事項不僅保留由法官行使，且法院介入的時點還應在「事前」或「事中」，不得使法院事後才來審查，否則，人民的基本權如果被侵害後，才由法院審查，可能也已經無法回復。不過，在情形急迫或有其他正當事由的情形，法官保留原則也容許例外，使法院事後才介入審查。
法官保留原則並不限於人身自由之限制或剝奪才適用，例如，司法院釋字第631號解釋指出，通訊監察書原則上應由客觀、獨立行使職權之法官核發，不應使職司犯罪偵查之檢察官與司法警察機關，同時負責通訊監察書之聲請與核發，也將「秘密通訊自由」納入法官保留原則的保障之列。
",G             
都市計畫變更,依都市計畫法第26條第1項、第27條第1項規定，都市計畫經發布實施後，不得隨時任意變更。但依法得為「定期通盤檢討變更」或「個案變更」。,A             
委辦,行政機關依法規將其權限之一部份委由下級機關或自治行政機關辦理。例如：自治團體在固有權限外，受國家之委託，以自己名義辦理國家之行政事務。,A             
強制調解,調解是訴訟以外的一種紛爭解決方法。在某些事件類型，因為當事人訴訟需花費的勞力、時間、費用可能大於其勝訴所能獲得的利益，或者為了維持當事人間和諧關係等考量，法律明文規定在起訴前必須先經法院調解（民事訴訟法第403條），稱之為強制調解。此類事件，如當事人未經調解直接提起訴訟，視為調解之聲請（民事訴訟法第424條第1項）。如非強制調解事件，當事人得自由選擇是否調解，稱之為任意調解（民事訴訟法第404條）。,V             
偽造貨幣罪,當行為人為了行使的目的，偽造通用的貨幣、紙幣(例如新臺幣)，即構成本罪。,M             
輔佐人,在案件審理中，協助當事人（包括少年）進行訴訟程序之人。尤其是當事人陳述能力不足時，得經審判長許可，偕同輔佐人到場扶助，在法庭上陳述意見（但不得與被告或自訴人明示之意思相反）外。輔佐人在少年保護事件中的地位與刑事案件中的辯護人類似。但輔佐人除了要維護少年程序上的權利外，還要協助少年法院促成少年的健全成長。,G             
直接強制,"直接強制屬於行為或不行為義務的強制執行方法之一，另一種則為間接強制，前者主要重點在於物理力量的實施，後者則是對於義務人心理上的威嚇，比如代履行、怠金(行政執行法第28條第2項)。由於直接強制是較嚴厲的執行手段，只有在使用間接強制仍無法實現義務或者不能使用間接強制時才能採取。例如：1.扣留、收取交付、解除占有、處置、使用或限制使用動產、不動產。2.進入、封閉、拆除住宅、建築物或其他處所。3.收繳、註銷證照。4.斷絕營業所必須的自來水、電力或其他能源。5.其他以實力直接實現與履行義務同一內容狀態之方法(行政執行法第28條第2項)。
",A             
善良管理人,依一般交易上的觀念，有相當知識經驗及誠意的人。若欠缺善良管理人的注意義務，就會構成抽象輕過失。,V             
沒收,沒收是指剝奪與犯罪有密切關聯之物(包括違禁物、供犯罪所用之物、供犯罪預備之物或犯罪所生之物及犯罪所得)的所有權，便於日後發還被害人或強制收歸國有。,M             
苟,假如,V             
法效性,與權利或義務有關，有法律上效力。,A             
違禁物,法令禁止私人製造、流通、持有或行使之物,M             
駁回上訴,駁回上訴是指法院認為上訴人的上訴理由不成立或原判決為適當，而把上訴人的上訴駁回。,M             
原告之訴,原告提起的訴訟。,V             
公訴不可分原則,檢察官就犯罪事實一部起訴者，其效力及於全部，此稱之為公訴不可分原則。在單一案件(包括實質上一罪及裁判上一罪)的情形，因為國家刑罰權只有一個，在訴訟法上是一個訴訟客體，自無從割裂予以解決，故起訴的效力及於單一案件的全部，檢察官也不可以只起訴犯罪事實的一部，如果只起訴一部，其效力仍然及於全部。,M             
鑑定證人,證人因為具有特別知識，當他對於曾經經歷的事情發生過程陳述時，依他的特別知識，可以知道或判斷一些一般人無法得知的事實，這樣的人稱為鑑定證人。,M             
明確性要求,明確性原則是指國家機關公權力的行使應符合明確性的要求，使人民清楚知悉在何種情況下可採取何種行為，何者當為或不當為，違反規定將有何種法律效果。一般而言包含：「法律明確性」、「授權明確性」及「行政行為明確性」三種原則。其中，「法律明確性」是指：法律的規定、內容與範圍必須明確，如此，受法律規範的對象對於何種行為為法律許可，何種行為為法律禁止，都可以事前預見及考量。關於明確性原則的判斷，可以參考大法官於釋字第432號解就法律明確性原則提出的三項判斷標準：1.理解可能性：法律規範須意義並不是難以理解。2.預見可能性：為受規範者所得預見。3.審查可能性：可經由司法審查確認。在刑事法領域常出現的爭議為刑事處罰規定是以法律授權的方式，授權由行政機關明定構成要件的具體內容，即有關於授權明確性的問題，例如：野生動物保護法只有規定「保育類野生動物」指「瀕臨絕種、珍貴稀有及其他應予保育」的野生動物，具體種類則授權由主管機關訂定，又規定販賣「保育類野生動物」者，會受到處罰，大法官釋字第465號解釋認為相關法律規定內容具體明確，沒有違反授權明確性原則。,M             
兩造其餘請求均拋棄,當事人約定，互相讓步，以終止爭執或防止爭執發生之契約，稱為和解契約。和解有使當事人所拋棄之權利消滅之效力（民法第736條、第737條）。和解時約定「兩造其餘請求均拋棄」，表示除了和解條件以外，當事人就其他所請求的權利，因拋棄而消滅。,V             
權利告知書,為保障人民訴訟權，刑事訴訟法明定應對被告為一定事項之告知，例如得保持緘默、得選任辯護人及得請求調查有利之證據。又為維護審判中犯罪被害人或告訴人權益，法院亦會告知其得委任律師閱卷或得聲請與被告或旁聽人適度隔離等。此等告知書面，即為權利告知書。,M             
行政犯,違反行政法義務或行政秩序，因此應被科以行政罰的人。如果行為人違反刑事法律規定而應論以刑事罰，則為「刑事犯」。相較於刑事犯，行政犯本質上違反倫理或道德的程度較低，其處罰是由於行為人沒有依法遵守行政秩序或履行特定的行政義務。例如：未依規定速限行駛、未依戶籍法規定登記戶籍資料等。,A             
殊無可採,完全不可採信的意思。,F             
強行法,強行法，是指法律規定的適用，具有絕對性，不可任由人民決定是否適用。簡單來說，強行法所規範的法律行為成立、生效等要件，具有強制適用的效力，當事人不可以約定排除。例如，因買賣而取得不動產所有權時，必須以書面為之，並辦理登記才會發生效力（民法第758條規定參照），若不符合書面以及登記的要件，移轉不動產的行為就不會發生法律效力。,"A,V           "
系爭,為特別指示代稱用語，用以特定該對象，例如「系爭土地」即指「該土地」。,A             
以實其說,「以實其說」就是「用來證實他的說法」的意思。在判決書中，「以實其說」通常會與是否提出證據證明的文句連用。例如，倘若判決書中記載「原告對其所稱某事，業已提出A證據以實其說」，意思就是原告已經提出A證據證明其主張實在；倘若判決書記載「原告對其所稱某事並未提出具體事證以實其說」，意思就是原告只是空泛的陳述，並未提出具體事證證明他的主張實在。,G             
參諸,依據,G             
公然聚眾不遵令解散罪,刑法第149條之公然聚眾不遵令解散罪，除須符合在公共場所或公眾得出入之場所聚集三人以上，意圖為強暴脅迫，已受該管公務員解散命令三次以上而不解散之要件外，尚須有在場助勢或首謀行為。單純不遵令解散，而無在場助勢或首倡謀議行為或犯意聯絡者，自非屬之。,M             
不可抗告,「抗告」是指當事人或其他利害關係人，對於法院所為不利於己的裁定聲明不服，請求上級審法院廢棄或變更的救濟方式。不可抗告是指依據法律規定，該裁定已是終局決定，不能再聲明不服，請求救濟之意。,G             
差別待遇,對特定群體為不同於一般的處置或對待。司法院釋字第722號解釋理由書表示：「憲法第7條規定人民的平等權應給予保障。法規範是否符合平等權保障的要求，應取決於該法規範所以為差別待遇的目的是否合憲，其所採取的分類與規範目的之達成間，是否存有一定程度的關聯性。」行政程序法第6條也有規定：「行政行為，非有正當理由，不得為差別待遇。」,A             
失其附麗,與「失所附麗」的意思相同，都是民事裁判書中常見的用語。意思是指失去所依附的理由和立場，也就是「沒有依據」的意思。,G             
自不待言,不必以言辭表達就已清楚明白。,G             
撤銷原判決,下級審的判決被上級審認為有瑕疵，因此決定取消下級審所作成判決的效力。,M             
衍生著作,衍生著作係就原著作改作之創作，是以獨立的著作保護。衍生著作的保護，對原著作的著作權不生影響（著作權法第6條）。而改作，是指以翻譯、編曲、改寫、拍攝影片或其他方法就原著作另為創作（著作權法第3條第1項第11款）。舉例來說，暢銷小說作者將其小說改寫成電影劇本，小說是原著作，電影劇本就是衍生著作。,A             
手段相當原則,使用的手段與其所想要達成的目的之間，必須合乎一定的比例。例如：不可用大砲打小鳥。,M             
無行為能力,欠缺為有效法律行為之能力（另請參見關於「行為能力」之解釋）。未滿7歲之未成年人或受監護宣告的人，均無行為能力，其所為之意思表示無效，應由法定代理人代為法律行為（民法第13條第1項、第15條、第75條、第76條）。,V             
不公開審理主義,法院開庭時，除了法院的職員、當事人、訴訟代理人、證人及其他經法院准許在場之人外，禁止其他人旁聽。依法院組識法規定，法院開庭審理案件，原則上必須公開，稱為公開審理主義（或公開審理原則）。但若開庭內容如果涉及人民隱私、營業秘密、國家機密等，而有妨害國家安全、公共秩序或善良風俗之疑慮時，法院可以例外不公開審理，因此，在我國是以採取公開審理主義為原則，採不公開審理主義為例外。,V             
責任能力,行為人具有判斷不法之意識能力，並依其判斷而為行為之控制能力，即具備「責任能力」。刑法上判斷行為人有無責任能力之依據有二，一般形式判斷標準為刑法第18條、第20條，以年齡及是否為瘖啞人做為標準。另外實質上判斷則為刑法第19條，以當下行為時的識別能力為判斷標準。,M             
本票裁定,本票執票人於到期日後提示付款遭拒絕時，向票據付款地的法院聲請裁定准許強制執行（票據法第123條）， 經法院審查本票的形式要件具備後所為准許強制執行之裁定。因本票裁定屬於非訟程序，因此票據債權是否已因清償而消滅、簽章是否真正等實體事項，均非審理對象。,V             
獨資商號,指一人以營利為目的，出資經營事業，依據商業登記法登記成立的行號。獨資商號本身並無獨立法人格，不得為權利義務主體，但因獨資商號出資人僅有一人，所以其商業行為的權利義務直接歸屬於該出資的自然人，如果有盈餘，全數由該單獨出資人享有，但若有虧損，也由該出資人負擔。例如裁判書中記載「王小明即小明水電行」，就表示小明水電行是王小明獨資成立的商號。,V             
申報地價,政府舉辦規定地價或重新規定地價時，土地所有權人在公告期間所申報的地價稱作「申報地價」。申報地價在我國土地法制有許多重要功能。例如，對於已規定地價之土地，申報地價是課徵地價稅之依據。又倘若申報地價低於公告地價80％時，政府可以按照申報地價照價收買（平均地權條例第16條、第17條第1項規定參照）。,A             
強制治療處分,"本處分可分成兩種：一種是對有花柳病仍故意傳染給他人的行為人，於其執行刑罰前，命入一定處所治療，至其痊癒為止（91條）；另一種則是對性侵害犯罪人，所施予的強制治療（91條之1）。
後者的強制治療，再分兩種情形：1.徒刑執行期滿前，於接受輔導或治療後，經鑑定、評估，認定有再犯之危險者。2.依其他法律規定，於接受身心治療或輔導教育後，經鑑定、評估，認定有再犯之危險者。這兩種人均有可能被科以強制治療。",M             
人權,理解上有多元性，沒有一致的定義。概略來說，是指身為人應享有的最基本權利。,G             
請求標的相牽連,"原告請求法院裁判的幾件事情，彼此間有密切的關係。法院可以把這些案子合併起來審理。
比方說原告請求離婚，又請求剩餘財產分配，因為是離了婚才有分配財產的問題，所以這兩件訴訟之標的是相牽連的。
",F             
發明專利舉發,發明專利申請案經專利專責機關核准公告取得專利權，為期專利權授與正確，專利法設有「舉發」的公眾審查制度，依專利法第71條規定，發明專利權有該條所列舉發事由時，任何人或利害關係人得提起舉發；依專利法第72條規定，利害關係人對於專利權之撤銷，有可回復之法律上利益者，得於專利權當然消滅後，提起舉發。而依專利法第82條規定，發明專權經舉發審查成立者，應撤銷其專利權，其撤銷得就各請求項分別為之。,A             
不當聯結禁止原則,行政機關採取的行政措施必須與其所欲達成的行政目的有正當、合理的關聯。例如：要求繳清罰鍰，始能發給行車執照，即違反不當聯結禁止原則。因為行車執照的制度是為了確保行車品質，而罰鍰的繳交是行政罰的執行問題，兩者無正當、合理的關連。,A             
追加確認訴訟,"又稱續行確認訴訟、後續確認訴訟，指在撤銷訴訟類型的審理程序進行中，作為爭執標的的行政處分（原處分）已經消滅或已執行完畢，此時原告因原本的行政處分所造成權益侵害的狀態已經不存在或了結，行政法院沒有撤銷的對象，本來沒有再繼續進行這個訴訟的必要，而應駁回起訴。但如果原告的權益因為原處分而受損，沒有辦法因為原處分撤銷而可以回復時，法律允許原告可將原來還沒結束的撤銷訴訟類型轉換為確認原處分違法的訴訟類型。
例如：主管機關作出甲醫師應停業兩個月的處分，甲向行政法院提起訴訟請求撤銷該處分，於訴訟程序進行中，該停業兩個月的處分已執行完畢，而甲提起撤銷訴訟所要達成不停業的效果，已無從因撤銷訴訟勝訴而得以回復，此時即應允許甲將原來進行的撤銷訴訟轉換為確認該停業處分為違法的訴訟。",A             
申復,「申復」一詞在我國法律中使用廣泛，意義、性質也不盡相同。例如：藥事法第99條之1的「申復」是一種訴願先行程序，沒有經過「申復」就不能提起訴願；所得稅法第84條的「申復」，則是納稅義務人可以於一定期間內向稽徵機關陳明是因何種正當理由而不能按時到達備詢。所以，「申復」的實際意涵，仍須視個別法律規定之內容而定。,A             
保存登記,"「保存登記」即「建物所有權第一次登記」。土地登記規則第四章第二節定有建物所有人向登記機關申請建物所有權第一次登記之相關規定。
",A             
如股,請參考「馨股」的解釋。,F             
會面交往,夫妻離婚後不住在一起，孩子主要會跟一方同住，另一方原則上有權利與子女會面交往。這不但是父母的權利，更是孩子的權利。沒有正當理由，不能限制或禁止孩子與未同住的父母會面交往。,F             
比例原則,"比例原則又稱最小侵害原則或是禁止侵害過當原則，係指國家的權力行使若有侵害人民之必要時，應以最適當、最小侵害的方法為之。以下為其派生原則：
適當性原則：又稱適合性原則、合目的性原則，國家所採取之措施須有助於公益目的之達成。
必要性原則：由合乎適當性之措施中，選擇對權利侵害程度最小的手段，但其功效必須與較大侵害程度的手段相同。
衡平性原則：國家之措施所可能引起的損害與所欲達成國家任務間，未有極端不相稱的情形發生。",M             
洵屬有據,確實有根據、沒有疑問,V             
併合處罰,在行政罰領域，數行為違反數個行政處罰的法規範，可併合處罰。例如，進口人填具進口報單時，需分別填載進口稅、貨物稅及營業稅相關事項，向海關遞交，始完成進口稅、貨物稅及營業稅的申報，故實質上為3個申報行為，而非一行為。如未據實申報，致逃漏進口稅、貨物稅及營業稅，分別符合海關緝私條例第37條第1項第4款、貨物稅條例第32條第10款暨加值型及非加值型營業稅法第51條第7款規定者，應併合處罰，不生一行為不二罰的問題（司法院釋字第754號解釋文參照）。,A             
再審議,根據104年5月20日修正公布前公務員懲戒法規定，對於懲戒案件之議決，有特定情況時，原移送機關或受懲戒處分人可以移請或聲請再審議，例如適用法規顯有錯誤、或足以影響原議決的重要證據漏未斟酌等。但修法後，公務員懲戒委員會改採取法院體制，「再審議」程序被「再審」程序所取代。,A             
傳聞例外,證據可分成供述證據（例如人證）與非供述證據（例如物證），供述證據如係被告以外之人在審判外作成，因無法當場以詰問驗證其真偽，故原則上不得作為證據，此即傳聞法則。但如法律有特別規定，例如：向法官所為之陳述，或經被告同意作為證據等，則屬傳聞例外。,M             
智慧財產權,智慧財產權是人類精神活動的成果而能產生財產上之價值者，經由法律所創設的一種權利。對於智慧財產權並未有一套法規明定相關權益，而是散布在各法規中，例如：專利法、商標法、著作權法、光碟管理條例、營業秘密法、積體電路電路布局保護法、植物品種及種苗法、公平交易法等。,A             
案由,案件類型的意思。,F             
陳情,陳情，就是人民依相關法律規定，以書面或言詞等方式，對於行政興革的建議、舉發行政違失或維護行政上權益，向主管行政機關表達願望、陳述意見的行為。,A             
判決違背法令,"判決不適用法規或適用法規不當，為判決違背法令（行政訴訟法第243條第1項）。
例如：判決適用的法規已經失效，或因牴觸上位階法源而無效；對法規的解釋產生錯誤；漏未適用正確的法規等。此外，判決法院的組織不合法；參與裁判的法官未依法迴避；審判權的認定有誤或違背專屬管轄；當事人於訴訟未經合法代理或代表；違背言詞辯論公開的規定；判決不備理由或理由矛盾，也是判決違背法令的情形（行政訴訟法第243條第2項）。",A             
障礙未遂犯,"解釋一：在實行犯罪的過程中，因為各種因素造成沒有辦法完成犯罪所預期的結果，又稱普通未遂。
解釋二：不能未遂又稱為不能犯，是指行為人基於犯罪的故意而著手實行，但其行為無法達到犯罪結果，也沒有危險者。例如：某甲誤認砂糖足以致人於死，而將砂糖摻入水中，提供給乙飲用。現行法考量到不能犯之前提係以法益未受侵害或未有受侵害之危險，如果仍對於不能發生法益侵害或危險之行為課處刑罰，無異對於行為人表露其主觀心態對法律敵對性之制裁，在現代刑法思潮下，似欠合理性。因此，基於刑法謙抑原則、法益保護之功能及未遂犯之整體理論，改採客觀未遂論，將不能發生犯罪之結果，又無危險之行為，規定為不罰(也就是不構成刑事犯罪)。",M             
瀆職罪,"刑法之瀆職罪章，係懲罰公務員破壞依法執行職務之服務原則，損害國家法益，包括賄賂罪、枉法裁判或仲裁罪、濫用職權追訴處罰罪、廢弛職務釀成災害罪、公務員洩漏國防以外之秘密罪等。目的係為維護公務廉潔性、職務公正性及國民對政府施政之信賴。
",M             
彈劾主義,彈劾主義是指對於犯罪的審判，必須由法院以外的個人（私人訴追制度）或機關（公眾訴追制度）進行告發或追訴後，法院才能加以審判，而不是由法院同時擔負追訴及審判功能的意思。因此，採用彈劾主義的訴訟制度，即是包括原告、被告及法院等三面關係的訴訟型態。,M             
公務員登載不實罪,公務員對於職務上所掌管的公文書，應本於事實為正確登載，如果明知不實而仍為登載，並損害公眾或他人之權益，就可能構成刑法第213條公務員登載不實罪。本罪是有制作權人，但制作內容虛偽的公文書。又所謂「明知不實之事項而登載」，是指行為人明知其登載內容失真而仍予登載，不問失真內容是全部或一部，也不問是虛增或故減。,M             
未遑,無暇、未及。,G             
防禦方法,對於他方提出之主張或事實證據，提出反對的證據或主張，以避免他方提出的證據成為不利於自己的資料。例如:原告起訴請求被告清償借款，並提出借據為證，被告主張借據是偽造的，此即被告針對原告的主張所提出的防禦方法。,V             
爰,因此、所以、於是。,A             
機關鑑定,指交由具有專業知識的機關團體來進行鑑定。例如囑託醫院、學校或會計師公會來鑑定。機關鑑定的用意，原本是考量這些機關有厲害的專家與足夠之設備，比較能作出好的鑑定結果，所以現行大多數刑事案件的鑑定都採取機關鑑定的方式。司法院也備有鑑定機關名冊。雖然機關鑑定具有其便捷性，但是因為機關鑑定並無法得知到底是由何人實際進行鑑定，因此在法院有需要傳喚鑑定人到庭時，容易產生困擾。,M             
類推解釋,基於平等原則，性質相同的事物應做同等的處理。因為法律沒有辦法對於世界上所有的事情都鉅細靡遺的加以規定，一定有遺漏的地方，因此若某種事項法律並未以明文直接規定，但對於另一個性質相同的事項有規定時，在有些法律領域，我們可以引用這個規定，作為法律沒有明文那種情形的解釋方法。,M             
可供即時調查之證據,在民事訴訟程序，考量某些程序事項有迅速確定或為了減輕當事人舉證困難等情形，法律特別規定當事人提出可供即時調查並可使法院信為大概如此的證據，來釋明所主張的事實為真實，就盡到其舉證責任（民事訴訟法第284條規定參照）。例如，當事人向法院提出書狀，同時檢附證物A，作為釋明其於書狀內主張的事實為真實的證據，該證物A即屬「可供即時調查的證據」。,V             
身分構成要件,請參考身分犯之概念。,M             
處分權原則,處分權主義係指就訴訟之開啟、審判之對象與範圍，以及訴訟之終結，當事人有自由決定主導權者，而非由法院職權進行。,M             
前揭,前述；表示「前面所提過的內容」的意思。,A             
法律上一行為,法律上一行為是指行為人多次以相同或不同行為態樣來實現法律單一的構成要件，並以此緊密關聯性而透過法律形成一事實行為，或屬持續性或接續性行為，而法律上將其評價為單一行為。舉例而言，被告基於強盜的犯意，於密切的時間內，在相同房間內，強盜一群被害人的財物，被告上開數舉動，應評價為法律上一行為。,M             
106年度家護字第337號,請參考「106年度家訴字第831號」的解釋。,F             
歷史解釋,歷史解釋，是指經由探求立法者於制定法律當時所作價值判斷及其所欲實踐的目的，藉以推知立法者的意思，而運用於解釋法律的方法。立法史料的「立法理由」只是作為詮釋的基礎，並非歷史解釋的前提。,"F,G           "
授權命令,「授權命令」是學理上依照中央法規標準法第7條規定所做的分類，以行政機關訂定命令時有無法律授權作為區別標準，如果是基於法律授權所訂定的命令，稱為「授權命令」；如果沒有法律授權，而是基於行政機關職權所訂定的命令，就稱為「職權命令」。,A             
似屬無憑,難以採信,G             
違反母法,當立法機關授權行政機關發布補充法律的命令時，就發生母法與子法的關係。 也就是：法律是母法，依授權訂定的法規命令是子法。因為子法是源自母法而生，子法不得牴觸母法。例如：農業發展條例（母法）第31條前段已有家庭農場的農業用地，由能自耕的繼承人繼承而繼續經營農業生產者，可以免徵遺產稅的規定。但依農業發展條例授權訂定的農業發展條例施行細則（子法），如果增加母法所沒有的限制（例如：增加規定如果已依法編定為非農業使用者，就不可以免徵遺產稅），就屬違反母法（司法院釋字第566號解釋參照）。依憲法第172條規定，命令牴觸法律者，無效。,A             
特別預防,特別預防所稱的「特別」是指「犯罪人」或「受刑人」而言。本理論希望一方面透過「社會隔離」改善或減低犯罪人的再犯欲望，另外透過教育的實施、課程或活動的安排，期望受刑人改邪歸正，甚至有能力返回社會，自立自足。例如，犯罪人受到刑罰制裁時，與社會產生隔離的期間，透過自我反省、達到改邪歸正，並且透過成人監獄或少年矯正設施安排的相關課程與活動，讓犯罪人學習其他領域的知識技能，探索個人潛能，期望習得一技之長，有朝一日再重新回歸且適應社會，自我負責。,M             
在途期間,指訴訟程序之當事人，不在法院所在地居住者，於計算法定期間(如上訴期間、抗告期間)時，所應扣除的期間即為在途期間。,M             
併合而為,合併成為,G             
自訴程序,自訴程序是指犯罪被害人（或法定代理人、直系血親、配偶）不透過檢察官，而自己向法院對被告提出刑事訴訟的程序。提起自訴的人稱為自訴人。自訴與公訴程序最大的差別在於，偵查階段檢察官可以透過特定的強制處分取得犯罪證據，而自訴的原告由於本身並未被賦予此一權力，因此在犯罪的偵查上只能以任意的方式取得證據。,M             
押金,押金也稱為押租金，是由承租人在租賃契約成立時先交付一筆金錢或其他替代物給出租人，作為承租人日後積欠租金或因損害租賃物所負賠償責任的擔保。因此，租賃關係消滅後，承租人如果有積欠租金或應負損害賠償責任情形，出租人可先扣除積欠租金或應賠償的數額後，退還剩餘押金給承租人，否則就要把全部押金退還給承租人。,V             
准予復權,破產人或債務人，經法院裁定宣告破產或開始清算程序後，向法院聲請回復因破產或清算而受到限制的相關權利，法院審理後認為聲請有理由的話，就會裁定破產人或債務人准予復權。,V             
輔導宣告之人,如為「輔助宣告之人」，請參考「輔助宣告」的解釋。,F             
切結,切實開立證明文件，以示負責。,V             
證據保全,在訴訟前或訴訟期間，為了防止證據被銷毀、被藏起來或是移轉給別人，因此請法院先行用法律程序占有或限制證據的轉讓，以保留下來。,M             
選任鑑定人,法官或檢察官針對案件性質，選任具有「特別知識經驗」者進行鑑定，協助認定犯罪事實。法律固然沒有限制鑑定人的資格，但實務上仍需一定學經歷與專業經驗者才可以當鑑定人。法院備有鑑定人名冊，將鑑定人之專長、學經歷等事項，列於表單，以供選擇。選任鑑定人時，需考量客觀公正性，不可有利益衝突，否則當事人可聲請迴避。按現行法規定，鑑定人有報告義務，必須到法庭具結，並接受當事人的詰問與法院的訊問，例外可用書面方式提供鑑定意見。,M             
起訴狀,提起民事訴訟，應以訴狀寫明當事人（即原告、被告）及其法定代理人、請求法院判決之聲明、訴訟標的與請求原因事實，向法院提出。起訴狀之參考範例，可參閱司法院網站－便民服務－書狀範例。,V             
固非無見,雖然不是沒有道理。,A             
己手犯,己手犯又稱為親手犯，是指行為人必須直接並親自實施構成要件行為才能構成的犯罪，不能假手他人實施；第三人雖然可以透過教唆或幫助他人實現犯罪，但本身絕不可能成為間接正犯或共同正犯。例如：刑法刑法第185條之3醉態駕駛罪，只處罰飲酒後駕駛動力交通工具之人，事先鼓勵酒後開車的人，最多只成立該罪的教唆犯或幫助犯，不會因此成為醉態駕駛罪的共同正犯。,M             
議決書,議決書代表眾人開會討論後作出決定之文書。比如公證法第59條規定：「民間之公證人懲戒委員會受理懲戒案件後，於議決前，應為相當之調查，並予被付懲戒人充分申辯之機會，亦得通知前條之移送機關或公會為必要之說明。前項之議決，應作成議決書。」,A             
相對法律保留,由於司法院釋字第443號解釋理由書第1段提出「層級化法律保留」原則(請參見層級化保留原則之法律名詞解釋)，其中，相對法律保留，是指對象包括關係生命、身體以外之其他自由權利的限制，以及給付行政措施涉及公共利益之重大事項，此時可以由法律直接規範或由有法律明確依據之行政命令加以規範。換句話說，如果是前面所提到的情況，立法者可以由法律或者具體授權給行政部門制定法規命令當作國家行為依據，不用限定在憲法或者法律的層次。,A             
二階段理論,二階段理論，也稱為雙階理論，是指某些行政主體與私人間的法律關係可分為二個階段，第一階段在主管機關與人民間的法律關係，例如經主管機關以行政處分形成，屬公法關係；至於第二階段則是行政機關決定之後「如何」履行的問題，通常是私法關係。【詳請參閱司法院釋字第540號解釋文、解釋理由書，針對人民申請承購（租)國宅或貸款遭主管機關核准（公法關係）及進而與主管機關簽訂買賣、租賃或借貸契約（私法關係）的說明】,A             
保證契約,保證契約是指債務人不履行債務時，由保證人代替債權人負履行責任的契約，包括：（1）一般保證：債務人財產經強制執行沒有效果後，得向保證人求償；（2）連帶保證：保證人與債務人負連帶清償責任；（3）人事保證：債務人（受僱人）因執行職務而負賠償責任，僱用人不能依其他方法受賠償時，得向保證人求償。,V             
要非可信,難以採信,G             
失所附麗,「失去依據」、「失去依附的法律關係」的意思。通常用在駁回假執行的請求。因為假執行是以原告勝訴為前提，所以如果法院判決原告敗訴，那麼原告聲請的假執行就會因為前提不存在，而遭到法院駁回。通常寫作「假執行之聲請即失所附麗，併予駁回。」 ,V             
特別委任,"依照民法第533條規定，受任人就特別委任事務之處理，得為委任人為一切必要之行為。例如當事人（委任人）委任訴訟代理人（受任人）進行訴訟行為時，訴訟代理人需受特別委任，始具有捨棄、認諾、撤回、和解、提起反訴、上訴或再審之訴及選任代理人的代理權。

",V             
違法徵收罪,係指公務員對於租稅或其他入款，明知不應徵收而徵收，規定在刑法第129條第1項。所稱之「其他入款」，是指租稅以外之稅捐、 規費等一切公法上收入之款項，並不以稅捐為限。,M             
新型專利技術報告,由於針對新型專利申請案是採取形式審查程序，經濟部智慧財產局（以下簡稱智慧局）審查時不會進行是否符合「新穎性」與「進步性」實體要件的判斷，只要通過形式審查後，就會直接核給專利。因此，任何人想知道該新型專利權是否符合實體要件，可以向智慧局申請「新型專利技術報告」，作為客觀判斷的依據。,A             
營利事業所得,指公營、私營或公私合營，以營利為目的，具備營業牌號或場所之獨資、合夥、公司及其他組織方式之工、商、農、林、漁、牧、礦冶等營利事業之所得。營利事業所得之計算，以其本年度收入總額減除各項成本費用、損失及稅捐後之純益額為所得額（所得稅法第11條第2項、第24條第1項前段規定參照）。,A             
圖卸,試圖卸責,G             
書記官,法院的職員，負責法庭上筆錄的記載及相關行政事務。,F             
絕對不起訴處分,"解釋一：在犯罪偵查後，依法檢察官不得起訴，放棄對被告起訴的一種處分。刑事訴訟法第252條規定，有下列情形之一者，「應」為不起訴處分，稱為「絕對不起訴處分」：（一）曾經判決確定者。 （二）時效已完成者。 （三）曾經大赦者。 （四）犯罪後之法律已廢止其刑罰者。 （五）告訴或請求乃論之罪，其告訴或請求已經撤回或已逾告訴期間者。 （六）被告死亡者。 （七）法院對於被告無審判權者。 （八）行為不罰者。 （九）法律應免除其刑罰者。 （十）犯罪嫌疑不足者。 
解釋二：依照刑事訴訟法第252條規定，檢察官偵辦案件遇到下列十種情形，一定要作出不起訴的處分：1. 曾經判決確定者：指的是檢察官曾經起訴過被告同一個案件，後來法院對這個案件已經有確定的判決，檢察官不可以重複起訴。2. 時效已完成者：指的是依照不同的犯罪類型，刑法第80條規定只有在一定期間內，檢察官才可以起訴被告，這段時間法律上叫做追訴權時效期間。如果檢察官超過追訴權時效期間，還沒有起訴被告的話，就要作不起訴處分。3. 曾經大赦者：指的是總統依憲法及赦免法規定，行使大赦的權力，檢察官不可以起訴被告。4. 犯罪後之法律已廢止刑罰者：指的是雖然被告行為時，法律上規定這是一個犯罪行為，應該被處刑罰。但是後來法律修改，不再是犯罪行為，檢察官就應該不起訴。5. 告訴或請求乃論之罪，其告訴或請求已經撤回者：指的是被告所犯的罪屬於告訴乃論或者是請求乃論的犯罪，而告訴人或請求人已經撤回他先前對被告提出的告訴或請求，或者是提出告訴或請求的時候，已經超過法律規定的時間，檢察官應該作不起訴處分。6. 被告死亡者：法院無法對死亡的人進行審判。因此，在被告死亡後，檢察官應該不起訴。7. 法院對於被告無審判權者：例如，某個現役軍人在戰爭時犯了陸海空軍刑法的罪，就要依照軍事審判法規定，在軍事法院接受審判，普通法院對這個現役軍人沒有審判的權限。所以，地檢署檢察官不可以起訴這個現役軍人，應該轉由軍事檢察署來作後續處理。8. 行為不罰者：指的是刑法規定某種類型的行為不能加以處罰，檢察官應該作不起訴處分。9. 法律應免除其刑者：指的是法律規定某種情形下，應該要免除犯罪人的刑罰，而檢察官偵查後，認為被告符合規定，就應該不起訴。例如：收受賄賂的公務員被告，在犯罪後自首，將貪污的錢都自動交出來，講出其他一起貪污的人。後來檢察官因此查到正犯或共犯，依照貪污治罪條例第8條第1項免除其刑的規定，應該對他作不起訴處分。10. 犯罪嫌疑不足者：檢察官偵查犯罪後，發現被告根本沒有犯罪，或者證據不夠充分，被告的犯罪嫌疑沒有達到重大可以起訴的程度，就應該不起訴。",M             
感化教育,對於未滿十八歲之人所為的替代刑罰的處分。感化教育是基於少年犯宜教不宜罰的概念所設置。對於這些少年，另有特別法（少年事件處理法）的規定。少年事件處理法所規定之保護處分，有訓誡、保護管束、社會安置與感化教育（收容於矯正學校或輔育院）等。對於情節最嚴重的少年犯，始有感化教育之適用，期間為三年以下。,M             
拋棄繼承,指繼承人不願意繼承已經過世的人留下的任何財產和債務。如果要抛棄繼承，必需在知道可以繼承的時候三個月內，向法院提出書面來辦理。,F             
審判不可分,每一個犯罪事實，國家只有一個刑罰權，只能處罰一次，不能重複處罰。但是同一個犯罪事實可能是由好幾個連續或先後相關的舉動所構成的，某個特定的舉動若是屬於同一個犯罪事實，就不能拿出來另外審判，否則就是重複處罰；但是某個特定舉動若不屬於同一個犯罪事實，當然必須另外處理，沒有重複處罰的問題。所以到底是不是屬於同一犯罪事實的判別，是法院審判的前提，應先將犯罪事實的範圍界定清楚。如果好幾個具有法律意義的舉動都是屬於「同一犯罪事實」範圍內的，就必須一起審判，不能分割裁判，這就是「審判不可分原則」。,M             
上訴意旨,上訴人對原審判決進行指摘的內容或理由的統稱,V             
期間,由一定日期到一定日期，可分為法定期間及裁定期間。法定期間是指法律明文規定的期間【例如：上訴期間（民事訴訟法第440條）】；裁定期間是指法院或法官所訂定的期間【例如：法院命原告供擔保的期間（民事訴訟法第99條第1項）】。,G             
止付通知,票據權利人因遺失票據，為防止不知情的第三人取得票據而兌領，而填寫掛失止付通知書，將票據喪失的情形通知付款人，使付款人暫時停止付款。但票據權利人必須在完成止付通知後5日內向法院聲請公示催告，並向付款人提出已為公示催告的證明，否則先前的止付通知將失其效力，將來也不能再對同一張票據辦理止付（票據法第18條第2項、票據掛失止付處理規範第4條）。,V             
即成犯,係指行為人一旦實施犯罪構成要件之行為，而發生一定法益之侵害或危險時，其犯罪行為即已完成之犯罪。例如刑法第三百二十條第二項之竊佔罪，為即成犯，於其竊佔行為完成時犯罪即成立，以後之繼續竊佔乃狀態之繼續，而非行為之繼續。,M             
偽證罪,國家刑罰權的正確實施，除有賴於事證的周密蒐集外，於大部分案件，也必須借助於證人對於所見所聞的犯罪事實為詳實完整的陳述。所以，除法律另有規定外，不問何人，於他人的案件，都有作證之義務(刑事訴訟法第176條之1)，證人如果在法院審判時或檢察官偵查時，對於案情有重要關係的事項，作了虛偽不實的陳述，並且已經完成具結程序以擔保所陳述的內容均屬真實，則不論最後當事人是否因此受有利或不利的判決，都成立偽證罪，最重可以判處七年有期徒刑。,M             
陽光法案,陽光法案以陽光象徵公開、透明，指藉由立法將政府施政行為公開化、透明化，防制公務人員貪瀆及利益輸送之相關法案，例如：公職人員財產申報法、公職人員利益衝突迴避法、政治獻金法。,A             
調處,調停處理。例如：「耕地三七五減租條例」就耕地租佃爭議事件即有「調處」之規定，各該耕地租佃委員會所為之調處，性質上屬行政行為而非行政處分。,A             
廢止,"行政機關作成行政行為後，因為相關事實或法律發生變更，導致原來合法的行政行為和現實狀況或現行有效的法律規定有所出入，而由原來的行政機關直接廢棄該行政行為的行為。原則上廢止的法律效果是向將來發生效力。
例如：某房屋經主管機關指定為古蹟後，因為火災被燒毀滅失，主管機關廢止原古蹟指定之行政行為（古蹟指定及廢止審查辦法第6條）。",A             
信賴原則,"行政法上的信賴原則，是指信賴保護原則。人民的行為符合信賴保護的三要件（須有信賴基礎、須有信賴表現、須有值得保護之信賴利益），如果有其因信賴而為後續作為的行政法規或行政處分要被廢止、變更或撤銷而遭受損害時，行政機關應採取合理的補救措施（如維持現狀之存續保護、或適當財產補償之財產保護）或訂定過渡期間之條款，來減輕或避免損害的造成。
例如：業者原先依法申請到主管機關所發給經營某種特定電玩之許可，乃花費鉅資購進相關機台，後來相關法規修正，禁止經營該種特定電玩類型，主管機關將對原許可加以廢止時，就應該考量個案是否有信賴原則適用的問題，進而考量以採取合理補救措施或訂定過渡期間條款等方式，來減輕或避免對業者所造成的損害。",A             
公法上地位,公法上地位與公法上權利有關，包括憲法或法律上所保護之利益。又人民與國家或人民與地方自治團體之權利義務關係，均屬公權力行政對象，包括命令、行政處分、行政契約，或地方自治規章等。換言之，涉及人民權利義務之創設、確認、變更或廢止，須受依法行政所支配。如人民之權益因公權力行使而受損，得依照其公法上地位，請求行政爭訟或國家賠償。,A             
永佃權,修正前民法第842條第1項規定， 永佃權是指支付佃租永久在他人土地上為耕作或牧畜的權利，也就是土地使用人以支付地租為條件，在地主所有的土地上進行沒有期限的耕作、放牧等充分利用土地行為之權利。但上開規定已於99年2月3日民法修正時，基於「永佃權之設定，將造成土地所有人與使用人之永久分離，影響農地之合理利用。且目前實務上各地政事務所受理永佃權設定登記案件甚少，且部分案件係基於為保障抵押權或保障農地所有權移轉之權利而設定，已扭曲永佃權之本旨，足見目前永佃權之規定已無存在之價值。且按民法物權編施行法修正條文第13條之2明定過渡條款，故刪除本章規定，對於修正施行前已發生之永佃權，亦無任何影響」等理由刪除。,V             
對簡易判決不服之上訴,規定於刑事訴訟法第455條之1，對於簡易判決有不服者，得上訴於管轄之第二審地方法院合議庭。至於對於適用簡易程序案件所為裁定有不服者，則得抗告於管轄之第二審地方法院合議庭。,M             
擔保,為了確保債務的清償而採取的法律措施。例如：擔保物權是指在債務人或第三人所有的物（或權利）上設定物權（例如：抵押權、質權），以確保債務能夠獲得清償。法律所規定的擔保方式，以提出金錢最為常見，也有規定可以由有資產的人出具保證書作為擔保，將來如果必須賠償，就由出具保證書的人負責清償或賠償（例如：強制執行法第23條）。,V             
職權探知主義,一般的民事訴訟中，因為尊重當事人的決定，當事人不提出的主張或證據，法院就不會調查。但在家事事事件程序中，關係到人的身分關係以及未成年人的權益，所以即使當事人沒有提出，法院還是會「主動」去蒐集、調查證據，來認定事實。這就叫做職權探知主義。,F             
異議,於訴訟程序中對於法院的處分或他人的訴訟行為表示不同意見或救濟的方法（民事訴訟法第197條、第201條、第240條第2項、第240條之4、第484條、第485條等規定）。,V             
凶宅,指曾發生過非自然死亡（如：自殺、他殺）事件，可能會使人心生不安、畏怖或有所忌諱的房屋。,V             
自由刑,係指剝奪犯罪人之自由，將其拘禁在一定處所，並施以矯治的刑罰手段。因係剝奪犯罪人之自由，故稱為自由刑。自由刑可分為有期徒刑、無期徒刑及拘役三種。,M             
事實行為,行政主體直接發生事實上效果之行為，其與行政處分係對外發生法律效果或以意思表示為要素不同。例如：氣象局的氣象報告、行政機關內部單位意見交流及實施教育訓練等。,A             
所有物返還請求權,對於特定物（包括動產及不動產）具有所有權之人，如果他人無權占有或侵奪其所有物，就可以依民法第767條第1項規定，請求他人返還所有物的權利。,V             
鑑定許可書,鑑定人執行鑑定職務的時候，如果要檢查身體、解剖屍體、毀壞物體或進入有人住居或看守之住宅或其他處所，由於會影響到民眾的權利，必須要有法官或檢察官核發許可書，才可以這麼做。這樣的許可書稱為鑑定許可書。,M             
破綻主義,"如果兩個人結婚之後，感情變差，事實上已經沒有辦法維持共同的婚姻生活，就是婚姻出現破綻。所謂的「破綻主義」，就是只要婚姻出現破綻，不論這個破綻是誰造成的，兩邊都可以請求離婚。
我國不採純粹的破綻主義，必須符合民法第1052條第2項規定，法官才會判准離婚。",F             
目的事業主管機關,消費者保護法第6條規定：「本法所稱之主管機關：在中央為目的事業主管機關；在直轄市為直轄市政府；在縣〈市〉為縣〈市〉政府。」依此可知，主管機關是指實際負責執行消費者保護工作的機關，然因保護消費者的法規涵蓋層面很廣，不僅由某一機關單獨執行，所以依照現行政府體制及部門的業務與權責分工，按不同保護事項的性質，規定分別由不同的目的事業主管機關來辦理。例如房屋租賃為內政部，食品衛生檢驗、化粧品為衛生福利部，電器安全檢測及商品標示為經濟部，即以該商品或服務所屬事（產）業的權責管理機關為其目的事業主管機關。,A             
人別訊問,檢察官或法官為了要確認偵查或審判訊問的對象是否正確，於開庭時會先詢問姓名、出生年月日、住居所等年籍資料，此一程序，即稱為人別訊問。,M             
啻課,本項目應為誤摘，前後文或為「『不啻』課予當事人…」，經查實務判決及學說似均無「啻課」之用語。,G             
附條件緩起訴,檢察官要被告向被害人道歉、寫悔過書、賠償被害人、交錢給公庫、作公益服務、接受治療等，只要被告有做這些條件，檢察官就不會起訴。例如甲因公然侮辱乙經檢察官偵查後，檢察官為附條件之緩起訴處分，命甲向乙道歉後，為一定期間之緩起訴。,M             
106年度司家調第502號,請參考「106年度家訴字第831號」的解釋。,F             
人證,以證人之證言為證據資料。,M             
無故侵入他人電腦罪,刑法第358條之「無故入侵他人電腦」罪，行為人必須主觀上具有入侵他人電腦的故意，客觀上有對他人電腦的無故入侵行為，也就是說，行為人對於無合法使用權限的他人電腦，在沒有正當理由的情況下，未經有合法權限之人的同意，而進入他人電腦或其相關設備，便構成本犯罪。,M             
並無不洽,並沒有無法調和或不能相容之處。,A             
顯然無據,顯然沒有依據或根據的意思。,G             
糾問主義,指歷史上曾有過的一種刑事上的訴訟制度，乃由法官同時身兼檢察官的角色，即職司審理者同時也是負責蒐集、調查證據及追訴犯罪之人。例如中國民間傳奇的包公或日本民間故事中的遠山金四郎，他們一方面明鏡高懸，高坐於府衙的公堂中審案，另一方面也負責偵查犯罪。在傳說中，他們更常微服出巡，明察暗訪，案中蒐集惡人不法行為的證據，再於法庭上展現以使之伏首認罪。在糾問制的審理制度下，主宰偵查、追訴與審理定罪的大權的人，可以說就是實現並執行正義的化身，這引發社會大眾對於他們正義且公正無偏形象的無限嚮往，產生許多激勵人心的動人故事。但實際上，由於法官（審判者）同時兼為追訴者的角色，可能對於受調查的被告產生先入為主的不利假設，而且把「將惡徒繩之以法」與「公正審理」兩種目的的實現都繫於同一人的公正之上，難免發生角色衝突，難免「球員兼裁判」的弊端，所以現在司法審判體制已經揚棄糾問式的審理模式，而改為：分由檢察官職司偵查與訴追犯罪，法院僅負責審判的審理構造，也就是「控訴制度」。,M             
除權判決,有價證券（例如股票、支票、本票等）因為遺失、被盜或滅失，當事人為避免他人持有價證券而行使權利，先向法院聲請公示催告程序，以公式方法催告不特定或不明的利害關係人於一定期間內向法院申報權利，如果逾期無人申報權利，當事人得向法院聲請除去該有價證券權利的判決，使利害關係人喪失權利。,V             
均非可採,都不可採信。,A             
性騷擾,"性騷擾防治法第2條規定，性騷擾是指性侵害犯罪以外，對他人實施違反其意願，而與性或性別有關之行為，且有下列情形之一者：
一、以該他人順服或拒絕該行為，作為其獲得、喪失或減損與工作、教育、訓練、服務、計畫、活動有關權益之條件。
二、以展示或播送文字、圖畫、聲音、影像或其他物品之方式，或以歧視、侮辱之言行，或以他法，而有損害他人人格尊嚴，或造成使人心生畏怖、感受敵意或冒犯之情境，或不當影響其工作、教育、訓練、服務、計畫、活動或正常生活之進行。",M             
感化教育,法院審理後認為少年不適合交付社區處遇，而有進入感化教育場所以隔絕外界不良影響的必要，以調整少年的成長環境，可以裁定少年接受感化教育。執行場所則是在新竹誠正中學、桃園或彰化少年輔育院。執行期間最長是三年，但執行超過六個月，成效良好沒有繼續執行的必要時，少年保護官或執行機關可以聲請法院裁定免除或停止感化教育。,Y             
宣示判決,指法院將已成立的判決，以朗讀的方式向外發表。宣示判決，應朗讀主文，如認為尚須告知判決的理由時，應朗讀或口述要領（民事訴訟法第224條第1項）。,V             
目的性限縮, 目的性限縮就是以法律的文義來解釋會太過寬濫，所以就從法律的目的來解釋，把它的適用範圍限縮一些。,M             
加重構成要件,構成要件係由立法者就各種犯罪行為態樣，經由類型化，而規定於刑法中之具有刑罰效果之條款內，作為基本構成要件。但對於某些符合基本構成要件之類型，可能基於身分關係或行為之性質不同，而加重處罰之者，即為加重構成要件。例如：刑法第321條第1項各款之加重竊盜罪。,M             
他造,訴訟就像是一個正三角型結構，原告、被告分別是在三角型的左右兩端，而法院則是居於中立的立場裁判。法院的判決書中，「兩造」指的是「雙方」，就是三角型的左右兩端，亦即原告及被告；「一造」就是「一方」的意思，指的可能是原告，也可能是被告。至於「他造」，就是「另一方」、「對方」的意思。例如，原告的他造就是被告，反過來說，被告的他造就是原告。,G             
難認,法院表達「並不認同」的用語。,F             
第三人,通常指法律規定的當事人以外的其他人，或契約、法律關係以外的其他人。第三人的範圍，通常應依具體事件認定。,V             
違法性/違法性判斷,違法性是行為對於法律規範有對立否定的本質，是對符合構成要件的行為的評價，若該行為經整體法規範的價值觀來評價後，與法律規範對立衝突者，該行為即具備違法性。關於違法性的判斷，行為一旦具備構成要件該當性原則，即具有違法性，因此違法性層次所要檢討的是，該行為有無「阻卻違法事由」，若無阻卻違法事由，則該行為具備違法性。阻卻違法事由有刑法第21條第1項依法令的行為、第21條第2項依上級公務員命令的職務行為、第23條正當防衛、第24條緊急危難。,M             
尚非臆造,應可採信、應屬事實,G             
同一事件,所謂「同一事件」，是指兩個訴訟事件的當事人與訴訟標的均相同，且訴之聲明相同、相反或可以代用。例如：甲列乙為被告， 主張甲乙於105年1月1日因通謀虛偽意思表示簽訂買賣契約，請求確認該買賣關係不存在，乙否認之，而對甲提起確認同一買賣關係存在的訴訟，前開二個訴訟即為同一事件。,V             
借貸關係,約定將物借給他人使用的契約關係。根據借貸關係，貸與人將物交付借用人使用，借用人負有返還的義務。若借用可代替物（如：金錢等），而約定借用人只需返還貸與人同種類、品質、數量之物（例如：甲拿一張新台幣一千元鈔票借給乙，乙將來只需返還任何一張新台幣一千元鈔票給甲，而不需返還甲交付乙的那一張鈔票），就稱為消費借貸契約。如果約定借用人必須返還原先貸與人交付的特定物（如：車輛），則稱為使用借貸契約。 ,V             
裁定,法官就爭議作成的決定為裁判，而裁判分成判決及裁定二種，其中裁定是對訴訟程序和某些實體爭議問題所作的一種處理決定。,G             
義務告發,法律明定特定身分或職務的人，於知有犯罪嫌疑時，負有促使偵查機關發動偵查(即指告發)的義務。如刑事訴訟法第241條「公務員因執行職務知有犯罪嫌疑者，應為告發」；辦理監察、會計等人員，因執行職務，明知貪污有據之人員，不為舉發者，應依貪污治罪條例第14條論處。,M             
行政行為明確性原則,行政行為明確性原則，是指行政行為的內容應明白確定，具有可了解性、可預見性及可審查性。行政程序法第5條規定，行政行為的內容應明確，即是此原則的具體表現。所指應明確的內容，除作成行政行為的機關、相對人應明確外，主要是指行政處分所規制的法律效果而言，其規範理由在於要求法律效果明確，使處分相對人可以立即知悉規制的內容。,A             
所稱,「所表示」的意思。,G             
自然犯,指不待法律規定，其性質即具有反社會倫理性質的犯罪類型(如殺人罪)，也稱為「刑事犯」，是相對於「法定犯」的概念。「法定犯」指原不具反社會倫理性質，因法律規定而成為一種犯罪，是以違反法律之禁止或命令規定，而成為應處罰的犯罪類型，又稱「行政犯」。,M             
聲明異議人,法律規定可以對「審判長、受命法官或檢察官所作的處分」，或對於「行政機關或法院所為處置、處分或命令」聲明異議，以請求變更或撤銷原處置、處分或命令之人，即為「聲明異議人」。,G             
法律保留原則,"特定領域的國家事務，應保留立法者用法律來加以規定，行政機關只能依照法律或法律明確授權的法規命令為行為。
例如：稅捐稽徵機關不得對人民課徵非法律所規定稅目的稅捐，否則是違反法律保留原則。",A             
低度行為,為相對於高度行為的概念。例如 : 供自己施用而持有毒品，則持有是一個低度行為，而施用為高度行為，故相較於整體行為施用變成重點而持有已不必討論，所以持有的行為將被施用毒品的行為吸收，因此不另外再討論是否懲罰持有毒品的行為。,M             
可稽,可查、可以證明、足以佐證、足以證明,V             
車手,替詐騙集團從事跑腿領款、提款的人。,M             
緝獲歸案,通緝原因消滅情形之一。依刑事訴訟法第84條至第87條、第469條，被告或受刑人逃亡或藏匿者，經依法通緝後，檢察官、司法警察官得拘提或逕行逮捕，利害關係人亦得逕行逮捕並送交檢察官、司法警察官，其被緝獲並經通緝機關確認無誤，通緝原因消滅應即撤銷通緝。,M             
專屬告訴人,「專屬告訴人」指特定犯罪僅能由具有特定身分之人提出告訴。例如：刑法第230條的「血親性交罪」，依第234條第2項規定，告訴權人專屬本人的直系血親尊親屬、配偶或配偶的直系血親尊親屬；刑法第239條「通姦罪」及刑法第240條「和誘有配偶之人脫離家庭罪」，依第234條第2、3項規定，非配偶不得提出告訴。,M             
狹義之行政訴訟,專由行政法院審理的行政法上爭議事件的司法訴訟。廣義的行政訴訟，則指一切的行政法上爭議事件之司法訴訟，無論是由行政法院或普通法院審理，皆屬之。在現制下，國家賠償訴訟事件、公職人員選舉罷免訴訟事件、社會秩序維護法訴訟事件，是由普通法院審理，但其訴訟事件則具公法性質，而為廣義之行政訴訟的一環。,A             
抑留剋扣罪,抑留剋扣罪規定於刑法第129條第2項，這是指公務員對於職務上發給的款項或是物品，明知應發給，然卻抑留不發給或是剋扣（也就是不足額發給）時，即構成本罪。,M             
縮刑期滿,受刑人在監期間表現良好，依監獄行刑法規定縮短刑期，並服刑期滿出獄。,M             
一般性羈押,"一般性羈押的目的是為了防止被告有逃亡或串證的情形。「羈押的原因」是指被告犯罪嫌疑重大，有逃亡或有事實足認有逃亡的可能；或有事實足認有湮滅、偽造、變造證據或勾串共犯或證人的可能；或所犯為死刑、無期徒刑或最輕本刑為五年以上有期徒刑之罪的情形。
刑事訴訟第101條第1項第3款雖然規定「重罪」是羈押的原因，但後來大法官釋字第665號解釋指出，不能只以「重罪」作為羈押的理由，縱使被告有重罪事由，法官要考量有其他羈押的原因（例如犯罪嫌疑是否重大、有無逃亡或湮滅證據可能）時，且沒有其他替代羈押的手段，才可以羈押被告。
「羈押的必要」是指法院認為如果現在不羈押被告，日後將難以對被告追訴、審判或執行，為使刑事訴訟程序順利進行，而有羈押被告的必要。",M             
任意管轄,法律雖規定甲事件應由A管轄法院，但可以根據當事人的意思（例如：以書面合意約定由B法院管轄）或事後的態度（例如：被告未抗辯法院沒有管轄權而為言詞辯論）而變更管轄法院。,V             
侵占,為刑法罪章之名稱，刑法分則第三十一章「侵占罪」，包括刑法第335條普通侵占罪、第336條公務公益侵占罪及業務侵占罪、第337條侵占遺失物罪等規定。,M             
恝置,毫不經意、不加理會。,G             
責任條件,係指行為應負刑事責任所必須具備之一定意思狀態，亦即行為人為違法行為之心理原因。包括行為人之故意或過失。,M             
形成力,"因當事人的意思表示（例如：依民法第92條撤銷錯誤的意思表示），或法院作成的形成判決，使當事人間權利義務關係產生變動的效果。例如：離婚判決於確定時發生形成力，使夫妻關係歸於消滅；撤銷公司股東會決議之判決確定時，使該決議消滅，回復到決議前的狀態。
",V             
免除,比方說在當事人提出聲請，法院裁判「『免除』子女之扶養義務」之後，而取消子女的義務或責任，父母就不能再向子女請求給付扶養費用。,F             
聚眾不解散罪,刑法第149條規定在公共場所或公眾得出入場所聚集三人以上，意圖為強暴脅迫，已受該管公務員解散命令三次以上而不解散者，在場助勢之人處6月以下徒刑、拘役或8萬元以下罰金；首謀者，處3年以下有期徒刑。,M             
行政自我約束原則,行政先例如果是合法的，行政機關對於事物本質上相同的事件作相同的處理，非有正當理由，不得為差別待遇，平等原則的具體化稱為行政自我拘束原則。,A             
抽象危險犯,指某種行為當然具有侵害法益的危險性，而不以有事實上具體侵害法益的危險為必要的犯罪。這是由立法者依其生活之經驗大量觀察，認為某一類型行為對於特定法益帶有一般高度危險性，因此，行為只要符合構成要件所描述之事實，即可認定具有此等抽象危險，無待法官就具體案情而作認定。例如刑法第173條之放火罪之成立，行為人祇要故意放火燒燬現供人使用之住宅，即可構成第173條之放火罪，因為行為人放火燒燬目前供人住居使用的住宅，就存在著可能燒死人之抽象危險，不管當時是否真的有人在住宅裡面，因此法官不需要就行為人放火的行為是否可能導致人員傷亡來作認定。,M             
原物分割,指將共有物按各共有人之應有部分比例，分配於全部共有人。例如：甲、乙共有一筆土地，應有部分各二分之一時，將該土地均分為二等分，分配予甲、乙二人。相對於此，如原物分配有困難，將共有物變賣，再將價金分配予共有人，則稱為變價分割。,V             
承受,承擔接受。,A             
刻正,現在的意思。,F             
106年度家親聲字第135號,請參考「106年度家訴字第831號」的解釋。,F             
取締規定,民法第71條規定，法律行為，違反強制或禁止之規定者，無效。但其規定並不以之為無效者，不在此限。上面所稱強制或禁止規定，於民法、刑法及公法領域也常見，而成為聯繫私法與公法之管道。又違反強制或禁止規定之行為是否無效，可區分為取締規定與效力規定。前者代表違反者，法律行為仍為有效，違反後者始為無效。舉例而言，證券交易法第60條第1項規定證券商不得有收受存款、辦理放款借貸之行為，如違反該規定，主管機關得依上開法規予以警告，並不代表放款或存款行為為無效。,A             
信賴原則,當不幸發生交通車禍事故致人死傷時，駕駛人須已確實遵守防止危險發生之相關交通法令規定，並盡相當之注意義務，以防止危險發生，也就是以其自身並未違規為前提，始可信賴他人也能遵守交通規則並盡同等注意義務，進而主張「信賴原則」而免除其過失責任。,M             
同居義務,夫妻結婚以共同生活為原則，所以夫妻有在同一住居所共同生活的義務。,F             
商標合理使用,商標合理使用包括描述性及指示性合理使用兩種型態。前者指以符合商業交易習慣之誠實信用方法，表示自己之姓名、名稱，或其商品或服務之名稱、形狀、品質、性質、特性、用途、產地或其他有關商品或服務本身之說明，非作為商標使用之情形；後者指以符合商業交易習慣之誠實信用方法，為表示商品或服務之使用目的，而有使用他人之商標用以指示他人之商品或服務之必要，且無產生混淆誤認之虞的情形。（108年商標法修正草案第36條規定參照）,A             
又非不能,能；可以,G             
確認訴訟,"確認訴訟是行政訴訟法所規定訴訟類型的1種，指原告請求行政法院確認行政處分為無效，或確認行政法上的法律關係成立或不成立，或確認已執行完畢而無回復原狀可能的行政處分或已消滅的行政處分為違法的訴訟（行政訴訟法第6條）。
例如：主管機關認定甲的房屋為違章建築（實質違建）並令拆除，如果在房屋所有人甲提起行政救濟前或提起的撤銷訴訟事實審言詞辯論終結前，房屋已經被拆除（即處分已執行完畢），因房屋已經滅失，不可能回復原狀，甲可以提起確認訴訟，請求法院確認該認定房屋為實質違建且令拆除的處分違法。",A             
可資佐證,可以補充證明,G             
不經通常審判程序,通常審判程序有別於「簡式審判程序」及「簡易程序」，包括第一審獨任（刑事訴訟法第376條第1項第1款、第2款）及合議（按：係指由三位法官組成的合議庭共同審判案件）之通常審判程序。不經通常審判程序，係指毋庸踐行法定證據調查程序，亦不適用傳聞法則之規定。,M             
社會勞動,被告犯最重本刑為五年以下有期徒刑以下之刑之罪，而受六月以下有期徒刑或拘役之判決確定，或得聲請易科罰金而未聲請易科罰金者，得以提供對社會付出一定日期的勞動（即以六小時折算一日），換取不必入監服刑或繳納罰金的折抵制度，易服社會勞動的期間不得逾一年。,M             
不利益變更禁止原則,上訴人提起上訴，上訴審法院不能超過上訴聲明範圍做出更不利於上訴人的裁判。例如：甲起訴請求乙交付耳環一對及戒指一枚，第一審法院判決乙應交付耳環一對，但駁回甲有關交付戒指的請求。甲因不服判決提起上訴，請求廢棄改判乙應交付戒指一枚。假設乙對於該判決沒有提起上訴，則上訴法院審理時縱使發現甲不能請求乙交付耳環，也不能改判為駁回甲關於耳環部分的請求。,V             
一事不再理原則,所謂一事不再理，是指有罪、無罪的實體判決確定時，關於同一案件具有不許於訴訟中再度成為問題的效力，也就是禁止就同一案件再度予以起訴，如果違反這個原則，則法院就應該從程序上予以免訴的諭知。,M             
訴願,A機關對人民甲作出行政處分（例如：不許可聘僱外籍勞工、違反勞動基準法而被處罰鍰等），甲如果認為該行政處分有違法或不當的情形，並且導致甲的權利或利益受到損害，甲可以向A機關的上級機關或法律規定的受理機關（即訴願機關、訴願管轄機關）提起「訴願」，訴願機關審查後如果認為的確有違法或不當，會作成訴願決定，撤銷行政處分，讓甲可以獲得救濟。另外，甲對A機關提出申請，如果A機關沒有在期限內作成行政處分，甲也可以提起訴願，請求救濟。,A             
從舊原則,在舊法生效期間內發生的行爲，無論新法是否認爲是違法行爲以及處罰的輕重如何，一律依照舊法定罪量刑，絕對否定新法的具有溯及既往的效力。,M             
獨立機關,依據法律獨立行使職權，自主運作，除法律另有規定外，不受其他機關指揮監督之機關。例如：我國目前的中央二級獨立機關包含中央選舉委員會、公平交易委員會、國家通訊傳播委員會。,A             
誹謗罪,為刑法之罪名，規定於刑法第310條：「(第1項)意圖散布於眾而指摘或傳述足以毀損他人名譽之事者，為誹謗罪，處一年以下有期徒刑、拘役或五百元以下罰金。(第2項)散布文字、圖畫犯前項之罪者，處二年以下有期徒刑、拘役或一千元以下罰金。(第3項)對於所誹謗之事，能證明其為真實者，不罰。但涉於私德而與公共利益無關者，不在此限。」,M             
免除作成拒絕證書,執票人依票據法規定，為了行使追索權（執票人向票據債務人請求償還票款或其他費用的票據權利），必須作成拒絕證書證明曾經向發票人提示未獲付款（票據法第85條第1項、第86條、第124條、第144條）。但拒絕證書之作成必須符合一定程序及內容的要求（同法第106條至第113條），故實務上如果票據上有免除作成拒絕證書的記載，執票人只要提示票據未獲付款，就可以追索權，不須另外提出拒絕證書證明已經遵期提示。,V             
犯罪能力,所有自然人都有犯罪能力，例如不論大人小孩都有犯竊盜罪的可能。但是法人是否具有「犯罪能力」，各國採取不同理論。例如：公司是否可以犯下竊盜罪，各國學理上就有不同看法。,M             
志股,請參考「馨股」的解釋。,F             
尚非謂不能,可以的意思。,F             
故意犯,指行為人出於故意而違犯之犯罪。所謂故意，即行為人對於構成犯罪之事實，明知並有意使其發生者，為故意。對於構成犯罪之事實，預見其發生，而其發生並不違背行為人本意者，也以故意論。,M             
有權利即有救濟原則,憲法第16條保障人民訴訟權，是指人民於其權利或法律上利益遭受侵害時，有請求法院救濟的權利。基於有權利即有救濟的憲法原則，人民權利或法律上利益遭受侵害時，必須給予向法院提起訴訟，請求依正當法律程序公平審判，以獲及時有效救濟的機會，不得僅因身分或職業的不同就予以限制（本院釋字第430號、第653號、第736號解釋參照）。,A             
然非不可,並不是不能、也可以,V             
慰勞假,根據行政院與所屬中央及地方各機關聘僱人員給假辦法第4條第1項規定，聘僱人員至年終連續服務滿1年者，第2年起，每年應給慰勞假7日；服務滿3年者，第4年起，每年應給慰勞假14日；滿6年者，第7年起，每年應給慰勞假21日；滿9年者，第10年起，每年應給慰勞假28日；滿14年者，第15年起，每年應給慰勞假30日。另外，國軍軍官士官請假規則第3條也有相同假別及類似規定。此慰勞假相當於勞工的特別休假或公務人員的休假，目的在慰勞相關人員工作的辛勞，有助於恢復因工作而產生的疲勞，並落實勞動休息權。,"V,A           "
106年度家調字第1315號裁定書,請參考「106年度家訴字第831號」的解釋。,F             
公開傳輸權,公開傳輸權，是指著作人享有透過網路或其他的通訊方法，把完成創作的作品傳達給公眾，讓公眾可以隨時隨地到網路上去瀏覽、觀賞或聆聽著作內容的權利（著作權法第3條第1項第10款規定參照）。,M             
量刑協商,死刑、無期徒刑、最輕三年以上有期徒刑或第一審就由高等法院判的罪以外的案件，檢察官提公訴或聲請簡易判決處刑後，第一審辯論結束前或法官判決之前，檢察官可以經過被害人和法院的同意，以及被告或辯護人的請求，在被告認罪後，讓被告跟檢察官討論自己願意受什麼樣的刑罰。,M             
訴訟告知,指訴訟當事人的一造，在訴訟繫屬中，將訴訟告知於因自己敗訴而有法律上利害關係的第三人，促使第三人參加訴訟（民事訴訟法第65條）。訴訟告知（或告知訴訟）的目的，只在使第三人知道有訴訟繫屬的事實而有訴訟參加的機會，以利該第三人保護自己的利益。但是否告知第三人是告知人的權利，並非義務，縱使不告知，也不負法律上任何責任（最高法院22年上字第754號判例參照）。,V             
運輸毒品罪,運輸毒品罪所謂之運輸，係本於運輸之意思，由一地轉運輸送毒品至另一地，祇須基於此犯意，一有轉運輸送之行為，犯罪即成立，至於毒品數量之多寡、運輸之動機與方法如何、目的意在為己或他人，均非所問，運輸毒品罪規定於毒品危害防制條例第4條。,M             
職務法庭,職務法庭設於懲戒法院，審理法官及檢察官懲戒、法官不服職務處分、法官主張職務監督影響審判獨立及法院院長聲請宣告法官會議決議違背法令等案件。職務法庭案件之審理及裁判，第一審以懲戒法院法官1人為審判長，與法官2人為陪席法官組成合議庭行之，但審理法官及檢察官懲戒案件時，應增加參審員2人為合議庭成員；第二審則以懲戒法院院長為審判長，與最高法院法官2人、最高行政法院法官1人及懲戒法院法官1人為陪席法官組成合議庭行之（懲戒法院組織法第5條，法官法第47條第1項、第89條第8項、第24條第4項、第48條、第48條之2）。,A             
袋地通行權,所謂「袋地」是指沒有與公路為適宜聯絡的土地。民法第787條規定，土地與公路無適宜之聯絡，致不能為通常使用時，除因土地所有人之行為致土地無法與公路通行者外，土地所有人得通行周圍地以至公路，此時周圍地之所有人負有容忍通行之義務，此種相互形成通行之相鄰關係，即為袋地通行權之規定，目的在促進物盡其用之社會整體利益。,V             
移轉管轄,指對刑事案件有管轄權之法院，因法律或事實原因不能行使審判權，或因特別情形由有管轄權之法院審判，恐影響公安或難期公平者，由直接上級法院，以裁定將案件移轉於其管轄區域內與原法院同級之他法院審理，以利案件順行；若直接上級法院不能行使審判權時，則由再上級法院裁定。例如：行合議審判之法院因法官迴避不足法定人數，致不能行使審判權的情況，由直接上級法院，以裁定將案件移轉於其管轄區域內與原法院同級之他法院。,M             
犯罪主體,此概念隨著對於「犯罪」概念的理解而有不同定義。一般而言，「犯罪」是指該當於刑事實體法犯罪構成要件之違法且有責的行為，在此意義下的「犯罪主體」，則是指為該犯罪行為的主體。例如，刑法殺人罪的犯罪主體，為實現殺人罪要件之違法且有責行為之人。,M             
法定障礙事由,法律規定犯罪嫌疑人經拘捕後，必須在24小時之內送請法院審查有無羈押的必要，否則就不能繼續限制犯罪嫌疑人的人身自由。但途中因為特定情事所花費的時間，例如交通障礙、解送時間、因犯罪嫌疑人身體健康因素而無法詢問、等候辯護人、通譯到場所花費的時間等，均得不計入24小時內，這些事由就稱為法定障礙事由。例如：甲為106年1月20日遭逮捕之販毒現行犯，因強颱襲台，交通受阻，遲至1月22日始送至法院為羈押審查，因颱風而生之延遲時間，為法定障礙事由，不計入24小時之計算。,M             
視為起訴或聲請調解,"當事人實際上並沒有起訴或聲請調解，但在一定情形下，在法律上把它當作（視為）是起訴或聲請調解。
舉例而言，債權人向法院聲請對債務人核發支付命令，但如果債務人依法聲明異議（民事訴訟法第516條第1項），支付命令在異議範圍內就失其效力（同法第519條第1項）。此種情形下，債權人雖然只有向法院聲請核發支付命令，並沒有起訴或聲請調解，但如果支付命令的請求屬於同法第403條第1項的強制調解事件（例如：請求金額在新台幣50萬元以下），支付命令的聲請就「視為聲請調解」，若不屬於強制調解事件，支付命令的聲請就「視為起訴」。",V             
信賴利益,人民可依照信賴保護原則，來請求行政機關維持現狀（存續保護）、或給予適當財產補償（財產保護）。主張信賴保護的要件有三：須有信賴基礎、須有信賴表現、須有值得保護之信賴利益。信賴利益，是人民的信賴是出於善意或正當，如對法律規定就特定職位的任期保障、或行政機關對特定行業經營發給的許可，是出於善意而為後續種種信賴表現的作為。但如果法規的發布或行政處分的作成，是因為人民以不正當方法或提供不正確資料所造成，則該人民對於該法規或該行政處分就沒有值得受保護的信賴利益。,A             
聲請再議,被害人提出告訴後，經檢察官調查結果，(一)如果認為被告的犯罪嫌疑不足而作出不起訴處分，或(二)檢察官雖然認為成立犯罪，但也認為給予不起訴處分會是比較適當的處理方式，而給予不起訴處分，或是(三)雖然認為被告成立犯罪，但透過暫時不提起公訴的方式，讓被告有再社會化的機會，而給予緩起訴處分等等情形，告訴人如果不服，可以在接受不起訴處分書或緩起訴處分書，或被告接受撤銷緩起訴處分書後，於七日內以書狀說明不服的理由，經原檢察官向直接上級法院檢察署檢察長或檢察總長聲請撤銷不起訴或緩起訴處分，以使檢察官所為違法或不當的不起訴、緩起訴處分，得以獲致糾正。另外，被告如果緩起訴處分被檢察官撤銷，也可以在七日內以書狀說明不服的理由，經原檢察官向直接上級法院檢察署檢察長或檢察總長聲請撤銷。,M             
擬制合意管轄,原告向無管轄權之法院起訴，被告不抗辯法院無管轄權，而以言詞或書狀為本案之陳述（亦即為本案之言詞辯論），此時原無管轄權之法院就該事件取得管轄權（民事訴訟法第25條）。,V             
委無可取,確實無法採納接受。,A             
接續犯,數行為於同時同地或密切接近之時地實施，侵害同一個法律所欲保護之利益，因為各行為之獨立性極為薄弱，依一般社會健全觀念，在時間差距上，難以強行分開，在刑法評價上，以視為數個舉動之接續施行，合為包括之一行為予以評價，較為合理，則屬接續犯。,M             
先位,於提起行政訴訟時，有所謂客觀的「預備訴之合併」，係指原告同時對相同被告提起理論上不能併存的2個訴之聲明，以預防「先位之訴」無理由時，可就「備位之訴」獲得有理由判決之訴之合併而言。故「先位之訴」有理由，法院即無須就「備位之訴」為斟酌、裁判；惟「先位之訴」無理由，法院駁回先位之訴，即應就「備位之訴」為進一步審酌及裁判。先位之訴、備位之訴均無理由時，則併予駁回。,A             
爭點,"訴訟雙方事實上或法律上的爭執點。
例如：原告甲主張有借錢給被告乙，乙說：「根本沒這回事。」針對「甲到底有沒有借錢給乙？」這一件事，就是「爭點」。",A             
援例,引用或比照過去的例子。,A             
訴願答辯,訴願人提起訴願後，原處分機關（就是作成訴願人提起訴願請求撤銷的行政處分的機關）就訴願人指述內容加以回應、反駁或澄清的陳述。,A             
沒入,"由行政機關剝奪違反義務者之物的所有權，而將之移轉予公法人之行為，屬終局性剝奪物之所有權的行為，一經沒入，所有權即強制移歸沒入機關所屬之公法人。
例如：依政治獻金法第27條第3項規定，對違法收受之政治獻金，沒入之。",A             
復職,關於公務員之「復職」，公務人員保障法第10條第1項規定：「經依法停職之公務人員，於停職事由消滅後三個月內，得申請復職；服務機關或其上級機關，除法律另有規定者外，應許其復職，並自受理之日起三十日內通知其復職。」；公務員懲戒法第7條第1項規定：「依第四條第一款或第五條規定停止職務之公務員，於停止職務事由消滅後，未經公務員懲戒委員會合議庭判決或經判決未受免除職務、撤職或休職處分，且未在監所執行徒刑中者，得依法申請復職。服務機關或其上級機關，除法律另有規定外，應許其復職，並補給其停職期間之本俸（年功俸）或相當之給與。」,A             
獨立告訴權人,不是被害人本人，但卻可以不經過被害人的同意就自己提起告訴的人。依刑事訴訟法第233條第1項規定「被害人之法定代理人或配偶，得獨立告訴」，所以被害人的法定代理人、配偶都是獨立告訴權人。,M             
怠忽職責,"怠忽職責是指不認真、不負責地對待本職工作。若從事公務的人員有怠忽職責的行為，可構成懲罰事由，而須負一定的行政責任。例如依「公務人員考績法」第12條規定，公務人員因怠忽職責，致政府遭受重大損害，有確實證據者，其服務機關可對其為一次記二大過的處分。另「陸海空軍懲罰法」第15條亦規定現役軍人有怠忽職責的行為時，應受懲罰。
","M,A           "
漏稅罰,因納稅義務人逃漏稅捐而予違反稅法之處罰者，為漏稅罰。例如：依加值型及非加值型營業稅法第51條第1項第3款規定，短報或漏報銷售額，按所漏稅額處5倍以下罰鍰之漏稅罰。,A             
共謀共同正犯,"解釋一：以自己共同犯罪之意思，事先同謀，而由其中一部分人實施犯罪之行為者，該事先同謀之人，即為共謀共同正犯，亦應對於全部行為所發生之結果，共同負責任。例如：甲、乙、丙三人謀議至丁宅行竊，由甲負責指揮，乙負責把風接應，丙負責行竊，則此三人之刑責依據不同之概念下，雖成立種類不同之正犯，但其最後均共同成立刑法第三百二十條之竊盜罪，甲雖未至現場，但亦構成竊盜罪共犯，甲即屬於共謀共同正犯。
解釋二：也有一些參與犯罪的人，只出一張嘴，動口不動手，只有犯意聯絡，但沒有分擔任何犯罪行為，我國實務上也將此種類型承認為共同正犯，而稱之為共謀共同正犯。原來的共同正犯規定，必須行為人共同實行犯罪行為，為何能夠處罰未實際動手之人？主要是因為多人甚至是組織或集團的犯罪，有些犯罪人縱使未在犯罪現場，仍可能藏身背後，策劃與指揮整個犯罪進行，因此縱使未實際分擔犯罪行為，其危害並不亞於實際動手的人。例如：幫派大哥要小弟去教訓一下仇人，也可當作共同正犯來處罰。
實務上認為，刑法分則中特別以人數作為加重構成要件之條文，例如結夥二人或三人以上之犯罪，應該限定於在場實行犯罪之人，而不包含共謀共同正犯。",M             
刑事證據法,規定國家機關應如何蒐集證據，什麼樣的資料可以當證據，以及有無證據能力之判斷標準等之相關法規。例如：刑事訴訟法第一百五十六條規定自白之證據能力，乃係關於刑事之證據法則。,M             
訴訟標的,原告為確定權利，起訴請求法院對其所主張或否認的法律關係加以審判，該法律關係就是訴訟標的。,G             
裁量怠惰,"法律授予行政機關裁量權，但行政機關因故意、過失或認識錯誤，不知有裁量權，或以為只有小範圍的裁量權，而消極不行使裁量權或沒有充分行使。
例如：因過失而違反行政法上義務的行為，此行為受到責難的程度應該比故意行為低，如果裁罰機關就過失行為裁處法定罰鍰最高額度，而沒有具體說明理由，可認為裁罰機關不行使法律授與的裁量權，而有裁量怠惰的違法。",A             
律師,律師又稱在野法曹，指受當事人委託或法院指定，提供法律專業知識，協助當事人進行訴訟及處理法律相關事務的專業人士。因此，律師是以保障人權、實現社會正義及促進民主法治為使命，基於這樣的使命，律師應本於自律自治精神，誠實執行職務，維護社會秩序及改善法律制度（律師法第1條）。,G             
可歸責於原告,應當由原告負責,G             
非法人團體,指由多數人所組成未取得法人資格的團體。此類團體如果具有一定之組織、名稱、目的、事務所或營業所、獨立之財產及設有對外代表團體之管理人或代表人者，有當事人能力（民事訴訟法第40條第3項）。,V             
普通傷害罪,"為刑法之罪名，規定於刑法第277條：「傷害人之身體或健康者，處三年以下有期徒刑、拘役或一千元以下罰金。
犯前項之罪因而致人於死者，處無期徒刑或七年以上有期徒刑；致重傷者
，處三年以上十年以下有期徒刑。」",M             
再審程序,當事人對於已確定的裁定或判決的救濟程序。對於確定判決的救濟程序為再審之訴，對於確定裁定的救濟程序為聲請再審（準再審）（民事訴訟法第496條至第507條）。,V             
行為能力,"當事人的行為，在法律上可以產生法律效果的能力。例如：6歲兒童並無買賣房屋簽訂契約的行為能力。行為能力制度主要是為了保護思慮不成熟的人，並兼顧社會交易安全所設立的制度。根據行為能力的有無其及程度，分為：1.完全行為能力人（指滿20歲的成年人及已結婚的未成年人）、2.限制行為能力人（指7歲以上的未成年人或受輔助宣告的人）、3.無行為能力人（未滿7歲或受監護宣告的人）。
",V             
書證,卷宗裡面可以當證據的文書，例如契約書。,M             
異種想像競合犯,「想像競合」指刑法第55條前段「一行為而觸犯數罪名者，從一重處斷」的規定。數罪的構成要件相同時，稱為「同種想像競合犯」；數罪的構成要件不同時，稱為「異種想像競合犯」。如持槍射殺正在執勤中的員警，就是以一行為同時觸犯殺人罪及妨害公務罪。,M             
嗣後,後來。,G             
經驗法則,所謂經驗法則係指一個人其於日常生活經驗累積後歸納累積所得之定則，並非個人主觀上的推測而言。,G             
預供擔保,法院依當事人一方的聲請，准許該當事人為特定行為時，可以同時命該當事人預先提供一定的財產或保證書作為擔保，日後如果他方當事人因該行為有受損害，可以由該財產優先獲得賠償，或向出具保證書的人請求賠償。此在法院宣告假執行、准為假扣押、假處分或停止執行等時，最為常見。,V             
故意既遂犯,既遂犯又可分為故意既遂罪與過失既遂罪，在刑法中，多數罪名都屬於故意既遂罪名，如果行為人有意害人而實行犯罪，卻未能滿足所有犯罪成立要件（例如損害尚未發生），此時不成立故意既遂罪，但若同一條中存在未遂罪名，仍可成立故意未遂罪名。,M             
刑事責任能力,"解釋一：被告能夠負擔刑責的能力。例如未滿14歲人無刑事責任能力，依法不罰。太年輕或太老的人責任能力能力較低，可以減輕刑罰；或是生理狀態，同時是聾子又是啞巴的聽說能力較低，依法亦可以減輕其責任。
解釋二：當犯罪行為發生時，除考慮客觀上的損害之外，還要考慮行為人內心是否具有可譴責的主觀情況。必須是行為人基於自由意志而行動，且能夠瞭解並意識到他做的事情是否違法時，才能對之加以處罰，他才會有責任。行為人具有這樣理解、控制的能力，就叫做責任能力。由於現代刑法採取責任主義（或稱罪責原則），即學理上所說的「無責任即無犯罪」、「無責任即無刑罰」。要讓一個人承擔刑事責任前，必須先確認他有責任能力。否則縱使違反法律，造成侵害，行為人也不會有責任。既然沒有責任，便不會有刑罰，最多只能施以保安處分。
年齡與責任能力：刑法第18條規定了年齡與責任能力的關係。如果行為人未滿十四歲，因為行為人不具有責任能力，不能課以刑罰；至於十四歲以上未滿十八歲以及滿八十歲之人，則有部分的責任能力，得減輕其刑。
精神障礙或心智缺陷與責任能力：如果行為人因為精神障礙或心智缺陷，導致辨識行為是否違法的能力或基於這個辨識控制自己行為能力喪失或減弱時，按照前述責任主義的想法，也不能要求行為人負完全責任。因此刑法第19條規定，行為時因精神障礙或其他心智缺陷，致不能辨識其行為違法或欠缺依其辨識而行為之能力者，不予處罰（第一項）。至於如果只是造成辨識行為違法或依其辨識而行為之能力顯著減低的時候，則可以減輕其刑（第二項）。二者程度有所差別，效果也不同。並非患有精神疾病或心智缺陷的人就可以適用本條。必須是行為人已患有疾病而導致精神障礙或心智缺陷，而且為犯罪行為時，因爲這項疾病影響到行為的識別能力與控制能力，才會影響到責任能力的認定。
陰啞人與責任能力：刑法20條認為瘖啞人僅有部分之責任能力，得減輕其刑。實務見解認為對於從小失去聽覺與語能之人，才能適用。過去因為這類的人沒有接受過充分的教育，法律推定其識別能力與控制能力較一般人弱，因此有本條規定。",M             
裁罰,行政上的處罰。,A             
伊,「他」、「其」的意思。通常用於引述當事人或證人的陳述，作為陳述者的代稱。,F             
高等法院管轄第一審案件,刑法對於罰金刑有「專科罰金」、「選科罰金」、「併科罰金」與「選科或併科」等4種立法態樣，其中「專科罰金」是指某罪的法定刑只有罰金刑。例如，刑法第266條第1項規定「在公共場所或公眾得出入之場所賭博財物者，處三萬元以下罰金」。,M             
適用法律,就具體之案例事實檢視其是否符合法規範之構成要件，並確定其法律效果之過程。關於適用法律之方法，有所謂「法律三段論法」，個案事實為小前提，法規為大前提，適用法律規定於事實，得出結論即法律效果。,G             
指認,指證人指出犯罪行為人之程序。由於人的觀察、記憶有錯誤可能，因此指認程序重在正確性，除多數被指認人之重要特徵應無明顯差異，且不可向指認人提供任何誘導、暗示資訊，並應告知犯罪行為人未必在被指認人之中，避免錯誤指認，或使指認人記憶受有污染之虞。,"V,M           "
準私文書,文書是指記載特定思想內容及作成名義人的有體物，而能供為證明法律關係或社會活動中重要事實之用。例如常見之房屋買賣契約書，不僅明示契約書名稱為「房屋買賣契約書」，內容亦載明買賣標的物及價額，最後並由買賣雙方簽名，而能證明雙方確實就某一房屋已完成交易，雙方並因此而享有契約上的權利及負有契約的義務。然而，在某些情況下，雖然不符合前開所述文書的定義，但是在紙上或物品上的文字、符號、圖畫、照像，依習慣或特約，足以作為表示用意的證明者，一樣具有文書的效用，這樣的文書就稱為準文書。例如，合會的標單，雖然只有填寫標金及投標,M             
嗣,後來。,G             
客觀處罰條件,在犯罪成立上，除行為要符合構成要件外，還需存在法定的客觀事實。如刑法第 185 條之 3 第1項第1款之罪，實務上認為只需行為人認識其服用酒類，仍駕車上路，即應處罰。該款所定之酒精濃度，即為客觀處罰條件，不以行為人認識體內酒精濃度已達標準為必要。,M             
輔助參加人,輔助參加人，就是參與他人間已繫屬的訴訟，輔助當事人其中一方進行訴訟的人（行政訴訟法第44條參照）。輔助參加人並非當事人，故不為判決效力所及，不得獨立上訴，且其行為不得與所輔助之當事人行為相牴觸（行政訴訟法第48條準用民事訴訟法第61條參照）。,A             
審判權,法院對於刑事案件得為審理裁判之權限。,M             
判決違背法令,所謂判決違背法令，係指判決主文所由生之法令適用係屬違誤者而言。亦即，該案件依法本應為某種判決，而法院因違背法令為其他之判決者，(例如應為竊盜罪之判決，竟為強盜罪之判決，或應為不受理之判決，竟為有罪之判決 ，無論係違反實體法或程序法，均屬判決違背法令。,M             
原住民保留地,國家為保障原住民個體及其家庭生計，並兼顧原住民族整體生存空間和民族經濟體的發展，特別劃定部分國有土地作為原住民保留地，提供給原住民耕作使用。原住民取得原住民保留地的所有權，如有移轉，其移轉對象亦以原住民為限，以確保原住民權益（山坡地保育利用條例第37條第2項規定參照）。,"M,V           "
還押,提解已受羈押的被告進行訴訟程序後，將該名被告解還羈押處所繼續羈押的過程，俗稱為還押。例如，法院提解羈押中被告某甲到庭進行審判程序，程序終了時命將某甲「還押」看守所。,M             
已臻明確,已經明確。,A             
特別公課,"國家為特定任務的財政需要，對特定對象所課徵，用以挹注國家特別支出的金錢給付義務，屬專款專用，在課徵後使用在和該特定對象相關聯的行政事項上。
例如：對汙水排放業者課徵水污染防治費，專供水污染防治之用；對製造廢棄物的人民徵收清潔處理費，用來支付清除廢棄物所需的開支。",A             
審判獨立,法官必須依據法律審理並公平的作出裁判，不受外界輿論、行政上級長官或其他與法律規定不相關的因素干預。,M             
聲請人,指向法院提出請求的人。,G             
畏罪飾卸,害怕罪責而推卸掩飾,G             
人口販運,其定義規範於人口販運防制法第2條第1款：「指意圖使人從事性交易、勞動與報酬顯不相當之工作或摘取他人器官，而以強暴、脅迫、恐嚇、拘禁、監控、藥劑、催眠術、詐術、 故意隱瞞重要資訊、不當債務約束、扣留重要文件、利用他人不能、不知或難以求助之處境，或其他違反本人意願之方法，從事招募、買賣、質押、運送、交付、收受、藏匿、隱避、媒介、容留國內外人口，或以前述方法使之從事性交易、勞動與報酬顯不相當之工 作或摘取其器官。」或「指意圖使未滿十八歲之人從事性交易、勞動與報酬顯不相當之工作或摘取其器官，而招募、買賣、質押、運送、交付、收受、藏匿、隱避、媒介、容留未滿十八歲之人，或使未滿十八歲之人從事性交易、勞動與報酬顯不相當之工作或摘取其器官。」,M             
職權再議,依照刑事訴訟法第256條3項的規定，法定本刑是死刑、無期徒刑或最輕本刑三年以上有期徒刑的案件，若檢察官認為犯罪嫌疑不足而為不起訴處分，或為緩起訴處分，檢察官必須依職權主動將這些不起訴或緩起訴的案子，直接送給上級檢察署檢察首長再審視一遍，並通知告發人 。 ,M             
審判期日,法院預定為審判程序之日期，以朗讀案由為始。,M             
出養同意權,收養關係成立後，養子女與本生父母的權利義務，在收養關係存續中停止，影響當事人權益非常大，故應經父母的同意，這就叫做生父母的出養同意權。應說明者有四：(一)同意應作成書面，並經公證。(二)已經向法院聲請收養認可的，可以用言詞向法院表示並記明筆錄。(三)成年子女出養時應經他的親生父母同意。(四)未成年人出養時，已經由他的父母以法定代理人身分代為或同意時，免除再為此項同意。,F             
意定抵押權,指抵押權係基於當事人間以設定契約方式而發生之擔保物權。一般來說意定抵押權具有媒介融資之作用，亦即透過抵押權之設定，創造出借款人之信用，也使貸與人取得得優先受償之權利，而能使其獲得融資之手段。,V             
制度性保障,國家必須建立某些制度，並確保其存在，藉以保障基本權利的實現。例如：大學自治為學術自由的制度性保障（司法院釋字第380號解釋）。,A             
苗交簡字第652號,請參考「106年度家訴字第831號」的解釋。,F             
扣留,"關於行政機關的「扣留」，依行政罰法第36條規定：「（第1項）得沒入或可為證據之物，得扣留之。（第2項）前項可為證據之物之扣留範圍及期間，以供檢查、檢驗、鑑定或其他為保全證據之目的所必要者為限。」行政機關為保全證據或沒入之執行，得為扣留之處分。另依行政執行法第36條第1項、第2項第2款及第38條第1項規定，行政機關為阻止犯罪、危害之發生或避免急迫危險，而有即時處置之必要時，得為即時強制，其方法包括對於軍器、凶器及其他危險物之扣留。
 ",A             
搜索票,為執行搜索(以發現被告、犯罪證據或其他可得沒收之物為目的，對被告或第三人之身體、處所、物件等為搜查之行為)時之法律文書,M             
暫時性重製,暫時性重製，是指為網路瀏覽、快速存取或其他為達成傳輸功能的電腦或機械本身技術上所不可避免時，而於設備內部暫時重製該著作，當機器或設備關閉時，內部的重製物即隨同銷除。又暫時性重製如符合著作權法第22條第3項規定，著作財產權人即不得就該重製行為主張重製權。,A             
知悉權,基於正當法律程序保障之要求，以「知悉權（受通知權）」作為憲法訴訟權保障合法聽審權之基本內容，經由受通知而知悉，人民始能極盡攻防之能事，以保障其權益，並得就其權利伸張與防禦具有重要性之事項陳述。,G             
公法事件,我國採取公、私法二元體系，將法律關係分為公法法律關係及私法法律關係，因私法法律關係所生之爭議，屬於私法事件（例如：私人間因買賣契約所生之爭議），而因公法法律關係所生之爭議，則屬於公法事件（例如：因稅捐稽徵機關核定稅捐之處分所生之爭議）。公法及私法事件的區分在實務運作上有其重要性，因為兩者不僅在法律適用的原理、原則不同，且救濟途徑、管轄法院及強制執行的方法也有差異。,A             
聲請閱卷,當事人、訴訟代理人或經法院許可的人，可以依照法律規定向法院聲請閱覽、影印、抄錄卷宗資料。,F             
法律,法律可分為形式意義以及實質意義。形式意義係指經過國家立法機關依法定程序制定成為條文，比如憲法第170條:「本憲法所稱之法律，謂經立法院通過總統公布的法律」、中央法規標準法第2條：「法律得定名為法、律、條例或通則」。實質意義係人類行為之抽象以及一般性的規範，比如平等原則。又上開規範，如經立法機關制定成為條文，且經國家元首公布施行者，則兼顧實質及形式意義之法律，比如行政程序法第6條：「行政行為，非有正當理由，不得為差別待遇」。,G             
核無足採,不能採信、不能採證的意思。,A             
雙階,在經濟輔助等行政領域中，行政機關與人民間的法律關係可分為二個階段：第一為行政機關決定是否給予補助的階段，屬於公法關係；第二為決定予以補助後的履行階段，則為私法關係。例如：政府採購法即是建立在雙階理論上。第一階段為招標、審標及決標，在此階段所生的爭議由行政法院審理；第二階段為履約及保證，此階段的有關爭議則由民事法院審理。,A             
同一案件,指兩案為同一被告，其被訴之犯罪事實亦屬同一者而言。所謂事實同一，應從訴之目的及侵害性行為之內容是否同一為斷，也就是以檢察官或自訴人請求確定其具有侵害性之社會事實關係為準。例如強盜，是以至使不能抗拒的手段強取財物，除侵害財產法益外，也兼及侵害被害人的身體、自由法益，與竊盜罪單純只是侵害財產法益有所不同，因此從訴的目的以及侵害行為的內容來看，兩者並非同一案件。,M             
具有歸責性,應該由其負責,G             
行政法規,行政法上的法律、以及包括行政命令在內的所有規定，是所有行政法規範的合稱。但近年來「法規」以及「法令」兩者間常可見相互代用，在使用上沒有太大的區分。,A             
按日連續處罰,對於違反行政法義務者，經科處行政罰後，仍然不履行義務時，給予連續數日的制裁，以促使其履行行政義務。例如：依銀行法規定，銀行經依法處罰後，於規定限期內仍不予改正者，得對其同一事實或行為依原處罰鍰按日連續處罰，至依規定改正為止。,A             
無資力,"生活窮困且缺乏經濟方面的信用，無力籌措金錢來支付進行訴訟所應支出的費用。
例如：甲只有國中畢業，在父親乙死後，才知道乙生前有借錢給丙200萬元，想要打官司向丙要回這筆錢，但是甲月薪只有1萬8,000元，還要養母親、太太和小孩，沒有能力繳納裁判費，甲可以向法院提出自己沒有多餘的錢來付裁判費的證明，請求法院准許他暫時不用繳費（訴訟救助），先進行訴訟。",A             
公判庭中心主義,或稱「公判中心主義」，係指訴訟制度以審判期日之法庭活動為中心。,M             
加重強盜罪,指行為人犯強盜罪時，有第321條第1項各款情形之一，例如「侵入住宅或有人居住之建築物、船艦或隱匿其內而犯之」、「毀越門窗、牆垣或其他安全設備而犯之」、「攜帶兇器而犯之」、「乘火災、水災或其他災害之際而犯之」等，即構成加重強盜罪。,M             
捐地協議,"人民以捐地方式為代價，換取行政機關為特別許可的協議。
例如：修正前「非都市土地使用管制規則」第13條以下、第23條規定，人民申請非都市土地變更編定時，申請人應捐贈一定比例面積的土地予該管各級政府機關，供作公共設施用地（例如隔離綠帶、保育綠地），作為核准土地變更編定的前提。",A             
契約自由原則,指在私法關係中，個人在不違反公序良俗及強制或禁止規定下，得自由締結契約形成私法關係，不受國家干涉。其內涵包括個人可以自由決定是否訂立契約（即締約自由）、締約對象（即當事人自由）、契約內容（即內容自由）及以何種方式訂立契約（即方式自由）。,V             
認證,公證人審認文書的作成或形式上為真正的一種程序。例如：甲拿已經擬好的授權書到公證人面前親自簽名，由公證人確認該授權書是甲親自簽名（形式真正）而進行認證。,V             
聲明異議,對「審判長、受命法官或檢察官所作的處分」，或對於「行政機關或法院所為處置、處分或命令」表示不符，並請求變更或撤銷原處置、處分或命令,G             
非法清理廢棄物罪,此罪規定於廢棄物清理法。從事廢棄物清理業務，應取得政府的許可，如違反規定，任意棄置廢棄物，或未依規定之方式貯存、清除處理或再利用廢棄物，就構成此罪。,M             
羈束力,所謂「羈束力」，又稱「裁判的羈束力」，規定在行政訴訟法第206條、第208條。「羈束力」羈束的對象是「法院」，而且是作成這個裁定或判決的法院，不包括上級法院或是其他同級法院。依照行政訴訟法第205條、第208條規定，法院的判決或裁定經宣示、公告或送達後生效，而判決或裁定一旦生效，不用等到確定，作成這個判決或裁定的法院就受到羈束，除非有法定事由（例如：明顯錯別字而作的更正），否則作成這個裁判的法院，不可以任意自行撤銷或變更裁判，以維持法的安定性及裁判的信用。,A             
公共設施用地,"對於都市計畫法第42條所規定用途，依同法規定的程序劃定的土地。又公共設施用地不限於是否已取得興闢，亦不限於是否由公用事業機構、各該管政府或鄉、鎮、縣轄市公所取得興闢。
例如：道路、公園、綠地、廣場、兒童遊樂場、民用航空站、停車場所、河道及港埠用地、學校、社教機構、社會福利設施、體育場所、市場、醫療衛生機構及行政機關、上下水道、變電所或其他供公用事業使用的土地。",A             
主觀舉證,當事人為了避免因無法舉證導致敗訴結果，在訴訟過程中致力於提出證據資料，以證明對自己有利、而於當事人間有爭執事實之舉證行為。例如：原告提出其匯款給被告5萬元之銀行匯款單據，主張被告向原告借款，提起民事訴訟。原告努力提出與借款相關之證據資料，使法院可以認定原告與被告間確實有借款之合意，並有交付借款之事實，此種努力提出對原告有利證據資料之舉證活動，為主觀之舉證責任。,V             
鑑定機關,依其在某種專業領域上知識、技術、經驗、訓練或教育之專長，就待證事實提供專業上的意見，來幫助法官或檢察官判斷事實的機關。例如，刑事警察局設有鑑識科，可以針對槍枝是否有殺傷力、文件上的筆跡是否是同一人所書寫等事項，進行鑑定，這時候我們就可以稱刑事警察局為鑑定機關。,M             
充分條件,如果某原因的存在，足以促成損害結果發生的話，邏輯上稱該原因為該損害結果的充分條件。以邏輯符號表示為：P→ Q，例如：一個數字能被4整除，是成為偶數的充分條件，但不是必要條件。,V             
利用職務上之機會詐取財物罪,為特別刑法之罪名，規定於貪污治罪條例第5條第1項第2款：「有下列行為之一者，處七年以上有期徒刑，得併科新臺幣六千萬元以下罰金：…二、利用職務上之機會，以詐術使人將本人之物或第三人之物交付者。」該罪以公務員利用職務上之機會詐取財物，為其構成要件。所謂「利用職務上之機會」，係指假借職務上一切機會，予以利用而言，所利用之機會並不限於職務本身固有之機會，即使由職務上所衍生之機會亦包括在內，且此機會不以職務上有決定權者為限。又所謂「詐取財物」，與刑法詐欺罪相同，係指有不法所有意圖之主觀犯意存在，並表現於外，在客觀上假借職務上之一切事機，以欺罔手段使人陷於錯誤而交付財物，且其犯罪客體須係具體之財物，財產上不法之利益並不包括在內。,M             
逮捕前置原則,必須先經合法的拘提或逮捕程序，檢察官才能聲請羈押；若被告是因傳喚、自首或自行到場，檢察官認為有羈押的必要及原因者，依刑事訴訟法第228條第4項但書規定，可先予逮捕後，再聲請羈押。,M             
彈劾,對於公務人員違法或失職的行為，經監察委員2人以上提議，9人以上審查及決定，即可成立彈劾案。彈劾案成立後，監察院即向具司法權性質的公務員懲戒委員會提出，由公務員懲戒委員會依公務員懲戒法相關規定，進行審理後，作成懲戒判決。依此，彈劾是公務員懲戒的前階程序。,A             
教養能力,指父母或監護人教導、養育未成年子女的能力。這是法院審理酌定或改定未成年子女權利義務之行使或負擔、認可收養子女及改定未成年人監護等事件的重要審酌因素。,F             
就審期間,現行刑事訴訟法第272條規定：「第一次審判期日之傳票，至遲應於七日前送達；刑法第六十一條所列各罪之案件至遲應於五日前送達。」此即「就審期間」，目的在於「便利被告準備辯護」，確保被告享有準備辯護的充分時間與機會，保障實質、有效辯護的可能性。,M             
傳票,指傳喚被告所使用的書面通知。,M             
閃黃燈,依道路交通標誌標線號誌設置規則第211條第1項第1款規定，閃光黃燈表示「警告」，車輛應減速接近，注意安全，小心通過。,"M,A           "
捨棄,"原告起訴之後，向法官表示要放棄自己的請求，就叫做「捨棄」。在原告捨棄訴訟標的的情形下，原則上法院一定要判原告敗訴。
但是法律也有規定在某些訴訟中，原告不得捨棄訴訟標的，比方說有關身分關係的訴訟。
",F             
家事非訟事件,"指家事事件法第3條所規定的丁、戊類事件及其他性質上應依非訟程序處理的家事事件。
「非訟」是相對於「訴訟」而言，「非訟事件」通常程序比較簡便、迅速，很多是由法官主動調查裁量而做出妥當的裁判，法院會作出「裁定」而不是「判決」，如果有不服，可向地方法院的合議庭提出「抗告」。",F             
押票,羈押處分經法院同意後，由同意的法官在押票上面簽名才可以開始執行。例如：檢察官為羈押某涉嫌重大的殺人案件殺手，向法院聲請羈押，經法院核發押票。,M             
降級,"「降級」依公務員懲戒法第9條第1項第5款規定，為該法所定公務員懲戒處分之一種，依同法第15條規定：「（第1項）降級，依受懲戒人現職之俸（薪）級降一級或二級改敘；自改敘之日起，二年內不得晉敘、陞任或遷調主管職務。（第2項）受降級處分而無級可降者，按每級差額，減其月俸（薪）；其期間為二年。」

",A             
並行不悖,不會互相妨礙。,A             
強制性交罪,為刑法之罪名，規定於刑法第221條：「(第1項)對於男女以強暴、脅迫、恐嚇、催眠術或其他違反其意願之方法而為性交者，處三年以上十年以下有期徒刑。(第2項)前項之未遂犯罰之。」,M             
犯罪動機,動機，在心理學上一般被認為涉及行為的發端、方向、強度和持續性。故犯罪動機是讓人想要去做犯罪行動的一種衝動、慾望與需求。,M             
提存通知,當債務人提出金錢放到法院提存所時，所發給債權人的通知。,F             
合理隱私期待,「合理隱私期待」（reasonable expectation of privacy）是指保障隱私權的期待必須在合理範圍內，也就是除了個人主觀的隱私期待外，客觀上該隱私期待也必須是在被普遍承認為合理的範圍內，始受保障。例如，在家中房間內的舉止，雖然可以合理期待不被外人所知悉，但如果是在大馬路上的動作，就難以被認為具有合理的隱私期待。,M             
法律優位原則,"行政機關應受法律所賦予任務及權限的拘束，不得逾越法律，其執行職務的內容、方式及程序也必須合於法律規定的意旨。
例如：行政機關所為的行政處分不符法定構成要件，或沒有踐行法定程序，或該機關欠缺作成處分的法定權限等，該處分都是違法，人民可提起行政爭訟加以救濟。",A             
虛偽意思表示,行為人故意對外作成和自己內心想的不一樣的意思表示。虛偽意思表示可分為二種，一種是「單獨虛偽意思表示」，這是指表意人個人將真正的意思保留在心中，對外做虛偽的表示（例如：甲看到乙買了一部新車，就開玩笑對乙說：「你這部車子送我好了」，但甲內心沒有真正要乙送車子給他的意思，乙也知道甲並不是真心要乙送車給他）。另一種是「通謀虛偽意思表示」，這是指法律行為成立時，當事人雙方心中都沒有真意，而且彼此都知道，仍然故意為與真意不符的合意（例如：甲為避免名下的房子被債權人查封，就和乙簽了買賣契約書，約定把房子過戶給乙，但甲、乙都知道彼此間根本沒有要買賣房子的意思）。,V             
買賣不破租賃,依民法第425條第1項規定，出租人於租賃物交付後，承租人占有中，縱將租賃物所有權讓與第三人，其租賃契約，對於受讓人仍繼續存在，此即買賣不破租賃原則；但如果不動產租賃契約租期超過5年或未定期限，而未經公證的情形，不適用該原則（同條第2項）。,V             
有間,有所區別或差異。,A             
回復名譽,對於名譽權被侵害者，填補或回復其名譽。常見的方式有：給付金錢或登報道歉等。,V             
迷信犯,指的是犯罪人計劃採取超自然手法害人，因為超自然的侵害手法難以驗證，我們搞不清楚到底這種超自然犯罪方式有沒有產生效果，而且超自然手法和宗教信仰也有關係，每個人信仰不同，很難找到定論，所以刑法不介入這種爭議，只能認定迷信犯無罪。例如甲作法，在貼上乙名字的小草人上畫符，詛咒乙會死掉，不論乙之後有沒有死亡，甲都不會成立任何殺人罪的刑責。,M             
非謂不得,可以。,A             
公示送達,文書送達的一種方法。公示送達是以公開揭示的方式送達文書，讓受送達人有機會知悉，以便向法院領取文書，不管應受送達人實際上有無看到該訊息或有無實際前往法院領取該訴訟文書，只要公開揭示經過一定期間後，就發生送達的效力。因為對應受送達人的權益影響非常重大，只有在符合法律規定的要件（例如：應受送達處所難以查明）下，才可以採取這種送達方法。,V             
指定辯護人,指案件具法定之情形（原因），而被告及其他選任權人未選任辯護人，由審判長指定律師或公設辯護人為被告辯護者為指定辯護，該受指定之人為指定辯護人。指定辯護之原因如下：(1)最輕本刑為三年以上有期徒刑案件。(2)高等法院管轄第一審案件。(3)被告因精神障礙或其他心智缺陷無法為完全之陳述者。(4)被告具原住民身分，經依通常程序起訴審判者。(5)被告為低收入戶或中低收入戶而聲請指定者。(6)其他審判案件，審判長認有必要者。(7)被告因無資力聲請指定者。(8)被告聲請指定者。,M             
單一案件,「單一被告」犯「單一犯罪事實」的案件。例如：一個被告A打了一個被害人B一拳，此時即為單一案件。,M             
假處分,債權人先為保全對債務人屬於金錢以外之請求的強制執行，聲請法院裁定強制或禁止債務人為一定行為的程序，以防止該請求的現狀被變更，確保日後債權人的請求可以獲得滿足。例如：甲向乙購買房地， 二人共同簽訂買賣契約後，乙因見房價不斷走高，想改賣給其他人，遲遲不肯依約定把房地所有權移轉給甲。此時甲除了起訴請求乙履行契約外，為了避免乙在訴訟期間將房地移轉給其他人，也可以向法院聲請假處分，請求法院裁定命乙在訴訟終結前不得將該房地移轉給第三人。,V             
停止營業,屬於行政罰法第2條所規定「限制或禁止行為之處分」。例如：公共遊樂場所之負責人或管理人，縱容兒童、少年於深夜聚集其內，而不即時報告警察機關，其情節重大或再次違反者，依社會秩序維護法之規定，主管機關對之得處以1日以上，20日以下停止營業之行政罰。,A             
人格權,指關於人的價值與尊嚴的權利，我國民法明定的人格權包括生命、身體、健康、姓名、名譽、自由、信用、隱私、貞操等。,V             
裁量收縮至零,行政機關經由法律授權，於法律所規定的構成要件實現時，可以決定是否使有關的法律效果發生，或是選擇發生何種法律效果，這就是「裁量」。然而在某些特殊情況，行政機關的裁量範圍受到限縮，以致只有特定的決定才不具裁量瑕疵，而為唯一的合法決定，此時行政機關有義務選擇這個沒有瑕疵的特定決定，這種情形稱為「裁量收縮」或是「裁量收縮至零」。,A             
直系血親卑親屬,就是自已的子女、孫子女、曾孫子女等，包含收養的在內。,F             
起訴狀一本主義,檢察官在起訴刑事案被告時，不會一併將相關的證據放在卷宗裡面與起訴書一併送交法院，直到而審判庭的證據調查程序中，才提出來讓法官瞭解證據的內容。這個制度的主要目的是希望審判者在審判程序之前不要事先接觸到檢察官偵查卷證的內容，而是在審判程序中經由檢察官、辯護人雙方的主張與出證，形成心證，希望可藉以確保審理的公平與公正，防止法院因為事前接觸卷證，而可能對被告產生不利的偏見或預斷。,M             
候核辦,等候通知。,A             
私文書,刑法將文書區分為公文書及私文書，並於刑法第10條第3項以立法方式定義所謂的公文書，是指公務員職務上製作之文書。因此，不具公務員身分之一般人製作的文書，或公務員於職務外製作的文書，即稱之為私文書。此外，私文書必須是以文字或符號記載特定之意思，並具備法律上或經濟上的意義，始具有刑法上的意義。,M             
罰金,刑罰的種類有生命刑、自由刑及財產刑之分，而罰金是刑罰種類中的財產刑，常用於較輕微的罪行。如被告在公園等公共場所然賭博財物，被法院判處的罰金新臺幣1000元。,M             
加害人處遇計畫,我國家庭暴力防治法之立法目的，不僅在於防止家庭暴力之發生，也在於對已發生家庭暴力之相關人員進行輔導治療，故定有加害人處遇計畫制度。家庭暴力加害人處遇計畫是指對於加害人實施之認知教育輔導、親職教育輔導、心理輔導、精神治療、戒癮治療或其他輔導、治療。,M             
BOT,Build–Operate–Transfer的縮寫，民間參與公共建設的運用模式之一，特徵為政府規劃的工程交由民間興建、營運後，再移轉給政府，可參考促進民間參與公共建設法第八條第一項的規定。,A             
性剝削,性剝削是指性關係上的剝削行為，以各種形式使一個人成為性客體或失去性自主與身體權，均屬之。我國為符合聯合國「兒童權利公約」規範，以及防制兒童及少年遭受任何形式的性剝削，立法院於民國104年2月4日修正公布，並於106年1月1日施行，將「兒童及少年性交易防制條例」改為「兒童及少年性剝削防制條例」，並將法條中的「性交易」修正為「性剝削」，明定：一、使兒童或少年行為有對價的性交或猥褻行為；二、利用兒童或少年為性交或猥褻行為，以供人觀覽；三、拍攝、製造兒童或少年為性交或猥褻行為之圖畫、照片、影片、影帶、光碟、電子訊號或其他物品；四、使兒童或少年坐檯陪酒或涉及色情之伴遊、伴唱、伴舞等行為，都屬於兒少性剝削的行為。,M             
客觀注意義務,注意義務之一種判斷標準，係指以社會上一般人於相同情狀下所應有的注意，來判斷行為人是否違反注意義務。,M             
毒樹果實,「毒樹果實理論」是來自美國法的證據排除法則，乃指先前違法取得之證據，有如毒樹，本於此一證據為基礎，而再行取得之證據，則如同毒果，為嚴格抑止違法偵查作為，原則排除證據能力；但在幾種情況下，例如：衍生證據有獨立來源，或者必然被發現，或因其他因素介入導致「毒性被稀釋」，則例外不排除衍生證據的證據能力。毒樹果實理論可以處理基於違法取得的證據再以合法手段間接取得的其他證據（第二次證據或衍生證據）的效力問題。歐陸法上，則是以所謂「證據排除法則的放射效力」來處理此一問題。,M             
主管機關,"主管某項行政業務的機關，有分中央主管機關、地方主管機關，例如都市計畫法第4條規定本法的主管機關：在中央為內政部；在直轄市為直轄市政府；在縣（市）
為縣（市）政府。","F,G           "
通訊監察,"俗稱監聽。按照「通訊保障及監察法（下稱通保法）」規定，可分成兩大類。一種是有關國家安全的通訊監察，另一種是為了犯罪偵查而做的通訊監察。前者規定較寬鬆，只要國家情報工作法中的情報機關（如國家安全局或國防部軍事情報局）的首長，經高等法院法官同意就可以核發通訊監察書（第7條）。後者則採取較嚴格的方式來處理。以下只說明以犯罪偵查為目的的通訊監察。
國家基於犯罪偵查之目的，對被告或犯罪嫌疑人進行通訊監察，就是以監控與過濾受監察人通訊內容的方式，蒐集相關資訊，作為證據使用，屬於刑事訴訟法的一種強制處分，必須受到法律嚴格規範。",M             
參照,參考、依照的意思。,G             
時效完成,已發生且可得行使的公法上請求權，因經過一定時間不行使，該請求權即消滅的法律制度。例如：行政程序法第131條規定：「公法上之請求權，於請求權人為行政機關時，除法律另有規定外，因五年間不行使而消滅；於請求權人為人民時，除法律另有規定外，因十年間不行使而消滅。」,A             
背書,一般民間所稱的背書通常是指「保證」的意思，但在法律上，其意思是指在有價證券（例如股票、支票、本票等）背面或其黏單上簽章，而轉讓有價證券的方法，背書不連續，將影響持票人行使權利。在票據上背書之人，依法應負背書人責任，持票人得向背書人請求依票據記載之金額承兌或付款。,V             
時效取得,指無權占有人以所有之意思，和平、公然、繼續占有他人之動產、未登記之不動產或所有權以外之財產權達到一定期間，依法取得該物所有權或其他財產權的制度（民法第768條至第772條)。,V             
時效不完成,於時效期間終止時，發生不能或難以行使權利之事由，法律上使其時效暫不完成，容許權利人在該事由終止後一定期間內，仍得行使權利，避免權利人因外部障礙而受到時效完成的不利益。例如：時效期間終止時，因天災或其他不可避之事變，致不能中斷時效者，自其妨礙事由消滅時起，一個月內，其時效不完成（民法第139條）。,V             
所有權,對於特定物（包括動產及不動產）具有全面及整體支配的物權，在法令限制範圍內，所有權人對其所有物得自由使用、收益、處分，並排除他人的干涉。,V             
意定解除權,解除權係指因權利人一方的意思表示，使契約溯及消滅的權利。解除權如果是基於當事人的約定而發生，就稱為意定解除權。 ,V             
行政處分,"行政機關為了處理公法上的具體事件，所作成單方的、直接對外發生法律效果的公權力行為。
例如：醫生因為有精神疾病，主管機關認定不能再執行業務，而廢止其執業執照，主管機關所為廢止執業執照的行為，即行政處分。",A             
偵查輔助機關,偵查輔助機關，是指依偵查主體之檢察官指揮或命令，而協助或受命偵查之輔助機關。如依刑事訴訟法第229條至第231條規定，協助檢察官偵查犯罪或聽受檢察官之指揮、命令而偵查犯罪之司法警察官及司法警察，即屬之。,M             
不起訴處分書,"為檢察官不為起訴處分的文書。而不起訴處分又可以分為絕對不起訴及相對不起訴(職權不起訴)。
前者指依法條規定，檢察官一定要做不起訴的處分，如:刑事訴訟法252條列舉的規定；後者則指檢察官可以自己決定為不起訴處分，如:刑事訴訟法253條微罪不舉的規定。",M             
簡易訴訟程序,法院審理訴訟標的金額或價額較低，或者案情較單純的訴訟事件時所適用的訴訟程序（民事訴訟法第427條）。,V             
更為審判,刑事訴訟法第四百二十九條規定，開始再審之裁定確定後，法院應依其審級之通常程序更為審判。依此可知，更為審判係指法院就已經判決確定之案件，依法裁定再次重為審判之意。,M             
即有未合,就是有不相符之處。,A             
抑有進者,更進一步的意思。,F             
公益性,公益性係屬不確定之抽象法律概念。法律上所稱公益，並非抽象的屬於統治團體或其中某一群人之利益，更非執政者、立法者或官僚體系本身之利益，亦非政治社會中各個成員利益之總和，而係各個成員之事實上利益，經由複雜交互影響過程所形成理想整合之狀態。亦有法律如公益勸募條例第2條第1款直接對「公益」定義：「不特定多數人的利益」。然此皆僅得對「公益」為適當之描述，尚難為其劃定一具體範圍或提供一可得操作之標準。,A             
衡酌,就是「衡量、審酌」的意思。,F             
假日生活輔導,屬短期的輔導，少年之假日生活輔導為三次至十次，由少年保護官利用假日的時間，如與少年保護官約好時間，也可來法院接受「假日生活輔導」。進行的方式是對少年做個別的或群體的品德教育，輔導少年學業或其他作業，並且可以命令少年做勞動服務，使少年養成勤勉習慣及守法精神;次數多少由少年保護官看少年受輔導的成效而定。,Y             
可稽,可查、可以證明、足以佐證、足以證明的意思。,G             
春股,請參考「馨股」的解釋。,F             
除斥期間,"法律對某種權利所預定行使的存續期間，若權利人對該種權利不行使繼續達於一定期間（期間屆滿），該種權利就會歸於消滅，所消滅的權利多是形成權（如撤銷權）。除斥期間是自權利成立之日起算，自始固定不變，並沒有時效中斷或不完成的情形。
例如：行政程序法第121條所規定行政機關自為「撤銷」違法行政處分的2年期間，就是除斥期間。",A             
宣判,"指宣示判決，也就是朗讀判決主文(請參考民事訴訟法第  224 條規定)。
           ",F             
私法人,"自然人以外，依私法（如民法、公司法）所設立具有法人資格的組織。例如：
（一）依設立的基礎為標準，可區分為：
1、財團法人（以獨立財產為主，如私校、基金會）。
2、社團法人（以社員結合為主，如公會、商會）。
（二）依目的事業為標準，可區分為：
1、公益法人（雖以特定公益為目的，但由私人設立而不具有公權力，一般為財團法人性質）。
2、營利法人（以組成員利益為主，如公司）。",A             
有期徒刑,剝奪犯罪人一定期限內人身自由的刑罰方法。如被告犯竊盜罪，法院判處被告有期徒刑二年。,M             
搜索,"解釋一：對於一定之處所、物或人之身體等，以發現物或人為目的，而實施的搜尋行為。
解釋二：搜索扣押是指翻找檢查被告或第三人的身體、物件、電磁紀錄、住宅或其他處所的強制處分，目的在發現被告、犯罪嫌疑人，或發現犯罪證據、可沒收的物品。搜索的類型可以分為「有令狀搜索」及「無令狀搜索」二種，原則上要有搜索票才能進行搜索，稱為「有令狀搜索」，就是必須經法官審查後核發搜索票，才能搜索。例外在法律規定例外情形下（例如急迫情況或被搜索人同意時），才可以在沒有搜索票下進行搜索，這就是「無令狀搜索」。無令狀搜索的類型有三種，附帶搜索、緊急搜索及同意搜索。",M             
不要物契約,又稱為諾成契約，指契約的成立不以物的交付為要件者，例如：買賣、租賃、委任、僱傭等契約均屬之。反之，契約的成立以物的交付為要件者，稱為要物契約，例如：寄託契約，寄託人必須將寄託物交付受託人，寄託契約才能成立；消費借貸契約（借款），必須交付借款，借款契約才能成立。,V             
會銜,二個或二個以上機關在公文上簽署名銜。例如：二以上機關會銜發布命令，其發布或送立法院時，主稿機關均應與有關機關會銜辦理。,A             
法定扶養義務,指法律明文規定的一定親屬間，有經濟能力的人，對於不能維持生活者，予以必要的經濟上供給的親屬法上義務。民法第1114條係規定：(一)直系血親相互間、(二)夫妻的一方與他方的父母同居者，其相互間、(三)兄弟姊妹相互間、(四)家長家屬相互間，互負扶養義務。又民法第1116條之1明定夫妻互負扶養義務，這些都是法定扶養義務的適例。,F             
裁量權,"行政機關在法律構成要件實現時，得自法律規定之數種法律效果中選擇決定之權限。
例如：區域計畫法第21條規定：「違反第15條第1項之管制使用土地者，由該管直轄市、縣(市)政府處新臺幣6萬元以上30萬元以下罰鍰，並得限期令其變更使用、停止使用或拆除其它地上物恢復原狀。」本條不但有處罰規範，亦容許行政機關自「限期令其變更使用」、「停止使用」或「拆除其它地上物恢復原狀」選擇適當的手段，而享有裁量權。",A             
爭點主義,對於課稅處分的撤銷訴訟，行政法院的審查對象是原告在復查程序中所爭執的行政處分違法事由，至於原告於復查程序中未爭執的部分，則不在法院審理範圍。相對於此，納稅者權利保護法第21條規定：「納稅者不服課稅處分，經復查決定後提起行政爭訟，於訴願審議委員會決議前或行政訴訟事實審言詞辯論終結前，得追加或變更主張課稅處分違法事由，受理訴願機關或行政法院應予審酌。其由受理訴願機關或行政法院依職權發現課稅處分違法者，亦同。」則是採取總額主義，行政法院審查的範圍不限於原告在復查程序中提出的違法事由。,A             
剝奪他人行動自由罪,規定於刑法第302條，犯罪構成要件是「私行拘禁或以其他非法方法剝奪人之行動自由」，保護法益為個人行動自由。「私行拘禁」指以非法的方法將被害人拘捕監禁，使被害人無法或難以自由行動之行為；「其他非法方法」指除拘禁外，其他剝奪行動自由之非法方法。,M             
要保人,要保人是向保險人申請訂立保險契約的人，負有善盡告知義務以及繳交保險費義務，具有指定或更改受益人、變更保險契約、解除契約的權利。要保人必須是對被保險人有保險利益之人，如果沒有保險利益的話，保險契約就會失去效力，以免產生道德風險。,V             
再申訴,為糾正機關對於公務人員所為的不當管理措施或有關工作條件的處置，依「公務人員保障法」第77條、第78條及第81條規定，公務人員得自管理措施或處置達到的次日起30日內，向服務機關提起申訴。服務機關應於收受申訴書的次日起30日內，就請求事項詳備理由函復，必要時可延長20日。如逾期未函復，申訴人得逕向公務人員保障暨培訓委員會（下稱保訓會）提起再申訴；如已為函復，但申訴人仍不服者，可於函復送達的次日起30日內向保訓會提起再申訴。再申訴決定應於收受再申訴書的次日起3個月內為之。必要時得延長1個月，且保訓會於再申訴人表示不服的範圍內，不得為更不利於該公務人員的決定。,A             
裁判分割,法院以判決方式分割共有物。,V             
檢察官的客觀義務,"刑事訴訟法第2條第1項規定：「實施刑事訴訟程序之公務員，就該管案件，應於被吿有利及不利之情形，一律注意。」這是檢察官在處理案件的過程中，應該要有客觀義務的法律依據。
所謂檢察官的客觀義務，指的是檢察官從調查犯罪、蒐集證據階段，到最後決定要不要起訴被告，都要保持中立、客觀的立場。也就是說，對被吿有利或不利的證據都要蒐集，查證清楚，不要偏袒被吿或被害人任何一方。最後，再根據證據，做出要不要起訴的決定。",M             
非常救濟,"救濟：法律給予權利，就要設想權利被侵犯時，人民可以怎麼辦，也就是任何權利都應該要有合理而且有效的「救濟」手段，否則就是空談。例如：可以提告。
通常救濟：一般的救濟方式，如「上訴」。
非常救濟：非通常的救濟手段，如由檢察總長提起的「非常上訴」。",M             
認識之過失,行為人雖然可以預見他自己的行為有可能造成犯罪結果（例如有人受傷或死亡），但卻因為對於自己的能力或其他環境或條件太過自信了，認為絕對不會發生那些犯罪結果而還是做了這些行為（包括不作為）。然而不幸最後竟然還真的發生了犯罪結果。這樣情形的主觀面，我們還是認為有過失，而屬於有認識過失。例如A開車在路上超速行駛，雖然有預見超速行駛可能會發生車禍，但卻認為自己駕車技術高超而不會有事，結果真的因為超速因而剎車不及發生車禍。,M             
禁止強制自證有罪,又稱不自證己罪原則，即國家不得強制任何刑事被告做出不利於己的陳述。,M             
監察人,依民法規定，法人得設監察人，監察法人事務之執行。 又關於股份有限公司雖有股東會此一公司最高意思決定機關，得以監督董事會執行業務部分，然因股東會人數眾多、召集不易也不常集會，故設有監察人之監督機關，就公司之業務及財務隨時進行監督以補股東會之不足。公開發行公司之監察人至少應有2位。監察人之任期，最長不得逾3年，但連選得連任。又關於監察人主要之權限，例如監督公司業務之執行、行使公司代表權，包括代表公司與董事訴訟或者代表公司委任律師、會計師等暨召集股東會之權限等。 ,V             
聲請撤銷監護宣告,受監護宣告人(請參考監護宣告的解釋)後來精神、心智已經恢復正常，而不再需要監護人的照顧時，本人或其他法律規定有聲請權的人，就可以向法院聲請把監護宣告的裁定撤銷，回復他法律上自主決定的能力。,F             
主觀不可分,又稱人的不可分，是指訴訟行為之效力及於其他共犯。刑事訴訟法有所謂告訴不可分原則，就是指在告訴乃論之罪，告訴人對於共犯之一人提出告訴者，其效力會及於其他共犯。例如，在丈夫外遇，妻子對小三提出通姦告訴時，告訴的效力也會及於丈夫。如果妻子不願意對丈夫提告，就只能對丈夫的部分撤回告訴，而不能在提出告訴的時候，聲明只對小三而不對丈夫提告，因為這樣的聲明在法律上是沒有效力的。,M             
撤回起訴,檢察官向法院對於被告起訴以後，發現有不應該起訴或不起訴比較適當的情況，而向法院表示要取消起訴的意思。,M             
發票日,指票據（包含本票、匯票及支票）的發票人作成票據的時間。票據的發票日是以票據上所記載的日期為準，縱使票據上記載的發票日期與發票人實際作成票據的日期不同，仍以票載所記載的發票日期為發票日。又發票日為票據絕對應記載事項，若票據未記載發票日，該票據為無效（票據法第24條第1項第7款、第120條第1項第6款、第125條第1項第7款、第11條第1項）。,V             
通常程序,刑事訴訟程序依照案件類型的繁簡程度、科處刑罰的輕重程度及被告之認罪與否，可區分為通常程序、簡易程序、簡式審判程序與協商程序等四種程序，通常程序由於含交互詰問等證據調查程序，原則上審理時間較長，而適用於較為重大、複雜的案件。,M             
形成處分,"指設定、變更、撤銷或廢止某具體法律關係的行政處分。
例如：核發建造執照、公務員的任命或免職處分。
",A             
強制工作處分,對習慣犯、常業犯、遊蕩成習或懶惰成性而犯罪者，於刑罰執行前，可令其進入勞動場所，強制工作，以培養其工作習慣。另對竊盜與贓物罪犯罪人，則有竊盜犯贓物犯保安處分條例，為本處分之特別法。但是近年來因強制工作處分有違罪刑法定主義之嫌，受處分人逐年降低中。,M             
裁量原則,"行政機關於法律授權範圍內，享有行政裁量權，可以依職權裁量決定而作成行政行為(包括決定是否使有關的法律效果發生，或發生何種法律效果)，使其得在具體個案的法律適用中，實現立法意旨並符合個案正義。但行政裁量權的行使並非毫無限制，行政機關仍應遵守「平等原則」、「比例原則」、「誠實信用原則」及「信賴保護原則」等裁量原則，作成合義務的裁量。

",A             
政府採購,政府機關、公立學校、公營事業應依法辦理採購事項，依公平、公開的採購程序，提升採購效率與功能，確保採購品質。所稱採購，指工程的定作、財物的買受、定製、承租及勞務的委任或僱傭等（可參考政府採購法第1條至第3條規定）。,"V,A           "
不起訴處分確定,案件經檢察官為不起訴處分後，如告訴人未聲請再議，或再議之聲請被駁回，此時該不起訴處分即已確定。不起訴處分確定後，除非發現新事實、新證據或有其他再審的事由，否則檢察官不得對於同一案件再行起訴。,M             
量能課稅,量能課稅的意思，是指國家應該要依納稅義務人在經濟上的負擔能力來課稅，也就是根據負擔能力的大小，來決定多少稅捐的原則。如果沒有稅捐負擔能力，就不應該課稅，此原則也是憲法上平等原則的具體化。衡量稅捐負擔能力大小的指標有很多，最主要的是所得和財產。以納稅義務人的「所得」課稅為例，要以他的收入減掉相關成本、費用及損失後的餘額，才是他的所得額。納稅者權利保護法第5條規定：「納稅者依其實質負擔能力負擔稅捐，無合理之政策目的不得為差別待遇。」就是量能課稅原則的明文化。,"V,A           "
行政中立,行政中立主要是指公務人員應以公共利益為考量，並應於處理公務時保持中立、客觀及公平的立場。其目的為確保公務人員依法行政、執行公正、政治中立，並適度規範公務人員參與政治活動（可參考公務人員行政中立法）。,A             
裁判上一罪,裁判上一罪指被告事實上有數犯罪行為，但基於立法政策，審判上只判被告一個罪刑。,M             
而定,來決定,G             
狀態犯,「狀態犯」是指行為一旦造成法益侵害時，其犯罪就已經既遂並且終了的一種犯罪型態。例如，行為人的竊取行為造成被害人財產法益受到侵害時，就成立竊盜既遂（刑法第320條第1項）的罪名，且該竊盜行為也同時終了。,M             
從舊從輕主義,指在行為以後法律有變更的話，原則上依照行為時的法律處罰，但是行為後的法律對行為人較有利的話，就適用最有利於行為人的法律處罰。例如：行為人於犯下擄人勒贖罪後逃亡一段時間才被查獲，至法院裁判當時，相關處罰規定已經修正，且刪除死刑的處罰，法院原本雖然應依照行為時的處罰規定來處罰，但是在比較行為時法與裁判時法以後，認為是以裁判時法對被告最有利，因此就依照修正後（裁判時）較輕的規定判處被告罪刑。95年修正前刑法第2條第1項就是採取「從輕從新主義」，為了避免「原則適用裁判時法」可能有違反「禁止溯及既往」理念的疑慮，修正後的現行刑法第2條第1項就是採取「從舊從輕主義」。,M             
總額原則,105年7月1日起刑法沒收新制施行，刑法第 38 條之 1 第4 項之立法理由載明「基於徹底剝奪犯罪所得，以根絕犯罪誘因之意旨，不問成本、利潤，均應沒收。」明白揭示就犯罪所得之沒收採取不扣除犯罪成本之「總額原則」，即沒收之範圍不應扣除成本。,M             
任意規定,法律規定依其適用之強制性與否，可分為強行規定與任意規定，強行規定係指不論當事人意思如何，均應適用之規定，而任意規定則是指得以當事人之意思變更之規定，在當事人無特別約定時，任意規定才發揮它補充或解釋的功能。,V             
援此為據,引用這一項為依據,G             
確定裁判,法院的裁判（包括判決及裁定）在上訴或抗告期間屆滿後，或這個裁判，依據法律規定，係不可以再提起上訴或抗告來請求廢棄或變更的。這樣的裁判就是確定裁判。,A             
緊急避難,"解釋一：當自己或別人的生命、身體、自由、財產遭受到緊急危難，而且自己在公務上或業務上也沒有特別的義務來承擔這些危難時，如果出於不得已而以損害別人比較輕微的權益來避免可能受到的這些危難，這稱之為緊急避難。
解釋二：緊急避難指的是，當避難者遇到正在發生的危難時，可以透過侵害無關第三人來保護自己。
例如登山者在夜晚的山區迷路，氣溫急速下降，突然看到有一棟無人的房子，為了保護登山者自己的生命，即使未得屋主同意，登山者侵入房子內休息來保護自己的生命的行為不成立犯罪。透過侵害「屋主住居權」來保護「登山者生命」，就是一種緊急避難的行為。與正當防衛相同，緊急避難就是另一個可以合法侵害他人的事由。",M             
錯誤,錯誤就是事情的發生和原先所預設的結果、立場不一致。刑法中所稱之錯誤，包括:構成要件錯誤(客體錯誤、打擊錯誤、因果歷程錯誤)、禁止錯誤(不知刑法存在之錯誤、知刑法存在，但在包攝刑法時發生之錯誤) 、容許構成要件錯誤(誤想防衛、誤想避難)等，其法律效果均有不同。,M             
裁量收縮,行政機關經由法律授權，於法律所規定的構成要件實現時，可以決定是否使有關的法律效果發生，或是選擇發生何種法律效果，這就是「裁量」。然而在某些特殊情況，行政機關的裁量範圍受到限縮，以致只有特定的決定才不具裁量瑕疵，而為唯一的合法決定，此時行政機關有義務選擇這個沒有瑕疵的特定決定，這種情形稱為「裁量收縮」或是「裁量收縮至零」。,A             
中間判決,在民事訴訟中，各種獨立的攻擊防禦方法，有一部分已經達到可以作出裁判的程度，或請求的原因及數額，其中原因已經達到可以裁判的程度，法院在作成終局判決前，預先就可以裁判部分，以判決做出判斷。例如：原告請求被告給付買賣價金，被告抗辯已經給付價金，且原告的價金請求權已罹於時效。這二種抗辯可以為獨立的攻擊防禦方法。但就時效部分如果已經達到可以裁判的程度，法院可以就此預先作成中間判決。,V             
形式違法性,行為人的行為符合刑法所定犯罪構成要件時，即可認定該行為具有形式違法性。例如，未經同意而取走他人財物的行為，自形式上觀察，行為人的行為已經符合刑法第320條第1項規定竊盜罪的要件，就可認為具有竊盜罪的形式違法性。,M             
應扣押之物,所謂「應扣押之物」，依刑訴法第133條規定為「證據或得沒收之物」。而「扣押」指國家為保全證據或可得沒收之物，而對該物暫時占有的強制處分。「可得沒收之物」，則包括違禁物、供犯罪所用、犯罪預備之物或犯罪所生之物，及犯罪所得。,M             
反面理論,行政機關向人民請求返還公法上不當得利時，倘若沒有法律明確授權，能否逕自以行政處分命人民返還，過去學說及實務屢有爭議。反面理論認為，假如法律已授權行政機關以行政處分提供金錢給付，在發生公法上不當得利時，行政機關可以逕自以行政處分命人民返還之。不過，隨著行政程序法第127條第3項之增訂，已賦予行政機關以行政處分命人民返還公法上不當得利之權限，故上述爭議已適度獲得緩解。,A             
限制住居,"解釋一：命令犯罪嫌疑人或被告只能住居於現住所或指定之相當居所，以代替羈押之方法。
解釋二： 將被告（或犯罪嫌疑人）限制在住所不得遷移，另外，限制出境、出海的處分，也是限制住居方法之一，「限制出境」是要求被告應居住在我國領土範圍內，不得出國，「限制出境」與「限制住居」名稱雖有不同，但仍屬「限制住居」的處分。",M             
聚眾賭博罪,聚眾賭博罪規定於刑法第268條，行為人為了獲取不法的利益，聚集不特定多數人從事賭博行為，即構成本罪。,M             
代金,「代金」是一種涉及法律義務的特別公課，此種特別公課是國家於法律設定一定之義務，當義務人未履行義務時，對其課徵金錢，用以挹注處理相關問題之費用支出。此種特別公課並非行政罰，所以只要符合法律規定的構成要件，不論義務人對於未履行義務是否有故意或過失，均可課徵。,A             
訴訟行為,構成訴訟程序行為，且足以發生訴訟法上之效果者，例如：被告聲請法官迴避的行為。,M             
審理單,指法官為了辦理案件所批示的書面。通常記載日期、預計進行的事項（例如傳喚、通知、指示發函概要、調取文書、證據等）、法官簽名或蓋章，並交由書記官或應處理之人後續辦理。,M             
兩造,雙方,G             
要旨,重要的意思、理由。,F             
在途期間,"訴訟或相關爭議程序中的當事人，不在法院所在地住居，於計算法定期間（例如：上訴期間、抗告期間）時，應扣除的期間。例如：居住在臺北市的甲向臺北地方法院對居住在臺中市的乙提起返還借款之訴，乙如果敗訴而想要對判決提起上訴，其20日的上訴期間就應該扣除在途期間。也就是乙只要在收到判決後20日+N日（N為在途期間）內起訴，就不會超過上訴期間。
關於「法院訴訟當事人在途期間標準」，請參考[http://jirs.judicial.gov.tw/FLAW/FLAWDAT01.asp?lsid=FL001385|司法院網站]",V             
消費者,指以消費為目的而為交易、使用商品或接受服務之人。,V             
超個人法益,法益是指法律上所保護的重要利益，可大致分為個人法益及超個人法益。個人法益是與個人的生活切身相關的利益，例如生命、身體健康、財產、人身自由、名譽等。所謂超個人法益，是屬於社會大眾或者國家的共同利益，例如國家權力的運作機制與功能或社會生活機制。,M             
殆無疑義,應該沒有可以懷疑得地方,G             
自己責任原則,依司法院釋字第687號解釋意旨，「自己責任原則」係指基於無責任即無處罰之憲法原則，人民僅因自己之刑事違法且有責行為而受刑事處罰，法律不得規定人民為他人之刑事違法行為承擔刑事責任。,M             
理合,「這個道理合於…」的簡寫。,F             
其敗訴部分，其假執行之聲請已失所附麗，應併予駁回,原告請求不被允許部分的假執行聲請沒有理由，應該駁回,G             
給付遲延,債務人在履行期限屆至時，能夠履行而沒有按期履行債務。例如：甲向乙訂製結婚禮服一套，並約定結婚前一日交付，但乙在婚禮結束後才交付，就構成給付遲延。,V             
言詞辯論,言詞辯論是法院對於訴訟事件在判決前必經的程序，法院在這個程序中除了調查證據、訊問證人外，並且讓雙方當事人陳述意見及相互辯論等，來查明事實。,F             
宣示,法院對於訴訟案件發表判決或裁定之程序。,M             
云云,為「據說如此」的意思。,A             
強制起訴,「強制起訴」為實施對檢察官不起訴之國民參與審查制度（檢察審查會）之日本所採的特別制度，亦即對於經檢察官第一次處分不起訴之案件，檢察審查會倘作成「起訴相當」的決議，交由檢察官再行偵查之結果，檢察官仍再度處分不起訴或遲未起訴時，檢察審查會應進行第二階段之審查，倘再次作成「起訴相當」決議，就有強制起訴效力，法院應指定律師，根據該起訴之決議向法院提起公訴。,M             
內亂罪,規定於刑法第100條至第102條，行為人意圖破壞國體，竊據國土或以非法之方法變更國憲，顛覆政府。如以強暴或脅迫方式著手實行犯罪，即構成普通內亂罪；如以暴動方式實行前述犯罪，則構成暴動內亂罪。,M             
通常法院,憲法第77條及第82條分別規定，司法院為國家最高司法機關，掌理民事、刑事、行政訴訟之審判及公務員之懲戒。司法院及各級法院之組織，以法律定之。依前述規定所設立的法院，如地方法院、最高法院、最高行政法院、公務員懲戒委員會等，都是通常法院的一種。,M             
公權力,國家機關行使統治權作用之行為而言，包括運用命令及強制等手段干預人民自由及權利之行為，及提供給付、服務、救濟、照顧等方法，增進公共及社會成員之利益，以達成國家任務之行為（最高法院80年度台上字第525號判決）。,A             
特別要件,以行政訴訟為例，指原告向行政法院提起訴訟時，必須要符合一定的法定起訴要件，才是合法起訴。包括一般要件及特別要件，前者就是不論何種訴訟類型都須具備的要件（如行政法院對該事件須具有審判權），後者就是依該起訴事件所適用的訴訟類型必須另外具備的要件。例如：撤銷訴訟的特別要件是原告所訴請撤銷的行政處分必須仍然存在，如甲因交通違規被裁罰而不服提起行政訴訟時，該裁罰處分必須處於存在的狀態，倘原處分機關已自行撤銷該裁罰處分，則所提起的撤銷訴訟，即因起訴要件不具備，而不合法。,A             
意志自由,人的意思決定自由,M             
上訴不可分原則,單一訴訟，上訴人就敗訴部分合法上訴，無論聲明範圍是否及於不利益判決的全部，都會阻斷全部判決的確定。例如：原告請求被告給付100萬元，第一審判決被告應給付原告80萬元，其餘之訴駁回。被告只就敗訴部分（80萬元）中的50萬元部分不服提起上訴，此時原判決無論關於「命被告給付80萬元」部分或「駁回原告20萬元請求」部分，都會發生阻斷確定的效力。因為被告只就50萬元部分提起上訴以後，仍然可以就當初沒有上訴的30萬元部分擴張上訴聲明；原告也可以就未提起上訴的20萬元部分提起附帶上訴。,V             
行求,指表示提供賄賂或不正利益，以期對方接受之意，相關規定例如公職人員選舉罷免法第99條第1項「對於有投票權之人，行求期約或交付賄賂或其他不正利益，而約其不行使投票權或為一定之行使者，處三年以上十年以下有期徒刑，得併科新臺幣一百萬元以上一千萬元以下罰金。」。,M             
回復原狀,"訴訟法針對遲誤不變期間而設的制度，且須是因不可歸責於自己的原因導致遲誤不變期間。
例如：甲收到臺北高等行政法院判決後，在上訴期間最後2天，甲所在地有颱風及土石流，導致甲未能於上訴期間內將上訴狀送達臺北高等行政法院（法院未停止上班），依照行政訴訟法第91條第1項規定，甲可在災難排除後的20日內（回復原狀期間原則為1個月，但遲誤的不變期間少於1個月的，就按該不變期間相等日數），向臺北高等行政法院聲請回復原狀。又聲請回復原狀應同時補行期間內應為之訴訟行為，也就是甲要同時為上訴的行為。如果法院准許的話，甲的上訴就沒有逾期。",A             
代理權,基於法律規定或本人的授權而取得的一種法律上地位。合法取得代理權的代理人可以代理本人為意思表示及代受意思表示，代理行為的效力，直接及於本人。代理人得代理本人為財產行為（如：簽訂買賣契約、訂定抵押權設定契約等）， 但身分行為（如：結婚、離婚等），原則上必須本人親自為之，不得代理。,V             
期日,法院與當事人及其他訴訟關係人會合、集合在一起為訴訟行為而訂定的時間。例如：為進行言詞辯論程序所訂定的時間稱為言詞辯論期日，為宣示判決所定的時間稱為宣判期日(民事訴訟法第250條、第223條第2項)。,V             
相牽連案件,不同案件之間，可能具有高度關連性 。刑事訴訟法第7條對於何謂相牽連案件規定：有左列情形之一者，為相牽連案件，一、一人犯數罪者，二、數人共犯一罪或數罪者，三、數人同時在同一處所各別犯罪者，四、犯與本罪有關係之藏匿人犯、湮滅證據、偽證、贓物各罪者。例如甲乙丙圍毆丁的傷害案件。,M             
訴訟費用,因訴訟程序支出的費用。由原告或聲請人先行繳納，最後由法院決定這個費用由誰來負擔多少。除了國庫收取的費用外，證人旅費、鑑定費等等，也都屬於訴訟費用。,G             
陳明,陳述說明。敘述清楚。,A             
瑕疵擔保,出賣人對於買受人就買賣標的的瑕疵，應負的法定責任。瑕疵擔保，有權利瑕疵擔保與物的瑕疵擔保二種。前者指出賣人應擔保第三人對於買賣標的物不得主張任何權利，債權或其他權利的出賣人，應擔保其權利確實存在(民法第349條、第350條)；後者指出賣人應擔保買賣標的物具備依通常交易觀念或依當事人意思，所應具有的價值、效用及品質（民法第354條）。,V             
勘驗,以人的五官知覺直接查驗標的物之證據方法。,A             
免議議決,"公務員懲戒委員會(下稱公懲會)依據104年5月20日修正公布前公務員懲戒法規定，所作出的1種議決類型，就是對爭議事項的實際內容作出不予審議的決定。作成免議議決的情形有三：1、同一行政違失行為，已受公懲會的懲戒處分；2、受褫奪公權的宣告，認為本案處分已經沒有必要；3、自行政違失行為終束日起，到移送公懲會之日止，已經超過10年。
例如：公懲會審理公務員甲在5年前有喝花酒、行為不檢的案件，發現甲這個喝花酒行為在2年前就已經被公懲會作出降級處分的議決，所以針對後面的案件，公懲會應作出免議議決。",A             
事證已臻明確,案情已經非常的清楚，證據也很明確。,M             
心証,通常是指「法官的心證」，也就是法官認定事實、取捨證據的過程及結果。,F             
秩序罰,"又稱狹義之行政罰、行政秩序罰，指行政機關為維護行政上的秩序，達成國家行政目的，對於違反行政法上義務者，依法所裁處的罰鍰、沒入、或其他具有裁罰性之不利處分（如限制或禁止行為之處分、剝奪或消滅資格或權利之處分、影響名譽之處分、警告性處分等），目的在於維護行政秩序、及追究違反行政法上義務者的責任。
例如：對道路交通違規者（如闖紅燈），依道路交通管理處罰條例規定所裁處之罰鍰處分。",A             
是以,所以、因此,V             
罪疑唯輕,"解釋一：法官在綜合所有之證據予以總體評價之後，如果仍無法形成確信之心證，即應對被告為有利的認定。 例如：甲、乙兩人不約而同地，同時開槍射擊丙，只有一槍擊中丙之頭部，但無法確定是誰擊中丙，因為無法證明致命的一擊是甲還是乙所致，依照罪疑唯輕的原則，甲乙都應該只成立殺人未遂罪 。
解釋二：又可稱為「罪疑惟輕原則」、「有疑惟利被告原則」或「罪疑惟有利被告」原則，就是說檢察官已經提出證據證明被告的犯罪，但法院對於犯罪事實之存在還有合理懷疑的餘地時，應該認定無罪，不能對之處罰。例如：放在門口的舊紙箱，為拾荒老人所拿，而該舊紙箱看起來極為破舊，法院無法認為仍能使用時，而較有可能是廢棄物時，應為無罪認定。或者檢察官所舉的證據，無法證明被告的嚴重犯罪，只能證明被告較輕微犯罪，則應該作有利於被告的認定。例如：被告手持刀柄進入超商，喝令店員拿出錢財，店員對於被告的行為到底能否抗拒，如法官認為一眼就可以看出是木刀，所以只能認定為恐嚇取財罪，而非不能抗拒的強盜罪。",M             
即有未合,並不符合的意思。,F             
空言否認,沒有依據地否認,G             
參互印證,互相參考以為證明、交叉比對,G             
特留分,"簡單地說，「特留分」就是法律規定應特別保留給各個繼承人的遺產比例，是對繼承人的基本保障。如果有用遺囑分配遺產的情況，那麼繼承人能分配到的遺產比例可能就和法律規定的應繼分不一樣。
因為我國過去有重男輕女的觀念，遺囑中常常把財產都給兒子，不分給女兒，所以目前的法律才有一個「特留分」的規定，不論遺囑怎麼訂，讓每一個繼承人至少都能夠請求法定應繼分二分之一或三分之一的遺產。特留分要自己請求，如果不請求就沒有了。",F             
履約保證金,履約保證金多指在買賣契約或承攬契約中，為防止賣方或承攬人未依約履行，並彌補可能造成買方或定作人經濟損失，約定由賣方、承攬人提供總價款或工程造價一定比例的金額給買方或定作人，作為賣方、承攬人會依契約約定履行之擔保，除提供現金外，亦常見以交付銀行本票、或以定存單設定質押或提供銀行開立之保證金保證書等形式作為履約保證金。當事人多約定於契約履行完畢後一定期間內，如無其他賠償責任，即允許賣方或承攬人取回。,V             
土地徵收,國家因公益需要，興辦國防、交通、公用、水利、公共衛生、環境保護等事業，並評估必要性後，認為需要使用人民的私有土地，且先和土地所有權人協議價購（買賣）或以其他方式取得（例如租用、設定他項權利等），卻不能成立價購協議，也不能用其他方式取得後，依法令規定的程序，所進行以公權力手段取得土地的行政行為。,A             
皆無足認定,都不足以證明,G             
電子卷證,「電子卷證」指經由法院電子掃描作業中心建置，以電子紀錄型態存在之民事、刑事及行政訴訟事件卷證檔案，係為因應法庭數位科技化，提供當事人便捷取得卷證資料之方式。,"M,G           "
中斷時效,因一定的事由阻斷權利隨時間經過而消滅的效果。法律對於權利行使設有期間限制，一般為15年，經過15年後權利歸於消滅，但該期間進行中，如果發生一定事由（例如：債權人起訴、債務人承認債務等，民法第129條參照），期間的計算就可以重新起算。,V             
繼續犯,一種犯罪類型，這種犯罪從開始到結束，必須要經過一段時間。例如行為人把被害人鎖在房間裡面剝奪他的行動自由，在進入房間時這個時候犯罪行為已經成立了，但是必須等到行為人把被害人釋放或被害人自己逃出來，整個犯罪行為才算結束。這種犯罪就叫做繼續犯。,M             
證據方法,我國有法律規定五種之證據方法:物的證據方法:書證、勘驗。人的證據方法:證人、鑑定人、當事人。法條內有規定如何調查方法以及必須遵循之規則。,M             
刑罰權國有化,指國家剝奪人民以武力動用私刑報復犯罪的權利，並將處罰犯罪的刑罰權收歸國有，限於只有國家才能行使處罰人民犯罪之刑罰權，私人不得動用私刑處罰罪犯。,M             
準備書狀,當事人因準備言詞辯論的必要，將其擬在言詞辯論時提出的攻擊或防禦方法，及對於他造的聲明或攻擊防禦方法，先用書狀的方法記載其陳述，而向法院提出並送達於他造的書狀。,V             
心證門檻,心證門檻是指案件經法官調查審理後，認定事實真偽所需要的相信程度。因行政訴訟的目的在於確保國家行政權合法行使，與刑事訴訟是為追訴處罰犯罪不同，所以二者的舉證責任分配法則及心證門檻亦不相同。在刑事訴訟程序，檢察官依偵查所得證據「足認被告有犯罪嫌疑者」才可提起公訴，法院審理後須達到「無合理懷疑的有罪確信」才可認定有罪；而在行政訴訟程序，法院為裁判時，應斟酌全辯論意旨及調查證據的結果，依論理及經驗法則判斷事實的真偽(行政訴訟法第189條第1項參看)，故當行政法院依職權調查審理後，就待證事實如能達到「高度蓋然性」的心證時，就能依據所認定的事實而為裁判。,A             
更新審判,所謂更新審判程序，係指審判程序之重新審理，依直接審理主義與言詞辯論主義精神，案件之審理程序須重新進行之謂，其目的除在保障當事人之訴訟權益外，並使參與審判之法官獲得清晰明確之心證。例如案件審理中，如遇有承辦法官更替，則相關審理程序必須重新進行，以保持法官心證明確。,M             
揆諸,由~(部分)觀之、由~(部分)可見，例如:揆諸被告所駕二十年國產1600cc車輛，在高速公路不可能有超速200公里的情形。,M             
大赦,是赦免的一種，是指由總統對於一般或特定犯罪所為之消滅罪刑宣告及追訴權等法律效果之命令。大赦是國家拋棄刑罰權的表示，一經大赦，視同未犯罪，若案件在偵查中，檢察官應為不起訴之處分；若案件已經繫屬在法院者，則法院應為免訴之判決。,M             
渠,他、他們、其,V             
擄人勒贖罪,為刑法的罪名，規定在刑法第347條第1項，特色是結合恐嚇取財罪與妨害行動自由罪2個罪名。行為人為了獲取不法利益，基於要脅被害人而取得其財產利益的意思，將被害人置於自己實力支配之下，就會構成這個罪名。,M             
婚姻關係,指合法結婚以後，基於互為配偶的身分，所產生對內及對外的法律關係。,F             
囑託訊問,證人所在地不在法院轄區的話，審判長或檢察官可以開拘票請該地的法官、檢察官幫忙訊問證人。這種情形就稱為囑託訊問。,M             
意圖販賣而持有毒品罪,規定在毒品危害防制條例第5條，分別就意圖販賣而持有第一、二、三或四級毒品的行為予以處罰。指的是有獲取利益的意思，而持有毒品的行為。例如，某甲原為自己施用而持有甲基安非他命，嗣後因缺錢花用，出現出售而賺取利益的意思，即構成此罪。,M             
豁免權,一個人因為具有某種身分，所以他所做的行為在法律上不必受到追究。這樣的權利就稱之為豁免權。,M             
行為或不行為義務,行為義務，指行為人有積極從事某種行為的義務，例如：被命令限期自行拆除違建，行為人即有遵期積極拆除違建的義務；反之，不行為義務是指行為人有消極不去從事某種行為的義務，例如：被命令禁止營業，行為人即有消極不從事營業行為的義務。行為人如有違反，倘若違反的是行為義務，而能由他人代替履行者，則得以代履行方法予以強制執行；若違反的是不行為義務，或違反行為義務而不能由他人代替履行者，則得以處怠金方法予以強制執行（請參考行政執行法第28條、第29條規定）。,A             
送達代收人,代為收受訴訟文書之人。,M             
免刑判決,指被告之犯罪行為仍屬違法，但經法院衡量後做出免除其刑的判決。例如小明不滿房客林OO積欠房租，在他房門寫「不要臉」被控公然侮辱，法官考量小明討房租無計可施才犯案，動機可憫恕，雖然仍屬犯罪，但判免刑。,M             
誠信原則,行使權利，履行義務，應依誠實及信用的方法。法院於審判個案時，會斟酌各種情事，公平衡量雙方的利益而決定，使雙方當事人均能獲得公平對待。例如：欠錢10萬元，故意搜集1元硬幣10萬枚償還，因為違反誠信原則，債權人可以拒絕受領。,V             
行政程序法,規定行政機關作成行政處分、締結行政契約、訂定法規命令、行政規則、確定行政計畫、實施行政指導、處理陳情等行為，所應遵循程序的法律。目的是為確保依法行政原則，以保障人民權益，提高行政效能，增進人民對行政的信賴（行政程序法第1、2條）。,A             
傷害致死罪,為刑法的罪名，規定在刑法第277條第2項前段，特色是結合傷害罪與過失致死罪2個罪名。行為人傷害他人身體，因而導致死亡結果，如果行為人實施傷害行為時對於死亡結果的發生，客觀上有預見的可能性，但主觀上沒有預見，就會構成這個罪名。,M             
正當法律程序,"這是憲法的基本原則，其內涵包括：當人民權利受到侵害或限制時，應有救濟的機會和制度，立法者也應該依據涉及的權利種類、限制的強度及範圍、限制人民權利所欲追求的公共利益、決定機關的功能合適性、有無替代程序或可能的程序成本等因素綜合考量，制定相應的法定程序。
例如：對公務人員的免職處分涉及憲法保障人民服公職的權利，應踐行正當法律程序，包括作成處分應經機關內部組成立場公正的委員會決議，處分前應給予受處分人陳述及申辯的機會，處分書應附記理由，並表明救濟方法、期間及受理機關等，設立相關制度予以保障（司法院釋字第491號解釋）。",A             
上級法院,依照行政法院組織法第2條規定，行政法院分為高等行政法院、最高行政法院二級。此外，依照行政訴訟法第3條之1規定，辦理行政訴訟之地方法院行政訴訟庭，亦為行政訴訟法所稱之行政法院。因而，我國就行政訴訟事件，係採取三級二審制。審級制度為訴訟程序之一環，有糾正下級審裁判之功能。依行政法院組織法第12條規定，最高行政法院管轄之事件有不服高等行政法院裁判而上訴或抗告之事件、其他依法律規定由最高行政法院管轄之事件。故對於高等行政法院而言，最高行政法院為高等行政法院之上級法院。,G             
共同正犯,"解釋一：二個以上之行為人，基於共同之行為或決意，各自分擔實施犯罪行為之一部分，在犯罪行為之分工與角色分配之協力合作下，共同完成犯罪。
解釋二：除了少部分複數行為人犯罪的規定外，刑法所規定的犯罪都是以個人犯罪作為前提來制定，而一人犯罪一人擔，犯罪人必須為他的行為負完全責任，自屬當然。但如果兩人以上一起犯罪時，刑法透過共同正犯的規定來處理。刑法第28條規定：「二人以上共同實行犯罪之行為者，皆為正犯。」依此規定，共同正犯之間必須要具備「犯意聯絡」與「行為分擔」。
所謂的犯意聯絡，是指對於犯罪實施的計畫具有共同的認識，且彼此同意犯罪的進行。至於行為分擔則是指犯罪人至少要負擔犯罪行為的一部分。",M             
事實同一,是指數個請求或訴訟的原因事實，在社會生活上可認為具有同一性或一體性。例如：甲竊取乙所有的汽車一輛，乙依所有物返還請求權(民法第767條前段)向法院起訴請求甲返還汽車，之後甲又增加依侵權行為損害賠償請求權(民法第184條第1項前段)請求甲返還汽車，二個請求的原因事實，都是基於甲竊取乙汽車的事實，就是事實同一。,V             
無權占有,沒有合法權利，而占有使用他人的財產。例如：甲未經乙同意，在乙所有土地上建築房屋居住使用，甲就是無權占有。,V             
寄藏贓物罪,刑法第三百四十九條第一項之寄藏贓物，係指他人先持有贓物，行為人之後始為該他人受寄並隱藏贓物，而將該贓物置於自己實力支配之下而言。若行為人僅接收寄存，而沒有藏匿，則與寄藏不相符。至於行為人之寄藏行為是否有償、時間長短以及如何隱藏該贓物，均非所問。,M             
大法官釋憲,大法官解釋憲法之事項，包括：適用憲法發生疑義之事項、法律或命令有無牴觸憲法之事項。中央或地方機關、人民等均可依法定要件與程序聲請釋憲。大法官所為之解釋，有拘束全國各機關及人民之效力；確定終局裁判所適用之法律或命令，或其適用法律、命令所表示之見解，經大法官解釋認為與憲法意旨不符，得作為聲請再審或提起非常上訴之理由。,G             
程序能力,"指可以自己獨立、有效進行法律程序的能力。如果當事人是沒有程序能力的人，為了保護他的權益，法律規定要由法定代理人出面代理。
",F             
行政一體,"行政必須整體考量，雖設官分職以為分工，但為了促進合作，提高效能，最終仍然必須歸屬最高行政首長統籌指揮監督，好讓具有一體性的國家可以有效運作，此即行政一體的概念。
憲法第53條明定行政院為國家最高行政機關，其目的即在於維護行政一體，使所有國家的行政事務，除非憲法有另外的規定，否則都納入以行政院為金字塔頂端的層級式行政體制掌理，經由層級節制，最終並均歸由位階最高的行政院來指揮監督。",A             
一般給付訴訟,一般給付訴訟為行政訴訟類型的1種，指原告基於公法上的法律關係，請求行政法院判決，命中央或地方機關為財產上的給付，或作成行政處分以外其他非財產上給付的訴訟（行政訴訟法第8條）。關於財產上的給付，例如：主管機關已核准人民的生活補助費申請，但實際上卻沒有發放，人民可以提起一般給付訴訟，請求行政法院判命該機關發給生活補助費。關於非財產上的給付，例如：請求地政事務所除去土地所有權狀上的不利註記。,A             
尚難謂非,似乎不是沒有、可說是、(建議避免使用雙重否定用語),G             
衡諸,考量、評定各方面的情況。,A             
期日,指使法律關係發生效力，或喪失法律上效力之時間。期日指不可分及視為不可分之一定時間而言，如2月1日。,M             
因果歷程錯誤,係指行為人主觀上對於犯罪結果發生的想像，與客觀上所發生的歷程不一致的情況。也就是，客觀上發生之結果並未依行為人主觀上所預見之過程出現之情形。例如甲開槍殺乙，以為乙已經死亡而將乙丟入溪中毀滅證據，但事實上乙尚未因中槍而死亡，而係被甲丟入溪中而溺斃。此種行為人主觀上所想像之事實與客觀上現實發生之事實不一致，即係因果歷程錯誤，但結果甲仍係犯殺人罪並無不同者。,M             
事後故意,行為人在著手實施構成要件行為之後所萌生之犯意，並非存在於行為當時的構成要件故意，充其量僅能視情形評價其有無過失。,M             
市地重劃,市地重劃，乃係將一定地區內各宗形勢不整，面積狹小，使用分散之地坵、地塊，加以綜合整理，改善其交通及公共設施，重新規定其地界，而使成為適合經濟使用之宗地，再按交換分合方式，重新分配予原所有權人之一種綜合土地改良措施，為實現都市計畫目標之工具，有促進土地利用加速經濟發展之功能，並為政府取得公共設施保留地之方式，其本質具有高度之公益性(最高行政法院107年度判字第214號判決參照)。,A             
遲延利息,指未依約定的清償日期償還的本金所衍生的利息。也就是說，如果當事人間約定一方應於一定期間支付金錢，但應支付的一方過了約定期間才支付，則對方因晚於約定時間拿到錢，可能會有利息的損失(本來如果依約拿到錢就可以存放銀行，銀行可能支付該筆錢的利息)，因此法律規定被遲延支付的一方，可以請求他方支付於遲延期間依法定利率計算的利息。,G             
生母殺嬰罪,母因不得已之事由，於生產時或甫生產後，殺其子女者，依刑法第274條規定處6月以上5年以下有期徒刑；雖然這也是一種殺人行為，但相較於刑法第271條普通殺人罪法定刑期為「死刑、無期徒刑或10年以上有期徒刑」，是比較輕的處罰規定，這是立法者考量到母親在生產後，心裡承受極大壓力，身心狀況可能較不穩定，所以特別規定予以從輕處罰。,M             
盗窃,一般社會上稱作「偷東西」的行為。,F             
成文的構成要件要素,係指法律明確的把處罰的要件寫在法律條文中。例如竊盜罪為刑法第三百二十條所規定：「意圖為自己或第三人不法之所有，而竊取他人之動產者，為竊盜罪。」「意圖為自己不法之所有」即為竊盜罪的成文構成要件要素。,M             
無瑕疵裁量,行政機關行使裁量權，沒有逾越法定之裁量範圍，並符合法規授權之目的。,A             
教化可能性,對犯下重大犯罪的被告，在經過評估以後，認為仍然有可能以教育的方法來使之改過遷善。,M             
自用住宅用地稅率,土地稅法所稱自用住宅用地，指土地所有權人或其配偶、直系親屬於該地辦竣戶籍登記，且無出租或供營業用之住宅用地（土地稅法第9條）。而自用住宅用地稅率，依同法第17條規定：「（第1項）合於左列規定之自用住宅用地，其地價稅按千分之二計徵：一、都市土地面積未超過三公畝部分。二、非都市土地面積未超過七公畝部分。（第2項）國民住宅及企業或公營事業興建之勞工宿舍，自動工興建或取得土地所有權之日起，其用地之地價稅，適用前項稅率計徵。（第3項）土地所有權人與其配偶及未成年之受扶養親屬，適用第一項自用住宅用地稅率繳納地價稅者，以一處為限。」,A             
遺棄屍體罪,刑法第247條第1項之遺棄屍體罪，必須有遺棄屍體的行為，例如：把屍體移置其他地方，加以遺棄，或消極離開而使屍體置於原地。依刑法規定，損壞、遺棄、汙辱或盜取屍體者，處六月以上五年以下有期徒刑。,M             
傳聞法則,被告以外之人在法院審判外的陳述，因為不是在法庭內為之，與刑事訴訟直接審理及言詞審理不符，原則上不被認為有證據能力，這個原則稱為傳聞法則。但也不是全部傳聞證據都沒有證據能力，我國刑事訴訟法定有數條例外認有證據能力的規定。,M             
猶,還、仍,G             
不起訴,"解釋一：檢察官偵查犯罪後所為不對被告提起公訴而要求法院審理之決定。通常不起訴的原因，是因為被告的犯罪嫌疑不足。
解釋二：檢察官偵查犯罪終結時，認為被告確實有犯罪嫌疑，而且嫌疑達到重大的程度，原則上必須向法院起訴請求對被告可能犯的罪，加以審判。檢察官因為案件不同的狀況，依照刑事訴訟法第252條規定，一定要做出不起訴被告的決定，或者是依照刑事訴訟法第253條及第254條規定，檢察官可以選擇要不要起訴被告。
大致上不起訴可分成絕對不可以起訴被告的情形與可以選擇要不要起訴被告的兩種情形。
不起訴處分確定以後，除非後來發現有新的事實或新的證據，可以證明被告犯罪嫌疑重大，或者案件有刑事訴訟法第420條第1項第1款、第2款、第4款或第5款規定可以再審的情形以外，檢察官不得再對同一個案件提起公訴。",M             
合意,當事人間有一致的意思表示，與私法上的契約相同。例如：合意管轄，就是指當事人對於特定紛爭由某法院為第一審管轄法院有一致的意思表示。（但專屬管轄不得合意）,V             
即無可採,難以採信、不可採信,G             
裁罰,"人民的行為違反行政法上的義務，行政機關為了達成行政目的，對甲施以財產罰或其他種類的行政罰，督促甲將來不要再犯。
例如：甲把自用小客車停放在禁止臨時停車的地方，被交通警察開單告發，經裁決處罰鍰新臺幣900元。這樣由行政機關處罰的行為，即裁罰。",A             
拒絕陳述權,於被告或犯罪嫌疑人的角度觀之，犯罪嫌疑人或是被告在接受偵訊或是在法庭審問時，有拒答問題或保持沉默的權利。從證人角度來看，人民有作證的義務，但若供述的內容對本身不利，則能援用「拒絕證言」拒答，以免吃上偽證官司。「拒絕證言」是為保護證人而設，當證人可能因陳述而入自己於罪，或者陳述不實而受偽證之處罰等，陷入難以抉擇困境時所使用的。例如：甲為殺人案件被告，甲之妻出庭應訊時，為必證明己夫有罪，拒絕陳述。,M             
上訴,受不利益判決的當事人或訴訟關係人，在判決尚未確定前，向上級審法院聲明不服，請求廢棄或變更的方法。,V             
查核屬實,經過調查核對，確認為事實,G             
法定迴避,又稱自行迴避，法官具有法定原因，即應自行迴避參與審判。因刑事訴訟法第17條所規範法定迴避之原因，在客觀事實足認有偏頗之處，難以期待法官以中立第三人之角色公平審判。例如A法官之子因案被訴，為維護審判公平，A依法應迴避該案件之審理。,M             
檢察事務指令權,依照檢察一體之原則，檢察首長有權對於處理檢察相關的事項，指示檢察官具體執行的方式。,M             
矧以,「況且」、「何況」的意思。,F             
拘票,核准司法警察強制被告（犯罪嫌疑人）或證人到一定場所接受法官、檢察官訊問的一種強制處分文書。,M             
刻正,現在正在進行某事。,A             
受任人,於委任契約關係中，依約定同意處理他方所委託事務之人，稱之為受任人；委託處理事務者，則稱為委任人。,V             
送達,"就行政訴訟而言，指法院書記官依照法律所規定的方式，將相關訴訟文書送交給特定的當事人或訴訟關係人，使其知悉文書內容的行為，目的是使應受送達人知道有被送達的這份訴訟文書存在，並且確保其有機會得知文書的內容，否則應受送達人將無從根據文書的內容主張相關的權利義務，屬於正當法律程序的一部分。
例如：將法院判決寄給原告、被告，讓原告、被告知道判決結果對他自己是有利或不利。",A             
債權讓與,債權人將特定債權的全部或一部移轉給受讓人。,V             
起訴,"當檢察官偵查犯罪後，如果認為被告確實有犯罪嫌疑，而且嫌疑達到重大的程度，就向法院請求對被告可能犯的罪，加以審判，這就是起訴。至於起訴不代表法院就是要判被告有罪，起訴的門檻是檢察官認為被告有犯罪嫌疑，且嫌疑重大，這個與法院判決被告有罪，要達到「無合理懷疑」的程度不同。
檢察官起訴時，要向法院提出起訴書。起訴書上應該記載被告的姓名及住所等資料，還有犯罪事實、證據及認為被告犯的是哪一條法律規定。另外，同時要將偵查過程中所取得的證物及筆錄等文書資料（卷宗）一起送到法院。
檢察官起訴後，法院只能就檢察官起訴的被告及起訴的犯罪事實進行審判，不可以對檢察官沒有起訴的人或事實，主動審判，這就是法院的不告不理原則。也就是說，法院審判的範圍限制在起訴書上面所記載的被告及犯罪事實。至於起訴書上記載的法條如果有錯誤的話，法院可以自己變更法條，不受到起訴書的拘束。",M             
不動產,民法上所規定的物，分為動產及不動產。不動產是性質上不能移動，或非經破壞變更不能移動的物，包含土地以及附著於土地上之定著物（如：輕便軌道、房屋等）；另外不動產之出產物未分離者（如：未與土地分離之樹木），為該不動產之構成部分。,V             
破產財團,依破產程序分配於破產債權人之破產人財產總稱。除專屬於破產人本身之權利及禁止扣押之財產外，凡破產宣告時屬於破產人之一切財產，與將來行使之財產請求權，及破產宣告後，破產終結前，破產人所取得之財產，均屬之（破產法第82條）。,V             
行政執行機關,可以進行行政強制執行的行政機關，根據行政執行法第4條第1項規定，行政執行原則上由原處分機關或該管行政機關為之，但如果屬於金錢給付義務的強制執行，則應移送法務部行政執行署所屬行政執行處（現改制為分署）執行。,A             
僭行公務員職權罪,刑法第158條之僭行公務員職權罪，指行為人無此職權，卻冒充公務員而僭越行使其職權。例如：詐欺集團成員佯稱書記官向被害人收取款項，因書記官依法無向人民收取款項之職務，自無由使人假冒官銜以行使之餘地，是其所為，僅犯刑法第159 條之冒充公務員服章官銜罪。,M             
故意與行為同時存在原則,指行為人著手實行構成要件行為時，同時應存在故意，才會成立故意犯罪。換句話說，縱使行為人在事前、事後存在故意，而未在著手實行不法行為時具備故意的話，也不符合「故意與行為同時存在原則」。,M             
扣除額,"扣除額是申報個人綜合所得稅時，為計算綜合所得淨額（稅基）的減項，又分為「一般扣除額」及「特別扣除額」。一般扣除額又可分為「標準扣除額」（固定金額）及「列舉扣除額」，由納稅義務人申報時選擇其中一種來減除，「列舉扣除額」及「特別扣除額」的項目及金額上限是法定的，分別規定於所得稅法第17條規定。另財政部公告109年度綜合所得稅標準扣除額、薪資所得特別扣除額及身心障礙特別扣除額分別如下：一、標準扣除額：單身者扣除120,000元；有配偶者扣除240,000元。二、薪資所得特別扣除額：每人每年扣除數額以200,000元為限。三、身心障礙特別扣除額：每人每年扣除200,000元。",A             
連續犯,連續犯是指行為人基於同一的或者概括的犯罪故意，連續實施性質相同的數個行為，且彼此之間具有關連性，而觸犯同一罪名。例如持槍連續殺人，連續多次販賣毒品等。刑法連續犯之規定已於95年7月1日刪除。,M             
拍定價額,請詳見有關「拍定金額」之解釋。,V             
團股,請參考「馨股」的解釋。,F             
所得稅,以納稅義務人的所得額為課稅對象的各種稅收的統稱。依據所得稅法第1條之規定，所得稅分為綜合所得稅及營利事業所得稅。,A             
國防以外秘密,指文書、圖畫、消息或物品等與國家政務或事務上具有利害關係而應保守之秘密者而言。個人之車籍、戶籍、口卡、前科、通緝、勞保等資料及入出境紀錄或涉個人隱私或攸關國家之政務或事務，均屬應秘密之資料，公務員有保守秘密之義務。,M             
106年度調家訴字第3號,請參考「106年度家訴字第831號」的解釋。,F             
訴訟關係,具體之刑事案件，經過起訴而法院受理之後，法院與當事人間都受到刑事訴訟法之規範，所產生之權利義務關係，就稱為訴訟關係。,M             
計畫遵行請求權,"具有法律拘束力的行政計畫，受計畫所影響的相對人有權要求行政機關必須遵守計畫及貫徹執行，並應排除違反計畫的行政措施的作成。
例如：都市計畫是具有法律拘束力的行政計畫，依照都市計畫法規定，建築主管機關不可在住宅區核准建造工廠，如果有該情況發生，學理上有認為該住宅區內的人民，可基於計畫遵行請求權，要求建築主管機關不予核發建造許可（若主管機關仍核發建造許可，能否救濟及如何救濟，則應依相關行政救濟之法律規定為之）。",A             
行政處分之附款,"行政處分是行政機關對特定具體事件所進行的規制。而某行政處分除了主要的規制外，另外定有「附加規定」，對該主要規制進行補充或限制時，該附加規定即行政處分的附款。根據行政程序法第93條第2項規定，附款有「期限」、「條件」、「負擔」、「廢止保留」、及「負擔保留」5種。
例如：主管機關發給的營業許可附有應設置停車場的條件，此時該營業許可便須在處分相對人完成設置停車場的附加條件後才會發生效力。",A             
如前在卷,都在卷宗內,G             
持有,把物品放在自己保管、支配的狀態中。,F             
贍養費,"依照目前的法律規定，在法院「判決」離婚的情形下，如果無過失的一方因為離婚導致生活困難，可以向對方請求贍養費。
如果是當事人自行協議離婚（含調解離婚、和解離婚）的話，除非當事人之間有協議給贍養費，否則依照目前的法律規定，是沒有贍養費請求權的。
",F             
行政計畫,依行政程序法第163條規定，行政計畫是指行政機關為將來一定期限內達成特定之目的或實現一定之構想，事前就達成該目的或實現該構想有關之方法、步驟或措施等所為之設計與規劃。,A             
抵押物,債務人或第三人為了確保債務的清償，而提供債權人設定抵押權之不動產、動產、物權、航空器、船舶（民法第860條、第881條之1第1項、第882條、動產擔保交易法第4條、海商法第33、34條、民用航空法第19條參照）等物。當債務人於清償期屆至仍未清償時，債權人可就該物進行拍賣 （稱為實行抵押權），並以賣得價金優先於普通債權人受償。例如：甲向乙借款100萬元，乙為確保該債權獲得實現，要求甲以其弟丙所有之A屋一棟設定抵押權給乙，將來若甲屆期未清償時，乙於取得執行名義後，就可以聲請強制執行，將A屋拍賣，並以所得價金優先受償，A屋就是抵押物。,V             
土地使用分區,政府將土地劃分成不同類型之使用分區，並規定各分區類型的允許用途。例如依都市計畫法，政府得將土地劃定成住宅區、商業區、工業區、特定專用區等使用區，並限制其用途。,A             
三階層理論,關於犯罪成立的檢驗結構，目前比較多數的看法認為，可分成構成要件該當性、違法性、有責性（罪責）三個階層。檢驗犯罪是否成立時，必須三個階層皆通過審查，才能成立犯罪。,M             
審判權衝突,法院受理案件的權限發生衝突，以普通法院與行政法院為例，如果兩個法院都認為自己有受理某一案件的權限，則稱為積極衝突；如果兩個法院都認為自己沒有受理某一案件的權限，則稱為消極衝突。審判權衝突的解決方式，可參考行政訴訟法第12條之2的規定。,A             
刑事處遇,任何有計畫減少被告再次犯罪的干預措施。,M             
受刑人,受刑人又稱囚犯或犯人，一般指經法院刑事判決確定而被囚禁監獄的人。至於法院判決確定前的羈押、收容、安置在「看守所」、「少年觀護所」等矯正機關之人，稱為被告(少年)或被收容人。,M             
自動履行,關於金錢請求權的強制執行，執行法院會先對債務人發執行命令，促其於30日內依照執行名義自動履行或將金錢支付執行法院轉給債權人（強制執行法第122條之2參照）。自動履行就是債務人自行依照執行名義內容履行義務。,A             
本證,本證乃為證明被告犯罪事實之證據，又稱為攻擊證據或積極證據。在當事人進行主義之下，應由原告負證明被告犯罪之舉證責任，即檢察官應提出證明被告犯罪事實之證據，即為本證。例如：檢察官所提出證明被告有殺人犯罪事實之證據，如目擊證人甲，通常即為積極證據或本證。,M             
限制出海,指國家機關依據法律規定，對特定自然人採取禁止其出海的強制處分措施。縱未離開國境，例如搭船去澎湖、金門等出海行為，亦在禁止之列。,"F,M           "
自然人,"出生而存在於自然界的人類。
例如：有血有肉的一般人。",A             
訴追,是指對犯罪嫌疑人提出告訴（公訴、自訴）、追究其刑事犯罪責任。,M             
賭博罪,指表示提供賄賂或不正利益，以期對方接受之意，相關規定例如公職人員選舉罷免法第99條第1項「對於有投票權之人，行求期約或交付賄賂或其他不正利益，而約其不行使投票權或為一定之行使者，處三年以上十年以下有期徒刑，得併科新臺幣一百萬元以上一千萬元以下罰金。」。,M             
行政罰法,針對人民違反行政法上義務，而受罰鍰、沒入或其他種類行政罰的處罰時，所制定適用於各類處罰事件之共通規定的法律，目的是讓行政罰的解釋與適用有一定的規定可以遵循。,A             
合有未核,應為「核有未合」之誤寫，意指審查有不相符之處。,A             
不另無罪之諭知,不能證明被告犯罪或其行為不罰時，在單純一罪或數罪併罰案件，會以判決主文宣示無罪；倘為實質上或裁判上一罪，法院認一部成立犯罪，其他被訴部分不能證明犯罪時，僅能於主文諭知有罪，並於理由內說明他部因屬實質上或裁判上一罪，故不另為無罪諭知。,M             
執行費,"因強制執行直接產生的費用，包括聲請強制執行費用、參與分配費用及其他必要費用等。債權人聲請強制執行，原則上應先繳納執行費，將來可以從債務人的執行財產優先受清償（強制執行法第28條）。
有關強制執行費的徵收標準(強制執行法第28條之2)，請參考[http://www.judicial.gov.tw/assist/assist04.asp|司法院]。",V             
陰謀犯,兩人以上，互為犯意表示，共同協議計謀實施犯罪而言，故必須有兩人以上，彼此均有犯意的表示與謀議，才是陰謀犯。,M             
失敗未遂,指依行為人依其主觀認知，誤認其所採行的方法在客觀上不再可能實現結果，或繼續犯罪已喪失其意義，故而自行決定停止犯罪行為。,M             
再開辯論,指刑事訴訟辯論終結後，法院發現卷內事證漏未調查，或認為尚有其他事證應該調查，或者被告與被害人達成和解，而影響本案的量刑等情形，為使本案事實認定或量刑更加妥適，而裁定再行開啟辯論程序。,M             
收養,收養是透過一定的法律程序，把別人的孩子當成自己的孩子，需要經過法院認可才有效。一旦收養了，養父母與養子女間的法律關係就和親生子女一樣。,F             
予以,給予的意思。,G             
歸責原則,"錯誤、損害或是罪刑要歸給誰來負責。
例如：國家賠償法第2條規定的賠償責任，是以公務員執行職務行使公權力時，因故意或過失不法侵害人民自由或權利為要件，所以是以公務員執行職務行使公權力時有故意或過失作為歸責原則。也就是必須執行職務行使公權力的公務員有故意或過失的歸責事由，國家才會對因此發生的損害，有應當負賠償責任的情形。",A             
認諾,"原告起訴後，被告向法官表示完全同意原告的請求，不保留任何抗辯，就叫作「認諾」。在被告認諾訴訟標的的情形下，原則上法院一定要判被告敗訴。
但是法律也有規定在某些訴訟中，被告不得認諾訴訟標的，比方說有關身分關係的訴訟。
",F             
要非,「並不是」的意思。,F             
行政管制,為完成行政目的，所為的不利處分。不以制裁為目的，性質上屬於依法課與相對人義務的權力作用。行政管制侵害人民的權利，屬於干涉行政，必須有法律的依據。此外，行政管制雖是不利的處分，但不是「裁罰性不利處分」，所以不適用行政罰法的各項規定。,A             
土地複丈成果圖,土地因分割、合併、鑑界等原因，得申請土地複丈，複丈完竣後，應發給申請人土地複丈成果圖。以鑑界複丈為例，鑑定土地界址時，複丈人員應先實地測定所需鑑定之界址點位置，協助申請人埋設界標，並應於土地複丈圖上註明界標名稱、編列界址號數及註明關係位置，其鑑定界址結果，地政事務所應核發土地複丈成果圖。,A             
犯罪客體,是指行為所侵害或攻擊的具體對象，包括被害人或被害客體。被害人係指直接被侵害者而言，包括自然人及法人。被害客體是指法益之被損害者，法益為法律上保護之利益，不必限於權利，凡一切法益，皆得為犯罪目的物，例如：生命、身體、名譽等。,M             
少調字第733號,請參考「106年度家訴字第831號」的解釋。,F             
處分通知書,行政處分是行政機關就公法上具體事件對外直接發生法律效果的單方行政行為。行政處分要對外通知或送達才會發生效力。處分通知書就是一種以書面方式通知或送達行政處分的文書，如其內容符合上述行政處分的要件，該處分通知書即是行政處分。,V             
詐害債權,債務人的財產是其全體債權人實現債權內容的總擔保，因此，在債務清償前，債務人如積極減少財產(如贈與財產) 或消極增加債務(如設定抵押債務)，造成債權無法或難以實現，損害債權人的債權時，該等行為即屬詐害債權行為。債權人基於保全債權獲得清償的目的，可向法院聲請撤銷債務人的詐害債權行為，回復債務人原有的財產狀態（民法第244條規定參照）。,"M,V           "
扶養義務人,指有扶養能力而應向扶養權利人盡扶養義務的人。民法規定負扶養義務者有數人時，應履行義務的順序為：(一)直系血親卑親屬、(二)直系血親尊親屬、(三)家長、(四)兄弟姊妹、(五)家屬、(六)子婦、女婿、(七)夫妻之父母。另夫妻負扶養義務的順序與直系血親卑親屬同。例如：甲有受扶養的必要，他的配偶、子女、父母、兄弟都有扶養的能力，則配偶及子女應優先盡扶養的義務。,F             
當然錯誤,"行政機關基於法定職權，並為協助下級機關或屬官統一解釋法令，得以解釋函令針對法規有疑義的部分作成解釋。然而針對同一法規條文的解釋內容，偶爾會有變動的情形，在前、後解釋內容有不一致時，並不表示前解釋函令所為的解釋當然錯誤。如果在後解釋函令發布前，依前解釋函令所作成的行政處分已經確定，除前解釋函令確實有違法的情形外，該已確定的行政處分並不受後解釋函令的影響，以維持法律秩序的安定(司法院釋字第287號解釋意旨參照) 。
","A,G           "
復,又,G             
控訴原則,即法院不告不理原則。法院審理的對象及標的，以檢察官起訴的被告及犯罪事實為限，不得對未經起訴之被告及犯罪事實進行審判。控訴制度下，由檢察官負責偵查並追訴犯罪，在法庭上負擔起證明被告犯罪的責任，審判者即法官不再涉入案件的偵查與訴追，而只負責審理檢察官起訴的案件，並且根據法庭上檢、辯雙方辯論結果作成判斷。在我國，隨著從歐洲引進的現代檢察官制度，使刑事審判從「糾問式的審理構造」中解放，走向有：職司審判的法官、負責控告追訴犯罪的檢察官，及為自己利益辯護的被告（與他的辯護人）並立的三面訴訟關係。在刑事訴訟法，這樣的三面關係是維持公平審判的重要基本制度。此原則明定於刑事訴訟法第266條：「起訴之效力，不及於檢察官所指被告以外之人。」及第268條：「法院不得就未經起訴之犯罪審判。」在控訴原則下，得以確保法院立於公正客觀之地位聽審，防止法院身兼犯罪追訴者與審判者雙重身分的糾問審理下，而有對被告不利的預斷。,M             
資為抗辯,作為抗辯的說明、作為答辯的理由,G             
實質確定力,又稱為既判力，指判決確定後，判決主文判斷過的權利義務關係，對於當事人及法院所發生的拘束效力，除透過再審程序廢棄原確定判決外，當事人間不能針對主文已經判斷過的事項，在另案為不同的主張，法院也不能作成相反的判斷。,V             
法律意見書,行政訴訟法第162條規定，行政法院認有必要時，得就訴訟事件的專業法律問題，徵詢從事該學術研究的人（行政法院組織法第15條之8、法院組織法第7條之4亦有類似規定）。專家學者就專業法律問題以書面提出其法律上的意見，該書面即屬法律意見書。,A             
究無不合,終究是沒有不符合（或不合理）。,G             
訴追條件,檢察官或自訴人向法院起訴時，必須具備的條件，稱為訴追條件（例如，告訴乃論之罪的情形，告訴人依法提出告訴）。如果沒有具備訴追條件而起訴的話，法院應該為不受理判決。,M             
客體錯誤,客體錯誤就是指行為人原本想要針對的人、事、物因為陰錯陽差而變成不同的對象。例如甲誤認乙為丙而殺之。,M             
足憑,足以佐證、足以證明,G             
緊急命令,依中華民國憲法增修條文第2條第3項規定，緊急命令是總統為應付緊急危難或重大變故，直接依憲法授權所發布，具有暫時替代或變更法律效力的命令，例如總統為因應國家發生921大地震的處置急需，而於88年9月25日發布緊急命令。因緊急命令是對立法部門制定法律、行政部門負責執行法律的憲法原則，所定的特別例外，依司法院釋字第543號解釋意旨，應以不得再授權為補充規定即可逕予執行為原則，內容應力求詳盡而周延。立法院就緊急命令行使追認權，只可以就其當否為決議，不得逕予變更其內容，如果認為部分內容不當，但其餘部分對於緊急命令的整體應變措施並無影響而有必要時，得為部分追認。,A             
非法經營銀行業務罪,銀行是高度管制的特許行業，為保障存款人權益及國家金融秩序，銀行法第29條規定，非銀行不得經營收受存款、辦理匯兌等業務。如果違反，依第125條規定，處三年以上十年以下有期徒刑。如犯罪所得達一億元，可處七年以上有期徒刑。,M             
廢棄改判部分,審理民事或家事事件的上級審法院，把下級審法院判決或裁定不適當的部分廢除，另外針對廢除的部分做成新的結論的意思。,F             
犯罪所得,因為違法行為所得、其變得之物或財產上利益及其孳息。如貪污犯收受之賄款、竊盜犯變賣贓物所得之金錢。,M             
致令不堪用,為刑法或特別刑法所規定的犯罪構成要件要素。例如，最常被提到的刑法第三百五十四條毀損罪所規定的「致令不堪用」，是指除同條的「毀棄」、「損壞」等兩種行為態樣以外，以其他方法使他人之物品喪失效用的意思。,M             
不正方法,刑法或刑事訴訟法所稱之「不正方法」，是泛指一切不正當之方法，至於個案中之判斷，則視各該規定之規範目的而定。例如刑法第339條之1第1項：「意圖為自己或第三人不法之所有，以不正方法由收費設備取得他人之物者，處一年以下有期徒刑、拘役或十萬元以下罰金。」所稱「不正方法」，是指違反正常收費流程，未實際支付應付之對價而取得物品而言；又刑事訴訟法第156條第1項：「被告之自白，非出於強暴、脅迫、利誘、詐欺、疲勞訊問、違法羈押或其他不正之方法，且與事實相符者，得為證據。」所稱「不正之方法」，是指一切類似於強暴、脅迫、利誘、詐欺、疲勞訊問或違法羈押，而侵害被告自白任意性之方法而言。,M             
訓示規定,法律規定的要件實現時，原則上要依該依法律規定的效果處理，但該規定如果屬於訓示規定時，則例外授權主管機關有一定的裁量空間，可以基於特別的理由不依規定的效果，而是依規定的立法精神來處理。,A             
上開,前述、上述,V             
合先敘明,首先就此部分為說明。,A             
收養之認可,指收養子女應向法院聲請認可。因我國社會素有養女問題存在，養女受虐、遭歧視或被販賣為娼的事經常發生，為杜絕弊害，有由國家機關積極干涉與統制的必要，故民國74年修正的民法即規定收養子女應聲請法院認可，法院不僅須就形式，且須就實質加以審查，未經法院認可，縱令已作成書面，也不能成立收養關係。,F             
合法通知,通常是指法院對於當事人、關係人的通知，如果通知的對象、時間、地點、格式等等，都符合法律的規定，就會發生一定的法律上效果。,F             
觀察勒戒,施用毒品者具有病患性犯人的特質，想要徹底戒除其毒癮，光靠生理治療（即將其隔離在勒戒處所，並治療其身癮發作時之戒斷症狀）是不夠的。在解除其身癮後，尚須透過心理治療（例如：個別、團體諮商），以增進戒癮動機、維持戒癮技巧，消除其對毒品的心理依賴。,M             
通姦,「通姦」是指有婚姻關係的人，與婚姻關係以外的人，雙方自願發生性器接合的行為。,F             
行政管理職權,"對機關運作擁有行政上的管理權限。
例如：兼任學校行政職務的教師，因被賦予行政管理職權，與全職行使公權力的公務員都有受特別規範的必要，依司法院釋字第308號解釋，該教師也適用公務員服務法。",A             
聲請停止強制執行,強制執行程序開始後，有回復原狀之聲請，或提起再審或異議之訴，或對於和解為繼續審判之請求，或提起宣告調解無效之訴、撤銷調解之訴，或對於許可強制執行之裁定提起抗告時，債務人或第三人得聲請法院定相當並確實之擔保，為停止強制執行之裁定（強制執行法第18條第2項、強制執行須知第6點第3項）。,V             
選任辯護人,被告自己選擇要請哪個律師幫忙打官司。,M             
致使不能抗拒,"刑法強盜罪所規定之「至使不能抗拒」，係指行為人所施以被害人之強暴、脅迫，足以壓抑被害人之抗拒，使其喪失意思自由，或使被害人身體上或精神上處於不能抗拒之狀態。
而是否已達「至使不能抗拒」程度，學說有不同見解。分述如下：
（一）一般標準說：即應依行為人之強制手段是否足以使一般人達到不能抗拒為準。
（二）被害人標準說：依照行為人之手段是否使個案中之被害人達到不能抗拒為判斷。
（三）折衷說：主張原則上應依客觀之標準加以判斷，但應考量被害人主觀之情事。
實務上採折衷說，指行為人之強制行為，就當時之具體事實予以客觀之判斷，足使被害人身體上或精神上達於不能或顯難抗拒之程度。所謂就當時之具體事實予以客觀之判斷，應以通常人之心理狀態為標準，綜合考量被害人（如年齡、性別、體能等）、行為人（如行為人體魄、人數、穿著與儀態、有無使用兇器、使用兇器種類等）以及行為情況（如犯行之時間、場所等）等各種具體事實之情況，倘行為人所施之強制行為依一般人在同一情況下，其意思自由因此受到壓抑，即應論以強盜罪。至於被害人實際上有無抗拒行為，與本罪成立不生影響。",M             
特種貨物及勞務稅條例,法律名稱。「特種貨物及勞務稅」即俗稱「奢侈稅」，鑑於部分地區房價不合理飆漲，且高額消費帶動物價上漲引發民眾負面感受，為促進租稅公平，健全房屋市場及營造優質租稅環境，以符合社會期待，故對不動產短期交易、高額消費貨物及勞務，自100年6月起課徵特種貨物及勞務稅。於104年6月，因實施房地交易所得合一實價課徵所得稅制度，故配合停止課徵銷售房屋、土地之特種貨物及勞務稅。,A             
准予備查,法院函文上寫「准予備查」，是指法院審核當事人提出的資料，符合法律規定的形式上條件之後，通知當事人准許把當事人提出的資料存檔，可供將來作為查驗的意思。,F             
旨揭,這個、此，表示主旨所揭示的行動、要求或計畫。,G             
社會國原則,社會國原則是指國家有義務消除人民經濟上及社會地位的不平等，並保障個人能夠享有符合人性尊嚴的最低生存條件，以建立公平、正義的社會秩序。,A             
兩稅合一,"關於公司所得的課徵稅捐，有2種類型：
1、獨立課稅制：認為公司是有獨立納稅能力的課稅主體，公司的營業所得課徵「營利事業所得稅」後，將盈餘分配給股東時，針對自然人股東受分配的股利所得須再課徵股東的「綜合所得稅」，兩稅分別獨立，並無關聯。
2、合併課稅制：為消除股利的重複課稅問題，理論上以公司為法律的虛擬體，不具獨立納稅能力，只是作為將盈餘傳送給股東的導管的論點出發，認為公司階段的所得與股東階段的股利，只能擇一課徵1次所得稅，不能重複課徵，此即「兩稅合一」。",A             
自始客觀不能,"「自始不能」的一種類型，是指標的物在債之關係成立時，就無法給付，而且任何人皆不能給付。例如：甲、乙於100年12月10日簽訂買賣契約，甲將其名下的Ａ屋出售給乙，但實際上Ａ屋早在100年11月10日就因為地震倒塌而無法交屋。由於甲、乙締約時A屋早已因地震倒塌，所以甲一開始就無法交A屋是「自始不能」，而且除了甲不能完成交付以外，也無人能夠完成交付，所以是「自始客觀不能」。
",V             
抵銷抗辯,被告在訴訟上主張對原告有債權，而以該債權與原告對被告的債權相互抵銷作為抗辯的方法。例如：甲主張乙向其借款300萬元至今未還，請求乙清償借款，乙抗辯他另對甲有一筆已經到期的500萬元的貨款債權，甲也至今未付，二者相互抵銷結果，甲對乙不能為任何請求。一旦法院判決認定乙的抵銷抗辯有理由並確定，該判決在乙抵銷的額度內，具有既判力（民事訴訟法第400條第2項），甲日後不得就該抵銷的300萬元借款部分再向乙請求，法院也不能做相反的認定。,V             
適,剛好,G             
扣押命令,債權人聲請執行法院就債務人對於第三人的金錢債權（例如：租金、工程款、貨款等）強制執行時，由執行法院核發的一種執行命令，目的在於禁止債務人收取或處分該對於第三人的債權，並且禁止第三人向債務人清償。例如：甲積欠乙50萬元的債務，甲到期無法還款，乙獲得勝訴確定判決後，向法院聲請強制執行。此時，乙聲請法院對甲在丙銀行中的存款50萬元強制執行，執行法院就會對丙銀行核發「扣押命令」，禁止甲提領該50萬元，同時禁止丙銀行支付50萬元給甲。,V             
老百姓,民眾,G             
訴外裁判,法院對未經起訴或上訴之事項，或起訴、上訴效力所不及之事項所為的裁判,M             
聲請訴訟救助,當事人提起訴訟時，依法要先繳納裁判費，或在訴訟進行中如有聲請調查證據的必要，也要交調查證據的費用，如果不繳費，法院會裁定駁回起訴、或沒辦法進行證據調查程序。為了避免當事人因為貧困無法繳納這些費用，導致訴訟權利無法獲得保護。法律規定，如果當事人具備一定要件，可以聲請法院准許暫緩繳交這些費用就可先做一定的訴訟行為。這種聲請就是聲請訴訟救助。,A             
上訴權人,上訴權人指的就是有權提起上訴的人，於立法上是限於一定範圍之人，才可以提出上訴。包括固有上訴權人(檢察官、自訴人和被告)、獨立上訴權人(被告之法定代理人或配偶為被告之利益、檢察官對於自訴案件之判決)、代理上訴(原審之代理人或辯護人以被告之名義，為被告之利益提起上訴)。,M             
輔佐人,輔佐人在少年保護事件中的地位與刑事案件中的辯護人類似，但輔佐人的任務比較特別的是，除了要維護少年程序上的權利外，還要協助少年法院促成少年的健全成長。,Y             
訴之追加,"原告起訴後，針對訴訟當事人、訴訟標的或訴之聲明提出新的主張，並與原有的主張合併。
例如：原告提起撤銷訴訟，請求法院判決撤銷訴願決定及原處分，訴訟進行中再主張被告機關應合併給付損害賠償，追加訴之聲明，請求法院判命被告機關應給付新臺幣5萬元的賠償。",A             
限制行為能力,「行為能力」，是可以從事法律活動的資格，所謂「限制行為能力」，則是此項資格受到限制。依照民法第13條第2項規定，滿7歲未滿20歲的未成年人，只有限制行為能力，但也有例外，例如結婚就不再限制行為能力。限制行為能力人的住所，依法律規定要跟他的法代理人（通常是父母）一樣，限制行為能力人從事法律活動，原則上必須得到法定代理人的允許，才會有效。,V             
因果關係中斷,行為與結果間的因果關係因為另有其他條件的介入，導致原有的因果關係中斷。例如：甲持刀殺乙，乙受傷就醫途中遭丙闖紅燈開車撞死，乙死亡的結果與甲的殺人行為間的因果關係，因為丙的行為介入而中斷。,V             
因果關係,事情發生原因與結果之間的關係。,M             
反請求,甲向乙提出一個訴訟或非訟事件的請求（比方說甲告乙離婚），乙在同一個程序中，也對甲提出一個訴訟或非訟事件的請求（比方說乙告甲請求剩餘財產分配），就稱為「反請求」。,F             
公務員便利脫逃罪,規定於刑法第163條第1項：「公務員縱放職務上依法逮捕拘禁之人或便利其脫逃者，處一年以上七年以下有期徒刑。」及第3項：「第一項之未遂犯罰之。」，若所縱放或便利脫逃者非在職務上逮捕拘禁之中，縱係依法逮捕拘禁之人，只能論以第162條之縱放或便利脫逃罪。,M             
本位繼承,是「代位繼承」的對稱，由法定繼承人本人基於本來的繼承順序直接取得被繼承人遺產的繼承，稱為「本位繼承」。例如：被繼承人的子女是被繼承人的本位繼承人。當被繼承人死亡時，如果被繼承人的子女尚生存，則由被繼承人的子女本位繼承被繼承人的遺產。如果被繼承人的子女已經先於被繼承人死亡，其對被繼承人遺產之應繼分，則由孫輩直系血親代位繼承。,F             
容許構成要件錯誤,行為人誤認客觀上存在阻卻違法事由之前提「事實」，但實際上不存在，而實施犯罪構成要件之行為。,M             
顯非可採,顯然不可採信。,G             
單方行政行為,行政機關不受相對人意思的拘束，就可以依它的職權單方作成決定的行政行為，就是單方行政行為。舉例來說，行政處分是行政機關就公法上的具體事件，對人民單方面作成決定，就可以拘束人民直接發生法律效果的一種單方行政行為（行政程序法第92條規定參照）。,A             
控制下交付,"所謂的「控制下交付」，是指在司法機關的監控下，違禁品、贓物或毒品，可以繼續交到貨主手中，藉以追查幕後主要行為人、其他共犯或上下游的集團成員，目的是要等到最後再一舉人贓俱獲，以追捕幕後藏鏡人。
依毒品危害防制條例第32條之1及第32條之2的規定，在跨國性毒品犯罪，於一國或多國主管當局知情或監督控管下，允許貨物中之毒品及人員，運出、通過或運入我國領土，並於毒品及人員通關後，得使用防制毒品散逸及犯罪嫌疑人逃逸之必要方法及作為，直至運送管道及幕後犯嫌出現或犯罪真相顯露，才展開查扣毒品及追捕人犯行動之偵查方式。",M             
危險共同體,"指為了達成特定目的，組織成彼此信賴、互助之團體。如登山團體、潛水團體、探險團體等。

",M             
報酬,行為人於一定或不定期限內為他方服勞務，他方所給付的對價，即屬報酬。報酬的認定，不在於收取之對價其名目究竟為何，而是取決於是否與提供勞務間具有對價關係。實務上，符合勞務對價性的經常性給與，包括薪資、津貼等現金給與，及非現金的各種員工福利，例如有薪假期、醫療保險等，都可認為屬於報酬的範圍。,"A,V           "
繼承人,於他人死亡時，應承受死者（被繼承人）財產上的權利、義務（屬於被繼承人本身者除外）的人。依民法規定，除了被繼承人的配偶以外，其餘被繼承人親屬的繼承順序依序為：一、直系血親卑親屬（例如：子女、孫子女）、二、父母、三、兄弟姊妹、四、祖父母（民法第1138條）。,V             
聲明不服,"對於行政機關作成的訴願決定、行政處分，或法院作成的民、刑事及行政訴訟裁判等，表達不服，並按法定程序尋求救濟。
例如：提起行政訴訟、訴願或提起上訴、抗告、再審等。",A             
相對成交,相對成交指行為人意圖造成集中交易市場某種有價證券交易活絡的表象，連續使用自己或別人名義的複數帳戶，委託券商同時或先後用一定價格，為相反方向的委託賣出或買進，而相互成交的空頭買賣行為（證交法第155 條第1項第5款）。,M             
妨礙性自主罪章,為刑法之罪章名，刑法分則第16章妨害性自主罪章包括刑法第221條強制性交罪、第222條加重強制性交罪、第224條強制猥褻罪、第224條之1加重強制猥褻罪、第225條乘機性交猥褻罪、第226條強制性交猥褻罪之加重結果犯、第226條之1強制性交猥褻等罪之殺人重傷害之結合犯、第227條對於未滿十四歲或十四歲以上未滿十六歲之男女為性交猥褻罪、第228條利用權勢性交或猥褻罪及第229條詐術性交罪。,M             
限制登記,依土地登記規則第136條規定，土地法第78條第8款所稱限制登記，係指限制登記名義人處分其土地權利所為之登記，包括預告登記、查封、假扣押、假處分或破產登記，及其他依法律所為禁止處分之登記。,V             
專利侵害鑑定,專利侵害鑑定之判斷流程，在發明、新型專利侵權是先解釋專利請求項，再解析專利解釋後請求項的技術特徵及被控侵權對象對應之技術內容，分別進行比對判斷；設計專利侵權則是先確定專利權範圍，再就專利之圖式與被控侵權對象對應該圖式之設計內容進行整體比對，判斷是否相同或近似（參考「專利侵權判斷要點」105年版）。,A             
智識程度,指人的智慧才識之程度，此程度通常受人的學經歷所影響。犯罪行為人的智識程度，是刑法所規定法官決定量刑時應予考慮的因素之一。,M             
罪責原則,罪責原則係以人類具有自由與正確判斷合法或非法之能力為基礎，故刑法唯有對於具備決定自由的行為人，加以刑罰之制裁與責難，才有刑法上的意義，即唯有確認行為人在刑法上可責難，而具有罪責之時，始足以引致國家刑罰權的行使，而得對於行為人科處刑罰。,M             
不當詰問,為避免證人或鑑定人之交互詰問程序，出現無秩序、不當的詰問，浪費時間，延滯訴訟程序，甚或導致虛偽陳述，影響真實之發見，下列事項是屬於不當詰問，原則上應予禁止：(一)與本案及因詰問所顯現之事項無關者。(二)以恫嚇、侮辱、利誘、詐欺或其他不正之方法。(三)抽象不明確的詰問。(四)為不合法的誘導。(五)對假設性事項或無證據支持之事實為之。(六)重覆之詰問。(七)要求證人陳述個人意見或推測、評論。(八)恐證言於證人或與其有第一百八十條第一項關係之人之名譽、信用或財產有重大損害。(九)對證人未親身經歷事項或鑑定人未行鑑定事項為之。,M             
本約,「本約」是指相對於「預約」的概念，「預約」是指預定將來成立一定契約的契約。而「本約」就是履行該「預約」而訂立的契約，本約訂立後即具有拘束力，得請求履行本約，於不履行本約時，可請求債務不履行之損害賠償。,V             
異議之訴,強制執行程序開始後，債務人或第三人如果有強制執行法第14條、第14條之1及第15條所規定的情形（例如：債務已經清償完畢、或遭強制執行的財產為第三人所有，不是債務人所有等），就可以提起異議之訴，請求法院撤銷該強制執行程序。,V             
家宅權,"又稱家主權，是指營造物或機關的首長為維持營造物或機關的秩序，對於妨礙營造物或機關運作的非正常利用情形，所為禁止或排除妨害的權限，目的在於避免遭受不當外力干擾而影響公務進行。
例如：公立圖書館的館長，對於非正常利用營造物的閒雜人員禁止進入辦公處所、或請其離開，如有必要，也可請求警察機關介入協助。 ",A             
矧,「況且」、「何況」的意思。,F             
爰,經、因此、所以、於是。,F             
消極之違背職務,"又稱怠於執行職務，指公務員對人民有應作為的義務而不作為，或未於規定期限內辦理。若因此造成人民權利受有損害，可能構成國家賠償責任。
例如：主管機關依法對特定行業的經營應進行設施的檢查或取締，但該管公務員卻怠於取締非法經營業者。",A             
竊佔罪,指刑法第320條第2項所規定的罪名。行為人如果意圖為自己或第三人不法之利益，而破壞他人對於不動產之監督支配狀態時，就可能構成本罪。例如，將他人的不動產視為己有而私行盜賣，或在他人土地上擅蓋房舍等行為，即可能構成竊佔罪。,M             
任免,任免指任用或免去職務。依我國憲法第41條規定，總統有依法任免文武官員之權。另憲法增修條文第6條規定，考試院掌理公務人員任免的法制事項。「公務人員任用法」規範一般公務人員的任用資格與條件等相關事項，至於司法人員、審計人員、主計人員、關務人員、外交領事人員及警察人員的任用，均另以法律規定。又公務人員於任用後，發生公務人員任用法第28條所定情事者，應予免職或依規定辦理退休、資遣。若是任用後才發現其於任用時就有法定情事，則應該撤銷其任用。,A             
正當防衛,"解釋一：正當防衛本身就是一個侵害行為，但法律上之所以容許這樣的侵害行為存在，是因為情況急迫，已經沒有其他可靠的管道可以保護自己或他人的應有利益。也因此，成立正當防衛的要件甚嚴，必須是行為人對於現在不法的侵害，出於防衛自己或他人權利的意思，在客觀上有時間的急迫性，並具備實施反擊予以排除侵害的必要性，而且所要保護的利益與因為反擊行為所侵害的利益之間，也不能過度失衡，而予以實施防衛行為(反擊)者，才能夠成立正當防衛。
解釋二：個人為了保護自己或別人，對於「正在進行中的違法侵害」採取防衛措施，即使損害了侵害者的利益，也不成立犯罪。由於先發動攻擊的人違反法律，刑法不能要求受到別人違法侵害的人，還要容忍這種不利益，而面臨正在進行中的威脅，受攻擊的人也有保護自己的需求。因此，綜合以上的考量，刑法許可受到非法攻擊的人能夠立即以私人力量反擊。例如：小明持刀在捷運上砍人，老李為了保護自己和其他乘客安全，當下立即以長柄傘與小明對峙，因而造成小明臉部劃傷，老李劃傷小明臉部，雖然表面上像是成立傷害罪，但老李可主張正當防衛的例外阻卻違法事由，仍然不會成立犯罪。首先，防衛者必須面對一個「正在發生的違法侵害行為」，如果防衛者面對攻擊者的合法侵害行為，例如警察依法令逮捕被通緝的毒販，雖然警察侵害了毒販的自由，但這是合法行為，毒販有容忍義務，不能主張正當防衛而反擊警察。此外，攻擊者的侵害必須正在進行中，對於還沒開始或已經結束的侵害行為，都不能夠主張正當防衛。其次，防衛者必須採取有效且影響最小的反擊手段，一般稱之為「必要」的手段。最後，當防衛者面對眼前的狀況，必須知道他陷於侵害者的攻擊中，如果防衛者不知道他正受到別人的違法攻擊，依我國實務及多數學說的見解，當然沒有主張正當防衛的空間。
例如甲在公園持棍棒威脅乙給錢，因為甲正在侵害乙的自由和財產，乙可以撿拾路邊石頭丟向甲來保護自己免受侵犯。不過，如果乙在當下給錢了事，而在數天後才在路上遇到甲，回想數天前甲對自己的種種行為，將甲打昏並取走甲身上的錢，這時候因為侵害已經結束，所以乙的行為便不能夠算是正當防衛。",M             
中間程序,一、中間程序，又稱為開啟程序，是屬於德國刑事訴訟法的起訴審查制。依德國刑事訴訟的進程，案件原則上必須先經偵查程序(前程序)，檢察官提起公訴後自動進入中間程序，再經法院裁定准許後才能進入主審程序(審判程序)。由於職司起訴審查任務的中間程序，具有獨立的程序階段，並且剛好介於偵查和審判程序之間，故有中間程序之名。德國中間程序之設，是要監督檢察官恪遵起訴法定原則，避免檢察官將未達法定門檻的案件濫行起訴，且賦予被告另一個機會對抗檢察官的起訴處分，以免案件進入審判程序後，被告為了應付審判程序的訟累，必須付出相當的時間精力，且嚴重影響被告之人身、家庭及名譽。二、為確實促使檢察官負舉證責任及防止其濫行起訴，基於保障人權之立場，允宜慎重起訴，以免被告遭受不必要之訟累，我國刑事訴訟法亦設有起訴審查制度或稱中間審查制度的機制（刑事訴訟法第161條第2項），即檢察官對於起訴之犯罪事實，應負提出證據及說明之實質舉證責任。如果法院於第一次審判期日前，認為檢察官指出之證明方法顯不足認定被告有成立犯罪之可能時，應以裁定定期通知檢察官補正；逾期未補正者，得以裁定駁回起訴。,M             
考績評定,考績評定是機關長官對所屬人員於年度內表現的考核評量，算是機關的管理措施。依公務人員考績法規定，年終考績要以平時考核為依據，平時考核須就受考人的工作、操行、學識、才能等4個面向來打綜合分數，滿分為100分，並分甲（80分以上）、乙（70分以上，不滿80分）、丙（60分以上，不滿70分）、丁（不滿60分）四等，其相對應的獎懲原則如下︰甲等︰晉本俸1級，並給與1個月俸給總額的獎金；乙等︰晉本俸1級，並給與半個月俸給總額的獎金；丙等︰留原俸級；丁等︰免職。,A             
亦殊,亦不相同,G             
普通強盜罪,刑法之罪名，規定於刑法第328條：「意圖為自己或第三人不法之所有，以強暴、脅迫、藥劑、催眠術或他法，至使不能抗拒，而取他人之物或使其交付者，為強盜罪，處五年以上有期徒刑。以前項方法得財產上不法之利益或使第三人得之者，亦同。犯強盜罪因而致人於死者，處死刑、無期徒刑或十年以上有期徒刑；致重傷者，處無期徒刑或七年以上有期徒刑。第一項及第二項之未遂犯罰之。預備犯強盜罪者，處一年以下有期徒刑、拘役或三千元以下罰金。」,M             
擴張解釋,一種解釋法律的方法，其內涵尚未統一，可能指「為了正確適用法律於個案，基於立法目的而逾越文義範圍的解釋（目的性擴張）」；也可能是指「在可能文義範圍內，適用較一般理解更為擴張的解釋」。,A             
難認有理由,為無理由,G             
既了未遂,指犯罪人已經著手實行犯罪，也完成計劃中預計的所有行為，但損害還沒發生，而在犯罪人等待損害的過程中，他突然自願地放棄害人的想法，由於犯罪人已經完成自己的計劃，所以他還必須採取進一步有效的保護行為，藉以阻止損害出現，才能成立中止未遂。,M             
家事事件第167條,凡人受監護宣告後，在法律上就沒有行為能力，影響重大，所以法院在裁定前應該慎重其事，家事事件法第167條因此規定，法官訊問可能受監護宣告之人時，原則上應該在鑑定人面前來訊問，讓鑑定人也能瞭解他的狀況；此外，法官也應該詳細訊問鑑定人有關應受監護宣告之人之精神或心智狀況。,F             
判例,是指法院先前的某一判決具有法律的效力，從而成為以後審判同類案件的依據（故又有稱為判決「先例」者）。,M             
因果關係,"行為與結果間具有原因、結果的關聯性。法學上所稱「相當因果關係」，是以行為人的行為所造成的客觀事實，依經驗法則，通常可能發生同樣損害的結果；如有同一條件存在，卻通常不必然發生此損害結果者，則該條件與結果不相當，即無相當因果關係。
例如：甲借車給乙上班使用，乙駕車撞傷丙。乙駕車撞丙的行為與丙受傷的結果，具相當因果關係，但甲借車給乙上班使用的行為，因為不必然會發生丙受傷的結果，故與丙受傷的結果不具相當因果關係。",A             
第一級毒品,依毒品危害防制條例第2條2項規範之第一級毒品有海洛因、嗎啡、鴉片、古柯鹼及其相類製品。而毒品總共分為四級，分級的依據是根據三個要素綜合評斷 : 成癮性、濫用性、社會危害性。,M             
證據裁判,犯罪事實應依證據認定之，無證據不得認定犯罪事實。,M             
鑑定留置,審判長、受命法官或檢察官為了鑑定被告心神或身體，在必要時，可以依刑事訴訟法第203條第3項之規定，預定7日以下之期間，將被告送到醫院或其他適當的地方留置，以方便實施鑑定。,M             
再社會化,再社會化是一種快速的社會化過程，對於原有的價值、態度和行為，要在很短時間內放棄，並且很快的重新學習一套新的價值觀和行為模式。譬如留學生往往是某一地區或文化體系中學習良好、表現卓越的個體，但是在留學國卻必須重新學習並獲得嶄新的語言、觀念及生活經驗、知識技能等。在留學國的學習經驗可說是一種再社會化的過程。其他如剛剛接受入伍訓練的士兵，剛剛入監服刑的犯人，剛剛進入教會學校就讀的學生等，都要歷經再社會化的訓練過程，學習獲得嶄新的自我觀念和角色地位。,M             
權衡審酌,加以衡量、考慮。,M             
缺席判決,指特定訴訟關係人無正當理由不到庭，法院仍然可以進行審理裁判。比較常見的情形有：第一審的程序，法院認為應科拘役、罰金或應諭知免刑或無罪的案件，被告經合法傳喚，無正當理由不到庭；第二審程序，被告經合法傳喚，無正當理由不到庭。,M             
可佐,可以佐證、可供證明、足以佐證、足以證明,G             
申訴,人民請求權利救濟之管道，於行政救濟領域可見於行政訴訟之前置程序。例如：依政府採購法第 74 條規定：「廠商與機關間關於招標、審標、決標之爭議，得依本章規定提出異議及申訴。」採購申訴審議委員會對申訴所作之審議判斷，依同法第 83 條規定，視同訴願決定，經異議及申訴程序後，得再提起行政訴訟救濟。,G             
傳喚,審判長、受命法官或檢察官命令被告、自訴人或其他訴訟關係人於一定的時間、日期到指定的處所應訊。,M             
死亡宣告,指自然人失蹤達一定期間，可以依利害關係人或檢察官的聲請，由法院以判決宣告視為死亡，而使失蹤人的配偶得以再婚，遺產得以開始繼承，其他法律關係得以終結的制度。其要件包括：(一)須已失蹤；(二)須失蹤狀態繼續一定期間，一般人失蹤期間為7年，80歲以上老年人失蹤期間為3年。特別災難期間1年，因航空器失事，則為6個月；(三)須由利害關係人或檢察官向法院聲請；(四)須經法院依民事訴訟法之公示催告程序。,F             
計畫行政,為達成行政上特定之目的或實現一定之構想，就達成該目的或實現該構想有關之方法、步驟或措施等所為設計與規劃之行政作用。,A             
訴訟能力,指訴訟當事人可以單獨有效進行訴訟的能力。有無訴訟能力在民事訴訟原則上是以有無行為能力為判斷基礎，在刑事訴訟則是以是否具備意思能力來判斷。,G             
同婚,依據司法院釋字第748號解釋，民法有關婚姻章的規定，未讓相同性別的二人，得為了經營彼此共同生活的目的，成立具有親密性及排他性的永久結合關係，在這個範圍內，違反了憲法第22條保障人民婚姻自由及第7條保障人民平等權的意旨。基於上述解釋意旨，108年5月22日制定公布、同年5月24日施行的「司法院釋字第七四八號解釋施行法」第2條明文規定，相同性別的二人，得為了經營共同生活的目的，成立具有親密性及排他性的永久結合關係。,A             
上訴,當事人對於法院的判決有不同意見，向上級審法院提起上訴，就是請求上訴審法院調查、判斷當事人的不同意見，看有沒有道理的意思。,F             
不作為,就是「沒有去做」、「沒有動作」的意思。,F             
得為抗告之人,"可以對法院裁定表示不服提起抗告的人。限於因為法院裁定而受到不利益的人才能提起。例如:證人甲受合法的通知，而無正當理由不到場，法院以裁定處甲5,000元的罰鍰，甲如果對於該裁定不服，則可向法院抗告，此案例中，甲就是得為抗告之人。",V             
扣押,"解釋一：指對動產、不動產或債權等財產所施行的留置或禁止處分等行為。換言之，就是將具體個案可為證據或可以沒收之物，由檢察官或法院因案情需要而強制將持有人占有中的財產予以保管的對物之強制處分。
解釋二：指為保全證據或取得可沒收的物品，暫時保管該物品的強制處分。此外，為保全追徵，必要時可以酌量扣押被告、犯罪嫌疑人或第三人的財產。
扣押的物品，包括「得沒收的物品」與「可作為證據的物品」，前者包括違禁物、供犯罪所用、供犯罪預備、因犯罪所得的物品。後者是指可以證明被告有罪或無罪的物品。",M             
另案,在司法實務上，指稱法院所承辦的系爭案件為「本案」，而法院所承辦本案以外的案件，就是「另案」。例如，另案審理，係指本案以外案件的審理；另案偵查，係指本案以外案件的偵查；另案扣押，係指就本案扣押物以外之物所為的扣押。,M             
尚難憑採,難以採信、不可採信,G             
侵占離本人持有物罪,侵占離本人持有物罪規定於刑法第337條，所謂離本人持有物，是指該物脫離本人持有，並非出於本人的意思而言。對於脫離本人持有的物品，意圖為自己或第三人不法之所有而予以侵占者，即構成犯罪。,M             
不啻,不僅、何止。,A             
失出失入,「失出」是指犯重罪而科輕刑，或應科刑而不科刑；「失入」則指犯輕罪而科重刑，或不應科刑而科刑。二者都是指法院不當量刑的情形。由於法院在法律所定刑度內對犯罪行為人量刑，屬裁量事項，當法院以行為人的責任為基礎，斟酌刑法第57條各款所列情狀酌量科刑，如果沒有違反罪刑相當原則，或有失出失入的不當量刑情形，法院行使量刑的裁量權，即屬合法。,M             
永久性抗辯,可以永久排除請求權人給付（例如：時效抗辯）的抗辯權。相對於此，只能暫時阻止相對人行使權利（例如：同時履行抗辯權）的抗辯權，則稱為暫時性抗辯權。,V             
行政規則,指上級機關對下級機關，或長官對屬官，依其權限或職權為規範機關內部秩序及運作，所為非直接對外發生法規範效力之一般、抽象之規定。包括：關於機關內部之組織、事務之分配、業務處理方式、人事管理等一般性規定；為協助下級機關或屬官統一解釋法令、認定事實、及行使裁量權，而訂頒之解釋性規定及裁量基準。,A             
轉讓毒品罪,規定在毒品危害防制條例第8條，分別對於轉讓第一、二、三或四級毒品的行為予以處罰。轉讓毒品指的是，沒有獲取利益的意思，而將毒品交付他人的行為。例如，某甲將甲基安非他命無償贈送給別人。,M             
差額地價,土地徵收條例第46條規定：「區段徵收土地所有權人應領抵價地面積與實際領回抵價地之面積有所增減時，依下列規定處理：一、實際領回抵價地之面積超過應領之面積者，就其超過部分按評定區段徵收後地價繳納『差額地價』。二、實際領回抵價地之面積小於應領之面積者，就其不足部分按評定區段徵收後地價發給『差額地價』。前項第1款應繳納之『差額地價』，經限期繳納，屆期仍未繳納者，得移送法院強制執行。未繳納『差額地價』之抵價地，不得移轉或設定他項權利」。此外，在市地重劃之情形，如實際分配之土地面積多於應分配之面積者，就超過部分繳納差額地價；實際分配之土地面積少於應分配之面積者，就其不足部分發給差額地價（平均地權條例第60條、第60-1條參照）。 ,A             
並非無疑,難以採信,G             
必要參加,    必要參加，以行政訴訟而言，指訴訟標的對於第三人及當事人之一造必須合一確定者，行政法院應以裁定命該第三人參加訴訟。行政訴訟法第41條規定：「訴訟標的對於第三人及當事人一造必須合一確定者，行政法院應以裁定命該第三人參加訴訟。」命參加裁定送達後，第三人即取得參加人的地位，並為同法第23條規定之訴訟當事人。,A             
即屬無據,沒有依據,G             
虛偽遷徙戶籍投票罪,自己實質上並沒有遷徙的意思，卻單純為在某地投票支持特定候選人，就遷移戶籍，讓自己在該地取得投票權，依刑法第146條第2項規定，可處五年以下有期徒刑。這個罪的目的，是為了防止有人以收買自己支持者遷移戶籍等不正當方法，意圖擾亂選舉的公正性。,M             
法定犯,「法定犯」是與「自然犯」相對稱的概念。法定犯的行為，並不具有違反倫理或道德的本質，而是單純因為違反行政法義務或是違反行政秩序，所以對此行為加以處罰（例如，無正當理由拒絕接受戶口調查，依戶籍法第77條處以罰鍰）。反之，自然犯的行為，則是本質上違反倫理或道德，為社會所不容，所以對此行為加以處罰（例如，刑法第271條規定的殺人罪）。,A             
上訴狀,"訴訟當事人對於不利於自己、尚未確定的下級審法院判決，向上級審法院聲明不服，所提出之書狀，請求廢棄或變更下級審法院的判決。書狀格式可參考http://www.judicial.gov.tw/司法院外網—便民服務—書狀範例。該書狀就是上訴狀。
例如：人民甲（原告）以稅捐稽徵機關為被告向臺北高等行政法院提起行政訴訟，經臺北高等行政法院判決被告敗訴後，被告為了向最高行政法院提起上訴，所提出表明不服臺北高等行政法院判決意旨及理由的書狀，就是上訴狀。",A             
王之行為理論,此乃源於法國立法例，指公權力（王）的行為對契約相對人（人民）加重其履行契約義務所必要的負擔時，公權力應對人民補償，此補償應全面補償，而與人民所增加之負擔均等。,A             
通緝,被告如逃亡或故意隱匿不到庭應訊，此時法院或檢察署即可發出通緝令，以強制手段拘捕被告到庭。             ,M             
證明力,證據證明力，是指證據的證明程度到哪，這是由法官依自由心證加以判斷的。依刑事訴訟法第 155 條，證據之證明力，由法院本於確信自由判斷。但不得違背經驗法則及論理法則。,M             
證據,刑事訴訟上用來確定當事人主張為真實的證明。如傷害案件扣案的木棍或驗傷單。,M             
聲請,向法院申述請求。,G             
收益權,依據法律規定或契約約定，有權收取特定標的物所產生的經濟上利益（例如：在農地上耕種並收取農作物、共有房屋出租給第三人並收取租金等收益） 。,V             
幽靈抗辯,以客觀上沒有辦法查證的事情作為答辯的內容（非訴訟法上正式用語）。例如，被告辯稱，他所出售的贓車，是一個不知姓名及身分的友人所交付。關於車輛從友人而來的這件事情，沒有辦法向該名友人查證。,M             
勾稽,核對的意思。,F             
犯罪同一性,指刑罰權所以發生之原因事實，是屬同一者而言。因此，同一犯罪事實，僅行為之程度不同或實施該行為之過程先後有別，如犯罪之完成於通常情形下，須經過各種不同階段，而各階段之犯罪行為，又均為法律規定應予評價處罰者，即令法律上之規範評價輕重容有不同，於訴訟法上，仍不失其為同一性之犯罪事實。,M             
行政契約,"以行政法的法律關係作為標的，所訂立設定、變更或消滅行政法上權利義務的契約，而訂定行政契約的當事人至少有一方是國家或國家機關。
例如：某國立大學和錄取的公費學生訂立契約，約定學生畢業後必須服務數年，否則必須繳還就讀期間的學費，這份契約即行政契約。",A             
表現自由,表現自由，係指將個人內心的精神活動，以言行或其他可作為傳達的方法表現於外的自由權。例如：憲法第11條保障之言論、講學、著作及出版自由；第12條保障之秘密通訊自由；以及第14條保障之集會及結社自由等，均被認為是人民表現自由權的例示規定。,A             
銓敘,銓定公務人員之任用資格條件，依法敘定其等級俸給。,A             
疲勞訊問禁止,對被告的訊問，如果是在被告身心疲勞的狀況下進行的話，由於被告難以保持自由意志，容易作出與事實不符的陳述，所以被刑事訴訟法明文禁止。,M             
存證信函,"係透過郵局以掛號方式所寄發，且會有一份相同內容的副本留存在郵局，這種信函稱為存證信函。主要可以用來證明發信日期及發信內容的一種證明函件，寄件人可以用它來表明自己的立場，達到意思通知或意思表示的效果，進而保存相關證據。
例如：甲欠乙5千元，甲賴帳避不見面，這時乙可以到郵局購買存證信函紙，或到郵局網站下載一式三份信函格式，寫下相關事由和個人的「意思主張」，第1張由乙保存，第2張由郵局保存，第3張則寄給甲，如有證據（如本票、支票或其他匯款證明）可以一併附上，日後進行訴訟，可以做為證據之用。",A             
善良管理人注意義務,「善良管理人注意義務」是民法上判定過失責任輕重的標準，程度上比普通一般人處理自己事務的注意程度還要再高一點，如果沒有盡到這種程度的注意，以致於發生了損害，就會被認定為有過失，應該負賠償的責任。,F             
衍生證據,「衍生證據」是相對於「原始證據」而言。公務員違法直接取得的證據為「原始證據」，而基於該證據以合法手段取得者為「衍生證據」。例如，違法監聽到犯嫌把殺人兇刀埋藏在山區某處（原始證據，即毒樹），檢警因此開挖取得之兇刀即衍生證據（即果實）。「毒樹果實理論」即探討衍生證據是否具證據之資格。,M             
法律關係,指根據法律規範產生、以主體間權利義務關係的形式表現出來的特殊社會關係。例如：買賣法律關係為民法債篇所規範，出賣人與買受人間交付標的物、價金，或瑕疵擔保、危險分擔等權利義務的關係。再如親子法律關係則係民法親屬篇所規範，父母與子女間保護教養或財產管理等權利義務的關係。,F             
改定子女親權,父母離婚或分居六個月以上，曾經協議或法院酌定子女親權。但日後發現原有的協議不利於未成年子女，或行使親權人未盡保護教養義務或對未成年人有不利情事時，可以請求法院以裁定方式來變更行使親權的人。,F             
業務侵占罪,為刑法之罪名，指對於公務上或因公益所持有之物，或對於業務上所持有之物，意圖為自己或第三人不法之所有，而侵占自己持有他人之物者，成立公務公益侵占罪或業務侵占罪。,M             
倘若,就是「如果」的意思。,F             
公私協力,由於近代國家任務已不僅限於內部秩序的維持，也擴張至整個社會照顧，所以為了節省成本支出，並且提升公共服務效率，行政任務的履行不再限定只能由行政主體獨自完成，私人也可以在一定條件下參與行政任務的履行，這種公私部門合作履行行政任務的概念，就是「公私協力」。,A             
相對之確定力,又稱裁判之形式確定力，形式確定力指的是雙方都無法用「通常聲明不服程序」去救濟的狀態，也就是判決產生了一個確定的外觀：浮動的訴訟狀態因為形式之確定，產生了確定的法律關係，也因此失去了追訴的利益，既無追訴利益，則訴訟關係也於消滅。裁判經確定，當事人對該訴訟客體不得再聲明不服，也就是「裁判不可撤銷性」與終結作用。,M             
債權人,有權利請求特定人給付金錢或物品，或請求特定人做一定的行為或不可以做一定行為的人。例如：甲、乙約定，甲於乙生日時要送一輛腳踏車給乙，乙生日時就可以請求甲送他一輛腳踏車，這時候乙就是債權人，甲就是債務人。,V             
不足採信,不能採信的意思。,F             
106年度婚字第204號慧股,請參考「106年度家訴字第831號」的解釋。,F             
俟,「等」、「等到」的意思。用法常為「俟…，再行…」，意思就是「等到…之後，再做…」。,F             
併辦,同一案件已經檢察官提起公訴，因檢察官之後發現更多與已起訴案件相關的證據資料，促請法院在審理時加以注意、審酌，並不是新的起訴行為。如果法院審理後，認為不是同一案件，或起訴部分不成立犯罪時，就必須將後面併進來的部分退回給檢察官另行處理。,M             
之虞,表示有這樣的可能性。,G             
宣告免為假執行,判決主文有「准原告為假執行」時（參見假執行相關解釋之說明），法院可以依被告聲請或依職權「宣告免為假執行」，避免被告之財產遭受假執行，亦即在執行標的物拍賣、變賣或物之交付前，被告依判決主文所宣告內容，預先向法院提存所提供擔保，就可以不被假執行，以平衡原告與被告間之權益（民事訴訟法第392條）。,V             
土地增值稅,已規定地價之土地，於土地所有權移轉時，應按其土地漲價總數額依累進稅率計算徵收的稅（土地稅法第28條本文、第33條、第34條）。,A             
不得易服社會勞動,依刑法之規定，「因身心健康之關係，執行社會勞動顯有困難者」或「確因不執行所宣告之刑，難收矯正之效或難以維持法秩序者」，不得易服社會勞動。,M             
逕行拘提,沒有先經過傳喚的程序就加以拘提。(刑事訴訟法第76條規定：被告犯罪嫌疑重大，而有左列情形之一者，得不經傳喚逕行拘提：一、無一定之住、居所者。二、逃亡或有事實足認為有逃亡之虞者。三、有事實足認為有湮滅、偽造、變造證據或勾串共犯或證人之虞者。四、所犯為死刑、無期徒刑或最輕本刑為五年以上有期徒刑之罪者。),M             
刑事案件,犯罪嫌疑人或被告因涉及刑事犯罪（例如殺人、傷害、竊盜、妨害名譽、詐欺、洗錢、販毒等），而遭偵查、起訴、審判或執行刑罰的案件。,M             
撤銷緩起訴,被告於緩起訴期間內，有下列情形之一者，如(1)故意更犯有期徒刑以上刑之罪，經檢察官提起公訴；(2)緩起訴前，因故意犯他罪，而在緩起訴期間內受有期徒刑以上刑之宣告者；(3)違背刑事訴訟法第 253條之2第1項各款之應遵守或履行事項，此時檢察官可依職權或依告訴人之聲請撤銷原處分，繼續偵查或直接起訴。檢察官撤銷緩起訴之處分時，被告已履行之部分，不得請求返還或賠償。,M             
尚難非謂,很難不是說，即「就是說」的意思。,F             
假釋撤銷,指受刑人經核准假釋出監後，於假釋期間違反相關規定，經撤銷假釋，應入監執行殘餘刑期。例如：一、假釋中故意犯罪，受有期徒刑以上的宣告（刑法第78條第1項）；二、違反保護管束期間應遵守事項，情節重大（保安處分執行法第74條之2、第74條之3）。,M             
法定代理人,代理人的代理權是根據法律規定而發生者。例如：未成年子女或監護人的法定代理人（民法第1086條第1項、第1098條第1項）、夫妻於日常家務互為代理人（民法第1003條第1項）、公司負責人為公司的法定代理人（公司法第8條）等。,V             
聲明不專用,申請商標註冊的圖樣中，可能會包含說明商品或服務的品質、功能、產地或是廣告標語等事項，由於這些說明性或不具識別性的事項，依法是不可以單獨申請註冊，如果申請人於申請商標註冊時，同意將這些不可以單獨註冊的事項，聲明排除於商標權的保護範圍，將來獲准註冊的商標整體圖樣，就依然可以保留這些說明性、不具識別性的事項。,A             
民用航空法,"為保障飛航安全，健全民航制度，符合國際民用航空標準法則，促進民用航空的發展，國家制定民用航空法，除針對航空器、航空人員、航空站、飛航安全等飛航行政事項予以規範，及明定相關罰責外，並就危害飛航安全及設備等刑事不法行為，以及因航空器失事肇致之損害等相關賠償責任，分別明文加以規定。此外，交通部依據該法第3條規定，設立交通部民用航空局，以管理及輔導民用航空事業。
",A             
懲罰性賠償,為一種特殊的損害賠償，其目的在於制裁行為人的惡性行為，及防止該行為人或他人再度從事相同的惡性行為。我國消費者保護法第51條、金融消費者保護法第11條之3、健康食品管理法第29條，分別設有懲罰性賠償之規定，對於因行為人之過失、重大過失或故意所造成的損害，被害人除得請求加害人賠償其實際所受損害外，另得請求相當於損害額一至五倍不等之懲罰性賠償金。,V             
免職,所謂免職，是指免除公務人員現職，有令公務人員去職的法律效果，屬於重大影響公務人員工作權的人事處分。可參依公務人員任用法第28條由主管機關依法免職，或依公務人員考績法第7條、第8條年終考績考列丁等、第12條一次記二大過，而由主管機關予以免職。（另可參考法官法第42條、陸海空軍軍官士官任職條例第9條規定）。,A             
湮滅證據罪,國家刑罰權的正確實施，除了必須發現真正的犯罪行為人外，也有賴事證蒐集的完備與周妥。如果足以影響他人刑事被告案件事實認定的證據，遭到偽造、變造、湮或隱匿，導致刑事司法權無法正確有效行使，不僅讓真正的犯人逍遙法外，也可能讓無辜之人蒙受冤屈，公平正義將蕩然無存。因此，刑法第165條針對這種妨害司法權正當行使的行為，設有處罰規定。所謂偽造，是指製造虛假的刑事證據；變造，則是指將原本真實的證據加以竄改、變更，導致證據失去或減損它原有的證明力；湮滅是指淹沒、毀滅，使證據不復存在或失去證明效用；隱匿則是指將證據加以隱藏，讓他人無法或不易發現等行為。除此之外，如果使用他人所偽造、變造的證據，則會成立使用偽造或變造證據罪，同樣是會受到刑法第165條規定的處罰。又為了讓國家刑罰權錯誤行使可以及早獲得糾正，如果犯了刑法第165條之罪，而在他人刑事被告案件裁判確定前，向司法機關承認自己有偽造、變造、湮滅、隱匿證據或使用偽造、變造之證據等行為，依法可以減輕或免除其刑。,M             
交易秩序,所謂交易秩序，指一切商品或服務交易之市場經濟秩序，可能涉及研發、生產、銷售與消費等產銷階段，其具體內涵為水平競爭秩序、垂直交易關係中之市場秩序、以及符合公平競爭精神之交易秩序。我國公平交易法的立法目的即在維護交易秩序，使市場供需法則能夠正常的運行，不受人為的不當扭曲，確保公平競爭。,A             
民法第1156條第3項,法條內容請至司法院網站法學檢索系統查詢(民法條文內容，不予解釋)。,F             
證據價值（證明力）,"在訴訟中，當事人爭執某項事實是否存在，各自提出證據來加以證明，經過法院調查證據後，各項證據使法院產生確信的程度。
例如：納稅義務人主張投資某事業而有虧損，但只是提出該事業召開股東會臨時會的通知，雖該召開股東臨時會通知係屬真正，而具有證據能力，但因為該通知內容沒有關於事業虧損的情形，無法認定投資有虧損的事實，所以這份通知對要證明投資有虧損的事實，並沒有證明力。",A             
陪席法官,合議庭中，非審判長的法官就是陪席法官。,M             
諭知不受理,刑案之起訴程序違背規定，或已經提起公訴或自訴之案件，在同一法院重行起訴者，或告訴或請求乃論之罪，未經告訴、請求或其告訴、請求經撤回或已逾告訴期間者，或曾為不起訴處分、撤回起訴或緩起訴期滿未經撤銷，而違背規定再行起訴者，或被告死亡或為被告之法人已不存續，或對於被告無審判權等，法院所表示之不受理判決。,M             
管轄錯誤判決,我國有很多法院，哪一個案件要由哪一個法院審判，法律上有特定的判斷規定，原則上是看犯罪的地點、被告的住居所、案件法律關係或上級法院指定等方式來決定，因此方式法院取得合法審判這個案件的權利，稱之為管轄權。如果法院對於這個案件沒有管轄權，就不能對這個案件審判。所以法院於收到沒有管轄權的案件時，依法應作成管轄錯誤判決，並主動將這個案件移送到有管轄權的法院；但是若這個案件是自訴案件，依法律就不用主動移送到有管轄權之法院。,M             
收容異議,因應司法院釋字第708號及第710號解釋要求應給與受收容之外籍人士及大陸地區人民，對暫予收容處分有立即聲請法院迅速審查的救濟機會，不服暫予收容處分的受收容人或與其有一定親屬關係之人（其配偶、直系親屬、法定代理人、兄弟姊妹）得依法提起收容異議，移民署受理後應於24小時內將受收容人移送管轄的地方法院行政訴訟庭審查:受收容人有無收容原因、收容必要及得不予收容的情形，以確保執行強制驅逐出境處分的合法性(入出國及移民法第38條第1項、第38條之2參照）。,A             
暫時保護令,"「暫時保護令」為「民事保護令」的一種類型。法院可以視被害人需要被保護的情況，不經審理程序，直接依據書面資料核發「暫時保護令」，之後就會進入比較嚴謹的「通常保護令」程序。另請參考「民事保護令」的解釋。

",F             
適足居住權,經濟社會文化權利國際公約（簡稱ICESCR）第11條第1項所規定適足生活條件之權中，包括適足居住權。而適足居住權之內涵，應包含不受不當或違法侵犯隱私、家庭、家園之權以及居住於特定地點之權。,A             
特別命令,又稱特別規則、特別權力關係的行政規則，指在特別權力關係下，行政機關為維持內部的秩序或運作，對具有特別權力關係的特定身分之人（如公務員、軍人、學生）所訂定的抽象性、一般性的規定（如公務員服務規章、軍隊營規、學校校規），並非法律、法規命令或自治規章，但是具有補充的效果。,A             
受命法官,負責準備程序的法官,M             
前科資料,「前科資料」係指行為人關於刑事案件之移送、偵查、審理及執行等紀錄，包括移送、起訴、緩起訴、不起訴、有罪、無罪、執行等紀錄。惟個人資料保護法所稱之「犯罪前科」，限於緩起訴、職權不起訴或有罪確定、執行之紀錄。,M             
打擊錯誤,係指行為人所使用之手段在方法上有所錯誤，以致於發生行為人所未希望發生之結果。例如，甲欲殺丙，但開槍時因槍法不準而誤射站在丙旁之乙。,M             
心理測驗員,負責對因案件進入法院的少年(兒童)施以心理測驗、解釋及分析，並提供測驗結果資料給法官、少年調查(保護)官等參考，也執行其他法令所規定的事務。,Y             
抗告,"當事人或訴訟關係人不服法院的裁定，請求上級審法院廢棄或變更原裁定的救濟程序。
抗告與上訴都是救濟程序的一種。上訴是不服判決的救濟，而抗告則是不服裁定的救濟。
",A             
公務公益侵占罪,為刑法之罪名，指對於公務上或因公益所持有之物，或對於業務上所持有之物，意圖為自己或第三人不法之所有，而侵占自己持有他人之物者，成立公務公益侵占罪或業務侵占罪。,M             
管轄權,某案件在法院確定有審判權後，決定應該由哪一個法院進行審理的權限。該管轄權的決定，有依法律規定，亦有依當事人合意所定者,G             
重大事由難以維持婚姻者,離婚時，就算沒有民法第1052條第1項所列出的各種情形，但只要夫妻間存有重大事由，真的已經沒有辦法維持婚姻生活，還是可以請求離婚。至於有沒有「難以維持婚姻的重大事由」，是以一般人如果遇到相同狀況，是不是也一定會想離婚，來作為判斷的標準。,F             
供犯罪所用之物,刑法第38條第2項規定供犯罪所用之物，屬於犯罪行為人者，得沒收之，旨在藉由剝奪所有，以預防並遏止犯罪，而由法官審酌個案情節決定有無沒收必要。所謂供犯罪所用之物，指對犯罪具有促成、推進或減少阻礙效果，而於犯罪實行有直接關係之物，如持刀殺人之刀。,M             
肇事逃逸,肇事逃逸係指於發生車禍事故後，肇事者未下車察看情形或是處理現場，並且立即離開現場之行為。肇事逃逸罪之構成要件為「致人死傷而逃逸」，因此若無人受傷或死亡，是不會構成肇事逃逸的。,M             
結果加重犯,行為人首先出於故意而違反本已足以成罪之基本構成要件，但因過失行為致生加重結果的犯罪，例如：傷害致死罪，本來是傷害被害人，但因此傷害而導致被害人死亡。,M             
註銷,行政機關撤銷或廢止行政處分後，有收回因該處分而發給之證書或物品的必要時，除得命持有人返還外，亦得將該證書或物品作成註銷的標示，顯示該證書或物品已不具效力後，再予發還（行政程序法第130條）。,A             
辯護人,在刑事訴訟程序中基於保護被告的立場以補強被告或犯罪嫌疑人之防禦力為其職務之輔助人。,M             
信賴保護原則,"人民的行為符合信賴保護的三要件（須有信賴基礎、須有信賴表現、須有值得保護之信賴利益），如果有其因信賴而為後續作為的行政法規或行政處分要被廢止、變更或撤銷而遭受損害時，行政機關應採取合理的補救措施（如維持現狀之存續保護、或適當財產補償之財產保護）或訂定過渡期間之條款，來減輕或避免損害的造成。
例如：業者原先依法申請到主管機關所發給經營某種特定電玩之許可，乃花費鉅資購進相關機台，後來相關法規修正，禁止經營該種特定電玩類型，主管機關將對原許可加以廢止時，就應該為個案是否有信賴保護原則適用的考量，進而考量以採取合理補救措施或訂定過渡期間條款等方式，來減輕或避免對業者所造成的損害。",A             
停止親權,父母沒有好好的盡到應有的責任，情況嚴重時，法院可以裁定停止他〈們〉的親權全部或一部。另外改定適當的監護人來保護未成年人的權益。,F             
業,已經,G             
絕對違背法令,刑事訴訟法第379條規定：有左列情形之一者，其判決當然違背法令︰一、法院之組織不合法者。二、依法律或裁判應迴避之法官參與審判者。三、禁止審判公開非依法律之規定者。四、法院所認管轄之有無係不當者。五、法院受理訴訟或不受理訴訟係不當者。六、除有特別規定外，被告未於審判期日到庭而逕行審判者。七、依本法應用辯護人之案件或已經指定辯護人之案件，辯護人未經到庭    辯護而逕行審判者。八、除有特別規定外，未經檢察官或自訴人到庭陳述而為審判者。九、依本法應停止或更新審判而未經停止或更新者。十、依本法應於審判期日調查之證據而未予調查者。十一、未與被告以最後陳述之機會者。十二、除本法有特別規定外，已受請求之事項未予判決，或未受請求之事項予以判決者。十三、未經參與審理之法官參與判決者。十四、判決不載理由或所載理由矛盾者。此種情形，不論對判決有無影響，即可直接上訴。,M             
宥恕,赦免；寬恕。例如通姦案件，妻對於出軌夫表示宥恕。,M             
抗告法院,當事人不服法院或審判長之裁定，而向直接上級法院聲明不服之訴訟救濟行為，即稱為「抗告」。該直接上級法院即稱為抗告法院。,A             
享祀人,受祭祀公業所奉祀之人，亦即設立祭祀公業所祭拜之祖先（參見祭祀公業條例第3條規定）。,V             
表現證明,又稱為表見證明，是指依據經驗法則，通常有特定的事實就會發生特定的結果，則出現該特定的結果時，可以推論有該特定的事實存在。其作用在於減輕當事人的舉證責任。目前在醫療糾紛、食品安全等事件中，此被認為有利於減輕被害人的舉證責任而受到重視。,V             
系爭,在個案中當事人所爭執（或有爭議）的。例如：系爭房屋就是在個案中當事人所爭執的房屋。,V             
訴訟外紛爭解決（ADR）,解決民眾糾紛的處理方式，除了向法院提起訴訟，由法院以作成判決外，還可以透過「調解」、「調處」或「仲裁」等訴訟以外的方式來解決，這些訴訟以外的方式，統稱為訴訟外紛爭解決機制，英文名稱為Alternative Dispute Resolution（簡稱ADR）。,V             
判決違背法令,"「判決違背法令」是指判決沒有適用正確的法規或適用不該適用的法規的情形（民事訴訟法第468條），另如：判決法院的組織不合法、應迴避的法官參與裁判等情形，判決當然違背法令（民事訴訟法第469條各款）

",V             
不得抗告,由於某些法律特別規定，而不得對法院裁定(程序事項)提起抗告。,M             
不得抗告,「抗告」是指當事人或其他訴訟關係人，對於法院所為對他不利的裁定，請求上級法院廢棄或變更。原則上對於法院的裁定都是可以提起抗告的，但法律有明文規定「不得抗告」的，就不可以提起抗告。,F             
被告,以自己名義提起訴訟，請求法院裁判之人稱為原告。原告提起訴訟時，其提告的對象，或相對於原告的一方，則稱為被告。,A             
抵充,"抵償充當。
例如：招標機關依政府採購法的規定，應於招標文件中規定，得不發還得標廠商所繳納的保證金及其孳息，及保證金的抵充範圍，以為規範廠商履約責任之用。",A             
遲誤期間,"法律規定訴訟關係人為特定訴訟行為，必須遵守一定的期間，如果未於該期間內為之，即屬遲誤期間，原則上會發生失權的效果。例如，法律規定上訴必須於收受判決20天內提起，超過20天沒有上訴，之後就不得提起上訴。至於法院酌量情形所定的訴訟行為期間，訴訟關係人雖然有所遲誤，但如果在法院尚未以訴訟行為不合法駁回前，就已經補正該訴訟行為（例如，未遵期提供訴訟費用擔保，但在法院裁定駁回其訴前，己供擔保者，民事訴訟法第101條但書規定參照），則不會發生失權的效果。
",A             
債務不履行,債務人因可歸責於己的事由，致未依債之本旨而履行債務，並包含給付不能、不完全給付及給付遲延等三種類型。例如：甲向乙買受鳥禽，乙給付之鳥禽如於給付時已死亡，則屬給付不能(無法給付)；如給付之鳥禽患有禽流感，則屬不完全給付(給付有瑕疵)；逾原約定之清償期始給付鳥禽，則屬給付遲延(遲延給付)。,V             
政務人員,指各級政府機關依憲法、中央機關組織法律或「地方制度法」規定政治性任命的人員。目前由於政務人員法尚未完成立法規範，有關政務人員的規定，散見於不同法令中，一般多引用政務人員退職撫卹條例第2條第1項規定：「本條例適用範圍，指下列有給之人員：一、依憲法規定由總統任命之人員。二、依憲法規定由總統提名，經立法院同意任命之人員。三、依憲法規定由行政院院長提請總統任命之人員。四、前3款以外之特任、特派人員。五、其他依法律規定之中央或地方政府比照簡任第12職等以上職務之人員。」,A             
遺產繼承人,"一個人死亡後，所遺留下來的財產，就是遺產，而有資格繼承遺產的人，就是遺產繼承人。
除了配偶是理所當然的繼承人外，倘若還有直系血親卑親屬（子女、孫子女等）、父母、兄弟姊妹、祖父母這些人在世，順序在前的人，也有繼承遺產的權利。
",F             
恝置不理,毫不經意、不加理會。,G             
阻卻故意,構成要件故意成立的前提要件，須行為人對構成要件之事實，具「認知」，且有實現的「決意」。行為人對於客觀構成要件要素欠缺認識，致主觀認知與客觀構成要件要素發生不一致或錯誤，可以阻卻故意。,M             
地籍總登記,依土地法第38條規定：「辦理土地登記前，應先辦地籍測量，其已依法辦理地籍測量之地方，應即依本法規定辦理土地總登記。（第1項）前項土地總登記，謂於一定期間內就直轄市或縣（市）土地之全部為土地登記。（第2項）」所謂土地總登記，指辦理土地登記前，應先辦地籍測量，依法辦竣地籍測量的地區，於一定期間內就直轄市或縣市全部土地所為的登記。,A             
事實審,法院對被告行使審判權時，可以認定事實及適用法律的審判謂之事實審（地方法院及高等法院）。事實審之相對應者為法律審（最高法院），法律審只能以下級審（高等法院）認定之事實為基礎，審理該案適用法律有無錯誤。,M             
稍嫌速斷,太快下結論的意思，這通常是用在表達「並不同意其判斷」的委婉用語。,G             
代理權限,本人授與代理人的權限範圍。代理人於代理權限內代為或代受意思表示，對本人發生效力，反之，若代理人逾越代理權限代為或代受意思表示，則構成無權代理。,V             
特別授權原則,"以委任關係為例，受他人委任的人（即受任人），得為該他人（即委任人）為一切行為，但一些特定的法律行為，受任人就必須得到委任人的特別授權，才可為之。
例如：行政訴訟中，受當事人一造（甲）委任的訴訟代理人（乙）就其所受委任之事件，有為一切訴訟行為之權利。但是對於捨棄、認諾、撤回、和解等特定的訴訟行為，因為會對委任人甲的權益造成終局決定性的影響，因此，訴訟代理人乙就上述特定的訴訟行為，必須得到甲特別委任或特別授權，才能為之。",A             
桃院豪家悟106年度司繼字第1811號,請參考「106年度家訴字第831號」的解釋。,F             
合意中止,合意中止常寫為「合意終止」。也就是當事人雙方合意使契約關係向將來消滅的法律效果，性質上屬於一種契約行為，也就是當事人以第二次的契約終止原有的契約，使原有契約的效力向後來歸於無效。例如：甲是工具機製造商，甲和乙簽訂繼續性供給契約，約定乙要在未來三年內，每個月提供一百噸的螺絲，甲則按月給付20萬元給乙。甲乙簽約後的第二年，因為經商環境改變，雙方均同意不再繼續履行契約，就是合意終止原來的契約。,V             
辯護權,辯護權係指被告依賴辯護人為其辯護之權利。被告之辯護權，乃基於保障被告憲法上的訴訟權而來，其得享有為自身辯駁、攻擊防禦，或澄清的機會。,M             
塗銷抵押權登記,抵押權設定登記後（參見抵押權設定相關解釋說明），因有抵押權消滅之原因（例如：清償、拋棄、法院判決、和解或調解成立、徵收等），由不動產所在地之地政事務所依法定程序辦理抵押權塗銷所為之登記。,V             
消極構成要件,犯罪行為成立，除了行為人的行為具備成立犯罪的積極構成要件外，還必須沒有排除違法性的消極構成要件。例如，刑法第21條第1項規定：「依法令的行為，不罰。」在刑法的評價上，雖然行為人的行為在外觀上具備成立犯罪形態，但行為人是依據法律或命令而作出的行為，就可認為具備排除違法性的消極構成要件，而不予處罰。,M             
耑此,專程、特地的意思，是一種禮貌性用語。,F             
不當連結,"行政行為課以人民義務或負擔，或造成人民其他的不利益時，所採取的手段和所追求的目的兩者間必須有合理的實質聯結關係，如果欠缺聯結關係，即因有不當連結（或稱不當聯結），該行政行為係不合法。
例如：行政機關要求人民繳清罰鍰後才能換發行車執照，但行車執照的換發，目的在掌握汽車狀況，以確保汽車行駛品質，維護用路人安全，而罰鍰不繳納則是行政罰的執行問題，並非換發行車執照所要追求的行政目的，兩者間欠缺實質上的關聯，所以該作為不合法。",A             
實體上決定,實體上決定代表實質審查，以訴願為例，訴願決定可分為不受理之決定、無理由之決定、有理由之決定(撤銷原處分、撤銷原處分另為處分、情況決定、變更原處分、命為處分）。其中，除不受理之決定屬於形式決定(亦即僅就訴願法第77條所規定之事項審查)外，其他為實體上決定，換言之，受理訴願機關實質審查訴願事件之行政處分是否違法或不當。,A             
第三人同意搜索,刑事訴訟法第131條之1規定，受搜索人可自願放棄憲法保障的隱私權、財產權、居住權等基本權，同意接受搜索；此時執行人員只要出示證件，並將同意意旨記載在筆錄中，就無須使用搜索票；當受搜索對象為犯罪嫌疑人以外的人，就稱為第三人同意搜索。,M             
親權,父母對於涉及子女權利、義務的所有事項的行使，包含對子女的扶養、懲戒、財產管理等身份與財產事項，一般也稱作子女的監護權。,F             
併此指明,一併在這裡做說明。,G             
遺囑,人原則上可以在生前依照自己的意願決定在他死後，財產如何分配，這時候要作成遺囑。遺囑作成的方式有很多種形式，規定都不一樣，如果不符合規定的話，遺囑是無效的。民法第1186條以下是關於遺囑的規定，一定要多加注意。,F             
執行命令,指強制執行程序中，執行法院對當事人或第三人所發，發生一定法律效果之各種命令。例如債權人就債務人對於第三人之金錢債權為執行時，執行法院核發之扣押命令、收取命令、移轉命令（強制執行法第115條）即屬之。,"F,V           "
復審,"公務人員保障法對於公務人員之人事行政行為區分為「行政處分」和「管理措施」兩大類，並分設「復審」及「申訴」兩種不同的救濟程序。凡對於改變身分、影響公法上財產之請求權或對於公務人員有重大影響之懲戒處分，得對之提起復審（公務人員保障法第25條、第26條），不服復審決定得向司法機關請求救濟（公務人員保障法第72條）。至於未改變公務員身分之記大過、記過處分、乙等考績評定、機關內部所發之職務命令或所提供之福利措施，則屬管理措施或工作條件之處置，對之僅得提申訴、再申訴。
",A             
競合管轄,同一個案件若有兩個以上法院擁有管轄權，就是競合管轄。依刑事訴訟法第8條規定，應該由先收到這個案件的法院來審判。但如果這些法院的共同直接上級法院裁定，也可以由後收到這個案件的法院來審判。,M             
重新審查,行政上的重新審查，主要有訴願法第58條規定的重新審查，及行政訴訟法第237條之4針對交通裁決事件規定的重新審查。訴願法規定的重新審查，是指行政處分的相對人對該處分不服提起訴願後，受理訴願的機關（訴願管轄機關）進行訴願案件審查前，先由原來作成行政處分的機關（原處分機關）對自己原作成的行政處分（又稱原處分）再次進行審查或檢討，如認原處分有違法或不當時，可以自行撤銷或變更的程序。行政訴訟法第237條之4規定的重新審查，是指交通裁決事件的被告（原處分機關），收到交通裁決事件的起訴狀後，應於20日內再次審查原裁決是否合法妥當的程序。,A             
繼承系統表,指以被繼承人為中心，參照民法第1138條至第1140條所定具備繼承人資格的人，所製作以樹枝狀結構的分支表，便利瞭解繼承關係。,F             
拍賣,讓不特定多數人參與投標競價，以出價最高者取得拍賣物的程序。,V             
公平交易,公平交易，係指事業間競爭時有公平合理之競爭規則。比如公平交易法第1條明定：「為維護交易秩序與消費者利益，確保自由與公平競爭，促進經濟之安定與繁榮，特制定本法。」公平交易法分為限制競爭法以及不正競爭法，前者係以事業之獨占、結合、聯合行為、限制轉售價格、限制事業活動等限制競爭行為為規範對象；後者則是以事業不實廣告、仿冒、不當贈品贈獎等不公平競爭行為為規範對象；此外，事業亦不得為其他足以影響交易秩序之欺罔或顯失公平之行為，此為概括條款，與前述限制競爭、不正競爭規範處於補充關係，在事業行為對於市場交易秩序足生影響，且公平交易法其他條文未有規定者，始有適用。,A             
使用借貸,指當事人約定由一方將物交給他方使用，他方於無償（免費）使用後返還該借用物的一種契約。例如：甲、乙約定甲向乙借用Ａ車3日，甲不必支付使用費，但應於3日後將Ａ車返還給乙（民法第464條）。,V             
求刑,"解釋一：意指檢察官於起訴時或審判中，請求法官科予被告一定刑罰的處分。而求刑又可分為具體求刑與抽象求刑，前者如:請求法官判被告三年有期徒刑；後者如:請求法官審酌案情應判較輕、較重或適當之刑。
解釋二：法院在雙方言詞辯論結束後，會請當事人對科處刑罰的範圍表示意見。當檢察官表示被告應該要接受如何的刑罰時，稱作「求刑」。而檢察官求刑時，通常會依據刑法第57條各種量刑情況，主張對被告從輕或從重量刑，或是直接提出建議的刑度。不過，檢察官的具體求刑，或者被告提出願意接受的科刑範圍，法院並不會因此受到拘束，只會在判決內交代為何如此科刑的理由。",M             
合併偵查,相牽連之案件為避免偵查結果矛盾，檢察官可合併偵查。例如：某甲因倒會事，遭部分會員向地檢署提出詐欺罪告訴。其他會員如於不同時間向同一或不同的檢察署提出告訴，則後受理的案件，仍應移送合併由前已受理的檢察官一併偵查。,M             
分期給付,有別於「一次給付」，是指：債務人應該要給付的總額是確定的，原本應該要一次付清，但是考慮到債務人的情況，沒有辦法一次拿出那麼多錢一次給付，所以准許債務人分成多期來給付。比方說欠銀行12萬元，銀行同意每個月還1萬，1年還清，就是一種分期給付。,F             
已生重大破綻,已經嚴重破裂,G             
訴訟代理人,受訴訟當事人的委任，以當事人名義代為實施或接受訴訟行為，維護當事人利益的人,G             
交付送達,將應送達文書交給應受送達人，包括直接送達於應受送達人的住居所、事務所或營業所，或由法院書記官在法院內直接將文書交付予應受送達人，或送達於應受送達人的住居所、事務所或營業所，卻無法會晤應受送達人時，可以將文書交給有辨別能力的同居人或受僱人。所謂同居人必須有與受送達人共同生活之事實，受僱人則須非臨時雇用，而受僱為日常勞務者。此為最常見的送達方法。,V             
區分所有權人,公寓大廈具有使用上獨立性的部分為專有部分，該專有部分及公寓大廈共用部分的所有權，就是區分所有權，擁有該所有權的人，就是區分所有權人。例如：甲買受某公寓大廈五樓，並經移轉登記為所有權人，其買受的五樓得由甲自己獨立居住、使用，為甲所有的專有部分，該專有部分與其餘大廳、樓梯間、公共設施等所有住戶都可以使用的共用部分的所有權，合稱為區分所有權，甲擁有該專有部分的全部所有權，以及共用部分的部分所有權，就是區分所有權人。,V             
得心證,本院認定、本院認為、使法院採信,G             
證明度,要證明一件事實，需要提出證據到一定的程度，法院才能判定為真，這個門檻就叫做「證明度」。,F             
按年息,依照年息,G             
協商程序,案件經檢察官向法院起訴或聲請簡易判決處刑後，只要起訴或聲請處刑罪名的法定刑不是死刑、無期徒刑、最輕本刑三年以上有期徒刑的案件，也不是由高等法院管轄的第一審案件，在第一審言詞辯論終結或簡易判決處刑前，檢察官和被告可以就被告願意接受的刑度或願意接受緩刑的宣告、被告向被害人道歉、被告支付相當的賠償金、被告向公庫支付一定的金額等事項進行協商，經雙方達成合意，而且被告也認罪，就由檢察官聲請法院依協商合意內容來判決，這個程序就叫做協商程序。,M             
直系姻親,一方配偶與他方配偶的直系血親間，因婚姻而發生的親屬關係，包括直系血親的配偶、配偶的直系血親及配偶的直系血親的配偶。例如：甲男的配偶的父母，是甲男的直系姻親(即岳父母)；乙男的母親死亡，他的父親再娶的配偶是乙男的直系姻親（直系血親的配偶，即繼母），也是乙男的配偶的直系姻親(配偶的直系血親的配偶)。,F             
當事人對等原則,係指在刑事訴訟程序上，當事人間之機會對等、地位對等。為確保被告在訴訟上之機會對等，被告與檢察官或自訴人同為當事人，得行使各種權利；而地位對等，係指確保被告及檢察官之攻防能力相當。,M             
緩刑,"解釋一：指刑的暫緩執行。法院在刑事審判中，根據被告犯罪的情節和悔過的表現，規定一定的觀察期間，暫時延緩刑罰的執行。如緩刑宣告於期間內沒有被撤銷，則已宣告的刑罰即不再執行的一種制度。
解釋二：被判刑的被告，暫時不用執行刑罰，這就是「緩刑」。只要在緩刑的這段期間內，被告沒有再故意犯罪，原本宣告的刑罰就可以不用再執行。因此，台語將緩刑稱做「寄罪」，簡單的說，就是一種類似「留校察看」的制度。
例如：張三因為打傷人被法院判刑8個月，因為法院同時判他緩刑2年，所以張三可以暫時不用去服刑，等到2年經過，張三都沒有再故意犯罪，那之前的8個月就不用關了，而且也不算有前科。",M             
情況判決,行政法院受理撤銷訴訟，發現原處分或決定雖屬違法，但撤銷或變更對公益有重大損害，斟酌原告所受損害、賠償程度、防止方法及其他一切情事，認為原處分或決定的撤銷或變更顯與公益相違背時，得駁回原告之訴。在這種情形，原告得請求行政法院判命被告機關賠償（行政訴訟法第198條）。,A             
承受訴訟,當事人死亡、公司的代表人（法定代理人）變更或有類似的情形，如果訴訟還要進行下去，就要有人來接手，這就叫「承受訴訟」。通常當事人死亡時，是由他的繼承人全體來承受訴訟。,F             
交通裁決事件,由道路交通主管機關根據道路交通管理處罰條例進行處罰裁決所生的行政訴訟事件（行政訴訟法第237條之1）。人民對交通裁決不服，可以提起行政訴訟救濟。由於此類事件數量眾多，考量到法院的負荷和效率，行政訴訟法訂有「交通裁決事件訴訟程序」專為處理，由地方法院行政訴訟庭職司第一審審理事務。,A             
首揭,「最前面的說明」的意思。,G             
相續共同正犯,又稱為「承繼共同正犯」、「事中共同正犯」，指行為人於他行為人著手實行犯罪而尚未終了前，基於共同犯罪決意加入犯罪之意。如丙看見某甲搶某乙皮包，在甲、乙肢體衝突中，丙基於和甲共同犯罪的意思而毆打某乙，並與某甲共同搶走乙的皮包，丙即為相續共同正犯。,M             
法官審理案件時限,指從當事人向法院提出聲請開始，法院進行案件審理的時間限制，以避免案件延宕。,G             
勾稽,比對、查核。,A             
詰問權,詰問權就是有權利可以去詢問證人、鑑定人等，其目的在確保真相在法庭上可以被發現。,M             
生活保持義務,保持其現有生活水準的義務,G             
略誘罪,略誘罪保護之法益是「家庭間之圓滿關係，及家長或其他有監督權人之監督權」。所謂的「略誘」原則上是指違反被誘人的意思而加以誘拐(如：強暴、脅迫或詐術等不正方式)，將被誘人置於自己實力支配之下。惟被誘人如係未滿16歲之兒童或少年，法律上認為此等年紀的兒少無從認知拐誘之目的而予同意，行為人縱以和平之手段誘使脫離家庭或其他有監督權之人，仍應成立準略誘罪。刑法第241條規定：「 I 略誘未滿二十歲之男女，脫離家庭或其他有監督權之人者，處一年以上七年以下有期徒刑。 II 意圖營利，或意圖使被誘人為猥褻之行為或性交，而犯前項之罪者，處三年以上十年以下有期徒刑，得併科一千元以下罰金。 III和誘未滿十六歲之男女，以略誘論。 IV前三項之未遂犯罰之。」 本罪未就犯罪主體設有限制，解釋上享有親權之人，仍得為該罪之犯罪主體，即於有數監督權人之情形下，若有監督權之一方出於惡意之私圖，對於未滿二十歲之被誘人施用強暴、脅迫或詐術等不正手段而將被誘人置於一己實力支配下，使其脫離其他有監督權人之監督，仍不當然排除略誘罪之適用（最高法院27年非字第16號、21年上字第1504號判例意旨參照）。 舉例而言，未成年子女之父母在法律上雖都享有親權，但一方對於未滿16歲之子女，縱未施以強暴、脅迫、詐術等手段，然意圖使該子女脫離他方親權之行使，擅自移送出境，長期阻隔他方探視及監護，將子女置於一己實力支配下的情形，顯已以自己之行為侵害他方監督權之行使，並使未成年子女無從獲得雙親照顧扶養及身心正常發展，實務上亦認為觸犯了準略誘罪(最高法院102年度台上第3993號判決參照)。,M             
暫時處分,暫時處分是在家事非訟事件中的一個特殊制度。因為本案的紛爭要終局解決，可能會拖很久，這段期間有些事情還是有先行初步處理的必要。比方說父母爭奪小孩親權，小孩在這段時間還是需要生活費，在這種情形下，就可以聲請法院做一個暫時處分，要求父（或母）在法院裁定確定之前，要按期給付一定的扶養費用。,F             
公共場所,「公共場所」，指特定多數人或不特定人得以出入、集合的場所（最高法院 107 年度台非字第 174 號刑事判決意旨參照）。因此，只要特定多數人或不特定人得任意逗留、使用或聚集的場所，如公園、道路、廣場等，都是屬於公共場所。實務上，旅客將租用的旅館房間供多數人使用或聚集，例如供作開會場所，因具有公開性，也可以認為是公共場所（法務部83法檢字第 16531 號函釋意旨參照）。,M             
廢弛職務釀成災害罪,廢弛職務釀成災害罪規定於刑法第130條，是指公務員對於某種災害，有預防或遏止之職務上義務，如廢弛自己職務，不為預防或遏止，以致釀成災害，且其廢弛與災害之發生如具有相當因果關係，即構成本條犯罪。,M             
累犯,刑法第四十七條之規定：「受徒刑之執行完畢，或一部之執行而赦免後，五年以內故意再犯有期徒刑以上之罪者，為累犯，加重本刑至二分之一。第九十八條第二項關於因強制工作而免其刑之執行者，於受強制工作處分之執行完畢或一部之執行而免除後，五年以內故意再犯有期徒刑以上之罪者，以累犯論」。,M             
容有錯誤,有錯誤（較委婉的表達「有錯誤」的意思）。,G             
超越合理懷疑,英文原文為beyond reasonable doubt，是指在無罪推定原則下，證明有罪的標準，必須達到一般人都沒有合理懷疑的程度，才得以認定被告為有罪的意思。,M             
人之不可分,又稱主觀不可分，是指訴訟行為之效力及於其他共犯。刑事訴訟法有所謂告訴不可分原則，就是指在告訴乃論之罪，告訴人對於共犯之一人提出告訴者，其效力會及於其他共犯。例如，在丈夫外遇，妻子對小三提出通姦告訴時，告訴的效力也會及於丈夫。如果妻子不願意對丈夫提告，就只能對丈夫的部分撤回告訴，而不能在提出告訴的時候，聲明只對小三而不對丈夫提告，因為這樣的聲明在法律上是沒有效力的。,M             
新舊法比較,行為人為犯罪行為時有效之法律規範稱之為行為時法，在行為後法院裁判時相關之法律如有變更，如加重、減輕或免除刑罰，則法官在裁判時就要依刑法第2條所規定的原則來比較新(裁判時法)、舊(行為時法或中間時法)法，來作為裁判的依據。,M             
可參,可以參考,G             
非無疑義,並非沒有疑問。,A             
殘刑,為「殘餘刑期」之簡稱。被告觸犯刑法法規經判處有期徒刑以上之刑度後，於受徒刑之執行達刑法第七十七條所定之期間並符合其要件，而有悛悔實據者，即得報請假釋出獄。該名受刑人於入監執行之日起本應在監執行之徒刑刑度，減去假釋出獄之日之日數，即為殘餘刑期，此即一般俗稱之「殘刑」。,M             
故買贓物,為刑法之罪名，規定於刑法第349條：「（第1項）收受、搬運、寄藏、故買贓物或媒介者，處五年以下有期徒刑、拘役或科或併科五十萬元以下罰金。（第2項）因贓物變得之財物，以贓物論。」,M             
是以,因此；所以,A             
法之續造,指在沒有法律規定或漏未規定時，法官依據法學方法論（例如類推適用、目的性限縮等）來尋找個案中之法律適用。,M             
比照,比照，有二種常見的意思：第一種意思是指「按照相類方式或援用前例辦理」，例如：甲承諾比照A公司每月提供B公司100輛車的方式及價格，與乙簽訂長期供應車輛契約；第二種意思是「比較對照」，例如，兩相比照，證人甲的說法與一般人生活經驗相符，證人乙的說法偏離常情太遠。,G             
記錄,並非特定的法律名詞。依法律統一用語表所示，名詞用為「紀錄」，動詞用為「記錄」。,F             
一節,這一部分,G             
競業禁止,競業禁止之約定，是指事業單位為一定之目的(例如保護其商業機密、營業利益或維持其競爭優勢等)，而與特定人(例如受僱之員工或受委任之經理人等)約定於在職期間或離職後之一定期間、區域內，不得受僱或經營與其相同或類似之業務工作，或有其他利用於原服務期間所知悉之技術或業務資訊為競業之行為。,V             
卷宗閱覽權,行政程序法第46條第1項規定：「當事人或利害關係人得向行政機關申請閱覽、抄寫、複印或攝影有關資料或卷宗。但以主張或維護其法律上利益有必要者為限。」就是行政程序上的卷宗閱覽權，屬於程序權利，其請求權人以當事人或利害關係人為限，因此，應以行政程序已開始進行為前提。而依同條第2項規定，行政機關除有下述5種情況外，不得拒絕申請：一、行政決定前的擬稿或其他準備作業文件。二、涉及國防、軍事、外交及一般公務機密，依法有保密的必要。三、涉及個人隱私、職業秘密、營業秘密，依法有保密的必要。四、有侵害第三人權利之虞。五、有嚴重妨礙有關社會治安、公共安全或其他公共利益的職務正常進行之虞。,A             
公示催告程序,公示催告程序有許多種，例如：公示催告被繼承人(死亡的人)的債權人報明債權、繼承人承認繼承、遺失票據或股票的程序等等，是指聲請人聲請法院核准把申報權利的期間、在申報期間之內應該申報權利的通知，及因為不申報權利而發生權利失效的效果等等催告的內容，黏貼在法院公告欄，並且由聲請人刊登在報紙上，公告讓社會大眾知道，如果沒有在申報期間向法院申報權利的話，權利就會失效的程序。,F             
書面審理原則,書面審理原則係指法院審理案件以書面方式為之，無需經法院開庭進行言論辯論程序。例如：現行第三審為法律審，刑事訴訟法第389條第1項規定：「第三審法院之判決，不經言詞辯論為之。但法院認為有必要者，得命辯論。」就是以書面審理為原則，言詞審理為例外；另外簡易判決處刑程序也是以書面審理為原則。,M             
核定,調查審核後決定。,A             
督同,與,G             
消滅時效中斷,"因特定情事發生，導致權利人無法行使或有正當理由不行使其權利時，在計算消滅時效時會發生中斷的效果。如消滅時效會因行政機關為實現該權利所作成之行政處分而中斷。
例如：主管機關依就業服務法規定，對業者作出催繳就業安定費通知之行政處分，其請求權消滅時效之進行即會中斷，如該行政處分具有形式存續力時，時效即應自此重行起算。",A             
未成年子女表意權,"如果家事事件牽涉到未成年子女，法院應當讓未成年子女也有表示意見的權利，並尊重他真實的意願。
為了讓未成年人安心陳述，他表意權的行使不一定要在法庭上，也可以請兒童心理專家或社工在法庭以外的任何地方聽取他的意見，再向法院報告。
",F             
自有未恰,顯然不妥。,A             
主觀給付不能, 債務人雖然無法依其與債權人間的約定履行契約，但對第三人而言，卻有履行的可能，又稱為「主觀給付不能」，而與「客觀不能（或稱客觀給付不能，指任何人皆不能為給付）」有別。例如：甲將丙所有之A屋出售予乙後，乙要求甲交付A屋，但因A屋並非甲所有，所以甲沒有辦法完成交屋，但丙有辦法將A屋交給乙，所以甲就是主觀不能。但如果A屋已經倒塌，甲及其他第三人沒有辦法將A屋交給乙，這就是客觀不能。,V             
投標書,執行法院以投標方式進行拍賣執行標的物時，投標人（參與投標者）以書件密封投入執行法院所設標匭之書件。投標書須記載：一、投標人之姓名、年齡及住址。二、願買之不動產。三、願出之價額（強制執行法第 85 條、第 87 條)。又法院認定投標是否有效時，應依投標書形式上之各項記載，整體與綜合之考量，並依其投標能否確保投標之秘密性及正確性，客觀認定之（辦理強制執行事件應行注意事項第 50 點第4項）。,V             
前開,之前已經提到過的。,A             
公示送達,文書送達的一種方法。公示送達是以公開揭示的方式送達文書，讓受送達人有機會知悉，以便向法院領取文書，不管應受送達人實際上有無看到該訊息或有無實際前往法院領取該訴訟文書，只要公開揭示經過一定期間後，就發生送達的效力。因為對應受送達人的權益影響非常重大，只有在符合法律規定的要件（例如：應受送達處所難以查明）下，才可以採取這種送達方法。,G             
再議期間,當告訴人收到不起訴處分書之後，如果對不起訴處分不服，可以在收受不起訴處分書送達後七日以內，以書狀敘述不服的理由，經過原檢察官向直接上級法院檢察署檢察長聲請再議，以阻止原不起訴處分的確定。例如：在22日收到不起訴處分書，最晚聲請再議的狀紙要在29晚上12點以前送到地檢署 。,M             
雙方代理,雙方代理就是一人同時代理權利義務相反的雙方而為意思表示，例如出賣人甲委任乙代理出售房屋，買受人丙也委任乙代理買受房屋，乙同時成為買賣雙方的代理人。雙方代理會產生利益衝突，依照民法第106條規定，原則上是禁止的，經過雙方本人的同意或專為履行債務者，才會例外准許。,V             
擇一因果關係,數個具有擇一關係而非累積關係的條件，雖可想像其不存在，但結果仍會發生者，則該條件仍屬結果的原因。例如甲、乙在均不知情的情形下，向A的飲品中均投入足以致死的毒物，並因此導致A的死亡。,M             
證據能力,"解釋一：在刑事案件的審判程序中符合一定資格而可以用來判斷犯罪事實存在的證據，稱為有證據能力的證據，反之，則為無證據能力的證據。例如：被告遭到刑求後的自白、證人遭受恐嚇後所為不利被告的陳述，都是沒有證據能力的證據。
解釋二：指的是某一個證據，能夠被法院拿來作為證明犯罪事實而加以使用的「資格」。法院審理刑事案件，只能用「證據」認定犯罪事實，證據依照種類分為「供述證據」（例如：證人)，及「非供述證據」（例如：物證）。原則上，不管是人或是物，只要跟犯罪事實有關，就有「可能」成為證據。但是，並不是所有與犯罪事實有關的證據，法院都可以拿來證明犯罪事實。
要成為能證明有罪的證據，還必須該證據具有「證據能力」。因此，證據能力是屬於有或無的問題，法院必須先決定證據是否具有「證據能力」，一旦有了證據能力，法院才能進一步決定這個證據能夠證明犯罪事實到怎樣的程度。對於那些沒有證據能力的證據，因為欠缺當作有罪證據的資格，縱使被認為是證明犯罪的關鍵證據，法院不能夠使用這些證據，這就是所謂的「證據排除」。如果法院把沒有證據能力的證據拿來使用，並且用這樣的證據認定被告有罪，這個判決便有問題。",M             
尚難非謂,實在很難說不是。,A             
爰宣告相對人為監護宣告之人,於是法院宣告（裁定）相對人為受監護宣告的人，（另請參考關於「監護宣告」的解釋）。,F             
內線交易,為證券交易法所禁止之行為類型，規定於證券交易法第157條之1，該條第1項規定：「下列各款之人，實際知悉發行股票公司有重大影響其股票價格之消息時，在該消息明確後，未公開前或公開後十八小時內，不得對該公司之上市或在證券商營業處所買賣之股票或其他具有股權性質之有價證券，自行或以他人名義買入或賣出：一、該公司之董事、監察人、經理人及依公司法第二十七條第一項規定受指定代表行使職務之自然人。二、持有該公司之股份超過百分之十之股東。三、基於職業或控制關係獲悉消息之人。四、喪失前三款身分後，未滿六個月者。五、從前四款所列之人獲悉消息之人。」,M             
具保停止羈押,偵查或審判中，被告犯罪嫌疑重大，但無羈押必要，法官命被告或其保證人繳納一定金額保證金或提出保證書後，將被告釋放。,M             
定型化契約,企業經營者為與不特定的多數消費者訂立同類契約之用，而預先擬定的契約條款。例如：信用卡契約、保險契約、預售屋買賣契約等。,V             
為警查獲,被警察查獲,G             
同一性,在行政訴訟，行政機關如果「未改變行政處分之本質與結果（同一性）」，且符合其他要件時，可以追加、變更或補充行政處分理由及其法律依據。,A             
避難過當,為避免自己或他人生命、身體、自由、財產之緊急危難而出於不得已之行為，屬於「緊急避難」行為（例如：均不諳水性的甲、乙同時落水，只有一件救生衣，甲為求生，不得已與乙爭搶救生衣）。此種行為，原則上為法律所不罰，但如其避難行為「過當」（例如：甲在與乙同時看到救生衣，準備爭搶之前，即先拿刀刺死乙），則僅得減輕或免除其刑。,M             
分割共有物,兩個以上的人在法律上對於某個財產都有所有權時，一起用協議的方式分配這個財產，或向法院起訴請求分配這個財產，叫做分割共有物。,F             
行政組織,國家為了達成行政任務，必須結合龐大的人力和物力，所以建立各種複雜精密的「行政組織」。在行政法上，行政主體以組織性型態運作，即行政主體（例如臺北市）透過其設立的「行政機關」（例如臺北市政府及其各局、處）行使其權利義務，並由隸屬於行政機關的各「行政人員」具體處理各相關行政事項，以完成其職掌的任務。,A             
揆諸,就是「參照」的意思。用法常為「揆諸…，可見…」，意思就是「參照（某個理論、陳述、證據等等），可以認定（某個事實、某個結論）」,F             
假執行,如果判決主文有寫「准予假執行」等字，就表示法院准許勝訴的一方可以在判決尚未確定前，就聲請法院依照判決內容對敗訴當事人強制執行。,V             
非法執行醫療業務罪,醫師法第28條規定，未取得合法醫師資格而執行醫療業務者，處6個月以上5年以下有期徒刑，得併科新臺幣30萬元以上150萬元以下罰金。但由醫學院、校學生或畢業生、護理人員等醫事人員執行、囑由護理人員、助產人員執行，或臨時施行急救之情形，不罰。,M             
伊,依前後文情形，解釋為「他、她(們)、其（等）、彼(等)」。,A             
推定,符合一定條件的時候，認為某事實是真實的，但有意見的當事人可以舉證推翻。,G             
比附援引,指類比、援用某些特徵或規定意旨相同的概念或規定來闡釋某個概念或規定，或做相同解釋之意。,G             
當事人進行主義,訴訟之進行及終結，均委由當事人之意思以決定者，即為當事人進行主義。當事人進行主義之訴訟程序，其進行係以當事人之主張、舉證為中心，法院則基於當事人之主張及舉證進行調查、裁判。,M             
持有毒品罪,規定於毒品危害防制條例第11條，其第1項、第2項分別規範持有第一、二級毒品之刑罰，即使持有少量亦予處罰，第3項至第6項分別規範持有第一、二、三、四級毒品純質淨重達一定數量之刑罰。,M             
容許性,"又稱許可性。通常是指行政機關為行政行為時，必須對該具體事件具有作成的權限。以行政處分的容許性為例，是指行政機關對於具體事件應具有作成行政處分的權限。一個行政行為是否合法，應優先判斷容許性，再判斷合法性。
例如：某市建管處不具有交通裁罰的權限，卻對違規行為人開罰，就不具作成該行政行為（行政罰）的容許性。",A             
已臻明確,已經非常明確,V             
並無可採,一般係法院表示對於某項陳述、證據或論述，不足採用或引用的意思。,G             
權力分立,國家的權力應該分散，彼此制衡，以保障人民權利。典型的如行政、立法、司法三權分立。,A             
尚非不可,不是不可以，就是「可以」的意思。,F             
公共用物,提供公眾共同使用的公物，例如道路、廣場、橋樑等。,A             
概括故意,係指行為人對結果之發生雖具有確定之認識，但對於結果將發生於若干之目的物或客體，則沒有確定的認識。例如：投炸彈於公共集會之所，明知必發生傷亡結果，但於傷亡者究有某幾人，並無確定認識。,M             
罪刑相當原則,係指國家所施加的刑罰需與行為人之罪責相當，刑罰不得超過罪責。,M             
戀姦情熱,通常是指發生外遇，打的火熱的意思。,F             
陪審制度,陪審制是指由一般國民組成的陪審員專責獨立進行事實認定，法官專責法律適用，彼此分工的制度。在刑事陪審制下，陪審團原則完全獨立對於個案中被告是否有罪做出判斷後（通常採一致決），再由法官適用法律並進行量刑，法官完全退出罪責認定的角色。陪審制下陪審團成員完全自主評議，不僅評議秘密，也毋庸對外解釋作成決定的理由，也因此當事人原則不能直接對陪審團所為的事實認定提出上訴。陪審制主要發軔於英國，施行陪審制者主要為英國及曾為其殖民地之英美法系國家或地區（如美國、加拿大、澳洲、紐西蘭、香港）；參審制則盛行於歐陸法系國家，例如德國、法國等。,M             
難謂,表示「否定」的意思；不能認為；很難說。,G             
安置輔導,少年如果是因為家庭功能嚴重失調或喪失、成長環境充滿非行誘因等情形而有觸法或虞犯行為時，法院就會考慮裁定交付少年安置在適當的福利或教養機構輔導，期望透過環境的調整及機構的專業協助，使少年能健全成長。執行期間是二月以上、二年以下。但執行期間超過二月，且輔導成效良好，沒有繼續執行必要的，法官會裁定免除；執行期滿有繼續執行必要的，法官可以裁定延長執行一次；如果執行期間，少年的表現極為糟糕，無法收到輔導效果時，法官也可以裁定撤銷安置輔導，讓少年接受感化教育，以矯正少年。,Y             
牌照稅,依使用牌照稅法第3條第1項規定，使用公共水陸道路的交通工具（包括汽車、機車、船舶），交通工具所有人或使用人應向所在地主管稽徵機關請領使用牌照，繳納使用牌照稅。此稅目是由各直轄市及縣（市）徵收的地方稅。納稅義務人是交通工具的所有人或使用人。徵收率是按照交通工具種類分別課徵，除機動車輛（小客車、大客車、貨車、機車）應就其種類按汽缸總排氣量或馬達最大馬力劃分等級，以及船舶應按其噸位，分別依該法第6條規定計徵外，其他交通工具的徵收率，則由直轄市及縣(市)政府擬訂，提經同級民意機關通過，並報財政部備查。此外，若是屬於該法第7條規定的交通工具，例如軍隊裝備編制內的車輛，則免徵使用牌照稅。,F             
都市更新,依都市更新條例之定義，係指依該條例所定程序，在都市計畫範圍內，實施重建、整建或維護措施。所謂都市更新乃為都市計畫之一環，用以促進都市土地有計畫之再開發利用，復甦都市機能，改善居住環境，增進公共利益。都市更新條例即為此目的而制定，除具有使人民得享有安全、和平與尊嚴之適足居住環境之意義（經濟社會文化權利國際公約第11條第1項規定參照）外，並作為限制財產權與居住自由之法律依據。,A             
家庭生活費,維持家庭成員共同生活的費用，包括夫、妻、子女等食衣住行育樂所有的費用在內。,F             
尚難謂與法有違,沒有違背法律的意思。,F             
禁止類推原則,類推適用是指，將規範Ａ生活事實的法律規定，比照適用於法律評價上與Ａ生活事實相近似，但未經法律規定的Ｂ生活事實。但在刑罰、行政罰及稅捐領域，因罪刑法定主義及租稅法定主義的限制，禁止類推適用。,A             
家事訴訟事件,指家事事件法第3條所規定的甲、乙、丙類事件及其他性質上應依訴訟程序處理的家事事件。,F             
妨害職務上掌管之文書物品罪,依刑法第138條規定，行為人故意毀棄、損壞或隱匿公務員職務上掌管或委託第三人掌管的文書、圖畫、物品，或使之不堪使用，例如，擅自撕毀法院查封封條，或擅自取回因交通違規而被查扣的機車等，會構成「妨害職務上掌管之文書物品罪」，可處5 年以下有期徒刑。,M             
高度行為,"高度行為：侵害同類型的事情，但更嚴重的行為。
低度行為：侵害同類型的事情，但較輕微的行為。
例如：殺人跟傷害相比，殺人是高度行為，傷害是低度行為。
但如果性侵害跟偷竊相比，因為性侵害是侵害性自主法益，而偷竊是侵害財產法益，因此沒有高度或低度行為之分。",M             
選擇裁量,行政裁量的一種分類，指行政機關在符合法律構成要件時，可以從數種措施中選擇一種或多種為之，或在數名義務人中選擇對何人採取措施，此乃立法者給予行政機關選擇如何作成決定的權限。,A             
區段徵收,區段徵收就是政府基於土地徵收條例規定的新都市開發建設、舊都市更新、農村社區更新或其他開發目的需要，對於一定區域內的土地全部予以徵收後，再重新規劃整理(參閱土地徵收條例第4條)。,A             
行為犯,行為犯又稱舉動犯或形式犯，係指犯罪行為一經著手實行，於其行為時犯罪即告成立者而言。亦即，行為人只要單純地實現構成要件所描述之行為，無待任何結果之發生，即足以成立之犯罪。例如行為人只要公然侮辱他人，即可構成刑法第三百零九條第一項之普通侮辱罪，而不論有無結果之發生。,M             
106年度北補字第724號,請參考「106年度家訴字第831號」的解釋。,F             
喻知,告知、宣告的意思。,G             
職權原則,一些特定的法律程序，是由法院主導程序的進行，並由法官主動調查證據，調查的範圍、次序、方法也不受當事人主張的影響或拘束。,M             
報結,"報結，指案件已經處理完畢, 由承辦書記官列印「報結清單」，連同審判文書（如案件卷宗、裁判原本、筆錄、撤回狀、通緝書、審理單、審判簽呈、函及其他相關文書等），或其他行政文書（如裁判書類「交付與送達檢查表」、案件紀錄表及調查表等）送統計室，由統計人員完成登錄作業（司法院所屬一二審法院辦理案件統計報結應行注意事項第2點、第3點規定參照）。","V,G           "
罰金折算標準,刑期如折抵為罰金之間的折抵標準。例如：徒刑一日如易科罰金以新臺幣三千元折算一日。,M             
辯論終結,法院開庭審理，由兩造當庭以言詞就事實及法律（法律審則不包括事實）為攻防之程序結束。之後法院即應依據當事人於言詞辯論程序中之陳述及提出之證據等訴訟資料作成判決。,G             
養育,法律用語為「扶養」。一般口語的「撫養」、「養育」意思也差不多。,F             
代位訴訟,債務人怠於行使權利時，債權人為保全債權，而代位債務人起訴，向第三人請求財產上的給付（民法第242條）。例如：甲主張乙將A地出賣予丙，丙再轉賣予甲，因丙怠於行使權利向乙請求移轉A地所有權，甲就可以代位丙起訴請求乙將A地所有權移轉登記予丙，而由甲代為受領。此時甲代位丙對乙提起的訴訟，就稱為代位訴訟。 ,V             
似無可採,難以採信、不可採信,G             
監護權歸屬,受監護宣告人或未成年人的監護權歸由什麼人行使的意思。,F             
併辦意旨書,案件起訴後，檢察官發現更多與已起訴案件相關的證據資料，可以就其認為有裁判上一罪或實質上一罪關係（例如：想像競合犯、集合犯）的事實，以公函移請法院注意，此種公函就是移送併辦意旨書。法院審理後，如果認為不是同一案件，或起訴部分不成立犯罪時，就必須退併辦。,"V,M           "
囑託鑑定,法院或檢察官可以請具公信力之醫院、學校或專業機關、團體，對於案件中需要特別知識才能解釋的疑義進行鑑定。這種情形就稱為囑託鑑定。,M             
反證,指為推翻對方當事人所主張的事實而提出的證據。例如：甲主張乙於某日向其借款10萬元，起訴請求乙返還借款，但乙否認曾向甲借款，並稱甲當天交給他的10萬元，是甲贈與的款項而不是借款，並且提出甲親筆所寫同意贈與乙10萬元的字條，該字條就是乙拿來推翻甲主張乙曾經向他借款事實的反證。 ,V             
租稅規避," 租稅規避是納稅義務人為追求租稅利益，就租稅事宜事先所做規劃的一種行為，與同屬於租稅規劃行為的「合法節稅」、「逃漏稅捐」相近似但又有所不同。租稅規避是指納稅義務人基於規避稅法規定的意圖，不選擇稅法上所考量認為通常的法形式（交易形式），卻以選擇與此不同的迂迴行為或多階段行為或其他異常的法形式，來達成與選擇通常的法形式的情形基本上同一的經濟上效果，而同時減輕或排除與通常的法形式相連結之稅捐上負擔，也就是以投機取巧的方法鑽法律漏洞，迴避課稅要件的行為。例如，父親已知農地將被徵收，馬上將該地贈與子女，後來由其子女領取地價補償費的抵價權利，藉由贈與免徵贈與稅的農地，使子女實際取得領取地價補償費的抵價權利，以此方式規避贈與稅（最高行政法院105年度判字第644號判決意旨）。至於逃漏稅捐則是隱匿應課稅的行為，例如公司有銷貨事實未依規定開立統一發票，漏報銷售收入。
    租稅規避行為的法律效果，是稅捐稽徵機關得本於租稅法律主義的精神，依各該法律的立法目的，衡酌經濟上的意義及實質課稅的公平原則來解釋法律，不只從納稅義務人交易形式的表面來觀察是否已符合課稅要件，進而依調整確定正確稅額。不過，這時必須由稅捐稽徵機關負舉證責任。（稅捐稽徵法第12條之1、納稅者權利保護法第7條參照）。
",A             
不完全債務,不負清償責任的債務，一旦清償，也不能請求返還，又稱為自然債務。例如：擔任媒人約定報酬，新人可以不給，媒人不能對新人請求，但如果新人已經支付報酬給媒人，也不能要求媒人返還。另如：賭債或已罹於時效的債務，都屬於不完全債務的一種。,V             
假扣押登記,債權人對於金錢的請求或是可以換算成金錢的請求，因有日後不能強制執行或是很難執行的情形時，為了保全將來的強制執行，使債權獲得實現，可以向法院聲請假扣押，以暫時扣押債務人的財產。經法院裁定准許假扣押後，債權人持該假扣押裁定，向執行法院聲請扣押債務人的不動產時，執行法院會囑託地政登記機關為假扣押登記，以防止債務人隨意處置財產或脫產，損害債權人的權益。,A             
迨至,直到,G             
實害犯,指某些犯罪成立的前提，是這犯罪行為已經造成法律上保護的利益（如生命、身體、財產等）受到具體侵害（例如人死了、自由、財產權被剝奪了），而非只是抽象的風險或可能性而已。例如:傷害罪的被害人，在現實上身體已經遭受侵害，所以傷害罪是屬於實害犯。相對的，酒駕上路會提高發生交通事故的危險，所以只要酒駕上路，不用等到實際發生交通事故人員傷亡，也要處以刑罰，這個規定便不屬於實害犯。,M             
尚非無憑,應可採信、應屬事實,G             
受胎期間,指從子女出生日回溯第181日起至第302日止的期間。因婚生子女須於婚姻關係存續中受胎而生，可是懷胎期間的長短會因孕婦的體質不同而有所不同，故民國19年立法時，依當時一般醫學上的研究，胎兒自受胎至分娩，通常最短不少於181日，最長不多於302日，併參考德國民法規定，從子女出生日回溯第181日起至第302日止，為受胎期間。在受胎期間內，如有婚姻關係存在，則推定生母所生的子女係自夫受胎。,F             
公設辯護人,法院職員之一，經國家考試晉用，其職務係經審判長指定後，擔任具體個案被告之辯護人，協助被告保障其訴訟權益。,M             
主物,主物為具備獨立效用，並得為權利義務的客體之物，係相對於從物而言，主物係受從物輔助之物。例如電視跟遙控器，前者為主物，後者為從物。,V             
尚難謂非無,沒有、(建議避免使用雙重否定用語),G             
婚約損害賠償,"如果是指「違反婚約之損害賠償」，就是婚約當事人的一方，沒有民法第976條的理由而違反婚約，對於他方因此受到的財產上或非財產上的損害，應該負賠償責任。但是非財產上的損害賠償，必須受害人沒有過失，才能請求(請參考民法第978條、第979條規定)。
",F             
證據禁止,某些證據，例如以不符合法律程序或違法的手段所取得的證據，法院在審判時就禁止採用，就算這證據很重要、能證明犯罪事實也一樣。這是避免任何一方用不正當的方式進行訴訟的重要手段。,M             
更生程序,"債務人無擔保或無優先權之債務總額未超過1,200萬元時，在法院裁定開始清算程序或宣告破產前，向法院聲請更生，法院進行職權調查債務人財產後，協調更生方案，使債務人盡力清償債務後，獲得重生機會的程序。
請參考[http://www.judicial.gov.tw/work/work13.asp|司法院消費者債務處理專區]關於更生程序的說明。",V             
攀附,依商標法第70條第1款規定，明知為他人的著名註冊商標，而使用相同或近似的商標，因而減損該著名商標的識別性或信譽者，應視為侵害商標權，就是所謂的「攀附」。此種商標侵權類型，消費者對其商品或服務來源，雖然不致於產生混淆誤認的可能性，但仍可藉由模仿他人著名商標的攀附行為，而增加銷售機會。此攀附行為也被稱為「搭便車」行為。簡單來說，對於著名商標的攀附或搭便車行為，可能使著名商標與其指定商品或服務來源間的聯繫能力遭受弱化，造成消費者印象模糊，或對著名商標產生負面印象，而使著名商標的信譽遭受損害，因此被當成是侵害商標權的行為。,V             
無非以,就是用,G             
正犯,實行犯罪之人為正犯。,M             
法律關係,根據法律規定或契約約定，以一定的權利與義務為內容的關係。例如：買賣關係。,V             
職權上訴,法院判決對於被告宣告死刑或無期徒刑的這種案件，不論雙方要不要上訴，原審法院都該依職權主動將案件送到上級法院審判，並通知當事人，就此情形視為被告已提起上訴，刑事訴訟法第344條第5項及第6項定有明文。,M             
少年,"依我國少年事件處理法的規定，「少年」是指「12歲以上未滿18歲之人」，另「7歲以上未滿12歲之人」則稱為兒童。兒童及少年福利與權益保障法內的用語也相同。
至於聯合國兒童權利公約，是將未滿18歲之人一律稱為「兒童」，所以該公約雖名為「兒童權利」，實際上保障的權利主體是包括前述我國法律所規範的「少年」及「兒童」。",Y             
概括授權,是立法者授權行政機關就法律內容發布命令為補充規定的一種方式。建築法第15條第2項規定：「營造業之管理規則，由內政部定之。」即屬概括授權的例子。該項授權條款雖然沒有就授權的內容與範圍為明確規定，但依法律整體解釋，應可推知立法者有意授權主管機關，就營造業登記的要件、營造業及其從業人員行為準則、主管機關的考核管理等事項，依其行政專業考量，訂定法規命令，加以規範（司法院釋字第394號解釋文參照）。,A             
重複評價禁止原則,同樣的行為只能以刑罰制裁一次。,M             
住所,請參考住居所的解釋。,F             
特信性文書,刑事審判原則不允許直接使用「被告以外之人審判外陳述」做為證明犯罪事實存否的證據使用；但諸如戶籍謄本等公文書，或商業帳冊、航海日誌等業務上作成的文書，因作成者負有確保內容真實的義務，或具公示性等原因，被認為有特別可信性，例外容許作為證據使用。,M             
緊急拘提,拘提分為一般拘提和緊急拘提（也有稱作緊急逮捕的），一般拘提是以有拘票為前提，但如果有法定原因而情況急迫時，檢察官可以不用拘票、司法警察官或司法警察可以不用事先聲請拘票，就可以緊急將這個人拘提。依刑事訴訟法第88-1條規定，緊急拘提的法定原因有：一、因現行犯之供述，且有事實可以判斷這個人具有重大嫌疑。二、在執行刑罰或羈押中脫逃的人。三、有事實可以判斷犯罪嫌疑重大，於被盤查時而逃跑的人。但所犯的罪是輕罪的話除外。四、這個人涉嫌犯的罪屬於重罪，而且嫌疑重大，並且有事實可認為有逃亡的可能性。,M             
依法論科,依據法律論罪科刑,G             
少年輔育院,法務部所設置執行感化教育的場所，目前全國共有二所：桃園少年輔育院、彰化少年輔育院。另新竹誠正中學也是執行感化教育的地方。,Y             
不違背職務行賄罪,為杜絕過去「收錢有罪，送錢沒事」的不良社會現象，消除民間積習已久的紅包文化，以革新政治風氣，確保政府公務之適當與公正運作，貪污治罪條例特別增訂不違背職務行賄罪。也就是，民眾除了不能提供好處(金錢、物品、飲宴或性招待等)，要求公務員做「不合法」的事(違背職務行賄罪)，也不能提供好處，要求公務員做「合法」的事，例如建設公司雖然按照法規或合約規定施工，但為了儘快收取尾款，而提供好處給承辦公務員，希望該公務員能夠趕快通過驗收。所謂「不違背職務」，係指公務員在職務權責範圍內應該做或可以做的行為。而「行賄」則是指基於要求公務員依法行使特定職權之目的，而主動向公務員表達願意提供不法利益的意思。這種提供好處的意思一經傳達給該公務員得知，不論該公務員是否同意配合，該犯罪(行賄罪)就已經構成，最重可以判處3年有期徒刑。,M             
置辯,申辯；辯論。,A             
惟查,但、但是、但是依,F             
先買權,所謂「先買權」又稱為「優先購（承）買權」，是指在出賣人出售標的物時，可以對出賣人主張以同樣條件，優先承買該物的權利。例如：甲向乙租用土地建築房屋，若土地所有人乙想要把該土地賣給丙時，甲有權利向乙主張比照乙賣給丙的買賣條件，優先於丙承買該土地。,V             
似難謂非,似乎就是…的意思。,F             
離婚,夫妻的婚姻關係消滅。,F             
承受訴訟,指訴訟程序因發生當事人死亡等法定事由而當然停止後，由民事訴訟法第168條至第172條及第174條所規定的承受訴訟人（例如：被告死亡，由其繼承人、遺產管理人為承受訴訟人），向法院聲明承受當事人等之地位，而續行訴訟程序。除此之外，他方當事人，也可以向法院聲明承受訴訟，法院也可以依職權以裁定命上述承受訴訟人續行訴訟。 ,V             
不實交易資訊,所謂資訊，就是將各種資料經過有系統的記錄、整理、統計、分析之後，從中獲得可以用來作為判斷或行動的依據。因此不實交易資訊，就是指買賣過程中，各種與買賣相關的虛假資料。,M             
無庸,不需要、不用的意思。,G             
反證,本證是指可以證明被告犯罪之證據，而對於本證具有否定作用的證據，稱為反證。在刑事訴訟中，認定被告犯罪成立，必須要有本證，如果沒有本證，就算被告所提出的反證無法證明，也不能因此認定被告犯罪。,M             
下命處分,"行政處分如以處分的內容作為分類的標準，可分為下命處分、確認處分及形成處分。其中所謂下命處分是指行政機關為維持秩序，或採取一定強制手段，達成行政任務時，以「命令」或「禁止」的方式，要求受處分人必須進行特定行為、不得為特定行為、或者容忍一定行為，受處分人如果不履行該義務，行政機關可以用強制執行的方式命令受處分人為之。
例如：集會禁止、營業禁止、入伍的召集、危險建築物的拆除決定等。",A             
反訴,被告在原告對其起訴的同一訴訟程序中，於一定要件下，可以對原告提起的訴訟，由法院在同一訴訟程序中一併審理原告的起訴及被告的反訴有無理由。例如：原告起訴請求確認被告對原告的買賣價金請求權不存在，被告認為他對原告的買賣價金請求權存在，而提起反訴請求原告給付買賣價金。,V             
不具可罰之違法性,指行為雖符合犯罪構成要件之規定，但因其質與量不符合刑事制裁要求，不具值得處罰程度的違法性，所以犯罪不成立。如竊取他人一張空白紙，雖符合竊盜罪的構成要件，但因價值極低，侵害之法益極輕微，一般社會觀念不認有科處刑罰必要。,M             
發回更審,第三審法院將原審判決撤銷，將案件發回原審法院重新審理 。,M             
行政處分無效,"行政處分自始、當然、確定不發生效力。
例如：人民假冒是公務員而作成行政處分，這樣的處分無效。
",A             
想像競合犯,被告做一件犯罪行為，同時侵害數個法律要保護的利益，這樣的行為雖然同時成立數個不同的罪名，但因為犯罪行為只有一個，所以刑法規定此時只就其中最重的罪來處罰。法律依據為刑法第55條 : 一行為觸犯數罪名，從一重論斷。例如，丙開車不小心撞上機車騎士甲及乘客乙，同時造成甲和乙受傷，則此時丙只成立一個過失傷害罪是。,M             
假釋期滿,所謂假釋係指對於受長期自由刑執行的受刑人，於執行一定刑期之後，認為確實有悔悟的情形，國家附加條件而准予提前出獄的制度。受刑人符合刑法第77條所規定的假釋要件(無期徒刑執行超過20年，有期徒刑超過1/2、累犯超過2/3)，經法務部准許出獄者，就附加「於一定期間內不得再次故意犯罪」作為條件，該條件存續的期間，就稱為假釋期間，假釋期間屆滿，就稱為假釋期滿。在無期徒刑假釋後滿20年，或在有期徒刑所剩餘的刑期內，如果沒有被撤銷假釋(也就是假釋期滿，沒有被撤銷假釋)，那麼原來沒有執行完的刑期，就視為已經執行完畢。,M             
提解,提解是指在押或在監執行的被告或受刑人，有到庭接受訊問或詰問的必要時，由法警承法官之命將被告或受刑人自拘禁處所借提出庭，待完成開庭程序後，再解還回原拘禁處所。,G             
不起訴處分之救濟,"告訴人接到不起訴處分後，不服檢察官的決定，可以在7日內，用書狀說明他不服的理由，經原檢察官向上級檢察署聲請再議。
上級檢察署審核後，如果認為再議不合法（包含已經超過7天才提出再議，或者沒有寫不服的理由等），上級檢察署就會以公函通知聲請再議的告訴人，駁回再議。如果認為告訴人聲請再議有理由的話，可以自己或命令下級檢察署再次偵查，或者命令下級檢察署起訴。但是，如果上級檢察署認為原來下級檢察署的決定沒有錯誤，告訴人聲請再議沒有理由的話，就會作一個駁回的處分。告訴人接到上級檢察署駁回處分，仍然不服的話，在10日內應該委任律師，並且提出理由狀，向法院聲請交付審判，讓法院判斷這個案件可不可以進行審判。",M             
行為罰,"違反稅法的處罰，有因行為人違反稅法上之作為或不作為義務而予處罰者，不以漏稅為必要，為行為罰（至於因逃漏稅捐而予處罰者，則為漏稅罰）。此所稱行為義務，例如稅籍登記、辦理結算申報等。舉例而言，如加值型及非加值型營業稅法第47條規定：「納稅義務人，有下列情形之一者，除通知限期改正或補辦外，並得處新臺幣三千元以上三萬元以下罰鍰；屆期仍未改正或補辦者，得按次處罰，並得停止其營業：一、核定應使用統一發票而不使用。二、將統一發票轉供他人使用。三、拒絕接受營業稅繳款書」。

",A             
特別刑法,刑法在適用範圍上可以區分為普通刑法與特別刑法。對於犯罪及其刑罰之規定，不問犯罪人、時間、地點、事件為何，均一律適用者，稱之為普通刑法。而所謂特別刑法，則是指因人、事、時、地等特別情形，制定適合於該特別情形之刑事法律，例如毒品危害防治條例、貪污治罪條例、陸海空軍刑法，即為適例。,M             
物證,法律上具有證據作用的物品。,M             
非不得,就是「得」、「可以」的意思。,F             
不真正溯及既往,"「不溯及既往」原則，指不能以法規規範過去發生的事實之原則。此一原則源自於法治國原則、信賴保護原則，是指導立法者立法的原則，同時也是適用法律的原則。其道理在於國家不能期待人民現在的行為合乎未來法令的要求，當然就不能要求新的法規適用於之前已經發生的事件。由於此一原則意在保障法律的安定性以及人民對於法規的信賴，因此，法律的修正如果對於人民有利，或該法規溯及適用於過去的事實並不違反信賴保護原則，則不至於受到不溯及既往原則的禁止。

    行政法規的類型很多，所謂「以法規規範過去發生的事實或法律關係」，此一事實可能屬於已經完全終結的過去事實或法律關係，也可能是過去已經存在，法規修正時還沒有完結，現在仍然持續中的事實或法律關係。如果是前者，則屬於「真正溯及既往」；如果是後者，則屬於「不真正溯及既往」。區別的重點在於法規所規範的事實或法律關係，在法規生效施行時點是否已經結束。如果已經結束，就屬於「真正溯及既往」。如果行政法規生效當時，事實或法律關係業已存在且尚未終結，而依該法規規定對之發生「立即效力」，則該法規之適用，雖然類似「溯及既往」，但畢竟仍是向將來發生效力，而不是「溯及既往」發生效力，所以才稱為「不真正溯及既往」。例如：職業或營業行為法定要件之變更；考試規則之補充等。
區別「真正溯及既往」與「不真正溯及既往」的用意，在於發展不同的審查標準。可以想見，「真正溯及既往」對於法安定性與人民對於法規的信賴較具破壞性，原則上不應許可，其許可之條件更為嚴格；「不真正溯及既往」則以信賴保護原則與比例原則作為其憲法上可受容許的界限。特定法規如果涉及不真正溯及既往，應該檢驗法規之所以採不真正溯及既往，所追求的公益為何？法規適用對象之相關利益是否優越於法規變動之理由？不真正溯及既往之規定是否不適合達成法規目的，或非達成法規目的所必要等。再者，則應檢驗不真正溯及的規定，是否規劃適當的過渡條款，讓利益受影響的人民，得以調整生活，適度保障人民對於法規繼續存續的信賴利益。
",A             
覈實,考查實際。,G             
性侵害犯罪,性侵害犯罪之定義規定於性侵害犯罪防治法第2條第1項「本法所稱性侵害犯罪，係指觸犯刑法第二百二十一條至第二百二十七條、第二百二十八條、第二百二十九條、第三百三十二條第二項第二款、第三百三十四條第二項第二款、第三百四十八條第二項第一款及其特別法之罪。 」。,M             
尚非,就是「不是」、「不能」、「不符合」的意思。例如，「尚非可採」與「不能採信」，意思是相同，但前者是一種較為緩和的口氣。,F             
得處分之事項,可以由當事人依他本人的意思自行決定或變更的事項，例如離婚、分割遺產等事項。,F             
特種貨物稅,"針對特種貨物及勞務稅條例規定的特種貨物的銷售、產製、進口或特種勞務的銷售行為而課徵的租稅。
例如：小客車的座位為9人座以下，且每輛銷售或完稅價格達新臺幣300萬元時，銷售、產製或進口就必須課徵特種貨物稅。",A             
仍難謂非,還是很難說不是這樣的意思，表示「應該是...」。,A             
洵堪認定,可以這樣認定,M             
清算人,解散的公司，除因合併、分割或破產而解散外，必須進行清算。清算人的地位相當於公司解散前的董事，代表公司了結業務、分派剩餘財產等。,V             
公訴罪,"公訴罪係相對於「告訴乃論之罪」的名詞，所謂非告訴乃論之罪，則是不管有沒有經過合法告訴，檢察官都有訴追的權力。經過合法告訴的告訴乃論案件，只是讓檢察官發動偵查，並不是說被害人提起告訴，檢察官就一定要起訴被告。
有些非告訴乃論的犯罪如果發生在特定親屬間的話，就會變成告訴乃論的犯罪。比方說，竊盜罪本來是非告訴乃論的犯罪，但是，如果發生在親屬間，例如孫子偷爺爺的錢的案子，就會變成告訴乃論的犯罪。也就是說，除非爺爺想要追究孫子的偷竊行為，並且向檢警機關提出竊盜告訴，不然檢察官不可以起訴孫子的偷錢行為。",M             
裁量性準則,行政規則的一種，為協助下級機關或屬官行使裁量權，而訂定非直接對外發生法規範效力的一般、抽象性規定（又稱裁量基準，例如稅務違章案件裁罰金額或倍數參考表），請參考行政程序法第159條第1項、第2項第2款規定。,A             
滯納金,滯納金是指負擔公法上金錢債務之債務人，對於已屆清償期的債務未繳納時，依法所另應負擔的金錢給付義務。滯納金並非利息，而是一種促使債務人準時給付的壓力措施。滯納金在我國稅法領域使用廣泛。例如：依所得稅法第112條規定，只要納稅義務人未在規定繳納期限內繳納稅款，稅捐稽徵機關就可以按照納稅義務人所未納稅款金額加徵一定金額的滯納金，以促使納稅義務人儘速繳納稅捐。,A             
發信主義,是一種法律概念，指意思表示於表意人將該意思表示發送出去後即為生效。,G             
家護字第1919號,請參考「106年度家訴字第831號」的解釋。,F             
職災,職災為職業災害的簡稱，依「職業安全衛生法」第2條第5款規定，職業災害是指因勞動場所的建築物、機械、設備、原料、材料、化學品、氣體、蒸氣、粉塵等或作業活動及其他職業上原因引起的工作者疾病、傷害、失能或死亡。另同法第5條規定，雇主應在合理可行範圍內，採取必要之預防設備或措施，使勞工免於發生職業災害；機械、設備、器具、原料、材料等物件的設計、製造或輸入者，以及工程的設計或施工者，應在設計、製造、輸入或施工規劃階段實施風險評估，致力防止此等物件於使用或工程施工時，發生職業災害。該法乃是透過對於雇主、事業單位課予公法上義務，達成防止職業災害，保障工作者安全及健康的立法意旨。,A             
農作改良物,"附著於土地的農作物及其他植物與水利土壤的改良。
例如：果樹、茶樹、竹類、觀賞花木、造林木等。",A             
撤銷訴權,一般撤銷權的行使，僅需一方以意思表示向他方為之即可。至於撤銷訴權係指債權人行使撤銷權之方法，必須以他方為被告向法院提起訴訟的方式為之，此即學說所稱之撤銷訴權。例如民法第244條規定之撤銷權即屬之。,V             
綦,非常的意思。,G             
公證費用,請求公證人辦理公證或認證所須支付之代價。,V             
遞行告知,民事訴訟法第65條規定：「告知訴訟，應以書狀表明理由及訴訟程度提出於法院，由法院送達於第三人。受訴訟之告知者，得遞行告知。」遞行告知即指受訴訟告知之第三人，得將訴訟轉告知於有法律上利害關係之他人，以促使其參加訴訟。,"F,V           "
公證書,公證人因當事人或其他關係人的請求，就法律行為及其他關於私權的事實所作成的公文書。其格式可參公證法施行細則附式五(網址：http://172.16.16.159/Index.htm）,V             
言論自由,言論自由為人民的基本權利，憲法第十一條有明文保障，國家應給予最大限度的維護，協助人民實現自我、溝通意見、追求真理及促使各種政治或社會活動的功能得以發揮。,A             
附帶搜索,"解釋一：檢察官、檢察事務官、司法警察官或司法警察逮捕被告、犯罪嫌疑人或執行拘提、羈押時，雖無搜索票而得逕行搜索之。對象以被告或犯罪嫌疑人之身體、隨身攜帶之物件、所使用之交通工具及其立即可觸及之處所為限。例如：受搜索人於飯店用餐時，搜索權人亦得搜索其立即可觸及之處，即其座位附近之處。
解釋二：在執行拘提、逮捕被告（或犯罪嫌疑人）後，為了保護執法者及被告自身安全或防止湮滅證據，而時間上急迫來不及聲請搜索票，刑事訴訟法第130條規定可以在沒有搜索票的情形下進行附帶搜索。
附帶搜索可以搜索的範圍，包括身體、隨身攜帶的物件、使用的交通工具及可立即觸及到的處所。例如，警員在逮捕涉嫌毒品犯罪的被告時，對於被告當時使用的交通工具自用小客車可立即觸及之處所，進行附帶搜索，結果在搜索過程中發現槍枝、子彈。",M             
私權爭執,私權是相對於「公權」的概念，指自然人、私法人或非法人團體等在私法上所享有的權利，如人格權、身分權、財產權等。私權的權利主體通常固為自然人、私法人等私人或團體，但並不以此為限，如果公法人、地方自治團體、行政機關從事私法活動，也會享有私權並形成私權法律關係。凡因私權法律關係所產生的爭議，都是屬於私權爭執的範疇。,A             
目的性解釋,從條文的規範目的，解釋條文意義的方法。因為條文的訂定，必有其欲達成目的，因此從條文規範意義與目的為解釋之方法，可整合各種解釋方法，而找出條文的真正意義。例如：憲法第17條規定：「人民有選舉、罷免、創制及複決之權」，由於這四種權利均與公民參政權有關，因此該條所指「人民」透過目的性解釋結果，應解釋為僅限於中華民國公民。,V             
赦免,赦免指法院判決後，免除被告罪責或刑罰的執行。赦免種類分大赦、特赦、減刑及復權四種罰。,M             
衡諸上開情形,考量前述情形,G             
至為灼然,非常明顯的意思。,F             
容許危險原則,容許危險係指某些行為雖然本身具有相當程度的危險，但容忍行為在社會上是有益且不可或缺的，所以在一定範圍內，容許行為人所製造之危險，是超法規阻卻違法事由之一。例如醫生在車禍事故現場，以不足夠的醫藥急救傷患。,M             
無訛,沒有錯誤的意思。,G             
聲明承受訴訟,訴訟程序依法當然停止（例如：民事訴訟法第168條當事人死亡、第169條第1項法人合併...等）後，由法律規定的承受訴訟人（例如：繼承人、遺產管理人、法人合併後的存續法人等）向法院表示以承受訴訟人的地位繼續原來當事人的訴訟程序。,V             
猶執詞主張,依然主張,G             
核定訴訟標的價額,法院就原告因起訴所得受之客觀利益價值進行核定。核定訴訟標的之價額，以起訴時之交易價額為準；無交易價額者，以原告就訴訟標的所有之利益為準（民事訴訟法第77條之1第2項）。訴訟標的金額或價額並作為個別民事訴訟事件應適用之何種程序（通常、簡易或小額）（民事訴訟法第427條第1項、第436條之8第1項）、法院應否依職權宣告假執行（民事訴訟法第389條）、應否強制調解（民事訴訟法第403條第1項第11款）等之判斷依據。例如：原告起訴請求被告給付貨款新台幣（下同）30萬元，其訴訟標的價額即為30萬元，因未逾50萬元，故應適用簡易訴訟程序且依法應強制調解，法院判決原告勝訴時，並應依職權宣告假執行。,V             
自治團體,"實施自治，具公法人地位之組織或團體。廣義的自治團體，指整個的自治體系，包括各級自治立法機關及行政機關在內。狹義的自治團體則僅指各個自治機關的本體。
例如：直轄市設市政府及市議會，直轄市分區設區公所；縣設縣政府及縣議會；鄉、鎮、縣轄市設鄉（鎮、市）公所及鄉（鎮、市）民代表會；鄉之下設村；鎮、縣轄市及區之下設里。",A             
自始無效,無效的法律行為在其成立時，就不發生效力。 例如：民法規定結婚應該以書面為之，除有兩人以上的證人簽名，並應由雙方當事人向戶政機關為結婚的登記，如果只有舉行結婚儀式，但沒有去戶政機關辦理結婚登記，該婚姻在法律上是無效（民法第982條、第988條第1款 ）；另如：違反近親婚的規定，婚姻也是自始無效的（民法第983條、第988條第2款 ）。 ,V             
本件,就是「這一件」，通常和「本案」同義。但如果是「本件文書」，即從其字面的意思。,F             
確認之訴,原告對被告請求判決確認法律關係的存在或不存在、證書的真假、作為法律關係的基礎事實存在與否的訴訟。,V             
資力,財富、財力,G             
訴訟指揮權,為使訴訟之審理程序能迅速、公平而充實之進行，而賦予法院(或審判長、被授權之權限內之受命法官)得採取適切處置之訴訟主宰的權能。,M             
事實審法院,"判決，主要包括兩部分，即認事與用法。
認事是認定事實，用法是適用法律，其順序是先依證據判斷認定事實，再依據法律作適當的裁判。
而事實審並非只認定事實而不適用法律，其真意乃在公開的審判，直接的言詞辯論，以求發現事實真象，並根據認定的事實，來適用法律，其意義實含有認事與用法兩部分。係相對於法律審不直接參與事實調查之相對稱謂。",M             
觀諸,依照,V             
遺產分割執行,應該是指「分割遺產」，也就是分配遺產的意思。,F             
就審期間,行政法院通知當事人到庭進行訴訟程序時，除有緊急情形外，應預留一定的時間，使當事人有充裕的時間準備訴訟攻防。行政訴訟法第109條即規定，言詞辯論期日，距起訴狀之送達，至少應有10日的就審期間，但有急迫情形，不在此限。,A             
第二次裁決,"第二次裁決起源於二次世界大戰後六零年代德國發展之概念。該概念代表
原行政處分發生形式上之存續力後，行政機關依職權或經當事人異議，就原行政處分於未變更原有行政處分之事實及法律狀態，重新為實體上審查，另為裁決。此與重覆處分不同，基本上最大差異在於原處分機關有無重新審查，若有，代表為第二次裁決，比如依照行政程序法第128條重開程序後所作成之處分，一律視為第二次裁決。
",A             
公平原則,相同的事件應為相同的處理，不同的事件則應為不同的處理，除非有合理正當的事由，否則不得為差別待遇。,A             
客觀事實,"實際存在的事實。相對於「主觀事實」，是個人價值判斷所認定的事實。
例如：101大樓位於臺北市信義區，是客觀事實；「敝叟自珍」則是主觀事實。",A             
審定,"在具體訴訟中，具備可為正當當事人且受本案判決的資格。
例如：甲把自用小客車停放在禁止臨時停車的地方，被交通警察開單告發，經裁決處罰鍰新臺幣900元，甲向行政法院提起行政訴訟，主張這個停車地方本來就可以臨時停車，甲不應該被處罰等等。依照甲起訴主張的內容，顯現出交通警察的裁決可能有違法的情形而損害甲的權利，甲就具有提起行政訴訟的「當事人適格」或「原告適格」。",A             
核駁,審核後決定駁回。,A             
軟蕊猥褻物品,猥褻物品依其內容，如含有暴力、性虐待或人獸性交等無藝術性、醫學性或教育性價值者，屬於硬蕊之猥褻物品；硬蕊以外其他足以刺激或滿足性慾，而令一般人感覺不堪呈現於眾或不能忍受而排拒之猥褻物品，即屬軟蕊之猥褻物品。,M             
應有部分,共有人對於一物共同享有所有權之比例（民間通稱持分）。分別共有的發生，有基於共有人之意思者（例如：數人共同受讓土地一筆），亦有基於法律規定者（例如：因添附所生之共有關係），如各共有人之應有部分不明，推定各其為均等。,V             
權利耗盡,專利權利耗盡，指專利權人所製造或經其同意製造之專利物販賣後，專利權已耗盡，其專利權之效力不及於使用或再販賣該物之情形，且前述製造、販賣不以國內為限（專利法第59條第1項第6款、第120條、第142條）。商標權利耗盡，則是附有註冊商標之商品，由商標權人或經其同意之人於國內外市場上交易流通後，商標權即已耗盡，商標權人不得就該商品主張商標權，但為防止商品流通於市場後，發生變質、受損，或有其他正當事由者，不在此限。（商標法第36條第2項）。,V             
合審合判,由於相牽連之案件（例如：一人犯數罪、數人共犯一罪或數罪）可能有部分證據是共通的，如由同一法院合併審判，除了訴訟經濟，也可避免裁判歧異，故刑事訴訟法第6條規定此時得合併由其中一法院管轄，如已由不同法院受理中，亦可依法裁定移送於一法院合併審判。,M             
行政刑法,指規範於行政法中具刑事法律效果之規定，屬廣義刑法，如公司法第9條第1項。除有特別規定，仍適用刑法總則相關法條，如刑法第12條，於行政刑法適用之，此類案件同樣依刑事訴訟程序予以追訴、審判及執行。,M             
佐證,其他證據,G             
法律明確性原則,法律的內容、範圍應具體明確，使人民可事先預見及考量。法律規定的構成要件，如使用抽象概念表示，必須意義上不是難以理解，且一般受規範者可以預見，並可經由法院加以確認，就沒有違反法律明確性原則（司法院釋字第702、659、545、521號解釋）。,A             
職務協助,行政機關為發揮共同一體的行政機能，應於其權限範圍內互相協助。行政機關執行職務時，如符合法定要件，可以向無隸屬關係的其他機關請求協助。詳細內容請參考行政程序法第19條規定。,A             
就地訊問,檢察官於偵查中訊問被告或證人，或法院於審判中訊問證人，原則上應該在檢察署或法院進行，不過，因應被告或證人不能到場或有其他必要情形，例如，被告或證人病重臥床，可以到被告或證人的所在地進行訊問，稱之就地訊問。,M             
督促程序,若債權人對債務人請求給付一定數量的金錢、代替物（ 如：米、麵粉、油、鹽等）、或有價證券（如：支票、本票、匯票、公司股票等），可請求法院對債務人核發「支付命令」來督促債務人清償並賠償督促程序費用。債務人如果收受支付命令後20日內，未聲明異議，債權人就可以根據確定的支付命令聲請法院強制執行債務人的財產。督促程序是一種簡便、迅速、省時的特別程序(民事訴訟法第508條至第521條)，相關程序說明請參考[http://www.judicial.gov.tw/QnA/QnA.asp|司法院網站](在「問答集搜尋」欄內輸入檢索字詞「支付命令」)。,V             
侵權行為,故意或過失侵害他人權利或利益的違法行為。例如：駕車故意違法衝撞正在過馬路的行人，就是故意以違法的行為侵害行人的身體健康權，因此駕車闖紅燈撞傷行人的行為就是一種侵權行為。,V             
管收,司法機關於一定期間內拘束人民身體自由之強制處分。,A             
抛棄繼承淮予備查,請參考「本件抛棄繼承淮予備查」的解釋。,F             
人之同一性,刑事訴訟法第266條規定起訴之效力，不及於檢察官所指被告以外之人，此即起訴對人之效力，也就是檢察官起訴對象為被告之「人」，並非其「姓名」。法院審判之對象，是否就是檢察官所指之被告，應該以檢察官指為刑罰對象之被告為依據，縱使犯罪行為人以偽名或冒用他人名義應訊，導致檢察官以被冒名者之姓名、年籍起訴，但檢察官指為被告之人，就是實際上到偵查庭應訊的人，法院自應對其為審判，而該被冒名頂替之人，並不是檢察官指為被告之人，縱使檢察官誤以其姓名、年籍起訴，仍非檢察官指為刑罰對象之人，非起訴效力所及，法院自不得對其加以審判。,M             
和解,指當事人間對於紛爭，雙方各自讓步達成一致的看法。在刑事訴訟上，被告與被害人有沒有和解，通常是影響法官量刑的參考因素之一。,M             
聲請人,向法院提出聲請事件的人。,F             
再抗告,再抗告乃係對於抗告法院駁回抗告時，再對該駁回抗告之裁定提起抗告之程序。,M             
定應執行刑,指法院就被告所犯的數罪，而宣告數刑期時，依職權或聲請將該數刑期，裁定被告合併應執行的刑期。例如：被告犯三個竊盜罪，各被判有期徒刑一年、一年六月、二年，法院定被告應執行有期徒刑四年。,M             
違背職務受賄罪及行賄罪,為刑法之罪名，規定於刑法第122條「（第1項）公務員或仲裁人對於違背職務之行為，要求、期約或收受賄賂或其他不正利益者，處三年以上十年以下有期徒刑，得併科七千元以下罰金。（第2項）因而為違背職務之行為者，處無期徒刑或五年以上有期徒刑，得併科一萬元以下罰金。（第3項）對於公務員或仲裁人關於違背職務之行為，行求、期約或交付賄賂或其他不正利益者，處三年以下有期徒刑，得併科三千元以下罰金。但自首者減輕或免除其刑。在偵查或審判中自白者，得減輕其刑。（第4項）犯第一項或第二項之罪者，所收受之賄賂沒收之；如全部或一部不能沒收時，追徵其價額。」。,M             
法官知法,關於法律的解釋、判斷及適用，是法官的職責，當事人提出主張及證據，法官調查證據、認定事實之後，就應該依職權尋求、發現法律的所在，不受當事人所表示的法律見解拘束。,F             
自屬無據,自然沒有依據,V             
彰彰明甚,彰、明，都是顯著的意思，「彰彰明甚」就是指事實或道理十分明確、顯著。,G             
乘機性交罪,指「對於男女利用其精神、身體障礙、心智缺陷或其他相類之情形，不能或不知抗拒而為性交」的犯罪類型。「其他相類之情形」是指除精神、身體障礙或心智缺陷外，其他一切不能或不知抗拒的情形。「不能或不知抗拒」，則包含心理上或物理上無法抗拒的狀態。,M             
上揭,前述、上述,G             
當事人能力,在訴訟程序上得為當事人之資格，一般以有無權利能力為標準。例如：自然人具有擔任刑事訴訟案件被告之能力。,M             
反訴之標的,被告提起反訴時，請求法院裁判的法律關係。例如，原告請求被告拆屋還地，被告抗辯雙方有租賃關係，並提起反訴，請求確認雙方間租賃關係存在，該租賃法律關係，就是反訴的標的。,V             
執行罰,執行罰，指義務人經催告逾期仍不履行公法上的作為或不作為義務時，行政機關為了強制行為人履行，所採取的間接強制手段，通常是對義務人處以一定金額的怠金。,A             
自為判決,上級法院依法不將案件發回下級法院，而自己來下判決的情形。例如小明涉犯竊盜案件，小明對第一審判決不服，上訴至二審法院，二審法院審理後認為證據不足以證明小明有罪，於是撤銷原判決後，自行改判小明無罪。,M             
規制作用,行政行為直接創設、消滅、變更當事人的權利義務，或發生有拘束力地確認權利存在與否的法律效果。,A             
地目,地目是指各直轄市、縣（市）地籍冊所載之土地使用類別。按地目等則制度係日據時期依土地使用現況所銓定，沿襲以來，其於土地登記簿之記載與現況已不相符。目前都市土地使用管制係以都市計畫及其相關法令規定辦理；非都市土地則以使用地類別管制，均非以地目作為利用及管制之依據。內政部遂於105年10月27日以台內地字第1050436952號函令發布「自106年1月1日正式廢除地目等則制度，並停止辦理地目變更登記」，故自106年1月1日起，土地登記及地價資料謄本及權利書狀，不再有地目等則之欄位。,A             
強制金,"指在家事事件中，當債務人依執行名義應定期或分期給付特定費用，如家庭生活費用、扶養費及贍養費等，而有一期沒有全額給付，雖然其他期的期限還沒到，債權人可以聲請執行法院要求債務人應遵期給付、並命債務人在未遵期給付時，應增加給付的金錢，額度不超過該期應付金額的一半。例如：法院裁定命夫應按月給付家庭生活費用1萬元給妻，倘夫有一期未履行，妻可聲請法院命夫應按時支付，及命夫在未按時給付時，應增加給付不超過5,000元的金額，以使夫為避免多付錢而按時支付，此金額即稱為強制金。",F             
拍賣抵押物,抵押權人於債權已屆清償期，而未受清償時，聲請法院將抵押物予以拍賣，就其賣得價金受清償的程序。,V             
對價關係,「對價關係」，指為求對方為一定的行為或一定不行為，而提供特定的利益給對方。在貪污治罪條例案件中，必須就公務員特定職務上的行為或違背職務的行為與他收受的利益之間具有對價關係，才能成立貪污罪，若二者間欠缺對價關係，就不能成立犯罪。,"F,M           "
自首情形紀錄表,記載犯罪嫌疑人自首的相關文書,M             
詐術,傳遞與事實不符的資訊之行為，包括虛構事實、扭曲事實或掩飾事實等手段，例如：把仿冒品稱為名牌精品販賣。,M             
撤回告訴,"解釋一：告訴乃論之罪，告訴人於檢察官偵查中或地方法院辯論終結前撤回告訴。撤回之方式，則無論書面或言詞皆可。
解釋二：告訴權人且提出告訴的話，就稱為「告訴人」。依照刑事訴訟法第238條規定，告訴乃論之罪，告訴人可以在第一審法院言詞辯論終結前，撤回所提出的告訴。如果在偵查階段，撤回告訴應該向警察或檢察官表示，檢察官就要依據刑事訴訟法第252條第5款規定為不起訴處分。在起訴後，就應該向法院表示，法院則依據刑事訴訟法第303條第3款規定為不受理的程序判決。但是，告訴人在第一審法院言詞辯論終結以後，就不能再撤回告訴，法院仍然要對被告為有罪或無罪的實體判決。此外，撤回告訴的人不可以再就同一件事情提出告訴。如果再提出告訴的話，就會被檢察官不起訴處分。",M             
似難謂非無,很難說沒有的意思，表示應該如此。,A             
公訴檢察官,實行公訴的檢察官，也就是案件經提起公訴後，在法院審理的階段，擔任控訴方角色的檢察官，主要工作內容包括陳述起訴要旨、對證據調查表示意見、辯論證據的證明力、對事實、法律及科刑進行辯論。,M             
依法即無不合,符合法律規定,G             
刑事附帶民事訴訟,"被告觸犯刑法，要受到國家處罰。
而如果所觸犯的刑法同時也傷害到其他人，受害的人可以提起「刑事附帶民事訴訟」，也就是請法官除了就被告所犯的罪予以處罰外，也要決定被告應該要怎麼賠償被害人。",M             
假釋中付保護管束,指於假釋期間，仍須付保護管束。即受刑人於服刑結束前，提早釋放，但仍應定期向監督者報到、回報狀況，但並不是已經服刑完畢。換句話說等同在監獄外受國家監督，同時也算在外服刑而非監獄服刑。,M             
意圖,與犯罪故意同屬獨立的主觀上構成犯罪的要件，指行為人出於特定的犯罪目的，而努力想讓犯罪實現，以達其犯罪目的的內心想法。例如刑法第320條即規定要構成竊盜罪，除了有犯罪故意之外，行為人內心還需具有「意圖為自己或第三人不法之所有」的主觀要件，若欠缺這樣的內心意識，還不能成立竊盜罪。,M             
擔保金,法院依當事人一方的聲請，准許該當事人為特定行為時，可以同時命該當事人提供一定的金額作為擔保，日後如果他方當事人因該行為遭受損害，可以由該擔保金先獲得賠償。此在法院准為假扣押、假處分、宣告假執行或停止執行等時，最為常見。,V             
分別共有,數人依其對共有物所有權的比例，對於一物共同享有所有權。例如：甲、乙、丙三人各出資300萬元購買A地，甲、乙、丙約定以應有部分各三分之一的比例，共同享有A地的所有權。,V             
行政行為,行政行為是行政機關各種行為的統稱，其法律類型依照目前學說及法制規範，大致上可以區分為行政命令（含法規命令及行政規則）、行政處分、行政契約、行政事實行為四類。,A             
少年調查官,法院調查保護室同仁，調查、蒐集關於少年保護事件與資料，對於收容在少年觀護所少年的調查事項及辦理其他法律規定事務。,Y             
阻卻罪責事由,行為構成犯罪，必須具備構成要件該當性、違法性及有責性。如果行為時不具備可責性，也就是具備阻卻罪責事由時，即不構成犯罪或得因而減輕其刑。阻卻罪責事由，規定在刑法第16條、第18條、第19條及第20條。,M             
第一代人權,第一代人權主要是指「公民及政治權利」，其內涵包括身體、居住、遷徙、言論、良知、信仰、表意、出版、通訊及集會遊行等自由權，另亦包括具有自由權意義的財產權、救濟權（即訴訟權）與參政權。,G             
消滅時效,"權利因長期不行使而使其請求權效力消滅或減損的制度，在行政法律關係上，亦為權利本身消滅的原因（與民法規定不同）。又具有財產性質的公法上請求權，不論是國家或人民所有，都有消滅時效的適用。
例如：依行政程序法第131條第1項規定，公法上請求權，行政機關為請求權人者，原則上為5年間不行使而消滅；人民為請求權人者，原則上為10年間不行使而消滅，但法律另有規定者，則依其規定，如稅捐稽徵法第28條規定的退稅請求權。",A             
書面警告,書面警告是行為人違反法令時，主管機關以書面方式告知其違法情形，並要求改善的一種處置措施。例如依「飼料管理法」第17條規定，經營飼料或飼料添加物的批發、零售、輸入及輸出業者，如有歇業或變更名稱、地址或代表人姓名或住址的情形，應於歇業或變更後15日內，向其所在地的直轄市或縣(市) 主管機關申報。若有違反，依同法第32條規定，直轄市政府或縣 (市) 政府先予書面警告；再有違反者，處新臺幣1萬5千元以上10萬元以下罰鍰。,A             
頂替罪,刑法第164條第2項之頂替罪，指行為人雖無藏匿「犯人」或「依法逮捕、拘禁之脫逃人」，或使之隱避之行為，但為達同一目的，冒稱該人而出面代替之。,M             
習慣法禁止,刑法有明文規定才能處罰，不能拿習慣法來創設或加重罪名或刑罰。,M             
最後手段原則,所謂「最後手段原則」，一般係指立法機關如為保護重要法益，並認施以刑罰有助於目的之達成，又別無其他相同有效達成目的而侵害較小之手段可資運用，始得以刑罰規範限制人民身體之自由，惟罪刑必須合乎比例原則。,M             
表見代理,表見代理是指他人雖然沒有代理權，但是由於本人的行為，足以使第三人相信該他人有代理權的情形存在，或是本人知道他人表示為其代理人，卻沒有反對的意思，造成笫三人相信該他人有代理權，進而與該他人從事交易。此時，為了保護善意笫三人並維護社會交易安全，本人對於笫三人應負授權人的責任，使該無權代理行為對本人發生效力。,"M,V           "
卷證併送制度,檢察官提起公訴時，除應向管轄法院提出起訴書之外，應一併將卷宗及證物送交法院的制度，為我國現行刑事訴訟法第264條所採用。相對於此，所謂的卷證不併送制度指的是，檢察官提起公訴時僅向管轄法院提出起訴書，不併將卷宗及證物送交法院。,M             
損害賠償責任,對於造成他人財產上或非財產上所受損害應負的賠償責任。,V             
失所附麗,失去依據。,A             
行政法,適用於公行政的各種成文和不成文法源的總稱。行政法在形式上雖規範行政組織、行政作用、行政程序等事項，但大多數的行政法是在人民與行政的互動中，訂定人民的權利及義務，以及人民與行政間的法律關係。,A             
難謂為無理由,有理由,G             
心神喪失,指行為時對於外界事務全然缺乏知覺理會及判斷能力，而無自由決定意思之能力。惟「心神喪失」之語意極不明確，其判斷標準更難有共識。實務上，欲判斷行為人於行為時之精神狀態，常須藉助醫學專家之鑑定意見；惟心神喪失與精神耗弱概念，並非醫學上之用語，醫學專家鑑定之結果，實務上往往不知如何採用，造成不同法官間認定不一致之情形。故刑法已將判斷標準修正為：行為時因精神障礙或其他心智缺陷，致不能辨識其行為違法或欠缺依其辨識而行為之能力。,M             
分離課稅,依所得稅法第2條第1項規定：「凡有中華民國來源所得之個人，應就其中華民國來源之所得，依本法規定，課徵綜合所得稅。」可知我國的個人所得稅是採綜合所得稅制，也就是必須將各類所得合併加總以計算稅基。而「分離課稅」是指不用將該部分所得併入當年度個人綜合所得稅申報。例如依所得稅法第15條規定，自民國107年1月1日起，股利所得的應納稅額計算方式有兩種：一為併入綜合所得後合併申報計算，並可按股利總額8.5％計算可抵減稅額，且每一申報戶可抵減金額以新臺幣8萬元為限；二為將股利所得適用單一稅率28％，分開計算應納稅額。因此，適用稅率30％以上或股利所得占比較高者，選用股利所得分離計稅的方式，可以節稅。,A             
違法搜索罪,搜索指的是，在違反他人意願的情形下，對於他人實施強制力，取得他人的隱私資訊。行為人如果不依法令規定搜索他人的身體、住宅、建築物、船舶、車輛或航空器，將構成刑法妨害自由罪章中的第307條違法搜索罪，可以判處2年以下有期徒刑、拘役或9千元以下罰金。,M             
告訴乃論之罪,指若無告訴人主動向檢察署直接提告，或是主動向警局報案後移轉檢察署，檢察官不得主動就該項犯罪案件提起公訴，當然也就無後續法院的審理問題；反之，若告訴人對其告訴乃論之犯罪向檢察署提出告訴，檢察官就必須依職權偵查該犯罪案件，然後再決定依法起訴或是不起訴。檢察官起訴後，告訴人只要在一審地方法院宣判前聲明撤回告訴，該案件即會塵埃落定不再審理，而告訴人於撤回後不得再就同一事實再提出告訴。例如傷害罪即為告訴乃論之罪，若告訴權人不向警局或檢察署申告，國家不能違反被害人之意思而介入起訴、審判。,M             
抵押權設定,為確保債權的履行，由債權人與債務人或第三人訂立書面契約，約定在不移轉占有的情形下，由債務人或第三人提供不動產供債權人擔保所為之設定登記。債務人若無法清償債務，債權人得拍賣該已設定抵押權之不動產，並就賣得價金優先於普通債權人受清償。,V             
任意偵查,刑事偵查之方式，可分為「以強制處分進行偵查」與「任意偵查」二類，前者因干預人民之基本權，依法律保留原則，以有法律明文規定者始得為之；後者則因未干預人民之基本權，故雖無法律明文，檢察官或司法警察亦可使用較不侵犯他人權益之任意偵查方式來發現真實。,M             
不違背職務收受賄賂罪,為普通刑法及特別刑法之罪名，前者規定於刑法第121條第1項：「公務員或仲裁人對於職務上之行為，要求、期約或收受賄賂或其他不正利益者，處七年以下有期徒刑，得併科五千元以下罰金。」後者則規定於貪污治罪條例第5條第1項第3款：「有下列行為之一者，處七年以上有期徒刑，得併科新臺幣六千萬元以下罰金：…三、對於職務上之行為，要求、期約或收受賄賂或其他不正利益者。」基此，公務員或其他規範對象如對於職務上之行為，要求、期約或收受賄賂或其他不正利益，亦即該賄賂或其他不正利益與其職務上之行為具有對價關係者，即構成不違背職務收受賄賂罪。,M             
相對人,"意思表示或行為的對象。
例如：衛生福利部中央健康保險署主張甲醫院積欠全民健康保險有關的費用，向行政法院聲請假扣押甲醫院的財產，在這件假扣押聲請程序中，衛生福利部中央健康保險署是聲請人，甲醫院是相對人。",A             
更名登記,"土地權利登記後，因權利人、管理人之姓名、名稱或登記名義等有變更，向該管登記機關申辦之登記，稱為「更名登記」。
例如：1.登記名義人、管理人的姓名或名稱變更的更名登記；2.法人在未完成法人設定登記前，以籌備人之代表人登記土地所有權，在取得法人資格後所為的更名登記；3.夫妻共同財產關係消滅時，所為共同財產的更名登記等。",A             
國家賠償,公務員執行職務，因故意或過失違反法律規定，或怠於執行職務，或因公有公共設施設置、管理有欠缺，以致於侵害人民的自由或權利時，由國家負賠償的責任（國家賠償法第2、3條）。,A             
絕對告訴乃論之罪,「告訴」是指告訴權人向偵查機關陳述犯罪事實所為請求訴追的意思表示。關於「絕對告訴乃論之罪」，如果沒有合法提出告訴，國家就無法追訴與處罰；且不問犯罪行為人之身分如何，均需告訴乃論，例如：傷害罪。,M             
失權期間,失權期間係指遲誤法律所規定應為一定訴訟行為之期間，即喪失為該訴訟行為之權利，如刑事訴訟上訴期間為十日、抗告期間為五日、聲請再議期間為七日。例如遲誤上訴期間十日者，即喪失上訴之權利，原判決將因此確定。,M             
令狀主義,指國家機關在實施侵害或干涉人民受憲法保障的基本權利事項前，原則上必須事先取得法官所核發之書面許可(搜索票)，其行為才具備合法性。例如：對人民身體、住宅之搜索，侵害人民受憲法所保障之人身自由與居住自由權，因此，原則上必須事先向法官聲請核發搜索票後，始可進行搜索。,M             
恐嚇公眾罪,"依刑法第151條規定：「以加害生命、身體、財產之事恐嚇公眾，致生危害於公安者，處二年以下有期徒刑。」
本條所要保護的法益為公眾的安全，故要處罰的是以加害生命、身體、財產來恐嚇公眾，且以「致生危害於公安的結果」為要件，如果沒有達到「致生危害於公安」，就不符合刑法第151條之恐嚇公眾罪。",M             
三階段審查,分三個部分或層次為先後審核、檢視。,A             
減輕構成要件,以行為之特別情狀而減輕處罰之變體構成要件。例如：義憤殺人罪(刑法第273條)或生母殺嬰罪(刑法第274條)。,M             
應報刑主義,"解釋一：又稱做應報理論，舉凡「以牙還牙，以眼還眼」，「殺人償命」等等，都是應報行主義的展現，犯罪行為人與其所受到的懲罰必須相對應。
解釋二：以「應報思想」作為基礎，認為刑罰的本質在於將犯罪人對被害人的一切損失與苦痛，化為相當程度的懲罰，反方向對犯罪人實施，來衡平或抵償犯罪對被害人所帶來的痛苦。應報理論的想法目的明確，且強調犯罪與刑罰的比例相當，所以科以刑責前必須妥善審判，也就是「重罪重罰、輕罪輕罰、有罪必罰」，因此應報理論看似對於犯罪人處以身體上的苦痛來達到懲罰目的。此外，應報理論可同時向社會宣示，犯罪人犯罪後必定受到國家懲罰，以滿足一般民眾的應報思想。但必須注意的是，該理論不可恣意的妄加法律沒有規定的處罰在犯罪人身上，仍須謹守法治國原則、罪刑法定原則等想法，避免刑罰對犯罪人的濫行實施。",M             
司法事務官,法院職員之一，主要負責不屬於審判核心或不涉身分、實體權利義務重大變動的事件（例如：返還擔保金、調解程序、督促程序、保全程序、公示催告程序裁定、確定訴訟費用額、拘提、管收以外之強制執行、非訟事件等）。在我國，上述事件原本都由法官在處理，民國96年間，仿德、奧的法務官制度而設置司法事務官。,V             
揆諸,依據,V             
第三人利益契約,指當事人之一方與他方約定，由他方向第三人為給付，且使第三人取得直接請求他方給付權利之契約。,V             
包括一罪,包括一罪是指行為人有數個犯罪行為的事實，但法律上僅以一罪處罰。當行為人基於一個意思決定，實施具有密接關聯性的數個行為，該當同一構成要件，且侵害同一法益，在法律上僅評價為一個犯罪，即足以非難其行為。我國實務上所承認包括一罪主要型態有集合犯、接續犯等。,M             
可憑,可以佐證、可供證明、可以查證、足以佐證、足以證明,G             
開放性構成要件,指「不成文」或「須為違法性判斷」之構成要件。前者係指未經明文規定，而由學說或實務形成之構成要件要素，如詐欺罪之被害人須「陷於錯誤」。後者指構成要件該當性之審查須為違法性判斷，如強制罪之構成要件該當性，須考量「手段與目的之關聯有無可非難性」。,M             
攻擊防禦方法,"簡稱「攻防方法」，是當事人為維持有利於自己的聲明，在訴訟上所為事實上及法律上的聲明、陳述及證據。
例如：甲主張有借錢給乙，乙說：「根本沒這回事。」甲拿出借據、匯款單作為證據。",A             
中止未遂,犯罪人著手實行犯罪之後，突然自發性地覺得不想再害人了，所以放棄繼續實行犯罪，最後也沒造成損害，刑法覺得這種犯罪人情有可原，所以中止未遂的犯罪人可以減刑甚至免刑。要成立中止未遂，犯罪人必須在達到既遂之前，自主性地放棄續行犯罪，如果犯罪人是因為自認障礙很大，無法成功完成犯罪計劃而放棄，就不能夠構成中止未遂的減免刑責事由，並直接依障礙未遂的處罰規範受到制裁。,M             
量刑因子,"解釋一：法官在決定刑罰種類及考量刑度輕重各項考量的因素。例如：刑法第57條所列各款事項：一、犯罪之動機、目的。二、犯罪時所受之刺激。三、犯罪之手段。四、犯罪行為人之生活狀況。五、犯罪行為人之品行。六、犯罪行為人之智識程度。七、犯罪行為人與被害人之關係。八、犯罪行為人違反義務之程度。九、犯罪所生之危險或損害。十、犯罪後之態度。
解釋二：又稱量刑情狀，法院依據證據認定被告有罪以後，再來就要考慮在法定刑度內，怎麼樣處罰被告比較適當。例如：甲偷腳踏車，究竟要不要關甲，還是罰甲錢就可以。因此，法院在作出刑度的決定時，有一些必須考量的因素，這就是「量刑情狀」。",M             
指摘,指出錯誤或不當的地方。,A             
後天識別性,後天識別性，是指某一個標識原來並不具有識別性，但經在市場交易的使用結果，已經可以讓相關消費者認識到成為某一個商品或服務來源的標識。因此，商標註冊申請人如果要主張某一個標識，已成為商品或服務的識別標識而具有後天識別性時，應提出該標識在指定商品或服務的實際使用證據加以證明（商標法施行細則第29條規定參照）。,A             
交通違規,違反道路交通管理處罰條例等交通法規。,A             
職務命令,行政機關中長官對於屬官，就職務上具體事件應如何處理所為的個別指示。公務員依職務命令所為的行為，不受行政罰處罰。但如果明知違法，而未依法定程序向所屬上級公務員陳述意見者，仍須受處罰。,A             
原因自由行為,"解釋一：行為人有意使用酒精飲料或其他麻醉劑之類的物品使自己處於酩酊狀態中，從而使自己喪失刑事責任能力；但因作為其無責任能力之原因的飲酒等行為之時該行為人尚有責任能力，因此該行為人實際上是在故意利用自己喪失刑事責任能力之後所為之犯罪行為的有責性缺失來企圖規避法律，因此一般仍予以處罰。例如：小明為藉酒壯膽殺仇人，自行飲用一瓶高梁酒，於酒醉狀態下將仇人砍死。
解釋二：在某些特別的案例中，犯罪人會採用取巧的犯罪手法，設法讓自己在沒有責任能力的情況下犯罪，用這類手法所為的犯罪，一般稱之為「原因自由行為」所導致之犯罪。常見的「原因自由行為」犯罪手法是：犯罪人為了損害別人而先讓自己喝醉，在喝醉後陷入無責任能力或限制責任能力，然後再實行犯罪行為。因為他先前喝酒，導致實行犯罪行為時欠缺責任能力，無法成立犯罪。
例如甲想殺乙，卻害怕見血，為了壯膽，在晚上7點喝了好幾杯威士忌，酒醉後陷於無責任能力狀態，在8點拿刀刺殺乙。一般而言，8點時甲拿刀刺殺乙才是典型的殺人行為，甲是否成立犯罪，當然應該依照8點當時的「刺殺行為」來判斷，問題是：甲雖然在8點殺人，但這個時候他已經因為先前7點喝酒的緣故，陷入無責任能力狀態，殺人時既然沒有責任能力，理論上就應該不成立犯罪。然而，若我們接受甲無罪，不就表示刑法許可犯罪人先喝酒，讓自己沒責任能力，接著作什麼壞事都可以了嗎？這樣的結論顯然不甚恰當。刑法不能接受甲無罪的結論，為了解決這種困擾，刑法開發出了「原因自由行為」的概念，當犯罪人在先前有責任能力的時候，為了讓自己在酒精或麻醉效果影響下實行犯罪行為，喝酒或服用麻醉藥物（原因行為時點，具有自由的精神意識），使得自己陷入無責任能力狀態後，再於這種狀態下實行犯罪，雖然犯罪時沒有責任能力，但既然犯罪人先前喝酒時已經有強烈的犯罪意思，又自行引發責任能力的障礙，他應如同有完全責任能力人一樣，負擔正常且一般的刑事責任，甲在7點有殺人意思，也明知喝酒會影響接下來的責任能力認定，出於「酒醉後殺人」目的而喝酒，再於8點時殺人，依據原因自由行為的理論，他仍然會成立完整的殺人罪，而且不能適用刑法第19條的減免刑罰規定。",M             
移審,法院將其受理的案件移送到不同審級的法院審理。例如，地方法院判決後，當事人向高等法院提起上訴，地方法院將案件移送到高等法院審理。,M             
懲儆,懲罰,G             
贓物,因財產犯罪而不法取得之財物，被害人在法律上有返還或回復之請求權者。,M             
悟股106年度司養聲字第266號,請參考「106年度家訴字第831號」的解釋。,F             
文書之認證,公證人證明私文書或特定文書確實由文書的制作名義人所簽署（即形式上真正）。通常由當事人先擬妥欲請求認證的文件，在公證人面前親自在文件上簽名，再由公證人在該文件上註明確實是本人簽署無誤等字。,V             
揭露,專利法第26條第1項規定：說明書應明確且充分揭露，使該發明所屬技術領域中具有通常知識者，能瞭解其內容，並可據以實現。由於專利說明書是一種技術文件，揭示的技術內容雖然不需要鉅細靡遺，但至少應該使同一專利技術領域中具有通常知識的人，不需要經由多次實驗的勞費，就可以依據說明書所揭示、顯露的技術內容，合理推知該專利的技術內容及功效，並達到實現該專利的目的。,A             
要屬無疑,確實有根據、沒有疑問,G             
行政爭訟,源於日本，指「行政訴訟」和「訴願」或相當訴願的兩個程序。,A             
既判力,終局確定判決的一種法律上效力。如果判決具有既判力，無論該判決結果如何，當事人及法院均應受其拘束，敗訴一方當事人不能就同一事件重複提起訴訟，法院也不可以進行相反的判斷。例如：甲主張乙於某日向其借款10萬元，於清償期屆至後起訴請求乙返還上述10萬元借款，如果法院作成具有既判力的終局判決確定，不論判決結果如何，將來甲或乙就同一事件都不能再爭執。,V             
刑懲併罰,被付懲戒人的同一行為已經受不起訴處分、緩起訴、免訴、無罪宣告，或已受有刑之宣告及刑罰的處罰，公務員懲戒委員會原則上仍然可以作出懲戒處分，即懲戒處分和刑事處罰併存。,A             
生活維持義務,維持其基本生活需求的義務,G             
科刑判決,科刑判決是法院認定為有罪且應處罰的判決。例如：甲犯行使偽造私文書罪，處有期徒刑肆月，如易科罰金，以新臺幣壹仟元折算壹日。此即為科刑判決。,M             
單獨宣告沒收,指非於裁判時併予宣告之沒收，即刑法第40條第1項所稱「有特別規定者」，例如同條第2項「違禁物或專科沒收之物得單獨宣告沒收」（違禁物，如具有殺傷力之改造手槍；專科沒收之物，如偽造之印章）與第3項，或刑事訴訟法第259條之1檢察官為不起訴或緩起訴之處分者，得單獨聲請法院宣告沒收之情形。,M             
公證,公證人因當事人或其他關係人之請求，就請求人所為的法律行為及其他與請求人有關的私權事實，出具公證書予以證明。如果公證書是依公證法第13條第1項各款法律行為作成，並有應受強制執行之記載時，債權人可以持該公證書向法院聲請強制執行。,V             
少年保護官,法院調查保護室同仁，依法律規定辦理假日生活輔導、保護管束(並命勞動服務)等事務。,Y             
上訴聲明,上訴人請求上級審法院如何廢棄或變更下級審判決的聲明。上訴聲明如僅請求廢棄下級審判決，上訴人聲明只須表明「原判決（原判決某部分）廢棄」，但除請求廢棄及變更下級審判決時，其上訴聲明另應表明上級審法院應如何自為判決的聲明。例如：被告對於第一審全部敗訴的給付判決提起上訴時，其上訴聲明為：1.原判決廢棄；2.被上訴人在第一審之訴及假執行之聲請均駁回；3.第一、二審訴訟費用均由被上訴人負擔。,V             
社團法人,"以「社員」為基礎所設立，具法人資格的組織，目的在於處理社員的共同事務，其重要決定應由全體社員或社員所選出的代表機關為之。
例如：具法人資格的律師公會、會計師公會、專利師公會等。相對於此，以「財產」為基礎，所設立符合法律規定，且具公益性及法人資格的組織，則為「財團法人」，例如具法人資格的基金會等。",A             
公益原則,行政機關除了必須依法行政外，另外一個重要的目的即在於追求公益。但在公益原則下，行政機關追求公益的同時，並不代表完全置私人利益於不顧，因為公益的概念同時包含了公共的利益與私人的利益互相調和，以及交互影響後的理想狀態。,A             
阻卻違法事由,是指行為人的行為雖然已經符合了特定犯罪的構成要件，但是因為特定事由，可以認為他的行為不具有違法性，因此也不得予以處罰，如「正當防衛」就是一種阻卻違法事由。例如：A持槍意圖射殺B，B發現後即時以球棒將A打昏，B的行為符合正當防衛，而不成立傷害罪。,M             
解送,指司法警察(官)對依法逮捕之犯罪嫌疑人、通緝犯或依法拘提之人，押解至該管之檢察署或法院，交由檢察官或法官對其進行後續之訴訟程序。又拘提或因通緝逮捕之被告，原則上應即解送至指定之處所（刑事訴訟法第91條參照），且執行解送時，得使用戒具，但不得逾必要之程度（刑事訴訟法第89條之1參照）。,M             
訴訟救助,當事人為進行訴訟，應預先繳納必要費用（如裁判費），如果當事人沒有資力支付這些費用，可聲請法院准許訴訟救助，經過法院准許訴訟救助的當事人，可暫時不需要繳費，就可以進行訴訟。但日後這位當事人如果敗訴確定，就必須繳納這些費用。,G             
揭櫫,揭示、公布。,A             
卸責,推卸責任,G             
錄事,法院的職員，負責製作傳票、通知書、印製裁判正本等行政協助的工作。,F             
足稽,可以佐證、可供證明、足以佐證、足以證明,G             
刑事補償,國家因實現刑罰權或實施教化、矯治之公共利益致人民基本權利受有特別犧牲而符合刑事補償法所定要件者，受害人得依該法請求國家補償之制度,M             
行為形式併用禁止原則,依照行政程序法規定，行政機關的行為有各種不同的形式（例如行政處分、行政契約、行政規則或法規命令等）。行政機關要用哪一種行為來達成行政任務，原則上尊重機關的選擇，但除非法律有明文規定之外，不允許機關併用兩種行為形式（例如行政處分和行政契約不得併用），以免紊亂各自的規範，侵害人民的信賴利益。,A             
妨害自由罪,為刑法罪章之名稱，刑法分則第26章「妨害自由罪」，包含刑法第296條至第307條之罪。,M             
保護主義,為了維護「我國的國家利益」及「我國人民的重要利益」，雖特定犯罪之行為人不是我國人民，犯罪行為也發生在我國領域之外，我國仍應追訴處罰。刑法第8條規定外國人在我國領域外對於我國人民犯最輕本刑為三年以上有期徒刑之罪，屬之。,M             
列舉扣除額,列舉扣除額是扣除額(參見扣除額之法律名詞解釋)中之一種，該項目及金額上限都是法定，依照所得稅法第17條第1項規定可知，包含捐贈、保險費、醫藥及生育費、災害損失、購屋借款利息及房屋租金支出。納稅人可以檢附單據，一一列舉出上開項目來申報扣除，並依其性質受到法定額度的限制。,A             
特別利用,"特別利用（又稱特殊使用、例外使用），指公營造物或平日供公眾使用的公物，依當事人申請，經主管機關的特別許可，可以從事超過一般使用目的的利用行為。該許可通常會設有一定「期間」或附有「廢止保留」，因此取得許可者，只能在特定期間內從事特別利用行為，行政機關也可基於公益考量廢止該許可。
例如：提供公立博物館典藏真品於一定期間內作為特定研究之用、許可特定路段於一定期間內舉辦路跑等。",A             
經濟能力,並非特殊的法律用語，指一個人工作賺錢、投資和持有財產、負債的綜合狀況。,F             
定期給付金,是指給付的金額是隨著期間到來而陸續發生的，總額是不確定的。像是給付子女的扶養費，是每個月都要付，但如果子女（或父、母）死亡，就不必再付了。,F             
例示,舉例說明，亦即除了已經列出的例子之外，還可能有其他未列出的情形。,G             
竊盜罪,為刑法之罪名，規定於刑法第320條第1項：「意圖為自己或第三人不法之所有，而竊取他人之動產者，為竊盜罪，處五年以下有期徒刑、拘役或五百元以下罰金。」,M             
同時履行抗辯權,因契約互負債務的當事人，在他方當事人未為對待給付前，得拒絕自己給付的權利（民法第264條第1項前段）。例如甲向乙買車，甲未給付車款，乙可以拒絕交車；乙未交車前，甲也可以拒絕給付車款，可理解為當事人有主張「一手交錢，一手交貨」的權利。,V             
過失傷害罪,為刑法之罪名，又可分為普通過失傷害罪及業務過失傷害罪，分別規定於刑法第284條第1項前段：「因過失傷害人者，處六月以下有期徒刑、拘役或五百元以下罰金」及同條第2項前段：「從事業務之人，因業務上之過失傷害人者，處一年以下有期徒刑、拘役或一千元以下罰金」。,M             
混同,混同，是權利人與義務人變成同一人，造成權利的消滅（例如：A公司積欠B公司100萬元，後來兩公司合併，100萬的借款債權因混同而消滅；C的土地設定抵押給D，後來C將土地賣給D，原在該土地上設定的抵押權因混同而消滅；E將其地上權設定抵押給其父親F，後來F死亡，E為F的唯一繼承人時，抵押權因混同而消滅）。,V             
既判力,刑事判決的內容涉及實體法上事項者，因為判決確定而定其實體法內容，就有無刑罰權之事項產生確定力，稱之為「實質確定力」，也就是「內容之確定力」。即刑事訴訟法下的既判力。有罪、無罪之實體判決具有實質確定力；另外免訴判決雖然是程序判決，但實務也認為具有實質確定力。,M             
射悻性,本詞用於刑事法領域，係指構成刑法266條以下賭博罪之要件，指的就是以「偶然機率」決定勝負，亦即以偶然的事實決定輸贏， 輸贏的或然率仍屬不確定。,M             
業務登載不實罪,所謂業務，是指個人本於其社會地位繼續反覆執行的事務，包括主要業務及準備工作與輔助事務。從事業務之人，明知為不實事項，而仍故意將此登載於其業務上作成之文書，即觸犯刑法第215條業務登載不實罪，可處3年以下有期徒刑、拘役或新臺幣1萬5千元以下罰金。,M             
間接故意,"解釋一：又稱為未必故意，是指一種對於犯罪事實與結果的發生，抱持著就算發生也無所謂的主觀心態。例如：甲持槍瞄準放在乙頭上的蘋果，明知道如果沒射中蘋果，非常有可能會打中乙的頭部，但仍然毫不在乎，認為就算發生這樣的結果，也在所不惜。
解釋二：，也有人稱為未必故意（第13條第2項），是指犯罪人知道他的行為可能損害別人，不過犯罪人並不很希望這個損害發生，可是他抱持著完全無所謂的態度，也不採取任何可能阻止損害發生的避免措施。舉例來說，繼承人甲想要詐領保險金，所以要對其父乙的住家縱火，假裝火災的意外而讓乙死在火場，不過因為乙早已重病，所以平日都有丙看護隨行在乙的身邊，在案發當晚，甲依其計劃對乙、丙住的房子縱火，最後也造成乙、丙死亡，就丙死亡的部分，甲知道縱火後丙可能逃不出火場而死亡，雖然甲心態上不太希望無辜的丙死掉，但甲卻沒作任何預防措施，只是抱著無所謂且漠然的心態，因此甲對丙的死亡只有間接故意。",M             
罹於時效,已發生且可得行使的法律上請求權，因經過一定時間不行使，該請求權即消滅的法律制度。,G             
判準,判斷標準。,G             
遑論,不必論及；談不上；不必說、不用再說。,A             
舉重以明輕,法律是以百變多端的社會事實為規範對象，總有不能充分事先規定的地方。法律條文適用於具體事實時，常因此產生疑義，而必須透過法律解釋方法，來確定法律的規範範圍及意旨，以決定法律如何適用於具體事實。所謂「舉重以明輕」，或者「舉輕以明重」，都屬於法律解釋方法中的「當然解釋」，藉以於法律沒有明文規定時，依邏輯、立法目的等道理，推論出法律是否以及如何適用於該具體事實的結論。例如，智慧財產案件審理法第34條第2項規定：「辦理智慧財產民事訴訟或刑事訴訟之法官，得參與就該訴訟事件相牽涉之智慧財產行政訴訟之審判，不適用行政訴訟法第19條第3款之規定。」而行政訴訟法第19條第3款規定：「法官有下列情形之一者，應自行迴避，不得執行職務：三、曾參與該訴訟事件相牽涉之民刑事裁判。」換句話說，立法者藉由智慧財產權案件審理法第34條第2項的這條規定，排除行政訴訟法第19條第 3款迴避規定的適用。這是因為考量智慧財產法院管轄案件之特殊性，包括智慧財產民、刑事及行政訴訟事件，而關於同一智慧財產權所生之各種訴訟，由相同之法官辦理，有助於避免裁判之歧異，以維繫法院裁判見解之一致性，提升人民對於法院裁判之信賴，有其基於憲法法治國法安定性之重要考量。而智慧財產案件審理法第34條第2項雖然只規定法官，而沒有就技術審查官，然而，法官在具體個案中的職責更重於單純立於輔佐地位的技術審查官。則依「舉重以明輕」之法理，依法行使審判職權之法官既依此一法律規定，都可以不適用行政訴訟法第19條第3款應自行迴避之規定了，則職責僅在輔助法官之技術審查官，當然也不必迴避（本院釋字第761號解釋參照）。至於舉輕以明重，道理也相同。比如，路口的交通標誌僅「禁止左轉」，則既然「左轉」都被禁止了，「迴轉」更應被禁止，就是運用了「舉輕以明重」的解釋方法。,G             
堪認,可以認為,G             
一事不再理,訴訟事件如果已經有確定終局判決存在，就同一事件（當事人、法律關係、請求判決的事項即訴之聲明都相同的事件）不可以再重複提起訴訟。若當事人違反一事不再理原則而重複提起訴訟，法院應以起訴不合法裁定駁回（民事訴訟法第249條第1項第7款）。,V             
一般法律原則,行政法的一般法律原則，是指不限定於特別之事項，而得普遍適用於各行政法領域之法律原則（例如：依法行政原則、比例原則、信賴保護原則、正當法律程序原則等等）。行政法的一般法律原則，是一種不成文法源，所以在處理行政法的問題時，倘若欠缺成文法，可援引行政法的一般法律原則作為判斷依據。,A             
法益,法律所保護民眾的利益，例如生命、身體、財產等利益。 ,V             
認事用法,認定事實，適用法律。,A             
歸責程度較重,應負較「大」的責任,G             
罪無可逭,罪刑重大無法原諒,G             
放火燒燬現供人使用住宅罪,為刑法第173條放火罪的一種型態，是指行為人故意以火力將客觀上處於供人使用狀態之住宅燒燬的意思，不以現有人所在為必要。由於火之蔓延性及難以控制性，放火行為通常密接發生無法控制之不特定人生命、身體、財產受侵害的危險，故本罪即是為保護公共安全。,M             
租賃契約,"出租人與承租人約定，由出租人將特定標的出租給承租人使用收益，承租人支付租金的契約。例如房東將房屋出租給房客居住使用，房客要付給房東租金，雙方就該房屋所合意成立的契約就是租賃契約。
       
",V             
他案,本案以外的案件。,F             
原創性,著作權法規定的著作，是指創作者本於思想或感情上的表現，而具有原創性的創作。因此，只要著作人獨立完成，不是抄襲或剽竊別人的創作，且依照一般人的觀念，該創作成果與現存的作品有區別，可以表現出作者的個性或獨特性，即可認為具有原創性，而享有著作權。,M             
論理解釋,論理解釋，是指對於法律規定進行解釋時，不拘泥於字面上的意義，而是就法律規範的整體精神，參酌法律制定當時的理由、沿革，藉由前後法律條文和法律的內在價值與目的，從現時社會關係發展的需要出發，以合理的法律規範目的，解釋某一個具體法律規範或法律概念的真正意義。,"F,G           "
構成要件該當性,檢驗犯罪是否成立的步驟之一。刑罰要處罰一個人，前提是必須這個人的「行為」符合刑罰法律規定的一些特定條件。這些條件又可以分成客觀面與主觀面，如果把這個人的行為加以分析，在主觀的層面（腦子裡在想什麼）符合成立這個罪必須具備的條件（如殺人故意），在客觀層面（呈現在外，大家都可看到的事實）也符合成立這個罪必須具備的條件（如殺人的動作、因此，有人死了），那麼就有了構成要件該當性。這時還要檢驗行為是否屬於違法（違法性）、行為人的責任狀態（罪責），如果都有了，就成立犯罪。,M             
參與分配,債權人依據金錢債權的執行名義，就債務人的財產聲請強制執行後，其他債權人向執行法院請求就執行所得的金額，一起受清償的意思表示。因債務人的總財產，係一切債權的總擔保，因此債權人聲請強制執行後，他債權人自得依法參加執行程序，就執行所得金額受清償。他債權人聲明參與分配，需具備有多數債權人、多數債權人的債權均為金錢債權、該執行程序為終局執行，及需就同一債務人的財產等要件。若債權人未依法聲明參與分配，則僅能於參與分配之債權人均受償後，如尚有餘額，始能受償。例如甲分別向乙、丙、丁三人借款500萬元、300萬元及200萬元，若甲的責任財產有600萬元，乙依法向法院聲請強制執行時，丙、丁依法聲明參與分配，則由三人按其債權額比例受清償，但若丙、丁均未依法聲明參與分配，則乙受償500萬元後，所餘100萬元由丙、丁依債權額比例受償。,V             
該當性,某一具體的事實行為，經與個別法定犯罪構成要件要素比對或涵攝後，確認行為事實完全與個別法定的犯罪構成要件合致。,M             
刑罰優先原則,行為人的「一行為」同時滿足刑罰和行政罰的構成要件，而應分別受到刑事法院的科刑判決、和行政機關的行政處罰。但由於刑罰和行政罰同樣是對於不法行為的制裁，而刑罰為較高度的制裁方式，處罰手段較為嚴厲，立法政策上，認為科處刑罰已足以讓行為人心生警惕，且刑事處罰是經由法院依法定程序為之，比起行政罰是由行政機關以行政程序進行，處罰程序較為嚴謹。因此，規定這個「一行為」經科處刑罰確定後，即不得再裁處行政罰（行政罰法第26條）。,A             
摻假,在食品中「攙偽或假冒」（如以劣質品混充優質品或以人工原料混充天然食材等），而製造、販賣等行為，不論是否已實際上生危害人體健康之危險，均構成食品衛生管理法第49條第1項之「攙偽或假冒」罪，可處7年以下有期徒刑，得併科新臺幣8千萬元以下罰金。,"V,M           "
上訴狀,提起上訴時必須準備之書狀。,M             
遺贈,就是在遺囑中交待死後要把遺產的全部或一部分，無償送給某個人的意思。如果那個人不願意接受遺贈，也可以依法拋棄。,F             
抗告法院,處理案件抗告程序的法院，例如地方法院合議庭或高等法院。,F             
洵乏,"洵是「確實」；「乏」是「缺乏」，所以「洵乏」就是「確實缺乏」的意思。法院的裁判書中常寫：「洵乏依據」，意思就是當事人的請求或主張確實沒有依據，也就是法院不認同或不相信該當事人的請求或主張。
",G             
高權行政,"又稱公權力行政、公法行政，指行政機關居於統治的地位，適用公法規定行使公權力所為的各種行政行為。所使用的方式，通常為行政命令、行政處分、行政契約或地方自治規章等，因為在行使公權力時，行政機關的地位優於相對人，其行政行為對相對人具有強制力，進而能對相對人的權利或自由進行限制、或課予一定的義務或負擔。
例如：代表國家執行道路交通違規取締勤務的警察，對於當場發生闖紅燈違規且未領有駕照的違規行為人，可予以攔停舉發違規，並禁止其駕駛。",A             
公示送達,對於住居所、事務所或所在地不明、掛號郵寄而不能達到、住居於法權所不及之地，不能以其他方法送達等情形之應受送達人，以公示通告的方式為文書之送達，經過一定期間，就發生送達的效力，法律上視為已經交付文書給應受送達人的送達方式，稱為公示送達。公示送達的公示通告方式，包括張貼於法院牌示處、於報紙上登載，或以其他適當方法通知或公告等。,M             
司法警察官,負責輔助檢察官偵查犯罪的人員。依據刑事訴訟法第二百二十九條及二百三十條，下列人員為司法警察官：一、警政署署長、警察局局長或警察總隊總隊長。二、憲兵隊長官。三、依法令關於特定事項，得行相當於前二款司法警察官之職權者。四、警察官長。五、憲兵隊官長、士官。六、依法令關於特定事項，得行司法警察官之職權者。,M             
回復原狀,當事人上訴、抗告、聲請再審或聲請再議，如果已逾法律規定的時間，但是因為自己完全沒有過失的話，就可以要求回復法律規定的期間，仍然可以提出。例如因天災道路中斷，或因氣候影響造成交通中斷等因素，致上訴期間已逾期者，如係因不可歸責於被告者，被告即可聲請回復原狀為未逾期，而仍可提起上訴。,M             
精神障礙,指某人在思想、情緒和行為上都出現嚴重失調，往往會妨礙他跟别人維持良好的關係，也會影響到如何應付日常的生活。,F             
106年度婚字第600號,請參考「106年度家訴字第831號」的解釋。,F             
現行犯,在犯罪實施的當下或實施後馬上便被發覺者，為現行犯。例如：某甲偷乙的腳踏車，當場被乙發現。另外，如果不是實施的當下或實施後馬上被發現的犯罪，但被追呼為犯罪人者，或因持有兇器、贓物或其他物件，或於身體、衣服等處露有犯罪痕跡，顯可疑為犯罪人者，也是以現行犯論(準現行犯)。,M             
公共利益,不特定社會大眾所享有的利益。,A             
法律變更,當立法者修正法律時，如果會影響到法律的效果時，例如刑罰的輕重，稱之為法律變更。某人行為後法律有所修正的話，到底要依據修正前或修正後的法律加以規範，是探討法律變更的重點。,M             
違憲,"憲法為國家根本大法，在所有的法規範中居於最高的位階，凡與憲法牴觸者，均無效。憲法第171條第1項規定：「（第一項）法律與憲法牴觸者無效。」第172條規定：「命令與憲法或法律牴觸者無效。」中央法規標準法第11條也規定：「法律不得牴觸憲法，命令不得牴觸憲法或法律，下級機關訂定之命令不得牴觸上級機關之命令。」明定法規範之位階。法規範是否牴觸憲法而違憲，由司法院大法官解釋，其所為之解釋之效力拘束全國各機關及人民，各機關處理有關事項，應依解釋意旨為之。
",G             
要屬未洽,難以採信,G             
帝王條款,法律領域中的基本原則，在解釋法律時不能違反。比如說刑事法律中的「無罪推定原則」、民事法律中的「誠實信用原則」等。,F             
監護輔助,請參照「監護宣告」、「輔助宣告」的解釋。,F             
確認債權不存在,當事人間對於債權存在與否發生爭執，主張對方沒有權利請求自己負擔或清償債務者，可以向法院提起確認債權不存在的訴訟，由法院來認定雙方是否存在債權債務關係。例如：A債權人以B簽署的新臺幣（下同）100萬元借據要求B返還借款，如果B主張借據是偽造的，或是借款100萬元已經清償完畢，就可以對A提起確認債權不存在訴訟，請求法院判決A、B間關於該100萬元的債權債務關係不存在。,V             
與否,是不是,G             
續行訴訟,續行訴訟，是指當事人在民事或行政訴訟程序中，因雙方都同意停止訴訟程序，或者沒有正當理由遲誤言詞辯論期日而被視為合意停止時，可以在訴訟程序停止後4個月內，請求法院繼續進行訴訟程序，以終止訴訟停止的狀態。如果逾期不請求續行訴訟，會發生視為撤回起訴或上訴的法律效果。,V             
管轄法院,我國有很多法院，哪一個案件要由哪一個法院審判，法律上有特定的判斷規定，原則上是看犯罪的地點、被告的住居所、案件法律關係或上級法院指定等方式來決定，因此方式法院取得合法審判這個案件的權利，稱之為管轄權。因為符合規定具有管轄權，能夠合法審理案件的法院，就是管轄法院。,M             
非訟事件,國家機關針對私權的法律關係，根據人民的聲請或依職權發動，透過公權力介入的程序，讓私法權利義務關係明確化，維護私權或預防私權糾紛。常見的非訟事件有：意思表示的公示送達、法人登記、夫妻財產制契約登記、拍賣抵押物、本票裁定、調解、督促程序、保全程序、公示催告程序、公證、提存、監護及輔助宣告…等。,V             
徵收,"國家為了追求公共福址，依照法律規定，以公權力剝奪人民的財產權，但國家必須給予人民補償。
例如：中央或地方政府為了興建水庫（水利事業的需要），依照法律規定，進行一定程序後，徵收人民甲的私有土地，該土地變成政府所有，而政府發放補償費給甲。",A             
裁定更正,裁判書如果有誤寫、誤算或類似的顯然錯誤情形，法院可以用裁定來加以更正。例如，把被告的名字「李田」，寫成「李由」。,M             
行政指導,"行政機關在其職權或所掌事務範圍內，為實現一定的行政目的，以輔導、協助、勸告、建議或其他不具法律上強制力的方法，促請特定人為一定作為或不作為的行為（行政程序法第165條第1項）。相較於具有強制力的行政處分或其他強制措施，行政指導是迅速便利且具有彈性的非正式行政行為，行政機關得藉此與人民溝通對話，加速行政程序的進行。
例如：對違規營業的行為，主管機關在取締處罰之前，先規勸業者改善，該勸阻行為即行政指導。",A             
正當法律程序,所謂「正當法律程序」原則的形成可溯源於英國大憲章，然後移植到美國。美國憲法修正第5條及第14條分別規定，非經正當法定程序不得剝奪任何人之生命、自由或財產。司法院釋字第384號解釋指明憲法第8條第1項規定所稱「依法定程序」係為憲法保障人民身體之自由，特別保留實質正當之法律程序，亦即「凡限制人民身體自由之處置，不問其是否屬於刑事被告之身分，國家機關所依據之程序，須以法律規定，其內容更須實質正當，並符合憲法第23條所定相關之條件。」,V             
損害賠償請求權,就財產上或非財產上所受的損害，可以請求他人賠償的權利。,V             
論告,"解釋一：指公訴人（檢察官）或是自訴人在法庭上對法官論述被告所犯的罪行及所依憑的證據。
解釋二：言詞辯論程序首先從檢察官開始，檢察官所做的辯論稱為「論告」。檢察官應該就被告被起訴的犯罪事實，提出各項證據，並說明如何能夠證明被告犯罪。如果檢察官提出的證據，遭到被告或辯護人主張沒有證據能力的話，檢察官也應該就這個疑問，提出法律上的意見，陳述這項證據具有證據能力的依據。如果被告否認犯罪的話，也要對被告答辯的內容，提出為何他答辯的內容不可採信，或者他所提出不在場證明是虛假的理由。再就各項證據所呈現出的對犯罪事實的證明力作一個總結，說明被告到底有沒有犯罪。最後，說明被告所犯之罪應該適用的法條。另外，涉及到犯罪所得或者犯罪工具應該沒收的話，也要一併說明沒收的法律依據。不過，由於檢察官負有客觀義務，當檢察官認為被告沒有犯罪的話，也可以請求法院判決被吿無罪。",M             
瑕疵擔保責任,出賣人就買賣標的物的權利或其標的物本身的瑕疵，依法應負的責任。所謂瑕疵，一般稱為缺點。瑕疵擔保責任可分為「權利瑕疵擔保責任」與「物的瑕疵擔保責任」。前者是指出賣人應擔保不會有第三人對買受人主張對於該買賣標的物有權利。後者則指出賣人應擔保買賣標的物並無減少物的使用價值、交換價值或不符合通常效用、契約約定效用（例如：房屋漏水等）而言。瑕疵擔保責任不以出賣人對於該瑕疵的產生有故意或過失為必要。,V             
相對人,在一個聲請案件中，對造當事人，就稱為相對人。如果是在訴訟事件中，就稱為被告。,F             
精神慰撫金,依法律規定，被害人因加害人的行為而受有痛苦時，得向加害人請求之精神上損害賠償金即非財產上的損害賠償。,V             
合憲性解釋,所謂「合憲性解釋」，是指當法律有多種解釋可能，應採取使法律合憲的解釋，而不應採取違憲結果的解釋，其目的在於法安定性與調和憲政秩序。但合憲解釋原則也有界限，例如不可逾越文字可能合理理解的範圍、不能偏離法律明顯可辨的基本價值決定與規範核心。,M             
發明專利,"專利法上的發明，是指利用自然法則之技術思想所產生的創作（專利法第21條）。由於發明著重於產品功能或技術、製造方法的改進，因此，具有技術思想的實體物品、製造方法，都是屬於發明的創作範圍。此外，發明人將其具有技術思想的創作向經濟部智慧財產局提出專利申請，經審查符合專利法規定而准許發明專利註冊，就可取得發明專利權。
",A             
不受理議決,根據104年5月20日修正公布前公務員懲戒法規定，如果公務員懲戒案件的移送審議程序違背規定，或被付懲戒人死亡時，公務員懲戒委員會是作成「不受理」的議決。但修正後，新法已將「議決」修改為「判決」。,A             
洵,實,V             
已見灼然,已然明顯,G             
騷擾,如果是指家庭暴力行為的類型，則是指任何打擾、警告、嘲弄或辱罵他人之言語、動作或製造使人心生畏怖情境的行為，家庭暴力防治法第2條第4款規定參照。,F             
新債清償,依民法第320條規定，所謂新債清償，係指如因清償舊債務而對於債權人負擔新債務，除另有約定之外，於新債務履行時，舊債務始歸於消滅，尚非新債務成立，舊債務即當然消滅。,V             
授益行政處分,授益行政處分是一種行政處分的分類，指對於相對人設定或確認「權利」或「法律上利益」的行政處分。例如：建築執照的許可、補助金的核發都是屬於一種授益行政處分。,A             
當選無效事件,總統、副總統選舉之當選人，有總統副總統選舉罷免法第104條、第105條規定之情形時，得由選舉罷免機關、檢察官或候選人，向管轄法院提起當選無效之訴。公職人員選舉之當選人，有公職人員選舉罷免法第120條、第121條規定之情形時，得由選舉委員會、檢察官或同一選舉區之候選人，向管轄法院提起當選無效之訴。上開當選無效之訴之訴訟事件即為當選無效事件。,V             
不告不理,檢察官起訴的目的，在於請求法院對被告的特定事實，以裁判確定國家具體刑罰權是否存在及其範圍。因此，法院只有在公訴提起範圍內，才有審判的義務，如果不在起訴範圍，縱使在審判中發現被告另外犯有他罪，法院也不可以加以審判，此即「不告不理」原則。,M             
106年度司拍字第42號,請參考「106年度家訴字第831號」的解釋。,F             
合建契約,當事人約定，一方提供土地而由他方建築房屋，並依約定比例分得建造完成的房屋及其基地的契約。,V             
105年度簡上字第139號,請參考「106年度家訴字第831號」的解釋。,F             
扶養權利人,指有受扶養的必要，而得向扶養義務人請求扶養的人。民法規定受扶養權利者有數人，而負扶養義務者的經濟能力，不足扶養其全體時，受扶養的順序為：(一)直系血親尊親屬、(二)直系血親卑親屬、(三)家屬、(四)兄弟姊妹、(五)家長、(六)夫妻之父母、(七)子婦、女婿。另夫妻受扶養權利的順序與直系血親尊親屬同。例如：甲之配偶、父母、子女、兄弟都有受扶養的必要，各該人都可以請求甲扶養，每一個人都是扶養權利人，倘甲無法扶養各該人，則應以配偶及父母優先受扶養，其次則為子女。,F             
法規命令,行政機關基於法律授權，對多數不特定人民就一般事項所作抽象之對外發生法律效果之規定。例如：交通部會同內政部依據道路交通管理處罰條例第92條第1項規定之授權，訂定之道路交通安全規則。,A             
平等原則,相同事件應為相同處理，不同事件應為不同處理。平等原則不當然禁止任何差別待遇，立法與相關機關基於憲法的價值體系及立法目的，得斟酌規範事物性質的差異，而為合理差別待遇（司法院釋字第750號解釋）。,A             
過失構成要件,刑法以處罰故意犯為原則，處罰過失犯為例外，某些刑法條文是規定過失犯的處罰，該類型犯罪的成立要件就是過失構成要件，例如：刑法第276條第1項即規範了過失致死罪的構成要件。,M             
再開辯論,在一般的訴訟程序中，法院於言詞辯論終結後，接著就是進行宣判，但在宣示裁判前，如果法院認為還有必要繼續調查等情形，可以命再開言詞辯論（民事訴訟法第210條）。新聞上常見「逃稅證據尚未釐清、XX案延後宣判」、「XX案證據待查，合議庭決定延判」等，所謂「延後宣判」或「延判」，在法律上的精確用語，就是「再開辯論」。,V             
過失犯,"解釋一：過失犯是指行為人因過失行為而成立之犯罪，必須法律有明文規定處罰過失犯，才可以加以處罰。例如甲開車不小心撞到乙，造成乙右腿骨折，甲就成立過失傷害罪。但如果甲、乙兩人在社區小公園投擲棒球，甲不小心把球丟到丙房子的窗戶玻璃，造成玻璃破損，這時候甲雖然應該負擔民事上的賠償責任，但並不會構成毀損罪，因為刑法上的毀損罪，並不處罰過失犯。 
解釋二：過失犯指不想積極加害他人，卻不小心造成損害的犯罪，相對於故意犯，過失犯比較沒那麼想加害別人，惡性比較低，所以在刑法規定中，僅限於條文上明確規定，同時造成比較嚴重的損害時，才會附加過失犯的處罰，不是每種犯罪都處罰過失犯。例如為了保護生命，刑法規定故意殺人罪，也一併處罰過失致人於死罪，這是因為生命是非常重要的利益，同樣的想法也適用於身體利益，例如刑法中不只有故意重傷害及故意輕傷害罪，也有過失致重傷害及過失致普通傷害罪。但財產的重要性沒那麼高，所以刑法只處罰故意侵害財產的犯罪，例如故意竊盜罪、故意詐欺罪，但沒有過失竊盜或詐欺的處罰明文。",M             
稅務行政事件,"人民因國稅或地方稅之課稅、退稅、滯納金、利息、滯報金、怠報金、短估金等金錢給付、不當得利之返還請求、租稅優惠、實物抵繳、稅則核定、罰鍰、沒入或其他種類行政罰等，所提起的行政訴訟事件（財政收支劃分法第8、12條）。
例如：臺北市稅捐稽徵處核定甲應繳納房屋稅新臺幣60萬元，甲不服，經過復查及訴願的救濟程序後，以臺北市稅捐稽徵處為被告，向臺北高等行政法院提起行政訴訟，這個案件即稅務行政訴訟事件。",A             
消費者保護,對於消費者（另請參見關於「消費者」之解釋）之權益而為保護。政府常透過制定法律、法規命令、行政規則等方式，對於消費者之權益進行保護，例如消費者保護法即基於保護消費者之權益，所制定之法律。,V             
形式訴訟要件,「訴訟條件」依其僅從形式上判斷或須涉及實體面之判斷為區分，可分為：形式性訴訟條件(即程序條件)及實體性訴訟條件(即訴追條件)。 形式性訴訟條件乃以有關程序上之事由做為訴訟條件，欠缺此種要件，法院應以不受理或管轄錯誤之判決，結束訴訟程序。實體性訴訟條件則係以有關實體之事由做為訴訟條件，欠缺此種要件，則應以免訴判決，結束訴訟程序。,M             
法條競合,"法條競合又稱為法規競合，是指行為人的一個行為犯了法律上數個罪名，但這數個罪名實際上保護的法益都是相同的，只是因應不同的行為態樣，而分別有輕重程度不同的處罰規定，而可能行為人的行為符合重罪所規範要處罰的行為態樣同時，也就會滿足輕罪所規範的行為態樣。因為他的行為只侵害同一法益，為避免牴觸「雙重評價禁止原則」，只須適用其中最適切之構成要件予以論罪科刑，就足以包括整個犯罪行為的不法內涵，這時候同時構成的其他罰責都排斥不用，實質上只成立單一罪名，屬於「單純一罪」。
例如：行為人是基於製造第二級毒品甲基安非他命的意思，製造甲基安非他命，於製造之過程中，提煉出甲基安非他命的先驅原料即第四級毒品（假）麻黃鹼，即被警察查獲，雖然同時符合毒品危害防制條例規定的「製造第四級毒品既遂」與「製造第二級毒品未遂」二罪的構成要件，但是這兩條規定都是為了防止毒品危害社會大眾身心健康，所以只要論以「製造第二級毒品未遂」，就可以完整評價被告不法行為的內涵，所以只要論以製造第二級毒品未遂並處罰即可。又如，安非他命雖是第二級毒品，但也是藥事法規定的「禁藥」。所以被告明知為禁藥安非他命而轉讓給他人，同時符合毒品危害防制條例第8條第2項「轉讓第二級毒品罪」及藥事法第83條第1項「轉讓禁藥罪」，屬於法條競合，依照「重法優於輕法」、「後法優於前法」等法理，只要依照轉讓禁藥罪論罪、處罰即可。",M             
裁量處分,行政處分的一種類型，依法律規定行政機關就法律效果的選擇，享有一定範圍的自由。行政機關可依個案情形作成適合個案的具體決定；也可以對事實類似的事件，訂定裁量性的規則，以統一裁量的行使，避免歧異及減清行政機關之負擔。,A             
客觀舉證責任,"訴訟當事人對於某事實是否存在，已經提出所有的證據，且經行政法院依職權調查證據後，如果仍然沒辦法使行政法院認定某事實究竟是存在或不存在，因此產生不利益的結果要由哪一人負擔的問題。
例如：父與子之間的財產移轉，國稅局認為其原因是贈與，並為贈與稅的課徵，父否認，並循序提起行政訴訟。行政法院依職權調查證據後，如果仍然無法確定是否為「贈與」時，就應為客觀舉證責任之分配，通常會分配由國稅局負擔不能證明有贈與事實的不利益，也就是不利益的結果（不能課贈與稅）由國稅局承擔。",A             
比附援引,指對於法律無直接規定的事項，選擇與其相類似的規定來加以適用，又稱為類推適用、類推解釋。在刑罰法律中，因為採罪刑法定主義的結果，對於不利被告之事項，絕對禁止類推適用。,M             
商標分割,商標分割，是指商標權人得就註冊商標所指定使用的商品或服務，向經濟部智慧財產局申請分割為二件以上的商標權（商標法第37條）。商標權人藉由商標分割，可擴大商標權價值或維護其權利範圍，例如商標權人如果只想要移轉部分商品或服務的商標權，可先將商標分割後再進行移轉；或註冊商標因涉有異議、評定或廢止爭議，商標權人得以分割方式維持與他人無衝突部分的商標權。,A             
公眾,刑法的公眾一詞，是指不特定的多數人而言。例如，偽造私文書罪，是以該偽造私文書行為，足以生損害於公眾或他人為構成要件，規範目的在於維護公共信用及交易安全。因此，行為人偽造文書的行為，如果使不特定的多數人可受法律保護的公共信用及交易安全利益，受有損害或有受損害的風險時，就會構成侵害公眾法益的偽造私文書罪。,M             
職務著作,受雇人於職務上完成之著作或出資聘請他人完成之著作。其著作權歸屬，依著作權法第11條規定：「（第1項）受雇人於職務上完成之著作，以該受雇人為著作人。但契約約定以雇用人為著作人者，從其約定。（第2項）依前項規定，以受雇人為著作人者，其著作財產權歸雇用人享有。但契約約定其著作財產權歸受雇人享有者，從其約定。（第3項）前二項所稱受雇人，包括公務員。」；同法第12條規定：「（第1項）出資聘請他人完成之著作，除前條情形外，以該受聘人為著作人。但契約約定以出資人為著作人者，從其約定。（第2項）依前項規定，以受聘人為著作人者，其著作財產權依契約約定歸受聘人或出資人享有。未約定著作財產權之歸屬者，其著作財產權歸受聘人享有。（第3項）依前項規定著作財產權歸受聘人享有者，出資人得利用該著作。」,A             
派下員,以祭祀祖先或其他享祀人為目的，由設立人捐助財產成立祭祀公業，該祭祀公業設立人及繼承其派下權的人，即為派下員。,V             
原告之訴駁回,法院認為原告的起訴不合法或無理由，不應該准許，而裁判駁回原告的請求。,V             
立法者,制定法律的憲法機關。依憲法第62條規定，立法院為國家最高立法機關，由人民選舉的立法委員組織，代表人民行使立法權。故立法院是我國制定法律的憲法機關。 ,A             
共同著作,二人以上共同完成之著作，其各人之創作，不能分離利用者，為共同著作（著作權法第8條）。共同著作產生的法律關係，例如：著作人格權、著作財產權存續期間、著作財產權各著作人之應有部分、著作財產權之行使、權利救濟，分別規定在著作權法第19條、第31條、第40條、第40條之1、第90條，可供參考。,V             
刑事判決書,刑事訴訟法官依據審理結果製作之文書。,M             
親簽,表示親自簽名的意思。,G             
隱私權,指個人生活秘密領域免於受他人侵擾，以及對於個人資料有自主控制的權利。侵害他人隱私權的行為可構成侵權行為，受害人除一般財產上損害賠償請求權之外，尚可依民法第195條第1項規定請求賠償非財產損害（即精神慰撫金）。,V             
自己代理,指代理人以被代理人的名義，與代理人本身為法律行為。例如：甲授與乙代理權，請乙代為租賃汽車一部。乙以甲代理人的身分，與乙成立租賃契約（即由甲為承租人，乙為出租人），此時乙的行為，就是自己代理。,V             
考諸,參考,G             
禁止規定,命令當事人不得為一定行為之規定，例如民法第222條：「故意或重大過失之責任，不得預先免除」之規定即屬之。,V             
禁止過度原則,禁止過度原則又稱為比例原則，指國家為達成某種公益目的而必須限制人民的權利時，如達成該目的有多種相同效果的方法可供選擇，應該選擇對人民權益損害最少的方法，而且該方法所造成的損害不能與所欲達成目的而維護的公益顯失均衡(行政程序法第7條規定參照) 。其主要目的就是在保護人民的權利，避免遭受國家過度的侵害。,A             
再質,再次比對,G             
慣例,行政機關對於某類事件反覆地以相同的方式處理，形成規律，這樣的處理方式可能逐漸成為「行政慣例」。但行政慣例欠缺法律的基礎，基於法律保留原則，不可以用行政慣例限制人民的自由、權利，只能在不牴觸法律的前提下，透過憲法的平等原則，要求行政機關自我約束，依照其向來的行政慣例來處理事務，而間接對人民產生效力。,A             
妨害信用罪,指「散布流言或以詐術損害他人之信用」的犯罪類型，本罪保護法益是他人的經濟信用。「流言」指全部或一部虛偽不實的說法。如客觀上該說法為真實，即使內容不利他人的經濟信用，也不構成犯罪。「詐術」則是指以欺罔手段使人陷於錯誤或利用他人錯誤的不正行為。,M             
法定地上權,基於法律規定擬制成立之地上權，稱為「法定地上權」。法定地上權之目的是為了保障建物繼續存在的社會經濟效用，例如民法第838條之1、第876條規定，因強制執行拍賣、抵押物拍賣，造成土地及建物所有人不同時，土地及建物所有人之間就存在法定地上權。,V             
協尋,協尋的意思類似成人刑事案件的「通緝」，但為維護少年之尊嚴，不用通緝這樣的字眼。少年如果有行蹤不明的情況，法院可以通知其他各地區的法院、檢察官、司法警察機關協助尋找少年。為避免使少年之身分曝光，法律有規定不能用公告公開或登載在媒體的方式協尋。,Y             
行為非價,「行為非價」（Handlungsunwert）又稱為「行為不法」、「行為無價值」，為刑法違法性理論中的專有名詞，意思是指對於行為本身予以非難的意思。立法者可針對某行為的方式或手段，認定為行為無價值而加以責難。例如，刑法對於未遂犯及舉動犯之處罰，就是建立於行為非價的概念之上。,M             
承攬人,承攬，是指當事人約定，一方為他方完成一定工作，他方等工作完成應給付報酬的契約（民法第490條第1項）。依承攬契約約定，負責完成工作的一方，就是承攬人。例如：甲向乙承包房屋裝潢工程，甲就是承攬人，負有完成房屋裝潢工作的義務。,V             
難謂為合法,為不合法,G             
褫奪公權,在法律上剝奪一個人擔任公務員、公職候選人資格。這是一種附隨於刑罰（主刑）的處罰方式。,M             
反射利益,"指行政機關追求及實現公共利益的過程中，間接對一般民眾附加產生的事實上利益。受有反射利益的人，因為其所受影響的，並非權利或法律上利益，因此，人民不能因反射利益受侵害而提起行政訴訟。
例如：根據停車場法第10條規定，地方政府負有在都市計畫中劃設或增設停車場用地的責任，此項義務的履行，目的在於增加區域的停車便利性，但同時也會對該區域的土地產生增值作用，讓土地所有權人因此獲利，此種土地增值的利益就是因為停車場法規定所產生的反射利益。",A             
顯有未洽,顯然有不適當的情形。,G             
駁回上訴確定,係指上訴人之上訴不合法或無理由，上級審法院將上訴人之上訴駁回，維持原審法院裁判，案件亦因此而確定。例如：第三審性質上是法律審，因此必須第二審的判決有違背法令的情形，才能上訴第三審，第三審如果認為上訴沒有理由，而判決駁回上訴，案件就「確定」，不能再提起上訴。,M             
判斷瑕疵,涉及高度屬人性之價值判斷，如國家考試評分、公務員之人事考評等，法令常使用不確定法律概念，賦予該管行政機關相當程度之判斷餘地。因此，法院原則上均會尊重行政機關基於法令所為之決定，但如果行政機關的判斷有恣意濫用及其他違法情事，例如應遵守之法律程序未遵守、決策過程未踐行法律規定、涵攝錯誤、法律概念之解釋違背解釋法則或牴觸既存之上位規範、重要事項漏未斟酌等，即屬判斷瑕疵，法院得例外介入審查。,A             
照價收買,平均地權為我國憲法第142條明定的基本國策，目的是促使地盡其利，以達地利共享。而依國父孫中山先生的平均地權理論，其具體實行辦法包括規定地價、照價徵稅、照價收買及漲價歸公等四大綱領，其中照價收買是指國家依私人所報的地價，強制收買其土地，以消滅私人所有權的行為。其政策目的包括調整地權分配、防止占地不用、制裁低報地價與嚇阻囤地投機（參見平均地權條例第28條），期使私人能確實申報土地地價及移轉現值，以利實施照價徵稅及漲價歸公。,"V,A           "
參加人,"因為第三人或行政機關與行政訴訟的原告或被告有一定的關係（如訴訟標的必須合一確定；有法律上利害關係等），經行政法院依職權或依聲請以「裁定」命該人或機關參與行政訴訟（行政訴訟法第41條、第42條及第44條第1項），或依行政訴訟法第44條第2項之聲請被行政法院駁回前，該人或機關即參加人。依照行政訴訟法第41、42、44條規定，訴訟參加的類型共有3種：必要參加、獨立參加及輔助參加。
例如：甲針對乙的專利權提起舉發，經經濟部智慧財產局（下稱智慧局）為「舉發不成立」的行政處分（審定），甲不服提起訴願，但訴願被駁回，甲向智慧財產法院對智慧局提起行政訴訟，此時甲是原告，智慧局是被告，智慧財產法院依行政訴訟法第42條第1項規定，裁定命乙參加這件行政訴訟，參與訴訟程序，乙就是參加人。",A             
指價拍賣,係指不動產之拍賣最低價額不足清償優先債權及強制執行之費用者，債權人依強制執行法第８０條之1第1項規定，指定超過上開債權及費用總額之金額為拍賣底價，並陳明願負擔拍賣費用。,V             
法安定性,法律應該要保持穩定，也就是不隨意變動，讓人民可以預測哪些行為不可以做，不會無故朝令夕改。,M             
徵諸,依據、參考,G             
偽造,在刑法上指「無制作權之人冒用他人名義而制作」。,M             
諒達,照理應該收到了。,A             
主觀構成要件,係指行為人對於犯罪結果發生的內心意欲或懈怠疏忽。主觀構成要件是關於犯罪行為人的內心要素之「故意、過失」，或對於特定犯罪所有的內心「意圖」。,M             
併行不悖,同時進行，不會互相違背。,F             
教唆犯,"解釋一：是指故意唆使他人犯罪的人。例如：A唆使B去殺人，A就是教唆犯。
解釋二：指唆使原本沒有要從事犯罪的人，讓他產生犯罪意思而實施犯罪行為。刑法在第29條規定了教唆犯的定義：「教唆他人使之實行犯罪行為者，為教唆犯。教唆犯之處罰，依其所教唆之罪處罰之。」。教唆犯的成立，必須符合以下要件：（一）教唆行為（二）使被教唆者產生違反特定犯罪意思（三）被教唆者開始實行犯罪行為（四）被教唆者產生犯意及實行犯罪行為，與教唆犯的教唆行為有因果關係（五）教唆者有教唆故意。
例如甲教唆乙打斷丙的腿，但後來乙只基於傷害故意去傷害丙，沒有要打斷丙的腿的意思，乙實施的傷害行為是因為甲唆使重傷害行為而挑起，甲屬於教唆犯，然而，重傷害與傷害同樣是侵害身體法益，重傷害的事實重於傷害事實，甲應成立普通傷害罪的教唆犯。",M             
通知書,司法警察（官）為調查犯罪及蒐證，使犯罪嫌疑人到場實施詢問時所用之公文書。,M             
通常訴訟程序,於行政訴訟，是指簡易訴訟程序（行政訴訟法第229條）、交通裁決事件訴訟程序（行政訴訟法第237條之1）及收容聲請事件程序（行政訴訟法第237條之10）以外的一般訴訟程序。行政訴訟事件通常訴訟程序的第一審，是由高等行政法院的3名法官合議審理，上訴審法院為最高行政法院。而簡易訴訟程序、交通裁決事件訴訟程序及收容聲請事件程序的第一審，則由地方法院行政訴訟庭1名法官獨任審理，上訴審法院為高等行政法院。,A             
前揭,前述、上述,V             
上訴權之捨棄,當事人於下級審判決宣示、公告或送達後、提起上訴前，向為判決的法院表示拋棄上訴權的訴訟行為。捨棄上訴權只需當事人一造向為判決的下級審法院以意思表示為之，無須徵得他造同意，就發生捨棄的效力，故為一方單獨的行為，如直接向管轄上級審法院捨棄上訴權，亦為有效。例如：原告或被告向法院陳明：「就ＯＯ事件，業經貴院於Ｏ年Ｏ月Ｏ日判決，聲請人因……，自願捨棄對該判決的上訴權」。,V             
裁判理由,裁判，乃法院、審判長、受命法官或受託法官關於認定事實，適用法律所為的意思表示，是訴訟法上處分的一種。而裁判理由即為做成該處分之理由。,M             
假釋期間,所謂假釋係指對於受長期自由刑執行的受刑人，於執行一定刑期之後，認為確實有悔悟的情形，國家附加條件而准予提前出獄的制度。受刑人符合刑法第77條所規定的假釋要件(無期徒刑執行超過20年，有期徒刑超過1/2、累犯超過2/3)，經法務部准許出獄者，就附加「於一定期間內不得再次故意犯罪」作為條件，該條件存續的期間，就稱為假釋期間。在無期徒刑假釋後滿20年，或在有期徒刑所剩餘的刑期內，如果沒有被撤銷假釋，那麼原來沒有執行完的刑期，就視為已經執行完畢。反之，如果在假釋期間又故意犯罪而被撤銷假釋，那麼就要回監獄繼續執行之前沒有執行完畢的刑期(無期徒刑的部分就要再執行25年)。,M             
亦屬無據,也是沒有依據。,G             
出質人,以自己所有的動產設定質權予債權人，以擔保債權受償的人（民法第884條）。例如：甲向乙借3萬元，以應臨時之急用，為擔保此項債務之清償，甲以玉手鐲1個交付於乙占有，設定質權，此時甲就是出質人。,V             
合一確定,判決的結果在共同訴訟當事人間或雙方當事人之間，不許有歧異判決出現。例如：甲、乙、丙、丁四人為A地共有人，若甲提起分割共有物訴訟，由於就A地的分割方式在全體共有人間不得出現不同的結果，故該分割共有物的判決結果對於全體共有人就必須「合一確定」。,V             
罪質內容,罪質係指犯罪行為之性質。判斷罪質之異同，須視犯罪行為對犯罪客體之侵害是否有關連性。罪質相同係指侵害法益的性質相同者，以竊盜罪與搶奪罪、竊盜罪與強盜罪而言，均是侵害財產法益的犯罪。,M             
共同侵權行為,侵害事故的發生，由數人共同造成，這些人的行為都符合侵權行為要件時，就構成共同侵權行為；另外，數人共同不法侵害他人，無法查明誰才是真正的加害人時，也同樣可以構成共同侵權行為。,V             
參加人,在當事人間的訴訟，原本不許第三人參與訴訟，以避免訴訟程序混雜及拖延。但該訴訟如果對於第三人有密切的利害關係，為了讓多數人間的爭議能夠在同一訴訟程序中獲得解決，法律上容許第三人參加兩造間的訴訟，此時參加訴訟的第三人就是參加人。,V             
民事保護令,當受到家庭暴力或親密關係暴力時，可以報警，相關人員會協助受害人向法院聲請民事保護令。法院核發的民事保護令，可以禁止施暴人的侵害行為、命令施暴人搬離、限制施暴人不可以接近特定地點、決定未成年子女暫時的監護、要求施暴人支付生活費或交付生活用品，以及命令施暴人應該接受相關輔導等等。,F             
退萬步言,表示即使之前說的理由或情境都不成立，在後續的理由或情境中仍然可能成立。,G             
侵害最小原則,即必要性原則：如果有多種措施均可達成目的，國家應採取對人民侵害最小者，又稱「侵害最小原則」或「最小侵害原則」。,M             
原判決全部廢棄,審理民事或家事事件的上級審法院，將下級審法院所為裁判定全部廢除，另針對廢除的部分作成新的裁判的意思。,V             
偵查機關,檢察官、司法警察官和司法警察這三種在作偵查犯罪工作的機關。,M             
扶養義務,當一個人不能夠用自己的財產來維持自己的日常生活時，法律規定，有特定關係的人需要支付給他扶養費，這就是扶養義務。比方說，夫妻、父母子女之間，都互相負擔扶養對方的義務。,F             
始足當之,始足當之，其意義為符合某些要件，才能夠成立。例如司法院釋字第572號解釋文提及「法官於審理案件時，對於應適用之法律，依其合理之確信，認為有牴觸憲法之疑義者，各級法院得以之為先決問題，裁定停止訴訟程序，並提出客觀上形成確信法律為違憲之具體理由，聲請大法官解釋。其中……所謂『提出客觀上形成確信法律為違憲之具體理由』，係指聲請法院應於聲請書內詳敘其對系爭違憲法律之闡釋，以及對據以審查之憲法規範意涵之說明，並基於以上見解，提出其確信系爭法律違反該憲法規範之論證，且其論證客觀上無明顯錯誤者，始足當之。」其中始足當之，即是符合前開釋字闡明有關提出客觀上形成確信法律為違憲之具體理由之定義，才能夠成立。,G             
訴外人,本案訴訟以外的第三人。,A             
代物清償,如果債務人無法依原約定之方式或內容履行債務，債權人、債務人可以合意以其他履行標的或方式，代替原約定給付。,V             
性別工作平等,為了保障性別工作權的平等，貫徹憲法消除性別歧視、促進性別地位實質平等的精神(性別工作平等法第1條、憲法增修條文第10條第6項意旨參照)。雇主對求職者或受僱者的招募、甄試、進用、分發、配置、考績或陞遷等，不得因性別或性傾向而有差別待遇，亦不得有於任職期間遭懷孕歧視、職場性騷擾等情形。,"V,A           "
納稅義務人,"稅法上規定直接負擔繳納稅捐義務的人。
例如：依照所得稅法規定，應申報或繳納所得稅的人，就是所得稅的納稅義務人（所得稅法第7條）。",A             
保留地,"主管機關為了實現都市有計畫的均衡發展，依照都市計畫法，在都市計畫地區範圍內設置公共設施用地，作為都市發展的支柱。而這種公共設施用地留待將來各公用事業機構、各該管政府或鄉、鎮、縣轄市公所取得，且尚未取得者，就是「公共設施保留地」。
例如：為維護自然環境生態，已經都市計畫劃定甲地為公園之公共設施用地，且該公園是由政府設立，但甲地目前是私人所有的土地，則在政府還沒有和土地所有權人協議價購（買賣），或用其他法定方式取得甲地前，甲地即公共設施保留地。",A             
規費,人民享受行政機關特別的服務，或使用公共設施所支付的對價，是國家基於財政考量及使用者付費的原則，而向使用者加以課徵的金錢給付。規費的種類包括行政規費（例如向行政機關申請核發證書或證照所繳納的費用）、使用規費（例如因路邊停車所收取之停車費）、特許規費（例如專利權人繳納的專利年費）等。,A             
包庇賭博罪,刑法第二百七十條之包庇賭博罪的行為人必須是第十條第二項的公務員，包庇他人犯刑法第二十一章各條之賭博罪為構成要件。所謂包庇即包容庇護，係指公務員積極予犯賭博罪者以相當之保護，而排除外來之阻力，使該行為人順利遂行其犯罪行為，而不易發覺者而言。,M             
證人,就訴訟上會影響法官審判結果之事實，依據所看見、聽見、聞見而為陳述之當事人以外的第三人。如車禍案件，目睹車禍發生者，被法院傳喚至法庭作證之人。,M             
至為灼然,非常明顯。,A             
一部請求,在民事處分權主義下，當事人提起民事訴訟時，關於希望法院如何裁判及裁判的範圍，是由起訴的當事人決定。因此，債權人對債務人提起金錢賠償損害的訴訟時，可以表明僅就全部債權的最低金額為一部請求，暫時保留其餘債權的請求，並在第一審言詞辯論終結前補充聲明其餘的債權請求數額。,V             
準備書狀,原告之起訴狀及被告之答辯狀以外，當事人因準備言詞辯論之必要，記載其所用之攻擊或防禦方法，以及對於他造之聲明並攻擊或防禦方法之陳述，而提出於法院之書狀。,V             
言詞辯論,在法院宣判前的辯論程序，通常是當事人在法官面前口述訴訟資料。廣義的言詞辯論是指法院、當事人及其他訴訟關係人在言詞辯論期日的所有訴訟行為（例如：當事人所為的聲明陳述、證人或鑑定人的陳述、法院指揮訴訟的行為及調查證據等）所構成的程序。,V             
瘖啞人,刑法第20條規定：「瘖啞人之行為，得減輕其刑。」實務見解認為，瘖啞人之犯罪行為是否減輕其刑，為事實審法院斟酌審認之權限；又所稱「瘖啞人」，係指出生及自幼聾啞而言，聾而不啞，或啞而不聾，均不適用該條規定，且所謂「自幼」，係指未滿7歲者而言。,M             
請願權,所謂請願權，乃指人民對於國家政策、公共利害或其本身權益之維護，向職權所屬之民意機關或行政機關陳述其意見或願望，請求此等國家機關作為或不作為的權利（憲法第16條、請願法第2條規定參照）。不過請願權的行使並非漫無限制，依照請願法第3條及第4條規定，人民請願之事項，不得牴觸憲法或干預審判，同時對於依法應提起訴訟或訴願之事項，亦不得請願。,A             
物權請求權,依物權法規定所生之請求權，其目的在於確保物權的圓滿實現狀態。例如所有人的所有物被他人侵害時，所有人可以依民法第767條規定，依受侵害情形之不同，對無權占有或侵奪其所有物之人請求返還(所有物返還請求權)，或對妨害所有權之人請求除去其妨害(所有物除去妨害請求權)，或雖尚未發生妨害所有權的結果，但已有妨害之可能性時，所有人可以請求可能妨害之人予以防止(所有物妨害防止請求權)。,V             
改敘,銓敘，指銓定公務人員之任用資格條件，依法敘定其等級俸給。變更銓敘的等級俸給，為改敘。如公務員懲戒法第15條第1項規定：「降級，依受懲戒人現職之俸（薪）級降一級或二級『改敘』；自『改敘』之日起，二年內不得晉敘、陞任或遷調主管職務」。,A             
枉法裁判罪,為刑法之罪名，規定於刑法第124條：「有審判職務之公務員或仲裁人，為枉法之裁判或仲裁者，處一年以上七年以下有期徒刑。」,M             
贈與,指雙方約定，一方以自己之財產無償給與他方，他方同意接受的契約。例如父表示要將名下的不動產無償登記給兒子，兒子也同意接收，父子間即成立該不動產的贈與契約。,F             
訴訟參加,指第三人為保護自己的權利，加入他人間已繫屬的訴訟而為訴訟行為。此第三人稱為參加人（廣義的參加人），參加人的參與訴訟，是以自己的名義獨立為訴訟行為，其目的是為了直接或間接保護自己的權利。訴訟參加分為下列2種：1.主參加訴訟：參加人為了自己有所請求或主張，而以該訴訟事件的兩造為共同被告，直接向本訴訟繫屬法院起訴（民事訴訟法第54條）2.從參加訴訟或輔助參加：參加人就兩造的訴訟有法律上利害關係，為輔助當事人一造，間接保護自己權利，可以在該訴訟繫屬中提出參加（民事訴訟法第58條至第67條）。廣義的訴訟參加，包括以上2種；狹義的訴訟參加，則專指從參加而言。,V             
對質,指被告與證人同時在場彼此面對面互為質問之意。因事實真相如何，被告最為清楚，使被告於審判時在場目視證人作證，被告才能協助律師防禦，以對證人進行詰問。再者，一般人比較會在人的背後捏造事實污衊他人，比較不會當著人的面前如此，因此讓證人與被告面對面，也能使虛偽的指控者原形畢露。 ,M             
合憲性解釋,憲法第171條第1項規定，法律不得牴觸憲法。所謂合憲性解釋，是指法律規定若在文義上有多種解釋可能性時，應優先選擇符合憲法的法律解釋，捨棄違反憲法的解釋，以使法律具合憲性。,A             
時間基準,"以某一時間作為判斷的基準。如行政訴訟的裁判基準時，是指行政訴訟中，法院的裁判要以哪個時間點作為基準來認定事實及適用法律，進而根據它來判斷行政行為是否合法。因為事實及法律都有可能會隨著時間經過發生變動，特定的行政行為可能依照舊法規定是合法，但依照新法規定則是違法。所以於行政訴訟，個案究應採取何種時間基準就具有重要的意義。
例如：甲因紅線停車遭裁罰，甲不服提起行政訴訟，雖然在法院審理中，該紅線路段已被主管機關塗銷、變為白線，但因法院審理是要判斷該裁罰處分是否合法，其時間基準是甲為停車行為時該處是否存在畫紅線的事實，及從甲停車到被處罰時，在畫紅線處停車要處以罰鍰的規定有無變更（行政罰法第4條、第5條）。",A             
破產程序終止,債務人受破產宣告後，原應依破產法所定程序進行債務清理，但如構成破產財團之債務人財產，有不足以清償財團費用及財團債務時，繼續進行破產程序已無實益，法院因破產管理人之聲請，應以裁定宣告破產終止（破產法第148條）。,V             
確認利益,當事人向法院提起「確認訴訟」時，必需該訴訟結果對他有「確認利益」，才可以提起。如果說確認的東西和自己根本沒有關係；又或者就算確認了，實際上也不能改變什麼法律關係的時候，就是欠缺確認利益。,F             
實體審查,"1.「發明請求實體審查」是指提出發明專利申請後，任何人如欲知道該發明是否符合專利要件，必須於申請日起3年內提出實體審查申請（亦可於申請時同時申請），若3年內無人請求實體審查，該申請案即視為撤回（專利法第38條規定）。
2.對於行政機關的行政行為，審查其認定事實及適用法律是否違法或不當。",A             
稅籍證明,稅籍證明是稅捐稽徵機關核發證明當日稅捐課稅之內容，用以證明納稅義務之履行，例如：房屋稅籍證明，常用來作為申請案件事實之佐證資料，但無法作為房屋產權、建築日期之證明文件。,A             
著作實質近似,法院認定有無侵害著作重製權的要件，包含「接觸」及「實質近似（相似）」，其中，「實質近似」，又包含「量的近似」與「質的近似」。所謂「量的近似」，指抄襲部分所占原著作內容的比例；而「質的近似」，則在於是否為原著作內容的重要成分。例如，行為人高度抄襲他人語文著作內容，且抄襲的內容又屬於該著作內容的重要成分，而達實質近似程度時，就可能構成侵害著作重製權。,"A,M           "
絕對保護原則,按生存權為憲法第15條所保障之基本人權，為落實憲法保障生存權之旨，刑法分則編第22章設有殺人罪章之規定，用以制裁殺害他人而剝奪他人生存權之犯罪行為，用以保護個人法益中最重要之生命法益。只要生而為人，無論其生命力之強弱、生理或心理之健康狀態、個人有無維持生命之意念，或甚至是罹患重病或絕症而命在旦夕者，均係刑法殺人罪所應保護之人，並無所謂貴賤或有無價值之生命之分。因此，任何人對他人加以殺害，均構成刑法所要加以制裁之殺人罪，此即生命絕對保護之原則。,G             
家親聲,家事事件案號的一種。代表本案是家事事件中，關於親子關係的非訟事件。,F             
證據能力（證據適格）,"在訴訟中，證據可以作為認定事實基礎的資格。如果是用造假的證據、或是違反法定程序調查而取得的證據，就欠缺證據能力，法院不可以作為判斷的基礎。
例如：甲主張借10萬元給乙，提出1張借據，乙承認有在借據上簽名，這張借據就具有證據能力。",A             
畏罪推諉,害怕罪責推卸責任,G             
重製權,重製權是著作財產權人專有以印刷、複印、錄音、錄影、攝影、筆錄或其他方法直接、間接、永久或暫時的重複製作權限，如果要重製他人的著作，除非符合著作權法第44條至第65條所規定的合理使用情形外，必須得到著作財產權人的同意或授權，否則就可能侵害其著作財產權。,M             
攜帶,「攜帶」，指提拿佩帶的行為。例如刑法第321條第1項第3款之攜帶兇器加重竊盜罪，就是處罰當事人提拿佩帶客觀上足以對人生命、身體安全構成威脅之物品，進行竊取他人財物的行為。,"F,M           "
準中止犯,準中止犯的情況發生在既了未遂的事例中，當犯罪人完成所有計劃中的行為後，自願性放棄侵害法益，也實施有效的保護法益行為，未料因為有其他因素的介入，直接成功地救援法益，也使得犯罪人所實施的保護行為無法成功地施展效果。在這種案例中，因為保護法益的行為根本沒有效果，理論上不應該成立中止未遂，但是立法者考量犯罪人運氣不好，遇上特別的介入因素，才讓自己的救援行為失去功能，所以，如果可以認為，犯罪人的保護法益措施在正常情況中應可有效保護被害人，此時仍可例外地許可適用中止未遂的刑責優惠。,M             
公益訴訟,公益訴訟是基於公益而提起的訴訟，而不是因為自己主觀權利受侵害，所以又稱為「客觀訴訟」或「民眾訴訟」。依行政訴訟法第9條規定：「人民為維護公益，就無關自己權利及法律上利益之事項，對於行政機關之違法行為，得提起行政訴訟。但以法律有特別規定者為限。」因此，提起公益訴訟須以「法律有特別規定」為條件，例如廢棄物清理法第72條第1項規定：「公私場所違反本法或依本法授權訂定之相關命令，而主管機關疏於執行時，受害人民或公益團體得敘明疏於執行之具體內容，以書面告知主管機關。主管機關於書面告知送達之日起60日內仍未依法執行者，受害人民或公益團體得以該主管機關為被告，對其怠於執行職務之行為，直接向高等行政法院提起訴訟，請求判令其執行。」其中關於公益團體起訴部分，就是法律有特別規定的公益訴訟。,A             
雙重判決,同樣的一件事實經過法院判決後（或同時），又再被法院判決一次。,M             
非常上訴,規定於刑事訴訟法第441條「判決確定後，發見該案件之審判係違背法令者，最高法院檢察署檢察總長得向最高法院提起非常上訴。」。,M             
緊急通訊監察,在特殊狀況下，亦即：一、有事實足夠認定被告或犯罪嫌疑人可能犯通訊保障及監察法第6條第1項所規定的特定罪名，基於防止他人生命、身體、財產的急迫危險；二、或者是有事實足以相信有其他通訊作為通訊保障及監察法第5條第1項之犯罪連絡而情形急迫的情形，司法警察機關得報請該管檢察官先以口頭通知執行機關，在沒有通訊監察書的情況下直接去執行通訊監察。但是檢察官必須於24小時內陳報該法院補發通訊監察書。在這種緊急的情形，檢察機關必須要指定專責主任檢察官或檢察官作為緊急聯繫窗口，以利掌握偵辦時效。,M             
告發人,告發犯罪的人，任何人都可以，所以可能是跟犯罪沒有關係的第三人，可能是被害人。,M             
舉動犯,舉動犯又稱做行為犯，行為人只要做了法律條文上所描述的行為，不論有沒有發生結果，就成立犯罪。,M             
行政函令,又稱為「函釋」。行政機關就其主管法令之適用疑義所作成之解釋函，而分別發布、下達或回覆。有行政機關為求法令統一適用主動作成、亦有主管機關應執行機關或人民請求作成；有針對通案抽象法令為之者，亦有針對具體個案指示者。性質不一，要依內容而定。.,A             
妨害電腦使用罪,為刑法罪章之名稱，刑法分則第三十六章「妨害電腦使用罪」，包括刑法第358條入侵電腦或其相關設備罪、第359條破壞電磁紀錄罪、第360條干擾電腦或其相關設備罪、第361條對於公務機關之電腦或其相關設備犯前3條之罪者加重其刑之規定、第362條製作犯罪電腦程式罪，及第363條就第358條至第360條之罪須告訴乃論之規定。,M             
派生證據,證據以其是否由其他證據而生，可區分為原始證據及派生證據。所謂原始證據，係指證據以其原始樣態呈現之證據，例如目擊證人之證述內容。派生證據，則係指自原始證據衍生而取得之證據，例如證人未親眼目睹殺人過程，而係聽聞目擊證人轉述，則其證言即屬傳聞證言，屬派生證據之一種。,M             
買賣契約,買賣契約，是指當事人約定一方移轉財產權於他方，他方支付價金之契約。雙方就買賣標的及其價金互相同意時，買賣契約即成立。,V             
公告土地現值,直轄市或縣（市）政府就轄區內土地，經常調查地價動態，繪製地價區段圖並估計區段地價後，提經地價評議委員會評定，據以編製並於每年一月一日公告之土地現值（土地現值表），可作為土地移轉及設定典權時之參考（平均地權條例第46條）。,A             
免除扶養義務,指依民法第1118條之1規定，受扶養權利者有：1.對負扶養義務者、其配偶或直系血親故意為虐待、重大侮辱或其他身體、精神上之不法侵害行為；2.對負扶養義務者無正當理由未盡扶養義務。認由負扶養義務者負擔扶養義務顯失公平，且情節重大者，法院得免除其扶養義務。,V             
洩漏工商秘密罪,依法令或契約有守因業務知悉或持有工商秘密之義務而無故洩漏之者，處一年以下有期徒刑、拘役或新臺幣三萬元以下罰金。公務員或曾任公務員之人，無故洩漏因職務知悉或持有他人之工商秘密者，處二年以下有期徒刑、拘役或新臺幣六萬元以下罰金。刑法第317條及第318條分別定有明文。,M             
侵入住居罪,規定於刑法第306條「無故侵入他人住宅、建築物或附連圍繞之土地或船艦者，處一年以下有期徒刑、拘役或三百元以下罰金。無故隱匿其內，或受退去之要求而仍留滯者，亦同。」。,M             
起訴書,檢察官偵查後認被告有犯罪嫌疑，依照法律規定的格式，記載被告的犯罪事實及證據並所犯法條，而向法院請求審判的法律文書。,M             
蓋,因為,G             
訴願審議委員會,依照訴願法第1條、第2條及第52條可知，各機關辦理人民、各級地方自治團體或其他公法人提起的訴願事件，應設訴願審議委員會。訴願審議委員會為受理訴願機關的內部單位，負責訴願事件的審理，該委員會組成人員以具有法制專長者為原則。至於該會委員，由本機關高級職員及遴聘社會公正人士、學者、專家擔任；其中社會公正人士、學者、專家人數不得少於二分之一。,A             
等情,等等、等狀況、等情況,G             
聲請再審權人,依法律規定有權利向法院聲請再審的人。,M             
一體性原則,行政機關代表國家追求公益時，為順利完成行政任務，通常彼此間會互相配合，因此，在組織構造具有一體性，透過首長制的上下隸屬關係，使所有國家的行政事務都納入以行政院為金字塔頂端的層級式行政體制掌理。,A             
告訴權人,"解釋一：就刑事案件有權可以提起告訴之人，即為告訴權人。例如甲乙二人共同圍毆丙，丙就此圍毆事件，享有提起告訴的權利，是為有告訴權之人。又如依刑事訴訟法之規定：犯罪之被害人，得為告訴；被害人之法定代理人或配偶，得獨立告訴；被害人已死亡者，得由其配偶、直系血親、三親等內之旁系血親、二親等內之姻親或家長、家屬告訴。但告訴乃論之罪，不得與被害人明示之意思相反。依上開規定，被害人及得獨立提起告訴或得提起告訴之人，均係有告訴權之人。
解釋二：告訴權人，指的是有權提出告訴的人，包含：
1.犯罪的直接被害人。
2.犯罪被害人的法定代理人、配偶。
3.特定親屬。例如：被害人死亡時，可以由死者的配偶、直系血親、三親等內之旁系血親、二親等內之姻親或家長、家屬提出告訴，但是如果死者於生前已經明示對被告不提出告訴的話，他的親屬也不可以提出告訴。
4.代行告訴人：例如因車禍受傷導致昏迷不醒的被害人，無法對撞到他的被告提出告訴時，此時檢察官會為被害人利益，指定他的親屬為他提起告訴。",M             
審判程序,在刑事案件中，指起訴被告到確定是否有罪、無罪及應科之刑罰，法院所為關於案件之審理及裁判的程序階段。,M             
共同侵權,數人共同故意或過失不法侵害他人的權利或利益。共同侵權行為不限於各行為人間共同謀議，只要各行為人的故意或過失行為均為被害人所生損害的共同原因，即所謂行為關連共同，也可以成立共同侵權行為。例如：甲、乙工廠均排出污水致蝦子死亡，不論甲或乙工廠的排水是否都達到足以讓蝦子死亡的毒性，或者二家工廠排放的污水發生相乘作用造成蝦子死亡的結果，都構成共同侵權。,V             
聲請停止執行,行政處分或決定，原則上不因提起行政訴訟而停止執行。但是，於行政訴訟繫屬中或行政訴訟起訴前，如果可以預期處分或決定的執行，將發生難於回復的損害，且情況緊急，非即時由行政法院予以處理，則難以救濟的話，則例外可以依受處分人或訴願人的聲請，由行政法院裁定停止執行。不過，若對公益有重大影響，或原告的訴訟在法律上顯然無理由的時候，仍不可以停止執行。 (參照行政訴訟法第116條),A             
上訴程式,當事人提起上訴必須遵守的程序或方式。請至司法院全球資訊網站http://www.judicial.gov.tw/→便民服務→訴訟須知→民事業務類查詢。,V             
地上權,"以在他人土地之上、下有建築物或其他工作物為目的，而使用他人土地的權利。
例如：甲為了在乙的土地上建造房屋，和乙協議以設定地上權的方式使用乙的土地，並且辦理設定地上權登記，甲就是該土地的地上權人，取得地上權。",A             
真實惡意原則,"真實惡意原則係指行為人縱不能證明其言論內容為真實，然若能舉出相當證據資料足證其有相當理由確信其言論內容為真實者，因欠缺犯罪故意，即不得遽以誹謗罪相繩。
惟亦有論者認為，真實惡意原則係由美國聯邦最高法院在New York Times, Co. v. Sullivan, 376 U.S. 254 （1964）所創設，是指官員或公眾人物指控媒體報導涉嫌誹謗或侵害名譽時，必須證明被告「明知其言論不實」（with knowledge the statement was false），或「對於其言論真實與否毫不在意」（with reckless disregard of whether the statement was false or not），是用來限縮（近乎排除）被告對官員或公眾人物誹謗或侵害名譽行為的刑、民事過失責任。再經過一些判例發展，當被告疏於查證的情況已經相當於「蓄意的迴避事實真相」（purposeful avoidance of the truth），才有可能構成真實惡意。
",M             
準受賄罪,指行為人尚未擔任公務員或仲裁人時，以其未來所從事之職務上行為，對於他人要求、期約或收受賄賂或其他不正利益，至擔任該職務之公務員或仲裁人後，即履行承諾。如從事不違背職務的行為，依刑法第121條處罰；如從事違背職務的行為，則依刑法第122條處罰。,M             
封鎖作用,刑法第55條規定：「一行為而觸犯數罪名者，從一重處斷。但不得科以較輕罪名所定最輕本刑以下之刑。」如被告一行為觸犯二罪，A罪為7年以下有期徒刑，B罪為6月以上5年以下有期徒刑，依該條前段從一重A罪處斷，但依但書規定，法官量刑時，不得低於B罪最低度法定刑6月，此即輕罪最低度法定刑於量刑上所具有之「封鎖作用」。,M             
已臻明確,已經達到明確的程度。,F             
反詰問,聲請證人的一方先完成主詰問後，由另一方的當事人對同一證人或鑑定人所進行的詰問，即稱為反詰問。反詰問之作用乃在彈劾證人、鑑定人供述之可信性，及引出在主詰問時未揭露或被隱瞞之另一部分事實，以達到發見真實之目的。因此，反詰問應就主詰問所顯現之事項及其相關事項或為辯明證人、鑑定人之陳述證明力所必要之事項行之，且行反詰問時，因證人、鑑定人通常非屬行反詰問一造之友性證人，較不易發生證人、鑑定人附和詰問者而為非真實供述的情形，所以必要時，也允許為誘導詰問。,M             
債權,可以請求特定人給付特定或不特定的金錢或物品，或請求特定人為一定的行為或不為一定行為的權利。例如：甲與乙約定，由甲以新台幣（下同）500萬元向乙購買A屋，根據該項約定，甲可請求乙交付A屋，乙則可以請求甲支付500萬元。也就是甲對乙有請求交付A屋的債權，乙對甲則有請求交付500萬元的債權。,V             
直系血親尊親屬,指自己的父母、祖父母、曾祖父母等，收養的也包含在內。,F             
詎渠,表示「不料他」、「想不到他竟然…」的意思。,A             
妨害秩序罪,泛指刑法第七章危害公共秩序及安寧之各種犯罪。以刑法第150條「聚眾施強暴脅迫罪」為例，在公共場所或公眾得出入之場所聚集三人以上，不論事前約定或隨時加入，如在場施強暴脅迫，而危害於公安，該條規定處罰首謀、下手實施或在場助勢之人。,M             
夾結效果,指兩個本來獨立行為，由於各自和第三個行為產生想像競合關係，導致前兩個行為全部被第三個行為夾結成想像競合犯的情形。例如行為人以傷害、毀損方式強盜財物，傷害與毀損各自與強盜產生想像競合，因強盜行為而被夾結成一個傷害、毀損與強盜的想像競合犯。,M             
法拍屋,指法院依強制執行程序實施拍賣的房屋。,V             
獨立告訴權,指不是被害人本人，但卻可以不經過被害人的同意就自己提起告訴的權利。就算被害人沒有提出告訴，有獨立告訴權的人也可以提出告訴。,M             
承受自訴,刑事訴訟法第332條規定，自訴人於辯論終結前，喪失行為能力或死亡者，得由第319條第1項所列得為提起自訴之人，於一個月內聲請法院承受訴訟。例如甲意圖殺害乙，案發後乙重傷提起自訴，於訴訟審理中不幸傷重不治，乙之妻遂向法院聲請承受訴訟，請法院繼續審理。,M             
受僱人,甲乙雙方約定，在一定或不定期限內，甲為乙提供勞務，乙則給付甲報酬，屬於民法上的僱傭契約，提供勞務的甲為受僱人，給付報酬的乙是僱用人。僱傭契約通常也屬於勞動基準法規定的勞動契約，在一般情形下，勞工就是受僱人，雇主則為僱用人。,V             
用以強制相對人儘速履行已足,用來強制相對人儘快完成就已經足夠了。,F             
罪刑法定原則,犯罪的法律要件及其法律效果，均須以法律明確加以規定，法律若未明文規定處罰者，即無犯罪與刑罰可言。,M             
無效反詰問,檢察官、辯護人於審判中交互詰問證人，由正反立場辨明證詞的真實性。如證人到反詰問時，對主詰問已經說過的事情，突然表示要行使拒絕證言權，就會使反詰問的行使不能發揮效果，因此，證人於反詰問時，就主詰問所陳述有關被告本人的事項，不得拒絕證言（刑訴181之1）。,M             
曉諭,法官在開庭時告知當事人、證人或鑑定人等關於訴訟程序或法律規定的相關事項。,M             
司繼字,法院案件案號字別，請參考「106年度家訴字第831號」的解釋。,F             
懲罰性違約金,以強制促使債務人履行債務為目的（履約擔保作用）的違約金。,V             
無謀生能力（民法第1117條）,指沒有工作能力，或是雖有工作能力但不能期待他去工作，或因社會經濟情形失業，雖然已盡相當的努力，仍不能找到工作而言。,F             
上訴人,指對法院判決不服，提起上訴之人；無論檢察官（自訴人）、被告或其他有權上訴者，只要對原判決不服，在法定期限內提起上訴的人即為上訴人，他方則稱為被上訴人。,M             
行政機關,"代表國家、地方自治團體或行政主體表示意思，從事公共事務，具有單獨法定地位的組織。行政機關不是公法上的權利義務主體，但是具有單獨的法定地位，可以代表行政主體對外來履行職責。
例如：臺北市政府及各局處都是臺北市（屬於地方自治團體性質之公法人）的行政機關，在其各自職掌的權限內代表臺北市行使行政權，由此所發生的權利義務，都歸屬於臺北市。",A             
厥為,就是,F             
個人資料,指自然人之姓名、出生年月日、國民身分證統一編號、護照號碼、特徵、指紋、婚姻、家庭、教育、職業、病歷、醫療、基因、性生活、健康檢查、犯罪前科、聯絡方式、財務情況、社會活動及其他得以直接或間接方式識別該個人之資料。(個人資料保護法第2條第1款),M             
矧,況且（「裁判書類簡化暨通俗化推動委員會」建議法官使用該字之通俗化用語）。,V             
責付,屬短期的輔導，由少年保護官利用假日的時間，對少年進行個別或群體的品德教育，輔導學業或其他作業，並可以要求少年進行勞動服務，以養成勤勉習慣及守法精神。假日生活輔導的次數可由三次至十次不等，具體個案則是由少年保護官看少年受輔導的成效來決定。,Y             
恐有未當,指可能有不當的情形。,F             
國際司法互助,國際司法互助指各國的司法、犯罪偵查機關相互之間進行的協助。因為涉及各國司法主權的行使，往往必需藉由國與國之間簽訂的條約或協定才能順利進行。在刑事訴訟程序中，包含犯罪偵查、證據調查以及逃亡犯人的引渡等，都會涉及到國際司法互助的課題。例如：由A國調查的跨國性犯罪集團犯罪，部分犯罪行為地在B國，因而委託B國偵查機關協助調查並提供相關證據；又如，在A國審理的案件，證人在B國，因而由A國委託B國代為訊問證人的程序。,M             
裁決書,裁決書是行政機關就公法上具體事件所為的決定或其他公權力措施而對外直接發生法律上效果的單方行政行為，為行政處分。汽車之違規事件係由公路主管機關處罰，慢車、行人及道路交通障礙之違規事件以及廢止計程車駕駛人執業登記或吊扣其執業登記證事件則由警察機關處罰(參照道路交通管理處罰條例第8條第1項、第37條第5項【嗣前揭規定於108 年4 月17日修正公布，並移列為同條例第37條第6項】)。又當事人因交通違規舉發案件，得向舉發機關或裁決機關申訴，不服申訴結果可向裁決機關申請開立裁決書。若對裁決仍不服者，應於裁決書送達後30日不變期間內向管轄之地方法院行政訴訟庭提起行政訴訟(參照行政訴訟法第237條之3第2項)。,A             
鑑定人,法院選任具有特別知識的第三人，在他人的訴訟中，對於法院指定的鑑定事項（例如：血緣鑑定、車禍肇事責任鑑定、火災原因鑑定、筆跡鑑定等），陳述關於特別法規或特別經驗的人。證人與鑑定人雖然都是當事人以外的第三人，在他人訴訟中進行陳述，但二者並不相同。證人是陳述自己過去經歷的事實，因此具有不可替代性；鑑定人是依其特別知識陳述自己的意見，具有可代替性。,G             
客觀構成要件,從其他人的角度來看被告是不是符合法律規定的要件，例如殺人罪，只要被告把人殺死了就構成殺人罪的客觀構成要件，不管被告心裡想的是什麼，也就是不管他是故意還是過失。,M             
裁判案號,請參考「106年度家訴字第831號」的解釋。,F             
詐欺,行為人為自已或第三人不法之所有，故意以詐術使他人陷於錯誤而為財產處分，而行為人或第三人獲得財產上利益與他人財產上損失有因果關係而言。,M             
職是之故,因此。,G             
見證人,在現場親自看到、聽到某一事實的人。如果對於一個事情，只是聽別人說過，則不能算是這個事實的見證人。,F             
不得為反對之主張,不可以在法律上否認他,G             
被傳喚人,被法院通知應該到法庭的人。,F             
租稅客體,"所謂租稅客體又稱稅捐客體，就是立法者透過稅捐成立要件的設定，將表彰經濟價值的標的、狀態或事實經過，轉變為法律上之課稅對象的總稱。
例如：遺產稅、贈與稅的租稅客體分別是遺產、贈與之財產；個人綜合所得稅、營利事業所得稅的租稅客體分別是個人、營利事業的所得；營業稅的租稅客體是銷售貨物、勞務或進口貨物的行為；證券交易稅的租稅客體是有價證券（不含各級政府發行之債券）的買賣交易行為。",A             
上訴駁回,法院不接受該上訴請求，意指維持原本的判決。,M             
告訴乃論,"解釋一：告訴權人請求檢警機關追訴被告犯罪，檢察官才能起訴被告，法院也才能審判被告罪刑的程序。例如兒子偷父親金錢，刑法為維護家庭父子和偕，規定親屬間的竊盜，須經父親告訴，國家才能追究兒子的罪責。
解釋二：為了尊重犯罪被害人的隱私、名譽或家庭可能受到影響，且犯罪所侵害的利益，跟公共利益沒有直接關係時，刑法上規定某些犯罪，如果沒有被害人或其他告訴權人明白向檢察官或警察表示追查犯罪、起訴犯罪的人（也就是「追訴」）的意思，檢察官就不可以起訴，法院也不可以審判。這些犯罪，稱為「告訴乃論之罪」。相對的，所謂非告訴乃論之罪，則是不管有沒有經過合法告訴，檢察官都有起訴的權力。經過合法告訴的告訴乃論案件，只是讓檢察官發動偵查，並不是說被害人提起告訴，檢察官就一定要起訴被告。
有些非告訴乃論的犯罪如果發生在特定親屬間的話，就會變成告訴乃論的犯罪。比方說，竊盜罪本來是非告訴乃論的犯罪，但是，如果發生在親屬間，例如孫子偷爺爺的錢的案子，就會變成告訴乃論的犯罪。也就是說，除非爺爺想要追究孫子的偷竊行為，並且向檢警機關提出竊盜告訴，不然檢察官不可以起訴孫子的偷錢行為。",M             
是故,所以、因此。,G             
併予敘明,一併加以說明；在說明某一件事情之後，再就某事增補說明。,G             
通常法定期間,法定期間是法律所規定應為一定訴訟行為的期間，除了不變期間外，其餘法定期間即為通當法定期間。例如行政訴訟法第245條第1項規定：「上訴狀內未表明上訴理由者，上訴人應於提起上訴後20日內提出理由書於原高等行政法院……。」此20日的期間即屬通常法定期間。上訴人如有遲誤，未能於20日內提出上訴理由書，致其上訴被駁回，因非遲誤不變期間，不得聲請回復原狀（行政訴訟法第91條第1項規定參看）。又上訴人雖逾此20日期間始行提出上訴理由書，但若是在原高等行政法院尚未裁定駁回其上訴前提出，原高等行政法院就不得再以上訴人未於法定期間內補提上訴理由書而駁回其上訴（最高行政法院106年度裁字第1903號裁定參看）。 ,A             
原本,法官親自制作之法律文書。如判決原本。至於書記官依法官的判決原本製作的判決書，稱為正本，法院係用正本送達被告等訴訟關係人。,M             
惟此業據,但這些已經,G             
迨,"直到（某時）、等到（某時）
",G             
自行迴避,自行迴避是指法官在審理案件時，遇到有刑事訴訟法所規定的情形，例如法官現為或曾為被告或被害人之配偶、八親等內之血親、五親等內之姻親或家長、家屬者，就必須自行停止執行職務，而無待當事人聲請及法院的裁定。例如甲為台北地院法官，其子涉犯竊盜案件，基於公平審理原則，甲法官就該竊盜案件之審理，就應該自請迴避。,M             
祇,只,G             
不得抗告,不得對於法院的裁定聲明不服。,V             
"搶奪罪
","規範於刑法第325條第1項：「意圖為自己或第三人不法之所有，而搶奪他人之動產者，處六月以上五年
以下有期徒刑。」",M             
阻卻構成要件,阻卻構成要件是指將特定的行為排除於法律規定的構成要件上，所以行為人也就不會成立這個特定罪名，而不能加以處罰。例如：「意圖散布於眾，而指謫或傳述足以毀損他人名譽之事」會構成誹謗罪，但是法律有特別規定以善意發表言論，而且是對於可受公評之事為適當評論的話，就不會成立誹謗罪。另外得到他人同意進入他人住宅，也不會構成侵入住居罪 。,M             
占有人,對於物有事實上管領之力的人（民法第940條）。所謂事實上管領之力，是指對特定物有控制、支配及排除他人干涉的能力。例如：甲將其所有的A車借給乙使用時，乙就取得對A車的控制、支配權限，乙就是A車的占有人。,V             
訓誡,易刑的種類之一，規定於刑法第43條「受拘役或罰金之宣告，而犯罪動機在公益或道義上顯可宥恕者，得易以訓誡。」。,M             
核屬,是屬、分析結果,G             
送達證書,為了證明法院有將訴訟文書交給應收受文書的人，由送達的人將證明文書交由收受人簽署名字、日期，以表示有交付的證明文件。,A             
通緝書,通緝被告應用通緝書，記載被告的年籍資料、被訴的事實、通緝的理由等事項，於偵查中由檢察長簽名，審判中由法院院長簽名後，通知附近或各處檢察官、司法警察機關，必要時並得登載報紙或以其他方法公告之。,M             
證據裁判主義,"被告到底有沒有犯罪，必須要用證據加以認定，而且只能夠用證據認定，這就是「證據裁判主義」。刑事訴訟法第154條第2項規定：「犯罪事實應依證據認定之，無證據不得認定犯罪事實。」換句話說，當法院要認定被告有罪，一定要有足夠的證據加以證明，假如證據不夠或是根本沒有證據，那麼，縱使大家都「認為」是這個被告犯罪，法院一樣要做出無罪判決。因為沒有證據，就等於沒有犯罪事實，一般常聽到的「讓證據說話」、「證據到哪裡，就辦到哪裡」，也是相同的意思。
例如，張三殺了李四，但是卻沒有留下任何證據，或是雖然有證據，但是證據還不足夠證明張三殺了李四，基於「證據裁判主義」，法院必須判決張三無罪。",M             
禁止先行傳訊原則,偵查程序非有必要禁止先行傳訊被告，避免增加偵查工作困難、影響被告正當法律程序之權利、損及被告名譽。,M             
相當因果關係,"解釋一：在相同的環境條件下都可以發生一樣的結果，例如拿刀子砍一個人的手，不管是誰這樣做，通常都會造成對方受傷，這時就可以說拿刀子砍人的行為和對方受傷之間有相當因果關係。
解釋二：相當關係與條件關係合併起來，有稱之為「相當因果關係」。相當性這個要素在因果關係的判斷過程中更加重要。因果關係的相當性指的是：「一般生活經驗中，通常有這個行為，就會發生這個結果。」具體的判斷方法則是，如果損害的發生不是犯罪行為所致，而是由於其他因素介入而出現，此時就可以認定沒有相當因果關係（例如前述醫院失火的案例），在欠缺相當因果關係的案例中，行為人不會構成既遂罪名，最多只構成未遂罪刑事責任。",M             
既判力遮斷效,民事訴訟法第400條第1項規定：「除別有規定外，確定之終局判決就經裁判之訴訟標的，有既判力。」因此確定判決主文所判斷之訴訟標的，其當事人對於言詞辯論終結前所提出之攻擊防禦方法，及當時可提出而未提出之攻擊防禦方法，均不得再為與確定判決意旨相反之主張，此即「遮斷效」。,V             
法令,指立法機關所制定之法、律、條例、通則或行政機關制定之法規命令、自治規則、函釋等對多數不特定人民就一般事項所制訂對外發生法律效果之規定。,V             
確認證明書,如果是裁定「確定證明書」，請參考「家事裁定確定證明書」的解釋。,F             
扶養費,是指扶養的費用，因為依照民法第1114條規定，有一定親屬關係的人要互相扶養，如果有人沒有謀生能力又不能維持自己的生活時，可以依照法律規定，請有義務扶養他的人給他扶養費。,F             
不可分原則,實質上一罪或裁判上一罪之案件，於訴訟法上係以不可分的一個客體予以處理，即所謂不可分原則，又稱為案件之單一性。案件單一性在法律上的效果包括：(一)公訴提起的效力及於單一性案件的全部，此即公訴不可分原則。例如，甲未經乙的同意，進入乙的住家恐嚇乙「如果不還錢，將殺死乙」，檢察官僅就恐嚇部分起訴，而漏未就已經乙合法告訴的無故侵入住宅部分予以起訴，但起訴的效力仍及於具有想像競合關係的侵入住宅罪，法院仍應一併審理；(二)判決的效力也在案件單一的範圍內及於全部(審判不可分)。如上開案例，如果法院仍僅就恐嚇的部分判處罪刑確定，檢察官事後發現漏未將侵入住宅部分起訴，而再行就此部分起訴，因為恐嚇判決的效力及於侵入住宅部分，檢察官依法不能再就侵入住宅起訴，法院必須就再行起訴的侵入住宅部分諭知免訴判決；(三)對於判決的一部上訴者，其有關係的部分，視為亦已上訴(上訴不可分)。,M             
使公務員登載不實罪,本罪規定於刑法第214條，行為人以不知情之公務員為利用對象，提供不實之內容，讓公務員登載在所掌管的公文書，以達到虛偽制作之目的，如因此損害公眾或他人之權益，就可能構成本罪。本罪必須是一經他人聲明或申報，公務員就有依其聲明或申報登載的義務，才可構成；若所為聲明或申報，公務員必須實質審查，就不構成本罪。,M             
具結,為確保證人證言的真實性，法院命證人朗讀結文並簽名。通常結文內會記載：「當（係）據實陳述，決無匿、飾、增、減，如有虛偽陳述，願受偽證之處罰等語」。若證人經具結而為虛偽的證述，可能構成偽證罪（刑法第168條）。,V             
受輔助宣告之人,請參考「輔助宣告」的解釋。,F             
強制執行,執行機關依債權人的聲請，以強制力來實現債權人對於債務人的請求權的程序。例如：甲起訴請求乙償還借款100萬元，法院判決乙應返還甲100萬元確定後，如果乙拒絕還錢，甲可以拿確定判決請求執行法院對乙的財產進行扣押或拍賣，使甲依該確定判決可請求乙返還100萬元的權利獲得實現。,V             
倘若,假如。,A             
緩刑確定,法院判決宣告緩刑(2年以上、5年以下)，於上訴經駁回確定，或上訴期間屆滿而無合法的上訴，或不得上訴的判決於宣示或公告時，其緩刑宣告即屬確定，而開始起算緩刑期間。,M             
牽連管轄,使具有刑事訴訟法第7條所定「相牽連關係」之數個不同案件，由其中管轄法院合併管轄進行審判。刑事訴訟法第7條規定：「有左列情形之一者，為相牽連之案件：一、一人犯數罪者。二、數人共犯一罪或數罪者。三、數人同時在同一處所各別犯罪者。四、犯與本罪有關係之藏匿人犯、湮滅證據、偽證、贓物各罪者。」例如：A在台北市中正區殺人，又在桃園竊盜，此時依刑事訴訟法第7條第1款規定，二者為相牽連之案件，依同法第6條第1項規定，可以合併由台北地方法院管轄。,M             
立法理由,"立法者制定某法律條文時所抱持的理由。
例如：行政訴訟法第98條之1規定：「以一訴主張數項標的，或為訴之變更、追加或提起反訴者，不另徵收裁判費。」其立法理由為：「訴之合併，仍係利用同一訴訟程序進行，應以一件計徵裁判費。」",A             
限制書,辯護人可以接見羈押中的被告，並互通書信。但是，接見及通信如果有滅證或勾串的可能，為了確保偵查審判順利進行，可以在法官核發限制書的情形下予以限制。,M             
行政執行署,行政強制執行原則上由原處分機關（原來作成行政處分的機關）或該管行政機關為之，但如果屬於金錢給付義務的強制執行，根據行政執行法第4條第1項規定，應移送法務部行政執行署所屬行政執行處（現改制為分署）加以執行。,A             
二等親,依民法第968條規定，血親親等的計算，直系血親與旁系血親不同。直系血親的親等，從自己往上一代或往下一代數，以一個世代為一親等，例如祖父與孫子女就是二親等的直系血親；旁系血親的親等，從自己數到同血縁的直系血親，再由同血緣的直系血親，數到要計算親等的血親，再把親等相加，總和的世代數目就是親等的數目，例如同父母的兄弟姊妹之間就是二親等的旁系血親。,F             
儆醒,悔改,G             
勞訴,案件字別。,F             
共同財產制,"如果夫妻在結婚之後，決定二人的財產及所得(也可以只限定勞力所得)都要合併成共有，那麼就要到法院登記處去登記為夫妻共同財產制。
一旦登記了，除了少部分個人專用物品、職業專用物品、或是別人特別書面聲明送給夫妻一方的財產之外，其他財產都是夫妻共有，債務也是共同負擔。",F             
地上權,"為建造建築物或其他工作物為目的，而使用他人土地的權利。地上權的取得主要有兩種
方式：1.透過直接與土地所有權人的設定行為而取得「地上權人」的法律地位；2.基於法律規定而發生的「法定地上權」關係（例如：當土地和建築物所有人，以地上建築、或同時將房地設定抵押，但因未能清償債務而遭拍賣，造成土地和建物的所有權人成為不同人時，法律規定建物所有權人對於該土地享有地上權）。",V             
房屋評定現值,房屋稅是以房屋現值為稅基，乘以按實際使用情形所適用的稅率課徵，而主管稽徵機關依據直轄市、各縣（市）不動產評價委員會評定之房屋標準價格，核計房屋現值，此現值即為房屋評定現值（房屋稅條例第5條、第9條、第10條、第11條規定）。,A             
合意管轄,當事人在起訴前合意就特定法律關係以書面約定第一審管轄法院（民事訴訟法第24條）。,V             
法定管轄,刑事訴訟法上的法定管轄，是由刑事訴訟法直接規範將國家的刑事審判權分配各法院來行使。全國各地設有許多法院，但如果任何法院都有權限去審理任何案件，就可能會產生混亂，因此，以刑事案件而言，通常必須要依照案件的性質、犯罪發生場所、被告的住居所或所在地為標準，來決定這個案件可以由哪個法院負責審理。例如：於桃園市發生的竊盜案件，桃園地方法院即依前述規定，享有管轄權。,M             
自白不諱,指被告(或犯罪嫌疑人)對於犯罪事實的全部或一部，承認自己所為的陳述。,M             
積極損害,指現存財產減少的損害，例如：身體健康受侵害因而支出的醫療費用、生活上的需要如看護費用的支出等。,V             
授權公務員,規定於刑法第10條第2項第1款後段。指身分公務員以外，其他依法令從事於公共事務，而具有法定職務權限之人。如依政府採購法規定之各公立學校、公營事業之承辦、兼辦採購等人員。,M             
行政慣例,行政機關對於某類事件反覆地以相同的方式處理，形成規律，這樣的處理方式可能逐漸成為「行政慣例」。但行政慣例欠缺法律的基礎，基於法律保留原則，不可以用行政慣例限制人民的自由、權利，只能在不牴觸法律的前提下，透過憲法的平等原則，要求行政機關自我約束，依照其向來的行政慣例來處理事務，而間接對人民產生效力。,A             
存證信函,指透過郵局發信來證明發信日期及發信內容的函件，交寄時以內容完全相同的副本留存在郵局，預備作為證據使用，稱為存證信函。寄件人只要透過郵局寄發存證信函，如果對方確實收到，對於寄件人來說，是保存證據的一種便利方法。例如，逆子甲不孝，揮霍祖產，更多次以持刀恐嚇、潑酸、放火的手段向爸爸要錢花用，爸爸心痛之餘，以寄發存證信函的方式表達在他死亡後，甲不可以繼承遺產。,F             
憑信性,於刑事訴訟程序，「憑信性」多認為與「證明力」同義，而與「證據能力」為不同層次之概念。「證據能力」是有無證據資格或可否作為證據使用之問題，而「憑信性」或「證明力」則是證據是否足以證明待證事實之問題。,M             
與有過失,有損害賠償請求權的被害人，如果對於損害的發生或擴大也有過失的話，被害人就是與有過失，法院可以減輕或免除加害人的賠償責任。例如：甲違規穿越馬路遭開車闖紅燈的乙撞傷，甲雖然可以對乙請求損害賠償，但甲違規穿越馬路而被撞傷，對於車禍的發生也應負一部分責任，乙的賠償責任就可以獲得減輕。,V             
形式真正,形式上是真的。,F             
閱卷權,指被告、辯護人或鑑定人依據刑事訴訟法第33條、第33條之1及第205條規定可以閱覽卷宗或證物的權利。,M             
出養,與收養一詞相對，指孩子的生父母透過法律程序轉移父母的親權，當收養程序完成時，收養人的法定父母身分即正式成立，生父母將終止與孩子在法律上的親子關係。一般可分為國內出養(收養人、出養人、被收養人都以本國籍身分進行法律程序)及跨國出養(將孩子出養給外國籍人士，通常都是透過收出養專業機構進行)。而在有出養必要性前提下，國內出養應優先於跨國出養，讓孩子能盡量在同種族同文化的環境成長。,F             
附麗,「依附」的意思。詳「失所附麗」。,F             
公訴人,刑事訴訟法上的起訴，也就是請求法院確認國家對於特定人及犯罪事實的刑罰權是否存在及其範圍，可分為公訴及自訴二種，公訴只能由檢察官提起。檢察官提起公訴後，接著於審理過程中實行公訴，所以又稱為公訴人。,M             
使用竊盗,使用竊盜係指行為人之目的僅在供自己一時之用，且並無發生處分之結果，而無不法所有之意圖。因刑法竊盜罪之成立，除須有竊取他人財物之行為外，尚以行為人有為自己或第三人不法所有意圖之主觀構成要件，始足當之，是以使用竊盜與竊盜罪之構成要件不符，而不構成刑法上之竊盜罪。,M             
事實行為,學者或實務工作將民法規定的各種會發生特定法律效果的行為，分成法律行為、準法律行為及事實行為。事實行為的行為人，不必表現內心的意思，就會發生私法上的法律效果，例如：占有取得、無主物先占、無因管理、拾得遺失物等。,V             
重大過失,認定過失的一種標準。凡是普通人都可以注意及預見的事情，行為人有義務去注意，卻沒有注意，就有重大過失。,V             
職權命令,依照中央法規標準法第7條規定，各機關依其法定職權或基於法律授權訂定之命令，應視其性質分別下達或發布，並即送立法院。從此處可區分授權命令與職權命令，換句話說，學理上依照前面之規定，認為如果沒有法律授權，而是基於行政機關職權所訂定的命令，就稱為「職權命令」。(至於授權命令，可參照授權命令之法律名詞解釋)。,A             
行政責任,"因違反行政法上義務而須承擔的法律效果。
例如：汽車駕駛人在禁止臨時停車處所停車，應承擔受到處新臺幣600元以上1,200元以下罰鍰的結果。",A             
交付觀察,少年法庭審理後，認為少年確有觸法或虞犯行為，但對於是否要對少年施以保護處分或要採取何種保護處分比較妥當？認為應該經過一段時間的觀察才能決定時，會裁定將少年交付少年調查官進行六個月以內的觀察，少年調查官輔導觀察後應提出建議報告供法官參考。,Y             
責罰相當原則,又稱罪刑相當原則，刑事審判旨在實現刑罰權之分配正義，對犯罪行為之評價應罪刑相稱，罰當其罪，禁止過度評價或評價不足；例如法定刑度之高低應與行為所生之危害、行為人責任之輕重相稱，始符合罪刑相當原則，而與憲法第23條比例原則無違。,M             
犯罪同時性原則,"指行為人實現不法構成要件時，應同時存在罪責，亦可稱「同時存在原則」、或「同時原則」。必須注意：該名詞可能與「故意與行為同時存在原則」產生混淆。因此在討論「同時性」的問題時，宜先確認「同時存在」的討論對象，是「故意」或「罪責」。

",M             
臨訟置辯,遇到、碰到訴訟時的申辯。,A             
共同抵押權,所謂共同抵押權，是指債權人為了要擔保同一個債權的實現，債權人以數個不動產作為標的物，所設定的抵押權；在未限定各個不動產所負擔的金額時，債權人（即抵押權人）可以就各個不動產出賣所獲得的價金，受償他全部或部分的債權。例如：甲向乙借錢，甲提供其名下的A屋設定抵押權給乙，但是乙認為A屋恐怕不足清償甲積欠的債務，因此要求甲另外再提供B屋供其設定抵押權，此時甲就是以A屋和B屋作為同一筆借款債權的共同抵押物，乙對A屋及B屋就有共同抵押權。,V             
當事人適格,在民事訴訟中可以擔任原告或被告而受本案判決的資格。也就是在具體訴訟中，由某人擔任原告或被告對紛爭解決是適切而有必要的，例如：甲知道家財萬貫的乙積欠貧困潦倒的丙工資1萬元，甲行俠仗義，以自己名義起訴請求乙給付丙工資1萬元的情形，甲並不是適格的當事人。,V             
羈押禁見,法院裁定將被告拘束於看守所，同時禁止被告與律師以外之人見面。,M             
誘捕教唆,偵查人員為了偵查目的，自己或利用線民挑唆他人犯罪，以便將這個人逮捕或偵辦。可分為兩種，一為創造犯意型誘捕，又稱為陷害教唆，指行為人原本沒有犯罪意思，因受偵查人員或線民的引誘才產生要犯罪的想法。另一種稱為機會型教唆，指行為人原本就有犯罪的故意，偵查人員或線民只是利用機會加以逮捕或偵辦，並不是因為被挑唆才開始想要犯罪的。這兩種作法所形成的法律效果各有不同。,M             
營業稅,依加值型及非加值型營業稅法第1條規定，在中華民國境內銷售貨物或勞務及進口貨物，均應依該法規定課徵加值型或非加值型營業稅。營業稅性質上屬於「消費稅」，是由消費者負擔，只是若由政府直接向消費者課徵營業稅，因交易數量十分龐大，有徵收上的困難，基於稽徵經濟的考量，因此在立法技術上以營業人為納稅義務人，但實際上則是利用銷項稅額扣抵進項稅額的方法，經由後續交易轉嫁由最終買受貨物或勞務的消費者負擔。營業稅，依銷售商品或勞務性質的不同，區分為「應稅」、「零稅率」或「免稅」。「應稅」者，依該法第10條規定，除另有規定外，稅率最低不得少於5%，最高不得超過10%，其徵收率由行政院定之。現行稅率為5%。,"V,A           "
對造,就是「對方」的意思。原告、被告；聲請人、相對人即互為「對造」，也可以稱為「他造」。,F             
緊急搜索,"解釋一：一般的搜索程序原則上要先由法官核發搜索票。但是刑事訴訟法第131條有規定，於：一、因逮捕被告、犯罪嫌疑人或在執行拘提、羈押的時候，有事實足夠認定被告或犯罪嫌疑人確實在某個地點裡面。二、因追捕現行犯或逮捕脫逃的人，有事實足夠認定現行犯或脫逃人確實在某個地點裡面。三、有明顯事實足以相信為有人某個地點裡面犯罪而且情形急迫。在以上這些情形，檢察官、檢察事務官、司法警察官或司法警察，雖然沒有取得法官核發的搜索票，也可以直接搜索住宅或其他場所。另外，檢察官在偵查的時候，有相當理由認為情況急迫，若不迅速搜索，在24小時內將有證據有偽造、變造、湮滅或隱匿的可能，檢察官也可以不用搜索票直接去搜索，或指揮檢察事務官、司法警察官或司法警察執行搜索，並同時報告檢察長。以上這些搜索，都稱之為緊急搜索。這樣的搜索如果是由檢察官來做的話，應於搜索之後3日內陳報法院；如果是由檢察事務官、司法警察官或司法警察來做的話，也要在3日內報告檢察官及法院。法院收到報告後，如果認為不應准許的話，應在5天以內撤銷這些搜索。
解釋二： 緊急搜索可以區分為對「人」的緊急搜索及對「物」的緊急搜索二種，不論是對「人」或是對「物」的緊急搜索，在搜索完畢必須事後陳報法院，否則會被法院認為是違法取得的證據，進而得認定無證據能力。對「人」的緊急搜索：為避免被告或犯罪嫌疑人脫逃，或有事實認為有人在內犯罪，為阻止犯罪發生，但因情況急迫，來不及聲請搜索票，刑事訴訟法第131條第1項規定，例外可以在無搜索票下進行搜索。這種搜索的目的，在於發現被告、犯罪嫌疑人或應被拘捕的人，是「人」的發現，必須限於對住宅或其他處所搜索，一旦搜索到應被逮捕或拘提的人後，即應停止搜索。例如，員警聽到屋內有人喊救命，因為情況急迫，緊急進入屋內搜索犯罪者及阻止犯罪繼續進行。
對「物」的緊急搜索：檢察官在偵查中有相當理由認為情況急迫，若不立即搜索，證據可能在24小時內會被偽造、變造、湮滅或隱匿時，為保全證據，刑事訴訟法第131條第2項規定可以在無搜索票情形下搜索。例如，檢察官依據監聽內容，知道甲涉嫌參與製造第二級毒品，部分已接近製造完成，疑似進一步聯絡交付毒品給第三人，如果將製造的毒品交付第三人，證據將會被湮滅或隱匿，且有急迫性，有保全證據的必要。因此，檢察官可以不用聲請搜索票，而直接發動搜索，以搜得第二級毒品安非他命、半成品及相關設備與原料。",M             
馨股,法院股符名稱，因為辦理業務的需要，每個「股」會以不同的命名以示區別，例如「溫股」、「馨股」。,F             
要屬虛言,難以採信,G             
一物一權主義,一個獨立物（社會觀念上、交易上、法律上的獨立物，例如：公寓大廈，客觀上一棟是一個獨立物，但社會觀念上、法律上、交易上則區分為數個獨立物，存在數個區分所有權）只能存在一個所有權。,V             
合議制,是指審判法院之組織是由數名法官共同組成並合議決定者而言。例如：高等法院審判案件，以法官三人合議行之。,M             
勒令歇業,屬於行政罰法第2條所規定「剝奪或消滅資格、權利之處分」。例如：公共遊樂場所之負責人或管理人，縱容兒童、少年於深夜聚集其內，而不即時報告警察機關，其情節重大或再次違反者，依社會秩序維護法之規定，主管機關對之得處以勒令歇業之行政罰。,A             
公證人,依據當事人或其他關係人的請求，就其所為具有欲發生一定法律上效果的行為，或其他與私權有關的事實，有權作成公證書或認證的人(公證法第2條)。包括法院公證人（公證法第22條第1項、第3項）及民間公證人（公證法第24條第1項）。,V             
行政控制,行政任務的監督指揮者為了檢查執行的進度，並確保其執行效果，對於任務過程所產生的偏差和問題予以修正，以確保行政任務的執行結果與原定計畫相符的機制，也可作為行政責任釐清之用。常見的決策程序、上級長官的監督措施等，都是行政控制的一環。,A             
兇器,刑法的「兇器」，是指足以殺傷人生命、身體的器械而言。以竊盜罪為例，如果行竊時攜帶「兇器」，因有行兇的危險性，會構成刑度較重的加重竊盜罪，不問攜帶兇器的目的是否要行兇之用。同樣攜帶兇器加重刑度之規範，在妨害性自主、搶奪及強盜罪均有類似的規定。,M             
不變期間,"法律規定應為某種行為的一定期間。這種期間不得因任何事由而延長或縮短。
例如：提起撤銷訴訟及課予義務訴訟，應於訴願決定書送達後2個月內為之；提起上訴，應於高等行政法院判決送達後20日內為之（行政訴訟法第106條、第241條），該2個月及20日均為不變期間。但因天災或其他不可歸責於己的事由，致遲誤不變期間時，可以聲請回復原狀（行政訴訟法第91條）。",A             
審級利益,一個案件可由上下審級的法院進行充分的審理，以確保裁判的正確，避免錯誤的發生，這樣的程序保障稱之為審級利益。一般的訴訟案件至少有初審及覆判二個審級的利益。,M             
法律上一罪,指實質上一罪或裁判上一罪，在訴訟上均屬單一性案件，其刑罰權僅有一個。檢察官或自訴人僅就其中一部分犯罪事實提起公訴或自訴，如構成犯罪，即與未起訴之其餘犯罪事實發生一部與全部之關係，法院應全部審判（即審判不可分）。,M             
聲請本票准許強制執行,依據票據法第123條規定，執票人向本票發票人行使追索權時，得聲請法院裁定後強制執行。因此本票執票人可依上開規定，向票據付款地等有管轄權之法院聲請本票准許強制執行之裁定。,V             
偶然避難,與得阻卻違法之「緊急避難」相較，偶然避難之行為人在主觀要件上欠缺救助意思，例如甲持石頭擲破乙宅窗戶玻璃，恰巧乙在浴室開瓦斯自殺，因此救了乙，而有避難的客觀事實，但是甲在主觀上並非出自於救助意思，所以不是緊急避難，而應負毀損罪責。,M             
不純正身分犯,不純正身分犯是指法律以行為人具有特定身分或資格，作為刑罰加重或減輕的事由，如果行為人不具有該特定身分或資格，則仍然成立犯罪，只是不能適用其他較重或較輕的罪名論處。例如，甲、乙共同殺害乙的父親丙，對甲而言，丙不是甲的父親，因此甲不會構成刑法第272條第1項殺害直系血親尊親屬罪，但仍然成立刑法271條第1項普通殺人罪。,M             
中間裁判,中間裁判是指非以終結訴訟為目的，而是為了達成終局裁判(為終局裁判之準備)而於審理程序之過程中所為之裁判，大部分是針對訴訟指揮及關於各種強制處分所為的裁判，通常係以裁定的方式為之，而無以判決為之者。例如法官迴避的裁定、延長羈押的裁定等。,M             
指示交付,動產物權之讓與，非將動產交付，不生效力。但是如果要交付之動產標的物還在第三人占有時，此時讓與人得以他自己對於第三人返還請求權讓與給受讓人，直接代替交付之情形。換句話說，就是讓動產物權之讓與人將他自己對動產占有人的標的物返還請求權讓與給受讓人，來代替標的物現實移轉占有之交付。,V             
意思通知,在民事法領域，對於人的行為分為法律行為、事實行為及準法律行為。「意思通知」是一種準法律行為，是指表意人表示一定的期望，並基於法律規定而發生效力，例如催告。不過，在行政法領域，因為受到依法行政原則的影響，僅有法律行為及事實行為兩種分類，而原本民事法上「意思通知」的類型，因為含有「表意」及「發生法律效果」等要素，所以在行政法上均會納入法律行為的概念中，也就是說在行政法上並沒有「意思通知」這樣的分類。,A             
假執行,「假執行」是專有的法律名詞，意思是「暫時先執行」。一般來說，法院的裁判必須確定後才能拿來聲請執行，但在符合一定的法律要件之下，就算裁判還沒有確定，也可以請求法院暫時先執行。但通常需要繳納一定的擔保金，如果最後沒有取得勝訴的確定判決，擔保金要用來賠償對方的損失。,F             
刑事實體法,實體法是與程序法相對應的概念，乃係關係人民實體上權利與義務關係的法律，在法學分類中，是相對於行使關於權利與義務之程序的法律類別。例如：中華民國刑法、貪污治罪條例等是。,M             
灼,清楚明顯。,A             
先此敘明,在此先作這個說明,G             
查封登記,為使債務人喪失其對執行標的物處分權（凍結債務人財產），以保全債權人私權的實現，由執行法院囑託財產登記機關辦理的登記。,V             
代替行政處分之行政契約,代替行政處分之行政契約，是行政契約的諸多類型之一，是指行政機關在性質及法規允許的範圍內，與人民協議，以締結行政契約的方式，取代原本得以單方作成行政處分的方式，去形成當事人間的公法上權利、義務關係。例如行政機關原得以行政處分核發人民補償金，但改以行政契約的方式發給，此種行政契約即為代替行政處分之行政契約。,"V,A           "
住居所,"所謂住所，是指以久住的意思，住在一定地域。如果是因為特定事務或業務寄居某地，沒有久住的意思，即使是經過多 年，也只能稱為居所，不能認為是住所(請參考最高法院27年上字第2454號民事判例)。
",F             
從刑,從刑，又稱附加刑，應附隨主刑而宣告，不得單獨科處。從刑規定於刑法第36條，係指「褫奪公權」，亦即褫奪「為公務員之資格」、「為公職候選人之資格」。 ,M             
結婚登記,指結婚雙方當事人完成結婚應向戶政機關申請登記，以建立正確的戶籍資料。民法第982條經過97年5月23日修法後，結婚不但應以書面、經二名以上證人簽名，並且應由雙方當事人向戶政機關辦理結婚登記，才會發生結婚的效力。,F             
準文書,非文書的物件，有時也足以傳遞表示某人的意思或思想，例如：紀念碑、界標、圖畫、照片等，均與文書相類似，也可用為證據方法，所以文書外的物件有與文書相同的效用者，準用文書的規定，該物件就稱為準文書（民事訴訟法第363條第1項）。,V             
處罰法定原則,行政罰是對於違反行政義務者所科處的行政制裁，基於法律保留原則，行政機關必須有法律、法律授權之法規命令或自治條例作為依據，始得為之，此即所謂「處罰法定原則」。行政罰法第4條即為「處罰法定原則」的明文規定。,A             
作為犯,以作為的方式實現構成要件者，即為作為犯。例如殺人，刑法規定殺人的處罰，就是希望人不要作出殺人的行為，如果違反法律的規定，而以刀、槍、繩索等方式，積極實現殺人構成要件的行為，就是屬於殺人的作為犯。,M             
消極損害,指財產總額應增加而未增加之損害；也就是因損害事實之發生，導致現存財產之增加受到妨害。例如：因車禍受傷不能工作而減少的工資收入，即為消極損害。,V             
即非無疑,並非沒有疑義,G             
特別人格權,人格權係以人格為內容的權利。可分為「特別人格權」與「一般人格權」。特別人格權係指法律明文規範加以保護的人格權，例如民法所規定之姓名、身體、健康、信用、隱私、貞操等權利；而一般人格權則係指民法第18條所概括規定的人格權。,V             
吊扣,「吊扣」，以駕駛執照為例，係指當事人因違反行政法之義務，經主管機關扣住駕照，等扣留期限屆滿始能領回。道路交通管理處罰條例第23條規定：「汽車駕駛人，有下列情形之一者，吊扣其駕駛執照三個月：一、將駕駛執照借供他人駕車。二、允許無駕駛執照之人，駕駛其車輛。」,A             
事中共同正犯,大部分犯罪的完成，除了可以由一個人加以實現外，也可以是透過二個人以上來共同完成。如果二個人以上，為了共同實現某種犯罪行為，而一起策劃、謀議(即主觀要件上要有「犯意聯絡」)，並分擔行為的全部或一部實行，或推由他人實行(即客觀要件上要有「行為分擔」)，彼此互相依賴、補充他人實行的行為或成果，而共同完成犯罪，即稱之為「共同正犯」。然而，共同正犯的犯意聯絡，並不限於事前為之，即使是在行為時才有共同犯意之聯絡，也可以成立共同正犯，這種前行為人已經著手於犯罪之實行後，後行為人中途與前行為人取得意思聯絡而參與實行行為的情形，就稱之為「事中共同正犯」，學理上也稱之為「相續的共同正犯」或「承繼的共同正犯」。,M             
撤銷訴訟,"行政機關對人民甲作出行政處分，甲如果認為有違法或不當的情形，並且導致甲的權利或利益受到損害，甲可以向上級行政機關或法律規定的受理機關（即訴願機關）提起「訴願」，訴願機關作成訴願決定後，如果甲仍然不服，可以向向行政法院提起「撤銷訴訟」。
例如：甲對於財政部臺北國稅局的課稅處分不服，向國稅局申請復查及向財政部提起訴願後，仍然不服，認為課稅處分是違法的，可向行政法院提起「撤銷訴訟」，請求法院撤銷該課稅處分。",A             
減徵,「減徵」的字面上意思是「減少徵收」。「減徵」一詞在我國法律中使用廣泛，意義也不盡相同。例如：規費法第12條、第13條規定的「減徵」，就是指對於行政規費的減少徵收；而貨物稅條例第12條之1至12條之6所規定的「減徵」，則是指對於已成立的稅捐債務（貨物稅）減少徵收，也就是減稅的意思，所以減徵的實際意涵，仍須視個別法律規定之內容而定。,A             
定暫時狀態,法院受理當事人間發生權利及義務關係的爭執事件，需要一定時間進行審理才能判決確定，當事人為了防止在判決確定前發生重大的損害或避免急迫的危險等，可以向法院聲請「定暫時狀態處分」，由法院裁定准許在判決確定前，將雙方的權利義務關係暫時確定在某種狀態。例如：勞工主張雇主不法解雇，但雇主以已經合法解雇為由拒絕給付薪資給勞工，勞工起訴請求確認僱傭關係存在的情形，法院可能需要審理一段時間才能作成判決。如果勞工在法院判決確定以前一直都領不到薪資，可能造成全家生活陷入困難，這種情形法院就可以依勞工的聲請，作成在該判決確定前，勞工與雇主間的僱傭關係存在的定暫時狀態處分，此時雇主就必須繼續給付薪資給勞工。,V             
肯認,認可；同意。,G             
公開審判原則,指法院審理、裁判之進行，應使國民得以自由見聞，以確保審判之公正，並落實言詞審理原則。但法庭之公開，有妨害國家安全、公共秩序或善良風俗之虞時，法院得決定不予公開，是屬例外。,M             
自招危難,"實務上認為，當避難者自行引起緊急危難時，避難者就不能接著再透過緊急避難侵害無關第三人來保護自己，否則就是濫用法律賦予的緊急避難權限。
例如大貨車司機超速駕駛，致使大貨車來不及剎車，即將撞上山壁，司機很有可能死亡，此時司機為了保護自己，用力轉動大貨車的方向盤，使大貨車衝進旁邊的便利商店，撞傷看店的工讀生，幸好只有皮肉之傷而已。在這個案例中，司機的確面臨生命的緊急危難，而為了避免死亡，司機透過撞傷工讀生的行為保護了自己，依前面講的三項要件來看，似乎可以符合緊急避難的規定而不成立犯罪。但我國實務認為，因為「大貨車撞山而可能致司機死亡」這個緊急危難是司機自己招致來的，對於自己做出的危難還要別人犧牲利益來保護自己，本質上就是濫用法律給予的避難權利，因此司機不可主張緊急避難，所以仍然構成犯罪。",M             
囑託拘提,被告所在地不在法院轄區的話，審判長或檢察官可以開拘票請被告所在地點的檢察官幫忙拘提被告。這種情形就稱為囑託拘提。,M             
通訊監察書,通訊監察書（俗稱監聽），指警、檢機關基於犯罪偵查需要，依法聲請法院核准對於公民私密性的通訊予以攔截、開拆、讀取的刑事偵查手段之核准文書。聲請法院核准監聽時，聲請機關必須蒐集相當事實可認為監聽對象可能涉嫌犯罪，法院才會核發通訊監察書。,M             
阻卻刑罰事由,指在某些特別的犯罪類型，行為人之行為雖符合構成要件該當性、違法性、有責性而構成犯罪，但如行為時存在可排除刑罰的個人情狀，得不予處罰。如行為人與他人有共同自殺的謀議，而教唆或幫助該他人自殺，或受其囑託或得其承諾而殺之，得予以免刑，而阻卻刑罰。,M             
甫於,才剛在…(時間)的意思。,F             
教唆故意,教唆犯對於自己的教唆行為以及被教唆人會犯的特定犯罪有認知及意欲。例如：A唆使B殺害C，A對於自己唆使B去殺人以及B會去做殺人有所認識，而且希望這件事情發生，此時A就具有教唆故意。,M             
完稅價格,在「從價課稅」（也就是以貨物價格作為課稅基礎進行課稅）的情形，課稅的基礎價格，一般稱為「完稅價格」。例如關稅法第29條第1項規定：「從價課徵關稅之進口貨物，其完稅價格以該進口貨物之交易價格作為計算根據。」貨物稅條例第13條規定：「（第1項）應稅貨物之完稅價格應包括該貨物之包裝從物價格。國產貨物之完稅價格以產製廠商之銷售價格減除內含貨物稅額計算之。（第2項）完稅價格之計算方法如左：完稅價格＝銷售價格／ (１＋稅率)」。,A             
撤銷,"「撤銷」為法條常見用語，有關行使撤銷權之主體、要件及法律效果，依個別法律規範定之。例如行政程序法第117條以下係關於行政機關依職權撤銷違法行政處分之糾正規定；行政訴訟法第4條係人民對於違法行政處分提起撤銷訴訟之救濟規定；行政罰法第2 條第2 款之撤銷許可係對於違反行政法上義務者之處罰規定。

",A             
有認識過失,"解釋一：依據刑法第十四條第二項之規定，行為人對於構成犯罪之事實，雖預見其能發生而確信其不發生者，以過失論，即所謂「有認識之過失」，用來描述對犯罪事實之發生有認識其可能性，但基於其他事由自信其決不致發生此事實，因而疏於防止，終致發生犯罪結果之謂。例如小明於深夜疲勞駕車，雖知這樣的精神狀態很容易發生車禍，但還是相信自己的駕車技術，未料真的發生車禍。
解釋二：有認識過失的犯罪人比較不一樣，這種犯罪人雖然知道他做的事很危險，可能會害到別人，為了避免害人，所以犯罪人另外做了一些保護措施來防止別人受害，但這些保護措施沒有效果，最後還是害到別人，這種知道可能發生損害，並且自信不會害到別人的心態，就是有認識過失。至於是否有此一心態的存在，這是一個主觀想法的認定，法院在判斷時，仍須要透過客觀事實來認定，像是犯罪人有採取一定的保護措施等等。例如甲和乙在公園傳接棒球，這時甲突然看到一位小女孩丙跑過來他們身邊，因為距離很近，甲認識到丙可能會被傳給乙的棒球打到，但甲自認身手矯健，而且刻意丟輕、丟偏離丙一點，沒想到丙還是亂跑，被甲丟向乙的棒球擊中頭部而受傷。在這個案例中，甲已經想到丙可能被自己丟的球打到，也採取了一些保護丙的措施，但丙仍然被球打傷，對於丙受傷的後果，甲主觀上具「有認識過失」，構成過失致傷罪。",M             
請求權人,依法可以請求他人為一定的行為或不為一定行為的人。例如：車禍受傷的被害人，可以請求加害人賠償，被害人就是請求權人；不能維持生活的父母可以請求子女扶養，父母就是請求權人；樓上住戶因為樓下住戶深夜彈鋼琴而無法入睡，可請求樓下住戶在晚上十點以後不得彈鋼琴，樓上住戶就是請求權人。,V             
重大過失,即顯然欠缺普通人之注意者。例如：小明燒水把瓦斯開著就出門，而後發生火災。,M             
公益法人,為不特定多數人的利益提供服務而成立之人或財產的組織體。例如：農會、工會等社會團體，或私立學校、教會、基金會等。,V             
程序事項,"關於訴訟程序上的事項。
例如：行政訴訟進行中，被告機關的代表人甲卸任，由乙接任，乙必須聲明承受訴訟。",A             
逮捕,以強制力拘束人身自由之強制處分，逮捕之主要目的為預防犯罪或是為進行偵查。,M             
起訴審查,"為落實檢察官之實質舉證責任兼防止濫行起訴，以保障人權，避免被告不必要之訟累，並節約司法資源，刑事訴訟法2002年修法時，增訂刑事訴訟法第161條第2項規定，法院於第一次審判期日前，認為檢察官指出之證明方法顯不足認定被告有成立犯罪之可能時，應以裁定定期通知檢察官補正；逾期未補正者，得以裁定駁回起訴。
起訴審查之標準為法院認為檢察官指出之證明方法顯不足認定被告有成立犯罪之可能，依法院辦理刑事訴訟案件應行注意事項第95點，係指審查檢察官起訴或移送併辦意旨及全案卷證資料，依客觀之論理及經驗法則，從形式上審查，即可判斷被告顯無成立犯罪之可能者；惟亦有學者主張應以美國證據之形式上有罪作為判準。",M             
聽證,"指行政主體在作成決定前，給予當事人、利害關係人或有關人員陳述意見、說明作證機會的概念。
我國行政程序法有明文規定聽證程序的內容（第54條至第66條），且針對不同的行政行為，訂定補充的程序要求和要求舉行聽證的時機，包含行政處分的聽證程序（第102條、107條、第108條）、法規命令的聽證程序（第155條、第156條）及行政計畫的經聽證程序（第164條第1項）。",A             
原審法院,在審級制度的架構下，相對於上級法院而言，前一個進行審判的下級法院，就是原審法院。,M             
菁股,請參考「馨股」的解釋。,F             
併合處罰,「併合處罰」指行為人犯數個獨立的罪，且所犯數罪行為，均是裁判確定前完成，由法院合併裁判處罰。刑法第50條第1項「裁判確定前犯數罪者，併合處罰之」，揭示宣告主刑種類相同之數罪應併合處罰原則（數罪併罰），並依刑法第51條等規定，定其應執行之刑。,M             
當然違背法令,上訴於第三審法院，非以判決違背法令為理由，不得為之。(刑事訴訟法第379條規定：有左列情形之一者，其判決當然違背法令︰一、法院之組織不合法者。二、依法律或裁判應迴避之法官參與審判者。三、禁止審判公開非依法律之規定者。四、法院所認管轄之有無係不當者。五、法院受理訴訟或不受理訴訟係不當者。六、除有特別規定外，被告未於審判期日到庭而逕行審判者。七、依本法應用辯護人之案件或已經指定辯護人之案件，辯護人未經到庭辯護而逕行審判者。八、除有特別規定外，未經檢察官或自訴人到庭陳述而為審判者。九、依本法應停止或更新審判而未經停止或更新者。十、依本法應於審判期日調查之證據而未予調查者。十一、未與被告以最後陳述之機會者。十二、除本法有特別規定外，已受請求之事項未予判決，或未受請求之事項予以判決者。十三、未經參與審理之法官參與判決者。十四、判決不載理由或所載理由矛盾者。),M             
客觀歸責理論,若行為人藉由侵害行為1.對行為客體製造了法所不容許的風險，2.這個不法風險在具體結果中實現了，3.這個結果存在於構成要件效力範圍之內，那麼，由這麼行為所引起的結果，才可以算做行為人的成果，而歸責給行為人。,M             
尚非不可,可以。,A             
不可抗力,人力所不能抗拒的強制力，包括天災及人禍。例如：颱風、地震或戰爭等。,V             
公法請求權,大陸法系國家包含我國在內，其法制的基本架構是建立在公法與私法二元化的基礎上，一般而言，私法是關於個人利益，且對任何人皆可適用，例如民法；而公法則是關於公共利益，且是公權力主體或其機關所執行的法規，例如行政程序法。因此，公法請求權係指公法上的權利義務主體相互間，基於公法，一方得請求他方為特定給付的權利，包括人民對行政機關的公法上請求權及行政機關對人民的公法上請求權，例如平均地權條例第60條之1規定，主管機關可依市地重劃分配結果，請求原土地所有權人繳納差額地價，或由原土地所有權人向主管機關請求發給差額地價。又需特別注意的是，依行政程序法第131條第1項規定，除非法律有另外規定，當請求權人為行政機關時，其請求權消滅時效為5年，於請求權人為人民時，其時效為10年，時效完成後，請求權就會當然消滅。因此別讓權利睡著了。,A             
甫於,剛剛、才。,A             
應買公告,指債權人聲請執行之不動產等經3次拍賣仍未拍定，債權人不願承受或依法不得承受該不動產者，執行法院應於第2次減價拍賣期日終結後10日內公告願買受該不動產者，得於公告之日起3個月內依原訂拍賣條件為應買之表示（強制執行法第95條第1項）。,V             
處斷刑,所謂「處斷刑」，乃立法者基於刑罰目的及刑事政策考量，明文規定加重、減輕、免除法定刑之事由，以調整原始法定刑。以刑法第320條第1項竊盜罪為例，有期徒刑之法定刑為 2 月以上 5 年以下。如為累犯，加重本刑至二分之一（3月以上7年6月以下）成為處斷刑，法官可在此範圍內為刑罰之宣告。,M             
私經濟行政,行政的一種分類方式。私經濟行政也可稱為國庫行政，指國家不是居於公權力主體地位行使其統治權，而是處於與私人相當之法律地位，原則上受私法規範，但國家仍不能逸脫憲法上應負的義務。,A             
上訴不合法,指所提出之上訴並未具備法律所規定的一定程式。舉例而言，民事訴訟法第440條規定，對於第一審判決提起上訴，應於判決送達後20日之不變期間內為之，如原告在判決送達後的第25日才提起上訴，顯然違反了前開規定，所提起的上訴就不合法。,G             
違背義務遺棄罪,為刑法之罪名，規定於刑法第294條「對於無自救力之人，依法令或契約應扶助、養育或保護而遺棄之，或不為其生存所必要之扶助、養育或保護者，處六月以上、五年以下有期徒刑。因而致人於死者，處無期徒刑或七年以上有期徒刑；致重傷者，處三年以上十年以下有期徒刑。」。,M             
暫時權利保護,為了避免遲來的正義，暫時權利保護是指在行政訴訟程序開啟或結束前，暫時維護現狀以避免權利受侵害，或先實現公法上的權利內容。目前行政訴訟法規定的類型有四種：一、對於不利益（負擔）行政處分或決定的「停止執行」。二、為保全金錢給付強制執行的「假扣押」，例如先扣押債務人的財產，以免脫產。三、為保全權利實現的「假處分」，例如不得移轉被徵收土地的所有權。四、就有爭執的公法上權利義務關係「定暫時狀態之處分」，例如准許聲請人參加醫師考試。所以上述的「假」是指先行、暫時或非終局的意思。,A             
從新從輕原則,對於行政秩序罰之處罰，行為後法律或自治條例有變更者，原則上「從新」，適用行政機關最初裁處時之法律或自治條例。但裁處前之法律或自治條例有利於受處罰者，例外「從輕」，適用最有利於受處罰者之規定。（行政罰法第5條）,A             
特別行政法,又稱行政法各論，指行政個別作用領域的法規範，如土地徵收條例、就業服務法、建築法、環境影響評估法、租捐稽徵法等關於土地、勞工、建築、環境、租稅等等之法領域，各該法領域或已自成體系，或仍在發展與形成之中。與之相對應的概念為「普通行政法」（又稱一般行政法），指各種原則上可適用於全部行政法領域的規定，例如行政程序法、行政執行法、訴願法等。,A             
上訴期間,不服判決提起上訴的期間限制。民事事件的上訴期間為20日，從當事人收到判決隔一天起算（民事訴訟法第440條）。當事人在宣判或公告後，如果對於判決結果不服就可以提起上訴。如果錯過期間，上訴就是不合法。當事人有無在上訴期間提起上訴，是以上訴狀到達法院的時間（不是以當事人寄出的時間），另外再加上在途期間計算。如果最後一天不是上班日，就順延到第一天上班日。例如：住在新北市烏來區的甲向臺灣臺北地方法院（下稱臺北地院）起訴，於106年6月12日宣判，甲於同年月16日收到判決書，則甲的上訴期間應該從收到判決的隔一天（106年6月17日）起算20日，故於同年7月6日屆滿，因為甲的住所與臺北地院不在同地，因此應再加上在途期間2日，甲必須在同年7月8日以前提起上訴，但因為同年月8日是星期六，因此上訴期間屆滿日順延到第一個上班日即同年月10日（星期一），換句話說，只要甲在同年月10日前，將上訴狀送達臺北地院，就可認為是在上訴期間內提起上訴。,V             
高權行為,"行政機關基於高權行政所為的具體行政行為，因為具有高權的特性，其效果上多會對相對人的權利或自由進行限制、或課予一定的義務或負擔。
例如：主管機關對人民課徵稅捐、拆除違章建築、開立交通違規舉發通知單等。",A             
上訴合法要件,合法上訴所必須具備的要件，包括：原判決須屬於可以聲明不服的判決、上訴須合於法律規定程式，並遵守不變期間、未捨棄上訴權、須對不利益的判決為之、須有當事人能力、須有訴訟能力及須依法繳納裁判費…等,V             
臚列,羅列、陳列。,G             
付之厥如,沒有、無,G             
對價,在民事的契約關係，通常是指一方當事人為取得他方交易財產而負擔的義務。在買賣契約，買受人支付價金，就是取得出賣人交易財產所有權的對價。例如：甲與乙簽立契約，甲承諾向乙購買一輛汽車並給付50萬元價金，甲為取得乙的汽車所有權，而給付的50萬元，就是對價。,V             
106年度家護字第1570號,請參考「106年度家訴字第831號」的解釋。,F             
再審之訴,已經透過訴訟程序獲得確定終局判決的當事人，或是繼受當事人間有爭執的法律關係的繼受人，對原來的確定判決表示不服，而向法院請求再次開始訴訟的程序。,A             
決定裁量,行政機關經由法律授權，於法律構成要件實現時，得決定是否使有關之法律效果發生之一種行政裁量。（參陳敏著，行政法總論，105年9月9版，第180頁）,A             
直接證據,直接證明犯罪事實的證據，例如殺人用的刀子上有被告的指紋，還有屍體，可以證明有殺死人。,M             
在卷可按,附卷可查、在卷可查、在卷可證,G             
不純正不作為犯,"解釋一：犯罪構成要件雖然是預定以作為的方式來實現，但行為人以不作為的方式也可以實現該犯罪構成要件者，就是不純正不作為犯。例如保母任令嬰兒挨餓而不餵食，嬰兒終至營養不良而死亡，就是以消極不作為的方式殺害嬰兒。
解釋二：刑法第15條第1項規定：「對於犯罪結果之發生，法律上有防止之義務，能防止而不防止者，與因積極行為發生結果者同。」指的就是不純正不作為犯。例如媽媽覺得小孩浪費她的青春與錢財，企圖將小孩拋棄，某一天見到小孩掉入水塘，卻故意不去救小孩，放任小孩淹死。換句話說，媽媽應該保護掉入水塘的小孩，卻不去救他，法律上就把這個行為當作和故意把小孩推到水裡一樣來看待，媽媽成立殺人罪的不純正不作為犯。",M             
限定繼承,"人死後，他留下的財產和負債都由繼承人繼承。
如果負債比財產還多，那麼用死者留下的財產償還負債，還不完就算了，不必繼承人自己拿錢出來償還，這就叫限定繼承，是目前法定的繼承制度。",F             
刑事訴訟法,規範刑事案件偵查、審判訴訟程序及執行的法律。,F             
自認,"自認，是指在民事訴訟程序中針對他造所主張不利於己的事實，為相一致之陳述。關於自認的方式，有可能記載於書狀中向法院為之，或在期日進行中以言詞陳述：甚至對於他造主張之事實，於言詞辯論時不爭執者，法律上亦視同自認。
",V             
酌定未成年子女權利義務行使,法律上所說的「對於未成年子女權利義務之行使或負擔」，是指擔任未成年子女的親權人(一般俗稱監護人)的意思。夫妻離婚時，原則上依照雙方的協議，由一方單獨或雙方共同擔任未成年子女的親權人；如果沒有協議或協議不成時，法院可以依照有聲請權人(夫妻的一方、主管機關、社會福利機構或其他利害關係人)的聲請或依職權審查決定應該由夫妻哪一方擔任未成年子女的親權人比較適當(請參考民法第1055條第1項規定)。,F             
節本,節錄原本之一部而成之文書。,M             
存續公司,兩個或兩個以上的公司合併後，其中一個公司存續（即「存續公司」），其餘公司歸於消滅（稱之為「消滅公司」）。例如：甲公司與乙公司簽訂合併契約，約定兩公司將採「存續合併」的方式進行公司併購，並由甲公司為「存續公司」，乙公司為「消滅公司」，兩公司正式合併後，甲公司存續而乙公司消滅。此時，乙公司在公司合併結束後，會由甲公司所吸收，而甲公司作為存續公司，其公司組織不會發生變更。公司法規定不同種類間的公司可以進行合併，但股份有限公司相互間合併，或股份有限公司與有限公司合併時，其存續公司以股份有限公司為限（公司法第316條之1第1項）。,V             
抗告,對於法院「裁定」提出不服，稱作「抗告」。如果是對法院「判決」提出不服，則叫作「上訴」。,F             
暨,與,G             
均等待遇原則,勞動法上的一個法律概念，指當勞工的工作相同、效率相同時，雇主應給予同等待遇的原則，不得以與勞動無直接關聯的理由（如：國籍、信仰或身分等）歧視或進行差別待遇。,V             
依首揭說明,「最前面的說明」的意思。,F             
地方自治,地方自治為憲法所保障的制度。基於住民自治的理念與垂直分權的功能，地方自治團體設有地方行政機關及立法機關，其首長與民意代表均由自治區域內的人民依法選舉產生，分別綜理地方自治團體的地方事務，或行使地方立法機關的職權，地方行政機關與地方立法機關間依法並有權責制衡的關係(司法院釋字第498號解釋參照，另外可參考地方制度法第18條、第25條關於自治事項、自治法規的規定)。,A             
違背查封標示效力罪,損壞、除去或污穢公務員依法所施之封印或查封之標示，或為違背其效力之行為者，處二年以下有期徒刑、拘役或二十萬元以下罰金。為違背公務員依法所發具扣押效力命令之行為者，亦同。本罪立法目的在於保全公務員依法施以封印或查封之標示，彰顯國家公權力。,M             
藉勢藉端勒索財物罪,貪污治罪條例第4條第1項第2款之「藉勢」係指行為人憑藉本人或他人權勢權力，「藉端」係指行為人假藉端由，對被害人施行恫嚇脅迫，以索取財物。不必所藉權勢事由，在其職務範圍內或與其職務有直接關係，亦不限於親自直接為之，若經由他人轉達於被害人，仍成立犯罪。,M             
權利主體,"依據實體法（如民法等）的規定，可以享受權利、負擔義務的個體。
例如：民法上的自然人、不是胎死腹中的胎兒、法人。",A             
撤銷緩刑,指被告因特定事由經法院裁定撤銷緩刑，而需執行刑罰。包括：1.應撤銷事由：緩刑前或緩刑期內因故意犯他罪，而在緩刑期內受逾六月有期徒刑之宣告確定；2.得撤銷事由：有刑法第75條之1所列情形之一，足認原宣告之緩刑難收預期效果，而有執行刑罰之必要。,M             
羈束力,所謂「羈束力」，又稱「裁判的羈束力」，規定在行政訴訟法第206條、第208條。「羈束力」羈束的對象是「法院」，而且是作成這個裁定或判決的法院，不包括上級法院或是其他同級法院。依照行政訴訟法第205條、第208條規定，法院的判決或裁定經宣示、公告或送達後生效，而判決或裁定一旦生效，不用等到確定，作成這個判決或裁定的法院就受到羈束，除非有法定事由（例如：明顯錯別字而作的更正），否則作成這個裁判的法院，不可以任意自行撤銷或變更裁判，以維持法的安定性及裁判的信用。,A             
管轄競合,我國有很多法院，哪一個案件要由哪一個法院審判，法律上有特定的判斷規定，原則上是看犯罪的地點、被告的住居所、案件法律關係或上級法院指定等方式來決定，因此方式法院取得合法審判這個案件的權利，稱之為管轄權。當有超過一個法院因為上開標準同時都具有管轄權，就是管轄競合，可從那些都具有管轄權的法院當中選擇其中一個起訴，並由這個法院審理。例如A的住所地在桃園（被告住所），A在台北市中正區殺人（犯罪地），則臺灣桃園地方法院和臺灣臺北地方法院都有這個案件的管轄權，就叫做管轄競合。,M             
毀敗,刑法第10條第4項所稱之「毀敗」是指視能、聽能、語能、味能、嗅能或肢體機能完全喪失運作能力的意思。,M             
特種貨物,符合一定要件而被課徵特種貨物稅的貨物，即每輛或每架銷售或完稅價格新臺幣300萬元以上的小客車、飛機、直昇機、超輕型載具，每件銷售或完稅價格50 萬元以上的家具、龜殼、玳瑁、珊瑚、象牙、毛皮及其產製品，及每艘船身全長達30.48公尺的遊艇（特種貨物及勞務稅條例第2條第1項）。,A             
措施性法律,措施性法律又可稱為「權宜性法律」，是指針對特定的「事務」所制訂的法律，此名詞最早出現在司法院釋字第319號解釋理由書中：「預算案實質上為行政行為之一種，但基於民主憲政之原理，預算案又必須由立法機關審議通過而具有法律之形式，故有稱之為措施性法律（Massnahmegesetz）者，以有別於通常意義之法律。」另外，釋字第690號解釋理由書中提到民國92年5月2日制定公布的嚴重急性呼吸道症候群防治及紓困暫行條例第5條第1項明定：「各級政府機關為防疫工作之迅速有效執行，得指定特定防疫區域實施管制；必要時，並得強制隔離、撤離居民或實施各項防疫措施。」也是措施性法律，用來溯及補強舊傳染病防治法，明確認為「強制隔離」屬於相關規定的必要處置。,A             
易持有為所有,為侵占罪共通之構成要件要素，凡於合法持有他人之物狀態繼續中，變易持有為所有之意思，而擅自處分或逕為所有人之行為，即應構成侵占罪。縱事後將侵占之物歸還，亦無礙於該罪之成立。,M             
合夥人,二人以上互約出資以經營共同事業的契約當事人（民法第667條）。例如：甲、乙、丙及丁協議合夥開設一間家具店，甲、乙出資600萬元，丙和丁則各出資300萬元，則甲、乙、丙和丁均為合夥人。,V             
自由心證,法官根據審理中所出現的當事人辯論旨趣及調查證據結果，在不受非法外力干擾下，依自由意志形成確信，以判斷事實真偽。自由心證並非意謂法官形成心證漫無限制，仍不得違反經驗法則及論理法則，且應該在判決書中記載清楚，以避免濫用。例如：甲、乙二人開車相撞，二人互相指責對方闖紅燈，此時證人丙到庭證述他跟甲是同向，當時是綠燈，乙不顧燈號從左方開進路口，另一名跟乙同向的機車騎士丁也作證表示他當時正在路口停等紅綠燈，乙就從他身邊開過。法官綜合卷證資料判斷乙所言不實，不可採納，就是依自由心證所得的結果。,V             
上開,之前已經提到過的。,A             
偽造特種文書罪,刑法第212條「偽造變造特種文書罪」的一種型態，「偽造」指「無制作權之人冒用有制作權者之名義而制作該文書」；「特種文書」指「護照、旅券、免許證、特許證及關於品行、能力、服務或其他相類之證書、介紹書」。例如偽造身分證、駕照或畢業證書，即構成本罪。,M             
雖非無據，惟,固然有些道理，但是、雖然並非不能相信，但是、(建議避免使用雙重否定用語),G             
依職權送再議,"依職權送再議是指刑事訴訟法第256條第3項規定，死刑、無期徒刑或最輕本刑三年以上有期徒刑之案件，因犯罪嫌疑不足，經檢察官為不起訴之處分，或第二百五十三條之一之案件經檢察官為緩起訴之處分者，如無得聲請再議之人時，原檢察官應依職權逕送直接上級法院檢察署檢察長或檢察總長再議，並通知告發人。
藉由下級法院檢察署檢察官依據前述的規定，將不起訴或緩起訴處分的案件，交付上級法院檢察署檢察官審查是否合法妥當。",M             
責付,"解釋一：責付是指有羈押原因，但沒有羈押的必要，法院指定某個人或機關看管被告，並督促被告依法院傳喚準時到庭接受審判。
解釋二：將被告（或犯罪嫌疑人）交付一定之人（轄區內尊長親友或其他有正當職業的人），來代替羈押的作法。",M             
圖利罪,公務員明知違背法令，圖自己或他人不法利益，因而獲得利益之罪名，規定於貪污治罪條例第6條第1項第4款（主管或監督事務圖利罪，屬刑法第131條之特別規定）、第5款（非主管或監督事務圖利罪）；所謂「利益」，係指使財產增加經濟價值之財物及其他財產利益。,M             
有責性,有責性又稱罪責，指的是「對於行為人個人決定為違法行為的非難，並且決定予以刑罰制裁」。罪責最重要的意涵是，對於行為人人格的尊重，因此如果行為人沒有能力作其他的合法行為，那麼他需要的是教育，而不是刑罰。所以如果行為人因為年齡，精神狀態導致價值判斷有問題，沒有辦法為合法行為，就會被認為他不具備罪責；如果行為人在個案中不可避免的會有價值判斷錯誤，也會被認為沒有罪責。,M             
詐欺罪,為刑法之罪名，又可分為普通詐欺罪及加重詐欺罪，分別規定於刑法第339條：「（第1項）意圖為自己或第三人不法之所有，以詐術使人將本人或第三人之物交付者，處五年以下有期徒刑、拘役或科或併科五十萬元以下罰金。（第2項）以前項方法得財產上不法之利益或使第三人得之者，亦同。（第3項）前二項之未遂犯罰之。」及第339條之4：「（第1項）犯第三百三十九條詐欺罪而有下列情形之一者，處一年以上七年以下有期徒刑，得併科一百萬元以下罰金：一、冒用政府機關或公務員名義犯之。二、三人以上共同犯之。三、以廣播電視、電子通訊、網際網路或其他媒體等傳播工具，對公眾散布而犯之。（第2項）前項之未遂犯罰之。」,M             
上訴意旨,提起上訴的主要理由。,M             
切結書,"為避免日後紛爭，當事人用書面承諾某種義務的文書。
例如：甲對乙提出切結書，記載甲對於他所看到的內容會保密，不會告訴第三人。",A             
拘束,限制,V             
污點證人,檢察官為偵辦貪污等犯罪，依證人保證法第14條規定，與犯罪嫌疑人或被告協商，透過減刑、免刑或不起訴處分，換取其供出重要案情或指證共犯等，以利偵查。污點證人所犯之罪須為該法所列罪名，且以檢察官事先同意為前提，證述內容也要有助於檢察官追訴他人犯罪。,M             
聽審權,當事人有在法官面前充分陳述，使法官得聽取其意見而為審判之權利,G             
保護令抗告,請參考「民事保護令」及「抗告」的解釋。,F             
廢棄發回,"「廢棄」為上級審法院認為下級審法院之裁判違背法令，上訴或抗告有理由時（行政訴訟法第256條、第272條準用民事訴訟法第492條參照），藉以消滅下級審裁判效力之法律用語。除了行政訴訟法以外，民事訴訟法中，有關上級審法院認為下級審法院裁判違背法令，上訴或抗告有理由時，對應用語也使用「廢棄」；但在刑事訴訟法中，相對應的用語則為「撤銷」。
    由於現行行政訴訟制度為三級二審制，所謂上級審與下級審法院，包括最高行政法院與高等行政法院，以及高等行政法院與地方法院行政訴訟庭兩組關係。行政訴訟法的立法體例，是於第三編規定「上訴審程序」，以最高行政法院為上級審審查下級審即高等行政法院裁判的關係作為規範對象。至於高等行政法院與地方法院行政訴訟庭之間的上級審與下級審關係，則藉由行政訴訟法第236之2第3項以準用立法技術，規定「簡易訴訟程序之上訴，除第二百四十一條之一規定外，準用第三編規定。」而不再重複規定。因此，說明最高行政法院與高等行政法院之間有關的規定內容，同時也就解釋了高等行政法院審查地方法院行政訴訟庭之間有關於廢棄發回的相關內容。以下即以最高行政法院作為上級審法院進一步就廢棄發回的概念及有關規定進行說明。
    原裁判違背法令，原則上最高行政法院應廢棄原裁判（行政訴訟法第256條參照），但也有例外。原裁判違背法令的情事，如果是下列這幾種情形，最高行政法院就無須廢棄原裁判。比如，高等行政法院如果只是誤用更為審慎的程序種類（行政訴訟法第256條之1參照）；或高等行政法院依法對於該事件沒有管轄權，卻也實體審理，而該管轄權錯誤又不涉及「專屬管轄」的管轄錯誤時（行政訴訟法第257條第1項參照）；或高等行政法院的裁判雖然違背法令，但該違背法令情形並非法律所列舉幾種特別嚴重之事由，又不影響結論時。以上這幾種情形，縱使原裁判違背法令，上級審法院也無須廢棄原裁判（行政訴訟法第258條）。
    至於「廢棄」原裁判後，最高行政法院可以將該事件「發回」原審法院審理（行政訴訟法第260條）。一般而言，如果事證還有許多不明確的地方，需要進一步的調查，最高行政法院無法自為判決，或為兼顧當事人的審級利益，都是最高行政法院將原裁判廢棄並發回原審法院審理所考量的原因。
    最高行政法院廢棄原裁判之後，除了發回原審審理外，也有其他選擇。當事實已經明確，而達到可以裁判的程度時，也可以自為裁判（行政訴訟法第259條）。另外，於原裁判管轄錯誤，且屬於專屬管轄錯誤時，最高行政法院則會將事件「發交」該管法院審理（行政訴訟法第257條第2項）。當最高行政法院將該事件發回原審審理時，為了避免該事件反覆於不同審級法院間來回無法確定，行政訴訟法第260條規定：最高行政法院發回時，應就高等行政法院應調查之事項，詳予指示；受發回或發交之高等行政法院，應以最高行政法院所為廢棄理由之法律上判斷為其判決基礎。
",A             
從新原則,即不論法律如何變更修正，一律適用裁判時的新法處斷。例如：保安處分乃為防衛社會及矯治犯人而設立之社會保安措施，為符合實際需要，故應適用新法，毋庸比較新舊法孰對行為人有利，而例外地適用新法。因此，修正前刑法第2條第2項明定：「保安處分適用裁判時之法律。」但是保安處分亦可能拘束行為人之自由而與刑罰中之自由刑相近，因此新刑法第2條第2項修正為「非拘束人身自由」之保安處分適用裁判時之法律，亦即對於拘束人身自由之保安處分（如強制工作），仍適用刑法第1條及第2條第1項之規定，適用行為時之法律，即禁止對於不利於受處分人之規定有溯及既往之效力。,M             
公訴意旨,檢察官起訴的主要內容。,M             
翻異,推翻,G             
最後手段性,刑法之「最後手段性」，又稱刑法之謙抑思想，認為生命、人身自由及財產乃憲法保障之重要基本人權，立法機關為保護特定重要法益，以刑罰剝奪、限制人民基本權，乃不得已之手段，具最後手段之特性，應本著謙讓抑制之原則，在必要合理之最小限度範圍內始適用之。,M             
質詢,質詢，是立法機關對行政機關的監督方式之一，由立法委員（在地方為直轄市議員、縣（市）議員、鄉（鎮、市）民代表）以口頭或書面的方式，對行政院院長及各部會首長（在地方為直轄市長、縣（市）長、鄉（鎮、市）長）及所屬各機關首長）的施政方針、施政報告及其他事項等，提出詢問，要求說明或解釋，以達監督行政機關依法行政、落實民意的目的。關於質詢程序，立法院職權行使法第三章訂有規範；部分地方議會亦訂有質詢辦法，例如臺北市議會議員質詢辦法等。,A             
支付命令,債權人對於債務人請求給付一定數額的金錢(例如：100萬元)、代替物(例如：米一斤)或有價證券(例如：台積電股票一張)時，得請求法院核發的一種文書。例如：甲向乙買一支2萬元的手機，乙已經把手機交給甲，可是甲遲遲沒有付錢，乙就可以檢附甲、乙間的買賣契約為證據，向法院聲請核發支付命令，如果甲收到支付命令後20日內聲明異議，支付命令就自動失效，乙原來支付命令的聲請就視為起訴或聲請調解。如果甲沒有在上述期間內聲明異議，乙就可以根據支付命令對甲的財產聲請強制執行。但如果支付命令無法於核發後三個月內送達債務人，就失其效力。,V             
戶籍謄本,戶政事務所發給的戶籍證明文件。如果法院給您的通知書，有請您提出某人（通常是被告）的戶籍謄本，那您拿著這份通知書到戶政事務所，即可申請發給。,F             
代位受領,債務人怠於行使其權利時，債權人為保全其債權，以自己的名義行使債務人的權利（民法第242條）。也就是債權人可以代位債務人對債務人其他的債務人（即第三債務人）起訴，並請求第三債務人直接對自己給付。,V             
預備殺人罪,"刑法第271條第3項規定預備犯殺人罪者，處二年以下有期徒刑。殺人罪的預備行為是指著手殺人行為前，為便利將來犯罪實現的準備行為。以實務上曾經出現過的案件舉例說明如下：
(一)最高法院29年上字第21號判例：行為人因懷恨被害人，遂於傍晚攜刀侵入被害人店內，潛伏在被害人臥床下，準備乘機殺害被害人，此時即屬於殺人之預備行為階段，僅成立預備殺人罪。
(二)最高法院81年度台上字第4125號判決：行為人準備了二桶汽油，想要焚燒殺害被害人。行為人抓住被害人後，將他關在車後行李箱內，但尚未將汽油潑灑於被害人身上或為點燃，此時尚屬於殺人之預備行為階段，而成立預備殺人罪。",M             
附帶上訴,當事人一造利用他造提起的上訴程序，附帶請求上訴法院廢棄或變更第一審判決的訴訟行為。附帶上訴必須依附在他造上訴而開始的上訴程序，以他造上訴係屬合法為前提要件。若上訴人撤回上訴，或因不合法而被駁回時，附帶上訴就失去效力；但附帶上訴本身若已具備上訴的要件，可視為獨立的上訴（民事訴訟法第461條）。,V             
公訴優先原則,當自訴人提起自訴，檢察官原則應停止偵查，並將案件移送到法院；為避免自訴程序被用來干擾檢察官偵查犯罪，甚至用以恫嚇被告，刑事訴訟法第323條明定除告訴乃論之罪的直接被害人提起自訴以外，案件經檢察官開始偵查者，不得再行自訴，即「公訴優先原則」。,M             
緩刑負擔,指被告受到緩刑宣告時應該一併履行的事項，也就是緩刑宣告的條件，例如被告應向被害人道歉，或向政府機關提供一定時數的勞動服務。被告如果未履行緩刑負擔而且情節重大，達到緩刑宣告難以發揮預期效果並有執行刑罰的必要，檢察官得向法院聲請撤銷緩刑宣告。,M             
行政調查,行政機關作成決定時，必須依據正確的事實。因此，行政機關本於其職權，須運用各種證據方法，以釐清事實，進行評價，並形成心證，最終作成決定。而在這個形成心證過程中由行政機關所進行的調查行為，稱為行政調查。亦即有關行政機關調查的事項，一般歸類為行政調查的領域。目前並沒有統一的行政調查規範，而是分散在不同的專業法規中。又行政程序法第 36 條至第 43 條，是有關事實及證據調查的一般性規定。,A             
行政檢查,行政檢查是指行政機關或公務員於行使其職權範圍內，對人民、法人、非法人團體、場所或交通工具等，是否遵守相關法令或有無發生危安情形，依法進行資訊蒐集的行政行為。例如海關緝私條例第9條規定：「海關因緝私必要，得對於進出口貨物、通運貨物、轉運貨物、保稅貨物、郵包、行李、運輸工具、存放貨物之倉庫與場所及在場之關係人，實施檢查。」及警察職權行使法第8條規定：「警察對於已發生危害或依客觀合理判斷易生危害之交通工具，得予以攔停並採行下列措施：一、要求駕駛人或乘客出示相關證件或查證其身分。二、檢查引擎、車身號碼或其他足資識別之特徵。三、要求駕駛人接受酒精濃度測試之檢定。警察因前項交通工具之駕駛人或乘客有異常舉動而合理懷疑其將有危害行為時，得強制其離車；有事實足認其有犯罪之虞者，並得檢查交通工具。」,A             
不得處分之事項,不能依當事人的意思自行決定或變更的事項，例如撤銷婚姻、否認子女之訴以及認領子女之訴等事項。,F             
再審事件,對於已確定的判決或裁定，如果有行政訴訟法第273條、第274條規定的再審事由（如適用法規顯有錯誤等），當事人可以請求法院重為審判，以廢棄或變更原來已確定的判決或裁定。這個更為審判的案件就是再審事件。,A             
尚無可採,尚不足採信、尚不足採證,G             
實物抵繳,依遺產及贈與稅法第30條第4項規定：遺產稅或贈與稅應納稅額在三十萬元以上，納稅義務人確有困難，不能一次繳納現金時，得於納稅期限內，就現金不足繳納部分申請以在中華民國境內之課徵標的物或納稅義務人所有易於變價及保管之實物一次抵繳。中華民國境內之課徵標的物屬不易變價或保管，或申請抵繳日之時價較死亡或贈與日之時價為低者，其得抵繳之稅額，以該項財產價值占全部課徵標的物價值比例計算之應納稅額為限。,A             
職此,助詞。惟此、只此的意思。,G             
竟,居然、到底。,A             
結證,具結證明,G             
可罰性,通常行為違反法律之規定，就具有可予以處罰之性質。但有時候行為雖然已經違反法律規定，也會被認為因為對法益的侵害實在太輕微，不須動用刑罰的手段加以制裁，而認為尚不具「可罰性」。例如擅用他人空白信紙一張，已經構成竊盜罪的要件，但因為該行為對法益的侵害實在太輕微，所以認為不應該追究，也不應該動用刑法加以處罰。,M             
陳述意見書,用以對事件表示事實及法律上看法之書面。例如：依據行政程序法第102條規定，行政機關作成限制或剝奪人民自由或權利之行政處分前，原則上應通知處分相對人陳述意見，此時，相對人即得依法提出陳述意見書，表達事實上及法律上之相關意見。,A             
估價基準日,"作為估算價額的基準日期。
例如：依地價調查估計規則第17條規定，地價實例估計後，應將估計的土地正常單價調整到估價基準日。而這個估價基準日是指每年9月1日。",A             
收益及處分,收益及處分是所有權人對其所有物所享有的2個重要權能。收益指收取所有物所衍生的孳息和利益，例如：出租房屋收取租金、耕作農地收取其生長的農作物等。處分則指對所有物為事實上或法律上的變動，例如：對物品進行改造、對房屋進行拆建等事實上的處分，或對所有權進行移轉、設定抵押、拋棄等法律上的處分。,A             
不利益變更禁止原則,不得使尋求法律救濟的人民處於較原有處罰更不利的法律地位。例如：撤銷訴訟的判決，如是變更原處分或決定，不得為較原處分或決定不利於原告的判決（行政訴訟法第195條第2項）。,A             
特種文書,「特種文書」為刑法偽造文書罪章中除「公文書」、「私文書」及「準文書」以外的犯罪客體。具體內容是指刑法第二百十二條所規定的「護照、旅券、免許證、特許證及關於品行、能力服務或其他相類之證書、介紹書」等與證明資格、品行及能力有關的文書。,M             
原因案件,人民就其依法定程序用盡審級救濟的案件，對於受不利確定終局裁判所適用的法規範或該裁判，認有牴觸憲法者，得聲請憲法法庭為宣告違憲的判決。上開依法定程序用盡審級救濟的案件，即屬聲請憲法法庭為宣告違憲判決的「原因案件」。如憲法法庭為違憲宣告，原則上聲請人得據此就其原因案件確定終局裁判請求再審或其他救濟（司法院釋字第686號、第725號、第741號解釋、憲法訴訟法第59條、第88條及第91條參照）。,A             
具結,證人或鑑定人應於陳述前，以結文保證據實陳述或公正誠實之作證或鑑定的程序。簡言之，即是證人或鑑定人在法庭上所做的保證，用來保證其在法庭上說的是實話 。,M             
虞犯,少年有少年事件處理法第三條第二款規定的七種行為（經常與有犯罪習性的人交往、經常出入不正當場所、經常逃學或逃家、參加不良組織、無正當理由帶刀械、吸食第三、四級毒品例如愷他命、有預備犯罪或犯罪未遂而為現行法律所不處罰的行為），而且依照少年的性格及環境，如果不及時處理，少年會有觸法的高度危險，這就是虞犯，也是由少年法庭介入處理。,Y             
輕過失,認定過失的一種標準，與重大過失相對應（請參見重大過失相關解釋），又分為抽象輕過失與具體輕過失。抽象輕過失係指，依一般社會觀念，具有相當知識及經驗的人能注意，而欠缺注意的程度。具體輕過失係指，未達到與處理自己事務同一注意的程度。,V             
撤銷交通裁決,"廢棄取消由公路主管機關或警察機關依道路交通管理處罰條例所作之處罰決定。依行政訴訟法第二篇第三章交通裁決事件訴訟程序之相關規定，行為人如不服原處分機關所為交通裁決，得以原處分機關為被告提起撤銷訴訟，倘該交通裁決有所違誤，係由原處分機關為撤銷之處置或由管轄法院為撤銷之裁判。
",A             
尚非難謂無,沒有、(建議避免使用雙重否定用語),G             
揆諸,依據。,A             
程序標的,訴願之程序標的，是指在訴願程序作為訴願對象之行政行為或狀態，包括行政處分或應作為而不作為之狀態（訴願法第1條第1項、第2條第1項）。行政訴訟之程序標的，是指在行政訴訟程序上作為訴訟爭議對象之事項或行為，例如：撤銷訴訟之程序標的是系爭被爭執的行政處分（行政訴訟法第4條第1項），確認行政處分無效之訴訟，其程序標的是系爭被主張無效的行政處分（行政訴訟法第6條第1項）。,A             
追加起訴,追加起訴指的是利用已起訴的訴訟程序(即在同一個審判中)，將數個相關連的案件一起起訴，併前起訴的案件同時審判，達到節省訴訟資源和發現真相的目的。,M             
單純一罪,以一個犯意，為一個行為，其結果侵害一法益，為單純一罪。例如甲揍乙一拳成傷，成立傷害罪。,M             
責問權,指法院審理案件如有違背訴訟程序規定（例如：訴訟指揮有瑕疵、應屬通常程序而誤用簡易程序等情形），當事人在程序上得提出異議的權利。如果當事人對於訴訟程序之瑕疵，已明白表示無異議，或未異議而為本案言詞辯論，就喪失責問權，事後不得再以法院審理違反訴訟程序規定，作為上訴理由。,V             
大陸法系,大陸法系，又稱羅馬日耳曼法系，是以羅馬法為基礎，以1804年法國民法典與1900年德國民法典為代表的一個世界性法律體系。其特色是以抽象的成文法為主要法源，而具體的、個別的判例，則居於輔助地位。我國也是屬於大陸法系。,M             
代位清償,債務人以外有利害關係的第三人，為債務人清償債務。第三人代位清償後，在清償限度內，承受債權人的權利（民法第312條） 。,V             
侮辱公務員罪,規定於刑法第140條第1項：「於公務員依法執行職務時，當場侮辱，或對於其依法執行之職務公然侮辱者，處六月以下有期徒刑、拘役或一百元以下罰金。」該罪屬妨害公務之依法執行，為侵害國家法益，而非侵害個人法益之犯罪。,M             
妨害書信秘密罪,妨害書信秘密罪規定於刑法第315條，該條文規定，無故開拆或隱匿他人之封緘信函、文書或圖畫者，處拘役或新臺幣9000元以下罰金；無故以開拆以外之方法窺視其內容者，亦同。秘密通訊自由，乃受憲法保障之基本權（憲法第12條），妨害書信秘密罪係保護個人書信秘密不被他人侵害，另依同法第 319 條規定「須告訴乃論」。,M             
駁回,當事人起訴或聲請的案件，法官認為有不合法或無理由而不予准許時，所做的裁判結論。,F             
委任契約,當事人約定，一方（委任人）委託他方（受任人）處理事務，他方允為處理之契約。委任契約可約定報酬，也可以無報酬。,V             
普通審判籍,讓法院可以一般性地取得管轄權之地點（與戶籍的「籍」字意義相近），例如：被告為自然人時，由其住所、居所或擬制住所地之法院管轄（民事訴訟法第1條）、被告為法人時，公法人由其公務所所在地、機關所在地之法院管轄，私法人、外國法人或其他得為訴訟當事人之團體，由其主事務所或主營業所所在地之法院管轄（民事訴訟法第2條），其中住所、居所、公務所所在地、事務所或營業所所在地，就是讓法院對自然人、法人或其他團體取得一般性管轄權的普通審判籍。相對於普通審判籍，民事訴訟法第3條至第20條則根據訴訟事件之性質，另外設有特別審判籍之規定，其中除了因不動產物權或其分割或經界涉訟，專屬於不動產所在地法院管轄（第10條第1項），及共同訴訟之複數被告住所不在一法院管轄區域內，而有民事訴訟法第4條至第19條之共同管轄法院者，由該特別審判籍法院管轄外，餘則不論「普通審判籍法院」或「特別審判籍法院」均有管轄權。,V             
事實通知,事實通知是行政機關所為單純事實之敘述或說明，因未發生任何法律上的效果，並非行政處分，自不得對之提起行政爭訟。,A             
限時法,乃指專為特定時期之需而公布施行之法律，原則只要特定時限屆滿，該法律即自行失效。例如民國33年所公布施行的懲治盜匪條例，法律文字本身明白的揭示其有效適用期間為1年，但是又授權行政機關於必要時得以命令延長之。,M             
陳報狀,向法院陳述意見的書狀。如陳報民事訴訟法第116條第1項、第2項所列事項。關於該書狀格式，請參考司法院網站書狀參考範例(網:http://www.judicial.gov.tw/assist/assist03-01.asp),V             
似有未合,似乎不符合。,A             
營業秘密,依營業秘密法之定義，係指方法、技術、製程、配方、程式、設計或其他可用於生產、銷售或經營之資訊，且符合：(1)非一般涉及該類資訊之人所知，(2)因其秘密性而具有實際或潛在之經濟價值，(3)所有人已採取合理之保密措施等要件者。,A             
不能為意思表示,因為精神或其他心智的缺陷，以致沒有辦法向外界表示自己的意思。這個時候就需要一個代理人來幫他處理相關事務。,F             
難期回復,沒有回復的希望,G             
誣告罪,為刑法之罪名，又可分為誣告罪、加重誣告罪及未指定犯人誣告罪，分別規定於刑法第169條：「（第1項）意圖他人受刑事或懲戒處分，向該管公務員誣告者，處七年以下有期徒刑。（第2項）意圖他人受刑事或懲戒處分，而偽造、變造證據，或使用偽造、變造之證據者，亦同。」、第170條：「意圖陷害直系血親尊親屬，而犯前條之罪者，加重其刑至二分之一。」及第171條：「（第1項）未指定犯人，而向該管公務員誣告犯罪者，處一年以下有期徒刑、拘役或三百元以下罰金。（第2項）未指定犯人，而偽造、變造犯罪證據，或使用偽造、變造之犯罪證據，致開始刑事訴訟程序者，亦同。」,M             
時效停止,追訴權的時效，因起訴，或因依法應停止偵查或因犯罪行為人逃匿而通緝等不能追訴的情況，停止進行。例如竊盜案件的追訴權時效是20年，在犯罪後第10年抓到犯人時起訴，時效就停止進行，可是起訴後犯人又逃跑而不能開始審判，依法律規定，通緝後經過5年，時效停止的原因就消失，這個時候時效就會繼續進行，所以再經過10年就時效完成，不能再起訴了。,M             
難謂適法,不合法。,A             
客觀法秩序,指整體法規範所形成的客觀秩序，包括因法規範而生的各種權利與義務關係。,A             
自無不合,沒有不符合，也就是確實符合的意思。,G             
公訴程序,指由檢察官代表國家，基於實現國家刑罰權的目的，所為實施偵查、提起公訴、實行公訴之程序。相對而言，我國刑事訴訟法另設有自訴程序，規定在一定的要件下，得由犯罪被害人自行向法院提起並實行訴訟，請求法院對於被告確定刑罰權之存否及其範圍。因此，我國刑事訴訟的提起與實行的權限，並非專屬於國家(檢察官)。,M             
行使偽造公文書罪,刑法上所稱的公文書，是指公務員職務上製作之文書。不具公務員身分之人，或雖具公務員身分但無製作權限，而以公務員名義所製作的公文書，稱之偽造公文書。將此種文書對外予以使用，足以生損害於公眾及他人者，即觸犯刑法第216條、第211條之罪。,M             
重複起訴,係指當事人就已經起訴之事件，於訴訟繫屬中對於同一當事人，以同一原因事實之法律關係，為同一請求而再行起訴。重複起訴將造成當事人及法院之時間、勞力、費用之浪費，更可能造成一案數判的結果。因此，如果前訴訟在訴訟繫屬中，當事人有重複起訴的情形時，後訴為不合法，法院應依以裁定駁回。  ,V             
選任特別代理人,訴訟行為必須具備訴訟能力，如果無訴訟能力的人主動起訴或被動應訴，必須由其法定代理人為之。無訴訟能力之人沒有法定代理人或其法定代理人不能行使代理權，民事訴訟法第51條規定，受理本案訴訟法院的審判長，可以依聲請為無訟能力之人選任特別代理人，代為訴訟行為。,V             
相歧,矛盾,G             
協議分割,指繼承人之間自行協調商議，決定怎麼分割遺產，如果沒有辦法達成協議，可以請求法院用裁判來決定怎麼分割。,F             
CEDAW,"CEDAW為「消除對婦女一切形式歧視公約」（The Convention on the Elimination of All Forms of Discrimination against Women）的英文縮寫，該公約為聯合國大會於1979年通過，並在1981年正式生效，其規範締約國應採取立法及一切適當措施，消除對婦女之歧視，確保婦女在教育、就業、保健、家庭、政治、法律、社會、經濟等各方面享有平等權利。該公約可稱為「婦女人權法典」，全世界已有189個國家簽署加入。
我國於2007年經立法院通過「臺灣加入聯合國CEDAW公約案」後，雖無法完成存放聯合國秘書長的程序，仍於2009年提出初次國家報告，並於2011年通過「消除對婦女一切形式歧視公約施行法」，使CEDAW具有國內法律的效力。其後復依該施行法規定，每4年提出國家報告，並邀請聯合國或公約締約國相關專家學者審閱報告，計已於2014、2018年及2022年舉行CEDAW第2、3、4次國家報告國外專家審查暨發表會議。
","V,A           "
平均餘命,一個人從現在開始，預期可以繼續存活的平均年數。亦即該年度社會上各年齡層的世代，在當時醫療、生活水準下，預期可以繼續存活的平均年數。例如：我國於104年的男女預期壽命各為77.01歲、83.62歲，則0歲男孩的平均餘命就是77.01年，20歲少女的平均餘命則為63.62年。,V             
難謂有理,沒有理由的意思。,G             
同行,同行是強制少年、少年的法定代理人或現在保護少年的人到場的手段。通常是在他們經法官合法通知，沒有正當理由卻未到場時，由法官簽發同行書交由法院執達員或司法警察執行。,Y             
一般預防,國家把刑罰作為警示社會大眾的手段，也就是藉由法律的說明或使民眾瞭解犯罪人在犯罪後的懲罰而達到普遍的威嚇效果。因此一般預防所指稱的「一般」指的是「社會大眾」，著眼點在於告訴民眾各種刑罰的規定，使民眾不去犯罪，所以透過刑罰法規預先對一定的犯罪與刑罰產生預警，使個人自行衡量犯罪與懲罰之間的利害關係後，若自認計算結果得不償失，則選擇安分守己，那麼該理論即可達到社會安定、預防犯罪之功效，因此一般預防的機制已經透過立法者在法律中表現出來。,M             
已歷,已經過了,G             
刑事調解,刑事案件於檢察官偵查中，或法院言詞辯論終結前，檢察官或法院可以斟酌被告、被害人或其家屬進行調解的意願與達成調解的可能，將認為適當的案件移付調解，由調解委員居中協調，尋求被告、被害人或其家屬可接受的方案，以解決糾紛及修復關係。,M             
行政執行法,"行政機關或受其委託之公權力主體為了達到行政目的，需用強制手段。
例如：甲拒不繳納所得稅，經稅捐稽徵機關核課應繳的稅額後，透過行政執行的程序要甲繳稅。規範這些強制執行行為的法律，就是「行政執行法」。",A             
尚難謂與法有違,很難說跟法律有何違背的地方。,A             
法益權衡原則,法益權衡原則在不同的法領域有各自不同的定義，在刑事訴訟法上，法益權衡法則是指將違法取得的證據，認定有無證據能力的其中一項判斷標準。原則上，違背法律規定的程序所取得之證據，不具有證據能力，法院審判時不能予以採用。但如果法官在具體個案權衡時，認為這個與事實相符的證據在審酌人權保障及公共利益的均衡維護之間，應該例外地賦予證據能力時，法官就可以使用這個證據作為認定事實的依據。,G             
概括犯意,行為人在第一個單一行為結束之前，即對於導致整個犯罪結果之個別行為之時間、地點、違反方式及被害人等均有認識並且決意經由數個同樣之單一行為，一個接一個地實現犯罪目的，始具有整體故意。,M             
類推適用,基於平等原則，性質相同的事物應做同等的處理。因為法律沒有辦法對於世界上所有的事情都鉅細靡遺的加以規定，一定有遺漏的地方，因此若某種事項法律並未以明文直接規定，但對於另一個性質相同的事項有規定時，在有些法律領域，我們可以引用這個規定，作為法律沒有明文那種情形的處理方法。,G             
公地撥用,政府基於公法上之權力，使需用土地之機關取得所需公有土地。,A             
尚非難謂有,有、(建議避免使用雙重否定用語),G             
有限合夥,以營利為目的，依據合夥契約及有限合夥法共同組織並登記的社團法人。有限合夥的組成方式，必須有一名以上對有限合夥債務負無限責任的普通合夥人，及一名以上只就出資額負責的有限合夥人；原則上，普通合夥人是實際經營業務的人，而有限合夥人則是未實際參與經營的人。例如：甲、乙、丙三人擬共同成立有限合夥，並約定由甲擔任普通合夥人，乙和丙擔任有限合夥人。因普通合夥人甲是實際經營業務的人，故應對合夥債務負連帶清償責任；相反地，有限合夥人乙和丙不實際參與經營，故只就其出資額對合夥債務負責。此外，甲、乙和丙三人應檢附文件向中央主管機關申請設立登記後，才能開始經營業務，在沒有登記前，不得以有限合夥名義經營業務或為法律行為，否則行為人應負相關刑事及民事責任。有關有限合夥申請登記的程序、期限、變更登記、應備文件、簡介及常見問答等事項，請參照經濟部商業司網頁[http://gcis.nat.gov.tw/mainNew/subclassNAction.do?method=getFile&pk=673|有限合夥專區]之相關介紹。,V             
家提,案件字別。,F             
存續力,行政處分的法律效力之一，分成形式存續力與實質存續力。形式存續力是指行政處分救濟期間經過後，原則上不可再爭執；實質存續力則是處分生效後，行政機關即受拘束，不可再任意變更。,A             
公示催告,法院依聲請人的聲請，以公告方式通知無法具體特定的利害關係人在一定期間內申報權利的一種程序。若利害關係人未於該期間內申報權利，將發生劣後行使權利（例如：民法第1162條）或證券無效（例如：民法第718條、第725條）等法律效果。關於「如何聲請公示催告及除權判決」，請參考[http://www.judicial.gov.tw/assist/assist01/assist01-05.asp|司法院網站],V             
核,依、且、經過比較,V             
利誘,提供利益引誘對方為一定行為或不為一定行為（帶有負面的意思）。例如，刑事訴訟法第98條，不得使用利誘方法訊問被告；第156條第1項，以利誘方法取得的被告自白，不得作為證據；第166條之7第2項第2款，交互詰問時，不得使用利誘方法進行詰問。,M             
核無不合,經審認結果認為符合,V             
妨害公務罪,為刑法罪章之名稱，刑法分則第五章「妨害公務罪」，包括刑法第135條妨害公務執行及職務強制罪、第136條聚眾妨害公務罪、第137條妨害考試罪、第138條妨害職務上掌管之文書物品罪、第139條污損封印、查封標示或違背其效力罪、第140條侮辱公務員公署罪及第141條侵害文告罪。,M             
最重本刑,指的是各個罪名的法定刑上限，也就是最重可以判處的刑度。例如，刑法第320條第1項的普通竊盜罪規定：「意圖為自己或第三人不法之所有，而竊取他人之動產者，為竊盜罪，處五年以下有期徒刑、拘役或五十萬元以下罰金刑」，最重本刑是5年有期徒刑。,M             
不復另論,就不再另外論處,G             
嗣,"後來
",F             
裁定期間,法院審判長、受命法官或受託法官所裁定之時間，而非由法律所明定，例如：起訴或其他訴訟行為，於法律上必備之程式有欠缺而情形可以補正，法院所裁定之補正期間。,M             
勾串共犯,「勾串」係指勾結串通，「共犯」係指共同正犯、教唆犯及幫助犯，關於勾串共犯之規定，包括刑事訴訟法第34條、第76條、第93條、第93條之2、第101條、第105條、第135條及第245條，主要係指共犯就犯罪事實等事項相互勾結串通。,M             
契約行為,係指雙方當事人以明示或默示互相之意思表示一致，而成立之法律行為。,V             
洵屬無據,沒有依據,G             
無償取得,無償取得，指一方取得他方移轉、提供的財物、權利或勞務，是不需代價或報酬的。因繼承、贈與、使用借貸等原因取得的財產、權利或勞務，都是常見的無償取得行為。,V             
發交審判,第三審法院認為原審法院沒有做出管轄錯誤判決是不當而撤銷，然後把案件送到有管轄權的第二審或第一審法院加以審理。,M             
惟查,但、但是、但是依。,A             
抛弃继承,請參考「拋棄繼承」的解釋。,F             
訴願決定,A機關對人民甲作出行政處分（例如:不許可聘僱外籍勞工、違反勞動基準法而被處罰鍰等），甲如果認為該行政處分有違法或不當的情形，並且導致甲的權利或利益受到損害，甲可以向A機關的行政機關或其他法律規定的受理機關（即訴願機關、訴願管轄機關）提起訴願，請求撤銷該行政處分，訴願機關審查後，所作成對外發生效力的審查結果，就是「訴願決定」。,A             
歸責程度較輕,應負較「小」的責任,G             
揭櫫,揭示,V             
經查,法院調查結果,V             
保險利益,"保險利益，係指要保人或被保險人對於保險標的(即保險的客體，例如財產保險的財物，或人身保險的自然人等)所存在的一種可保險的利害關係。乃避免藉保險為實質上賭博，或為圖受領保險金而故意造成保險事故發生等道德危險，故要保人或被保險人，對於保險標的物無保險利益者，保險契約失其效力(保險法第17條參照)。
",V             
無過失責任,造成損害時，即使不存在故意或過失，也要承擔損害賠償的責任。例如：國家賠償法第3條規定，公有公共設施設置或管理有欠缺，不問是誰有故意、過失，只要造成人民損害，國家即應負賠償責任。,A             
申言之,解釋一：接著前面的說明，再進一步深入、詳細或具體地說明。,G             
正本,裁判書、文件的原本。,G             
必要性原則,必要性原則係指採取的手段與所欲達成之目的，同時沒有其他具有相同效果而不過度限制或侵害人民基本權利更好的手段時，才能說是侵害最小的手段，也才具有必要性。例如：追捕犯人時不得已需要對犯人開槍，不能直接瞄準頭部或心臟等致命部位，只能射擊腿部、車子輪胎等侵害最小之防止逃跑的必要方法。,M             
防衛過當,"解釋一：防衛過當係指行為人在當下確實有受到他人的不法侵害，基於正當防衛之意思也能夠做出適當的防衛，但是卻做出超過適當範圍的必要防衛動作，因此仍需負其刑事責任，僅能減輕或免除其刑。刑法第二十三條規定：「對於現在不法之侵害，而出於防衛自己或他人權利之行為，不罰。但防衛行為過當者，得減輕或免除其刑。」，本條但書之規定即是指防衛過當。例如：甲徒手毆打乙，乙為防衛自己免受甲毆打，卻持刀反擊而將甲刺死，乃防衛過當。
解釋二：比較常見的情況是，個案中存在即時的違法侵害，防衛者也意識到這一點，不過，防衛者卻採取了過頭的手段來保護自己。這時就會成立「防衛過當」，法律上仍然是有罪的。
例如侵害者要傷害防衛者，若防衛者只要反擊侵害者的四肢，就可以達到防衛效果，但他卻硬是朝著侵害者的頭部猛擊，造成侵害者死亡，這時防衛者很明顯地手段施用過度，這就是防衛過當的問題。防衛過當在刑法上依然是違法行為，但依法可以減輕或免除刑罰。",M             
合意終止,當事人雙方合意使契約關係向將來消滅的法律效果，性質上屬於一種契約行為，也就是當事人以第二次的契約終止原有的契約，使原有契約的效力向後來歸於無效。例如：甲是工具機製造商，甲和乙簽訂繼續性供給契約，約定乙要在未來三年內，每個月提供一百噸的螺絲，甲則按月給付20萬元給乙。甲乙簽約後的第二年，因為經商環境改變，雙方均同意不再繼續履行契約，就是合意終止原來的契約。,V             
業務上正當行為,"有一些行為，雖然在外觀上符合刑法所要處罰的犯罪要件，但是由於這樣的行為是在「正當地」執行「業務」，這些業務活動所要達到的目的，有特殊的正面意義，也有必要性，必須例外地被社會所容許，因此透過刑法規定排除它的違法性，讓從事業務上正當行為的人，不會受到處罰。
業務上正當行為，最常見的類型就是「醫療行為」，例如剛剛提到的醫生為病人開刀截肢，將病人的大腿切除。如果是一般人做這樣的行為，將會構成刑法的重傷罪。但是由於醫生是在執行醫療業務上的手術行為，只要手術符合相關醫療常規以及程序，那麼這個手術行為就是業務上正當行為，也就不會構成犯罪。除了上述的醫療行為之外，新聞記者的採訪行為（侵害他人隱私）、職業運動的競技（在比賽過程中對其他人造成傷害），在理論上也都有適用業務上正當行為來阻卻違法的可能性，但在實際適用上相當嚴格。",M             
尚非難謂,還不是不能說；還可以說。,A             
共益,對大家都有利,G             
飭回,意即「請回」。,M             
工作權,指除法令明定外，人民享有依據自己的性情、體力，選擇適當的工作，國家不得強迫必須擔任某種工作或禁止擔任某種工作的權利。這種權利就是工作權。,A             
證據調查程序,證據調查程序：由檢察官將證據提出於法庭上，使法官形成心證的過程。被告不用證明自己有罪，所以不用舉證，但可以針對檢察官所提出之證據舉出反證。在這個調查程序階段，雙方都可以針對證據討論、調查。,M             
有名契約,「有名契約」又稱「典型契約」，也就是法律有特別明文規定並賦予一定名稱的契約類型（例如：民法債編第二章「各種之債」中所列的買賣、互易、贈與、租賃、借賃、僱傭、承攬等、海商法所規定的各種運送契約，保險法所規定的保險契約等），至於法律未明定的契約類型，則稱為「無名契約」，或稱為「非典型契約」（例如：簽帳卡契約、合建契約、代理或經銷契約及醫療契約等）。,V             
限縮解釋,限縮解釋又稱為限制解釋，係指法律所規定的文義過於寬廣，單從字義表面以文理解釋加以檢視，並不足以窺出其立法的真意，故必須根據立法目的予以目的性的限縮，始能正確適用法律於社會生活之中。例如憲法第17條規定：「人民有選舉、罷免、創制及複決之權。」此處的「人民」即應侷限在中華民國公民，始能彰顯立法目的於社會生活中所欲發揮的規範性。,M             
預備犯,犯罪如果還沒有達到「著手」的階段，稱之為預備犯。通常指的是便利犯罪實現的準備行為。預備犯的處罰，必須要有法律明文規定，例如預備殺人罪。,M             
公然猥褻罪,刑法第234條第1項之公然猥褻罪，指行為人意圖供人觀覽，公然為猥褻行為。所謂公然，指有不特定人或多數人得以共見共聞之狀態，而不以事實上已有他人共見共聞為必要。又所謂猥褻，指姦淫以外，主觀上足以滿足或刺激性慾，客觀上足使他人生羞恥或厭惡感之行為。,M             
非訟,請參考「家事非訟事件」的解釋。,F             
故意,"解釋一：行為人對於犯罪事實具有認識，而後決意使其發生或容認其發生之內心意思。
解釋二：所謂的故意，是指犯罪人知道他要損害別人，也期待或默許這種損害發生的主觀心態，這是絕大多數犯罪成立的必要主觀條件，只要法條沒有特別寫明故意或是過失，這個罪名一定是故意犯，必須能認定犯罪人針對犯罪過程和損害結果有故意，才能滿足主觀的犯罪要件而成立故意罪名。",M             
社會保險給付,社會保險是社會安全制度中重要環節，目前我國的社會保險體系包括有勞工保險、公教人員保險、農民健康保險、軍人保險、就業保險、全民健康保險及國民年金保險。因此，依照上開保險相關規定，一旦發生保險事故，被保險人或受益人即可請領保險給付(參閱國民年金法第18條等規定)。,A             
鬮分,意思是「用抽籤的方法來分配財產」。通常只見於古老的分產契約或祭祀公業。,F             
鈞院,貴院的意思。,F             
濫權追訴,有追訴或處罰犯罪職務的公務員，濫用權限去追訴犯罪。,M             
辨識能力,涉及刑法第19條關於行為刑事責任能力之規定，係指行為人於「行為時」，因精神障礙或其他心智缺陷之生理原因，致其辨識行為違法之能力（學理上稱「辨識能力」），欠缺或顯著減低之心理結果。,M             
審檢分隸原則,審判機關和檢察機關各自獨立，互不相隸屬，法院行使國家的司法權，於行政組織上隸屬於司法院，而檢察機關在行政組織的架構上則隸屬於法務部，是屬於行政院轄下的一員，雙方在行政作用上不能互相干涉。,M             
管制性不利處分,行政機關基於行政管制的目的，對於人民所為限制或剝奪權利之不利處分，稱為「管制性不利處分」。管制性不利處分的目的並非制裁人民違反行政法上義務的行為，不具裁罰性，所以性質上並非行政罰，沒有行政罰法之適用，僅須受作成行政處分的各種行政法上法則支配。,A             
行為期間,乃法律規定為訴訟行為之人，分別應為訴訟行為之時間。例如：上訴期間為十日、抗告期間為五日等，該十日或五日期間，即為行為期間。,M             
妨害國交罪,妨害國交罪規定在刑法第二編分則第三章，主要在保護本國與外國邦交關係及我國國際地位。妨害國交罪包括了刑法第116條侵害友邦元首或外國代表罪、第117條違背中立命令罪、第118條侮辱外國旗章罪等3種不同的犯罪類型。刑法第116條侵害友邦元首或外國代表罪規定：「對於友邦元首或派至中華民國之外國代表，犯故意傷害罪、妨害自由罪或妨害名譽罪者，得加重其刑至三分之一。」刑法第117條違背中立命令罪規定：「於外國交戰之際，違背政府局外中立之命令者，處一年以下有期徒刑、拘役或三千元以下罰金。」刑法第118條侮辱外國旗章罪規定：「意圖侮辱外國，而公然損壞除去或污辱外國之國旗、國章者，處一年以下有期徒刑、拘役或三百元以下罰金。」上述3種犯罪必須是外國政府請求我國追訴犯罪，我國才會依上開規定對行為人所為之妨害國交犯行進行追訴。,M             
撫卹,所謂撫卹，是指公務人員在職死亡(包括因病故或意外死亡，或因執行公務以致死亡)，由國家依法律規定的種類及其計算標準，給與該公務員遺族撫卹金，以安慰遺族，並予經濟上的幫助（公務人員退休資 遣撫卹法第51條至第61條規定參照）。,A             
被害人承諾,"加害人侵害被害人，破壞受法律保護的正當利益時，就成立犯罪，但是如果被害人自願放棄被侵害的利益時，因為被害人已經不想要受到保護了，這時刑法沒必要積極地保護他，加害人的行為也不會成立犯罪。這種因為被害人自願放棄受保護利益而讓犯罪不成立的情況，刑法上稱之為被害人同意，這是一個可以排除加害人刑事責任的事由。不過，刑法保護利益的種類很多，如果任何利益都可以自願放棄，有時候反而會帶來困擾，因此刑法區別「不可以自願放棄的利益」與「可以自願放棄的利益」，在這兩種不同情況中，被害人的同意會產生不一樣的法律效果。
第一類是法律不許可被害人自願放棄的利益，這種利益通常很重要，比方說生命或重大的身體利益（五官感知、四肢的完整性、生殖功能等），即使被害人同意加害人殺死他，但考量生命的重要性，刑法禁止個人任意放棄生命，被害人雖然已經放棄生命，仍不會讓加害人無罪，只不過可以轉用比較輕的刑法第275條同意殺人罪處罰，不再用比較重的刑法第271條普通殺人罪。
第二類是法律許可被害人自願放棄的利益，這種利益通常沒那麼重要，例如不甚嚴重的身體侵害，或是個人擁有的動產等，只要被害人真摰地許可加害人侵犯，刑法就要優先尊重被害人意願，不再處罰加害人。例如被害人同意加害人用皮鞭打他，或是被害人同意加害人打碎他的花瓶，被害人可以自己決定是否受刑法保護，如果被害人已經同意加害人的侵害行為，加害人就可以依「被害人同意」法則，不構成傷害罪或是毀損罪。必須特別注意，在第二類事例中，若要適用「被害人同意」排除犯罪成立時，必須滿足三個條件：（1）被害人有完整的自由意思，（2）被害人清楚知道自己放棄的利益內容與範圍，（3）加害人在侵害之前，被害人已經表達放棄的意願。一定要同時符合上面三個條件，才能作成有效的「被害人同意」，讓加害人不成立犯罪。",M             
相驗,檢視屍體並研判死者之死亡原因及死亡方式，製給相驗屍體證明書，以便進行殮葬事宜之過程。刑事訴訟法第218條規定，遇有非病死或可疑為非病死者，該管檢察官應速相驗，或命檢察事務官或司法警察官督同法醫師、醫師或檢驗員行之。,M             
恝置未論,不加理會。,A             
不法侵害,指無法律上正當理由而侵害他人權利的行為。依民法規定，故意或過失不法侵害他人權利，應負損害賠償責任，如侵害人格法益情節重大，還需負非財產上損害賠償責任。此外，權利人如遭受現在不法侵害，可採取正當防衛措施排除侵害，不用負民事損害賠償或刑事責任。,M             
判決離婚,夫妻間有民法第1052條規定的事由，而請求法院以判決宣告離婚(民法第1052條的規定，請參考司法院網站之法學資料檢索系統)。,F             
監護處分,"解釋一：為刑法保安處分之一種，規定於刑法第87條：「（第1項）因第十九條第一項之原因而不罰者，其情狀足認有再犯或有危害公共安全之虞時，令入相當處所，施以監護。（第2項）有第十九條第二項及第二十條之原因，其情狀足認有再犯或有危害公共安全之虞時，於刑之執行完畢或赦免後，令入相當處所，施以監護。但必要時，得於刑之執行前為之。（第3項）前二項之期間為五年以下。但執行中認無繼續執行之必要者，法院得免其處分之執行。」，就其執行之方法及流程，請參照保安處分執行法等規定。
解釋二：對於因刑法第19條而不罰或減輕其刑的行為人，如有再犯或有危害公共安全之危險性時，可收容於一定處所，施以監護處分，避免其危害社會，期限為五年以下。這類行為人的犯罪行為常是因為精神疾病所致，因此監護處分通常會設在具有精神科設備之醫療機構，令其接受治療。",M             
毀壞建築物罪,刑法第353條所稱建築物，指上有屋面，周有門壁，足蔽風雨，適於吾人之起居出入，且定著於土地之工作物；所稱毀壞，則須毀壞建築物之重要部分，足致其全部或一部失其效用。如僅毀損其附屬之門窗等物，且無妨害他人起居出入之犯意，應成立刑法第354條之毀損他人之物罪。,M             
親屬會議,特定親屬所組成的會議，依法律規定召開會議來討論、處理相關事項。有關規定可以參照民法第1129條至第1137條。,F             
公用地役關係,私有土地因長期供公眾通行使用，形成公用地役關係，土地所有權人對該土地的所有權權能即受到限制。司法院釋字第400號解釋理由書指出，具有公用地役關係的既成道路，首須為不特定公眾通行所必要，而非僅為通行的便利或省時；其次，於公眾通行之初，土地所有權人並無阻止通行的情形；其三，須經歷的年代久遠而未曾中斷，所謂年代久遠雖不必限定其期間，但仍應以時日長久，一般人無復記憶其確實的起始，僅能知其梗概（例如始於日據時期、八七水災等）為必要。至於依建築法規及民法等規定，提供土地作為公眾通行的道路，與因時效而形成的既成道路不同。,A             
解釋理由書,司法院大法官用會議的方式，合議審理解釋憲法和統一解釋法律、命令的案件，大法官將他們的審理結果以解釋文和解釋理由書呈現。解釋文是全案的結論，相當於一般訴訟案件的裁判主文。解釋理由書則是支持、得出結論的具體、詳細論述，有助於進一步理解解釋文的意旨。,A             
鑑界,鑑界是指已辦理地籍測量之土地經界不明時，相鄰土地之所有人為確定界址，而向地政機關申請予以丈量之複丈作業。地政機關的鑑界測量性質上為鑑定行為，其依鑑定結果發給的複丈成果圖，乃鑑定人員表示土地界址所在的專業意見，本身並未對外直接發生法律效果，不是行政處分。,A             
催告,"催促享有權利或負有義務的人履行法律行為的通知。
例如：行政機關催告受處分人如期繳納罰鍰。",A             
實質舉證責任,指法院基於所調查的證據，對於待證事實的存在與否，如果不能得到確信，則一方當事人最後就要受到不利益判決，這樣的法律上地位，就稱之為實質舉證責任。,M             
頒布,發布﹑公布。,A             
程序瑕疵,訴訟程序中出現不合法律規定之瑕疵。,M             
起訴要件,是指使訴訟有效的條件，亦稱「訴訟要件」。提起訴訟若欠缺訴訟條件，則為不合法的起訴，法院不得對案件為實體審理，下實體判決，而應以形式判決方式駁回。 例如：被告已死亡、時效已完成，檢察官就應為不起訴處分，如果檢察官仍起訴，則由法院為免訴判決。,M             
未確定判決,依照行政訴訟法第238條及第241條規定，對於高等行政法院的終局判決，除法律別有規定外，得於判決送達後20日內，上訴於最高行政法院。如屆期未提起上訴，判決即告確定。因此，判決送達後尚處於上訴期間者，即屬未確定判決。,A             
受託法官,受託法官係指本案應在他法院管轄之地域行搜索、扣押或訊問證人等程序，而受本案審判長之委託，在該地行使搜索、扣押或訊問證人等程序之法官。例如本案為臺北地方法院管轄之案件，但應在高雄地方法院管轄之區域內為搜索、扣押或訊問證人等程序，本案之審判長可能囑託高雄地方法院之法官代為執行，此時該受託之高雄地方法院法官就是受託法官。,M             
不真正競合,「不真正競合」，指行為雖同時構成數罪之構成要件，形式上產生競合，但實質上其中一罪會排斥另一罪之適用，僅成立一個犯罪而言。例如，某甲欲殺害某乙，先數次重擊某甲，繼而刺砍致死，雖同時該當殺人未遂、既遂罪，但後者排斥前者，僅成立一個殺人既遂罪。,M             
對抗制,對抗制(也就是當事人主義)，為我國民事訴訟所採行的制度，在這種制度下，訴訟程序是由當事人(原告)開啟，其進行亦由原告、被告雙方當事人主導，並可自由「處分」請求法院裁判的標的，而負客觀舉證責任的一方當事人，必須承受最後事實不明時的不利益負擔，亦即敗訴結果。,M             
覆主詰問,於對造詰問人完成反詰問後，由以反詰問的問題或證人所做的回答，再向證人為詰問。,M             
妨害公眾往來安全罪,本罪規定於刑法第185條，祇須損壞、壅塞之行為，造成公眾往來危險之狀態為已足，不以全部損壞、壅塞或發生實害為必要。所謂「致生往來之危險」，乃指損壞、壅塞陸路等公眾往來之設備，或以他法所為結果，致使人、車不能或難予往來通行，如必欲通行，將使人、車可能發生危險。,M             
合股2022,請參考「馨股」的解釋。,F             
權宜原則,在法律規定的一定範圍內，偵查機關可以自行決定要不要追訴犯罪。例如有些犯罪的情節太輕，或是行為人有可以原諒的緣由，檢察官覺得沒有必要用刑罰的方式處罰的話，可以決定不要追訴。,M             
強盜殺人罪,強盜殺人罪規定於刑法第三百三十二條第一項：「犯強盜罪而故意殺人者，處死刑或無期徒刑。」本項規定為強盜罪與殺人罪之結合犯，將原本均可獨立處罰之強盜罪以及殺人罪以法律規定結合成一罪，並規定其獨自之處罰刑度。強盜殺人罪之強盜罪為基本犯罪，只要行為人利用犯強盜罪之時機而故意殺害被害人，強盜與故意殺人二行為間具有關聯時，即構成本項犯罪；行為人成立強盜殺人罪時，即不用再另外以強盜罪或殺人罪之罪名論處。,M             
盤虧補稅,保稅工廠依規定辦理盤存之保稅物品，實際盤存數量少於當年度帳面結存數量，逾盤差容許率者，應於接獲海關核發之補稅通知之翌日起10日內繕具報單補繳進口稅捐（海關管理保稅工廠辦法第21條第1項第1款規定）。海關於補徵進口稅捐時，會一併補徵營業稅。,A             
不安抗辯權,"契約約定雙方負有相互給付的義務，並約定其中一方有先行給付的義務，但假設有先行給付義務的人，發現對方的財產在訂約後出現明顯減少的情形，恐怕無法期待對方履行債務時，在對方還沒給付或提出擔保前，拒絕先行給付的權利。例如：甲與乙於106年1月1日簽約買賣黃金1,000公克，約定乙應於同年3月15日給付100萬美元給甲，甲應於同年6月30日交付黃金1,000公克。但甲在同年3月10日因投資期貨失敗，可預見其無法在約定的同年6月30日交付黃金，此種情形，雖然甲、乙當初是約定乙應先給付價金100萬美元給甲，但乙可以行使不安抗辯權，主張在甲給付黃金1,000公克或提供擔保以前，拒絕先給付價金100萬美元。",V             
要非,顯然不是。,A             
持有,指人對於一項物品具有實力支配的關係。,M             
核,依、且、經過比較,F             
訴願先行程序,在法律中明定不服行政處分提起訴願之前，應先經過之復查或異議等程序。例如：稅捐稽徵法第35條之申請復查、全民健康保險法第6條之申請審議。,A             
實行共同正犯,有些犯罪人，是從頭開始就一起謀劃犯罪，然後進行分工，而後又分頭進行，此時對犯罪責任應該共同承擔，就像合夥做生意一樣，這是合乎社會常識的。例如甲和乙事先計畫好一起去殺丙，由甲負責抓住丙，由乙以刀刺入丙的心臟，導致丙死亡。此時甲雖然沒有直接為殺丙的行為，但因為甲與乙具有犯意聯絡與行為分擔，所以甲與乙成立殺人罪的共同正犯。,M             
自訴人,犯罪的直接被害人向法院請求對被告確認具體刑罰權之有無及其範圍，也就是自已扮演類似檢察官的角色在法庭進行攻防，我國刑事訴訟法規定自訴人提起自訴，需要強制委任律師代理。,M             
聲請迴避,當事人如果發現法官有應自行迴避的原因卻不自行迴避，或法官執行職務有偏心不公正的可能性，就可以向法院聲請法官迴避，請他不要再繼續審理這個案子。,M             
委無可採,確實不可採信。,A             
借名登記,指雙方約定由一方將自己的財產以他方的名義登記，但仍由自己管理、使用、處分，他方則同意就該財產以自己的名義出名登記的契約。該契約內容，若未違反法律的強制禁止規定、公共秩序或善良風俗，原則上應承認其法律上效力。 ,V             
事實審,法院審理各種訴訟案件，是以認定事實、適用法律為審判活動重點的訴訟審級。如法院只審查法律適用的正確性，而不再調查、認定與本案有關的事實，稱為法律審。如法院負有調查、認定事實的義務，稱為事實審。簡易、通常訴訟程序的行政訴訟事件第一審，分別歸由地方法院行政訴訟庭、高等行政法院管轄，這種情形，地方法院行政訴訟庭及高等行政法院就都是事實審。,A             
犯罪嫌疑人,有相當事證被警察機關懷疑為犯罪之人。例如刑案現場持有兇刀之人。犯罪嫌疑人是在偵查及起訴前稱之，經檢察官偵查或起訴後稱為被告。,M             
彈劾證據,係指爭執證人陳述憑信性或證明力之證據，亦即讓法官覺得某個證人所說的話不能相信或可信度很低。這種證據的功能僅在於減弱「實質證據」(就是證明是否成立犯罪主要事實的證據）的證明力，以供法院作為是否採信的參考，不得作為認定犯罪事實之基礎。,M             
實體訴訟要件,訴訟要件，就是使訴訟合法、有效提起的條件。又可區分為實體訴訟要件及形式訴訟要件，實體性訴訟條件是以有關實體之事由做為訴訟條件，欠缺此種要件，則應以免訴判決，結束訴訟程序。 例如案件超過追訴權時效、已經判決確定、經大赦或犯罪後法律廢止其刑罰的情形，就屬於欠缺實體訴訟要件。,M             
鑑定,"解釋一：刑事訴訟程序中調查證據方法的一種，係指具有特別知識經驗之當事人以外的第三者，以其專門知識或利用專門知識的判斷而為的報告。例如車禍原因或責任的鑑定。
解釋二：鑑定是刑事訴訟的法定證據方法之一。刑事案件若涉及特別知識或經驗時，交給具有相關知識的專家，對於待證事實，藉由專業知識與經驗，以及客觀、中立性的科學，做出適當判斷，提供給法院參考，確保犯罪事實認定之公正明瞭。審判者並非全知全能，面對日趨複雜、專業化之犯罪行為，引進特別知識、經驗，藉由其他專家輔助，來認定犯罪事實，正是釐清事實的必要方法。
刑事鑑定運用的範圍，按案件性質而決定。最常見到的是責任能力之精神鑑定，此外，按照目前司法院鑑定機關名冊分類，可分為：醫療過失、毒品尿液、鑑識工程、土地測量、鑑界鑑價（含動產、不動產）、機械設備、交通事故、會計、槍砲、彈藥、刀械、其他等十一類，所包含的範圍非常廣泛。而且是否交付鑑定，也是由法官或檢察官按照個案來裁量決定的。決定交付鑑定後，按刑事訴訟法第198條規定，可分為選任鑑定人與機關鑑定二種。",M             
家護字第256號,請參考「106年度家訴字第831號」的解釋。,F             
質言之,簡言之,G             
原創性,著作權法保護的著作，是指著作人的精神創作成果，只要著作人獨立完成，而不是抄襲或剽竊而來，且依照社會一般人的觀念，該創作成果與現存的作品有區別，可以表現著作人的個性，就具有原創性，可以成為著作權法保護的著作。,V             
偽造有價證券罪,所謂的有價證券，是指具有一定價格並可表彰特定財產權的書面憑證，例如股票、債券及支票等。偽造有價證券罪規定在刑法第201條第1項，是指不具有製作有價證券權限的人，為了行使該有價證券之用，冒用他人名義虛偽製作。觸犯本項犯罪，可以判處3年以上10年以下有期徒刑，並得一併科處新臺幣9萬元以下罰金刑。,M             
觀念通知,指行政機關認知表示，欠缺法效性之行為，例如：官署就某事件通知處理之經過與情形，並未損及當事人任何權益，乃屬純粹之觀念通知，與行政處分並不相同。惟在某些情況，二者之區別並非容易。,A             
判決之確定,"敗訴的當事人不能依上訴程序對判決聲明不服，而處於不能廢棄（民事）或變更之狀態。判決確定後，當事人得向法院聲請核發「判決確定證明書」（民事訴訟法第399條）。
",V             
牽連犯,數個犯罪行為如果具有方法、目的，或是原因、結果的關係，行為人就會成立牽連犯，而依最重的罪名來處斷。例如，甲拿改造手槍射殺乙，甲觸犯了殺人罪及持有改造手槍罪，應依最重的殺人罪名來處斷。,M             
情堪憫恕,"「情堪憫恕」是法官在考量是否要將被告的犯罪行為減刑，甚至免刑時，所審酌的因素。一般是指被告犯罪情狀非常輕微，足以引起一般人的同情而言。法官如認宣告法律規定的最低刑度，仍然過重時，可依刑法第59條或第61條規定減輕或免除其刑。

",G             
尚難謂非,並非、似乎不是沒有、可說是、(建議避免使用雙重否定用語),G             
減俸,"「減俸」依公務員懲戒法第9條第1項第6款規定，為該法所定公務員懲戒處分之一種，依同法第16條規定：「減俸，依受懲戒人現職之月俸（薪）減百分之十至百分之二十支給；其期間為六個月以上、三年以下。自減俸之日起，一年內不得晉敘、陞任或遷調主管職務。」

",A             
特別損失,司法院釋字第670號解釋理由書意旨：「人民受憲法第15條保障之財產權，因公益需要而受特別犧牲者，應由國家依法律予以補償，......特定人民身體之自由，因公共利益受公權力之合法限制，諸如羈押、收容或留置等，而有特別情形致超越人民一般情況下所應容忍之程度，構成其個人之特別犧牲者，自應有依法向國家請求合理補償之權利，以符合憲法保障人民身體自由及平等權之意旨。」同理，人民因執行機關依法實施「即時強制」，致其生命、身體或財產遭受特別損失時，可以依行政執行法第41條規定，請求補償。但若是因可歸責於他的事由所發生的，就不可以請求。且其損失應以金錢補償，並只能補償實際所受的特別損失。另要特別說明的是，行政法上的損失補償與損害賠償不同，前者是以合法行為為前提；後者則是對違法行為所生的賠償，屬於侵權行為的損害賠償。,A             
婚約,"婚約是男女當事人約定將來應互相結婚的契約(請參考民法第972條規定、最高法院32年上字第130號民事判例)。
",F             
原告之訴駁回,法官審理訴訟事件，認為原告的請求沒有理由，不應准許時，所為的判決結論。,F             
執行業務所得,舉凡律師、會計師、建築師、技師、醫師、藥師、助產士、著作人、經紀人、代書人、工匠、表演人及其他以技藝自力營生者之業務或演技收入，減除業務所房租或折舊、業務上使用器材設備之折舊及修理費，或收取代價提供顧客使用之藥品、材料等之成本、業務上雇用人員之薪資、執行業務之旅費及其他直接必要費用後之餘額，即為執行業務所得（所得稅法第11條第1項、第14條第1項第二類）。,A             
變形工時,勞工正常工作時間每天不得超過8小時，每週不得超過40小時。勞工繼續工作4小時，至少應該有30分鐘的休息。但為了因應各行各業不同的營運型態，勞動基準法第30條、第30條之1另訂有彈性工時制度，允許在符合一定要件下，可重新分配勞工的正常工作時間，就是「變形工時」。,A             
積極訴訟要件,"一個訴訟的提起是否合法，要看是否符合提起訴訟的各種條件。這些條件可以分成「積極訴訟要件」與「消極訴訟要件」。
積極訴訟要件：必須要具備某種事實或關係，才可以合法進行訴訟。例如提起自訴的被害人必須是直接被害人、受理的法院對這個案子必須有審判權限。
消極訴訟要件：一定不能有某種事實或關係，才可以合法進行訴訟。例如這個案件一定是還沒超過追訴權時效、沒有被大赦的案件。",M             
即時強制,行政機關為阻止犯罪、危害之發生或避免急迫危險，如果等待行政處分作成後，再依一般程序予以執行，勢將緩不濟急，故依行政執行法之規定，在法定方法範圍內，得採取必要之措施。,A             
陷於錯誤,詐欺取財罪之成立，係以行為人具不法意圖，施用詐術使被害人陷於錯誤，被害人基此錯誤而處分其財產，致受損害，為其構成要件。所謂錯誤，是指被害人對於判斷是否處分或交付財物的重要事項發生誤認，亦即假如被害人知悉真實情形，依社會通念，必不願交付財物。,M             
暴利行為,暴利行為係指在主觀上乘他人急迫、輕率、無經驗，而在不注意、沒有深思熟慮之情況下，而為顯失公平的財產上給付或給付約定之行為。暴利行為，依民法第74條規定，當事人或利害關係人可以在一年內聲請法院撤銷其行為或減輕給付。,V             
自承,自己承認,G             
斲傷,嚴重傷害的意思。,G             
不與焉,沒有包含在裏面的意思。,A             
退票,執票人向票據付款人提示所持有之票據，經付款人拒絕兌付而不獲付款之情形。實務上常見的退票理由，包含發票人在所委託為擔當付款人的金融業者帳戶中存款不足，或經票據交換所列報為拒絕往來戶等。,V             
訴訟繫屬,所謂訴訟繫屬，簡單的說，就像醫院的「掛號」，是指一個行政訴訟事件已經在行政法院「掛號」，等待行政法院審理。訴訟繫屬以原告提起訴訟開始，以行政法院作成裁判、當事人和解、原告撤回訴訟終結。原告提起訴訟之後，會產生一個行政訴訟事件繫屬在行政法院，行政法院必須加以審理，並依法作成決定（判決或裁定）。,G             
檢察事務收回權,檢察首長得依法律，將其監督指揮之檢察官偵辦特定案件的權利收回。,M             
析言,詳細地說。,A             
略以,大致如下、重點如下、摘要如下,G             
教示條款,指法律規定民事、刑事及行政訴訟判決書應載明的告知條款，使當事人得以清楚明白可行的救濟途徑及法律效果。例如民事訴訟法第229條第3項規定：「對於判決得上訴者，應於送達當事人之正本內，記載其期間及提出上訴狀之法院。」、刑事訴訟法第314條第1項規定：「判決得為上訴者，其上訴期間及提出上訴狀之法院，應於宣示時一併告知，並應記載於送達被告之判決正本。」、行政訴訟法第210條第3項規定：「對於判決得為上訴者，應於送達當事人之正本內告知其期間及提出上訴狀之行政法院。」此外，教示條款也包括行政機關對相對人的行政處分，所為救濟途徑的告知條款。包括：表明行政處分的意旨，以及不服行政處分之救濟方法、期間及其受理機關。,G             
內部性界限,在數罪併罰，定其應執行刑之案件，法院所為刑之酌定，應受外部性界限及內部性界限之拘束。依據法律之具體規定，法院應在刑法第51條各款所定範圍內選擇為適當之裁判者，為外部性界限；另法院為裁判時，應考量法律之目的及法律秩序之理念所在者，為內部性界限。,M             
矢口否認,被告否認犯罪，但與事實不符，不被採納。,M             
職權裁定迴避,法院或院長認為法官有應該自行迴避之原因，然而法官沒有自行迴避的時候，就算當事人沒有聲請，或聲請不合法，還是可以主動依職權裁定命法官迴避。,M             
確定判決,依法已無法提起上訴的判決。判決一經確定，除有再審或提起第三人撤銷訴訟之事由外，任何人都無法變更判決結果。,V             
會同開具財產清冊之人,在監護宣告事件中，監護人對受監護人的財產管理，如果監護人沒有盡到責任，有賠償的問題，所以法律要求監護人要製作一份財產清冊呈報到法院存查。為了防止監護人監守自盜或是輕率浮濫，法院會再指定一個「會同開具財產清冊之人」，來監督監護人如實製作財產清冊，監護人必須得到這個人會同檢查核對無誤，才能將財產清冊呈報到法院，完成法定程序。,F             
一事不二罰原則,"一個行為違反數個行政法上的義務規定，或一個行為同時違反刑事法律和行政法上的義務規定時，為維護法律秩序的安定，避免產生過苛的情形，禁止國家依不同的法律或規定進行多次的處罰（行政罰法第24、26條）。
例如：在防制區內的道路兩旁燃燒物品，產生明顯濃煙，妨礙行車視線，除了違反空氣污染防制法第31條第1項第1款規定，依同法第60條可處包含罰鍰的行政罰外，同時也符合道路交通管理處罰條例第82條第1項第2款的處以罰鍰規定，但因為只有一個行為，故最後只可以裁處1個罰鍰。",A             
公共危罪,刑法第11章「公共危險罪」，規定於刑法第173條至第194條，含放火或失火燒燬現住建築物及交通工具罪、放火失火燒燬非現住建築物及交通工具罪、放火燒燬住宅等以外之物罪、準放火罪、漏逸或間隔氣體罪、決水浸害現供人使用之住宅或現有人所在之建築物及交通工具罪、決水浸害現非供人使用之住宅或現未有人在之建築物罪、決水浸害住宅等以外之物罪、破壞防水蓄水設備罪、妨害救災罪、傾覆或破壞現有人所在之交通工具罪、妨害舟車及航空機行駛安全罪、妨害公眾往來安全罪、劫持交通工具之罪、危害毀損交通工具之罪、重大違背義務致交通危險罪、肇事遺棄罪、單純危險罪、不法使用爆裂物及其加重結果犯、加重危險物罪、不法使用核子原料等物之處罰、放逸核能、放射線致生公共危險之處罰、無正當理由使用放射線之處罰、妨害公用事業罪、損壞保護生命設備罪、危害公共場所內保護生命設備之處罰、阻塞逃生通道之處罰、妨害公眾飲水罪、流放毒物罪及加重結果犯、製造販賣陳列妨害衛生物品罪、違背預防傳染病法令罪及散布傳染病菌罪、違背建築術成規罪、不履行賑災契約罪等。,M             
臨檢,警察於公共場所或指定處所、路段，由服勤人員擔任臨場檢查或路檢，執行取締、盤查或有關法令賦予之勤務。,M             
FRAND,"Fair, Reasonable And Non-Discriminatory，簡稱 FRAND，常見於專利領域，是指標準制定組織針對標準必要專利（Standard Essential Patent，SEP）所訂定的授權要件，必須公平、合理且無歧視性。",A             
容忍授權,容忍授權，是指本人明知他人是無權代理，卻不為反對的意思表示，而消極容任該無權代理人行使本人從未授與的代理權。一旦相對人是出於善意且無過失，信賴本人有容忍授權的事實，進而與該無代理權人從事法律行為時，為保護交易安全，本人應對第三人負起授權人的責任。,V             
從一重處斷,依刑法第55條規定「一行為而觸犯數罪名者，從一重處斷。但不得科以較輕罪名所定最輕本刑以下之刑。」係指當想像競合犯之情形，行為人同時犯多數罪名時，不能各罪重複處罰，而應擇其中最重罪處罰之。,M             
免稅額,"   「免稅額」是計算稅捐負擔之減項。以綜合所得稅為例，依所得稅法第13條規定，個人之綜合所得稅，是就綜合所得淨額課徵之，而綜合所得淨額的計算，是以個人所得總額減除免稅額及扣除額。
   所得稅法於第17條規定免稅額扣除，是為了反應一個社會中維持個人物理生存的最低額度，扣除後才能正確衡量納稅義務人真正的稅捐負擔能力。依現行規定，108年度綜合所得稅結算申報，年滿70歲之納稅義務人、配偶及申報受扶養直系尊親屬，每人免稅額新臺幣（下同）132,000元，其餘申報受扶養親屬及未滿70歲的納稅義務人、配偶每人免稅額88,000元，並得列報大陸地區扶養親屬免稅額。    ",A             
沒入保證金,規定於刑事訴訟法第118條第1項「具保之被告逃匿者，應命具保人繳納指定之保證金額，並沒入之。不繳納者，強制執行。保證金已繳納者，沒入之。」。,M             
不能安全駕駛罪,為刑法之罪名，規定於刑法185條之3：「（第1項）駕駛動力交通工具而有下列情形之一者，處二年以下有期徒刑，得併科二十萬元以下罰金：一、吐氣所含酒精濃度達每公升零點二五毫克或血液中酒精濃度達百分之零點零五以上。二、有前款以外之其他情事足認服用酒類或其他相類之物，致不能安全駕駛。三、服用毒品、麻醉藥品或其他相類之物，致不能安全駕駛。（第2項）因而致人於死者，處三年以上十年以下有期徒刑；致重傷者，處一年以上七年以下有期徒刑。」,M             
當事人主義,當事人主義是指訴訟程序的開啟、進行與結束，由訴訟當事人決定與主導，法官僅為中立的裁判者。特別是關於證據調查程序，須由當事人負責證據的準備與提出，法院不能於當事人聲請調查的證據範圍以外，依職權主動蒐集或調查證據。然因行政訴訟涉及公益，為保障人民權益、維護公益以及貫徹行政行為合法性的審查，行政訴訟是採取與當事人主義相對的職權調查主義，依行政訴訟法第125條第1項、第133條及第134條規定，行政法院負有查明事實的義務，應依職權調查證據，不受當事人事實主張及證據聲請的拘束。,A             
附麗,依據。,A             
發回續查,偵查中程序作為之一種，規定於刑事訴訟法第258條第1款，於告訴人依法對不起訴或緩起訴處分書聲請再議，或檢察官依職權逕送再議之情形，上級檢察署檢察長或檢察總長認為再議有理由，惟偵查未完備者，得命令原檢察署檢察官續行偵查。,M             
任意性自白,被告的自白是出於自願，而不是被不正當方法所迫。,M             
喻知,如果是「諭知」，是指告知、宣告的意思。,F             
宣傳療效,宣傳療效是指宣傳醫療效能。為維護消費者的健康及權益，食品安全衛生管理法第28條第2項嚴禁食品為醫療效能的標示、宣傳或廣告。所謂宣稱醫療效能，包含宣稱預防、改善、減輕或治療疾病或特定生理情形（例如治療近視、治失眠、防止貧血、降血壓、防止更年期的提早），以及宣稱減輕或降低導致疾病有關的體內成分（例如解肝毒、降肝脂）等情形。,"V,A           "
法官保留,"法官保留原則，是指限制人民基本權利之重要特定事項的作為，由立法者制定法律規定，保留由法官審查准許始得行使之原則。
刑事訴訟之審判，即屬於憲法（憲法第77條、第8條第1項參照）所定之法官保留事項。強制處分之羈押（刑事訴訟法第101條）、搜索（刑事訴訟法第128條第3項），也是基於保障個人基本權利，採行法官保留原則的立法。",M             
跡其所為,探究他的行為。,G             
繼承權喪失事由,如果繼承人做了一些很不好的事情，比方說，把父母給殺死了，那麼法律就取消他繼承父母遺產的權利。喪失繼承權的事由有很多種，可以查閱民法第1145條的規定。,F             
上訴不可分,指判決的各部分在審判上無從分割(例如實質上一罪、裁判上一罪等均屬之)，因一部上訴而其全部必受影響者而言。例如 : 法院於審理時，認為甲犯了A罪刑與B罪刑屬同一事件，則於上訴時不可只上訴A犯罪事實，必須將B犯罪事實一同上訴。,M             
形成之訴,"原告請求法院以判決直接宣告法律關係創設（發生）、變更或消滅的訴訟。例如：撤銷調解之訴、再審之訴、第三人撤銷之訴、債務人異議之訴、撤銷婚姻之訴、撤銷收養之訴、離婚之訴、否認子女之訴等。
",V             
爰,經、因此、所以、於是（虛詞，可省略）,V             
委無憑採,確實不能據以採信。,A             
行政程序,行政機關執行行政任務的過程中，必須在行政內部或對外界的人民作成許多行政行為，而行政機關行使公權力，作成行政處分、締結行政契約、訂定法規命令與行政規則、確定行政計畫、實施行政指導及處理陳情等行為的程序，即行政程序（行政程序法第2條第1項）。,A             
異議人,對於某事項的處理不服的人（相關規定如：強制執行法第39條第2項、第40條之1第2項、第41條第1項、非訟事件法第97條第3項、公證法第17條第2項、消費者債務清理條例第36條第2項、祭祀公業條例第12條第3項、第13條第1項、商標法第49條第2項、森林法第29條等）。,V             
如易服勞役,指被宣告罰金刑，其無力完納者，得以新臺幣一千元、二千元或三千元折算一日而以勞役折抵罰金之制度，詳見刑法第42條之規定。,M             
窺視非公開活動罪,為保障隱私權，刑法第315條之1第1款規定，無故利用工具或設備（如望遠鏡）窺視、竊聽他人非公開之活動、言論、談話或身體隱私部位者，構成「窺視竊聽罪」；如以錄音、照相、錄影等方式竊錄者，則構成同條第2款之「竊錄罪」。以上行為最高可處3年以下有期徒刑。,M             
似有未合,似乎並不符合的意思。,F             
查封,為保全債權人債權的實現，執行法院限制債務人對於執行標的物的處分權的一種執行行為。,V             
延長羈押,有繼續羈押之必要者，於羈押期間未滿前，經法院依刑事訴訟法第一百零一條或第一百零一條之一之規定訊問被告後，以裁定延長羈押期間。,M             
違誤,背反、差錯。,A             
正當性,合法性基礎,A             
執行力,法院得據以強制執行的效力，即執行力。強制執行係執行債權人聲請法院以「強制」方式「實現」其權利。例如確定判決有關命債務人之給付，債權人即得持確定判決為執行名義，聲請法院對債務人為強制執行，此即為確定判決之執行力。,V             
亟待審理,迫切等待審理。,A             
承攬,指當事人約定，由一方為他方完成一定的工作後，他方給予報酬的契約（民法第490條第1項）。例如：甲與乙約定，甲為乙蓋一棟房子，等到甲把房子蓋好以後，乙再給甲500萬元的報酬。,V             
反訴,反訴，係自訴被告以自訴人為被告而提起的訴訟，乃是利用自訴程序而提起，故又稱為反自訴。反訴本來可以獨立提起，但為了審判上的便宜性，所以法律上允許自訴被告利用自訴程序提起反訴，因此，反訴與自訴無異，凡是自訴應該具備的要件，反訴也必須要具備。,M             
形成判決,"原告請求法院以判決直接宣告法律關係創設（發生）、變更或消滅，如果原告勝訴，該判決就是形成判決。形成判決一經確定，就發生法律狀態變動的效果。例如：原告訴請離婚的判決確定，不待辦理離婚登記，就發生婚姻關係消滅的效果。
",V             
遷讓房屋,指要求現在占有使用房屋的人遷出房屋，將該房屋交還權利人（如：所有人、出租人、出借人等）。,V             
證據證明力,指證據能夠證明一個事實到什麼程度。當證明力越高，表示這個事實就越可能是真的。,M             
損失補償,行政法上的損失補償，指行政機關合法實施公權力，造成人民的生命、身體或財產遭受損失，已經超過人民應盡的社會義務時，國家就應該依法給予人民合理的補償，才符合公平原則。,A             
監聽譯文,將監聽所聽到的內容，用文字的方式逐句逐字記錄下來的書面資料。,M             
著作的合理使用,著作之合理使用，不構成著作財產權之侵害。著作之利用是否合於著作權法第44條至第63條所定之合理範圍或其他合理使用之情形，應審酌一切情狀，尤應注意下列事項，以為判斷之基準：一、利用之目的及性質，包括係為商業目的或非營利教育目的。二、著作之性質。三、所利用之質量及其在整個著作所占之比例。四、利用結果對著作潛在市場與現在價值之影響（著作權法第65條第1、2項規定）。綜觀著作權法第44條至第63條條文，有些條文中沒有「合理範圍」文句，例如第49條（以廣播、攝影、錄影、新聞紙、網路或其他方法為時事報導者，在報導之必要範圍內，得利用其報導過程中所接觸之著作）、第61條（揭載於新聞紙、雜誌或網路上有關政治、經濟或社會上時事問題之論述，得由其他新聞紙、雜誌轉載或由廣播或電視公開播送，或於網路上公開傳輸。但經註明不許轉載、公開播送或公開傳輸者，不在此限），屬於豁免規定，是對於限定的特殊利用著作情形，明確正面的肯認其合法性，由於適用的情形已有所限定並且要件設定明確，是故無須再以前述四項合理使用中的權衡要素予以再次評價。反之，著作權法第44條至第63條條文中有「合理範圍」文句或其他合理使用之情形，則須依前述四項基準審視之。,A             
拘留,屬拘束人身自由的行政罰，例如社會秩序維護法第19條第1項第1款「拘留：一日以上，三日以下；遇有依法加重時，合計不得逾五日。」。,M             
裁定管轄,刑事訴訟法第9條第1項規定：有左列情形之一者，由直接上級法院以裁定指定該案件之管轄法院：一、數法院於管轄權有爭議者。二、有管轄權之法院經確定裁判為無管轄權，而無他法院管轄該案件者。三、因管轄區域境界不明，致不能辨別有管轄權之法院者。第2項規定：案件不能依前項及第五條之規定，定其管轄法院者，由最高法院以裁定指定管轄法院。,M             
毫無所悉,一點都不知道,G             
可追訴性,係指在追訴權時效內之犯罪行為，仍具有受刑事追訴之可能性。反之，如犯罪之追訴時效已完成者，偵查中檢察官應予以不起訴處分，審判中法院則應諭知免訴判決，該等追訴權時效已經完成之犯罪，就不具有可追訴性。,M             
上訴駁回,上級審認為上訴人提起的上訴不合法或無理由，而維持原審判決結果。,V             
要屬無據,難以採信、不可採信、沒有依據,G             
顯係違誤,顯然是錯誤。,A             
秩序行政,"又稱干預行政、干涉行政、侵害行政、規制行政，指行政機關為維護公共安全及社會秩序，採取命令、禁止、干涉、取締等抽象或具體的行政行為，及必要時使用強制手段，來防止危險發生或排除侵害，致力於創設良好的公共秩序為目的的行政，對外表現方式多屬負擔的行政處分，因為會對受干預的對象直接限制其自由或權利，所以應受較嚴格的法律羈束（限制）。
例如：道路交通行政（對於道路交通的管制及違規者的裁罰）。",A             
亦非不能,可以,G             
關聯法則,以行為人之手段與目的間是否具有關聯性，及其手段與目的間之關聯性是否具有可非難性，來作為強制行為實質違法性之判斷基準。,M             
旋,不久,G             
特別措施法,"對於非正常狀況下所為的特別法律規範，為日本法律用語所常見。
例如：日本該國所制定的「再生能源特別措施法」、「地震防災對策特別措施法」、「反恐特别措施法」等法律。",A             
誠實信用原則,行政法上的一般法律原則之一，行政程序法第8條規定「行政行為，應以誠實信用之方法為之，並應保護人民正當合理之信賴。」則將該原則予以明文化。,A             
業務過失致死罪,為刑法之罪名，規定於刑法第276條第2項：「從事業務之人，因業務上之過失犯前項之罪者，處五年以下有期徒刑或拘役，得併科三千元以下罰金。」,M             
文義解釋,指依照法律條文的字義或文義而為解釋。因為成文法既然是藉由文字來表現，則文字的意義，就是法規的意義，解釋文字就是在解釋法規。,M             
抑留或剋扣款物罪,規定於刑法第129條第2項：「公務員對於職務上發給之款項、物品，明知應發給而抑留不發或剋扣者，亦同。」且依同條第3項，處罰未遂犯。實務見解認為，直接被害人為公務機關之公信力，至於得受領應發給之款項、物品之人，乃間接被害人。,M             
禁戒,"解釋一：為保安處分之類型，規定於刑法第88條、第89條，針對施用毒品成癮或因酗酒以致犯罪，且已酗酒成癮及有再犯之虞者，基於維護社會公共安全之立場，施以禁戒。
解釋二：對於毒品成癮（88條）或酗酒成癮（89條）之犯罪人，強制其進入一定處所，進行禁戒之處分。另作為本處分的特別規定，有毒品危害防制條例，凡五年內犯或再犯施用第一、二級毒品的行為人，應先令其進入勒戒處所進行觀察勒戒二個月，如無繼續施用毒品傾向時，應即釋放，並為不起訴之處分或不付審理之裁定（少年犯罪）；如仍有繼續施用毒品傾向時，檢察官應聲請法院裁定或由少年法院（地方法院少年法庭）裁定令入戒治處所強制戒治，其期間為六個月以上，最長一年。",M             
勞僱,指勞動關係或僱傭關係中之勞工、受僱人一方。,V             
明確性原則,"指法律、法規命令、行政規則、行政處分、行政契約及行政指導等行政行為，其內容應具體明確，使人容易明瞭。
例如：法律規定涉及人民權利義務時，該規定的內容必須明確，有清楚的界限及範圍，就是法律的構成要件和法律效果應該明確，不可以只規定違反某規定的話要處罰，卻沒有規定處罰的內容。",A             
工作許可,工作的允許、同意。例如：就業服務法第43條規定，除該法另有規定外，外國人未經雇主申請許可，不得在中華民國境內工作。,A             
應繼分,當一個人死亡後，法律有規定什麼資格的繼承人，可以分到多少比例的遺產，這就是應繼分。,F             
訴訟主體性,刑事訴訟主體指訴訟程序上之檢察官、被告、自訴人。而訴訟主體性指參與程序的人所擁有的主動、積極及自我決定的地位。,M             
分配表異議之訴,債權人或債務人對於強制執行的分配結果（分配表）表示不服（聲明異議），但其他人不認同其聲明異議。此時該表示不服的債權人或債務人，為了請求法院更正分配表中有爭議的金額或分配順序，而提起的訴訟。,V             
可歸責事由,指對於損害或結果的發生，有應歸咎的原因存在。現行民法採取過失責任主義（民法第220條第1項）從民事責任歸責的角度，所謂可歸責事由，原則上是指抽象過失而言。例如：民法第225條、第226條、第227條均規定債務人就債務不履行有可歸責事由時，始負損害賠償責任。,V             
保稅區,依加值型及非加值型營業稅法（下稱營業稅法）第5條及第6條之1規定，保稅區是指政府核定的加工出口區、科學工業園區、農業科技園區或自由貿易港區，以及海關管理的保稅工廠、保稅倉庫、物流中心或其他經目的事業主管機關核准設立且由海關監管的專區。保稅區營業人把保稅貨物自國外進入上述專區，都不會視為進口，而不用課徵營業稅。但若保稅區營業人將保稅貨物自保稅區進入中華民國境內的其他應稅地區，應屬進口貨物，除符合營業稅法第9條規定免徵營業稅外，須由海關代徵應徵收的營業稅。,A             
心證,法官對於提出於法庭的物證、證人的證詞，評價是否可以證明事實存在或可以證明之程度。,G             
武器對等性,當事人於訴訟程序上，得以立於實質對等的地位進行攻擊、防禦，如此才能實現公平審判。刑事訴訟程序中，檢察官行使偵查及訴追犯罪的國家公權力，具有相當的偵查資源，因此常必須注意在制度上如何充分保障被告防禦權，以確保程序上檢辯雙方的武器平等。,M             
非常上訴書,檢察總長用以敘述理由並向最高法院提起非常上訴之文書。,M             
本件抛棄繼承淮予備查,當事人提出的拋棄繼承資料，法院形式上審核符合法律規定，而准許把拋棄繼承的資料存檔，可供將來查驗的意思。,F             
諭知,法官開庭時當庭將某一決定內容告訴在庭之人的意思。如開庭時，法官告訴在庭被告，應於三日內提出驗傷單。,M             
重婚罪,重婚是指在單配偶制制度下，已有配偶的人而又與他人結婚，或同時與超過一人結婚。依據刑法第237條規定，有配偶而重為婚姻或同時與二人以上結婚者，處五年以下有期徒刑。,M             
分割遺產,一個人死亡以後，他的財產就會變成遺產，屬於全部的繼承人所公同共有。公同共有財產如果要處理，需要全部公同共有人同意才可以，有時候很麻煩。所以把全部遺產分成一份一份給繼承人個別所有，是有必要的事情。原則上，繼承人應該要自己協議來分配遺產，如果不能協議，任何一個繼承人都可以向法院請求分割遺產。,F             
謙抑原則,因為刑罰對於人民權利的剝奪是很嚴重的，因此國家應該盡量避免用刑罰施加於人民，如果可以用其他方式代替刑罰的效果，就應該優先用那種方式，而非刑罰。,M             
法官心證,法官綜合證據調查及全辯論意旨，最後認定的結果。,F             
股別,請參考「馨股」的解釋。,F             
隔離訊問,當證人或被告有數人的情形下，訊問其中一名證人或被告時，命其他證人或被告不得在場，這種訊問方式稱為隔離訊問。例如，證人有甲、乙、丙3人，訊問甲的時候，命乙、丙在庭外等候，不得在場。,M             
租稅法律主義,國家要求人民負擔繳納稅捐的義務、或給人民減免稅捐的優惠時，必須用法律來規定租稅主體、租稅客體、租稅客體對租稅主體的歸屬、稅基、稅率、納稅方法、納稅期間等繳納稅款的條件（憲法第19條、司法院釋字第685號解釋理由書）。主管機關因法律概括授權所訂定的施行細則，只能就實施母法所定納稅義務及其要件有關事項加以規範，不得另為增減，否則即違反租稅法律主義。例如：有中華民國來源所得的個人，是依照「所得稅法」的法律規定，要繳納綜合所得稅。,A             
預見可能性,指行為人對於某個結果的發生有無事先預想到的可能性。,M             
人身自由,人身自由指的是身體行動或不行動不受國家非法干預的自由，在我國是受到憲法第8條明文的保障。人身自由是憲法上其他自由的前提，換句話說，人民如果遭到國家非法的逮捕及拘禁，也就形同喪失了諸如言論、集會或秘密通訊等的自由。,M             
有不安之狀態,有被否定的危險,G             
聲請狀,記載聲請人的請求主張並提出到法院的書狀，聲請事項原則可以言詞或書狀提出於法院（民事訴訟法第122條第1項），但法律規定僅能以書狀為之者，如聲請再審（民事訴訟法第507條、第501條第1項），如未提出聲請狀，即不生聲請再審之效力。在司法院網站有提供相關聲請狀參考範例(網址http://www.judicial.gov.tw/assist/assist03.asp）,V             
行政助手,"於行政機關執行特定行政任務時，受行政機關的委託，給予協助，並且依其指示完成任務的自然人。行政助手的行為結果雖歸屬於行政機關，但由於行政助手並無公權力，無法代表公權力獨立作成處分，亦無法單獨與第三人發生法律關係。
例如：警察指揮民間拖吊業者拖吊違規車輛，該民間業者是「行政助手」。",A             
債權憑證,債權人的債權經由執行程序仍無法全部獲得滿足，債權人聲請由執行法院發給的證明文件。將來如果債權人發現債務人有其他財產可以執行時，可以直接根據該證明文件向法院聲請強制執行， 而不需另外繳納執行費用。,V             
證據排除法則,以不符合法律程序或違法的手段所取得的證據，法院就不能採用，就算這證據很重要、能證明犯罪事實也一樣。這是避免任何一方用不正當的方式進行訴訟的重要手段。,M             
行政自我拘束,行政機關對於某類事件反覆為相同處理時，將產生行政先例（又稱行政慣行）。基於憲法上平等原則的要求，行政程序法第6條規定：「行政行為，非有正當理由，不得為差別待遇。」是以，行政機關就同類事件行使裁量權時，如果沒有正當理由，即應受行政先例之拘束，不得為相異的處理，此即行政自我拘束原則。倘若行政機關對於同類事件，在欠缺正當理由的情況下，未遵循行政先例，反而作成不同的處理時，即屬違反平等原則。不過，平等原則僅保障合法的平等，不保障不法的平等，故假如行政先例本身即已違法，行政機關在處理同類案件時，仍應遵守依法行政原則，不受違法行政先例的拘束。,A             
後法優於前法,根據中央法規標準法規定，法規對某一事項規定適用或準用其他法規之規定者，其他法規修正後，適用或準用修正後之法規（中央法規標準法第十七條）。此乃後法（新法）優於前法（舊法）所必然之結果，換言之，倘若社會生活所發生的事實，同時涉及數個法規範，而此數個法規範中的一個法規範有修正時，其修正前之舊規定即被修正後之新規定所取代。但此應注意刑法第2條第1項規定：行為後法律有變更者，適用行為時之法律，但行為後之法律有利於行為人者，適用最有利於行為人之法律。此即所謂之從舊從輕原則，與後法優於前法原則有所不同。,M             
干預行政,干預行政或稱干涉行政，為公權力行政中常見的行為方式，是指國家機關作成會侵害人民權益或課予義務的行政行為，通常是用命令方式為之，多屬負擔處分，例如課徵稅捐、徵收土地或警察機關下令禁止通行。另於必要時亦得採取強制手段，例如警察為排除侵害或預防危險的強制措施。因為干預行政是直接限制人民權利或自由的行政行為，通常要有法律或法規命令的依據，才可以實施。,A             
顯非無疑,顯然還有疑問、還有可以存疑之處。,G             
行政主體,"在行政法上享有權利和負擔義務的法律主體，除了具有一定職權且得設置行政機關以實現其行政任務的公法人（例如國家、各縣、市、鄉鎮、農田水利會等）外，也包含受委託獨立行使公權力的私人。行政主體經常透過行政機關與人民建立行政法律關係，但因此所生的權利義務關係則歸屬於行政主體，而非行政機關。
例如：國家透過國稅局（行政機關）向人民課徵應納的稅賦，但該稅捐徵收的權利是歸屬於國家，而非國稅局。",A             
繼續性一行為,行政罰中，繼續性一行為係指以持續之行為時間一次實現違反行政法上義務構成要件行為。舉例而言，持續期間內之無照營業，法律上仍視為單一行為。,A             
不無可議,（某件事情）還有值得探究的地方,G             
公共秩序,解釋一：一種不成文規範的整體，依當時社會或倫理上主流觀點，在特定領域是人類有序共同生活的前提。解釋二：「公共秩序」指國家社會之一般的要求或利益之行為規範。民法第72條規定，法律行為有背於公共秩序或善良風俗者無效。例如：當事人立約訂定「不得再以任何方式追究他方刑責」，如其真意係拋棄刑事訴訟權，即有違憲法第16條保障訴訟權之意旨（最高法院87年度台上字第2000號民事判決意旨參照），違背公共秩序而無效。,A             
法所不容許的風險,在發生一定結果的犯罪（如殺人罪），必須行為（殺）與結果（人死亡）有因果關係才能成立。但並非只要行為造成了結果，就會受到處罰；刑法學者認為，必須行為創造並且實現法所不容許的風險，結果始歸由行為人負責。例如，甲慫恿乙外出散步，結果乙碰巧被雷擊中死亡，原則上甲的行為仍不能認為創造了法所不容許的風險。,M             
聲請再審,對於已經確定的裁定，當事人如果認為有行政訴訟法第273條、第274條規定的再審事由（如適用法規顯有錯誤等），請求法院更為審判的程序。,A             
即非法所不許,符合法律規定,G             
迺,竟然、居然。,G             
自助行為,"又稱為自救行為或自力救濟，是指行為人為了保護自己的權利，而採用法律所容許的權利保全措施。自助行為是一種「適法行為」，因此行為人不須對拘束他人自由或破壞他人財產等行為負賠償責任。自助行為不能超過保全權利所必要的程度，並應具備下列要件：1.必須是保護自己的權利、2.必須時機急迫，來不及請求法院或其他有關公權力機關的協助、3.如果不立即為自助行為，日後就不得實行或實行顯然有困難。例如：甲向乙借款1,000萬元，甲因無力還款準備變賣財物搭機潛逃海外，乙獲知後為了避免債權日後無法受償，於是趕往機場逮住甲，並扣留甲的護照等證件。乙扣留甲和護照等「自助行為」，雖然侵害債務人甲的權利，但可以主張是「自助行為」而阻卻違法。",V             
獨立董事,係指由具備專業能力，並與公司間沒有直接或間接利害關係之人(例如未於公司任職，未持有一定比例股份之股東、非公司經營上之關係人等)擔任公司之董事，藉其專業與獨立性，監督公司之經營及保護股東權益。,V             
報明債權,請參考「陳報債權」的解釋。,F             
否准,不准。,A             
必要共犯,共犯在學理上，有「任意共犯」與「必要共犯」之分，任意共犯係指一般原得由一人單獨完成之犯罪，而由二人以上共同實施之情形，當然有刑法總則共犯規定之適用；必要共犯係指須有二人以上之參與實施始能成立之犯罪而言。「必要共犯」依犯罪之性質，尚可分為「聚合犯」與「對向犯」，其二人以上朝同一目標共同參與犯罪之實施者，謂之「聚合犯」，如刑法分則之公然聚眾施強暴、脅迫罪、參與犯罪結社罪等是，因其本質上即屬共同正犯，故除法律依其首謀、下手實施或在場助勢等參與犯罪程度之不同，而異其刑罰之規定時，各參與不同程度犯罪行為者之間，不能適用刑法總則共犯之規定外，其餘均應適用刑法第二十八條共同正犯之規定。而「對向犯」則係二個或二個以上之行為者，彼此相互對立之意思經合致而成立之犯罪，如賄賂、賭博、重婚等罪均屬之，因行為者各有其目的，各就其行為負責，彼此間無所謂犯意之聯絡，苟法律上僅處罰其中部分行為者，其餘對向行為縱然對之不無教唆或幫助等助力，仍不能成立該處罰行為之教唆、幫助犯或共同正犯。若對向之二個以上行為，法律上均有處罰之明文，當亦無適用刑法第二十八條共同正犯之餘地。,M             
不啻,「不僅是」、「何止」的意思。,F             
概括條款,立法者制定法律時，雖然希望能夠儘量清楚的逐一規定，以符合民眾需求，但有時必須保留一些彈性，讓法院或其他機關，能夠因應社會變化及人生百態，做出合宜的解釋，並避免因為法律無法即時修改造成無法解決問題的困境。所以有些法律會訂定概括條款，例如民法第72條規定，違背「公共秩序」或「善良風俗」的法律行為無效。第1052條第2項規定有前項以外的「重大事由，難以維持婚姻」可以請求離婚，此時有沒有違背「公共秩序」或「善良風俗」，有沒有難以維持婚姻的其他「重大事由」，就會由法院或相關機關依照個案狀況認定。,F             
新訴訟標的理論,以原告起訴時所表明的「訴之聲明」及「原因事實」所共同呈現對被告所請求之法律上地位（受給地位與形成地位），作為解釋、認定訴訟標的之權利義務法律關係之標準。有別於舊訴訟標的理論，係直接以實體法上具體權利（如請求權、形成權等）作為訴訟標的。,V             
稽之,依據,G             
囑託送達,於外國或境外、或對特殊身分或場所送達司法文件，可能會有實際上的困難，為解決這樣的問題，法律規定於特殊情況發生時，可以請特定機關或特定人幫忙送達。例如被告如果在監獄中，訴訟文書應該請監獄的長官幫忙送達給被告。,M             
實難知悉,實在很難以知道的意思。,G             
非特,不但。,A             
標的物,當事人在法院爭執的東西，就是標的物。,F             
抗辯,一方當事人主張或行使權利時，他方當事人所提出的反駁或異議，稱為抗辯。也就是為了對抗他方所提出對自己不利的主張，而提出對自己有利的事實或權利。例如：甲主張乙曾向其借100萬元至今未還，起訴請求乙應返還借款100萬元，但乙反駁甲也曾向他借款60萬元沒有還，所以就60萬元部分可以抵銷，這種情形乙就是以「抵銷」為抗辯（民法第334條）；或者乙主張甲曾經對他說過：「這筆借款不用還了」，乙就是以「免除」為抗辯（民法第343條）。,V             
非謂不得,就是「可以」的意思。雙重否定的句式，有時用來表示「也不是不能這樣做」的語氣。,F             
主觀要件,所謂主觀要件，是指行為人主觀心態、行為人對行為的認識與理解、與行為有關的內心想像世界等涉及行為人的內部心理、精神或意志領域的要素。在侵權行為中，是指行為人須有責任能力、故意或過失的構成要件。在一般法律行為中，是指行為人須具有法效意思，即行為人有意為某項行為、且對該行為有某種法律上意義有所認識，並欲依其表示而發生特定法律效果的意思。例如：甲打電話給乙表示解除契約。因甲對其在打電話有所知覺，即有行為意思；並且因甲對其行為將發生一定法律效果有所認識，即有表示意識，原則上即具備其為該法律行為的主觀要件。,V             
不成文的構成要件要素,未經明文規定於構成要件中之各種構成要件要素，但因學說或實務見解所形成，此並不違背罪刑法定原則。開放性構成要件，以不成文的構成要件要素居多。例如，詐欺罪中，行為人以詐術使人交付財物，必須被詐欺人因其詐術而陷於錯誤，始能成立，「陷於錯誤」於法律中雖無明文，但仍屬詐欺罪之不成文構成要件要素。,M             
不作為,"就行政法上之意義而言，乃指行為人依法負有積極作為的義務，並且具有作為的可能性，但卻消極的不為履行法定之義務。
例如：行政機關對於人民依法申請之案件，在法定期間內應回覆人民核准與否卻未回覆，依訴願法第2條之規定得提起訴願救濟之。
",A             
特別法律關係,特別法律關係，傳統觀點認為是特別權力關係，指人民因法律規定、當事人意志或特定事實而產生一定身分或地位，從而與公行政間形成超過一般情形、特別密切的特殊權力支配關係，例如公務員、軍人、學生、受刑人等。此關係強調行政主體的優越性與受支配者的服從性，在此關係下，具有該等身分或地位的人民不得主張享有基本權利，也不得向法院尋求救濟。但近20餘年來已逐漸被認為與法治國原則有所背離，在司法院大法官多件解釋的影響下，已逐步突破限制，特別在司法救濟方面有顯著的改善。新近觀點則認為特別法律關係和特別權力關係不同，且應取代特別權力關係的概念，其內涵有：1、存在當事人對立及相互間權利義務，不以單方面權力為特色。2、加諸之義務須有法的依據且須明確。3、特別規則存在，須具有合理目的，且對基本權利限制仍受法律保留原則支配。4、權益受損害時，仍得提起爭訟。,A             
兄弟繼承,"個人死亡後，除了配偶是理所當然的繼承人外，另外，如果還有子女（孫子女)、父母、兄弟姊妹、祖父母在世，順序在前的人也有繼承權。
必須死者沒有子女（孫子女)及父母，或是他們都拋棄繼承了，才會由兄弟繼承。",F             
併案審理,指案件已經起訴，因檢察官起訴後發現更多與已起訴案件相關的證據資料，函請法院併案審理。當法院認為檢察官請求併案審理的內容，與本案不屬於實質上或裁判上一罪的關係，或本案不成立犯罪時，就必須退回由檢察官另行處理，不能審判併辦事實。,M             
通謀虛偽意思表示,法律行為成立時，當事人雙方心中都沒有真意，而且彼此都知道，仍然故意為與真意不符的合意（例如：甲為避免名下的房子被債權人查封，就和乙簽了買賣契約書，約定把房子過戶給乙，但甲、乙都知道彼此間根本沒有要買賣房子的意思）。,V             
行為分擔,共同實行犯罪行為之人，在合同意思範圍以內，各自分擔犯罪行為之一部，並相互利用他人之行為，以達其犯罪之目的者。例如小明與小王協議一起偷老師的財物，並決定由小明把風，小王到老師辦公室行竊，而各自分擔犯罪行為之一部分是。,M             
法人,法律上具有法人資格的法人團體，它們就像自然人一樣享有法律上的權利與義務，可以發起或接受訴訟等。法人能夠以政府、法定機構、公司等形式出現，但不可以個人（自然人）的形式出現，即法人必須是組織,M             
妨害投票秘密罪,刑法第148條處罰「於無記名之投票，刺探票載之內容」，其立法目的乃因依法令所舉辦之政治上選舉、罷免等投票開票之前，有關投票之內容具有秘密性，若予以刺探（例如於他人投票時，窺視其投票內容），有害投票之公平、正確及安全性，故立法予以保障。,M             
洵有未洽,實有不妥。,A             
刑懲並行,公務員懲戒委員會對於懲戒案件，認為被付懲戒人同時有犯罪嫌疑時，應將其移送該管法院檢察機關，但是同一行為的懲戒程序不因在刑事偵查或審判程序而停止，因此，懲戒程序及刑事訴訟，原則上可同時進行。,A             
旋轉門條款,旋轉門條款就是公務員離職後的利益迴避條款，其目的是為防止公務員利用在職期間的職權或機會，累積離職後轉業的不當優勢或人脈，甚或為牟離職後獲得高職厚薪，而於在職期間不當行使公權力。因此公務員服務法第14條之1規定：「公務員於其離職後3年內，不得擔任與其離職前5年內之職務直接相關之營利事業之董事、監察人、經理、執行業務之股東或顧問。」禁止公務員離職後，從事與原任職務具密切關係的行為。且依同法第22條之1規定，離職公務員違反上開規定者，最高可處2年有期徒刑，得併科新臺幣100萬元以下罰金，另可沒收其所得利益。,A             
終止收養,收養終止是指終止養父母與養子女之關係。收養終止之情形有：合意終止、判決終止、聲請法院許可終止。,F             
同一之訴,指訴訟的當事人、訴訟標的(原因事實法律關係)相同，且訴之聲明相同、相反或可以代用之情形。,V             
確定期日,最高限額抵押權，是指債務人或第三人提供其不動產為擔保，就債權人對債務人一定範圍內的不特定債權，在最高限額內設定的抵押權。最高限額抵押權設定時，未必會有債權存在，但於實行抵押權時，則必須就抵押權所擔保的債權予以確定，才能決定優先受償的範圍。因此，有定「確定期日」的必要，亦即抵押權人與抵押人在設定最高限額抵押權時，可約定所擔保債權應確定的期日，以確定擔保物所擔保的債權範圍。,V             
非供述證據,"非供述證據就是指沒有經過人的知覺、認識、回憶、講述等表現而存在的證據。因此非供述證據不涉及人的陳述，當然也就不會受到人的知覺、記憶、動機、表達等不可靠的主觀因素所影響，最典型的非供述證據就是「物證」，例如兇刀、血衣。
非供述證據是否能被法官所採用，作為審判依據，必須以「證據排除法則」作為判斷準則，也就是說，如果合法取得物證，法官是可以作為證據使用的。但另一方面，如果物證是源自於違法蒐集得到的，「原則上」必須將這個加以排除，不可作為審判依據。
舉例來說，違法搜索所得之證物等，原則上沒有證據能力。但這時法官可以權衡真實發現的目的與公共利益的維護以及違法取證的嚴重程度，來綜合判斷證據是否可以在審判中採用。例如，針對涉嫌施用海洛因的犯罪取證，若警察違法強制驗尿或強制抽血這兩種不同手段時，雖然兩者都是違法的取證方法，法官在判斷所取得尿液或血液的證據能力時，可能有不同考量。在強制驗尿的情況，由於這種違法取證的手段對人體沒有侵入性，侵害程度相對輕微，經法官權衡後可能會採用該證據。但是在強制抽血的情況，因為強制抽血會直接侵入人體，侵害程度較強制驗尿嚴重，原則上法官會考量，如果這個證據只是要證明相對較輕的犯罪，而排除將該血液作為證據。",M             
司法警察,司法警察是負責輔助檢察官偵查犯罪的人員，包括警察、憲兵、依法令關於特定事項，得行使司法警察職權的人。,M             
限制加重原則,數罪併罰時量刑的準則之一，例如刑法第51條第5款規定：「宣告多數有期徒刑者，於各刑中之最長期以上，各刑合併之刑期以下，定其刑期。但不得逾三十年。」亦即有期徒刑併罰之刑期，須受各罪合併刑期總和或法定絕對上限之限制。,M             
殺人未遂,殺人未遂罪係以行為人基於殺人之犯意，並已著手於殺人行為之實行，只是最後並未發生死亡結果為要件。有無殺人故意，須綜合審酌被害人之受傷程度，及行為人有無持兇器、兇器種類、下手輕重及加害部位等一切情形。另如其行為未達著手之程度，則僅犯預備殺人罪。,M             
於茲不贅,在此就不再重複說明。,G             
裁判書,法院所為對外發生法律效力的決定，包括判決及裁定，統稱為裁判書。,G             
不作為,指行為人負有實施某種行為的特定義務，能夠履行而不履行。例如：救生員坐視泳客溺水，而不施予救援。,M             
益徵,更加能證明,V             
無故入侵他人電腦設備罪,指刑法第358條「無故輸入他人帳號密碼、破解使用電腦之保護措施或利用電腦系統之漏洞，而入侵他人之電腦或其相關設備」的犯罪。該罪可處3年以下有期徒刑、拘役或科或併科30萬元以下罰金。,M             
參審制度,參審制是指由職業法官與一般國民組成的參審員共同進行審理、評議的審判制度。在刑事訴訟的參審審理下，參審員全程參與訴訟程序，與法官共同討論、一起表決後，決定被告是否有罪、如果有罪後應判處何種刑罰。參審制主要施行於歐陸法系國家，例如德國、法國等。,M             
緩刑期間付保護管束,指受保護管束人於緩刑期間，接受檢察官調查、監督及告知應遵守事項後，至觀護人處報到接受保護管束及定期回報。受管護管束人不遵守被告知事項時，觀護人得予告誡，或報請檢察官為適當之處理，必要時得限制其自由。且受保護管束人不得任意出國或遷移住居所（需經檢察官核准），另該受保護管束人之生活行動及交往之人，均會被關注。,M             
應堪,可以,G             
實質課稅原則,"稅捐稽徵機關認定課徵租稅的構成要件事實時，應該用實質經濟事實關係及其所生實質經濟利益的歸屬與享有為依據，不能單憑事物表面判定，而應該以實質上的經濟事實以及納稅人所得的實質經濟利益判斷。
例如：甲乙之間雖然簽訂1份「買賣契約」，但不應該只依契約名稱就認定為「買賣關係」，而應該依據整體事實關係，實質上去判斷究竟是買賣關係、贈與關係或是其他原因關係，才能依據它去認定是否有應該課徵的稅捐。",A             
尚非無議,還有疑問。,A             
不可抗力,乃外界的客觀力量，而非人力所能抵抗之事實，如天災、戰禍等。,M             
106年度家訴字第831號,法院的案件，都會按年度，依案件的性質及收案的順序來編定字別及流水號。例如「106年度家訴字第831號」，指的就是法院在民國106年所收到的第831件家事訴訟案件。,F             
尚非謂不能,應該可以認為。,A             
解釋性行政規則,行政規則，是指上級機關對下級機關，或長官對屬官，依法定的權限或職權，為規範機關內部秩序及運作，所訂定非直接對外發生法規範效力的一般、抽象性規定。解釋性行政規則是其中一種，是為了協助下級機關或屬官統一解釋法令、認定事實，而訂定的解釋性規定（請參考行政程序法第159條第1項、第2項第2款規定）。,A             
優勢證據,某種證據，如果能證明某個事實發生的可能性大於不發生，就達到優勢證據證明的程度。,F             
微罪不舉,指檢察官依其偵查所得之證據，認為被告有犯罪嫌疑，並具備訴訟條件及處罰條件，但情節輕微，顯然可以憫恕，則檢察官可認為不起訴更適當，而做出不起訴處分。(刑事訴訟法第253條規定：第376條所規定之案件，檢察官參酌刑法第57條所列事項，認為以不起訴為適當者，得為不起訴之處分。),M             
強制執行,國家機關對於不履行義務的義務人，用公權力以強制的手段使義務人履行義務，或產生與履行義務相同的事實狀態的1種強制執行制度。於行政法上的強制執行，包含規定於行政訴訟法第8編的強制執行，及規定於行政執行法的行政執行（包括「公法上金錢給付義務之強制執行」、「行為或不行為義務之強制執行」及「即時強制」）。,A             
擴張聲明,指原告在相同之訴訟標的範圍內，就訴之聲明為數量上或質量上之擴張。數量上的擴張，例如：原告將請求之金額由100萬元擴張為200萬元；質量上之擴張，例如：原告依所有權之法律關係，請求確認其對A地之所有權存在，嗣擴張為請求被告返還A地。,V             
形式證據力,"文書係由制作名義人作成。原則上公文書推定具有形式證據力，亦即否認公文書為真正者，應提出反證推翻其真正（民事訴訟法第355條）， 至於私文書則應由擧證人證明其為真正（民事訴訟法第357條）。然而，文書具有形式證據力，未必有實質上證據力（指文書所記載之內容，有證明應證事實之價值，足供法院作為判斷的依據），是否具有實質證據力，仍應由法院根據個案事實和經驗法則，依自由心證判斷之。
",V             
被告,訴訟中，原告起訴的對象，就是被告。,F             
幽靈抗辯,幽靈抗辯，是指被告在刑事訴訟中針對檢察官的有罪指控，故意將犯罪行為推卸給已死亡的人，或是捏造實際上不存在的人，使法院無從讓被告與該死亡或不存在的人對質，難以查證被告辯解的真實性，企圖藉此達到減輕或者免除刑事責任的抗辯手段。,"A,M           "
留置送達,文書送達的一種方法。留置送達是指法院將應送達的文書送達給應受送達人，但應受送達人因無法律上的理由拒絕收領，故法院將該文書留置於應受送達人的送達處所，作為已經送達（民事訴訟法第139條）。所謂應受送達人拒絕收領，包括其指定的送達代收人及同居人或受僱人拒絕收領的情形在內；至所謂無法律上理由拒絕收領，僅指該文書的送達程序無拒絕收領的法律上理由而言，例如：未經許可於夜間為送達，或並非應受送達人的同居人或受僱人，而對其送達等情形，皆屬送達程序本身的法律上理由，縱使經拒絕收領，亦不得留置送達。,V             
得併科,即所犯之罪除處罰金以外之主刑外，還可同時合併科處罰金。,M             
混合契約,在法律上有加以規定其名稱的契約稱為「有名契約」或「典型契約」（例如：民法債編第二章各種之債中規定的買賣、互易、交互計算等契約、保險法所規定的保險契約）。混合契約則係指同時具有二種以上典型契約性質的單一債權契約（例如：在某些合建契約，可能同時包含買賣與承攬二種契約性質，即為買賣與承攬之混合契約）。,V             
犯罪的消極要件,"1.具備阻卻違法事由；例如正當防衛、緊急避難、業務上正當行為、依法令之行為（參照：正當防衛、緊急避難、依法令之行為）
2.欠缺責任能力；犯罪人必須具有完全或部份責任能力（參照：責任能力）
3.欠缺違法性意識的可能性；犯罪人必須認知自己的行為是刑法所不容許的（參照：違法性意識）
4.具備其他法律未規定，但目前普遍認定可阻卻違法之事由。（參照：被害人承諾）",M             
誤想防衛,"解釋一：指行為人誤以為自己即將遭受到不法侵害，因此為了保護自己而向實際上沒有侵害意思的對方發動反擊，但是實際上行為人並沒有遭受到不法侵害。
解釋二：某人根本沒有要攻擊對方的意思，但他的動作讓對方誤以為是要攻擊，也因此採取了防衛手段來反擊，這種情況一般稱為誤想防衛。也就是說，當下並沒有侵害者存在，而防衛者誤以為侵害者對自己不利，因此採取正當防衛。依據大部分的實務與學說見解，誤想防衛並不算是刑法所稱的正當防衛，因此防衛者不能主張阻卻違法，只是將反擊行為論以過失犯的刑事責任。不過這種見解如果遇到沒有處罰過失犯的犯罪類型（例如性自主犯罪、財產犯罪等），就會出現可罰性的漏洞，也因此最高法院近期作成新的判決，認為「在重大利益侵害的誤想防衛案例中，仍然應以故意犯罪來論斷，不過是可以減刑的」。
例如，阿雄誤以為阿虎要殺他，因為出於自我防衛意思而「先」拔槍射殺阿虎。又例如，陳小姐以為公車乘客要對她性騷擾，而對乘客施以肘擊。",M             
單獨犯,單獨犯是指實行犯罪的行為人只有1人。於刑法上，將實行犯罪的行為人稱為「正犯」，如果只有一名正犯，就稱為「單獨犯」或「單獨正犯」；與此相對的，有2人以上共同實行犯罪的情形，則是「共同正犯」。,M             
不堪同居之虐待,夫妻之一方對他方施以肉體上或精神上的虐待，已經達到讓他方無法忍受再住在一起的情形。具體事件，由法院依據當事人主張的事實，依照證據來認定。,F             
引渡,指一國將在其內國(境內)遭他國追捕、通緝或者判刑之人，依據該他國的請求，移交給請求國審判或服刑(處罰)。前者稱之為「追訴引渡」，後者稱之為「執行引渡」。,M             
迄,到、至,G             
三段論法,"三段論法，是指確認適用之法律（大前提），再斟酌辯論意旨及調查證據，依自由心證認定個案事實（小前提），進而將個案事實涵攝於法律規範，最終產生法律效果（結論）。例如：第一段:刑法傷害罪規定傷害人之身體或健康者，處三年以下有期徒刑、拘役或一千元以下罰金。第二段:某甲用刀揮向某乙，導致某乙右手臂受有切割傷。第三段:因此某甲應論以傷害罪,應處三年以下有期徒刑、拘役或一千元以下罰金。",M             
不付保護處分,少年保護事件經少年法院調查後，如認有審理必要，就會裁定開始審理，審理結果，可能會裁定保護處分（如交付保護管束、感化教育），或移送檢察官處理，但如少年法庭認為不應或不宜付保護處分，例如少年沒有曝險或違法行為或情節輕微，應裁定諭知不付保護處分。,"A,M           "
不得謂非,應認,G             
無故刪除電磁紀錄罪,所謂的電磁紀錄，是指以電子、磁性、光學或其他相類的方式所製成，而可以供電腦處理的紀錄（刑法第10條第6款）。無故刪除電磁紀錄罪，規定於刑法第359條，是指無正當理由且故意刪除電磁紀錄，並因而導致公眾或他人產生損害。,M             
可按,可以證明、可以查證、足以佐證、足以證明,G             
姓名表示權,著作人有權要求利用其著作之人於著作原件或其重製物上，或於著作公開發表時，在著作上或以其他適當方式，表示著作人本名、別名、稱號、筆名，或者不具名。此權利不僅對原著作有適用，亦及於依原著作所改作的衍生著作。例如：將小說改編成電影時，需要註明原小說作者的姓名，否則可能侵害小說作者的姓名表示權（著作權法第16條）。,A             
解除占有,解除占有為法院強制執行的一種方法，依強制執行法第124條第1項規定，執行名義是命債務人交出不動產而不交出者，執行法院得解除債務人的占有，使歸債權人占有。亦即解除債務人對該不動產的實際控制與管領力，而轉由債權人取得並行使。故若行政法院的判決是命債務人交出不動產，經判決確定後，債務人仍拒不交出時，債權人可以該判決為執行名義，向地方法院行政訴訟庭聲請強制執行，並依行政訴訟法第306條第2項準用上述強制執行法的規定，來解除債務人的占有。,A             
減縮聲明,指原告在相同之訴訟標的範圍內，就訴之聲明為數量上或質量上之減縮。數量上的減縮，例如：將請求之金額由200萬元減縮為100萬元；質量上之減縮，例如：原告依所有權之法律關係請求被告返還A地，嗣後減縮為僅請求確認原告就A地之所有權存在。,V             
本票,由發票人簽發一定之金額，於指定之到期日，由自己無條件支付與受款人或執票人的一種票據（票據法第3條） 。,V             
分離審判程序,法院審理刑事案件的時候，如果被告有二位以上，法院先後對不同被告進行審判，而沒有一次對全部被告進行審判，稱為分離審判程序。,M             
迥不相侔,大不相同、迥然不同、截然不同。,A             
強制罪,以強暴、脅迫使人行無義務之事或妨害人行使權利者，構成強制罪。,M             
睽諸,應當是「揆諸」才對。請參見「揆諸」的說明。,F             
損失賠償,指被害人可以向加害人請求賠償損失的權利。,F             
附負擔之行政處分,行政機關基於行政目的的考量，在作成行政處分時，可以就其效力或內容加以限制。所謂附負擔之行政處分，是指行政機關在授益行政處分（請參授益行政處分的法律名詞解釋）作成時，對行政處分的相對人附加作為、不作為或忍受的義務（行政程序法第93條第2項第3款參照）。例如：准許外國人居留，但附加不得在我國就業的限制。,A             
行為支配理論,係指行為人以自己的行為支配犯罪之過程。例如小明是竊盜集團的老大，該集團的竊盜行動是由小明計畫、指揮，則小明對於竊盜行動有終止或執行的支配能力。,M             
預斷,預先斷定。例如：法官在還沒有開庭前，只看了檢察官移送的卷證，就已經認為被告有罪的情形。,M             
假釋,是一種附條件提前釋放受刑人的行刑措施及寬恕制度。例如，因犯罪而受2年徒刑宣告的被告，入監執行後，因在獄中已知悛悔，表現良好，而於執行1年後即提前釋放。但在釋放後至刑期期滿前為止，需定期向地檢署觀護人報到進行保護管束，以監督其是否有遵守相關規定，如有違反規定，則會被撤銷假釋再入監服刑至期滿為止。,M             
通常保護令,"請參考「民事保護令」的解釋。「通常保護令」的有效期間為2年以下，自核發時起生效。
",F             
司法行政,憲法第80條規定︰「法官須超出黨派以外，依據法律獨立審判，不受任何干涉。」為了維護審判獨立及提升裁判品質，就此所進行的規劃、管理及監督事務，即為司法行政。對於未涉及法官身分及其應有權益的人事行政行為，於不違反審判獨立原則範圍內，得以司法行政監督權而為合理的措置。法院組織法第15條、第16條等規定庭長監督各該庭 (處) 事務，即指庭長為審判順利進行得為必要的輔助性司法行政事務（司法院釋字第539號解釋文參照）。,"M,A           "
委無可採,不可採信的意思。,F             
先決法律關係,某一法律關係存否，必須等到另一法律關係調查釐清後才能判斷時，該另一法律關係就是先決法律關係。例如：必須有婚姻關係存在，才會發生離婚的問題，因此如果在離婚訴訟中，若當事人爭執婚姻關係不存在，法官必須先調查有無婚姻關係存在，並經確認有婚姻關係存在，才能進一步進行離婚有無理由的調查， 此時「婚姻關係是否存在」就是離婚的先決法律關係。,V             
職權調查原則, 行政程序上所謂職權調查原則，乃指行政機關有義務依職權調查事實真相，而不受當事人陳述之拘束。職權調查原則認為法院對於涉及裁判之重要事實關係，得自行確定不受當事人聲明或主張之拘束，縱使當事人未提供之訴訟資料，法院也可依職權取得。比如行政訴訟法第125條第1項規定行政法院應依職權調查事實關係，不受當事人主張之拘束。,A             
以昭炯戒,以作為明顯的警惕,G             
預告登記,"請求權人為了阻止土地登記名義人妨害權利，檢附登記名義人的同意書和印鑑證明，向該管登記機關申請限制登記名義人處分土地權利的登記。
例如：甲向乙買1筆土地，但是這筆土地上面還有設定抵押權，為了保障甲的權利，甲乙雙方約定，先辦理「預告登記」，等乙塗銷抵押權後，才能塗銷預告登記，這樣能防止乙偷偷把土地賣給別人。",A             
槍砲罪,是處罰未經中央主管機關許可，而製造、販賣、運輸、轉讓、出租、出借、持有、寄藏或陳列各式槍砲的行為。所稱槍砲指火砲、肩射武器、機關槍、衝鋒槍、卡柄槍、自動步槍、普通步槍、手槍等各式槍砲。,M             
言詞審理原則,言詞審理原則是指法院審判之訴訟行為，必須以言詞的方式進行，在法庭上提出之證據資料，必須通過言詞的方式調查，未經過言詞辯論之程序不得為判決。,M             
具保,刑事訴訟中的用語。即被告繳納保證金到法院或地檢署，以擔保自己不會逃亡。如果逃亡的話，保證金就會被沒入。,F             
戲謔仿作,戲謔仿作是基於對言論、表達自由的尊重，而允許以詼諧幽默的表現方式模仿他人的著作，使模仿結果與他人著作間產生些微差距，藉以達成詼諧、嘲弄或諷刺等娛樂性效果。不過，戲謔仿作必須具有文化上的貢獻或社會價值，才有犧牲著作權保護的必要性，如果只是屬於商業上搭便車的行銷行為，仍會構成侵害著作權。,M             
調查程序,言詞辯論、準備程序以外，法院為探究案件之相關事項而開庭的程序。,G             
105年度家護字第327號,法院的案件，都會依照收案年度、案件類型及收案順序來編定不同的字別及流水號，例如「105年度家護字第327號」是指法院在民國105年收到的第327件通常保護令案件。,F             
送達代收人,當事人或代理人在法院程序中所指定收受法院文書的人。,F             
不付審理,少年事件移送少年法庭，法官會先查明是否真有其事？如果認為少年並沒有做移送書記載的行為，或是認為少年的行為情節輕微，不需要進入審理程序，法官就會裁定「不付審理」。,Y             
藏匿人犯罪,指藏匿犯人或依法逮捕、拘禁之脫逃人或使之隱避（指藏匿以外其他使人犯隱蔽逃避之方法）者而言（刑法第164條）。其立法目的，在於該行為妨害國家偵查、審判權之行使而設處罰規定；此所謂「犯人」，指凡觸犯刑罰法規所規定之罪名之人均屬之，不以所犯之罪已經發覺、起訴或法院判處罪刑為限。,M             
系爭處所,案件所涉及或爭執的處所。這個處所。,A             
公信原則,物權實際的變動狀態，與該物權依公示方法（例如：不動產登記）所顯示的物權變動狀態不一致，而有人因信賴公示方法顯示的物權狀態而進行交易行為時，法律仍承認該交易行為具有與公示的物權狀態相同的法律效果，以保護信賴公示方法的人。例如：甲以偽造文書的方式將乙名下的A地移轉至其名下，再將A地出賣並移轉給信賴土地登記的丙時，法律上應優先保護信賴公示方法的丙。,V             
國家刑罰權,國家刑罰權是指國家對於違反刑罰法規的人民，施加刑罰制裁，國家刑罰權的實現，惟有依照刑事訴訟法所定的法定程序始得為之。,M             
戒癮治療,指被告因為物質濫用(例如施用毒品成癮，或酗酒成癮)而有再行犯罪的可能性時，檢察官可以在偵查中給予被告緩起訴處分、法官則是可以在審判中宣告被告緩刑的時候，附帶命令被告應該完成去除毒癮或酒癮的相關治療措施。,M             
體系解釋,適用法律發生疑義時，必須先加以解釋，體系解釋是其中一種法律解釋的方法，也就是解釋個別的法律條文時，必須注意它在法體系中的地位和關聯。,G             
危險前行為,刑法第15條第2項：「因自己行為致有發生犯罪結果之危險者，負防止其發生之義務。」例如：某人設置電網防盜，卻放任電門損壞不修，導致鄰人誤觸身亡。因其設置電網足生觸電危險，屬危險前行為，本應負防止危險發生之義務，卻有所懈怠，難辭過失致死罪責。,M             
厥,連接詞，表示「就是」、「於是」、「才」的意思。,G             
特別法院,特別法院是相對於通常法院的概念，非依憲法第77條及第82條規定，但仍屬國會以立法設置的法院，例如海上捕獲法庭審判條例設置初級與高級海上捕獲法庭，法庭成員得以法官以外之人如軍官或外交官擔任，與普通法院的組織設置有所不同。,M             
存證信函,各類國內掛號信函交郵局寄送時，以內容完全相同的副本留存郵局，以作為證據之用，稱為存證信函。關於存證信函格式、使用說明、申請書之檔案下載，請參考http://www.post.gov.tw/post/internet/Download/index.jsp?ID=220301,V             
率爾,輕易。,A             
特別拍賣程序,指債權人聲請執行之不動產等經3次拍賣仍未拍定，債權人不願承受或依法不得承受該不動產者，執行法院應於第2次減價拍賣期日終結後10日內公告願買受該不動產者，得於公告之日起3個月內依原訂拍賣條件為應買之表示（強制執行法第95條第1項）。,V             
自然的行為單數,指行為人出於單一意思決定，實施外觀上可分割為數個部分行動之犯罪行為，此數個部分行動在時空上存有緊密關係，與接續犯、構成要件之行為單數及自然意義之一行為同屬刑法第55條所稱之一行為。例如行為人於密接時間在同處竊取不同人所有機車車牌各1面。,M             
稽其所為,考核他的行為。,G             
累進稅率,"累進稅率是隨稅基的增加而按其級距提高的稅率。累進稅率的選定，是把稅基的數額先劃分等級，再就不同等級規定其應適用的稅率。我國所得稅法規定的綜合所得稅就是採累進稅率，依據財政部的公告，110年度綜合所得淨額於新臺幣（下同）0元至540,000元間稅率為5%，於540,001元至1,210,000元間稅率為12%，於1,210,001元至2,420,000元間為20%，於2,420,001元至4,530,000元間為30%，於4,530,001元以上者為40%。",A             
遺產分割,遺產的分配,G             
防禦權,對應於檢察官的公訴權，即為被告的防禦權，故防禦權乃是被告為防禦檢察官所為之訴訟攻擊，以避免受有不利之判決，而得在法律上為諸多訴訟行為的權利，並以公訴無理由(即無罪判決)此一最終目的為其防禦的作用。例如對質詰問證人的權利、選任辯護人的權利等。,M             
區分所有權人會議,公寓大廈的區分所有權人（區分所有是指數人區分一建築物而各有一部分），為共同事務及涉及權利義務的有關事項，召集全體區分所有權人所舉行的會議(公寓大廈管理條例第3條第7款)。,V             
爭點整理,當事人提出的爭執可能有很多，很雜亂。法官把這些雜亂無章的爭執，整理成有條有理的爭點，以便於雙方的攻防能夠聚焦。這個過程就叫做「爭點整理」。,F             
詎,豈知,G             
顯失公平,"「極為不公平」的意思，法律對於特定事項有顯失公平的情況，經常訂有一定的平衡機制，以維持公平合理的法律秩序。
例如：甲與乙機關雙方簽訂行政契約後，本來雙方都應該依照契約來履行，但日後發生突發狀況，情事有重大變更，是訂立契約當時沒辦法預料得到的情形，如果要求履行原來的契約顯失公平，當事人的一方可以請求他方適當調整契約內容（行政程序法第147條）。",A             
自始主觀不能,"「自始不能」的一種類型，是指標的物在債之關係成立時，因債務人個人因素致不能實現債務內容，但其他人仍可能履行該項債務。例如：甲將乙所有的A物出賣予丙，由於在甲、丙訂定買賣契約時，A物就不是甲所有，所以甲無法將A物交付給丙，此即為「自始不能」；又甲雖然無法交付A物予丙，但乙仍可能交付，所以甲無法交付A物予丙，是屬於「自始主觀不能」。
",V             
強制戒治,自八十七年「毒品危害防制條例」實施後，政府便將施用第一、二級毒品者，認定為同時具有「病人」及「犯人」雙重性質的病犯，藉由強制其進入毒癮戒治所接受治療，以協助其戒除毒癮，稱為「強制戒治」。目前，對於初次施用第一、二級毒品者，如經檢察官聲請，法院會裁定令其入勒戒所進行二個月以內的觀察勒戒，勒戒後如仍有繼續施用毒品傾向，則會裁定令入戒治所接受六個月以上、未逾一年之強制戒治。,M             
106年度婚字第619號,請參考「106年度家訴字第831號」的解釋。,F             
一造辯論,除了可以不經言詞辯論而作出判決的案件之外，在刑事一、二審法院，案件原則上均是採言詞辯論方式進行審理，也就是法院會通知或傳喚雙方當事人，在指定的審理期日到法院進行審判、辯論，並於辯論終結後擇期宣判。但刑事訴訟法規定，在下列的情況下，法院可以作出一造辯論判決(或稱一造缺席判決):(一)心神喪失或因疾病不能到庭的被告，顯有應諭知無罪或免刑判決的情形者；(二)被告到庭後拒絕陳述或沒有經過審判長許可就自行離開法庭者；(三)法院認為應科拘役、罰金或應諭知免刑或無罪之案件，被告經合法傳喚無正當理由不到庭者；(四)經上訴二審的案件，被告經合法傳喚，無正當理由不到庭者。另外，第三審法院雖然是法律審，原則上不行言詞辯論程序，但如果法院認為有言詞辯論的必要，也可以開庭辯論，如果被告或自訴人於審判期日沒有代理人、辯護人到庭者，法院應於檢察官或他造當事人的代理人、辯護人陳述後，即行判決，這也是屬於一造辯論判決。,M             
再行辯論,當被告、辯護人辯論完畢後，檢察官就被告、辯護人剛剛辯論的內容，認為還有補充說明的地方，可以請求再行論告。同樣的，被告、辯護人也可以再就檢察官再行論告的內容，進行辯論。也就是雙方透過反覆辯論的程序，讓法院形成對自己有利的心證。,M             
訓示期間,訓示期間係為監督公務員執行職務而設，如宣示判決期間（刑訴 311）、交付裁判書原本期間（刑訴 226），其遲誤僅生廢弛職務之行政懲戒問題而已，不生違法問題；也有就訴訟關係人為訴訟行為而設，如提出答辯書期間（刑訴 383）、添具意見書期間（刑訴 385），即使遲誤也不生失權效果。 ,M             
反常因果歷程,行為人具體行為與結果之間，產生了不尋常、一般生活經驗無法預料發生的歷史過程（例如甲對乙開槍，乙於送醫途中因車禍掉到橋下溺死）。,M             
實體裁判,法院審理案件時，必須先檢視形式訴訟要件是否都具備，當案件於形式訴訟要件均已具備時，法院才能以案件實質的內容及法律關係予以審判，此時所作出的裁判就是實體裁判。相對的，若案件的形式訴訟要件有所欠缺，例如欠缺審判權、告訴乃論之罪未經告訴等，法院就不能檢視案件的實質的內容及法律關係，僅能以欠缺訴訟要件的理由作出裁判，因此這個裁判就不屬於實體裁判。,M             
另案扣押,"解釋一：實施搜索或扣案時，對於發現本案以外之刑事案件證物或可得沒收之物，執行人員自不能視而不見。此時，只要該物存有另案犯罪之合理根據為應扣押物者，亦得扣押之。例如搜索販毒者住所時，另外發現槍枝，該槍枝雖非本案涉嫌毒品危害防制條例之應扣押物，但如係違禁物而有違反槍砲彈藥管制條例之犯罪嫌疑時，亦應扣押是。
解釋二：法律並未禁止在執行搜索時，發現與其他犯罪相關證據或得沒收之物品時，可以將這些物品加以扣押，這種情形就是「另案扣押」。不過，另案扣押必須事後陳報法院，由法院就個案具體情節審查合法性。
例如，被告因涉嫌販毒，警員持法院核發的搜索票搜索被告住所地，進入屋內執行搜索時，意外發現有槍枝，雖然不是毒品案（本案）應該扣押的物品，但持有槍枝本身構成其他犯罪，存在有「另案」的犯罪證據，因此，警員可以對槍枝進行「另案扣押」。",M             
散播,散播，指將訊息散布、傳播給眾人的行為。舉例而言，食品安全與否乃涉及民生議題的重要資訊，其正確性與民眾生活息息相關，如果行為人將有關食品安全的謠言或不實訊息，故意甚至是惡意地藉由媒體、網路或以其他使公眾得知的方法，傳播或散布於眾，引人陷入錯誤，除影響交易價格及業者營業信譽外，並引起民眾恐慌，進而危害公眾安全，就符合食品安全衛生管理法第46條之1規定「散播有關食品安全之謠言或不實訊息，足生損害公眾或他人」的要件，會受到刑事處罰。,"V,A           "
違法性意識,"解釋一：被告知道自己的行為是犯罪、要被處罰，但是不用到知道自己是犯刑法哪一條罪的程度。例如：A毆打B，造成B受傷的結果，A知道毆打B是犯罪行為，也知道會被處罰，但是不需要知道自己的行為是成立傷害罪或是重傷罪。
解釋二：除了事實層面的主觀想法之外，要成立犯罪，犯罪人還必須了解或至少有能力了解他的行為違反法律，這種主觀認知的對象，不是這個犯罪事實本身，而是這個行為是否違法，這種對於行為是否違法的認知，一般稱之為違法性意識，也有人稱為不法意識，不論採取那一個名稱，犯罪者主觀上一定要認知或可能到認知「行為違反法律」，否則不能成立犯罪。違法性意識並未要求每個人必須明確知道自己行為違法，即使行為人不知道自己的行為違反法律，但若透過查詢就能知道自己行為違法，仍然可以肯定犯罪人有違法性意識，可以成立犯罪，只不過因為這種情況的犯罪人沒那麼壞，所以得減輕處罰。
例如，美國人甲到台灣旅行拜訪朋友，在夜店認識美麗人妻乙，乙告知甲已婚，但甲認為台灣崇尚自由，應該不會處罰婚姻外的性行為，故仍與乙發生性行為，事後乙向丈夫丙道歉，丙依法提出告訴。由於我國刑法典中仍有通姦罪，甲與已婚的乙發生性行為，且甲明知其事，有明確的性交故意，甲已經構成通姦罪的法定要件，本案的問題在於：甲以為自己的行為合法，甲明顯欠缺完整的違法性意識，不過，若甲有台灣朋友可以詢問，也可以上網或利用其他管道查詢的話，則可以認為甲雖不知行為違法，但仍然有可能知悉通姦行為違法。",M             
"詐術性交罪
",為刑法之罪名，規定於刑法第229條「以詐術使男女誤信為自己配偶，而聽從其為性交者，處三年以上十年以下有期徒刑。」,M             
行政先例,行政機關長期針對事物本質相同的事件為相同之處理，所形成之行政慣例。有認為基於「平等原則」及「行政自我拘束原則」，行政機關之行政行為應受行政先例之拘束。,A             
基本構成要件,針對犯罪行為之基本型態而規定之構成要件。可分為客觀及主觀的構成要件，在罪刑法定原則之下，行為人之行為在客觀上符合刑法所規定的犯罪客觀構成要件，其行為與結果之間存在因果關係，在主觀上也符合刑法所規定的主觀構成要件（犯罪之故意或過失，刑法第12條），則可以認定該行為構成要件該當。舉例而言，過失致人於死罪之犯罪客觀構成要件為致人於死，主觀構成要件為過失，則某甲因過失致人於死則符合過失致死罪之構成要件，具有構成要件該當性。,M             
上訴利益,上訴乃是對判決不服而請求予以救濟的制度，因此，上訴所主張的內容非有利益不可，上訴限於有上訴利益的情形，才能夠允許。例如，被告經一審判決有罪，其上訴二審請求撤銷改判無罪，就是屬於有上訴利益的情形。反之，如果一審判處罰金，卻上訴請求判處有期徒刑，則無上訴利益。然而，檢察官是公益代表人，具有要求法院正確適用法律的職責，如果原判決確有違法或不當，就可以上訴請求糾正，此時不問上訴是否有利於被告，均得為之。,M             
投標,凡招辦建築工程或買賣大宗貨品，先將圖案、材料、貨樣、說明等，公告於眾。凡是願意承攬者，可按公告情況，估計價目，填具標單，稱為「投標」。,A             
陳報債權,提出債權資料的意思。,F             
兩公約,兩公約是指「公民與政治權利國際公約」及「經濟社會文化權利國際公約」的簡稱。依《公民與政治權利國際公約及經濟社會文化權利國際公約施行法》第二條之規定，兩公約所揭示保障人權之規定，具有國內法律之效力；適用兩公約規定，應參照其立法意旨及兩公約人權事務委員會之解釋。,M             
尚難謂無疑,有疑問的意思。,F             
拘束,"限制
",F             
商標評定,商標評定，指具有法律上利害關係的人或審查人員，對於已經核准註冊的商標，認為該商標有商標法規定不得註冊的情形，可以在商標註冊公告日後五年內，由利害關係人申請或審查人員提請經濟部智慧財產局撤銷該商標註冊，以保障商標權及消費者權益。,A             
合夥契約,二人以上互約出資以經營共同事業的契約（民法第667條）。實務上常見的合夥契約類型包括：工作合夥（如：共同著作）、合建合夥（如：一方出資，一方提供土地）、自由業合夥（如：以合夥型態成立的會計師事務所、律師事務所等）。,V             
輔助人,自然人如因精神障礙或其他心智缺陷，致其為意思表示或受意思表示，或辨識其所為意思表示效果的能力，顯有不足者，具有特定資格的人，可向法院聲請對該自然人為輔助的宣告（民法第15條之1規定參照）。法院為輔助宣告時，會同時選任輔助人。受輔助宣告之人於為重大法律行為時，應經輔助人的同意，以保護其權益（民法第15條之2規定參照）。,"A,V           "
尚有未洽,確實還有不恰當的地方。,A             
主客觀混合理論,「未遂犯」的成立，必須行為人已基於犯罪意思著手實行犯罪。我國一般見解採「主客觀混合理論」，也就是行為人認識到他只要做某個與犯罪實現具有密切關聯的行為，就可以實現犯罪，而仍然做了這個行為，因為行為已造成直接危險，所以認為已達著手程度。,M             
資遣費,雇主或勞工依法在一定要件下（如：歇業、勞工對於所擔任之工作確不能勝任時......等）終止勞動契約時，雇主應發給勞工的補償金。,V             
公眾通行權,私人土地在一定要件下，必須提供不特定公眾通行使用，此時公眾對該土地即有公眾通行權。,V             
承攬契約,當事人約定，一方為他方完成一定工作，他方等工作完成，應支付報酬的契約（民法第490條第1項）。例如：甲向乙承包室內裝潢工程，約定裝潢完成，乙應給付100萬元報酬，甲與乙間就是成立承攬契約。,V             
所有權移轉,指將物的所有權轉移給他人。如果是動產，除法律另有規定外，原則上必須交付占有才發生所有權移轉的效力。如果是不動產，而屬於因繼承、強制執行、徵收、法院判決或其他非因法律行為而取得所有權的情形，不必另外辦理所有移轉登記就可取得所有權；若是依法律行為（如：契約）而取得時，就必須向土地登記機關辦理不動產所有權移轉登記，才發生取得所有權的效力。,V             
惟若,但是如果。,F             
訴願決定及原處分含復查決定均撤銷,"人民對於稅捐機關的課稅處分，提起行政訴訟前，必須先經過復查及訴願程序，均無法獲得救濟時，始能提起行政訴訟。當行政法院認為原告起訴有理由時，會於判決主文欄中記載：
「訴願決定及原處分含復查決定均撤銷」，表示稅捐機關的課稅處分、復查決定及上級機關的訴願決定均不合法，應予撤銷，原告全部勝訴之意。
",A             
數罪併罰,因犯罪而被法院宣判數個罪刑的被告，於符合一定條件下，法院將數個罪刑合併成一個刑度予以處罰的決定。,M             
授權明確性原則,人民自由及權利之限制，應以法律為之，如以法律授權行政機關以命令為補充規定時，其授權之目的、內容及範圍應符合具體明確之原則。,A             
意定程式文書,法律沒有規定必須要記載事項的文書,M             
足徵,足以佐證、足以證明,V             
贈與稅,對於財產所有人以自己之財產無償給予他人而經他人允受的行為，課徵稅賦。依據遺產及贈與稅法之規定，課徵贈與稅之客體包含：凡經常居住中華民國境內之中華民國國民，就其在中華民國境內或境外之財產為贈與者；及經常居住中華民國境外之中華民國國民，及非中華民國國民，就其在中華民國境內之財產為贈與者。,A             
訊問筆錄,法院辦理非訟事件(含家事非訟事件)時，訊問關係人、證人或鑑定人時所製作之筆錄。,F             
公民不服從,任何人基於政治道德良心之動機，以促使法律、政府政策或社會弊端變更為目的，單獨或與他人共同所為公開、非暴力之有意識觸犯法律規範的行為，須基於公共利益之目的，且抗議對象係重大不義，抗議行為與對象有關聯性，為公開及非暴力行為，並符合比例原則。,M             
惡意搶註,相同或近似於他人先使用於同一或類似商品或服務之商標，而申請人因與該他人間具有契約、地緣、業務往來或其他關係，知悉他人商標存在，意圖仿襲而申請註冊之情形。依商標法第30條第1項第12款本文規定，商標有此情形不得註冊。,A             
過失既遂犯,相對於故意的既遂罪，過失既遂罪必須要有特別規定才能成立。此外，現行法並沒有處罰過失未遂行為罪。倘若過失犯沒有結果發生的時候，此時只能認定行為人無罪。,M             
公司重整,公司財務困難，暫停營業或有停業的危險，由公司或利害關係人聲請法院裁定准許並選任重整人，擬定重整計畫就公司進行以重建更生為目標的債務清理程序。,V             
公懲,常為「公務員懲戒」之簡稱。公務員之懲戒事項，屬司法權之範圍，現由公務員懲戒委員會審理。,A             
主觀預見可能性,預見可能性，是指過失犯判斷時，行為人必須能夠預見法益侵害的發生；也因為這個可能性存在，才得以期待行為人調整自己的行為，並避免結果發生。預見可能性的標準，包括以一般人為標準的客觀預見可能性，以及以行為人自身為標準的「主觀預見可能性」。,M             
法律效果,"由於符合一定法律要件，而發生一定法律上的結果或效果。
例如：甲故意開槍殺死乙，符合刑法第271條第1項殺人罪的要件，乙殺人行為的法律效果是負擔死刑、無期徒刑或10年以上有期徒刑的刑事責任。",A             
偵查,係指刑事案件，偵查機關為就公訴之提起、實行之準備，而以犯人之發現、確保以及證據之發現、蒐集、保全為內容之活動。,M             
住所地,依照民法第20條，住所之認定兼採主觀主義及客觀主義精神，即依一定事實，足認以久住之意思，住於一定之地域者，即為設定其住所於該地。相對此概念者，係居所地，此代表為某種特定目的而暫時居住的場所，居所地和住所地差別在於有無久住之意思。舉例而論，行政機關向人民請求返還公法上給付，應向人民住所地的法院起訴，如其住所地的法院不能行使職權，則向其居所地的法院起訴。若訴訟事實發生在人民居所地，也可向該居所地的法院起訴(參照行政訴訟法第14條第1項、第3項)。,G             
共同繼承人,繼承人有數人時，該數人即為共同繼承人，例如：甲男與乙女結婚，育有丙男及丁女，甲死亡後，乙、丙、丁即為甲之共同繼承人。而我國民法規定，繼承人有數人時，在分割遺產前，各繼承人對於遺產全部為公同共有，即各繼承人對於各個遺產無獨立應有部分，不得單獨處分個別的遺產。又遺產中的債權，屬於共同繼承人的準公同共有，被繼承人的債務人應向全體共同繼承人為清償，共同繼承人不得按個別的應繼分受清償或單獨受領。,F             
正義原則,正義原則包括自由與平等兩項次原則，係指每個人都能享有平等的自由權，以及在此環境中參與者都能得到公平的選擇機會。,M             
法定租賃權,指兩造當事人雖未合意成立租賃契約，但因符合法定要件，而當然成立租賃契約之情形。舉例而言：甲在自己所有的A土地上建了一棟B房屋，後來甲把A土地賣給乙，把B房屋賣給丙，並分別辦理所有權移轉登記。乙和丙之間雖然沒有針對A土地合意成立租賃契約，但因此種情況符合民法第425條之1第1項的要件，丙就可以主張在B房屋的使用期限內，丙和乙針對A土地有租賃關係。,V             
告發,任何人知道誰有犯罪嫌疑時，可以告知檢察官或司法警察官俾利進行犯罪偵辦。,M             
無罪推定原則,"解釋一：被告或犯罪嫌疑人在未受合法程序為確定有罪之前，應被推定為無罪之身。刑事訴訟法第154條第1項規定：「被告未經審判證明有罪確定前，推定其為無罪。」
解釋二：刑事訴訟法第154條第1項規定：「被告未經審判證明有罪確定前，推定其為無罪。」同法第301條規定：「不能證明被告犯罪或其行為不罰者，應諭知無罪之判決。」兩條合稱為無罪推定原則。本原則說明了被告在刑事訴訟中，享有一定法定權利，被告在被證明有罪之前，應該先被推定為無罪。而且在證明有罪之前，也不能被視為有罪來對待。
被告享有在公正無偏頗的公平法院下受審判的權利，最重要的就是避免法院對被告懷有成見，未審先判，進而形成冤獄。而且本原則的適用範圍不限於在法院的審判階段，因為從被告有犯罪嫌疑接受調查開始，直到被判決有罪確定為止，都可能因為片面資訊，而推定被告有罪。所以不只是審判時的法官有適用，在偵查階段也有適用。偵查不公開原則，就是從無罪推定原則延伸而來。",M             
保證人地位,所謂「保證人地位」，指對於犯罪結果之發生負有防止義務之人。例如，基於自己危險之前行為（如狗主養狗，有防止狗咬人之義務）、基於契約（如看護照顧病患，有防止病患移動時跌倒之義務）等。具保證人地位之人，如能防止而不防止，與積極行為發生犯罪結果相同評價，構成不作為犯。,M             
行政救濟金,"國家機關基於給付行政的目的，給予特定個人的扶助，與損失補償或損害賠償金的性質不同。
例如：「翡翠水庫集水區石碇鄉碧山、永安、格頭三村遷村作業實施計畫」中的安遷救濟金即是行政救濟金，以補助集水區內居民遷村所需費用為目的，對符合實施計畫所述資格的人民進行發放。",A             
準用,立法者關於A事項，已在法律上有明文規定，因此在規範與A事項有相類似之處的B事項時，為避免法條文字重覆或太過繁複，就用「準用」的規定形式，做與A事項相同方式的處理。,G             
條件因果關係,"解釋一：「行為」與「結果」間存在自然法則之關聯性，即指如果不做這行為，則不發生該結果。例如：A拿刀砍B，造成B死亡的結果，如果A不拿刀砍B，B也不會死亡，這個時候A砍B的行為與B的死亡結果之間，就有條件因果關係。
解釋二：條件因果關係指：「行為是結果發生所不可或缺的必要條件」，具體判斷方法則是，先假設如果行為人沒作犯罪行為，觀察相同損害是否仍會發生，倘若相關證據足以肯定此時損害不會發生，就能認定有條件因果關係，也就符合因果關係的第一個要件。",M             
遺產管理人,人死後到底有沒有繼承人不明朗，但遺產還是需要有人處理，比方說要把他的財產拿去還債或繳稅。這時候，可由親屬會議在一個月內選定遺產管理人，並向法院陳明，或由利害關係人(例如死者的債權人、親屬、或是檢察官)向法院聲請選任遺產管理人來處理這些事情。,F             
不法之所有,「不法所有之意圖」，為刑法或其他刑罰法律所定財產犯罪之特別主觀構成要件要素，通常規定為「意圖為自己或第三人不法之所有…」，乃指欠缺適法權源，仍圖將財物移入自己實力支配管領下，而為使用、收益或處分之情形而言；且實務見解認為，「不法所有」除係違反法律上之強制或禁止規定者外，其移入自己實力支配管領之意圖，違背公共秩序或善良風俗，以及逾越通常一般之人得以容忍之程度者，亦包括在內。刑法上「不法所有之意圖」，可見諸第320條第1項之竊盜罪、第325條第1項之搶奪罪、第328條第1項之強盜取財罪、第335條第1項之侵占罪、第339條第1項之詐欺取財罪、第346條第1項之恐嚇取財罪等條文。,M             
附條件緩刑,依刑法第74條第2項規定「緩刑宣告，得斟酌情形，命犯罪行為人為下列各款事項：一、向被害人道歉。二、立悔過書。 三、向被害人支付相當數額之財產或非財產上之損害賠償。四、向公庫支付一定之金額。五、向指定之公益團體、地方自治團體或社區提供四十小時以上二百四十小時以下之義務勞務。六、完成戒癮治療、精神治療、心理輔導或其他適當之處遇措施。七、保護被害人安全之必要命令。八、預防再犯所為之必要命令。」例如甲因公然侮辱乙經判決有罪確定，法院得宣告緩刑，並命甲向乙道歉後，於一定期間內「暫緩執行」，若甲在緩刑期間表現良好、未再犯罪則該刑之宣告就會失效。,M             
俟,"表示「等到‥‥」、「再等候」的意思。例如：盈餘分配或虧損彌補，原則上「應俟」社員代表大會決議後方可列帳，不得任由信用合作社或個別社員逕行為之。
",A             
合意停止訴訟,基於當事人的合意而停止訴訟程序。民事訴訟法規定的「合意停止訴訟」可分為以下兩種：1.當事人明示的合意停止訴訟（例如：甲、乙在訴訟程序中，雙方均認為可自行繼續協商，因此分別具狀或當庭以言詞向受訴法院或受命法官表示要合意停止訴訟程序）；2.擬制合意停止訴訟（例如：當事人雙方均經過法院合法的通知，且無正當理由未於言詞辯論期日到場、或到場卻不為辯論）。如果當事人在合意停止後4個月內沒有向法院表示要續行訴訟，就視為撤回其訴或上訴（民事訴訟法第189條至第191條 ）。,V             
法律審,法律審是相對於「事實審」的概念，是指法院並不直接參與事實的調查，只根據下級審所認定的事實，判斷下級審法律適用有沒有錯誤的地方。依目前的刑事訴訟制度，第三審為法律審，是以第二審判決所確認之事實做為判決基礎，不會再調查新的證據。,M             
善意先使用,商標法採註冊先行制度，為保障第三人在他人申請註冊之前，出於善意而先使用相同或近似商標的權益，因此，容許第三人可以在特定條件下繼續使用相同或近似的商標，免受商標權人之干涉。亦即，如果第三人出於善意，在他人商標申請註冊日以前，已在市場上有持續使用商標的事實，縱然在他人註冊取得商標權後，依然不受他人註冊取得的商標權效力所拘束，第三人善意先使用商標的權益，仍會受到保障。,"V,A           "
緊急逮捕,也有稱作緊急拘提的，在有法定原因而情況急迫時，檢察官可以不用拘票、司法警察官或司法警察可以不用事先聲請拘票，就可以緊急將這個人拘提，限制他的人身自由。依刑事訴訟法第88-1條規定，法定原因有：一、因現行犯之供述，且有事實可以判斷這個人具有重大嫌疑。二、在執行刑罰或羈押中脫逃的人。三、有事實可以判斷犯罪嫌疑重大，於被盤查時而逃跑的人。但所犯的罪是輕罪的話除外。四、這個人涉嫌犯的罪屬於重罪，而且嫌疑重大，並且有事實可認為有逃亡的可能性。,M             
公司清算,公司解散後，由清算人進行了結剩餘債權債務事宜。公司清算必須向法院聲請備查，清算完畢後，法人格才完全消滅。,V             
程序正義,程序正義原則，又稱正當法律程序原則，是一切法律程序規定的指導原則。其概念主要是指涉及人民權利的公權力運作，應該設置合理正當的法定程序，以保障人民有合理、公平參與及異議的權利。,A             
民主原則,民主原則為憲法基本秩序之一。該原則內涵應包含國民主權、多數決，以及地方自治團體的自主權，亦即，由人民治理的政府。例如，憲法第1條明定我國為民有、民治、民享的民主共和國，第2條也明文規定國民主權原則。,A             
受益原則,受益原則是指依納稅義務人從公共支出中獲得利益的大小，作為稅費負擔分配的標準，因為納稅義務人從政府提供的公共支出獲得好處，所以政府能向他們要求負擔稅費，這類似「使用者付費」的概念，從而稅費的分配就要以其受益多少為依據，受益較多的義務人要多繳，受益少者則少納。司法院釋字第212號解釋文說：「各級政府興辦公共工程，由直接受益者分擔費用，始符公平之原則，工程受益費徵收條例本此意旨。」就是受益原則的實際運用。,A             
送達證書,表示收領訴訟文書送達之證明，雖證書內容由送達人制作，但應由受送達人簽名蓋章或捺指印，以證明送達。,M             
比例原則,"國家機關在做行政行為的時候，不可以為了達成目的而不擇手段，就是不要用大砲去打小鳥，殺雞不要用牛刀，也稱「相當性原則」或「禁止過度原則」。
例如：徵收私人所有的土地，以不妨礙徵收目的為前提，應該選擇人民損失最少的地方，而且應該儘量避免耕地（土地法施行法第49條）。",A             
通姦罪,所謂的通姦，是指有配偶之人與他人互得同意而為姦淫。所謂姦淫既遂，係採「性器官結合說」。通姦罪規定於刑法第239條前段，法定刑為1年以下有期徒刑。,M             
緘默權,被告在被偵查人員或法官詢問或訊問時，可以保持沉默、不說話的權利。例如在法院開庭的時候，法官問被告有沒有做犯罪行為，被告可以不說話。,M             
臻,達到的意思。,F             
加重竊盜罪,"為刑法之罪名，規定於刑法第321條：「犯竊盜罪而有下列情形之一者，處六月以上、五年以下有期徒刑，得併科新臺幣十萬元以下罰金：
一、侵入住宅或有人居住之建築物、船艦或隱匿其內而犯之者。
二、毀越門扇、牆垣或其他安全設備而犯之者。
三、攜帶兇器而犯之者。
四、結夥三人以上而犯之者。
五、乘火災、水災或其他災害之際而犯之者。
六、在車站、埠頭、航空站或其他供水、陸、空公眾運輸之舟、車、航空機內而犯之者。
前項之未遂犯罰之。」",M             
上訴理由,自訴人、檢察官或被告不服法院判決，上訴請求上級法院救濟所持的理由。,M             
違反保護他人之法律,指違反保護他人為目的之法律，例如一般防止妨害或禁止侵害他人權益之法律；或雖非直接以保護他人為目的，而係藉由行政措施以保障他人之權益不受侵害，均屬之。如果專以保護國家公益或社會秩序為目的之法律，則不包含在內。,V             
乃,是、於是,G             
不要式契約,契約的成立，不以具備一定方式為要件。相反地，如果契約的成立必須使用一定的方式，則稱為要式契約（例如：讓與不動產所有權的物權契約，一定要使用書面）。,V             
撤銷原裁定,下級審的裁定被上級審認為有瑕疵，因此決定取消下級審所作成裁定的效力。,M             
特許規費,"行政機關對於特定相對人授與特許權利、或給予行使特許權利時，由該特定相對人所應支付的金錢對價，屬於行政規費之一。
例如：經主管機關登記核准，才能對地面或地下水進行使用收益的水權，或從事開採的礦業權，或從事捕撈或養殖漁業的漁業權等，該取得特許之人則須向主管機關繳交特許規費。",A             
在卷可按,這項證據或資料在案卷裡面可以查到並作為依據,G             
代理人,代理本人處理一定事務的人。原則上，代理人對外表示的意思，就代表本人的意思，在法律上有相同的效果。,F             
舉證責任分配,"指特定事實因為不能認定，應分配由何人負擔因為這個事實不能證明時的不利益結果。於行政訴訟，因行政法院原則上應依職權調查證據，但於行政法院已竭盡所能調查證據後，對於某一事實是否存在，仍然不能認定時，就要作客觀舉證責任的分配，而受分配負客觀舉證責任的人，就要承擔因為沒辦法證明這個事實，所產生的不利結果。
例如：人民甲對於土地徵收補償費處分不服，主張其有支付土地改良費用，卻沒有給予補償，但提出的證據經行政法院調查後，及行政法院另依職權調查證據結果，甲是否確有這項支出，並不能明確認定，但因有支出土地改良費用的事實是有利於甲，故不能證明的客觀舉證責任就應分配給甲，也就是甲要承擔不能證明有支出土地改良費用的不利益結果。",A             
文書證之,指某項事實以文書作為證明的方法。例如：民事訴訟第24條第2項規定：「前項合意，應以文書證之。」，意思就是當事人合意定第一審管轄法院，必須以文書作為證明方法。,V             
容留,提供場所容納或收留。,M             
檢察一體,檢察機關或者說是檢察系統，在案件偵查上應屬於同一個整體。因此上級對於下級在一定的法律程序下，可以指揮監督案件的偵辦。,M             
差額補助費,"國家基於法律授權，對違反法律義務的機關（構）課徵，用來補償因此產生的行政支出，而且是用來挹注國家特別支出的1種金錢給付義務，屬於特別公課的1種。至於原住民族工作權保障法中「代金」，與差額補助費的性質相似。
例如：依據身心障礙者權益保障法規定，機關（構）員工總人數超過一定數額時，應聘僱一定人數或比例的身心障礙員工，聘僱人數未達該標準者，就必須向主管機關的身心障礙者就業基金繳納差額補助費。",A             
要難謂非,法院表達認為「是」的意思。,F             
逕行搜索,檢察官或司法警察為了避免被告脫逃或證據湮滅等緊急情況，在符合刑事訴訟法第131條第1項、第2項要件時，可以沒有搜索票就實施搜索。(刑事訴訟法第131條第1項規定：有左列情形之一者，檢察官、檢察事務官、司法警察官或司法警察，雖無搜索票，得逕行搜索住宅或其他處所：一、因逮捕被告、犯罪嫌疑人或執行拘提、羈押，有事實足認被告或犯罪嫌疑人確實在內者。二、因追躡現行犯或逮捕脫逃人，有事實足認現行犯或脫逃人確實在內者。三、有明顯事實足信為有人在內犯罪而情形急迫者。第131條第2項規定：檢察官於偵查中確有相當理由認為情況急迫，非迅速搜索，二十四小時內證據有偽造、變造、湮滅或隱匿之虞者，得逕行搜索，或指揮檢察事務官、司法警察官或司法警察執行搜索，並層報檢察長。),M             
量能課稅原則,量能課稅原則主要是指國家應按照人民經濟負擔能力課稅，相同負擔能力的人，負擔相同的稅捐（水平平等）；不同負擔能力的人，負擔不同的稅捐（垂直平等）。近年有逐漸發展出一些子原則，例如司法院釋字第745號解釋指出：「本於量能課稅原則，所得課稅應以收入減除成本及必要費用後的客觀淨值，而非所得毛額，作為稅基。此項要求，於各類所得之計算均應有其適用」。,A             
附帶扣押,"解釋一：檢察官、檢察事務官、司法警察官或司法警察執行搜索或扣押時，發現本案應扣押之物為搜索票所未記載者，亦得扣押之(刑事訴訟法第137條第1項)，是為「附帶扣押」。例如檢察官執行合法的搜索，要在A公寓內搜索毒品吸食器乙件，未料搜索出安非他命5包，旋即依法附帶扣押。
解釋二：檢察官、檢察事務官、司法警察（官）執行搜索或扣押時，發現搜索票未記載到，但卻是本案應扣押的物件，此時雖然可以扣押，但必須事後陳報法院，由法院做事後審查（刑事訴訟法第137條第2項準用第131條第3項）。
例如，甲涉嫌販賣毒品，警方持搜索票到甲住宅進行搜索，搜索票上記載搜索物件及扣押之物為：「安非他命、吸食器具、針筒、磅秤」等物。不過，警方到場發現有「分裝袋」，雖然是搜索票未記載到的物品，卻是本案應扣押的物件，因此，執行附帶扣押「分裝袋」。",M             
不受理判決,就案件的實體事項(有罪或無罪、有無理由)加以判斷所為的裁判，稱為實體裁判，就除此之外的事項所為的裁判，則屬形式裁判。不受理是屬於形式判決的一種，其係因訴訟條件欠缺或消滅(例如告訴乃論之罪，未經告訴人提出告訴或告訴人撤回告訴)、法院無審判權、被告死亡等原因，致法院無從對實體事項下判斷而為之程序判決。,M             
現況點交,"在強制執行程序中，現況點交係指債務人之財產經拍賣後，由執行法院將執行標的物依照拍賣時客觀狀況及債務人之占有現況，點交予拍定人之意。
",V             
強制規定,"法律規定可分為任意性規定與強行規定。強行規定中又可分為強制規定及禁止規定。所謂強制規定，係指應為某種行為之規定。如法律行為違反強制規定者，原則上為無效，但例外如果依據規定違反效果不以之為無效者，仍有可能只有違反部分無效，其他部分之內容，仍屬有效。
",V             
先訴抗辯權,"「先訴抗辯權」又稱為「檢索抗辯權」，是基於保證人地位而具有的權利。當債權人對主債務人的財產進行強制執行無效果前，保證人對於債權人可以拒絕清償。簡言之，一般保證的保證人，他對債權人的責任是「補充性」，也就是當主債務人有足夠資力清償時，債權人只能向主債務人請求履行，不能直接向保證人請求，否則保證人可主張「先訴抗辯權」。
所謂「先訴」，就是債權人直接先向債務人起訴並強制執行，如果保證人拋棄「先訴抗辯權」這項權利，則當債務人不履行時，債權人就可以直接請求保證人清償，保證人不得再對債權人主張先訴抗辯權。然而，保證人依照法律得主張的先訴抗辯權，僅僅在於使自己的保證責任延緩，並未消滅自己的保證責任。
舉例來說，一般保證契約中常見的約款：「保證人願意拋棄先訴抗辯權」。這個約款主要是為了增加債權人求償的便利性，表示將來債務一到清償期時，債權人不必先向主債務人的財產強制執行，就可以直接向保證人請求清償。",V             
可徵,足以佐證、足以證明,G             
收受回扣罪,貪污治罪條例第 4 條第 1 項第 3 款就公務員建築或經辦公用 工程或購辦公用器材、物品，浮報價額、數量，收取回扣或有其他舞弊情事者，特別嚴予規範。所謂「回扣」，係指該公務員與對方約定，就應給付之建築材料費或工程價款中，提取一定比率或扣取其中一部分，圖為自己或其他第三人不法利益。,M             
不足採信,不能相信。,A             
受訴法院,受理訴訟事件的法院。民事訴訟法規定中的受訴法院，可能指第一審至第三審之法院（如：同法第109條第1項、第133條、第176條）；也可能指受理該事件的法院機關（如：同法第23條、第292條第2項），大部分情形是指受理民事事件的法官或合議庭（如：同法第51條第1項、第2項、第310條、第326條）。,V             
再審原因,再審原因就是可聲請再審的事由。例如刑事訴訟法第四百二十條規定之：原判決所憑之證物已證明其為偽造或變造者；原判決所憑之證言、鑑定或通譯已證明其為虛偽者；受有罪判決之人，已證明其係被誣告者；原判決所憑之通常法院或特別法院之裁判已經確定裁判變更者等等，均為可提起再審之原因。,M             
合致,民事法律關係所稱的「合致」，是指當事人互相意思表示一致的行為。簡單來說，私法契約的當事人，不論是用「書面」或「口頭」進行約定，也不論是用明示或默示的意思表示，經探求當事人的真意，如果雙方互相意思表示一致，就可認為達成意思表示合致，契約即屬成立，而發生法律上的效力。,V             
行政調解,"國家基於政策或行政目的的需要，透過不同的行政法規設立組織，由該組織的成員就當事人間已發生、但還沒進入法院訴訟的紛爭，居中協調，勸諭相互讓步，促成紛爭的解決，和「司法調解」（當事人的紛爭進入法院訴訟後，由法院依訴訟法的規定進行調解）不同。
例如：鄉、鎮、市（區）公所之調解委員會，直轄市、縣（市）之消費爭議調解委員會。",A             
代行告訴人,告訴乃論之罪，如果無得為告訴之人或得為告訴之人不能行使告訴權時，該管檢察官得依利害關係人之聲請或依職權指定代行告訴人，該經檢察官指定之人即為代行告訴人。,M             
