code,name_raw,name,market,industry,isin,listed_date,cfi,yfinance_symbol,security_type_guess,parse_quality,source_section,source_line,source_col_pair
0050,元大台灣50,元大台灣50,上市,基金,,,,0050.TW,ETF/基金,wide_explicit_header,wide_table,4,12
0051,元大中型100,元大中型100,上市,基金,,,,0051.TW,ETF/基金,wide_explicit_header,wide_table,5,12
0052,FB科技,FB科技,上市,基金,,,,0052.TW,ETF/基金,wide_explicit_header,wide_table,6,12
0053,元大電子,元大電子,上市,基金,,,,0053.TW,ETF/基金,wide_explicit_header,wide_table,7,12
0054,元大台商50,元大台商50,上市,基金,,,,0054.TW,ETF/基金,wide_explicit_header,wide_table,8,12
0055,元大MSCI金融,元大MSCI金融,上市,基金,,,,0055.TW,ETF/基金,wide_explicit_header,wide_table,9,12
0056,元大高股息,元大高股息,上市,基金,,,,0056.TW,ETF/基金,wide_explicit_header,wide_table,10,12
0057,FB摩台,FB摩台,上市,基金,,,,0057.TW,ETF/基金,wide_explicit_header,wide_table,11,12
0058,FB發達,FB發達,上市,基金,,,,0058.TW,ETF/基金,wide_explicit_header,wide_table,12,12
0059,FB金融,FB金融,上市,基金,,,,0059.TW,ETF/基金,wide_explicit_header,wide_table,13,12
0061,元大寶滬深,元大寶滬深,上市,基金,,,,0061.TW,ETF/基金,wide_explicit_header,wide_table,14,12
01001T,土銀富邦R1,土銀富邦R1,上市,基金,,,,01001T.TW,ETF/基金,wide_explicit_header,wide_table,22,12
01002T,土銀國泰R1,土銀國泰R1,上市,基金,,,,01002T.TW,ETF/基金,wide_explicit_header,wide_table,23,12
01003T,兆豐新光R1,兆豐新光R1,上市,基金,,,,01003T.TW,ETF/基金,wide_explicit_header,wide_table,24,12
01004T,土銀富邦R2,土銀富邦R2,上市,基金,,,,01004T.TW,ETF/基金,wide_explicit_header,wide_table,25,12
01007T,兆豐國泰R2,兆豐國泰R2,上市,基金,,,,01007T.TW,ETF/基金,wide_explicit_header,wide_table,26,12
1101,台泥*,台泥,上市,水泥,,,,1101.TW,股票,wide_explicit_header,wide_table,2,1
1102,亞泥*,亞泥,上市,水泥,,,,1102.TW,股票,wide_explicit_header,wide_table,3,1
1103,嘉泥,嘉泥,上市,水泥,,,,1103.TW,股票,wide_explicit_header,wide_table,4,1
1104,環泥,環泥,上市,水泥,,,,1104.TW,股票,wide_explicit_header,wide_table,5,1
1108,幸福,幸福,上市,水泥,,,,1108.TW,股票,wide_explicit_header,wide_table,6,1
1109,信大,信大,上市,水泥,,,,1109.TW,股票,wide_explicit_header,wide_table,7,1
1110,東泥,東泥,上市,水泥,,,,1110.TW,股票,wide_explicit_header,wide_table,8,1
1201,味全,味全,上市,食品,,,,1201.TW,股票,wide_explicit_header,wide_table,10,1
1203,味王,味王,上市,食品,,,,1203.TW,股票,wide_explicit_header,wide_table,11,1
1210,大成,大成,上市,食品,,,,1210.TW,股票,wide_explicit_header,wide_table,12,1
1213,大飲,大飲,上市,食品,,,,1213.TW,股票,wide_explicit_header,wide_table,13,1
1215,卜蜂,卜蜂,上市,食品,,,,1215.TW,股票,wide_explicit_header,wide_table,14,1
1216,統一*,統一,上市,食品,,,,1216.TW,股票,wide_explicit_header,wide_table,15,1
1217,愛之味,愛之味,上市,食品,,,,1217.TW,股票,wide_explicit_header,wide_table,16,1
1218,泰山,泰山,上市,食品,,,,1218.TW,股票,wide_explicit_header,wide_table,17,1
1219,福壽,福壽,上市,食品,,,,1219.TW,股票,wide_explicit_header,wide_table,18,1
1220,台榮,台榮,上市,食品,,,,1220.TW,股票,wide_explicit_header,wide_table,19,1
1225,福懋油,福懋油,上市,食品,,,,1225.TW,股票,wide_explicit_header,wide_table,20,1
1227,佳格#,佳格,上市,食品,,,,1227.TW,股票,wide_explicit_header,wide_table,21,1
1229,聯華,聯華,上市,食品,,,,1229.TW,股票,wide_explicit_header,wide_table,22,1
1231,聯華食,聯華食,上市,食品,,,,1231.TW,股票,wide_explicit_header,wide_table,23,1
1232,大統益,大統益,上市,食品,,,,1232.TW,股票,wide_explicit_header,wide_table,24,1
1233,天仁,天仁,上市,食品,,,,1233.TW,股票,wide_explicit_header,wide_table,25,1
1234,黑松,黑松,上市,食品,,,,1234.TW,股票,wide_explicit_header,wide_table,26,1
1235,興泰,興泰,上市,食品,,,,1235.TW,股票,wide_explicit_header,wide_table,27,1
1236,宏亞,宏亞,上市,食品,,,,1236.TW,股票,wide_explicit_header,wide_table,28,1
1240,茂生農經,茂生農經,上櫃,農業科技業,TW0001240000,2018/08/08,ESVUFR,1240.TWO,股票,structured_isin,structured_isin,82,
1256,鮮活果汁-KY,鮮活果汁-KY,上市,食品,,,,1256.TW,股票,wide_explicit_header,wide_table,29,1
1258,其祥-KY,其祥-KY,上櫃,食品,,,,1258.TWO,股票,wide_explicit_header,wide_table,30,12
1259,安心,安心,上櫃,觀光餐旅,TW0001259000,2011/12/15,ESVUFR,1259.TWO,股票,structured_isin+wide_explicit_header,structured_isin+wide_table,"26,83",19
1262,綠悅-KY#,綠悅-KY,上市,其他,,,,1262.TW,股票,wide_explicit_header,wide_table,39,11
1264,德麥,德麥,上櫃,食品工業,TW0001264000,2015/04/09,ESVUFR,1264.TWO,股票,structured_isin,structured_isin,84,
1268,漢來美食,漢來美食,上櫃,觀光餐旅,TW0001268001,2017/09/27,ESVUFR,1268.TWO,股票,structured_isin,structured_isin,85,
1294,漢田生技,漢田生技,上櫃,食品工業,TW0001294007,2024/09/26,ESVUFR,1294.TWO,股票,structured_isin,structured_isin,86,
1295,生合,生合,上櫃,食品工業,TW0001295004,2025/05/27,ESVUFR,1295.TWO,股票,structured_isin,structured_isin,87,
1301,台塑*,台塑,上市,塑膠,,,,1301.TW,股票,wide_explicit_header,wide_table,33,1
1303,南亞*,南亞,上市,塑膠,,,,1303.TW,股票,wide_explicit_header,wide_table,34,1
1304,台聚,台聚,上市,塑膠,,,,1304.TW,股票,wide_explicit_header,wide_table,35,1
1305,華夏,華夏,上市,塑膠,,,,1305.TW,股票,wide_explicit_header,wide_table,36,1
1307,三芳,三芳,上市,塑膠,,,,1307.TW,股票,wide_explicit_header,wide_table,37,1
1308,亞聚,亞聚,上市,塑膠,,,,1308.TW,股票,wide_explicit_header,wide_table,38,1
1309,台達化,台達化,上市,塑膠,,,,1309.TW,股票,wide_explicit_header,wide_table,39,1
1310,台苯,台苯,上市,塑膠,,,,1310.TW,股票,wide_explicit_header,wide_table,40,1
1312,國喬,國喬,上市,塑膠,,,,1312.TW,股票,wide_explicit_header,wide_table,41,1
1313,聯成,聯成,上市,塑膠,,,,1313.TW,股票,wide_explicit_header,wide_table,42,1
1314,中石化,中石化,上市,塑膠,,,,1314.TW,股票,wide_explicit_header,wide_table,43,1
1315,達新,達新,上市,塑膠,,,,1315.TW,股票,wide_explicit_header,wide_table,44,1
1316,上曜,上曜,上市,化工,,,,1316.TW,股票,wide_explicit_header,wide_table,3,3
1319,東陽#,東陽,上市,塑膠,,,,1319.TW,股票,wide_explicit_header,wide_table,45,1
1321,大洋,大洋,上市,塑膠,,,,1321.TW,股票,wide_explicit_header,wide_table,46,1
1323,永裕,永裕,上市,塑膠,,,,1323.TW,股票,wide_explicit_header,wide_table,47,1
1324,地球,地球,上市,塑膠,,,,1324.TW,股票,wide_explicit_header,wide_table,48,1
1325,恆大,恆大,上市,塑膠,,,,1325.TW,股票,wide_explicit_header,wide_table,49,1
1326,台化*,台化,上市,塑膠,,,,1326.TW,股票,wide_explicit_header,wide_table,50,1
1333,恩得利,恩得利,上櫃,電子零組件,,,,1333.TWO,股票,wide_explicit_header,wide_table,54,16
1336,台翰,台翰,上櫃,電子零組件業,TW0001336006,2007/11/02,ESVUFR,1336.TWO,股票,structured_isin+wide_explicit_header,structured_isin+wide_table,"55,88",16
1337,再生-KY,再生-KY,上市,塑膠,,,,1337.TW,股票,wide_explicit_header,wide_table,51,1
1338,廣華-KY,廣華-KY,上市,汽車,,,,1338.TW,股票,wide_explicit_header,wide_table,33,4
1339,昭輝,昭輝,上市,塑膠,,,,1339.TW,股票,wide_explicit_header,wide_table,52,1
1340,勝悅-KY,勝悅-KY,上市,塑膠,,,,1340.TW,股票,wide_explicit_header,wide_table,53,1
1402,遠東新*,遠東新,上市,紡織纖維,,,,1402.TW,股票,wide_explicit_header,wide_table,57,1
1409,新纖,新纖,上市,紡織纖維,,,,1409.TW,股票,wide_explicit_header,wide_table,58,1
1410,南染,南染,上市,紡織纖維,,,,1410.TW,股票,wide_explicit_header,wide_table,59,1
1413,宏洲,宏洲,上市,紡織纖維,,,,1413.TW,股票,wide_explicit_header,wide_table,60,1
1414,東和,東和,上市,紡織纖維,,,,1414.TW,股票,wide_explicit_header,wide_table,61,1
1416,廣豐,廣豐,上市,紡織纖維,,,,1416.TW,股票,wide_explicit_header,wide_table,62,1
1417,嘉裕,嘉裕,上市,紡織纖維,,,,1417.TW,股票,wide_explicit_header,wide_table,63,1
1418,東華,東華,上市,紡織纖維,,,,1418.TW,股票,wide_explicit_header,wide_table,64,1
1419,新紡,新紡,上市,紡織纖維,,,,1419.TW,股票,wide_explicit_header,wide_table,65,1
1423,利華,利華,上市,紡織纖維,,,,1423.TW,股票,wide_explicit_header,wide_table,66,1
1432,大魯閣,大魯閣,上市,紡織纖維,,,,1432.TW,股票,wide_explicit_header,wide_table,67,1
1434,福懋#,福懋,上市,紡織纖維,,,,1434.TW,股票,wide_explicit_header,wide_table,68,1
1435,中福,中福,上市,其他,,,,1435.TW,股票,wide_explicit_header,wide_table,40,11
1436,華友聯,華友聯,上市,建材營造,,,,1436.TW,股票,wide_explicit_header,wide_table,31,9
1437,勤益控,勤益控,上市,半導體,,,,1437.TW,股票,wide_explicit_header,wide_table,40,4
1438,裕豐,裕豐,上市,建材營造,,,,1438.TW,股票,wide_explicit_header,wide_table,32,9
1439,中和,中和,上市,紡織纖維,,,,1439.TW,股票,wide_explicit_header,wide_table,69,1
1440,南紡#,南紡,上市,紡織纖維,,,,1440.TW,股票,wide_explicit_header,wide_table,70,1
1441,大東,大東,上市,紡織纖維,,,,1441.TW,股票,wide_explicit_header,wide_table,71,1
1442,名軒,名軒,上市,建材營造,,,,1442.TW,股票,wide_explicit_header,wide_table,33,9
1443,立益,立益,上市,紡織纖維,,,,1443.TW,股票,wide_explicit_header,wide_table,72,1
1444,力麗,力麗,上市,紡織纖維,,,,1444.TW,股票,wide_explicit_header,wide_table,73,1
1445,大宇,大宇,上市,紡織纖維,,,,1445.TW,股票,wide_explicit_header,wide_table,74,1
1446,宏和,宏和,上市,紡織纖維,,,,1446.TW,股票,wide_explicit_header,wide_table,75,1
1447,力鵬,力鵬,上市,紡織纖維,,,,1447.TW,股票,wide_explicit_header,wide_table,76,1
1449,佳和,佳和,上市,紡織纖維,,,,1449.TW,股票,wide_explicit_header,wide_table,77,1
1451,年興,年興,上市,紡織纖維,,,,1451.TW,股票,wide_explicit_header,wide_table,78,1
1452,宏益,宏益,上市,紡織纖維,,,,1452.TW,股票,wide_explicit_header,wide_table,79,1
1453,大將,大將,上市,紡織纖維,,,,1453.TW,股票,wide_explicit_header,wide_table,80,1
1454,台富,台富,上市,紡織纖維,,,,1454.TW,股票,wide_explicit_header,wide_table,81,1
1455,集盛,集盛,上市,紡織纖維,,,,1455.TW,股票,wide_inherited_header,wide_table,1,2
1456,怡華,怡華,上市,紡織纖維,,,,1456.TW,股票,wide_inherited_header,wide_table,2,2
1457,宜進,宜進,上市,紡織纖維,,,,1457.TW,股票,wide_inherited_header,wide_table,3,2
1459,聯發,聯發,上市,紡織纖維,,,,1459.TW,股票,wide_inherited_header,wide_table,4,2
1460,宏遠,宏遠,上市,紡織纖維,,,,1460.TW,股票,wide_inherited_header,wide_table,5,2
1463,強盛,強盛,上市,紡織纖維,,,,1463.TW,股票,wide_inherited_header,wide_table,6,2
1464,得力,得力,上市,紡織纖維,,,,1464.TW,股票,wide_inherited_header,wide_table,7,2
1465,偉全,偉全,上市,紡織纖維,,,,1465.TW,股票,wide_inherited_header,wide_table,8,2
1466,聚隆,聚隆,上市,紡織纖維,,,,1466.TW,股票,wide_inherited_header,wide_table,9,2
1467,南緯,南緯,上市,紡織纖維,,,,1467.TW,股票,wide_inherited_header,wide_table,10,2
1468,昶和,昶和,上市,紡織纖維,,,,1468.TW,股票,wide_inherited_header,wide_table,11,2
1469,理隆,理隆,上市,紡織纖維,,,,1469.TW,股票,wide_inherited_header,wide_table,12,2
1470,大統染,大統染,上市,紡織纖維,,,,1470.TW,股票,wide_inherited_header,wide_table,13,2
1471,首利,首利,上市,電子零組件,,,,1471.TW,股票,wide_explicit_header,wide_table,30,7
1472,三洋紡,三洋紡,上市,紡織纖維,,,,1472.TW,股票,wide_inherited_header,wide_table,14,2
1473,台南,台南,上市,紡織纖維,,,,1473.TW,股票,wide_inherited_header,wide_table,15,2
1474,弘裕,弘裕,上市,紡織纖維,,,,1474.TW,股票,wide_inherited_header,wide_table,16,2
1475,本盟,本盟,上市,紡織纖維,,,,1475.TW,股票,wide_inherited_header,wide_table,17,2
1476,儒鴻*,儒鴻,上市,紡織纖維,,,,1476.TW,股票,wide_inherited_header,wide_table,18,2
1477,聚陽#,聚陽,上市,紡織纖維,,,,1477.TW,股票,wide_inherited_header,wide_table,19,2
1503,士電,士電,上市,電機機械,,,,1503.TW,股票,wide_explicit_header,wide_table,23,2
1504,東元#,東元,上市,電機機械,,,,1504.TW,股票,wide_explicit_header,wide_table,24,2
1506,正道,正道,上市,電機機械,,,,1506.TW,股票,wide_explicit_header,wide_table,25,2
1507,永大,永大,上市,電機機械,,,,1507.TW,股票,wide_explicit_header,wide_table,26,2
1512,瑞利,瑞利,上市,電機機械,,,,1512.TW,股票,wide_explicit_header,wide_table,27,2
1513,中興電,中興電,上市,電機機械,,,,1513.TW,股票,wide_explicit_header,wide_table,28,2
1514,亞力,亞力,上市,電機機械,,,,1514.TW,股票,wide_explicit_header,wide_table,29,2
1515,力山,力山,上市,電機機械,,,,1515.TW,股票,wide_explicit_header,wide_table,30,2
1516,川飛,川飛,上市,其他,,,,1516.TW,股票,wide_explicit_header,wide_table,41,11
1517,利奇,利奇,上市,電機機械,,,,1517.TW,股票,wide_explicit_header,wide_table,31,2
1519,華城,華城,上市,電機機械,,,,1519.TW,股票,wide_explicit_header,wide_table,32,2
1521,大億,大億,上市,電機機械,,,,1521.TW,股票,wide_explicit_header,wide_table,33,2
1522,堤維西,堤維西,上市,電機機械,,,,1522.TW,股票,wide_explicit_header,wide_table,34,2
1524,耿鼎,耿鼎,上市,電機機械,,,,1524.TW,股票,wide_explicit_header,wide_table,35,2
1525,江申,江申,上市,電機機械,,,,1525.TW,股票,wide_explicit_header,wide_table,36,2
1526,日馳,日馳,上市,電機機械,,,,1526.TW,股票,wide_explicit_header,wide_table,37,2
1527,鑽全,鑽全,上市,電機機械,,,,1527.TW,股票,wide_explicit_header,wide_table,38,2
1528,恩德,恩德,上市,電機機械,,,,1528.TW,股票,wide_explicit_header,wide_table,39,2
1529,樂士,樂士,上市,電機機械,,,,1529.TW,股票,wide_explicit_header,wide_table,40,2
1530,亞崴,亞崴,上市,電機機械,,,,1530.TW,股票,wide_explicit_header,wide_table,41,2
1531,高林股,高林股,上市,電機機械,,,,1531.TW,股票,wide_explicit_header,wide_table,42,2
1532,勤美,勤美,上市,電機機械,,,,1532.TW,股票,wide_explicit_header,wide_table,43,2
1533,車王電,車王電,上市,電機機械,,,,1533.TW,股票,wide_explicit_header,wide_table,44,2
1535,中宇,中宇,上市,電機機械,,,,1535.TW,股票,wide_explicit_header,wide_table,45,2
1536,和大#,和大,上市,電機機械,,,,1536.TW,股票,wide_explicit_header,wide_table,46,2
1537,廣隆,廣隆,上市,電機機械,,,,1537.TW,股票,wide_explicit_header,wide_table,47,2
1538,正峰新,正峰新,上市,電機機械,,,,1538.TW,股票,wide_explicit_header,wide_table,48,2
1539,巨庭,巨庭,上市,電機機械,,,,1539.TW,股票,wide_explicit_header,wide_table,49,2
1540,喬福,喬福,上市,電機機械,,,,1540.TW,股票,wide_explicit_header,wide_table,50,2
1541,錩泰,錩泰,上市,電機機械,,,,1541.TW,股票,wide_explicit_header,wide_table,51,2
1558,伸興,伸興,上市,電機機械,,,,1558.TW,股票,wide_explicit_header,wide_table,52,2
1560,中砂,中砂,上市,電機機械,,,,1560.TW,股票,wide_explicit_header,wide_table,53,2
1565,精華,精華,上櫃,生技醫療業,TW0001565000,2004/03/30,ESVUFR,1565.TWO,股票,structured_isin+wide_explicit_header,structured_isin+wide_table,"19,89",13
1566,捷邦,捷邦,上櫃,電機機械,,,,1566.TWO,股票,wide_explicit_header,wide_table,51,12
1569,濱川,濱川,上櫃,電腦及週邊設備業,TW0001569002,2005/07/29,ESVUFR,1569.TWO,股票,structured_isin+wide_explicit_header,structured_isin+wide_table,"78,90",14
1570,力肯,力肯,上櫃,電機機械,TW0001570000,2005/06/30,ESVUFR,1570.TWO,股票,structured_isin+wide_explicit_header,structured_isin+wide_table,"52,91",12
1580,新麥,新麥,上櫃,電機機械,TW0001580009,2007/12/10,ESVUFR,1580.TWO,股票,structured_isin+wide_explicit_header,structured_isin+wide_table,"53,92",12
1582,信錦,信錦,上市,電子零組件,,,,1582.TW,股票,wide_explicit_header,wide_table,31,7
1583,程泰,程泰,上市,電機機械,,,,1583.TW,股票,wide_explicit_header,wide_table,54,2
1584,精剛,精剛,上櫃,其他業,TW0001584001,2007/11/28,ESVUFR,1584.TWO,股票,structured_isin+wide_explicit_header,structured_isin+wide_table,"13,93",20
1586,和勤,和勤,上櫃,電機機械,TW0001586006,2012/01/09,ESVUFR,1586.TWO,股票,structured_isin+wide_explicit_header,structured_isin+wide_table,"54,94",12
1589,永冠-KY#,永冠-KY,上市,電機機械,,,,1589.TW,股票,wide_explicit_header,wide_table,55,2
1590,亞德客-KY#,亞德客-KY,上市,電機機械,,,,1590.TW,股票,wide_explicit_header,wide_table,56,2
1591,駿吉-KY,駿吉-KY,上櫃,電機機械,KYG4782L1023,2012/03/23,ESVUFR,1591.TWO,股票,structured_isin+wide_explicit_header,structured_isin+wide_table,"55,95",12
1593,祺驊,祺驊,上櫃,運動休閒,TW0001593002,2012/06/13,ESVUFR,1593.TWO,股票,structured_isin+wide_explicit_header,structured_isin+wide_table,"20,96",13
1595,川寶,川寶,上櫃,電子零組件業,TW0001595007,2011/10/04,ESVUFR,1595.TWO,股票,structured_isin+wide_explicit_header,structured_isin+wide_table,"56,97",16
1597,直得,直得,上櫃,電機機械,,,,1597.TWO,股票,wide_explicit_header,wide_table,56,12
1599,宏佳騰,宏佳騰,上櫃,電機機械,TW0001599009,2012/12/25,ESVUFR,1599.TWO,股票,structured_isin+wide_explicit_header,structured_isin+wide_table,"57,98",12
1603,華電,華電,上市,電器電纜,,,,1603.TW,股票,wide_explicit_header,wide_table,68,2
1604,聲寶,聲寶,上市,電器電纜,,,,1604.TW,股票,wide_explicit_header,wide_table,69,2
1605,華新#,華新,上市,電器電纜,,,,1605.TW,股票,wide_explicit_header,wide_table,70,2
1608,華榮,華榮,上市,電器電纜,,,,1608.TW,股票,wide_explicit_header,wide_table,71,2
1609,大亞,大亞,上市,電器電纜,,,,1609.TW,股票,wide_explicit_header,wide_table,72,2
1611,中電,中電,上市,電器電纜,,,,1611.TW,股票,wide_explicit_header,wide_table,73,2
1612,宏泰,宏泰,上市,電器電纜,,,,1612.TW,股票,wide_explicit_header,wide_table,74,2
1613,台一,台一,上市,電器電纜,,,,1613.TW,股票,wide_explicit_header,wide_table,75,2
1614,三洋電,三洋電,上市,電器電纜,,,,1614.TW,股票,wide_explicit_header,wide_table,76,2
1615,大山,大山,上市,電器電纜,,,,1615.TW,股票,wide_explicit_header,wide_table,77,2
1616,億泰,億泰,上市,電器電纜,,,,1616.TW,股票,wide_explicit_header,wide_table,78,2
1617,榮星,榮星,上市,電器電纜,,,,1617.TW,股票,wide_explicit_header,wide_table,79,2
1618,合機,合機,上市,電器電纜,,,,1618.TW,股票,wide_explicit_header,wide_table,80,2
1626,艾美特-KY,艾美特-KY,上市,電器電纜,,,,1626.TW,股票,wide_explicit_header,wide_table,81,2
1701,中化,中化,上市,生技醫療,,,,1701.TW,股票,wide_explicit_header,wide_table,31,3
1702,南僑,南僑,上市,食品,,,,1702.TW,股票,wide_explicit_header,wide_table,30,1
1704,榮化#,榮化,上市,化工,,,,1704.TW,股票,wide_explicit_header,wide_table,4,3
1707,葡萄王#,葡萄王,上市,生技醫療,,,,1707.TW,股票,wide_explicit_header,wide_table,32,3
1708,東鹼,東鹼,上市,化工,,,,1708.TW,股票,wide_explicit_header,wide_table,5,3
1709,和益,和益,上市,化工,,,,1709.TW,股票,wide_explicit_header,wide_table,6,3
1710,東聯,東聯,上市,化工,,,,1710.TW,股票,wide_explicit_header,wide_table,7,3
1711,永光,永光,上市,化工,,,,1711.TW,股票,wide_explicit_header,wide_table,8,3
1712,興農,興農,上市,化工,,,,1712.TW,股票,wide_explicit_header,wide_table,9,3
1713,國化,國化,上市,化工,,,,1713.TW,股票,wide_explicit_header,wide_table,10,3
1714,和桐,和桐,上市,化工,,,,1714.TW,股票,wide_explicit_header,wide_table,11,3
1715,萬洲,萬洲,上市,塑膠,,,,1715.TW,股票,wide_explicit_header,wide_table,54,1
1717,長興#,長興,上市,化工,,,,1717.TW,股票,wide_explicit_header,wide_table,12,3
1718,中纖,中纖,上市,化工,,,,1718.TW,股票,wide_explicit_header,wide_table,13,3
1720,生達,生達,上市,生技醫療,,,,1720.TW,股票,wide_explicit_header,wide_table,33,3
1721,三晃,三晃,上市,化工,,,,1721.TW,股票,wide_explicit_header,wide_table,14,3
1722,台肥#,台肥,上市,化工,,,,1722.TW,股票,wide_explicit_header,wide_table,15,3
1723,中碳#,中碳,上市,化工,,,,1723.TW,股票,wide_explicit_header,wide_table,16,3
1724,台硝,台硝,上市,化工,,,,1724.TW,股票,wide_explicit_header,wide_table,17,3
1725,元禎,元禎,上市,化工,,,,1725.TW,股票,wide_explicit_header,wide_table,18,3
1726,永記,永記,上市,化工,,,,1726.TW,股票,wide_explicit_header,wide_table,19,3
1727,中華化,中華化,上市,化工,,,,1727.TW,股票,wide_explicit_header,wide_table,20,3
1729,必翔,必翔,上市,生技醫療,,,,1729.TW,股票,wide_explicit_header,wide_table,34,3
1730,花仙子,花仙子,上市,化工,,,,1730.TW,股票,wide_explicit_header,wide_table,21,3
1731,美吾華,美吾華,上市,生技醫療,,,,1731.TW,股票,wide_explicit_header,wide_table,35,3
1732,毛寶,毛寶,上市,化工,,,,1732.TW,股票,wide_explicit_header,wide_table,22,3
1733,五鼎,五鼎,上市,生技醫療,,,,1733.TW,股票,wide_explicit_header,wide_table,36,3
1734,杏輝,杏輝,上市,生技醫療,,,,1734.TW,股票,wide_explicit_header,wide_table,37,3
1735,日勝化,日勝化,上市,化工,,,,1735.TW,股票,wide_explicit_header,wide_table,23,3
1736,喬山,喬山,上市,生技醫療,,,,1736.TW,股票,wide_explicit_header,wide_table,38,3
1737,臺鹽,臺鹽,上市,食品,,,,1737.TW,股票,wide_explicit_header,wide_table,31,1
1742,台蠟,台蠟,上櫃,化學工業,TW0001742005,2004/05/14,ESVUFR,1742.TWO,股票,structured_isin+wide_explicit_header,structured_isin+wide_table,"6,99",13
1752,南光,南光,上櫃,生技醫療,,,,1752.TWO,股票,wide_explicit_header,wide_table,21,13
1762,中化生,中化生,上市,生技醫療,,,,1762.TW,股票,wide_explicit_header,wide_table,39,3
1773,勝一,勝一,上市,化工,,,,1773.TW,股票,wide_explicit_header,wide_table,24,3
1777,生泰,生泰,上櫃,生技醫療業,TW0001777001,2005/10/19,ESVUFR,1777.TWO,股票,structured_isin+wide_explicit_header,structured_isin+wide_table,"22,100",13
1781,合世,合世,上櫃,生技醫療業,TW0001781003,2004/12/24,ESVUFR,1781.TWO,股票,structured_isin+wide_explicit_header,structured_isin+wide_table,"23,101",13
1783,和康生,和康生,上市,生技醫療,,,,1783.TW,股票,wide_explicit_header,wide_table,40,3
1784,訊聯,訊聯,上櫃,生技醫療業,TW0001784007,2007/07/26,ESVUFR,1784.TWO,股票,structured_isin+wide_explicit_header,structured_isin+wide_table,"24,102",13
1785,光洋科,光洋科,上櫃,其他電子業,TW0001785004,2005/01/31,ESVUFR,1785.TWO,股票,structured_isin+wide_explicit_header,structured_isin+wide_table,"39,103",18
1786,科妍,科妍,上市,生技醫療,,,,1786.TW,股票,wide_explicit_header,wide_table,41,3
1787,福盈科,福盈科,上櫃,化工,,,,1787.TWO,股票,wide_explicit_header,wide_table,7,13
1788,杏昌,杏昌,上櫃,生技醫療業,TW0001788008,2009/07/20,ESVUFR,1788.TWO,股票,structured_isin+wide_explicit_header,structured_isin+wide_table,"25,104",13
1789,神隆#,神隆,上市,生技醫療,,,,1789.TW,股票,wide_explicit_header,wide_table,42,3
1795,美時,美時,上櫃,生技醫療,,,,1795.TWO,股票,wide_explicit_header,wide_table,26,13
1796,金穎生技,金穎生技,上櫃,食品工業,TW0001796001,2018/01/22,ESVUFR,1796.TWO,股票,structured_isin,structured_isin,105,
1799,易威,易威,上櫃,生技醫療業,TW0001799005,2008/11/10,ESVUFR,1799.TWO,股票,structured_isin+wide_explicit_header,structured_isin+wide_table,"27,106",13
1802,台玻#,台玻,上市,玻璃陶瓷,,,,1802.TW,股票,wide_explicit_header,wide_table,58,3
1805,寶徠,寶徠,上市,建材營造,,,,1805.TW,股票,wide_explicit_header,wide_table,34,9
1806,冠軍,冠軍,上市,玻璃陶瓷,,,,1806.TW,股票,wide_explicit_header,wide_table,59,3
1808,潤隆,潤隆,上市,建材營造,,,,1808.TW,股票,wide_explicit_header,wide_table,35,9
1809,中釉,中釉,上市,玻璃陶瓷,,,,1809.TW,股票,wide_explicit_header,wide_table,60,3
1810,和成,和成,上市,玻璃陶瓷,,,,1810.TW,股票,wide_explicit_header,wide_table,61,3
1813,寶利徠,寶利徠,上櫃,生技醫療業,TW0001813004,2009/08/04,ESVUFR,1813.TWO,股票,structured_isin+wide_explicit_header,structured_isin+wide_table,"28,107",13
1815,富喬,富喬,上櫃,電子零組件業,TW0001815009,2006/01/23,ESVUFR,1815.TWO,股票,structured_isin+wide_explicit_header,structured_isin+wide_table,"57,108",16
1817,凱撒衛,凱撒衛,上市,玻璃陶瓷,,,,1817.TW,股票,wide_explicit_header,wide_table,62,3
1902,台紙,台紙,上市,造紙,,,,1902.TW,股票,wide_explicit_header,wide_table,64,3
1903,士紙,士紙,上市,造紙,,,,1903.TW,股票,wide_explicit_header,wide_table,65,3
1904,正隆,正隆,上市,造紙,,,,1904.TW,股票,wide_explicit_header,wide_table,66,3
1905,華紙,華紙,上市,造紙,,,,1905.TW,股票,wide_explicit_header,wide_table,67,3
1906,寶隆,寶隆,上市,造紙,,,,1906.TW,股票,wide_explicit_header,wide_table,68,3
1907,永豐餘,永豐餘,上市,造紙,,,,1907.TW,股票,wide_explicit_header,wide_table,69,3
1909,榮成,榮成,上市,造紙,,,,1909.TW,股票,wide_explicit_header,wide_table,70,3
2002,中鋼*,中鋼,上市,鋼鐵,,,,2002.TW,股票,wide_explicit_header,wide_table,72,3
2006,東和鋼鐵,東和鋼鐵,上市,鋼鐵,,,,2006.TW,股票,wide_explicit_header,wide_table,73,3
2007,燁興,燁興,上市,鋼鐵,,,,2007.TW,股票,wide_explicit_header,wide_table,74,3
2008,高興昌,高興昌,上市,鋼鐵,,,,2008.TW,股票,wide_explicit_header,wide_table,75,3
2009,第一銅,第一銅,上市,鋼鐵,,,,2009.TW,股票,wide_explicit_header,wide_table,76,3
2010,春源,春源,上市,鋼鐵,,,,2010.TW,股票,wide_explicit_header,wide_table,77,3
2012,春雨,春雨,上市,鋼鐵,,,,2012.TW,股票,wide_explicit_header,wide_table,78,3
2013,中鋼構,中鋼構,上市,鋼鐵,,,,2013.TW,股票,wide_explicit_header,wide_table,79,3
2014,中鴻,中鴻,上市,鋼鐵,,,,2014.TW,股票,wide_explicit_header,wide_table,80,3
2015,豐興#,豐興,上市,鋼鐵,,,,2015.TW,股票,wide_explicit_header,wide_table,81,3
2017,官田鋼,官田鋼,上市,鋼鐵,,,,2017.TW,股票,wide_inherited_header,wide_table,1,4
2020,美亞,美亞,上市,鋼鐵,,,,2020.TW,股票,wide_inherited_header,wide_table,2,4
2022,聚亨,聚亨,上市,鋼鐵,,,,2022.TW,股票,wide_inherited_header,wide_table,3,4
2023,燁輝,燁輝,上市,鋼鐵,,,,2023.TW,股票,wide_inherited_header,wide_table,4,4
2024,志聯,志聯,上市,鋼鐵,,,,2024.TW,股票,wide_inherited_header,wide_table,5,4
2025,千興,千興,上市,鋼鐵,,,,2025.TW,股票,wide_inherited_header,wide_table,6,4
2027,大成鋼,大成鋼,上市,鋼鐵,,,,2027.TW,股票,wide_inherited_header,wide_table,7,4
2028,威致,威致,上市,鋼鐵,,,,2028.TW,股票,wide_inherited_header,wide_table,8,4
2029,盛餘,盛餘,上市,鋼鐵,,,,2029.TW,股票,wide_inherited_header,wide_table,9,4
2030,彰源,彰源,上市,鋼鐵,,,,2030.TW,股票,wide_inherited_header,wide_table,10,4
2031,新光鋼,新光鋼,上市,鋼鐵,,,,2031.TW,股票,wide_inherited_header,wide_table,11,4
2032,新鋼,新鋼,上市,鋼鐵,,,,2032.TW,股票,wide_inherited_header,wide_table,12,4
2033,佳大,佳大,上市,鋼鐵,,,,2033.TW,股票,wide_inherited_header,wide_table,13,4
2034,允強,允強,上市,鋼鐵,,,,2034.TW,股票,wide_inherited_header,wide_table,14,4
2035,唐榮,唐榮,上櫃,鋼鐵工業,TW0002035003,2006/07/07,ESVUFR,2035.TWO,股票,structured_isin+wide_explicit_header,structured_isin+wide_table,"79,109",13
2038,海光,海光,上市,鋼鐵,,,,2038.TW,股票,wide_inherited_header,wide_table,15,4
2049,上銀#,上銀,上市,電機機械,,,,2049.TW,股票,wide_explicit_header,wide_table,57,2
2059,川湖#,川湖,上市,電子零組件,,,,2059.TW,股票,wide_explicit_header,wide_table,32,7
2061,風青,風青,上櫃,電器電纜,TW0002061009,2010/12/09,ESVUFR,2061.TWO,股票,structured_isin+wide_explicit_header,structured_isin+wide_table,"3,110",13
2062,橋椿,橋椿,上市,其他,,,,2062.TW,股票,wide_explicit_header,wide_table,42,11
2063,世鎧,世鎧,上櫃,鋼鐵工業,TW0002063005,2010/09/07,ESVUFR,2063.TWO,股票,structured_isin+wide_explicit_header,structured_isin+wide_table,"80,111",13
2064,晉椿,晉椿,上櫃,鋼鐵工業,TW0002064003,2014/12/26,ESVUFR,2064.TWO,股票,structured_isin,structured_isin,112,
2065,世豐,世豐,上櫃,鋼鐵工業,TW0002065000,2017/04/21,ESVUFR,2065.TWO,股票,structured_isin,structured_isin,113,
2066,世德,世德,上櫃,電機機械,TW0002066008,2013/09/24,ESVUFR,2066.TWO,股票,structured_isin+wide_explicit_header,structured_isin+wide_table,"58,114",12
2067,嘉鋼,嘉鋼,上櫃,電機機械,TW0002067006,2014/05/26,ESVUFR,2067.TWO,股票,structured_isin,structured_isin,115,
2070,精湛,精湛,上櫃,電機機械,TW0002070000,2018/12/17,ESVUFR,2070.TWO,股票,structured_isin,structured_isin,116,
2073,雄順,雄順,上櫃,鋼鐵工業,TW0002073004,2023/06/21,ESVUFR,2073.TWO,股票,structured_isin,structured_isin,117,
2101,南港#,南港,上市,橡膠,,,,2101.TW,股票,wide_explicit_header,wide_table,21,4
2102,泰豐,泰豐,上市,橡膠,,,,2102.TW,股票,wide_explicit_header,wide_table,22,4
2103,台橡#,台橡,上市,橡膠,,,,2103.TW,股票,wide_explicit_header,wide_table,23,4
2104,中橡,中橡,上市,橡膠,,,,2104.TW,股票,wide_explicit_header,wide_table,24,4
2105,正新*,正新,上市,橡膠,,,,2105.TW,股票,wide_explicit_header,wide_table,25,4
2106,建大#,建大,上市,橡膠,,,,2106.TW,股票,wide_explicit_header,wide_table,26,4
2107,厚生,厚生,上市,橡膠,,,,2107.TW,股票,wide_explicit_header,wide_table,27,4
2108,南帝,南帝,上市,橡膠,,,,2108.TW,股票,wide_explicit_header,wide_table,28,4
2109,華豐,華豐,上市,橡膠,,,,2109.TW,股票,wide_explicit_header,wide_table,29,4
2114,鑫永銓,鑫永銓,上市,橡膠,,,,2114.TW,股票,wide_explicit_header,wide_table,30,4
2115,六暉-KY,六暉-KY,上市,橡膠,,,,2115.TW,股票,wide_explicit_header,wide_table,31,4
2201,裕隆#,裕隆,上市,汽車,,,,2201.TW,股票,wide_explicit_header,wide_table,34,4
2204,中華#,中華,上市,汽車,,,,2204.TW,股票,wide_explicit_header,wide_table,35,4
2206,三陽工業#,三陽工業,上市,汽車,,,,2206.TW,股票,wide_explicit_header,wide_table,36,4
2207,和泰車*,和泰車,上市,汽車,,,,2207.TW,股票,wide_explicit_header,wide_table,37,4
2208,台船,台船,上市,航運業,,,,2208.TW,股票,wide_explicit_header,wide_table,81,9
2221,大甲,大甲,上櫃,其他業,TW0002221009,2007/08/01,ESVUFR,2221.TWO,股票,structured_isin+wide_explicit_header,structured_isin+wide_table,"14,118",20
2227,裕日車,裕日車,上市,汽車,,,,2227.TW,股票,wide_explicit_header,wide_table,38,4
2228,劍麟,劍麟,上市,電機機械,,,,2228.TW,股票,wide_explicit_header,wide_table,58,2
2230,泰茂,泰茂,上櫃,電機機械,TW0002230000,2013/04/18,ESVUFR,2230.TWO,股票,structured_isin+wide_explicit_header,structured_isin+wide_table,"59,119",12
2231,為升#,為升,上市,電機機械,,,,2231.TW,股票,wide_explicit_header,wide_table,59,2
2233,宇隆,宇隆,上櫃,電機機械,,,,2233.TWO,股票,wide_explicit_header,wide_table,60,12
2235,謚源,謚源,上櫃,電機機械,TW0002235009,2014/12/15,ESVUFR,2235.TWO,股票,structured_isin,structured_isin,120,
2301,光寶科*,光寶科,上市,電腦及週邊設備,,,,2301.TW,股票,wide_explicit_header,wide_table,26,5
2302,麗正,麗正,上市,半導體,,,,2302.TW,股票,wide_explicit_header,wide_table,41,4
2303,聯電*,聯電,上市,半導體,,,,2303.TW,股票,wide_explicit_header,wide_table,42,4
2305,全友,全友,上市,電腦及週邊設備,,,,2305.TW,股票,wide_explicit_header,wide_table,27,5
2308,台達電*,台達電,上市,電子零組件,,,,2308.TW,股票,wide_explicit_header,wide_table,33,7
2311,日月光*,日月光,上市,半導體,,,,2311.TW,股票,wide_explicit_header,wide_table,43,4
2312,金寶,金寶,上市,其他電子,,,,2312.TW,股票,wide_explicit_header,wide_table,76,8
2313,華通#,華通,上市,電子零組件,,,,2313.TW,股票,wide_explicit_header,wide_table,34,7
2314,台揚,台揚,上市,通信網路,,,,2314.TW,股票,wide_explicit_header,wide_table,72,6
2316,楠梓電,楠梓電,上市,電子零組件,,,,2316.TW,股票,wide_explicit_header,wide_table,35,7
2317,鴻海*,鴻海,上市,其他電子,,,,2317.TW,股票,wide_explicit_header,wide_table,77,8
2321,東訊,東訊,上市,通信網路,,,,2321.TW,股票,wide_explicit_header,wide_table,73,6
2323,中環,中環,上市,光電,,,,2323.TW,股票,wide_explicit_header,wide_table,4,6
2324,仁寶*,仁寶,上市,電腦及週邊設備,,,,2324.TW,股票,wide_explicit_header,wide_table,28,5
2325,矽品*,矽品,上市,半導體,,,,2325.TW,股票,wide_explicit_header,wide_table,44,4
2327,國巨#,國巨,上市,電子零組件,,,,2327.TW,股票,wide_explicit_header,wide_table,36,7
2328,廣宇,廣宇,上市,電子零組件,,,,2328.TW,股票,wide_explicit_header,wide_table,37,7
2329,華泰,華泰,上市,半導體,,,,2329.TW,股票,wide_explicit_header,wide_table,45,4
2330,台積電*,台積電,上市,半導體,,,,2330.TW,股票,wide_explicit_header,wide_table,46,4
2331,精英,精英,上市,電腦及週邊設備,,,,2331.TW,股票,wide_explicit_header,wide_table,29,5
2332,友訊,友訊,上市,通信網路,,,,2332.TW,股票,wide_explicit_header,wide_table,74,6
2337,旺宏,旺宏,上市,半導體,,,,2337.TW,股票,wide_explicit_header,wide_table,47,4
2338,光罩,光罩,上市,半導體,,,,2338.TW,股票,wide_explicit_header,wide_table,48,4
2340,光磊,光磊,上市,光電,,,,2340.TW,股票,wide_explicit_header,wide_table,5,6
2342,茂矽,茂矽,上市,半導體,,,,2342.TW,股票,wide_explicit_header,wide_table,49,4
2344,華邦電#,華邦電,上市,半導體,,,,2344.TW,股票,wide_explicit_header,wide_table,50,4
2345,智邦#,智邦,上市,通信網路,,,,2345.TW,股票,wide_explicit_header,wide_table,75,6
2347,聯強#,聯強,上市,電子通路,,,,2347.TW,股票,wide_explicit_header,wide_table,41,8
2348,海悅,海悅,上市,其他,,,,2348.TW,股票,wide_explicit_header,wide_table,43,11
2349,錸德,錸德,上市,光電,,,,2349.TW,股票,wide_explicit_header,wide_table,6,6
2351,順德,順德,上市,半導體,,,,2351.TW,股票,wide_explicit_header,wide_table,51,4
2352,佳世達#,佳世達,上市,電腦及週邊設備,,,,2352.TW,股票,wide_explicit_header,wide_table,30,5
2353,宏碁#,宏碁,上市,電腦及週邊設備,,,,2353.TW,股票,wide_explicit_header,wide_table,31,5
2354,鴻準*,鴻準,上市,其他電子,,,,2354.TW,股票,wide_explicit_header,wide_table,78,8
2355,敬鵬#,敬鵬,上市,電子零組件,,,,2355.TW,股票,wide_explicit_header,wide_table,38,7
2356,英業達#,英業達,上市,電腦及週邊設備,,,,2356.TW,股票,wide_explicit_header,wide_table,32,5
2357,華碩*,華碩,上市,電腦及週邊設備,,,,2357.TW,股票,wide_explicit_header,wide_table,33,5
2358,廷鑫,廷鑫,上市,電腦及週邊設備,,,,2358.TW,股票,wide_explicit_header,wide_table,34,5
2359,所羅門,所羅門,上市,其他電子,,,,2359.TW,股票,wide_explicit_header,wide_table,79,8
2360,致茂#,致茂,上市,其他電子,,,,2360.TW,股票,wide_explicit_header,wide_table,80,8
2362,藍天#,藍天,上市,電腦及週邊設備,,,,2362.TW,股票,wide_explicit_header,wide_table,35,5
2363,矽統,矽統,上市,半導體,,,,2363.TW,股票,wide_explicit_header,wide_table,52,4
2364,倫飛,倫飛,上市,電腦及週邊設備,,,,2364.TW,股票,wide_explicit_header,wide_table,36,5
2365,昆盈,昆盈,上市,電腦及週邊設備,,,,2365.TW,股票,wide_explicit_header,wide_table,37,5
2367,燿華,燿華,上市,電子零組件,,,,2367.TW,股票,wide_explicit_header,wide_table,39,7
2368,金像電,金像電,上市,電子零組件,,,,2368.TW,股票,wide_explicit_header,wide_table,40,7
2369,菱生,菱生,上市,半導體,,,,2369.TW,股票,wide_explicit_header,wide_table,53,4
2371,大同,大同,上市,電機機械,,,,2371.TW,股票,wide_explicit_header,wide_table,60,2
2373,震旦行,震旦行,上市,其他電子,,,,2373.TW,股票,wide_explicit_header,wide_table,81,8
2374,佳能,佳能,上市,光電,,,,2374.TW,股票,wide_explicit_header,wide_table,7,6
2375,智寶,智寶,上市,電子零組件,,,,2375.TW,股票,wide_explicit_header,wide_table,41,7
2376,技嘉#,技嘉,上市,電腦及週邊設備,,,,2376.TW,股票,wide_explicit_header,wide_table,38,5
2377,微星#,微星,上市,電腦及週邊設備,,,,2377.TW,股票,wide_explicit_header,wide_table,39,5
2379,瑞昱#,瑞昱,上市,半導體,,,,2379.TW,股票,wide_explicit_header,wide_table,54,4
2380,虹光,虹光,上市,電腦及週邊設備,,,,2380.TW,股票,wide_explicit_header,wide_table,40,5
2382,廣達*,廣達,上市,電腦及週邊設備,,,,2382.TW,股票,wide_explicit_header,wide_table,41,5
2383,台光電#,台光電,上市,電子零組件,,,,2383.TW,股票,wide_explicit_header,wide_table,42,7
2385,群光#,群光,上市,電子零組件,,,,2385.TW,股票,wide_explicit_header,wide_table,43,7
2387,精元,精元,上市,電腦及週邊設備,,,,2387.TW,股票,wide_explicit_header,wide_table,42,5
2388,威盛,威盛,上市,半導體,,,,2388.TW,股票,wide_explicit_header,wide_table,55,4
2390,云辰,云辰,上市,其他電子,,,,2390.TW,股票,wide_inherited_header,wide_table,1,9
2392,正崴#,正崴,上市,電子零組件,,,,2392.TW,股票,wide_explicit_header,wide_table,44,7
2393,億光,億光,上市,光電,,,,2393.TW,股票,wide_explicit_header,wide_table,8,6
2395,研華*,研華,上市,電腦及週邊設備,,,,2395.TW,股票,wide_explicit_header,wide_table,43,5
2397,友通,友通,上市,電腦及週邊設備,,,,2397.TW,股票,wide_explicit_header,wide_table,44,5
2399,映泰,映泰,上市,電腦及週邊設備,,,,2399.TW,股票,wide_explicit_header,wide_table,45,5
2401,凌陽,凌陽,上市,半導體,,,,2401.TW,股票,wide_explicit_header,wide_table,56,4
2402,毅嘉,毅嘉,上市,電子零組件,,,,2402.TW,股票,wide_explicit_header,wide_table,45,7
2404,漢唐,漢唐,上市,其他電子,,,,2404.TW,股票,wide_inherited_header,wide_table,2,9
2405,浩鑫,浩鑫,上市,電腦及週邊設備,,,,2405.TW,股票,wide_explicit_header,wide_table,46,5
2406,國碩,國碩,上市,光電,,,,2406.TW,股票,wide_explicit_header,wide_table,9,6
2408,南亞科*,南亞科,上市,半導體,,,,2408.TW,股票,wide_explicit_header,wide_table,57,4
2409,友達*,友達,上市,光電,,,,2409.TW,股票,wide_explicit_header,wide_table,10,6
2412,中華電*,中華電,上市,通信網路,,,,2412.TW,股票,wide_explicit_header,wide_table,76,6
2413,環科,環科,上市,電子零組件,,,,2413.TW,股票,wide_explicit_header,wide_table,46,7
2414,精技,精技,上市,電子通路,,,,2414.TW,股票,wide_explicit_header,wide_table,42,8
2415,錩新,錩新,上市,電子零組件,,,,2415.TW,股票,wide_explicit_header,wide_table,47,7
2417,圓剛,圓剛,上市,電腦及週邊設備,,,,2417.TW,股票,wide_explicit_header,wide_table,47,5
2419,仲琦,仲琦,上市,通信網路,,,,2419.TW,股票,wide_explicit_header,wide_table,77,6
2420,新巨,新巨,上市,電子零組件,,,,2420.TW,股票,wide_explicit_header,wide_table,48,7
2421,建準,建準,上市,電子零組件,,,,2421.TW,股票,wide_explicit_header,wide_table,49,7
2423,固緯,固緯,上市,其他電子,,,,2423.TW,股票,wide_inherited_header,wide_table,3,9
2424,隴華,隴華,上市,電腦及週邊設備,,,,2424.TW,股票,wide_explicit_header,wide_table,48,5
2425,承啟,承啟,上市,電腦及週邊設備,,,,2425.TW,股票,wide_explicit_header,wide_table,49,5
2426,鼎元,鼎元,上市,光電,,,,2426.TW,股票,wide_explicit_header,wide_table,11,6
2427,三商電,三商電,上市,資訊服務,,,,2427.TW,股票,wide_explicit_header,wide_table,63,8
2428,興勤,興勤,上市,電子零組件,,,,2428.TW,股票,wide_explicit_header,wide_table,50,7
2429,銘旺科,銘旺科,上市,電子零組件,,,,2429.TW,股票,wide_explicit_header,wide_table,51,7
2430,燦坤,燦坤,上市,電子通路,,,,2430.TW,股票,wide_explicit_header,wide_table,43,8
2431,聯昌,聯昌,上市,電子零組件,,,,2431.TW,股票,wide_explicit_header,wide_table,52,7
2433,互盛電,互盛電,上市,其他電子,,,,2433.TW,股票,wide_inherited_header,wide_table,4,9
2434,統懋,統懋,上市,半導體,,,,2434.TW,股票,wide_explicit_header,wide_table,58,4
2436,偉詮電,偉詮電,上市,半導體,,,,2436.TW,股票,wide_explicit_header,wide_table,59,4
2437,旺詮,旺詮,上市,電子零組件,,,,2437.TW,股票,wide_explicit_header,wide_table,53,7
2438,翔耀,翔耀,上市,光電,,,,2438.TW,股票,wide_explicit_header,wide_table,12,6
2439,美律,美律,上市,通信網路,,,,2439.TW,股票,wide_explicit_header,wide_table,78,6
2440,太空梭,太空梭,上市,電子零組件,,,,2440.TW,股票,wide_explicit_header,wide_table,54,7
2441,超豐,超豐,上市,半導體,,,,2441.TW,股票,wide_explicit_header,wide_table,60,4
2442,新美齊,新美齊,上市,電腦及週邊設備,,,,2442.TW,股票,wide_explicit_header,wide_table,50,5
2443,新利虹,新利虹,上市,電子零組件,,,,2443.TW,股票,wide_explicit_header,wide_table,55,7
2444,友旺,友旺,上市,通信網路,,,,2444.TW,股票,wide_explicit_header,wide_table,79,6
2448,晶電#,晶電,上市,光電,,,,2448.TW,股票,wide_explicit_header,wide_table,13,6
2449,京元電子#,京元電子,上市,半導體,,,,2449.TW,股票,wide_explicit_header,wide_table,61,4
2450,神腦,神腦,上市,通信網路,,,,2450.TW,股票,wide_explicit_header,wide_table,80,6
2451,創見#,創見,上市,半導體,,,,2451.TW,股票,wide_explicit_header,wide_table,62,4
2453,凌群,凌群,上市,資訊服務,,,,2453.TW,股票,wide_explicit_header,wide_table,64,8
2454,聯發科*,聯發科,上市,半導體,,,,2454.TW,股票,wide_explicit_header,wide_table,63,4
2455,全新,全新,上市,通信網路,,,,2455.TW,股票,wide_explicit_header,wide_table,81,6
2456,奇力新,奇力新,上市,電子零組件,,,,2456.TW,股票,wide_explicit_header,wide_table,56,7
2457,飛宏,飛宏,上市,電子零組件,,,,2457.TW,股票,wide_explicit_header,wide_table,57,7
2458,義隆,義隆,上市,半導體,,,,2458.TW,股票,wide_explicit_header,wide_table,64,4
2459,敦吉,敦吉,上市,電子通路,,,,2459.TW,股票,wide_explicit_header,wide_table,44,8
2460,建通,建通,上市,電子零組件,,,,2460.TW,股票,wide_explicit_header,wide_table,58,7
2461,光群雷,光群雷,上市,其他電子,,,,2461.TW,股票,wide_inherited_header,wide_table,5,9
2462,良得電,良得電,上市,電子零組件,,,,2462.TW,股票,wide_explicit_header,wide_table,59,7
2464,盟立,盟立,上市,其他電子,,,,2464.TW,股票,wide_inherited_header,wide_table,6,9
2465,麗臺,麗臺,上市,電腦及週邊設備,,,,2465.TW,股票,wide_explicit_header,wide_table,51,5
2466,冠西電,冠西電,上市,光電,,,,2466.TW,股票,wide_explicit_header,wide_table,14,6
2467,志聖,志聖,上市,電子零組件,,,,2467.TW,股票,wide_explicit_header,wide_table,60,7
2468,華經,華經,上市,資訊服務,,,,2468.TW,股票,wide_explicit_header,wide_table,65,8
2471,資通,資通,上市,資訊服務,,,,2471.TW,股票,wide_explicit_header,wide_table,66,8
2472,立隆電,立隆電,上市,電子零組件,,,,2472.TW,股票,wide_explicit_header,wide_table,61,7
2474,可成*,可成,上市,其他電子,,,,2474.TW,股票,wide_inherited_header,wide_table,7,9
2475,華映,華映,上市,光電,,,,2475.TW,股票,wide_explicit_header,wide_table,15,6
2476,鉅祥,鉅祥,上市,電子零組件,,,,2476.TW,股票,wide_explicit_header,wide_table,62,7
2477,美隆電,美隆電,上市,其他電子,,,,2477.TW,股票,wide_inherited_header,wide_table,8,9
2478,大毅,大毅,上市,電子零組件,,,,2478.TW,股票,wide_explicit_header,wide_table,63,7
2480,敦陽科,敦陽科,上市,資訊服務,,,,2480.TW,股票,wide_explicit_header,wide_table,67,8
2481,強茂,強茂,上市,半導體,,,,2481.TW,股票,wide_explicit_header,wide_table,65,4
2482,連宇,連宇,上市,其他電子,,,,2482.TW,股票,wide_inherited_header,wide_table,9,9
2483,百容,百容,上市,電子零組件,,,,2483.TW,股票,wide_explicit_header,wide_table,64,7
2484,希華,希華,上市,電子零組件,,,,2484.TW,股票,wide_explicit_header,wide_table,65,7
2485,兆赫,兆赫,上市,通信網路,,,,2485.TW,股票,wide_inherited_header,wide_table,1,7
2486,一詮,一詮,上市,光電,,,,2486.TW,股票,wide_explicit_header,wide_table,16,6
2488,漢平,漢平,上市,其他電子,,,,2488.TW,股票,wide_inherited_header,wide_table,10,9
2489,瑞軒,瑞軒,上市,光電,,,,2489.TW,股票,wide_explicit_header,wide_table,17,6
2491,吉祥全,吉祥全,上市,光電,,,,2491.TW,股票,wide_explicit_header,wide_table,18,6
2492,華新科,華新科,上市,電子零組件,,,,2492.TW,股票,wide_explicit_header,wide_table,66,7
2493,揚博,揚博,上市,電子零組件,,,,2493.TW,股票,wide_explicit_header,wide_table,67,7
2495,普安,普安,上市,其他電子,,,,2495.TW,股票,wide_inherited_header,wide_table,11,9
2496,卓越,卓越,上市,通信網路,,,,2496.TW,股票,wide_inherited_header,wide_table,2,7
2497,怡利電,怡利電,上市,其他電子,,,,2497.TW,股票,wide_inherited_header,wide_table,12,9
2498,宏達電#,宏達電,上市,通信網路,,,,2498.TW,股票,wide_inherited_header,wide_table,3,7
2499,東貝,東貝,上市,光電,,,,2499.TW,股票,wide_explicit_header,wide_table,19,6
2501,國建#,國建,上市,建材營造,,,,2501.TW,股票,wide_explicit_header,wide_table,36,9
2504,國產,國產,上市,建材營造,,,,2504.TW,股票,wide_explicit_header,wide_table,37,9
2505,國揚,國揚,上市,建材營造,,,,2505.TW,股票,wide_explicit_header,wide_table,38,9
2506,太設,太設,上市,建材營造,,,,2506.TW,股票,wide_explicit_header,wide_table,39,9
2509,全坤建,全坤建,上市,建材營造,,,,2509.TW,股票,wide_explicit_header,wide_table,40,9
2511,太子,太子,上市,建材營造,,,,2511.TW,股票,wide_explicit_header,wide_table,41,9
2514,龍邦,龍邦,上市,其他,,,,2514.TW,股票,wide_explicit_header,wide_table,44,11
2515,中工,中工,上市,建材營造,,,,2515.TW,股票,wide_explicit_header,wide_table,42,9
2516,新建,新建,上市,建材營造,,,,2516.TW,股票,wide_explicit_header,wide_table,43,9
2520,冠德,冠德,上市,建材營造,,,,2520.TW,股票,wide_explicit_header,wide_table,44,9
2524,京城,京城,上市,建材營造,,,,2524.TW,股票,wide_explicit_header,wide_table,45,9
2527,宏璟,宏璟,上市,建材營造,,,,2527.TW,股票,wide_explicit_header,wide_table,46,9
2528,皇普,皇普,上市,建材營造,,,,2528.TW,股票,wide_explicit_header,wide_table,47,9
2530,華建,華建,上市,建材營造,,,,2530.TW,股票,wide_explicit_header,wide_table,48,9
2534,宏盛,宏盛,上市,建材營造,,,,2534.TW,股票,wide_explicit_header,wide_table,49,9
2535,達欣工,達欣工,上市,建材營造,,,,2535.TW,股票,wide_explicit_header,wide_table,50,9
2536,宏普,宏普,上市,建材營造,,,,2536.TW,股票,wide_explicit_header,wide_table,51,9
2537,聯上發,聯上發,上市,建材營造,,,,2537.TW,股票,wide_explicit_header,wide_table,52,9
2538,基泰,基泰,上市,建材營造,,,,2538.TW,股票,wide_explicit_header,wide_table,53,9
2539,櫻花建,櫻花建,上市,建材營造,,,,2539.TW,股票,wide_explicit_header,wide_table,54,9
2540,愛山林,愛山林,上市,建材營造,,,,2540.TW,股票,wide_explicit_header,wide_table,55,9
2542,興富發#,興富發,上市,建材營造,,,,2542.TW,股票,wide_explicit_header,wide_table,56,9
2543,皇昌,皇昌,上市,建材營造,,,,2543.TW,股票,wide_explicit_header,wide_table,57,9
2545,皇翔,皇翔,上市,建材營造,,,,2545.TW,股票,wide_explicit_header,wide_table,58,9
2546,根基,根基,上市,建材營造,,,,2546.TW,股票,wide_explicit_header,wide_table,59,9
2547,日勝生,日勝生,上市,建材營造,,,,2547.TW,股票,wide_explicit_header,wide_table,60,9
2548,華固,華固,上市,建材營造,,,,2548.TW,股票,wide_explicit_header,wide_table,61,9
2596,綠意,綠意,上櫃,建材營造業,TW0002596004,2009/06/01,ESVUFR,2596.TWO,股票,structured_isin+wide_explicit_header,structured_isin+wide_table,"78,121",18
2597,潤弘,潤弘,上市,建材營造,,,,2597.TW,股票,wide_explicit_header,wide_table,62,9
2601,益航,益航,上市,貿易百貨,,,,2601.TW,股票,wide_explicit_header,wide_table,72,10
2603,長榮#,長榮,上市,航運業,,,,2603.TW,股票,wide_inherited_header,wide_table,1,10
2605,新興,新興,上市,航運業,,,,2605.TW,股票,wide_inherited_header,wide_table,2,10
2606,裕民,裕民,上市,航運業,,,,2606.TW,股票,wide_inherited_header,wide_table,3,10
2607,榮運,榮運,上市,航運業,,,,2607.TW,股票,wide_inherited_header,wide_table,4,10
2608,大榮,大榮,上市,航運業,,,,2608.TW,股票,wide_inherited_header,wide_table,5,10
2609,陽明#,陽明,上市,航運業,,,,2609.TW,股票,wide_inherited_header,wide_table,6,10
2610,華航#,華航,上市,航運業,,,,2610.TW,股票,wide_inherited_header,wide_table,7,10
2611,志信,志信,上市,航運業,,,,2611.TW,股票,wide_inherited_header,wide_table,8,10
2612,中航,中航,上市,航運業,,,,2612.TW,股票,wide_inherited_header,wide_table,9,10
2613,中櫃,中櫃,上市,航運業,,,,2613.TW,股票,wide_inherited_header,wide_table,10,10
2614,東森,東森,上市,貿易百貨,,,,2614.TW,股票,wide_explicit_header,wide_table,73,10
2615,萬海#,萬海,上市,航運業,,,,2615.TW,股票,wide_inherited_header,wide_table,11,10
2616,山隆,山隆,上市,油電燃氣,,,,2616.TW,股票,wide_explicit_header,wide_table,8,11
2617,台航,台航,上市,航運業,,,,2617.TW,股票,wide_inherited_header,wide_table,12,10
2618,長榮航#,長榮航,上市,航運業,,,,2618.TW,股票,wide_inherited_header,wide_table,13,10
2636,台驊,台驊,上櫃,航運業,,,,2636.TWO,股票,wide_explicit_header,wide_table,20,19
2637,慧洋-KY,慧洋-KY,上市,航運業,,,,2637.TW,股票,wide_inherited_header,wide_table,14,10
2640,大車隊,大車隊,上櫃,數位雲端,TW0002640000,2012/11/07,ESVUFR,2640.TWO,股票,structured_isin+wide_explicit_header,structured_isin+wide_table,"15,122",20
2641,正德,正德,上櫃,航運業,TW0002641008,2014/10/09,ESVUFR,2641.TWO,股票,structured_isin,structured_isin,123,
2642,宅配通,宅配通,上市,航運業,,,,2642.TW,股票,wide_inherited_header,wide_table,15,10
2643,捷迅,捷迅,上櫃,航運業,TW0002643004,2016/03/04,ESVUFR,2643.TWO,股票,structured_isin,structured_isin,124,
2701,萬企,萬企,上市,觀光,,,,2701.TW,股票,wide_explicit_header,wide_table,20,10
2702,華園,華園,上市,觀光,,,,2702.TW,股票,wide_explicit_header,wide_table,21,10
2704,國賓,國賓,上市,觀光,,,,2704.TW,股票,wide_explicit_header,wide_table,22,10
2705,六福,六福,上市,觀光,,,,2705.TW,股票,wide_explicit_header,wide_table,23,10
2706,第一店,第一店,上市,觀光,,,,2706.TW,股票,wide_explicit_header,wide_table,24,10
2707,晶華#,晶華,上市,觀光,,,,2707.TW,股票,wide_explicit_header,wide_table,25,10
2712,遠雄來,遠雄來,上市,觀光,,,,2712.TW,股票,wide_explicit_header,wide_table,26,10
2718,全心投控,全心投控,上櫃,建材營造業,TW0002718004,2011/03/29,ESVUFR,2718.TWO,股票,structured_isin+wide_explicit_header,structured_isin+wide_table,"27,125",19
2719,燦星旅,燦星旅,上櫃,觀光餐旅,TW0002719002,2012/02/24,ESVUFR,2719.TWO,股票,structured_isin+wide_explicit_header,structured_isin+wide_table,"28,126",19
2722,夏都,夏都,上市,觀光,,,,2722.TW,股票,wide_explicit_header,wide_table,27,10
2723,美食-KY#,美食-KY,上市,觀光,,,,2723.TW,股票,wide_explicit_header,wide_table,28,10
2724,藝舍-KY,藝舍-KY,上櫃,其他業,KYG3704Y1017,2012/05/29,ESVUFR,2724.TWO,股票,structured_isin+wide_explicit_header,structured_isin+wide_table,"29,127",19
2726,雅茗-KY,雅茗-KY,上櫃,觀光餐旅,KYG988361021,2014/12/24,ESVUFR,2726.TWO,股票,structured_isin,structured_isin,128,
2727,王品,王品,上市,觀光,,,,2727.TW,股票,wide_explicit_header,wide_table,29,10
2729,瓦城,瓦城,上櫃,觀光餐旅,TW0002729001,2012/09/17,ESVUFR,2729.TWO,股票,structured_isin+wide_explicit_header,structured_isin+wide_table,"30,129",19
2731,雄獅,雄獅,上市,觀光,,,,2731.TW,股票,wide_explicit_header,wide_table,30,10
2732,六角,六角,上櫃,觀光餐旅,TW0002732005,2015/01/20,ESVUFR,2732.TWO,股票,structured_isin,structured_isin,130,
2734,易飛網,易飛網,上櫃,觀光餐旅,TW0002734001,2013/12/26,ESVUFR,2734.TWO,股票,structured_isin+wide_explicit_header,structured_isin+wide_table,"31,131",19
2736,富野,富野,上櫃,觀光餐旅,TW0002736006,2016/01/06,ESVUFR,2736.TWO,股票,structured_isin,structured_isin,132,
2740,華軒,華軒,上櫃,觀光餐旅,TW0002740008,2015/12/24,ESVUFR,2740.TWO,股票,structured_isin,structured_isin,133,
2743,山富,山富,上櫃,觀光餐旅,TW0002743002,2020/03/09,ESVUFR,2743.TWO,股票,structured_isin,structured_isin,134,
2745,五福,五福,上櫃,觀光餐旅,TW0002745007,2018/04/16,ESVUFR,2745.TWO,股票,structured_isin,structured_isin,135,
2751,王座,王座,上櫃,觀光餐旅,TW0002751005,2024/09/10,ESVUFR,2751.TWO,股票,structured_isin,structured_isin,136,
2752,豆府,豆府,上櫃,觀光餐旅,TW0002752003,2019/09/25,ESVUFR,2752.TWO,股票,structured_isin,structured_isin,137,
2754,亞洲藏壽司,亞洲藏壽司,上櫃,觀光餐旅,TW0002754009,2020/09/17,ESVUFR,2754.TWO,股票,structured_isin,structured_isin,138,
2755,揚秦,揚秦,上櫃,觀光餐旅,TW0002755006,2020/12/16,ESVUFR,2755.TWO,股票,structured_isin,structured_isin,139,
2756,聯發國際,聯發國際,上櫃,觀光餐旅,TW0002756004,2022/01/14,ESVUFR,2756.TWO,股票,structured_isin,structured_isin,140,
2801,彰銀*,彰銀,上市,金融保險,,,,2801.TW,股票,wide_explicit_header,wide_table,35,10
2809,京城銀#,京城銀,上市,金融保險,,,,2809.TW,股票,wide_explicit_header,wide_table,36,10
2812,台中銀#,台中銀,上市,金融保險,,,,2812.TW,股票,wide_explicit_header,wide_table,37,10
2816,旺旺保,旺旺保,上市,金融保險,,,,2816.TW,股票,wide_explicit_header,wide_table,38,10
2820,華票,華票,上市,金融保險,,,,2820.TW,股票,wide_explicit_header,wide_table,39,10
2823,中壽#,中壽,上市,金融保險,,,,2823.TW,股票,wide_explicit_header,wide_table,40,10
2832,台產,台產,上市,金融保險,,,,2832.TW,股票,wide_explicit_header,wide_table,41,10
2833,台壽保,台壽保,上市,金融保險,,,,2833.TW,股票,wide_explicit_header,wide_table,42,10
2834,臺企銀#,臺企銀,上市,金融保險,,,,2834.TW,股票,wide_explicit_header,wide_table,43,10
2836,高雄銀,高雄銀,上市,金融保險,,,,2836.TW,股票,wide_explicit_header,wide_table,44,10
2837,凱基銀,凱基銀,上市,金融保險,,,,2837.TW,股票,wide_explicit_header,wide_table,45,10
2838,聯邦銀,聯邦銀,上市,金融保險,,,,2838.TW,股票,wide_explicit_header,wide_table,46,10
2841,台開,台開,上市,建材營造,,,,2841.TW,股票,wide_explicit_header,wide_table,63,9
2845,遠東銀#,遠東銀,上市,金融保險,,,,2845.TW,股票,wide_explicit_header,wide_table,47,10
2847,大眾銀,大眾銀,上市,金融保險,,,,2847.TW,股票,wide_explicit_header,wide_table,48,10
2849,安泰銀#,安泰銀,上市,金融保險,,,,2849.TW,股票,wide_explicit_header,wide_table,49,10
2850,新產,新產,上市,金融保險,,,,2850.TW,股票,wide_explicit_header,wide_table,50,10
2851,中再保,中再保,上市,金融保險,,,,2851.TW,股票,wide_explicit_header,wide_table,51,10
2852,第一保,第一保,上市,金融保險,,,,2852.TW,股票,wide_explicit_header,wide_table,52,10
2855,統一證,統一證,上市,金融保險,,,,2855.TW,股票,wide_explicit_header,wide_table,53,10
2856,元富證,元富證,上市,金融保險,,,,2856.TW,股票,wide_explicit_header,wide_table,54,10
2867,三商壽#,三商壽,上市,金融保險,,,,2867.TW,股票,wide_explicit_header,wide_table,55,10
2880,華南金*,華南金,上市,金融保險,,,,2880.TW,股票,wide_explicit_header,wide_table,56,10
2881,富邦金*,富邦金,上市,金融保險,,,,2881.TW,股票,wide_explicit_header,wide_table,57,10
2882,國泰金*,國泰金,上市,金融保險,,,,2882.TW,股票,wide_explicit_header,wide_table,58,10
2883,開發金*,開發金,上市,金融保險,,,,2883.TW,股票,wide_explicit_header,wide_table,59,10
2884,玉山金*,玉山金,上市,金融保險,,,,2884.TW,股票,wide_explicit_header,wide_table,60,10
2885,元大金*,元大金,上市,金融保險,,,,2885.TW,股票,wide_explicit_header,wide_table,61,10
2886,兆豐金*,兆豐金,上市,金融保險,,,,2886.TW,股票,wide_explicit_header,wide_table,62,10
2887,台新金*,台新金,上市,金融保險,,,,2887.TW,股票,wide_explicit_header,wide_table,63,10
2888,新光金#,新光金,上市,金融保險,,,,2888.TW,股票,wide_explicit_header,wide_table,64,10
2889,國票金,國票金,上市,金融保險,,,,2889.TW,股票,wide_explicit_header,wide_table,65,10
2890,永豐金*,永豐金,上市,金融保險,,,,2890.TW,股票,wide_explicit_header,wide_table,66,10
2891,中信金*,中信金,上市,金融保險,,,,2891.TW,股票,wide_explicit_header,wide_table,67,10
2892,第一金*,第一金,上市,金融保險,,,,2892.TW,股票,wide_explicit_header,wide_table,68,10
2901,欣欣,欣欣,上市,貿易百貨,,,,2901.TW,股票,wide_explicit_header,wide_table,74,10
2903,遠百#,遠百,上市,貿易百貨,,,,2903.TW,股票,wide_explicit_header,wide_table,75,10
2904,匯僑,匯僑,上市,其他,,,,2904.TW,股票,wide_explicit_header,wide_table,45,11
2905,三商,三商,上市,貿易百貨,,,,2905.TW,股票,wide_explicit_header,wide_table,76,10
2906,高林,高林,上市,貿易百貨,,,,2906.TW,股票,wide_explicit_header,wide_table,77,10
2908,特力,特力,上市,貿易百貨,,,,2908.TW,股票,wide_explicit_header,wide_table,78,10
2910,統領,統領,上市,貿易百貨,,,,2910.TW,股票,wide_explicit_header,wide_table,79,10
2911,麗嬰房,麗嬰房,上市,貿易百貨,,,,2911.TW,股票,wide_explicit_header,wide_table,80,10
2912,統一超*,統一超,上市,貿易百貨,,,,2912.TW,股票,wide_explicit_header,wide_table,81,10
2913,農林,農林,上市,貿易百貨,,,,2913.TW,股票,wide_inherited_header,wide_table,1,11
2915,潤泰全#,潤泰全,上市,貿易百貨,,,,2915.TW,股票,wide_inherited_header,wide_table,2,11
2916,滿心,滿心,上櫃,居家生活,TW0002916004,2005/03/10,ESVUFR,2916.TWO,股票,structured_isin+wide_explicit_header,structured_isin+wide_table,"47,141",19
2923,鼎固-KY,鼎固-KY,上市,建材營造,,,,2923.TW,股票,wide_explicit_header,wide_table,64,9
2924,宏太-KY,宏太-KY,上櫃,居家生活,KYG198691092,2011/12/02,ESVUFR,2924.TWO,股票,structured_isin+wide_explicit_header,structured_isin+wide_table,"48,142",19
2926,誠品生活,誠品生活,上櫃,文化創意業,TW0002926003,2013/01/30,ESVUFR,2926.TWO,股票,structured_isin+wide_explicit_header,structured_isin+wide_table,"65,143",19
2929,淘帝-KY,淘帝-KY,上市,貿易百貨,,,,2929.TW,股票,wide_inherited_header,wide_table,3,11
2937,集雅社,集雅社,上櫃,居家生活,TW0002937000,2017/06/08,ESVUFR,2937.TWO,股票,structured_isin,structured_isin,144,
2941,米斯特,米斯特,上櫃,居家生活,TW0002941002,2024/03/20,ESVUFR,2941.TWO,股票,structured_isin,structured_isin,145,
2947,振宇五金,振宇五金,上櫃,居家生活,TW0002947009,2021/10/06,ESVUFR,2947.TWO,股票,structured_isin,structured_isin,146,
2948,寶陞,寶陞,上櫃,居家生活,TW0002948007,2023/12/12,ESVUFR,2948.TWO,股票,structured_isin,structured_isin,147,
2949,欣新網,欣新網,上櫃,數位雲端,TW0002949005,2023/12/15,ESVUFR,2949.TWO,股票,structured_isin,structured_isin,148,
3002,歐格,歐格,上市,電腦及週邊設備,,,,3002.TW,股票,wide_explicit_header,wide_table,52,5
3003,健和興,健和興,上市,電子零組件,,,,3003.TW,股票,wide_explicit_header,wide_table,68,7
3004,豐達科,豐達科,上市,鋼鐵,,,,3004.TW,股票,wide_inherited_header,wide_table,16,4
3005,神基,神基,上市,電腦及週邊設備,,,,3005.TW,股票,wide_explicit_header,wide_table,53,5
3006,晶豪科,晶豪科,上市,半導體,,,,3006.TW,股票,wide_explicit_header,wide_table,66,4
3008,大立光*,大立光,上市,光電,,,,3008.TW,股票,wide_explicit_header,wide_table,20,6
3010,華立,華立,上市,電子通路,,,,3010.TW,股票,wide_explicit_header,wide_table,45,8
3011,今皓,今皓,上市,電子零組件,,,,3011.TW,股票,wide_explicit_header,wide_table,69,7
3013,晟銘電,晟銘電,上市,電腦及週邊設備,,,,3013.TW,股票,wide_explicit_header,wide_table,54,5
3014,聯陽,聯陽,上市,半導體,,,,3014.TW,股票,wide_explicit_header,wide_table,67,4
3015,全漢,全漢,上市,電子零組件,,,,3015.TW,股票,wide_explicit_header,wide_table,70,7
3016,嘉晶,嘉晶,上市,半導體,,,,3016.TW,股票,wide_explicit_header,wide_table,68,4
3017,奇鋐,奇鋐,上市,電腦及週邊設備,,,,3017.TW,股票,wide_explicit_header,wide_table,55,5
3018,同開,同開,上市,其他電子,,,,3018.TW,股票,wide_inherited_header,wide_table,13,9
3019,亞光,亞光,上市,光電,,,,3019.TW,股票,wide_explicit_header,wide_table,21,6
3021,鴻名,鴻名,上市,電子零組件,,,,3021.TW,股票,wide_explicit_header,wide_table,71,7
3022,威強電,威強電,上市,電腦及週邊設備,,,,3022.TW,股票,wide_explicit_header,wide_table,56,5
3023,信邦,信邦,上市,電子零組件,,,,3023.TW,股票,wide_explicit_header,wide_table,72,7
3024,憶聲,憶聲,上市,光電,,,,3024.TW,股票,wide_explicit_header,wide_table,22,6
3025,星通,星通,上市,通信網路,,,,3025.TW,股票,wide_inherited_header,wide_table,4,7
3026,禾伸堂,禾伸堂,上市,電子零組件,,,,3026.TW,股票,wide_explicit_header,wide_table,73,7
3027,盛達,盛達,上市,通信網路,,,,3027.TW,股票,wide_inherited_header,wide_table,5,7
3028,增你強,增你強,上市,電子通路,,,,3028.TW,股票,wide_explicit_header,wide_table,46,8
3029,零壹,零壹,上市,資訊服務,,,,3029.TW,股票,wide_explicit_header,wide_table,68,8
3030,德律,德律,上市,其他電子,,,,3030.TW,股票,wide_inherited_header,wide_table,14,9
3031,佰鴻,佰鴻,上市,光電,,,,3031.TW,股票,wide_explicit_header,wide_table,23,6
3032,偉訓,偉訓,上市,電子零組件,,,,3032.TW,股票,wide_explicit_header,wide_table,74,7
3033,威健,威健,上市,電子通路,,,,3033.TW,股票,wide_explicit_header,wide_table,47,8
3034,聯詠#,聯詠,上市,半導體,,,,3034.TW,股票,wide_explicit_header,wide_table,69,4
3035,智原,智原,上市,半導體,,,,3035.TW,股票,wide_explicit_header,wide_table,70,4
3036,文曄,文曄,上市,電子通路,,,,3036.TW,股票,wide_explicit_header,wide_table,48,8
3037,欣興#,欣興,上市,電子零組件,,,,3037.TW,股票,wide_explicit_header,wide_table,75,7
3038,全台,全台,上市,光電,,,,3038.TW,股票,wide_explicit_header,wide_table,24,6
3040,遠見,遠見,上市,其他,,,,3040.TW,股票,wide_explicit_header,wide_table,46,11
3041,揚智,揚智,上市,半導體,,,,3041.TW,股票,wide_explicit_header,wide_table,71,4
3042,晶技,晶技,上市,電子零組件,,,,3042.TW,股票,wide_explicit_header,wide_table,76,7
3043,科風,科風,上市,其他電子,,,,3043.TW,股票,wide_inherited_header,wide_table,15,9
3044,健鼎#,健鼎,上市,電子零組件,,,,3044.TW,股票,wide_explicit_header,wide_table,77,7
3045,台灣大*,台灣大,上市,通信網路,,,,3045.TW,股票,wide_inherited_header,wide_table,6,7
3046,建碁,建碁,上市,電腦及週邊設備,,,,3046.TW,股票,wide_explicit_header,wide_table,57,5
3047,訊舟,訊舟,上市,通信網路,,,,3047.TW,股票,wide_inherited_header,wide_table,7,7
3048,益登,益登,上市,電子通路,,,,3048.TW,股票,wide_explicit_header,wide_table,49,8
3049,和鑫,和鑫,上市,光電,,,,3049.TW,股票,wide_explicit_header,wide_table,25,6
3050,鈺德,鈺德,上市,光電,,,,3050.TW,股票,wide_explicit_header,wide_table,26,6
3051,力特,力特,上市,光電,,,,3051.TW,股票,wide_explicit_header,wide_table,27,6
3052,夆典,夆典,上市,建材營造,,,,3052.TW,股票,wide_explicit_header,wide_table,65,9
3054,立萬利,立萬利,上市,半導體,,,,3054.TW,股票,wide_explicit_header,wide_table,72,4
3055,蔚華科,蔚華科,上市,電子通路,,,,3055.TW,股票,wide_explicit_header,wide_table,50,8
3056,總太,總太,上市,建材營造,,,,3056.TW,股票,wide_explicit_header,wide_table,66,9
3057,喬鼎,喬鼎,上市,電腦及週邊設備,,,,3057.TW,股票,wide_explicit_header,wide_table,58,5
3058,立德,立德,上市,電子零組件,,,,3058.TW,股票,wide_explicit_header,wide_table,78,7
3059,華晶科,華晶科,上市,光電,,,,3059.TW,股票,wide_explicit_header,wide_table,28,6
3060,銘異,銘異,上市,電腦及週邊設備,,,,3060.TW,股票,wide_explicit_header,wide_table,59,5
3062,建漢,建漢,上市,通信網路,,,,3062.TW,股票,wide_inherited_header,wide_table,8,7
3064,泰偉,泰偉,上櫃,文化創意業,TW0003064002,2004/06/09,ESVUFR,3064.TWO,股票,structured_isin+wide_explicit_header,structured_isin+wide_table,"66,149",19
3066,李洲,李洲,上櫃,光電業,TW0003066007,2004/12/02,ESVUFR,3066.TWO,股票,structured_isin+wide_explicit_header,structured_isin+wide_table,"45,150",15
3067,全域,全域,上櫃,其他電子業,TW0003067005,2003/10/21,ESVUFR,3067.TWO,股票,structured_isin+wide_explicit_header,structured_isin+wide_table,"40,151",18
3068,美磊,美磊,上櫃,通信網路,,,,3068.TWO,股票,wide_explicit_header,wide_table,11,16
3071,協禧,協禧,上櫃,電腦及週邊設備業,TW0003071007,2004/12/30,ESVUFR,3071.TWO,股票,structured_isin+wide_explicit_header,structured_isin+wide_table,"79,152",14
3073,天方能源,天方能源,上櫃,綠能環保,TW0003073003,2007/10/08,ESVUFR,3073.TWO,股票,structured_isin+wide_explicit_header,structured_isin+wide_table,"13,153",14
3078,僑威,僑威,上櫃,電子零組件業,TW0003078002,2005/01/31,ESVUFR,3078.TWO,股票,structured_isin+wide_explicit_header,structured_isin+wide_table,"58,154",16
3081,聯亞,聯亞,上櫃,通信網路業,TW0003081006,2015/07/22,ESVUFR,3081.TWO,股票,structured_isin,structured_isin,155,
3083,網龍,網龍,上櫃,文化創意業,TW0003083002,2003/12/02,ESVUFR,3083.TWO,股票,structured_isin+wide_explicit_header,structured_isin+wide_table,"67,156",19
3085,新零售,新零售,上櫃,數位雲端,TW0003085007,2004/03/01,ESVUFR,3085.TWO,股票,structured_isin+wide_explicit_header,structured_isin+wide_table,"16,157",18
3086,華義*,華義,上櫃,文化創意業,TW0003086005,2004/03/29,ESVUFR,3086.TWO,股票,structured_isin+wide_explicit_header,structured_isin+wide_table,"68,158",19
3088,艾訊,艾訊,上櫃,電腦及週邊設備業,TW0003088001,2005/04/28,ESVUFR,3088.TWO,股票,structured_isin+wide_explicit_header,structured_isin+wide_table,"80,159",14
3089,遠昇,遠昇,上櫃,電子零組件,,,,3089.TWO,股票,wide_explicit_header,wide_table,59,16
3090,日電貿,日電貿,上市,電子零組件,,,,3090.TW,股票,wide_explicit_header,wide_table,79,7
3092,鴻碩,鴻碩,上櫃,電子零組件,,,,3092.TWO,股票,wide_explicit_header,wide_table,60,16
3093,港建*,港建,上櫃,其他電子業,TW0003093001,2005/06/17,ESVUFR,3093.TWO,股票,structured_isin+wide_explicit_header,structured_isin+wide_table,"41,160",18
3094,聯傑,聯傑,上市,半導體,,,,3094.TW,股票,wide_explicit_header,wide_table,73,4
3095,及成,及成,上櫃,通信網路業,TW0003095006,2005/05/26,ESVUFR,3095.TWO,股票,structured_isin+wide_explicit_header,structured_isin+wide_table,"12,161",16
3105,穩懋,穩懋,上櫃,半導體業,TW0003105003,2011/12/13,ESVUFR,3105.TWO,股票,structured_isin+wide_explicit_header,structured_isin+wide_table,"14,162",14
3114,好德,好德,上櫃,電子零組件業,TW0003114005,2004/03/25,ESVUFR,3114.TWO,股票,structured_isin+wide_explicit_header,structured_isin+wide_table,"61,163",16
3115,富榮綱,富榮綱,上櫃,電子零組件業,TW0003115002,2005/04/08,ESVUFR,3115.TWO,股票,structured_isin+wide_explicit_header,structured_isin+wide_table,"62,164",16
3118,進階,進階,上櫃,生技醫療業,TW0003118006,2008/05/21,ESVUFR,3118.TWO,股票,structured_isin+wide_explicit_header,structured_isin+wide_table,"29,165",13
3122,笙泉,笙泉,上櫃,半導體業,TW0003122008,2015/01/26,ESVUFR,3122.TWO,股票,structured_isin,structured_isin,166,
3128,昇銳,昇銳,上櫃,光電業,TW0003128005,2006/09/04,ESVUFR,3128.TWO,股票,structured_isin+wide_explicit_header,structured_isin+wide_table,"46,167",15
3130,一零四,一零四,上市,資訊服務,,,,3130.TW,股票,wide_explicit_header,wide_table,69,8
3131,弘塑,弘塑,上櫃,其他電子業,TW0003131009,2011/01/17,ESVUFR,3131.TWO,股票,structured_isin+wide_explicit_header,structured_isin+wide_table,"42,168",18
3141,晶宏,晶宏,上櫃,半導體業,TW0003141008,2014/03/14,ESVUFR,3141.TWO,股票,structured_isin+wide_explicit_header,structured_isin+wide_table,"15,169",14
3144,新揚科,新揚科,上櫃,電子零組件,,,,3144.TWO,股票,wide_explicit_header,wide_table,63,16
3147,大綜,大綜,上櫃,資訊服務業,TW0003147005,2018/05/29,ESVUFR,3147.TWO,股票,structured_isin,structured_isin,170,
3149,正達,正達,上市,光電,,,,3149.TW,股票,wide_explicit_header,wide_table,29,6
3152,璟德,璟德,上櫃,通信網路業,TW0003152005,2008/03/24,ESVUFR,3152.TWO,股票,structured_isin+wide_explicit_header,structured_isin+wide_table,"13,171",16
3158,嘉實,嘉實,上櫃,資訊服務業,TW0003158002,2025/11/17,ESVUFR,3158.TWO,股票,structured_isin,structured_isin,172,
3162,精確,精確,上櫃,電機機械,TW0003162004,2005/10/03,ESVUFR,3162.TWO,股票,structured_isin+wide_explicit_header,structured_isin+wide_table,"61,173",12
3163,波若威,波若威,上櫃,通信網路業,TW0003163002,2012/12/03,ESVUFR,3163.TWO,股票,structured_isin+wide_explicit_header,structured_isin+wide_table,"14,174",16
3164,景岳,景岳,上市,生技醫療,,,,3164.TW,股票,wide_explicit_header,wide_table,43,3
3167,大量,大量,上市,電機機械,,,,3167.TW,股票,wide_explicit_header,wide_table,61,2
3169,亞信,亞信,上櫃,半導體業,TW0003169009,2009/11/24,ESVUFR,3169.TWO,股票,structured_isin+wide_explicit_header,structured_isin+wide_table,"16,175",14
3171,炎洲流通,炎洲流通,上櫃,居家生活,TW0003171005,2004/09/17,ESVUFR,3171.TWO,股票,structured_isin+wide_explicit_header,structured_isin+wide_table,"49,176",19
3176,基亞,基亞,上櫃,生技醫療業,TW0003176004,2011/11/23,ESVUFR,3176.TWO,股票,structured_isin+wide_explicit_header,structured_isin+wide_table,"30,177",13
3178,公準,公準,上櫃,半導體業,TW0003178000,2018/11/19,ESVUFR,3178.TWO,股票,structured_isin,structured_isin,178,
3188,鑫龍騰,鑫龍騰,上櫃,建材營造業,TW0003188009,2004/03/17,ESVUFR,3188.TWO,股票,structured_isin+wide_explicit_header,structured_isin+wide_table,"17,179",14
3189,景碩#,景碩,上市,半導體,,,,3189.TW,股票,wide_explicit_header,wide_table,74,4
3191,雲嘉南,雲嘉南,上櫃,電子零組件業,TW0003191003,2005/04/12,ESVUFR,3191.TWO,股票,structured_isin+wide_explicit_header,structured_isin+wide_table,"64,180",16
3202,樺晟,樺晟,上櫃,電子零組件,,,,3202.TWO,股票,wide_explicit_header,wide_table,65,16
3205,佰研,佰研,上櫃,生技醫療業,TW0003205001,2005/09/12,ESVUFR,3205.TWO,股票,structured_isin+wide_explicit_header,structured_isin+wide_table,"31,181",13
3206,志豐,志豐,上櫃,電子零組件業,TW0003206009,2007/02/08,ESVUFR,3206.TWO,股票,structured_isin+wide_explicit_header,structured_isin+wide_table,"66,182",16
3207,耀勝,耀勝,上櫃,電子零組件業,TW0003207007,2004/11/04,ESVUFR,3207.TWO,股票,structured_isin+wide_explicit_header,structured_isin+wide_table,"67,183",16
3209,全科,全科,上市,電子通路,,,,3209.TW,股票,wide_explicit_header,wide_table,51,8
3211,順達,順達,上櫃,電腦及週邊設備業,TW0003211009,2004/11/08,ESVUFR,3211.TWO,股票,structured_isin+wide_explicit_header,structured_isin+wide_table,"81,184",14
3213,茂訊,茂訊,上櫃,電腦及週邊設備業,TW0003213005,2004/10/01,ESVUFR,3213.TWO,股票,structured_isin+wide_inherited_header,structured_isin+wide_table,"1,185",15
3217,優群,優群,上櫃,電子零組件業,TW0003217006,2004/04/30,ESVUFR,3217.TWO,股票,structured_isin+wide_explicit_header,structured_isin+wide_table,"68,186",16
3218,大學光,大學光,上櫃,生技醫療業,TW0003218004,2004/11/29,ESVUFR,3218.TWO,股票,structured_isin+wide_explicit_header,structured_isin+wide_table,"32,187",13
3219,倚強科,倚強科,上櫃,其他電子業,TW0003219002,2004/03/19,ESVUFR,3219.TWO,股票,structured_isin+wide_explicit_header,structured_isin+wide_table,"18,188",14
3221,台嘉碩,台嘉碩,上櫃,通信網路業,TW0003221008,2006/02/22,ESVUFR,3221.TWO,股票,structured_isin+wide_explicit_header,structured_isin+wide_table,"15,189",16
3224,三顧,三顧,上櫃,電子通路業,TW0003224002,2004/06/03,ESVUFR,3224.TWO,股票,structured_isin+wide_explicit_header,structured_isin+wide_table,"81,190",17
3226,龍鋒,龍鋒,上櫃,電機機械,TW0003226007,2004/06/16,ESVUFR,3226.TWO,股票,structured_isin+wide_explicit_header,structured_isin+wide_table,"62,191",12
3227,原相,原相,上櫃,半導體業,TW0003227005,2006/05/04,ESVUFR,3227.TWO,股票,structured_isin+wide_explicit_header,structured_isin+wide_table,"19,192",14
3228,金麗科,金麗科,上櫃,半導體業,TW0003228003,2005/03/02,ESVUFR,3228.TWO,股票,structured_isin+wide_explicit_header,structured_isin+wide_table,"20,193",14
3229,晟鈦,晟鈦,上市,電子零組件,,,,3229.TW,股票,wide_explicit_header,wide_table,80,7
3230,錦明,錦明,上櫃,光電業,TW0003230009,2006/09/25,ESVUFR,3230.TWO,股票,structured_isin+wide_explicit_header,structured_isin+wide_table,"47,194",15
3231,緯創#,緯創,上市,電腦及週邊設備,,,,3231.TW,股票,wide_explicit_header,wide_table,60,5
3232,昱捷,昱捷,上櫃,電子通路業,TW0003232005,2004/11/01,ESVUFR,3232.TWO,股票,structured_isin+wide_inherited_header,structured_isin+wide_table,"1,195",18
3234,光環,光環,上櫃,通信網路業,TW0003234001,2011/03/24,ESVUFR,3234.TWO,股票,structured_isin+wide_explicit_header,structured_isin+wide_table,"16,196",16
3236,千如,千如,上櫃,電子零組件業,TW0003236006,2004/12/02,ESVUFR,3236.TWO,股票,structured_isin+wide_explicit_header,structured_isin+wide_table,"69,197",16
3252,海灣,海灣,上櫃,觀光餐旅,TW0003252003,2004/09/23,ESVUFR,3252.TWO,股票,structured_isin+wide_explicit_header,structured_isin+wide_table,"16,198",20
3257,虹冠電,虹冠電,上市,半導體,,,,3257.TW,股票,wide_explicit_header,wide_table,75,4
3259,鑫創,鑫創,上櫃,半導體業,TW0003259008,2007/12/24,ESVUFR,3259.TWO,股票,structured_isin+wide_explicit_header,structured_isin+wide_table,"21,199",14
3260,威剛,威剛,上櫃,半導體業,TW0003260006,2004/10/08,ESVUFR,3260.TWO,股票,structured_isin+wide_explicit_header,structured_isin+wide_table,"22,200",14
3264,欣銓,欣銓,上櫃,半導體業,TW0003264008,2005/01/05,ESVUFR,3264.TWO,股票,structured_isin+wide_explicit_header,structured_isin+wide_table,"23,201",14
3265,台星科,台星科,上櫃,半導體業,TW0003265005,2005/08/02,ESVUFR,3265.TWO,股票,structured_isin+wide_explicit_header,structured_isin+wide_table,"24,202",14
3266,昇陽,昇陽,上市,建材營造,,,,3266.TW,股票,wide_explicit_header,wide_table,67,9
3268,海德威,海德威,上櫃,半導體業,TW0003268009,2005/01/27,ESVUFR,3268.TWO,股票,structured_isin+wide_explicit_header,structured_isin+wide_table,"25,203",14
3272,東碩,東碩,上櫃,電腦及週邊設備業,TW0003272001,2014/08/26,ESVUFR,3272.TWO,股票,structured_isin,structured_isin,204,
3276,宇環,宇環,上櫃,電子零組件業,TW0003276002,2005/01/12,ESVUFR,3276.TWO,股票,structured_isin+wide_explicit_header,structured_isin+wide_table,"70,205",16
3284,太普高,太普高,上櫃,其他業,TW0003284006,2005/03/22,ESVUFR,3284.TWO,股票,structured_isin+wide_explicit_header,structured_isin+wide_table,"17,206",20
3285,微端,微端,上櫃,其他電子業,TW0003285003,2012/07/23,ESVUFR,3285.TWO,股票,structured_isin+wide_explicit_header,structured_isin+wide_table,"43,207",18
3287,廣寰科,廣寰科,上櫃,電腦及週邊設備業,TW0003287009,2008/01/28,ESVUFR,3287.TWO,股票,structured_isin+wide_inherited_header,structured_isin+wide_table,"2,208",15
3288,點晶,點晶,上櫃,電子零組件業,TW0003288007,2005/04/15,ESVUFR,3288.TWO,股票,structured_isin+wide_explicit_header,structured_isin+wide_table,"71,209",16
3289,宜特,宜特,上櫃,其他電子業,TW0003289005,2004/12/28,ESVUFR,3289.TWO,股票,structured_isin+wide_explicit_header,structured_isin+wide_table,"44,210",18
3290,東浦,東浦,上櫃,電子零組件業,TW0003290003,2005/05/19,ESVUFR,3290.TWO,股票,structured_isin+wide_explicit_header,structured_isin+wide_table,"17,211",16
3291,遠翔科,遠翔科,上櫃,半導體,,,,3291.TWO,股票,wide_explicit_header,wide_table,26,14
3293,鈊象,鈊象,上櫃,文化創意業,TW0003293007,2006/07/12,ESVUFR,3293.TWO,股票,structured_isin+wide_explicit_header,structured_isin+wide_table,"69,212",19
3294,英濟,英濟,上櫃,電子零組件業,TW0003294005,2007/04/27,ESVUFR,3294.TWO,股票,structured_isin+wide_explicit_header,structured_isin+wide_table,"72,213",16
3296,勝德,勝德,上市,電子零組件,,,,3296.TW,股票,wide_explicit_header,wide_table,81,7
3297,杭特,杭特,上櫃,光電業,TW0003297008,2005/06/07,ESVUFR,3297.TWO,股票,structured_isin+wide_explicit_header,structured_isin+wide_table,"48,214",15
3299,帛漢,帛漢,上櫃,通信網路,,,,3299.TWO,股票,wide_explicit_header,wide_table,18,16
3303,岱稜,岱稜,上櫃,其他電子業,TW0003303004,2007/05/28,ESVUFR,3303.TWO,股票,structured_isin+wide_explicit_header,structured_isin+wide_table,"45,215",18
3305,昇貿,昇貿,上市,其他電子,,,,3305.TW,股票,wide_inherited_header,wide_table,16,9
3306,鼎天,鼎天,上櫃,通信網路業,TW0003306007,2005/07/05,ESVUFR,3306.TWO,股票,structured_isin+wide_explicit_header,structured_isin+wide_table,"19,216",16
3308,聯德,聯德,上市,電子零組件,,,,3308.TW,股票,wide_inherited_header,wide_table,1,8
3310,佳穎,佳穎,上櫃,電子零組件業,TW0003310009,2008/06/27,ESVUFR,3310.TWO,股票,structured_isin+wide_explicit_header,structured_isin+wide_table,"73,217",16
3311,閎暉,閎暉,上市,通信網路,,,,3311.TW,股票,wide_inherited_header,wide_table,9,7
3312,弘憶股,弘憶股,上市,電子通路,,,,3312.TW,股票,wide_explicit_header,wide_table,52,8
3313,斐成,斐成,上櫃,其他業,TW0003313003,2006/05/29,ESVUFR,3313.TWO,股票,structured_isin+wide_explicit_header,structured_isin+wide_table,"74,218",16
3315,宣昶,宣昶,上市,電子通路,,,,3315.TW,股票,wide_explicit_header,wide_table,53,8
3317,尼克森,尼克森,上櫃,半導體業,TW0003317004,2007/08/09,ESVUFR,3317.TWO,股票,structured_isin+wide_explicit_header,structured_isin+wide_table,"27,219",14
3322,建舜電,建舜電,上櫃,電子零組件業,TW0003322004,2009/05/20,ESVUFR,3322.TWO,股票,structured_isin+wide_explicit_header,structured_isin+wide_table,"75,220",16
3323,加百裕,加百裕,上櫃,電腦及週邊設備業,TW0003323002,2007/06/25,ESVUFR,3323.TWO,股票,structured_isin+wide_inherited_header,structured_isin+wide_table,"3,221",15
3324,雙鴻,雙鴻,上櫃,其他電子業,TW0003324000,2005/05/13,ESVUFR,3324.TWO,股票,structured_isin+wide_explicit_header,structured_isin+wide_table,"46,222",18
3325,旭品,旭品,上櫃,電腦及週邊設備業,TW0003325007,2005/08/15,ESVUFR,3325.TWO,股票,structured_isin+wide_inherited_header,structured_isin+wide_table,"4,223",15
3332,幸康,幸康,上櫃,電子零組件業,TW0003332003,2008/01/24,ESVUFR,3332.TWO,股票,structured_isin+wide_explicit_header,structured_isin+wide_table,"76,224",16
3338,泰碩,泰碩,上市,電子零組件,,,,3338.TW,股票,wide_inherited_header,wide_table,2,8
3339,泰谷,泰谷,上櫃,光電業,TW0003339008,2006/06/27,ESVUFR,3339.TWO,股票,structured_isin+wide_explicit_header,structured_isin+wide_table,"49,225",15
3349,寶德,寶德,上櫃,電腦及週邊設備業,TW0003349007,2022/03/23,ESVUFR,3349.TWO,股票,structured_isin,structured_isin,226,
3354,律勝,律勝,上櫃,電子零組件業,TW0003354007,2005/12/08,ESVUFR,3354.TWO,股票,structured_isin+wide_explicit_header,structured_isin+wide_table,"77,227",16
3356,奇偶,奇偶,上市,光電,,,,3356.TW,股票,wide_explicit_header,wide_table,30,6
3357,臺慶科,臺慶科,上櫃,電子零組件業,TW0003357000,2021/04/27,ESVUFR,3357.TWO,股票,structured_isin,structured_isin,228,
3360,尚立,尚立,上櫃,電子通路業,TW0003360004,2006/06/06,ESVUFR,3360.TWO,股票,structured_isin+wide_inherited_header,structured_isin+wide_table,"2,229",18
3362,先進光,先進光,上櫃,光電業,TW0003362000,2005/09/06,ESVUFR,3362.TWO,股票,structured_isin+wide_explicit_header,structured_isin+wide_table,"50,230",15
3363,上詮,上詮,上櫃,通信網路業,TW0003363008,2011/02/25,ESVUFR,3363.TWO,股票,structured_isin+wide_explicit_header,structured_isin+wide_table,"20,231",16
3372,典範,典範,上櫃,半導體業,TW0003372009,2005/12/16,ESVUFR,3372.TWO,股票,structured_isin+wide_explicit_header,structured_isin+wide_table,"28,232",14
3373,熱映,熱映,上櫃,其他電子業,TW0003373007,2007/12/13,ESVUFR,3373.TWO,股票,structured_isin+wide_explicit_header,structured_isin+wide_table,"47,233",18
3374,精材,精材,上櫃,半導體業,TW0003374005,2015/03/30,ESVUFR,3374.TWO,股票,structured_isin,structured_isin,234,
3376,新日興,新日興,上市,電子零組件,,,,3376.TW,股票,wide_inherited_header,wide_table,3,8
3379,彬台,彬台,上櫃,電機機械,TW0003379004,2011/10/20,ESVUFR,3379.TWO,股票,structured_isin+wide_explicit_header,structured_isin+wide_table,"63,235",12
3380,明泰,明泰,上市,通信網路,,,,3380.TW,股票,wide_inherited_header,wide_table,10,7
3383,新世紀,新世紀,上市,光電,,,,3383.TW,股票,wide_explicit_header,wide_table,31,6
3388,崇越電,崇越電,上櫃,電子零組件業,TW0003388005,2006/02/22,ESVUFR,3388.TWO,股票,structured_isin+wide_explicit_header,structured_isin+wide_table,"78,236",16
3390,旭軟,旭軟,上櫃,電子零組件業,TW0003390001,2006/02/22,ESVUFR,3390.TWO,股票,structured_isin+wide_explicit_header,structured_isin+wide_table,"79,237",16
3402,漢科,漢科,上櫃,其他電子業,TW0003402004,2007/01/09,ESVUFR,3402.TWO,股票,structured_isin+wide_explicit_header,structured_isin+wide_table,"48,238",18
3406,玉晶光,玉晶光,上市,光電,,,,3406.TW,股票,wide_explicit_header,wide_table,32,6
3416,融程電,融程電,上市,電腦及週邊設備,,,,3416.TW,股票,wide_explicit_header,wide_table,61,5
3419,譁裕,譁裕,上市,通信網路,,,,3419.TW,股票,wide_inherited_header,wide_table,11,7
3426,台興,台興,上櫃,電機機械,TW0003426003,2016/12/21,ESVUFR,3426.TWO,股票,structured_isin,structured_isin,239,
3428,光燿科,光燿科,上櫃,光電,,,,3428.TWO,股票,wide_explicit_header,wide_table,51,15
3430,奇鈦科,奇鈦科,上櫃,化學工業,TW0003430005,2022/09/08,ESVUFR,3430.TWO,股票,structured_isin,structured_isin,240,
3431,長天,長天,上櫃,通信網路,,,,3431.TWO,股票,wide_explicit_header,wide_table,21,16
3432,台端,台端,上市,電子零組件,,,,3432.TW,股票,wide_inherited_header,wide_table,4,8
3434,哲固,哲固,上櫃,光電業,TW0003434007,2008/01/28,ESVUFR,3434.TWO,股票,structured_isin+wide_explicit_header,structured_isin+wide_table,"52,241",15
3438,類比科,類比科,上櫃,半導體業,TW0003438008,2006/07/19,ESVUFR,3438.TWO,股票,structured_isin+wide_explicit_header,structured_isin+wide_table,"29,242",14
3441,聯一光,聯一光,上櫃,光電業,TW0003441002,2010/10/04,ESVUFR,3441.TWO,股票,structured_isin+wide_explicit_header,structured_isin+wide_table,"53,243",15
3443,創意,創意,上市,半導體,,,,3443.TW,股票,wide_explicit_header,wide_table,76,4
3444,利機,利機,上櫃,電子通路業,TW0003444006,2008/09/26,ESVUFR,3444.TWO,股票,structured_isin+wide_inherited_header,structured_isin+wide_table,"3,244",18
3450,聯鈞,聯鈞,上市,其他電子,,,,3450.TW,股票,wide_inherited_header,wide_table,17,9
3452,益通,益通,上櫃,光電,,,,3452.TWO,股票,wide_explicit_header,wide_table,54,15
3454,晶睿,晶睿,上市,光電,,,,3454.TW,股票,wide_explicit_header,wide_table,33,6
3455,由田,由田,上櫃,光電業,TW0003455002,2007/12/27,ESVUFR,3455.TWO,股票,structured_isin+wide_explicit_header,structured_isin+wide_table,"55,245",15
3465,進泰電子,進泰電子,上櫃,其他電子業,TW0003465001,2008/01/28,ESVUFR,3465.TWO,股票,structured_isin+wide_explicit_header,structured_isin+wide_table,"80,246",16
3466,德晉,德晉,上櫃,通信網路業,TW0003466009,2006/05/17,ESVUFR,3466.TWO,股票,structured_isin+wide_explicit_header,structured_isin+wide_table,"22,247",16
3467,台灣精材,台灣精材,上櫃,半導體業,TW0003467007,2025/03/25,ESVUFR,3467.TWO,股票,structured_isin,structured_isin,248,
3474,華亞科*,華亞科,上市,半導體,,,,3474.TW,股票,wide_explicit_header,wide_table,77,4
3479,安勤,安勤,上櫃,電腦及週邊設備業,TW0003479002,2010/06/08,ESVUFR,3479.TWO,股票,structured_isin+wide_inherited_header,structured_isin+wide_table,"5,249",15
3481,群創*,群創,上市,光電,,,,3481.TW,股票,wide_explicit_header,wide_table,34,6
3483,力致,力致,上櫃,電腦及週邊設備業,TW0003483004,2006/12/18,ESVUFR,3483.TWO,股票,structured_isin+wide_inherited_header,structured_isin+wide_table,"6,250",15
3484,崧騰,崧騰,上櫃,電子零組件業,TW0003484002,2007/11/09,ESVUFR,3484.TWO,股票,structured_isin+wide_explicit_header,structured_isin+wide_table,"81,251",16
3485,敘豐,敘豐,上櫃,電子零組件業,TW0003485009,2026/05/06,ESVUFR,3485.TWO,股票,structured_isin,structured_isin,252,
3489,森寶,森寶,上櫃,建材營造業,TW0003489001,2007/09/29,ESVUFR,3489.TWO,股票,structured_isin+wide_explicit_header,structured_isin+wide_table,"79,253",18
3490,單井,單井,上櫃,光電業,TW0003490009,2007/10/15,ESVUFR,3490.TWO,股票,structured_isin+wide_explicit_header,structured_isin+wide_table,"56,254",15
3491,昇達科,昇達科,上櫃,通信網路業,TW0003491007,2008/01/03,ESVUFR,3491.TWO,股票,structured_isin+wide_explicit_header,structured_isin+wide_table,"23,255",16
3492,長盛,長盛,上櫃,電子零組件業,TW0003492005,2015/05/18,ESVUFR,3492.TWO,股票,structured_isin,structured_isin,256,
3494,誠研,誠研,上市,電腦及週邊設備,,,,3494.TW,股票,wide_explicit_header,wide_table,62,5
3498,陽程,陽程,上櫃,其他電子業,TW0003498002,2007/09/11,ESVUFR,3498.TWO,股票,structured_isin+wide_explicit_header,structured_isin+wide_table,"49,257",18
3499,環天科,環天科,上櫃,通信網路業,TW0003499000,2006/10/19,ESVUFR,3499.TWO,股票,structured_isin+wide_explicit_header,structured_isin+wide_table,"24,258",16
3501,維熹,維熹,上市,電子零組件,,,,3501.TW,股票,wide_inherited_header,wide_table,5,8
3504,揚明光,揚明光,上市,光電,,,,3504.TW,股票,wide_explicit_header,wide_table,35,6
3508,位速,位速,上櫃,其他電子業,TW0003508008,2007/10/17,ESVUFR,3508.TWO,股票,structured_isin+wide_explicit_header,structured_isin+wide_table,"50,259",18
3511,矽瑪,矽瑪,上櫃,電子零組件業,TW0003511002,2009/02/16,ESVUFR,3511.TWO,股票,structured_isin+wide_inherited_header,structured_isin+wide_table,"1,260",17
3512,皇龍,皇龍,上櫃,建材營造業,TW0003512000,2007/07/25,ESVUFR,3512.TWO,股票,structured_isin+wide_inherited_header,structured_isin+wide_table,"2,261",17
3514,昱晶,昱晶,上市,光電,,,,3514.TW,股票,wide_explicit_header,wide_table,36,6
3515,華擎,華擎,上市,電腦及週邊設備,,,,3515.TW,股票,wide_explicit_header,wide_table,63,5
3516,亞帝歐,亞帝歐,上櫃,光電業,TW0003516001,2007/11/29,ESVUFR,3516.TWO,股票,structured_isin+wide_explicit_header,structured_isin+wide_table,"57,262",15
3518,柏騰,柏騰,上市,其他電子,,,,3518.TW,股票,wide_inherited_header,wide_table,18,9
3519,綠能,綠能,上市,半導體,,,,3519.TW,股票,wide_explicit_header,wide_table,78,4
3520,華盈,華盈,上櫃,電子零組件業,TW0003520003,2007/10/12,ESVUFR,3520.TWO,股票,structured_isin+wide_inherited_header,structured_isin+wide_table,"3,263",17
3521,台鋼建設,台鋼建設,上櫃,建材營造業,TW0003521001,2025/06/02,ESVUFR,3521.TWO,股票,structured_isin+wide_inherited_header,structured_isin+wide_table,"7,264",15
3522,御嵿,御嵿,上櫃,觀光餐旅,TW0003522009,2007/10/15,ESVUFR,3522.TWO,股票,structured_isin+wide_explicit_header,structured_isin+wide_table,"58,265",15
3523,迎輝,迎輝,上櫃,光電業,TW0003523007,2007/11/16,ESVUFR,3523.TWO,股票,structured_isin+wide_explicit_header,structured_isin+wide_table,"59,266",15
3526,凡甲,凡甲,上櫃,電子零組件業,TW0003526000,2007/11/02,ESVUFR,3526.TWO,股票,structured_isin+wide_inherited_header,structured_isin+wide_table,"4,267",17
3527,聚積,聚積,上櫃,半導體業,TW0003527008,2007/10/29,ESVUFR,3527.TWO,股票,structured_isin+wide_explicit_header,structured_isin+wide_table,"30,268",14
3528,安馳,安馳,上市,電子通路,,,,3528.TW,股票,wide_explicit_header,wide_table,54,8
3529,力旺,力旺,上櫃,半導體業,TW0003529004,2011/01/24,ESVUFR,3529.TWO,股票,structured_isin+wide_explicit_header,structured_isin+wide_table,"31,269",14
3531,先益,先益,上櫃,光電業,TW0003531000,2008/04/08,ESVUFR,3531.TWO,股票,structured_isin+wide_explicit_header,structured_isin+wide_table,"60,270",15
3532,台勝科,台勝科,上市,半導體,,,,3532.TW,股票,wide_explicit_header,wide_table,79,4
3533,嘉澤,嘉澤,上市,電子零組件,,,,3533.TW,股票,wide_inherited_header,wide_table,6,8
3535,晶彩科,晶彩科,上市,光電,,,,3535.TW,股票,wide_explicit_header,wide_table,37,6
3536,誠創,誠創,上市,半導體,,,,3536.TW,股票,wide_explicit_header,wide_table,80,4
3537,堡達,堡達,上櫃,電子零組件業,TW0003537007,2010/01/25,ESVUFR,3537.TWO,股票,structured_isin+wide_inherited_header,structured_isin+wide_table,"5,271",17
3540,曜越,曜越,上櫃,電腦及週邊設備業,TW0003540001,2007/12/12,ESVUFR,3540.TWO,股票,structured_isin+wide_inherited_header,structured_isin+wide_table,"8,272",15
3541,西柏,西柏,上櫃,其他電子業,TW0003541009,2009/12/22,ESVUFR,3541.TWO,股票,structured_isin+wide_explicit_header,structured_isin+wide_table,"51,273",18
3545,敦泰,敦泰,上市,半導體,,,,3545.TW,股票,wide_explicit_header,wide_table,81,4
3546,宇峻,宇峻,上櫃,文化創意業,TW0003546008,2008/04/18,ESVUFR,3546.TWO,股票,structured_isin+wide_explicit_header,structured_isin+wide_table,"70,274",19
3548,兆利,兆利,上櫃,電子零組件業,TW0003548004,2008/03/27,ESVUFR,3548.TWO,股票,structured_isin+wide_inherited_header,structured_isin+wide_table,"6,275",17
3550,聯穎,聯穎,上市,電子零組件,,,,3550.TW,股票,wide_inherited_header,wide_table,7,8
3551,世禾,世禾,上櫃,綠能環保,TW0003551008,2008/04/15,ESVUFR,3551.TWO,股票,structured_isin+wide_explicit_header,structured_isin+wide_table,"52,276",18
3552,同致,同致,上櫃,其他電子業,TW0003552006,2009/01/07,ESVUFR,3552.TWO,股票,structured_isin+wide_explicit_header,structured_isin+wide_table,"53,277",18
3553,力積,力積,上櫃,半導體,,,,3553.TWO,股票,wide_explicit_header,wide_table,32,14
3555,博士旺,博士旺,上櫃,半導體業,TW0003555009,2011/11/08,ESVUFR,3555.TWO,股票,structured_isin+wide_explicit_header,structured_isin+wide_table,"33,278",14
3556,禾瑞亞,禾瑞亞,上櫃,半導體業,TW0003556007,2008/04/15,ESVUFR,3556.TWO,股票,structured_isin+wide_explicit_header,structured_isin+wide_table,"34,279",14
3557,嘉威,嘉威,上市,光電,,,,3557.TW,股票,wide_explicit_header,wide_table,38,6
3558,神準,神準,上櫃,通信網路業,TW0003558003,2013/12/30,ESVUFR,3558.TWO,股票,structured_isin+wide_explicit_header,structured_isin+wide_table,"25,280",16
3559,全智科,全智科,上市,半導體,,,,3559.TW,股票,wide_inherited_header,wide_table,1,5
3561,昇陽光電,昇陽光電,上市,光電,,,,3561.TW,股票,wide_explicit_header,wide_table,39,6
3562,頂晶科,頂晶科,上櫃,光電,,,,3562.TWO,股票,wide_explicit_header,wide_table,61,15
3563,牧德,牧德,上櫃,其他電子,,,,3563.TWO,股票,wide_explicit_header,wide_table,54,18
3564,其陽,其陽,上櫃,通信網路業,TW0003564001,2013/12/03,ESVUFR,3564.TWO,股票,structured_isin+wide_explicit_header,structured_isin+wide_table,"26,281",16
3567,逸昌,逸昌,上櫃,半導體業,TW0003567004,2010/11/22,ESVUFR,3567.TWO,股票,structured_isin+wide_explicit_header,structured_isin+wide_table,"35,282",14
3570,大塚,大塚,上櫃,資訊服務業,TW0003570008,2008/10/23,ESVUFR,3570.TWO,股票,structured_isin+wide_explicit_header,structured_isin+wide_table,"17,283",18
3576,新日光,新日光,上市,光電,,,,3576.TW,股票,wide_explicit_header,wide_table,40,6
3577,泓格,泓格,上櫃,電腦及週邊設備業,TW0003577003,2009/01/06,ESVUFR,3577.TWO,股票,structured_isin+wide_inherited_header,structured_isin+wide_table,"9,284",15
3579,尚志,尚志,上市,半導體,,,,3579.TW,股票,wide_inherited_header,wide_table,2,5
3580,友威科,友威科,上櫃,其他電子業,TW0003580007,2010/07/09,ESVUFR,3580.TWO,股票,structured_isin+wide_explicit_header,structured_isin+wide_table,"55,285",18
3581,博磊,博磊,上櫃,半導體業,TW0003581005,2015/01/20,ESVUFR,3581.TWO,股票,structured_isin,structured_isin,286,
3583,辛耘,辛耘,上市,半導體,,,,3583.TW,股票,wide_inherited_header,wide_table,3,5
3587,閎康,閎康,上櫃,其他電子業,TW0003587002,2009/08/18,ESVUFR,3587.TWO,股票,structured_isin+wide_explicit_header,structured_isin+wide_table,"56,287",18
3588,通嘉,通嘉,上市,半導體,,,,3588.TW,股票,wide_inherited_header,wide_table,4,5
3591,艾笛森,艾笛森,上市,光電,,,,3591.TW,股票,wide_explicit_header,wide_table,41,6
3593,力銘,力銘,上市,電子零組件,,,,3593.TW,股票,wide_inherited_header,wide_table,8,8
3594,磐儀,磐儀,上櫃,電腦及週邊設備業,TW0003594008,2013/05/07,ESVUFR,3594.TWO,股票,structured_isin+wide_inherited_header,structured_isin+wide_table,"10,288",15
3596,智易,智易,上市,通信網路,,,,3596.TW,股票,wide_inherited_header,wide_table,12,7
3597,映興,映興,上櫃,電子零組件業,TW0003597001,2020/03/09,ESVUFR,3597.TWO,股票,structured_isin,structured_isin,289,
3605,宏致,宏致,上市,電子零組件,,,,3605.TW,股票,wide_inherited_header,wide_table,9,8
3607,谷崧,谷崧,上市,電子零組件,,,,3607.TW,股票,wide_inherited_header,wide_table,10,8
3609,三一東林,三一東林,上櫃,電子零組件業,TW0003609004,2011/01/11,ESVUFR,3609.TWO,股票,structured_isin+wide_inherited_header,structured_isin+wide_table,"7,290",17
3611,鼎翰,鼎翰,上櫃,電腦及週邊設備業,TW0003611000,2008/11/26,ESVUFR,3611.TWO,股票,structured_isin+wide_inherited_header,structured_isin+wide_table,"11,291",15
3615,安可,安可,上櫃,光電業,TW0003615001,2009/04/15,ESVUFR,3615.TWO,股票,structured_isin+wide_explicit_header,structured_isin+wide_table,"62,292",15
3617,碩天,碩天,上市,其他電子,,,,3617.TW,股票,wide_inherited_header,wide_table,19,9
3622,洋華,洋華,上市,光電,,,,3622.TW,股票,wide_explicit_header,wide_table,42,6
3623,富晶通,富晶通,上櫃,光電業,TW0003623005,2010/04/28,ESVUFR,3623.TWO,股票,structured_isin+wide_explicit_header,structured_isin+wide_table,"63,293",15
3624,光頡,光頡,上櫃,電子零組件業,TW0003624003,2011/03/16,ESVUFR,3624.TWO,股票,structured_isin+wide_inherited_header,structured_isin+wide_table,"8,294",17
3625,西勝,西勝,上櫃,電腦及週邊設備業,TW0003625000,2009/10/28,ESVUFR,3625.TWO,股票,structured_isin+wide_inherited_header,structured_isin+wide_table,"12,295",15
3628,盈正,盈正,上櫃,其他電子業,TW0003628004,2010/09/09,ESVUFR,3628.TWO,股票,structured_isin+wide_explicit_header,structured_isin+wide_table,"57,296",18
3629,地心引力,地心引力,上櫃,文化創意業,TW0003629002,2020/06/01,ESVUFR,3629.TWO,股票,structured_isin+wide_explicit_header,structured_isin+wide_table,"64,297",15
3630,新鉅科,新鉅科,上櫃,光電業,TW0003630000,2010/04/26,ESVUFR,3630.TWO,股票,structured_isin+wide_explicit_header,structured_isin+wide_table,"65,298",15
3631,晟楠,晟楠,上櫃,電子零組件業,TW0003631008,2010/12/20,ESVUFR,3631.TWO,股票,structured_isin+wide_inherited_header,structured_isin+wide_table,"9,299",17
3632,研勤,研勤,上櫃,通信網路業,TW0003632006,2011/01/11,ESVUFR,3632.TWO,股票,structured_isin+wide_explicit_header,structured_isin+wide_table,"27,300",16
3642,駿熠電,駿熠電,上櫃,其他電子,,,,3642.TWO,股票,wide_explicit_header,wide_table,58,18
3645,達邁,達邁,上市,電子零組件,,,,3645.TW,股票,wide_inherited_header,wide_table,11,8
3646,艾恩特,艾恩特,上櫃,電子零組件業,TW0003646006,2012/03/27,ESVUFR,3646.TWO,股票,structured_isin+wide_inherited_header,structured_isin+wide_table,"10,301",17
3652,精聯,精聯,上櫃,電腦及週邊設備,,,,3652.TWO,股票,wide_inherited_header,wide_table,13,15
3653,健策,健策,上市,電子零組件,,,,3653.TW,股票,wide_inherited_header,wide_table,12,8
3658,漢微科,漢微科,上櫃,半導體,,,,3658.TWO,股票,wide_explicit_header,wide_table,36,14
3662,樂陞,樂陞,上櫃,文化創意,,,,3662.TWO,股票,wide_explicit_header,wide_table,71,19
3663,鑫科,鑫科,上櫃,其他電子業,TW0003663001,2012/11/20,ESVUFR,3663.TWO,股票,structured_isin+wide_explicit_header,structured_isin+wide_table,"59,302",18
3664,安瑞-KY,安瑞-KY,上櫃,通信網路業,KYG0550W1069,2010/06/24,ESVUFR,3664.TWO,股票,structured_isin+wide_explicit_header,structured_isin+wide_table,"28,303",16
3665,貿聯-KY,貿聯-KY,上市,其他電子,,,,3665.TW,股票,wide_inherited_header,wide_table,20,9
3666,光耀,光耀,上櫃,光電業,TW0003666004,2014/12/04,ESVUFR,3666.TWO,股票,structured_isin,structured_isin,304,
3669,圓展,圓展,上市,光電,,,,3669.TW,股票,wide_explicit_header,wide_table,43,6
3672,康聯訊,康聯訊,上櫃,通信網路業,TW0003672002,2015/04/20,ESVUFR,3672.TWO,股票,structured_isin,structured_isin,305,
3673,TPK-KY#,TPK-KY,上市,光電,,,,3673.TW,股票,wide_explicit_header,wide_table,44,6
3675,德微,德微,上櫃,半導體業,TW0003675005,2012/06/29,ESVUFR,3675.TWO,股票,structured_isin+wide_explicit_header,structured_isin+wide_table,"37,306",14
3679,新至陞,新至陞,上市,電子零組件,,,,3679.TW,股票,wide_inherited_header,wide_table,13,8
3680,家登,家登,上櫃,半導體業,TW0003680005,2011/08/31,ESVUFR,3680.TWO,股票,structured_isin+wide_explicit_header,structured_isin+wide_table,"38,307",14
3682,亞太電#,亞太電,上市,通信網路,,,,3682.TW,股票,wide_inherited_header,wide_table,13,7
3684,榮昌,榮昌,上櫃,通信網路業,TW0003684007,2014/03/28,ESVUFR,3684.TWO,股票,structured_isin+wide_explicit_header,structured_isin+wide_table,"29,308",16
3685,元創精密,元創精密,上櫃,電機機械,TW0003685004,2010/12/08,ESVUFR,3685.TWO,股票,structured_isin+wide_explicit_header,structured_isin+wide_table,"66,309",15
3686,達能,達能,上市,半導體,,,,3686.TW,股票,wide_inherited_header,wide_table,5,5
3687,歐買尬,歐買尬,上櫃,數位雲端,TW0003687000,2020/06/01,ESVUFR,3687.TWO,股票,structured_isin+wide_explicit_header,structured_isin+wide_table,"72,310",19
3689,湧德,湧德,上櫃,電子零組件業,TW0003689006,2012/10/18,ESVUFR,3689.TWO,股票,structured_isin+wide_inherited_header,structured_isin+wide_table,"11,311",17
3691,碩禾,碩禾,上櫃,光電業,TW0003691002,2010/11/18,ESVUFR,3691.TWO,股票,structured_isin+wide_explicit_header,structured_isin+wide_table,"67,312",15
3693,營邦,營邦,上櫃,電腦及週邊設備業,TW0003693008,2013/11/27,ESVUFR,3693.TWO,股票,structured_isin+wide_inherited_header,structured_isin+wide_table,"14,313",15
3694,海華,海華,上市,通信網路,,,,3694.TW,股票,wide_inherited_header,wide_table,14,7
3698,隆達,隆達,上市,光電,,,,3698.TW,股票,wide_explicit_header,wide_table,45,6
3701,大眾控,大眾控,上市,電腦及週邊設備,,,,3701.TW,股票,wide_explicit_header,wide_table,64,5
3702,大聯大#,大聯大,上市,電子通路,,,,3702.TW,股票,wide_explicit_header,wide_table,55,8
3703,欣陸,欣陸,上市,建材營造,,,,3703.TW,股票,wide_explicit_header,wide_table,68,9
3704,合勤控,合勤控,上市,通信網路,,,,3704.TW,股票,wide_inherited_header,wide_table,15,7
3705,永信,永信,上市,生技醫療,,,,3705.TW,股票,wide_explicit_header,wide_table,44,3
3706,神達,神達,上市,電腦及週邊設備,,,,3706.TW,股票,wide_explicit_header,wide_table,65,5
3707,漢磊,漢磊,上櫃,半導體業,TW0003707006,2014/10/01,ESVUFR,3707.TWO,股票,structured_isin,structured_isin,314,
3709,鑫聯大投控,鑫聯大投控,上櫃,電腦及週邊設備業,TW0003709002,1999/04/16,ESVUFR,3709.TWO,股票,structured_isin,structured_isin,315,
3710,連展投控,連展投控,上櫃,電子零組件業,TW0003710000,2017/12/29,ESVUFR,3710.TWO,股票,structured_isin,structured_isin,316,
3713,新晶投控,新晶投控,上櫃,綠能環保,TW0003713004,2020/02/27,ESVUFR,3713.TWO,股票,structured_isin,structured_isin,317,
4102,永日,永日,上櫃,生技醫療業,TW0004102009,2001/03/20,ESVUFR,4102.TWO,股票,structured_isin+wide_explicit_header,structured_isin+wide_table,"33,318",13
4103,百略,百略,上櫃,生技醫療,,,,4103.TWO,股票,wide_explicit_header,wide_table,34,13
4104,佳醫,佳醫,上市,生技醫療,,,,4104.TW,股票,wide_explicit_header,wide_table,45,3
4105,東洋,東洋,上櫃,生技醫療業,TW0004105002,2001/09/27,ESVUFR,4105.TWO,股票,structured_isin+wide_explicit_header,structured_isin+wide_table,"35,319",13
4106,雃博,雃博,上市,生技醫療,,,,4106.TW,股票,wide_explicit_header,wide_table,46,3
4107,邦特,邦特,上櫃,生技醫療業,TW0004107008,2002/03/04,ESVUFR,4107.TWO,股票,structured_isin+wide_explicit_header,structured_isin+wide_table,"36,320",13
4108,懷特,懷特,上市,生技醫療,,,,4108.TW,股票,wide_explicit_header,wide_table,47,3
4109,加捷生醫,加捷生醫,上櫃,生技醫療業,TW0004109004,2002/08/08,ESVUFR,4109.TWO,股票,structured_isin+wide_explicit_header,structured_isin+wide_table,"37,321",13
4111,濟生,濟生,上櫃,生技醫療業,TW0004111000,1999/03/06,ESVUFR,4111.TWO,股票,structured_isin+wide_explicit_header,structured_isin+wide_table,"38,322",13
4113,聯上,聯上,上櫃,建材營造業,TW0004113006,2003/07/22,ESVUFR,4113.TWO,股票,structured_isin+wide_explicit_header,structured_isin+wide_table,"80,323",18
4114,健喬,健喬,上櫃,生技醫療業,TW0004114004,2003/05/12,ESVUFR,4114.TWO,股票,structured_isin+wide_explicit_header,structured_isin+wide_table,"39,324",13
4116,明基醫,明基醫,上櫃,生技醫療業,TW0004116009,2015/12/16,ESVUFR,4116.TWO,股票,structured_isin,structured_isin,325,
4119,旭富,旭富,上市,生技醫療,,,,4119.TW,股票,wide_explicit_header,wide_table,48,3
4120,友華,友華,上櫃,生技醫療業,TW0004120001,2003/11/05,ESVUFR,4120.TWO,股票,structured_isin+wide_explicit_header,structured_isin+wide_table,"40,326",13
4121,優盛,優盛,上櫃,生技醫療業,TW0004121009,2003/07/25,ESVUFR,4121.TWO,股票,structured_isin+wide_explicit_header,structured_isin+wide_table,"41,327",13
4123,晟德,晟德,上櫃,生技醫療業,TW0004123005,2003/10/07,ESVUFR,4123.TWO,股票,structured_isin+wide_explicit_header,structured_isin+wide_table,"42,328",13
4126,太醫,太醫,上櫃,生技醫療業,TW0004126008,2004/02/09,ESVUFR,4126.TWO,股票,structured_isin+wide_explicit_header,structured_isin+wide_table,"43,329",13
4127,天良,天良,上櫃,生技醫療業,TW0004127006,2005/07/29,ESVUFR,4127.TWO,股票,structured_isin+wide_explicit_header,structured_isin+wide_table,"44,330",13
4128,中天,中天,上櫃,生技醫療業,TW0004128004,2006/06/09,ESVUFR,4128.TWO,股票,structured_isin+wide_explicit_header,structured_isin+wide_table,"45,331",13
4129,聯合,聯合,上櫃,生技醫療業,TW0004129002,2004/09/29,ESVUFR,4129.TWO,股票,structured_isin+wide_explicit_header,structured_isin+wide_table,"46,332",13
4130,健亞,健亞,上櫃,生技醫療業,TW0004130000,2012/01/12,ESVUFR,4130.TWO,股票,structured_isin+wide_explicit_header,structured_isin+wide_table,"47,333",13
4131,浩泰,浩泰,上櫃,生技醫療業,TW0004131008,2004/04/09,ESVUFR,4131.TWO,股票,structured_isin+wide_explicit_header,structured_isin+wide_table,"48,334",13
4133,亞諾法,亞諾法,上市,生技醫療,,,,4133.TW,股票,wide_explicit_header,wide_table,49,3
4137,麗豐-KY,麗豐-KY,上市,生技醫療,,,,4137.TW,股票,wide_explicit_header,wide_table,50,3
4138,曜亞,曜亞,上櫃,生技醫療業,TW0004138003,2010/12/29,ESVUFR,4138.TWO,股票,structured_isin+wide_explicit_header,structured_isin+wide_table,"49,335",13
4139,馬光-KY,馬光-KY,上櫃,生技醫療業,KYG5831M1087,2011/04/29,ESVUFR,4139.TWO,股票,structured_isin+wide_explicit_header,structured_isin+wide_table,"50,336",13
4141,龍燈-KY,龍燈-KY,上市,生技醫療,,,,4141.TW,股票,wide_explicit_header,wide_table,51,3
4142,國光生,國光生,上市,生技醫療,,,,4142.TW,股票,wide_explicit_header,wide_table,52,3
4144,康聯-KY,康聯-KY,上市,生技醫療,,,,4144.TW,股票,wide_explicit_header,wide_table,53,3
4147,中裕,中裕,上櫃,生技醫療業,TW0004147004,2015/11/23,ESVUFR,4147.TWO,股票,structured_isin,structured_isin,337,
4152,台微體,台微體,上櫃,生技醫療,,,,4152.TWO,股票,wide_explicit_header,wide_table,51,13
4153,鈺緯,鈺緯,上櫃,生技醫療業,TW0004153002,2013/05/23,ESVUFR,4153.TWO,股票,structured_isin+wide_explicit_header,structured_isin+wide_table,"52,338",13
4154,樂威科-KY,樂威科-KY,上櫃,其他業,KYG527551082,2011/12/28,ESVUFR,4154.TWO,股票,structured_isin+wide_explicit_header,structured_isin+wide_table,"53,339",13
4157,太景*-KY,太景-KY,上櫃,生技醫療業,KYG866171005,2013/08/30,ESVUFR,4157.TWO,股票,structured_isin+wide_explicit_header,structured_isin+wide_table,"54,340",13
4160,訊聯基因,訊聯基因,上櫃,生技醫療業,TW0004160007,2012/09/17,ESVUFR,4160.TWO,股票,structured_isin+wide_explicit_header,structured_isin+wide_table,"55,341",13
4161,聿新科,聿新科,上櫃,生技醫療業,TW0004161005,2013/06/26,ESVUFR,4161.TWO,股票,structured_isin+wide_explicit_header,structured_isin+wide_table,"56,342",13
4162,智擎,智擎,上櫃,生技醫療業,TW0004162003,2012/09/18,ESVUFR,4162.TWO,股票,structured_isin+wide_explicit_header,structured_isin+wide_table,"57,343",13
4163,鐿鈦,鐿鈦,上櫃,生技醫療業,TW0004163001,2012/11/15,ESVUFR,4163.TWO,股票,structured_isin+wide_explicit_header,structured_isin+wide_table,"58,344",13
4164,承業醫,承業醫,上市,生技醫療,,,,4164.TW,股票,wide_explicit_header,wide_table,54,3
4166,友霖,友霖,上櫃,生技醫療業,TW0004166004,2025/08/21,ESVUFR,4166.TWO,股票,structured_isin,structured_isin,345,
4167,松瑞藥,松瑞藥,上櫃,生技醫療業,TW0004167002,2015/09/08,ESVUFR,4167.TWO,股票,structured_isin,structured_isin,346,
4168,醣聯,醣聯,上櫃,生技醫療業,TW0004168000,2012/12/18,ESVUFR,4168.TWO,股票,structured_isin+wide_explicit_header,structured_isin+wide_table,"59,347",13
4171,瑞基,瑞基,上櫃,農業科技業,TW0004171004,2018/03/28,ESVUFR,4171.TWO,股票,structured_isin,structured_isin,348,
4173,久裕,久裕,上櫃,生技醫療業,TW0004173000,2013/10/31,ESVUFR,4173.TWO,股票,structured_isin+wide_explicit_header,structured_isin+wide_table,"60,349",13
4174,浩鼎,浩鼎,上櫃,生技醫療業,TW0004174008,2015/03/23,ESVUFR,4174.TWO,股票,structured_isin,structured_isin,350,
4175,杏一,杏一,上櫃,生技醫療業,TW0004175005,2014/04/23,ESVUFR,4175.TWO,股票,structured_isin+wide_explicit_header,structured_isin+wide_table,"61,351",13
4180,安成藥,安成藥,上櫃,生技醫療,,,,4180.TWO,股票,wide_explicit_header,wide_table,62,13
4183,福永生技,福永生技,上櫃,生技醫療業,TW0004183009,2017/03/09,ESVUFR,4183.TWO,股票,structured_isin,structured_isin,352,
4188,安克,安克,上櫃,生技醫療業,TW0004188008,2015/03/24,ESVUFR,4188.TWO,股票,structured_isin,structured_isin,353,
4192,杏國,杏國,上櫃,生技醫療業,TW0004192000,2014/10/28,ESVUFR,4192.TWO,股票,structured_isin,structured_isin,354,
4198,欣大健康,欣大健康,上櫃,生技醫療業,TW0004198007,2014/12/23,ESVUFR,4198.TWO,股票,structured_isin,structured_isin,355,
4205,中華食,中華食,上櫃,食品工業,TW0004205000,1999/01/31,ESVUFR,4205.TWO,股票,structured_isin+wide_explicit_header,structured_isin+wide_table,"31,356",12
4207,環泰,環泰,上櫃,食品工業,TW0004207006,2000/01/21,ESVUFR,4207.TWO,股票,structured_isin+wide_explicit_header,structured_isin+wide_table,"32,357",12
4303,信立,信立,上櫃,塑膠工業,TW0004303003,1999/03/10,ESVUFR,4303.TWO,股票,structured_isin+wide_explicit_header,structured_isin+wide_table,"35,358",12
4304,勝昱,勝昱,上櫃,塑膠工業,TW0004304001,2000/01/27,ESVUFR,4304.TWO,股票,structured_isin+wide_explicit_header,structured_isin+wide_table,"36,359",12
4305,世坤,世坤,上櫃,塑膠工業,TW0004305008,2000/09/28,ESVUFR,4305.TWO,股票,structured_isin+wide_explicit_header,structured_isin+wide_table,"37,360",12
4306,炎洲,炎洲,上市,塑膠,,,,4306.TW,股票,wide_explicit_header,wide_table,55,1
4401,東隆興,東隆興,上櫃,紡織纖維,TW0004401005,1996/05/09,ESVUFR,4401.TWO,股票,structured_isin+wide_explicit_header,structured_isin+wide_table,"41,361",12
4402,郡都開發,郡都開發,上櫃,紡織纖維,TW0004402003,1997/07/23,ESVUFR,4402.TWO,股票,structured_isin+wide_explicit_header,structured_isin+wide_table,"42,362",12
4406,新昕纖,新昕纖,上櫃,紡織纖維,TW0004406004,1999/01/14,ESVUFR,4406.TWO,股票,structured_isin+wide_explicit_header,structured_isin+wide_table,"43,363",12
4413,飛寶企業,飛寶企業,上櫃,紡織纖維,TW0004413000,1999/07/29,ESVUFR,4413.TWO,股票,structured_isin+wide_explicit_header,structured_isin+wide_table,"44,364",12
4414,如興,如興,上市,紡織纖維,,,,4414.TW,股票,wide_inherited_header,wide_table,20,2
4416,三圓,三圓,上櫃,建材營造業,TW0004416003,2000/05/06,ESVUFR,4416.TWO,股票,structured_isin+wide_explicit_header,structured_isin+wide_table,"81,365",18
4417,金洲,金洲,上櫃,紡織纖維,TW0004417001,2000/11/07,ESVUFR,4417.TWO,股票,structured_isin+wide_explicit_header,structured_isin+wide_table,"45,366",12
4419,皇家美食,皇家美食,上櫃,觀光餐旅,TW0004419007,2001/06/26,ESVUFR,4419.TWO,股票,structured_isin+wide_explicit_header,structured_isin+wide_table,"46,367",12
4420,光明,光明,上櫃,紡織纖維,TW0004420005,2002/04/18,ESVUFR,4420.TWO,股票,structured_isin+wide_explicit_header,structured_isin+wide_table,"47,368",12
4426,利勤,利勤,上市,紡織纖維,,,,4426.TW,股票,wide_inherited_header,wide_table,21,2
4429,聚紡,聚紡,上櫃,紡織纖維,,,,4429.TWO,股票,wide_explicit_header,wide_table,48,12
4430,耀億,耀億,上櫃,其他業,TW0004430004,2011/06/09,ESVUFR,4430.TWO,股票,structured_isin+wide_explicit_header,structured_isin+wide_table,"18,369",20
4432,銘旺實,銘旺實,上櫃,紡織纖維,TW0004432000,2012/11/26,ESVUFR,4432.TWO,股票,structured_isin+wide_explicit_header,structured_isin+wide_table,"49,370",12
4433,興采,興采,上櫃,紡織纖維,TW0004433008,2014/11/03,ESVUFR,4433.TWO,股票,structured_isin,structured_isin,371,
4442,竣邦-KY,竣邦-KY,上櫃,紡織纖維,KYG5001G1055,2023/11/29,ESVUFR,4442.TWO,股票,structured_isin,structured_isin,372,
4502,健信,健信,上櫃,電機機械,TW0004502000,1995/12/12,ESVUFR,4502.TWO,股票,structured_isin+wide_explicit_header,structured_isin+wide_table,"64,373",12
4503,金雨,金雨,上櫃,電機機械,TW0004503008,1996/12/19,ESVUFR,4503.TWO,股票,structured_isin+wide_explicit_header,structured_isin+wide_table,"65,374",12
4506,崇友,崇友,上櫃,電機機械,TW0004506001,1997/12/06,ESVUFR,4506.TWO,股票,structured_isin+wide_explicit_header,structured_isin+wide_table,"66,375",12
4510,高鋒,高鋒,上櫃,電機機械,TW0004510003,1998/02/24,ESVUFR,4510.TWO,股票,structured_isin+wide_explicit_header,structured_isin+wide_table,"67,376",12
4513,福裕,福裕,上櫃,電機機械,TW0004513007,1998/03/25,ESVUFR,4513.TWO,股票,structured_isin+wide_explicit_header,structured_isin+wide_table,"68,377",12
4523,永彰,永彰,上櫃,電機機械,TW0004523006,1999/11/22,ESVUFR,4523.TWO,股票,structured_isin+wide_explicit_header,structured_isin+wide_table,"69,378",12
4526,東台,東台,上市,電機機械,,,,4526.TW,股票,wide_explicit_header,wide_table,62,2
4527,方土霖,方土霖,上櫃,電機機械,TW0004527007,2000/09/28,ESVUFR,4527.TWO,股票,structured_isin+wide_explicit_header,structured_isin+wide_table,"70,379",12
4528,江興鍛,江興鍛,上櫃,電機機械,TW0004528005,2001/02/12,ESVUFR,4528.TWO,股票,structured_isin+wide_explicit_header,structured_isin+wide_table,"71,380",12
4529,淳紳,淳紳,上櫃,其他業,TW0004529003,2001/05/04,ESVUFR,4529.TWO,股票,structured_isin+wide_explicit_header,structured_isin+wide_table,"19,381",20
4530,宏易,宏易,上櫃,觀光餐旅,TW0004530001,2001/04/30,ESVUFR,4530.TWO,股票,structured_isin+wide_explicit_header,structured_isin+wide_table,"72,382",12
4532,瑞智,瑞智,上市,電機機械,,,,4532.TW,股票,wide_explicit_header,wide_table,63,2
4533,協易機,協易機,上櫃,電機機械,TW0004533005,2002/04/26,ESVUFR,4533.TWO,股票,structured_isin+wide_explicit_header,structured_isin+wide_table,"73,383",12
4534,慶騰,慶騰,上櫃,電機機械,TW0004534003,2003/03/31,ESVUFR,4534.TWO,股票,structured_isin+wide_explicit_header,structured_isin+wide_table,"74,384",12
4535,至興,至興,上櫃,電機機械,TW0004535000,2003/04/16,ESVUFR,4535.TWO,股票,structured_isin+wide_explicit_header,structured_isin+wide_table,"75,385",12
4536,拓凱,拓凱,上市,其他,,,,4536.TW,股票,wide_explicit_header,wide_table,47,11
4538,大詠城,大詠城,上櫃,電機機械,TW0004538004,2019/01/15,ESVUFR,4538.TWO,股票,structured_isin,structured_isin,386,
4541,晟田,晟田,上櫃,其他業,TW0004541008,2014/07/22,ESVUFR,4541.TWO,股票,structured_isin,structured_isin,387,
4542,科嶠,科嶠,上櫃,電子零組件業,TW0004542006,2014/08/25,ESVUFR,4542.TWO,股票,structured_isin,structured_isin,388,
4543,萬在,萬在,上櫃,電機機械,TW0004543004,2016/03/15,ESVUFR,4543.TWO,股票,structured_isin,structured_isin,389,
4549,桓達,桓達,上櫃,電機機械,TW0004549001,2014/11/27,ESVUFR,4549.TWO,股票,structured_isin,structured_isin,390,
4550,長佳,長佳,上櫃,電機機械,TW0004550009,2015/03/18,ESVUFR,4550.TWO,股票,structured_isin,structured_isin,391,
4554,橙的,橙的,上櫃,其他電子業,TW0004554001,2016/08/05,ESVUFR,4554.TWO,股票,structured_isin,structured_isin,392,
4556,旭然,旭然,上櫃,其他業,TW0004556006,2015/12/22,ESVUFR,4556.TWO,股票,structured_isin,structured_isin,393,
4558,寶緯,寶緯,上櫃,電機機械,TW0004558002,2022/03/17,ESVUFR,4558.TWO,股票,structured_isin,structured_isin,394,
4561,健椿,健椿,上櫃,電機機械,TW0004561006,2018/06/11,ESVUFR,4561.TWO,股票,structured_isin,structured_isin,395,
4563,百德,百德,上櫃,電機機械,TW0004563002,2018/07/12,ESVUFR,4563.TWO,股票,structured_isin,structured_isin,396,
4568,科際精密,科際精密,上櫃,電機機械,TW0004568001,2018/10/03,ESVUFR,4568.TWO,股票,structured_isin,structured_isin,397,
4577,達航科技,達航科技,上櫃,其他電子業,TW0004577002,2022/06/14,ESVUFR,4577.TWO,股票,structured_isin,structured_isin,398,
4580,捷流閥業,捷流閥業,上櫃,電機機械,TW0004580006,2020/01/06,ESVUFR,4580.TWO,股票,structured_isin,structured_isin,399,
4584,君帆,君帆,上櫃,電機機械,TW0004584008,2022/10/05,ESVUFR,4584.TWO,股票,structured_isin,structured_isin,400,
4609,唐鋒,唐鋒,上櫃,居家生活,TW0004609003,2000/05/19,ESVUFR,4609.TWO,股票,structured_isin+wide_explicit_header,structured_isin+wide_table,"4,401",13
4702,中美實,中美實,上櫃,居家生活,TW0004702006,1995/04/21,ESVUFR,4702.TWO,股票,structured_isin+wide_explicit_header,structured_isin+wide_table,"8,402",13
4706,大恭,大恭,上櫃,化學工業,TW0004706007,1998/04/17,ESVUFR,4706.TWO,股票,structured_isin+wide_explicit_header,structured_isin+wide_table,"9,403",13
4707,磐亞,磐亞,上櫃,化學工業,TW0004707005,1998/05/20,ESVUFR,4707.TWO,股票,structured_isin+wide_explicit_header,structured_isin+wide_table,"10,404",13
4711,永純,永純,上櫃,化學工業,TW0004711007,1999/02/24,ESVUFR,4711.TWO,股票,structured_isin+wide_explicit_header,structured_isin+wide_table,"11,405",13
4712,南璋,南璋,上櫃,食品,,,,4712.TWO,股票,wide_explicit_header,wide_table,33,12
4714,永捷,永捷,上櫃,化學工業,TW0004714001,2000/03/27,ESVUFR,4714.TWO,股票,structured_isin+wide_explicit_header,structured_isin+wide_table,"12,406",13
4716,大立,大立,上櫃,化學工業,TW0004716006,2000/03/27,ESVUFR,4716.TWO,股票,structured_isin+wide_explicit_header,structured_isin+wide_table,"13,407",13
4720,德淵,德淵,上市,化工,,,,4720.TW,股票,wide_explicit_header,wide_table,25,3
4721,美琪瑪,美琪瑪,上櫃,化學工業,TW0004721006,2001/03/09,ESVUFR,4721.TWO,股票,structured_isin+wide_explicit_header,structured_isin+wide_table,"14,408",13
4722,國精化,國精化,上市,化工,,,,4722.TW,股票,wide_explicit_header,wide_table,26,3
4725,信昌化,信昌化,上市,化工,,,,4725.TW,股票,wide_explicit_header,wide_table,27,3
4726,永昕,永昕,上櫃,生技醫療業,TW0004726005,2013/12/25,ESVUFR,4726.TWO,股票,structured_isin+wide_explicit_header,structured_isin+wide_table,"63,409",13
4728,雙美,雙美,上櫃,生技醫療業,TW0004728001,2012/01/10,ESVUFR,4728.TWO,股票,structured_isin+wide_explicit_header,structured_isin+wide_table,"64,410",13
4729,熒茂,熒茂,上櫃,光電業,TW0004729009,2009/02/24,ESVUFR,4729.TWO,股票,structured_isin+wide_explicit_header,structured_isin+wide_table,"68,411",15
4733,上緯,上緯,上市,化工,,,,4733.TW,股票,wide_explicit_header,wide_table,28,3
4735,豪展,豪展,上櫃,生技醫療業,TW0004735006,2011/08/16,ESVUFR,4735.TWO,股票,structured_isin+wide_explicit_header,structured_isin+wide_table,"65,412",13
4736,泰博,泰博,上櫃,生技醫療,,,,4736.TWO,股票,wide_explicit_header,wide_table,66,13
4737,華廣,華廣,上市,生技醫療,,,,4737.TW,股票,wide_explicit_header,wide_table,55,3
4739,康普,康普,上櫃,化工,,,,4739.TWO,股票,wide_explicit_header,wide_table,15,13
4741,泓瀚,泓瀚,上櫃,化學工業,TW0004741004,2017/09/26,ESVUFR,4741.TWO,股票,structured_isin,structured_isin,413,
4743,合一,合一,上櫃,生技醫療業,TW0004743000,2011/09/23,ESVUFR,4743.TWO,股票,structured_isin+wide_explicit_header,structured_isin+wide_table,"67,414",13
4744,皇將,皇將,上櫃,生技醫療業,TW0004744008,2018/07/12,ESVUFR,4744.TWO,股票,structured_isin,structured_isin,415,
4745,合富-KY,合富-KY,上櫃,生技醫療業,KYG248111042,2013/01/30,ESVUFR,4745.TWO,股票,structured_isin+wide_explicit_header,structured_isin+wide_table,"68,416",13
4746,台耀,台耀,上市,生技醫療,,,,4746.TW,股票,wide_explicit_header,wide_table,56,3
4747,強生,強生,上櫃,生技醫療業,TW0004747001,2013/12/25,ESVUFR,4747.TWO,股票,structured_isin+wide_explicit_header,structured_isin+wide_table,"69,417",13
4749,新應材,新應材,上櫃,半導體業,TW0004749007,2025/01/17,ESVUFR,4749.TWO,股票,structured_isin,structured_isin,418,
4754,國碳科,國碳科,上櫃,化學工業,TW0004754007,2016/09/28,ESVUFR,4754.TWO,股票,structured_isin,structured_isin,419,
4755,三福化,三福化,上市,化工,,,,4755.TW,股票,wide_explicit_header,wide_table,29,3
4760,勤凱,勤凱,上櫃,其他電子業,TW0004760004,2019/03/21,ESVUFR,4760.TWO,股票,structured_isin,structured_isin,420,
4767,誠泰科技,誠泰科技,上櫃,化學工業,TW0004767009,2018/10/29,ESVUFR,4767.TWO,股票,structured_isin,structured_isin,421,
4768,晶呈科技,晶呈科技,上櫃,化學工業,TW0004768007,2022/04/13,ESVUFR,4768.TWO,股票,structured_isin,structured_isin,422,
4772,台特化,台特化,上櫃,化學工業,TW0004772009,2024/09/20,ESVUFR,4772.TWO,股票,structured_isin,structured_isin,423,
4804,大略-KY,大略-KY,上櫃,觀光餐旅,KYG2646C1024,2015/12/04,ESVUFR,4804.TWO,股票,structured_isin,structured_isin,424,
4806,桂田文創,桂田文創,上櫃,文化創意業,TW0004806005,2016/03/09,ESVUFR,4806.TWO,股票,structured_isin,structured_isin,425,
4903,聯光通,聯光通,上櫃,通信網路業,TW0004903000,2001/05/14,ESVUFR,4903.TWO,股票,structured_isin+wide_explicit_header,structured_isin+wide_table,"30,426",16
4904,遠傳*,遠傳,上市,通信網路,,,,4904.TW,股票,wide_inherited_header,wide_table,16,7
4905,台聯電,台聯電,上櫃,通信網路業,TW0004905005,2001/12/07,ESVUFR,4905.TWO,股票,structured_isin+wide_explicit_header,structured_isin+wide_table,"31,427",16
4906,正文,正文,上市,通信網路,,,,4906.TW,股票,wide_inherited_header,wide_table,17,7
4907,富宇,富宇,上櫃,建材營造業,TW0004907001,2002/03/04,ESVUFR,4907.TWO,股票,structured_isin+wide_inherited_header,structured_isin+wide_table,"1,428",19
4908,前鼎,前鼎,上櫃,通信網路業,TW0004908009,2002/02/27,ESVUFR,4908.TWO,股票,structured_isin+wide_explicit_header,structured_isin+wide_table,"32,429",16
4909,新復興,新復興,上櫃,通信網路業,TW0004909007,2002/11/28,ESVUFR,4909.TWO,股票,structured_isin+wide_explicit_header,structured_isin+wide_table,"33,430",16
4911,德英,德英,上櫃,生技醫療業,TW0004911003,2011/03/21,ESVUFR,4911.TWO,股票,structured_isin+wide_explicit_header,structured_isin+wide_table,"70,431",13
4912,聯德控股-KY,聯德控股-KY,上市,電子零組件,,,,4912.TW,股票,wide_inherited_header,wide_table,14,8
4915,致伸,致伸,上市,電腦及週邊設備,,,,4915.TW,股票,wide_explicit_header,wide_table,66,5
4916,事欣科,事欣科,上市,電腦及週邊設備,,,,4916.TW,股票,wide_explicit_header,wide_table,67,5
4919,新唐,新唐,上市,半導體,,,,4919.TW,股票,wide_inherited_header,wide_table,6,5
4923,力士,力士,上櫃,半導體業,TW0004923008,2022/03/14,ESVUFR,4923.TWO,股票,structured_isin,structured_isin,432,
4924,欣厚-KY,欣厚-KY,上櫃,電腦及週邊設備業,KYG4642A1067,2011/10/18,ESVUFR,4924.TWO,股票,structured_isin+wide_inherited_header,structured_isin+wide_table,"15,433",15
4927,泰鼎-KY,泰鼎-KY,上市,電子零組件,,,,4927.TW,股票,wide_inherited_header,wide_table,15,8
4930,燦星網,燦星網,上市,電器電纜,,,,4930.TW,股票,wide_inherited_header,wide_table,1,3
4931,新盛力,新盛力,上櫃,電腦及週邊設備業,TW0004931001,2019/09/17,ESVUFR,4931.TWO,股票,structured_isin,structured_isin,434,
4933,友輝,友輝,上櫃,光電業,TW0004933007,2010/05/04,ESVUFR,4933.TWO,股票,structured_isin+wide_explicit_header,structured_isin+wide_table,"69,435",15
4934,太極,太極,上市,光電,,,,4934.TW,股票,wide_explicit_header,wide_table,46,6
4935,茂林-KY,茂林-KY,上市,光電,,,,4935.TW,股票,wide_explicit_header,wide_table,47,6
4938,和碩*,和碩,上市,電腦及週邊設備,,,,4938.TW,股票,wide_explicit_header,wide_table,68,5
4939,亞電,亞電,上櫃,電子零組件業,TW0004939004,2011/09/19,ESVUFR,4939.TWO,股票,structured_isin+wide_inherited_header,structured_isin+wide_table,"12,436",17
4942,嘉彰,嘉彰,上市,光電,,,,4942.TW,股票,wide_explicit_header,wide_table,48,6
4944,兆遠,兆遠,上櫃,光電,,,,4944.TWO,股票,wide_explicit_header,wide_table,70,15
4946,辣椒,辣椒,上櫃,文化創意業,TW0004946009,2011/06/10,ESVUFR,4946.TWO,股票,structured_isin+wide_explicit_header,structured_isin+wide_table,"75,437",19
4947,昂寶-KY,昂寶-KY,上櫃,半導體,,,,4947.TWO,股票,wide_explicit_header,wide_table,39,14
4950,金耘國際,金耘國際,上櫃,鋼鐵工業,TW0004950001,2012/04/27,ESVUFR,4950.TWO,股票,structured_isin+wide_explicit_header,structured_isin+wide_table,"20,438",20
4951,精拓科,精拓科,上櫃,半導體業,TW0004951009,2022/11/03,ESVUFR,4951.TWO,股票,structured_isin,structured_isin,439,
4952,凌通,凌通,上市,半導體,,,,4952.TW,股票,wide_inherited_header,wide_table,7,5
4953,緯軟,緯軟,上櫃,資訊服務業,TW0004953005,2014/01/08,ESVUFR,4953.TWO,股票,structured_isin+wide_explicit_header,structured_isin+wide_table,"18,440",18
4956,光鋐,光鋐,上市,光電,,,,4956.TW,股票,wide_explicit_header,wide_table,49,6
4958,臻鼎-KY#,臻鼎-KY,上市,電子零組件,,,,4958.TW,股票,wide_inherited_header,wide_table,16,8
4960,奇美材,奇美材,上市,光電,,,,4960.TW,股票,wide_explicit_header,wide_table,50,6
4965,商店街,商店街,上櫃,資訊服務,,,,4965.TWO,股票,wide_explicit_header,wide_table,19,18
4966,譜瑞-KY,譜瑞-KY,上櫃,半導體業,KYG6892A1085,2011/09/13,ESVUFR,4966.TWO,股票,structured_isin+wide_explicit_header,structured_isin+wide_table,"40,441",14
4971,IET-KY,IET-KY,上櫃,半導體業,KYG480071011,2013/07/24,ESVUFR,4971.TWO,股票,structured_isin+wide_explicit_header,structured_isin+wide_table,"41,442",14
4972,湯石照明,湯石照明,上櫃,光電業,TW0004972005,2013/06/17,ESVUFR,4972.TWO,股票,structured_isin+wide_explicit_header,structured_isin+wide_table,"71,443",15
4973,廣穎,廣穎,上櫃,半導體業,TW0004973003,2012/06/19,ESVUFR,4973.TWO,股票,structured_isin+wide_explicit_header,structured_isin+wide_table,"42,444",14
4974,亞泰,亞泰,上櫃,電子零組件業,TW0004974001,2011/11/29,ESVUFR,4974.TWO,股票,structured_isin+wide_inherited_header,structured_isin+wide_table,"13,445",17
4976,佳凌,佳凌,上市,光電,,,,4976.TW,股票,wide_explicit_header,wide_table,51,6
4977,眾達-KY,眾達-KY,上市,通信網路,,,,4977.TW,股票,wide_inherited_header,wide_table,18,7
4979,華星光,華星光,上櫃,通信網路業,TW0004979000,2011/12/12,ESVUFR,4979.TWO,股票,structured_isin+wide_explicit_header,structured_isin+wide_table,"34,446",16
4984,科納-KY,科納-KY,上市,通信網路,,,,4984.TW,股票,wide_inherited_header,wide_table,19,7
4987,科誠,科誠,上櫃,電腦及週邊設備業,TW0004987003,2012/03/21,ESVUFR,4987.TWO,股票,structured_isin+wide_inherited_header,structured_isin+wide_table,"16,447",15
4991,環宇-KY,環宇-KY,上櫃,半導體業,KYG377541019,2014/09/15,ESVUFR,4991.TWO,股票,structured_isin,structured_isin,448,
4994,傳奇,傳奇,上市,資訊服務,,,,4994.TW,股票,wide_explicit_header,wide_table,70,8
4995,晶達,晶達,上櫃,光電業,TW0004995006,2012/05/09,ESVUFR,4995.TWO,股票,structured_isin+wide_explicit_header,structured_isin+wide_table,"72,449",15
4999,鑫禾,鑫禾,上市,電子零組件,,,,4999.TW,股票,wide_inherited_header,wide_table,17,8
5007,三星,三星,上市,鋼鐵,,,,5007.TW,股票,wide_inherited_header,wide_table,17,4
5009,榮剛,榮剛,上櫃,鋼鐵工業,TW0005009005,1998/10/17,ESVUFR,5009.TWO,股票,structured_isin+wide_explicit_header,structured_isin+wide_table,"81,450",13
5011,久陽,久陽,上櫃,鋼鐵工業,TW0005011001,1999/05/06,ESVUFR,5011.TWO,股票,structured_isin+wide_inherited_header,structured_isin+wide_table,"1,451",14
5013,強新,強新,上櫃,鋼鐵工業,TW0005013007,2000/05/08,ESVUFR,5013.TWO,股票,structured_isin+wide_inherited_header,structured_isin+wide_table,"2,452",14
5014,建錩,建錩,上櫃,鋼鐵工業,TW0005014005,2001/02/15,ESVUFR,5014.TWO,股票,structured_isin+wide_inherited_header,structured_isin+wide_table,"3,453",14
5015,華祺,華祺,上櫃,鋼鐵工業,TW0005015002,2000/12/15,ESVUFR,5015.TWO,股票,structured_isin+wide_inherited_header,structured_isin+wide_table,"4,454",14
5016,松和,松和,上櫃,鋼鐵工業,TW0005016000,2001/03/05,ESVUFR,5016.TWO,股票,structured_isin+wide_inherited_header,structured_isin+wide_table,"5,455",14
5102,富強,富強,上櫃,橡膠,,,,5102.TWO,股票,wide_explicit_header,wide_table,11,14
5201,凱衛,凱衛,上櫃,資訊服務業,TW0005201008,2000/10/12,ESVUFR,5201.TWO,股票,structured_isin+wide_explicit_header,structured_isin+wide_table,"20,456",18
5202,力新,力新,上櫃,資訊服務業,TW0005202006,2000/10/18,ESVUFR,5202.TWO,股票,structured_isin+wide_explicit_header,structured_isin+wide_table,"21,457",18
5203,訊連,訊連,上市,資訊服務,,,,5203.TW,股票,wide_explicit_header,wide_table,71,8
5205,中茂,中茂,上櫃,綠能環保,TW0005205009,2001/05/14,ESVUFR,5205.TWO,股票,structured_isin+wide_explicit_header,structured_isin+wide_table,"60,458",18
5206,坤悅,坤悅,上櫃,建材營造業,TW0005206007,2001/10/08,ESVUFR,5206.TWO,股票,structured_isin+wide_inherited_header,structured_isin+wide_table,"2,459",19
5209,新鼎,新鼎,上櫃,其他業,TW0005209001,2002/02/25,ESVUFR,5209.TWO,股票,structured_isin+wide_explicit_header,structured_isin+wide_table,"22,460",18
5210,寶碩,寶碩,上櫃,資訊服務業,TW0005210009,2002/04/25,ESVUFR,5210.TWO,股票,structured_isin+wide_explicit_header,structured_isin+wide_table,"23,461",18
5211,蒙恬,蒙恬,上櫃,資訊服務業,TW0005211007,2002/12/23,ESVUFR,5211.TWO,股票,structured_isin+wide_explicit_header,structured_isin+wide_table,"24,462",18
5212,凌網,凌網,上櫃,資訊服務業,TW0005212005,2003/03/24,ESVUFR,5212.TWO,股票,structured_isin+wide_explicit_header,structured_isin+wide_table,"25,463",18
5213,亞昕,亞昕,上櫃,建材營造業,TW0005213003,2003/04/24,ESVUFR,5213.TWO,股票,structured_isin+wide_inherited_header,structured_isin+wide_table,"3,464",19
5215,科嘉-KY,科嘉-KY,上市,電腦及週邊設備,,,,5215.TW,股票,wide_explicit_header,wide_table,69,5
5220,萬達光電,萬達光電,上櫃,光電業,TW0005220008,2018/04/26,ESVUFR,5220.TWO,股票,structured_isin,structured_isin,465,
5223,安力-KY,安力-KY,上櫃,電腦及週邊設備業,KYG0458G1047,2018/07/02,ESVUFR,5223.TWO,股票,structured_isin,structured_isin,466,
5225,東科-KY,東科-KY,上市,其他電子,,,,5225.TW,股票,wide_inherited_header,wide_table,21,9
5227,立凱-KY,立凱-KY,上櫃,電子零組件業,KYG0100G1064,2013/12/09,ESVUFR,5227.TWO,股票,structured_isin+wide_inherited_header,structured_isin+wide_table,"14,467",17
5228,鈺鎧,鈺鎧,上櫃,電子零組件業,TW0005228001,2022/05/20,ESVUFR,5228.TWO,股票,structured_isin,structured_isin,468,
5230,雷笛克光學,雷笛克光學,上櫃,光電業,TW0005230007,2012/06/05,ESVUFR,5230.TWO,股票,structured_isin+wide_explicit_header,structured_isin+wide_table,"73,469",15
5234,達興材料,達興材料,上市,光電,,,,5234.TW,股票,wide_explicit_header,wide_table,52,6
5236,凌陽創新,凌陽創新,上櫃,半導體業,TW0005236004,2021/07/29,ESVUFR,5236.TWO,股票,structured_isin,structured_isin,470,
5243,乙盛-KY,乙盛-KY,上市,光電,,,,5243.TW,股票,wide_explicit_header,wide_table,53,6
5245,智晶,智晶,上櫃,光電業,TW0005245005,2015/05/25,ESVUFR,5245.TWO,股票,structured_isin,structured_isin,471,
5251,天鉞電,天鉞電,上櫃,光電業,TW0005251003,2012/11/26,ESVUFR,5251.TWO,股票,structured_isin+wide_explicit_header,structured_isin+wide_table,"74,472",15
5259,清惠,清惠,上市,光電,,,,5259.TW,股票,wide_explicit_header,wide_table,54,6
5263,智崴,智崴,上櫃,文化創意業,TW0005263008,2012/12/18,ESVUFR,5263.TWO,股票,structured_isin+wide_explicit_header,structured_isin+wide_table,"76,473",19
5264,鎧勝-KY#,鎧勝-KY,上市,電腦及週邊設備,,,,5264.TW,股票,wide_explicit_header,wide_table,70,5
5269,祥碩,祥碩,上市,半導體,,,,5269.TW,股票,wide_inherited_header,wide_table,8,5
5272,笙科,笙科,上櫃,半導體業,TW0005272009,2013/05/30,ESVUFR,5272.TWO,股票,structured_isin+wide_explicit_header,structured_isin+wide_table,"43,474",14
5274,信驊,信驊,上櫃,半導體業,TW0005274005,2013/04/30,ESVUFR,5274.TWO,股票,structured_isin+wide_explicit_header,structured_isin+wide_table,"44,475",14
5276,達輝-KY,達輝-KY,上櫃,其他業,KYG2743W1006,2014/06/12,ESVUFR,5276.TWO,股票,structured_isin,structured_isin,476,
5278,尚凡*,尚凡,上櫃,數位雲端,TW0005278006,2013/06/04,ESVUFR,5278.TWO,股票,structured_isin+wide_explicit_header,structured_isin+wide_table,"77,477",19
5285,界霖,界霖,上市,半導體,,,,5285.TW,股票,wide_inherited_header,wide_table,9,5
5287,數字,數字,上櫃,數位雲端,TW0005287007,2014/01/20,ESVUFR,5287.TWO,股票,structured_isin+wide_explicit_header,structured_isin+wide_table,"26,478",18
5289,宜鼎,宜鼎,上櫃,電腦及週邊設備業,TW0005289003,2013/11/27,ESVUFR,5289.TWO,股票,structured_isin+wide_inherited_header,structured_isin+wide_table,"17,479",15
5291,邑昇,邑昇,上櫃,電子零組件業,TW0005291009,2014/12/23,ESVUFR,5291.TWO,股票,structured_isin,structured_isin,480,
5299,杰力,杰力,上櫃,半導體業,TW0005299002,2018/01/23,ESVUFR,5299.TWO,股票,structured_isin,structured_isin,481,
5301,寶得利,寶得利,上櫃,觀光餐旅,TW0005301006,1990/06/25,ESVUFR,5301.TWO,股票,structured_isin+wide_explicit_header,structured_isin+wide_table,"32,482",19
5302,太欣,太欣,上櫃,半導體業,TW0005302004,1991/01/17,ESVUFR,5302.TWO,股票,structured_isin+wide_explicit_header,structured_isin+wide_table,"45,483",14
5304,鼎創達,鼎創達,上櫃,電腦及週邊設備,,,,5304.TWO,股票,wide_inherited_header,wide_table,18,15
5305,敦南,敦南,上市,半導體,,,,5305.TW,股票,wide_inherited_header,wide_table,10,5
5306,桂盟,桂盟,上櫃,其他,,,,5306.TWO,股票,wide_explicit_header,wide_table,21,20
5309,系統電,系統電,上櫃,電子零組件業,TW0005309009,1996/03/18,ESVUFR,5309.TWO,股票,structured_isin+wide_inherited_header,structured_isin+wide_table,"15,484",17
5310,天剛,天剛,上櫃,資訊服務業,TW0005310007,1996/04/09,ESVUFR,5310.TWO,股票,structured_isin+wide_explicit_header,structured_isin+wide_table,"27,485",18
5312,寶島科,寶島科,上櫃,生技醫療業,TW0005312003,1996/05/25,ESVUFR,5312.TWO,股票,structured_isin+wide_explicit_header,structured_isin+wide_table,"22,486",20
5314,世紀*,世紀,上櫃,其他業,TW0005314009,1996/09/16,ESVUFR,5314.TWO,股票,structured_isin+wide_explicit_header,structured_isin+wide_table,"46,487",14
5315,光聯,光聯,上櫃,光電業,TW0005315006,1996/11/02,ESVUFR,5315.TWO,股票,structured_isin+wide_explicit_header,structured_isin+wide_table,"75,488",15
5317,凱美,凱美,上櫃,電子零組件,,,,5317.TWO,股票,wide_inherited_header,wide_table,16,17
5321,美而快,美而快,上櫃,數位雲端,TW0005321004,1996/12/30,ESVUFR,5321.TWO,股票,structured_isin+wide_inherited_header,structured_isin+wide_table,"17,489",17
5324,士開,士開,上櫃,建材營造業,TW0005324008,1997/01/30,ESVUFR,5324.TWO,股票,structured_isin+wide_inherited_header,structured_isin+wide_table,"4,490",19
5328,華容,華容,上櫃,電子零組件業,TW0005328009,1997/08/28,ESVUFR,5328.TWO,股票,structured_isin+wide_inherited_header,structured_isin+wide_table,"18,491",17
5340,建榮,建榮,上櫃,電子零組件業,TW0005340004,1998/01/20,ESVUFR,5340.TWO,股票,structured_isin+wide_inherited_header,structured_isin+wide_table,"19,492",17
5344,立衛,立衛,上櫃,半導體業,TW0005344006,1998/03/23,ESVUFR,5344.TWO,股票,structured_isin+wide_explicit_header,structured_isin+wide_table,"47,493",14
5345,馥鴻,馥鴻,上櫃,其他業,TW0005345003,1998/03/23,ESVUFR,5345.TWO,股票,structured_isin+wide_inherited_header,structured_isin+wide_table,"20,494",17
5347,世界,世界,上櫃,半導體業,TW0005347009,1998/03/25,ESVUFR,5347.TWO,股票,structured_isin+wide_explicit_header,structured_isin+wide_table,"48,495",14
5348,正能量智能,正能量智能,上櫃,運動休閒,TW0005348007,2025/06/02,ESVUFR,5348.TWO,股票,structured_isin+wide_explicit_header,structured_isin+wide_table,"35,496",16
5349,先豐,先豐,上櫃,電子零組件,,,,5349.TWO,股票,wide_inherited_header,wide_table,21,17
5351,鈺創,鈺創,上櫃,半導體業,TW0005351001,1998/05/15,ESVUFR,5351.TWO,股票,structured_isin+wide_explicit_header,structured_isin+wide_table,"49,497",14
5353,台林,台林,上櫃,通信網路業,TW0005353007,1998/05/18,ESVUFR,5353.TWO,股票,structured_isin+wide_explicit_header,structured_isin+wide_table,"36,498",16
5355,佳總,佳總,上櫃,電子零組件業,TW0005355002,1998/06/23,ESVUFR,5355.TWO,股票,structured_isin+wide_inherited_header,structured_isin+wide_table,"22,499",17
5356,協益,協益,上櫃,電腦及週邊設備業,TW0005356000,1998/07/20,ESVUFR,5356.TWO,股票,structured_isin+wide_inherited_header,structured_isin+wide_table,"19,500",15
5364,力麗店,力麗店,上櫃,觀光餐旅,TW0005364004,2013/08/26,ESVUFR,5364.TWO,股票,structured_isin+wide_explicit_header,structured_isin+wide_table,"33,501",19
5371,中光電,中光電,上櫃,光電業,TW0005371009,1999/01/20,ESVUFR,5371.TWO,股票,structured_isin+wide_explicit_header,structured_isin+wide_table,"76,502",15
5381,光譜,光譜,上櫃,電子零組件業,TW0005381008,1999/03/19,ESVUFR,5381.TWO,股票,structured_isin+wide_inherited_header,structured_isin+wide_table,"23,503",17
5383,金利,金利,上櫃,其他電子,,,,5383.TWO,股票,wide_explicit_header,wide_table,61,18
5384,捷元,捷元,上櫃,電腦及週邊設備,,,,5384.TWO,股票,wide_inherited_header,wide_table,20,15
5386,青雲,青雲,上櫃,電腦及週邊設備業,TW0005386007,1999/05/13,ESVUFR,5386.TWO,股票,structured_isin+wide_inherited_header,structured_isin+wide_table,"21,504",15
5388,中磊,中磊,上市,通信網路,,,,5388.TW,股票,wide_inherited_header,wide_table,20,7
5392,能率,能率,上櫃,光電業,TW0005392005,1999/06/14,ESVUFR,5392.TWO,股票,structured_isin+wide_explicit_header,structured_isin+wide_table,"77,505",15
5395,圓方,圓方,上櫃,其他,,,,5395.TWO,股票,wide_explicit_header,wide_table,23,20
5398,慕康生醫,慕康生醫,上櫃,其他業,TW0005398002,1999/10/11,ESVUFR,5398.TWO,股票,structured_isin+wide_inherited_header,structured_isin+wide_table,"24,506",17
5403,中菲,中菲,上櫃,資訊服務業,TW0005403000,1999/10/15,ESVUFR,5403.TWO,股票,structured_isin+wide_explicit_header,structured_isin+wide_table,"28,507",18
5410,國眾,國眾,上櫃,資訊服務業,TW0005410005,1999/11/26,ESVUFR,5410.TWO,股票,structured_isin+wide_explicit_header,structured_isin+wide_table,"29,508",18
5425,台半,台半,上櫃,半導體業,TW0005425003,2000/02/21,ESVUFR,5425.TWO,股票,structured_isin+wide_explicit_header,structured_isin+wide_table,"50,509",14
5426,振發,振發,上櫃,電腦及週邊設備業,TW0005426001,2000/02/09,ESVUFR,5426.TWO,股票,structured_isin+wide_inherited_header,structured_isin+wide_table,"22,510",15
5432,新門,新門,上櫃,綠能環保,TW0005432009,2000/03/21,ESVUFR,5432.TWO,股票,structured_isin+wide_explicit_header,structured_isin+wide_table,"78,511",15
5434,崇越,崇越,上市,電子通路,,,,5434.TW,股票,wide_explicit_header,wide_table,56,8
5438,東友,東友,上櫃,電腦及週邊設備業,TW0005438006,2000/06/17,ESVUFR,5438.TWO,股票,structured_isin+wide_inherited_header,structured_isin+wide_table,"23,512",15
5439,高技,高技,上櫃,電子零組件業,TW0005439004,2000/06/26,ESVUFR,5439.TWO,股票,structured_isin+wide_inherited_header,structured_isin+wide_table,"25,513",17
5443,均豪,均豪,上櫃,半導體業,TW0005443006,1998/02/09,ESVUFR,5443.TWO,股票,structured_isin+wide_explicit_header,structured_isin+wide_table,"79,514",15
5450,南良,南良,上櫃,其他業,TW0005450001,2020/06/01,ESVUFR,5450.TWO,股票,structured_isin+wide_inherited_header,structured_isin+wide_table,"24,515",15
5452,佶優,佶優,上櫃,其他電子業,TW0005452007,2000/10/02,ESVUFR,5452.TWO,股票,structured_isin+wide_explicit_header,structured_isin+wide_table,"62,516",18
5455,昇益,昇益,上櫃,建材營造業,TW0005455000,2000/10/19,ESVUFR,5455.TWO,股票,structured_isin+wide_explicit_header,structured_isin+wide_table,"51,517",14
5457,宣德,宣德,上櫃,電子零組件業,TW0005457006,2000/09/29,ESVUFR,5457.TWO,股票,structured_isin+wide_inherited_header,structured_isin+wide_table,"26,518",17
5460,同協,同協,上櫃,電子零組件業,TW0005460000,2000/09/28,ESVUFR,5460.TWO,股票,structured_isin+wide_inherited_header,structured_isin+wide_table,"27,519",17
5464,霖宏,霖宏,上櫃,電子零組件業,TW0005464002,2000/11/08,ESVUFR,5464.TWO,股票,structured_isin+wide_inherited_header,structured_isin+wide_table,"28,520",17
5465,富驊,富驊,上櫃,電腦及週邊設備業,TW0005465009,2000/11/08,ESVUFR,5465.TWO,股票,structured_isin+wide_inherited_header,structured_isin+wide_table,"25,521",15
5468,凱鈺,凱鈺,上櫃,半導體業,TW0005468003,2001/01/17,ESVUFR,5468.TWO,股票,structured_isin+wide_explicit_header,structured_isin+wide_table,"52,522",14
5469,瀚宇博,瀚宇博,上市,電子零組件,,,,5469.TW,股票,wide_inherited_header,wide_table,18,8
5471,松翰,松翰,上市,半導體,,,,5471.TW,股票,wide_inherited_header,wide_table,11,5
5474,聰泰,聰泰,上櫃,電腦及週邊設備業,TW0005474001,2001/03/20,ESVUFR,5474.TWO,股票,structured_isin+wide_inherited_header,structured_isin+wide_table,"26,523",15
5475,德宏,德宏,上櫃,電子零組件業,TW0005475008,2001/01/16,ESVUFR,5475.TWO,股票,structured_isin+wide_inherited_header,structured_isin+wide_table,"29,524",17
5478,智冠,智冠,上櫃,文化創意業,TW0005478002,2001/03/29,ESVUFR,5478.TWO,股票,structured_isin+wide_explicit_header,structured_isin+wide_table,"78,525",19
5480,統盟,統盟,上櫃,電子零組件,,,,5480.TWO,股票,wide_inherited_header,wide_table,30,17
5481,新華,新華,上櫃,其他業,TW0005481006,2020/06/01,ESVUFR,5481.TWO,股票,structured_isin+wide_inherited_header,structured_isin+wide_table,"31,526",17
5483,中美晶,中美晶,上櫃,半導體業,TW0005483002,2001/03/02,ESVUFR,5483.TWO,股票,structured_isin+wide_explicit_header,structured_isin+wide_table,"53,527",14
5484,慧友,慧友,上市,光電,,,,5484.TW,股票,wide_explicit_header,wide_table,55,6
5487,通泰,通泰,上櫃,半導體業,TW0005487003,2001/02/20,ESVUFR,5487.TWO,股票,structured_isin+wide_explicit_header,structured_isin+wide_table,"54,528",14
5488,松普,松普,上櫃,電子零組件業,TW0005488001,2001/03/12,ESVUFR,5488.TWO,股票,structured_isin+wide_inherited_header,structured_isin+wide_table,"32,529",17
5489,彩富,彩富,上櫃,其他電子業,TW0005489009,2001/03/12,ESVUFR,5489.TWO,股票,structured_isin+wide_explicit_header,structured_isin+wide_table,"63,530",18
5490,同亨,同亨,上櫃,電腦及週邊設備業,TW0005490007,2001/05/14,ESVUFR,5490.TWO,股票,structured_isin+wide_inherited_header,structured_isin+wide_table,"27,531",15
5491,連展,連展,上櫃,電子零組件,,,,5491.TWO,股票,wide_inherited_header,wide_table,33,17
5493,三聯,三聯,上櫃,其他電子業,TW0005493001,2001/05/03,ESVUFR,5493.TWO,股票,structured_isin+wide_explicit_header,structured_isin+wide_table,"64,532",18
5498,凱崴,凱崴,上櫃,電子零組件業,TW0005498000,2001/03/29,ESVUFR,5498.TWO,股票,structured_isin+wide_inherited_header,structured_isin+wide_table,"34,533",17
5508,永信建,永信建,上櫃,建材營造業,TW0005508006,1998/05/13,ESVUFR,5508.TWO,股票,structured_isin+wide_inherited_header,structured_isin+wide_table,"5,534",19
5511,德昌,德昌,上櫃,建材營造業,TW0005511000,1998/12/09,ESVUFR,5511.TWO,股票,structured_isin+wide_inherited_header,structured_isin+wide_table,"6,535",19
5512,力麒,力麒,上櫃,建材營造業,TW0005512008,1998/12/04,ESVUFR,5512.TWO,股票,structured_isin+wide_inherited_header,structured_isin+wide_table,"7,536",19
5514,三豐,三豐,上櫃,建材營造業,TW0005514004,1998/12/29,ESVUFR,5514.TWO,股票,structured_isin+wide_inherited_header,structured_isin+wide_table,"8,537",19
5515,建國,建國,上市,建材營造,,,,5515.TW,股票,wide_explicit_header,wide_table,69,9
5516,雙喜,雙喜,上櫃,建材營造業,TW0005516009,1999/03/23,ESVUFR,5516.TWO,股票,structured_isin+wide_inherited_header,structured_isin+wide_table,"9,538",19
5519,隆大,隆大,上市,建材營造,,,,5519.TW,股票,wide_explicit_header,wide_table,70,9
5520,力泰,力泰,上櫃,建材營造業,TW0005520001,1999/10/27,ESVUFR,5520.TWO,股票,structured_isin+wide_inherited_header,structured_isin+wide_table,"10,539",19
5521,工信,工信,上市,建材營造,,,,5521.TW,股票,wide_explicit_header,wide_table,71,9
5522,遠雄#,遠雄,上市,建材營造,,,,5522.TW,股票,wide_explicit_header,wide_table,72,9
5523,豐謙,豐謙,上櫃,建材營造業,TW0005523005,1999/12/27,ESVUFR,5523.TWO,股票,structured_isin+wide_inherited_header,structured_isin+wide_table,"11,540",19
5525,順天,順天,上市,建材營造,,,,5525.TW,股票,wide_explicit_header,wide_table,73,9
5529,鉅陞,鉅陞,上櫃,建材營造業,TW0005529002,1996/01/12,ESVUFR,5529.TWO,股票,structured_isin+wide_inherited_header,structured_isin+wide_table,"12,541",19
5530,龍巖,龍巖,上櫃,其他業,TW0005530000,2000/10/04,ESVUFR,5530.TWO,股票,structured_isin+wide_explicit_header,structured_isin+wide_table,"24,542",20
5531,鄉林,鄉林,上市,建材營造,,,,5531.TW,股票,wide_explicit_header,wide_table,74,9
5533,皇鼎,皇鼎,上市,建材營造,,,,5533.TW,股票,wide_explicit_header,wide_table,75,9
5534,長虹,長虹,上市,建材營造,,,,5534.TW,股票,wide_explicit_header,wide_table,76,9
5536,聖暉*,聖暉,上櫃,其他電子業,TW0005536007,2010/11/10,ESVUFR,5536.TWO,股票,structured_isin+wide_explicit_header,structured_isin+wide_table,"65,543",18
5538,東明-KY,東明-KY,上市,鋼鐵,,,,5538.TW,股票,wide_inherited_header,wide_table,18,4
5543,桓鼎-KY,桓鼎-KY,上櫃,建材營造業,KYG1676E1035,2016/05/09,ESVUFR,5543.TWO,股票,structured_isin,structured_isin,544,
5547,久舜,久舜,上櫃,建材營造業,TW0005547004,2026/02/03,ESVUFR,5547.TWO,股票,structured_isin,structured_isin,545,
5548,安倉,安倉,上櫃,建材營造業,TW0005548002,2024/03/18,ESVUFR,5548.TWO,股票,structured_isin,structured_isin,546,
5601,台聯櫃,台聯櫃,上櫃,航運業,TW0005601009,1994/11/24,ESVUFR,5601.TWO,股票,structured_isin+wide_explicit_header,structured_isin+wide_table,"21,547",19
5603,陸海,陸海,上櫃,航運業,TW0005603005,1997/01/25,ESVUFR,5603.TWO,股票,structured_isin+wide_explicit_header,structured_isin+wide_table,"22,548",19
5604,中連,中連,上櫃,其他業,TW0005604003,1997/05/22,ESVUFR,5604.TWO,股票,structured_isin+wide_explicit_header,structured_isin+wide_table,"23,549",19
5607,遠雄港,遠雄港,上市,航運業,,,,5607.TW,股票,wide_inherited_header,wide_table,16,10
5608,四維航,四維航,上市,航運業,,,,5608.TW,股票,wide_inherited_header,wide_table,17,10
5609,中菲行,中菲行,上櫃,航運業,TW0005609002,2001/10/15,ESVUFR,5609.TWO,股票,structured_isin+wide_explicit_header,structured_isin+wide_table,"24,550",19
5701,劍湖山,劍湖山,上櫃,觀光餐旅,TW0005701007,1998/03/12,ESVUFR,5701.TWO,股票,structured_isin+wide_explicit_header,structured_isin+wide_table,"34,551",19
5703,亞都,亞都,上櫃,觀光餐旅,TW0005703003,1999/06/15,ESVUFR,5703.TWO,股票,structured_isin+wide_explicit_header,structured_isin+wide_table,"35,552",19
5704,老爺知,老爺知,上櫃,觀光餐旅,TW0005704001,1999/12/21,ESVUFR,5704.TWO,股票,structured_isin+wide_explicit_header,structured_isin+wide_table,"36,553",19
5706,鳳凰,鳳凰,上市,觀光,,,,5706.TW,股票,wide_explicit_header,wide_table,31,10
5820,日盛金,日盛金,上櫃,金融,,,,5820.TWO,股票,wide_explicit_header,wide_table,38,19
5864,致和證,致和證,上櫃,金融保險業,TW0005864003,2018/04/02,ESVUFR,5864.TWO,股票,structured_isin,structured_isin,554,
5871,中租-KY#,中租-KY,上市,其他,,,,5871.TW,股票,wide_explicit_header,wide_table,48,11
5878,台名,台名,上櫃,金融保險業,TW0005878003,2014/10/28,ESVUFR,5878.TWO,股票,structured_isin,structured_isin,555,
5880,合庫金*,合庫金,上市,金融保險,,,,5880.TW,股票,wide_explicit_header,wide_table,69,10
5902,德記,德記,上櫃,居家生活,TW0005902001,1998/02/07,ESVUFR,5902.TWO,股票,structured_isin+wide_explicit_header,structured_isin+wide_table,"50,556",19
5903,全家,全家,上櫃,居家生活,TW0005903009,2002/02/25,ESVUFR,5903.TWO,股票,structured_isin+wide_explicit_header,structured_isin+wide_table,"51,557",19
5904,寶雅,寶雅,上櫃,居家生活,TW0005904007,2002/09/06,ESVUFR,5904.TWO,股票,structured_isin+wide_explicit_header,structured_isin+wide_table,"52,558",19
5905,南仁湖,南仁湖,上櫃,觀光餐旅,TW0005905004,2003/06/17,ESVUFR,5905.TWO,股票,structured_isin+wide_explicit_header,structured_isin+wide_table,"53,559",19
5906,台南-KY,台南-KY,上市,貿易百貨,,,,5906.TW,股票,wide_inherited_header,wide_table,4,11
5907,大洋-KY,大洋-KY,上市,貿易百貨,,,,5907.TW,股票,wide_inherited_header,wide_table,5,11
6005,群益證,群益證,上市,金融保險,,,,6005.TW,股票,wide_explicit_header,wide_table,70,10
6015,宏遠證,宏遠證,上櫃,金融保險業,TW0006015001,1996/07/25,ESVUFR,6015.TWO,股票,structured_isin+wide_explicit_header,structured_isin+wide_table,"39,560",19
6016,康和證,康和證,上櫃,金融保險業,TW0006016009,1996/12/04,ESVUFR,6016.TWO,股票,structured_isin+wide_explicit_header,structured_isin+wide_table,"40,561",19
6020,大展證,大展證,上櫃,金融保險業,TW0006020001,2003/01/23,ESVUFR,6020.TWO,股票,structured_isin+wide_explicit_header,structured_isin+wide_table,"41,562",19
6021,美好證,美好證,上櫃,金融保險業,TW0006021009,2003/04/21,ESVUFR,6021.TWO,股票,structured_isin+wide_explicit_header,structured_isin+wide_table,"42,563",19
6022,大眾證,大眾證,上櫃,金融,,,,6022.TWO,股票,wide_explicit_header,wide_table,43,19
6023,元大期,元大期,上櫃,金融保險業,TW0006023005,2007/11/28,ESVUFR,6023.TWO,股票,structured_isin+wide_explicit_header,structured_isin+wide_table,"44,564",19
6024,群益期,群益期,上櫃,金融,,,,6024.TWO,股票,wide_explicit_header,wide_table,45,19
6026,福邦證,福邦證,上櫃,金融保險業,TW0006026008,2016/01/27,ESVUFR,6026.TWO,股票,structured_isin,structured_isin,565,
6028,公勝保經,公勝保經,上櫃,金融保險業,TW0006028004,2026/03/30,ESVUFR,6028.TWO,股票,structured_isin,structured_isin,566,
6101,寬魚國際,寬魚國際,上櫃,文化創意業,TW0006101009,2001/03/29,ESVUFR,6101.TWO,股票,structured_isin+wide_inherited_header,structured_isin+wide_table,"35,567",17
6103,合邦,合邦,上櫃,半導體業,TW0006103005,2001/05/07,ESVUFR,6103.TWO,股票,structured_isin+wide_explicit_header,structured_isin+wide_table,"55,568",14
6104,創惟,創惟,上櫃,半導體業,TW0006104003,2001/05/22,ESVUFR,6104.TWO,股票,structured_isin+wide_explicit_header,structured_isin+wide_table,"56,569",14
6105,瑞傳,瑞傳,上櫃,電腦及週邊設備,,,,6105.TWO,股票,wide_inherited_header,wide_table,28,15
6107,華美,華美,上櫃,電子零組件,,,,6107.TWO,股票,wide_inherited_header,wide_table,36,17
6108,競國,競國,上市,電子零組件,,,,6108.TW,股票,wide_inherited_header,wide_table,19,8
6109,亞元,亞元,上櫃,通信網路業,TW0006109002,2001/07/26,ESVUFR,6109.TWO,股票,structured_isin+wide_explicit_header,structured_isin+wide_table,"37,570",16
6111,光聚晶電,光聚晶電,上櫃,文化創意業,TW0006111008,2026/03/12,ESVUFR,6111.TWO,股票,structured_isin+wide_explicit_header,structured_isin+wide_table,"79,571",19
6112,聚碩,聚碩,上市,資訊服務,,,,6112.TW,股票,wide_explicit_header,wide_table,72,8
6113,亞矽,亞矽,上櫃,電子通路業,TW0006113004,2001/08/10,ESVUFR,6113.TWO,股票,structured_isin+wide_inherited_header,structured_isin+wide_table,"4,572",18
6114,久威,久威,上櫃,電子零組件業,TW0006114002,2001/09/27,ESVUFR,6114.TWO,股票,structured_isin+wide_inherited_header,structured_isin+wide_table,"37,573",17
6115,鎰勝,鎰勝,上市,電子零組件,,,,6115.TW,股票,wide_inherited_header,wide_table,20,8
6116,彩晶,彩晶,上市,光電,,,,6116.TW,股票,wide_explicit_header,wide_table,56,6
6117,迎廣,迎廣,上市,電腦及週邊設備,,,,6117.TW,股票,wide_explicit_header,wide_table,71,5
6118,建達,建達,上櫃,電子通路業,TW0006118003,2001/10/25,ESVUFR,6118.TWO,股票,structured_isin+wide_inherited_header,structured_isin+wide_table,"5,574",18
6120,達運,達運,上市,光電,,,,6120.TW,股票,wide_explicit_header,wide_table,57,6
6121,新普,新普,上櫃,電腦及週邊設備業,TW0006121007,2001/11/27,ESVUFR,6121.TWO,股票,structured_isin+wide_inherited_header,structured_isin+wide_table,"29,575",15
6122,擎邦,擎邦,上櫃,電機機械,TW0006122005,2000/07/14,ESVUFR,6122.TWO,股票,structured_isin+wide_explicit_header,structured_isin+wide_table,"76,576",12
6123,上奇,上奇,上櫃,資訊服務業,TW0006123003,2002/01/23,ESVUFR,6123.TWO,股票,structured_isin+wide_inherited_header,structured_isin+wide_table,"30,577",15
6124,業強,業強,上櫃,電子零組件業,TW0006124001,2002/03/19,ESVUFR,6124.TWO,股票,structured_isin+wide_inherited_header,structured_isin+wide_table,"38,578",17
6125,廣運,廣運,上櫃,光電業,TW0006125008,2002/01/23,ESVUFR,6125.TWO,股票,structured_isin+wide_explicit_header,structured_isin+wide_table,"80,579",15
6126,信音,信音,上櫃,電子零組件業,TW0006126006,2002/01/18,ESVUFR,6126.TWO,股票,structured_isin+wide_inherited_header,structured_isin+wide_table,"39,580",17
6127,九豪,九豪,上櫃,電子零組件業,TW0006127004,2002/01/10,ESVUFR,6127.TWO,股票,structured_isin+wide_inherited_header,structured_isin+wide_table,"40,581",17
6128,上福,上福,上市,電腦及週邊設備,,,,6128.TW,股票,wide_explicit_header,wide_table,72,5
6129,普誠,普誠,上櫃,半導體業,TW0006129000,2001/12/25,ESVUFR,6129.TWO,股票,structured_isin+wide_explicit_header,structured_isin+wide_table,"57,582",14
6130,上亞科技,上亞科技,上櫃,生技醫療業,TW0006130008,2002/03/26,ESVUFR,6130.TWO,股票,structured_isin+wide_explicit_header,structured_isin+wide_table,"71,583",13
6131,悠克,悠克,上市,光電,,,,6131.TW,股票,wide_explicit_header,wide_table,58,6
6133,金橋,金橋,上市,電子零組件,,,,6133.TW,股票,wide_inherited_header,wide_table,21,8
6134,萬旭,萬旭,上櫃,電子零組件業,TW0006134000,2002/01/08,ESVUFR,6134.TWO,股票,structured_isin+wide_inherited_header,structured_isin+wide_table,"41,584",17
6136,富爾特,富爾特,上市,通信網路,,,,6136.TW,股票,wide_inherited_header,wide_table,21,7
6138,茂達,茂達,上櫃,半導體業,TW0006138001,2002/01/18,ESVUFR,6138.TWO,股票,structured_isin+wide_explicit_header,structured_isin+wide_table,"58,585",14
6139,亞翔,亞翔,上市,其他電子,,,,6139.TW,股票,wide_inherited_header,wide_table,22,9
6140,訊達,訊達,上櫃,資訊服務業,TW0006140007,2002/02/04,ESVUFR,6140.TWO,股票,structured_isin+wide_explicit_header,structured_isin+wide_table,"30,586",18
6141,柏承,柏承,上市,電子零組件,,,,6141.TW,股票,wide_inherited_header,wide_table,22,8
6142,友勁,友勁,上市,通信網路,,,,6142.TW,股票,wide_inherited_header,wide_table,22,7
6143,振曜,振曜,上櫃,通信網路業,TW0006143001,2002/01/28,ESVUFR,6143.TWO,股票,structured_isin+wide_explicit_header,structured_isin+wide_table,"38,587",16
6144,得利影,得利影,上櫃,文化創意業,TW0006144009,2002/01/23,ESVUFR,6144.TWO,股票,structured_isin+wide_explicit_header,structured_isin+wide_table,"80,588",19
6145,勁永,勁永,上市,電子通路,,,,6145.TW,股票,wide_explicit_header,wide_table,57,8
6146,耕興,耕興,上櫃,其他電子業,TW0006146004,2002/01/23,ESVUFR,6146.TWO,股票,structured_isin+wide_explicit_header,structured_isin+wide_table,"66,589",18
6147,頎邦,頎邦,上櫃,半導體業,TW0006147002,2002/01/31,ESVUFR,6147.TWO,股票,structured_isin+wide_explicit_header,structured_isin+wide_table,"59,590",14
6148,驊宏資,驊宏資,上櫃,資訊服務業,TW0006148000,2002/02/01,ESVUFR,6148.TWO,股票,structured_isin+wide_explicit_header,structured_isin+wide_table,"31,591",18
6150,撼訊,撼訊,上櫃,電腦及週邊設備業,TW0006150006,2002/03/11,ESVUFR,6150.TWO,股票,structured_isin+wide_inherited_header,structured_isin+wide_table,"31,592",15
6151,晉倫,晉倫,上櫃,其他電子業,TW0006151004,2002/02/25,ESVUFR,6151.TWO,股票,structured_isin+wide_explicit_header,structured_isin+wide_table,"67,593",18
6152,百一,百一,上市,通信網路,,,,6152.TW,股票,wide_inherited_header,wide_table,23,7
6153,嘉聯益,嘉聯益,上市,電子零組件,,,,6153.TW,股票,wide_inherited_header,wide_table,23,8
6154,順發,順發,上櫃,電子通路業,TW0006154008,2002/02/18,ESVUFR,6154.TWO,股票,structured_isin+wide_inherited_header,structured_isin+wide_table,"6,594",18
6155,鈞寶,鈞寶,上市,電子零組件,,,,6155.TW,股票,wide_inherited_header,wide_table,24,8
6156,松上,松上,上櫃,電子零組件業,TW0006156003,2002/02/19,ESVUFR,6156.TWO,股票,structured_isin+wide_inherited_header,structured_isin+wide_table,"42,595",17
6158,禾昌,禾昌,上櫃,電子零組件業,TW0006158009,2002/02/19,ESVUFR,6158.TWO,股票,structured_isin+wide_inherited_header,structured_isin+wide_table,"43,596",17
6160,欣技,欣技,上櫃,電腦及週邊設備業,TW0006160005,2002/03/01,ESVUFR,6160.TWO,股票,structured_isin+wide_inherited_header,structured_isin+wide_table,"32,597",15
6161,捷波,捷波,上櫃,電腦及週邊設備業,TW0006161003,2002/03/01,ESVUFR,6161.TWO,股票,structured_isin+wide_inherited_header,structured_isin+wide_table,"33,598",15
6163,華電網,華電網,上櫃,通信網路業,TW0006163009,2002/03/19,ESVUFR,6163.TWO,股票,structured_isin+wide_explicit_header,structured_isin+wide_table,"39,599",16
6164,華興,華興,上市,光電,,,,6164.TW,股票,wide_explicit_header,wide_table,59,6
6165,捷泰,捷泰,上市,電子零組件,,,,6165.TW,股票,wide_inherited_header,wide_table,25,8
6166,凌華,凌華,上市,電腦及週邊設備,,,,6166.TW,股票,wide_explicit_header,wide_table,73,5
6167,久正,久正,上櫃,光電業,TW0006167000,2002/03/26,ESVUFR,6167.TWO,股票,structured_isin+wide_explicit_header,structured_isin+wide_table,"81,600",15
6168,宏齊,宏齊,上市,光電,,,,6168.TW,股票,wide_explicit_header,wide_table,60,6
6169,昱泉,昱泉,上櫃,文化創意業,TW0006169006,2002/03/22,ESVUFR,6169.TWO,股票,structured_isin+wide_explicit_header,structured_isin+wide_table,"81,601",19
6170,統振,統振,上櫃,通信網路業,TW0006170004,2002/04/16,ESVUFR,6170.TWO,股票,structured_isin+wide_explicit_header,structured_isin+wide_table,"40,602",16
6171,大城地產,大城地產,上櫃,建材營造業,TW0006171002,2002/04/22,ESVUFR,6171.TWO,股票,structured_isin+wide_inherited_header,structured_isin+wide_table,"13,603",19
6172,互億,互億,上市,電腦及週邊設備,,,,6172.TW,股票,wide_explicit_header,wide_table,74,5
6173,信昌電,信昌電,上櫃,電子零組件業,TW0006173008,2002/04/19,ESVUFR,6173.TWO,股票,structured_isin+wide_inherited_header,structured_isin+wide_table,"44,604",17
6174,安碁,安碁,上櫃,電子零組件業,TW0006174006,2002/05/02,ESVUFR,6174.TWO,股票,structured_isin+wide_inherited_header,structured_isin+wide_table,"45,605",17
6175,立敦,立敦,上櫃,電子零組件業,TW0006175003,2002/06/10,ESVUFR,6175.TWO,股票,structured_isin+wide_inherited_header,structured_isin+wide_table,"46,606",17
6176,瑞儀#,瑞儀,上市,光電,,,,6176.TW,股票,wide_explicit_header,wide_table,61,6
6177,達麗,達麗,上市,建材營造,,,,6177.TW,股票,wide_explicit_header,wide_table,77,9
6179,亞通,亞通,上櫃,其他業,TW0006179005,2002/05/17,ESVUFR,6179.TWO,股票,structured_isin+wide_explicit_header,structured_isin+wide_table,"25,607",20
6180,橘子,橘子,上櫃,文化創意業,TW0006180003,2002/05/21,ESVUFR,6180.TWO,股票,structured_isin+wide_inherited_header,structured_isin+wide_table,"1,608",20
6182,合晶,合晶,上櫃,半導體業,TW0006182009,2002/05/16,ESVUFR,6182.TWO,股票,structured_isin+wide_explicit_header,structured_isin+wide_table,"60,609",14
6183,關貿,關貿,上市,資訊服務,,,,6183.TW,股票,wide_explicit_header,wide_table,73,8
6184,大豐電,大豐電,上市,其他,,,,6184.TW,股票,wide_explicit_header,wide_table,49,11
6185,幃翔,幃翔,上櫃,電子零組件業,TW0006185002,2002/08/09,ESVUFR,6185.TWO,股票,structured_isin+wide_inherited_header,structured_isin+wide_table,"47,610",17
6186,新潤,新潤,上櫃,建材營造業,TW0006186000,2002/08/02,ESVUFR,6186.TWO,股票,structured_isin+wide_inherited_header,structured_isin+wide_table,"14,611",19
6187,萬潤,萬潤,上櫃,半導體業,TW0006187008,2002/09/27,ESVUFR,6187.TWO,股票,structured_isin+wide_explicit_header,structured_isin+wide_table,"68,612",18
6188,廣明,廣明,上櫃,電腦及週邊設備業,TW0006188006,2002/08/27,ESVUFR,6188.TWO,股票,structured_isin+wide_inherited_header,structured_isin+wide_table,"34,613",15
6189,豐藝,豐藝,上市,電子通路,,,,6189.TW,股票,wide_explicit_header,wide_table,58,8
6190,萬泰科,萬泰科,上櫃,通信網路業,TW0006190002,1998/02/04,ESVUFR,6190.TWO,股票,structured_isin+wide_explicit_header,structured_isin+wide_table,"41,614",16
6191,精成科,精成科,上市,電子零組件,,,,6191.TW,股票,wide_inherited_header,wide_table,26,8
6192,巨路,巨路,上市,其他電子,,,,6192.TW,股票,wide_inherited_header,wide_table,23,9
6194,育富,育富,上櫃,電子零組件業,TW0006194004,2002/12/05,ESVUFR,6194.TWO,股票,structured_isin+wide_inherited_header,structured_isin+wide_table,"48,615",17
6195,詩肯,詩肯,上櫃,居家生活,TW0006195001,2002/10/21,ESVUFR,6195.TWO,股票,structured_isin+wide_explicit_header,structured_isin+wide_table,"54,616",19
6196,帆宣,帆宣,上市,其他電子,,,,6196.TW,股票,wide_inherited_header,wide_table,24,9
6197,佳必琪,佳必琪,上市,電子零組件,,,,6197.TW,股票,wide_inherited_header,wide_table,27,8
6198,瑞築,瑞築,上櫃,建材營造業,TW0006198005,2002/12/26,ESVUFR,6198.TWO,股票,structured_isin+wide_explicit_header,structured_isin+wide_table,"61,617",14
6199,天品,天品,上櫃,其他業,TW0006199003,2016/10/07,ESVUFR,6199.TWO,股票,structured_isin+wide_explicit_header,structured_isin+wide_table,"9,618",20
6201,亞弘電,亞弘電,上市,其他電子,,,,6201.TW,股票,wide_inherited_header,wide_table,25,9
6202,盛群,盛群,上市,半導體,,,,6202.TW,股票,wide_inherited_header,wide_table,12,5
006203,元大MSCI台灣,元大MSCI台灣,上市,基金,,,,006203.TW,ETF/基金,wide_explicit_header,wide_table,15,12
6203,海韻電,海韻電,上櫃,電子零組件業,TW0006203003,2002/12/26,ESVUFR,6203.TWO,股票,structured_isin+wide_inherited_header,structured_isin+wide_table,"49,619",17
006204,永豐臺灣加權,永豐臺灣加權,上市,基金,,,,006204.TW,ETF/基金,wide_explicit_header,wide_table,16,12
6204,艾華,艾華,上櫃,電子零組件業,TW0006204001,2002/11/13,ESVUFR,6204.TWO,股票,structured_isin+wide_inherited_header,structured_isin+wide_table,"50,620",17
006205,FB上証,FB上証,上市,基金,,,,006205.TW,ETF/基金,wide_explicit_header,wide_table,17,12
6205,詮欣,詮欣,上市,電子零組件,,,,6205.TW,股票,wide_inherited_header,wide_table,28,8
006206,元大上證50,元大上證50,上市,基金,,,,006206.TW,ETF/基金,wide_explicit_header,wide_table,18,12
6206,飛捷,飛捷,上市,電腦及週邊設備,,,,6206.TW,股票,wide_explicit_header,wide_table,75,5
006207,FH滬深,FH滬深,上市,基金,,,,006207.TW,ETF/基金,wide_explicit_header,wide_table,19,12
6207,雷科,雷科,上櫃,電子零組件業,TW0006207004,2002/12/23,ESVUFR,6207.TWO,股票,structured_isin+wide_inherited_header,structured_isin+wide_table,"51,621",17
006208,FB台50,FB台50,上市,基金,,,,006208.TW,ETF/基金,wide_explicit_header,wide_table,20,12
6208,日揚,日揚,上櫃,半導體業,TW0006208002,2002/12/23,ESVUFR,6208.TWO,股票,structured_isin+wide_inherited_header,structured_isin+wide_table,"52,622",17
6209,今國光,今國光,上市,光電,,,,6209.TW,股票,wide_explicit_header,wide_table,62,6
6210,慶生,慶生,上櫃,電子零組件業,TW0006210008,2003/02/14,ESVUFR,6210.TWO,股票,structured_isin+wide_inherited_header,structured_isin+wide_table,"53,623",17
6212,理銘,理銘,上櫃,建材營造業,TW0006212004,2002/12/26,ESVUFR,6212.TWO,股票,structured_isin+wide_inherited_header,structured_isin+wide_table,"15,624",19
6213,聯茂,聯茂,上市,電子零組件,,,,6213.TW,股票,wide_inherited_header,wide_table,29,8
6214,精誠,精誠,上市,資訊服務,,,,6214.TW,股票,wide_explicit_header,wide_table,74,8
6215,和椿,和椿,上市,其他電子,,,,6215.TW,股票,wide_inherited_header,wide_table,26,9
6216,居易,居易,上市,通信網路,,,,6216.TW,股票,wide_inherited_header,wide_table,24,7
6217,中探針,中探針,上櫃,電子零組件業,TW0006217003,2003/01/09,ESVUFR,6217.TWO,股票,structured_isin+wide_inherited_header,structured_isin+wide_table,"54,625",17
6218,豪勉,豪勉,上櫃,通信網路業,TW0006218001,2003/01/14,ESVUFR,6218.TWO,股票,structured_isin+wide_explicit_header,structured_isin+wide_table,"42,626",16
6219,富旺,富旺,上櫃,建材營造業,TW0006219009,2003/02/26,ESVUFR,6219.TWO,股票,structured_isin+wide_inherited_header,structured_isin+wide_table,"16,627",19
6220,岳豐,岳豐,上櫃,電子零組件業,TW0006220007,2003/01/09,ESVUFR,6220.TWO,股票,structured_isin+wide_inherited_header,structured_isin+wide_table,"55,628",17
6221,晉泰,晉泰,上櫃,資訊服務業,TW0006221005,2003/01/06,ESVUFR,6221.TWO,股票,structured_isin+wide_explicit_header,structured_isin+wide_table,"32,629",18
6222,立軒,立軒,上櫃,光電業,TW0006222003,2003/01/09,ESVUFR,6222.TWO,股票,structured_isin+wide_inherited_header,structured_isin+wide_table,"35,630",15
6223,旺矽,旺矽,上櫃,半導體業,TW0006223001,2003/01/06,ESVUFR,6223.TWO,股票,structured_isin+wide_explicit_header,structured_isin+wide_table,"62,631",14
6224,聚鼎,聚鼎,上市,電子零組件,,,,6224.TW,股票,wide_inherited_header,wide_table,30,8
6225,天瀚,天瀚,上市,光電,,,,6225.TW,股票,wide_explicit_header,wide_table,63,6
6226,光鼎,光鼎,上市,光電,,,,6226.TW,股票,wide_explicit_header,wide_table,64,6
6227,茂綸,茂綸,上櫃,電子通路業,TW0006227002,2003/01/14,ESVUFR,6227.TWO,股票,structured_isin+wide_inherited_header,structured_isin+wide_table,"7,632",18
6228,全譜,全譜,上櫃,電腦及週邊設備業,TW0006228000,2003/01/21,ESVUFR,6228.TWO,股票,structured_isin+wide_inherited_header,structured_isin+wide_table,"36,633",15
6229,研通,研通,上櫃,半導體業,TW0006229008,2003/01/14,ESVUFR,6229.TWO,股票,structured_isin+wide_explicit_header,structured_isin+wide_table,"63,634",14
6230,超眾,超眾,上市,電腦及週邊設備,,,,6230.TW,股票,wide_explicit_header,wide_table,76,5
6231,系微,系微,上櫃,資訊服務業,TW0006231004,2003/01/23,ESVUFR,6231.TWO,股票,structured_isin+wide_explicit_header,structured_isin+wide_table,"33,635",18
6233,旺玖,旺玖,上櫃,半導體業,TW0006233000,2003/02/20,ESVUFR,6233.TWO,股票,structured_isin+wide_explicit_header,structured_isin+wide_table,"64,636",14
6234,高僑,高僑,上櫃,光電業,TW0006234008,2003/03/12,ESVUFR,6234.TWO,股票,structured_isin+wide_inherited_header,structured_isin+wide_table,"1,637",16
6235,華孚,華孚,上市,電腦及週邊設備,,,,6235.TW,股票,wide_explicit_header,wide_table,77,5
6236,中湛,中湛,上櫃,其他業,TW0006236003,2003/03/31,ESVUFR,6236.TWO,股票,structured_isin+wide_explicit_header,structured_isin+wide_table,"26,638",20
6237,驊訊,驊訊,上櫃,半導體業,TW0006237001,2003/04/21,ESVUFR,6237.TWO,股票,structured_isin+wide_explicit_header,structured_isin+wide_table,"65,639",14
6238,勝麗,勝麗,上櫃,其他電子,,,,6238.TWO,股票,wide_explicit_header,wide_table,69,18
6239,力成#,力成,上市,半導體,,,,6239.TW,股票,wide_inherited_header,wide_table,13,5
6240,松崗,松崗,上櫃,資訊服務業,TW0006240005,2003/05/30,ESVUFR,6240.TWO,股票,structured_isin+wide_explicit_header,structured_isin+wide_table,"34,640",18
6241,易通展,易通展,上櫃,通信網路業,TW0006241003,2003/04/08,ESVUFR,6241.TWO,股票,structured_isin+wide_explicit_header,structured_isin+wide_table,"43,641",16
6242,立康,立康,上櫃,生技醫療業,TW0006242001,2003/04/23,ESVUFR,6242.TWO,股票,structured_isin+wide_explicit_header,structured_isin+wide_table,"72,642",13
6243,迅杰,迅杰,上市,半導體,,,,6243.TW,股票,wide_inherited_header,wide_table,14,5
6244,茂迪,茂迪,上櫃,光電業,TW0006244007,2003/05/15,ESVUFR,6244.TWO,股票,structured_isin+wide_inherited_header,structured_isin+wide_table,"2,643",16
6245,立端,立端,上櫃,通信網路業,TW0006245004,2003/05/19,ESVUFR,6245.TWO,股票,structured_isin+wide_explicit_header,structured_isin+wide_table,"44,644",16
6246,臺龍,臺龍,上櫃,光電業,TW0006246002,2003/06/18,ESVUFR,6246.TWO,股票,structured_isin+wide_inherited_header,structured_isin+wide_table,"3,645",16
6247,淇譽電,淇譽電,上櫃,其他電子,,,,6247.TWO,股票,wide_explicit_header,wide_table,70,18
6248,沛波,沛波,上櫃,鋼鐵工業,TW0006248008,2003/09/03,ESVUFR,6248.TWO,股票,structured_isin+wide_inherited_header,structured_isin+wide_table,"6,646",14
6251,定穎,定穎,上市,電子零組件,,,,6251.TW,股票,wide_inherited_header,wide_table,31,8
6257,矽格,矽格,上市,半導體,,,,6257.TW,股票,wide_inherited_header,wide_table,15,5
6259,百徽,百徽,上櫃,電子零組件業,TW0006259005,2003/09/17,ESVUFR,6259.TWO,股票,structured_isin+wide_inherited_header,structured_isin+wide_table,"56,647",17
6261,久元,久元,上櫃,半導體業,TW0006261001,2004/03/29,ESVUFR,6261.TWO,股票,structured_isin+wide_explicit_header,structured_isin+wide_table,"66,648",14
6263,普萊德,普萊德,上櫃,通信網路業,TW0006263007,2003/09/17,ESVUFR,6263.TWO,股票,structured_isin+wide_explicit_header,structured_isin+wide_table,"45,649",16
6264,富裔,富裔,上櫃,建材營造業,TW0006264005,2004/02/24,ESVUFR,6264.TWO,股票,structured_isin+wide_inherited_header,structured_isin+wide_table,"17,650",19
6265,方土昶,方土昶,上櫃,電子通路業,TW0006265002,2003/10/24,ESVUFR,6265.TWO,股票,structured_isin+wide_inherited_header,structured_isin+wide_table,"8,651",18
6266,泰詠,泰詠,上櫃,電子零組件業,TW0006266000,2004/04/29,ESVUFR,6266.TWO,股票,structured_isin+wide_inherited_header,structured_isin+wide_table,"57,652",17
6269,台郡#,台郡,上市,電子零組件,,,,6269.TW,股票,wide_inherited_header,wide_table,32,8
6270,倍微,倍微,上櫃,電子通路業,TW0006270002,2003/09/17,ESVUFR,6270.TWO,股票,structured_isin+wide_inherited_header,structured_isin+wide_table,"9,653",18
6271,同欣電,同欣電,上市,半導體,,,,6271.TW,股票,wide_inherited_header,wide_table,16,5
6274,台燿,台燿,上櫃,電子零組件業,TW0006274004,2003/12/18,ESVUFR,6274.TWO,股票,structured_isin+wide_inherited_header,structured_isin+wide_table,"58,654",17
6275,元山,元山,上櫃,電子零組件業,TW0006275001,2004/12/23,ESVUFR,6275.TWO,股票,structured_isin+wide_explicit_header,structured_isin+wide_table,"71,655",18
6276,安鈦克,安鈦克,上櫃,電腦及週邊設備業,TW0006276009,2003/10/30,ESVUFR,6276.TWO,股票,structured_isin+wide_inherited_header,structured_isin+wide_table,"37,656",15
6277,宏正,宏正,上市,電腦及週邊設備,,,,6277.TW,股票,wide_explicit_header,wide_table,78,5
6278,台表科,台表科,上市,光電,,,,6278.TW,股票,wide_explicit_header,wide_table,65,6
6279,胡連,胡連,上櫃,電子零組件業,TW0006279003,2003/11/26,ESVUFR,6279.TWO,股票,structured_isin+wide_inherited_header,structured_isin+wide_table,"59,657",17
6281,全國電,全國電,上市,電子通路,,,,6281.TW,股票,wide_explicit_header,wide_table,59,8
6282,康舒,康舒,上市,電子零組件,,,,6282.TW,股票,wide_inherited_header,wide_table,33,8
6283,淳安,淳安,上市,通信網路,,,,6283.TW,股票,wide_inherited_header,wide_table,25,7
6284,佳邦,佳邦,上櫃,電子零組件業,TW0006284003,2004/06/29,ESVUFR,6284.TWO,股票,structured_isin+wide_inherited_header,structured_isin+wide_table,"60,658",17
6285,啟碁#,啟碁,上市,通信網路,,,,6285.TW,股票,wide_inherited_header,wide_table,26,7
6287,元隆,元隆,上櫃,半導體,,,,6287.TWO,股票,wide_explicit_header,wide_table,67,14
6289,華上,華上,上市,光電,,,,6289.TW,股票,wide_explicit_header,wide_table,66,6
6290,良維,良維,上櫃,電子零組件業,TW0006290000,2005/06/03,ESVUFR,6290.TWO,股票,structured_isin+wide_inherited_header,structured_isin+wide_table,"61,659",17
6291,沛亨,沛亨,上櫃,半導體業,TW0006291008,2004/01/28,ESVUFR,6291.TWO,股票,structured_isin+wide_explicit_header,structured_isin+wide_table,"68,660",14
6292,迅德,迅德,上櫃,電子零組件業,TW0006292006,2003/11/26,ESVUFR,6292.TWO,股票,structured_isin+wide_inherited_header,structured_isin+wide_table,"62,661",17
6294,智基,智基,上櫃,文化創意業,TW0006294002,2004/01/13,ESVUFR,6294.TWO,股票,structured_isin+wide_explicit_header,structured_isin+wide_table,"27,662",20
6298,崴強,崴強,上櫃,電腦及週邊設備,,,,6298.TWO,股票,wide_inherited_header,wide_table,38,15
6405,悅城,悅城,上市,光電,,,,6405.TW,股票,wide_explicit_header,wide_table,67,6
6409,旭隼#,旭隼,上市,其他電子,,,,6409.TW,股票,wide_inherited_header,wide_table,27,9
6411,晶焱,晶焱,上櫃,半導體業,TW0006411002,2014/03/11,ESVUFR,6411.TWO,股票,structured_isin+wide_explicit_header,structured_isin+wide_table,"69,663",14
6412,群電,群電,上市,電子零組件,,,,6412.TW,股票,wide_inherited_header,wide_table,34,8
6414,樺漢#,樺漢,上市,電腦及週邊設備,,,,6414.TW,股票,wide_explicit_header,wide_table,79,5
6415,矽力-KY#,矽力-KY,上市,半導體,,,,6415.TW,股票,wide_inherited_header,wide_table,17,5
6417,韋僑,韋僑,上櫃,通信網路業,TW0006417009,2015/10/08,ESVUFR,6417.TWO,股票,structured_isin,structured_isin,664,
6418,詠昇,詠昇,上櫃,電子零組件業,TW0006418007,2019/02/18,ESVUFR,6418.TWO,股票,structured_isin,structured_isin,665,
6419,京晨科,京晨科,上櫃,光電業,TW0006419005,2014/12/29,ESVUFR,6419.TWO,股票,structured_isin,structured_isin,666,
6423,億而得,億而得,上櫃,半導體業,TW0006423007,2026/01/22,ESVUFR,6423.TWO,股票,structured_isin,structured_isin,667,
6425,易發,易發,上櫃,電機機械,TW0006425002,2019/01/18,ESVUFR,6425.TWO,股票,structured_isin,structured_isin,668,
6432,今展科,今展科,上櫃,電子零組件業,TW0006432008,2015/05/20,ESVUFR,6432.TWO,股票,structured_isin,structured_isin,669,
6435,大中,大中,上櫃,半導體業,TW0006435001,2016/01/07,ESVUFR,6435.TWO,股票,structured_isin,structured_isin,670,
6441,廣錠,廣錠,上櫃,電腦及週邊設備業,TW0006441009,2017/09/27,ESVUFR,6441.TWO,股票,structured_isin,structured_isin,671,
6461,益得,益得,上櫃,生技醫療業,TW0006461007,2018/03/28,ESVUFR,6461.TWO,股票,structured_isin,structured_isin,672,
6462,神盾,神盾,上櫃,半導體業,TW0006462005,2015/12/23,ESVUFR,6462.TWO,股票,structured_isin,structured_isin,673,
6465,威潤,威潤,上櫃,通信網路業,TW0006465008,2015/11/20,ESVUFR,6465.TWO,股票,structured_isin,structured_isin,674,
6469,大樹,大樹,上櫃,生技醫療業,TW0006469000,2016/03/30,ESVUFR,6469.TWO,股票,structured_isin,structured_isin,675,
6470,宇智,宇智,上櫃,通信網路業,TW0006470008,2015/11/03,ESVUFR,6470.TWO,股票,structured_isin,structured_isin,676,
6474,華豫寧,華豫寧,上櫃,電子通路業,TW0006474000,2025/11/25,ESVUFR,6474.TWO,股票,structured_isin,structured_isin,677,
6482,弘煜科,弘煜科,上櫃,文化創意業,TW0006482003,2016/06/13,ESVUFR,6482.TWO,股票,structured_isin,structured_isin,678,
6485,點序,點序,上櫃,半導體業,TW0006485006,2015/11/17,ESVUFR,6485.TWO,股票,structured_isin,structured_isin,679,
6486,互動,互動,上櫃,通信網路業,TW0006486004,2016/09/13,ESVUFR,6486.TWO,股票,structured_isin,structured_isin,680,
6488,環球晶,環球晶,上櫃,半導體業,TW0006488000,2015/09/25,ESVUFR,6488.TWO,股票,structured_isin,structured_isin,681,
6492,生華科,生華科,上櫃,生技醫療業,TW0006492002,2017/04/24,ESVUFR,6492.TWO,股票,structured_isin,structured_isin,682,
6494,九齊,九齊,上櫃,半導體業,TW0006494008,2016/05/09,ESVUFR,6494.TWO,股票,structured_isin,structured_isin,683,
6496,科懋,科懋,上櫃,生技醫療業,TW0006496003,2016/01/07,ESVUFR,6496.TWO,股票,structured_isin,structured_isin,684,
6498,久禾光,久禾光,上櫃,光電業,TW0006498009,2025/05/20,ESVUFR,6498.TWO,股票,structured_isin,structured_isin,685,
6499,益安,益安,上櫃,生技醫療業,TW0006499007,2016/07/27,ESVUFR,6499.TWO,股票,structured_isin,structured_isin,686,
6504,南六,南六,上市,其他,,,,6504.TW,股票,wide_explicit_header,wide_table,50,11
6505,台塑化*,台塑化,上市,油電燃氣,,,,6505.TW,股票,wide_explicit_header,wide_table,9,11
6506,雙邦,雙邦,上櫃,紡織纖維,TW0006506009,2011/05/03,ESVUFR,6506.TWO,股票,structured_isin+wide_explicit_header,structured_isin+wide_table,"16,687",13
6508,惠光,惠光,上櫃,農業科技業,TW0006508005,2004/03/22,ESVUFR,6508.TWO,股票,structured_isin+wide_explicit_header,structured_isin+wide_table,"3,688",20
6509,聚和,聚和,上櫃,化學工業,TW0006509003,2004/04/12,ESVUFR,6509.TWO,股票,structured_isin+wide_explicit_header,structured_isin+wide_table,"17,689",13
6510,精測,精測,上櫃,半導體業,TW0006510001,2016/03/24,ESVUFR,6510.TWO,股票,structured_isin,structured_isin,690,
6512,啟發電,啟發電,上櫃,其他電子業,TW0006512007,2016/03/25,ESVUFR,6512.TWO,股票,structured_isin,structured_isin,691,
6516,勤崴國際,勤崴國際,上櫃,資訊服務業,TW0006516008,2019/05/06,ESVUFR,6516.TWO,股票,structured_isin,structured_isin,692,
6517,保勝光學,保勝光學,上櫃,光電業,TW0006517006,2022/12/15,ESVUFR,6517.TWO,股票,structured_isin,structured_isin,693,
6523,達爾膚,達爾膚,上櫃,生技醫療業,TW0006523004,2016/06/16,ESVUFR,6523.TWO,股票,structured_isin,structured_isin,694,
6527,明達醫,明達醫,上櫃,生技醫療業,TW0006527005,2019/12/25,ESVUFR,6527.TWO,股票,structured_isin,structured_isin,695,
6530,創威,創威,上櫃,通信網路業,TW0006530009,2018/01/23,ESVUFR,6530.TWO,股票,structured_isin,structured_isin,696,
6532,瑞耘,瑞耘,上櫃,半導體業,TW0006532005,2016/09/26,ESVUFR,6532.TWO,股票,structured_isin,structured_isin,697,
6535,順藥,順藥,上櫃,生技醫療業,TW0006535008,2016/09/26,ESVUFR,6535.TWO,股票,structured_isin,structured_isin,698,
6538,倉和,倉和,上櫃,電子零組件業,TW0006538002,2016/10/21,ESVUFR,6538.TWO,股票,structured_isin,structured_isin,699,
6542,隆中,隆中,上櫃,文化創意業,TW0006542004,2016/09/08,ESVUFR,6542.TWO,股票,structured_isin,structured_isin,700,
6546,正基,正基,上櫃,通信網路業,TW0006546005,2022/05/24,ESVUFR,6546.TWO,股票,structured_isin,structured_isin,701,
6547,高端疫苗,高端疫苗,上櫃,生技醫療業,TW0006547003,2018/04/17,ESVUFR,6547.TWO,股票,structured_isin,structured_isin,702,
6548,長科*,長科,上櫃,半導體業,TW0006548001,2016/09/13,ESVUFR,6548.TWO,股票,structured_isin,structured_isin,703,
6556,勝品,勝品,上櫃,光電業,TW0006556004,2017/10/31,ESVUFR,6556.TWO,股票,structured_isin,structured_isin,704,
6560,欣普羅,欣普羅,上櫃,光電業,TW0006560006,2017/01/24,ESVUFR,6560.TWO,股票,structured_isin,structured_isin,705,
6561,是方,是方,上櫃,通信網路業,TW0006561004,2018/06/05,ESVUFR,6561.TWO,股票,structured_isin,structured_isin,706,
6568,宏觀,宏觀,上櫃,半導體業,TW0006568009,2016/12/28,ESVUFR,6568.TWO,股票,structured_isin,structured_isin,707,
6569,醫揚,醫揚,上櫃,生技醫療業,TW0006569007,2016/12/21,ESVUFR,6569.TWO,股票,structured_isin,structured_isin,708,
6570,維田,維田,上櫃,電腦及週邊設備業,TW0006570005,2017/12/11,ESVUFR,6570.TWO,股票,structured_isin,structured_isin,709,
6574,霈方,霈方,上櫃,生技醫療業,TW0006574007,2017/09/04,ESVUFR,6574.TWO,股票,structured_isin,structured_isin,710,
6576,逸達,逸達,上櫃,生技醫療業,TW0006576002,2018/06/29,ESVUFR,6576.TWO,股票,structured_isin,structured_isin,711,
6577,勁豐,勁豐,上櫃,電腦及週邊設備業,TW0006577000,2017/03/21,ESVUFR,6577.TWO,股票,structured_isin,structured_isin,712,
6578,達邦蛋白,達邦蛋白,上櫃,農業科技業,TW0006578008,2018/09/18,ESVUFR,6578.TWO,股票,structured_isin,structured_isin,713,
6584,南俊國際,南俊國際,上櫃,電子零組件業,TW0006584006,2023/05/18,ESVUFR,6584.TWO,股票,structured_isin,structured_isin,714,
6588,東典光電,東典光電,上櫃,通信網路業,TW0006588007,2020/07/01,ESVUFR,6588.TWO,股票,structured_isin,structured_isin,715,
6590,普鴻,普鴻,上櫃,資訊服務業,TW0006590003,2018/12/24,ESVUFR,6590.TWO,股票,structured_isin,structured_isin,716,
6593,台灣銘板,台灣銘板,上櫃,資訊服務業,TW0006593007,2017/11/03,ESVUFR,6593.TWO,股票,structured_isin,structured_isin,717,
6596,寬宏藝術,寬宏藝術,上櫃,文化創意業,TW0006596000,2018/01/04,ESVUFR,6596.TWO,股票,structured_isin,structured_isin,718,
6597,立誠,立誠,上櫃,電子零組件業,TW0006597008,2025/05/08,ESVUFR,6597.TWO,股票,structured_isin,structured_isin,719,
6603,富強鑫,富強鑫,上櫃,電機機械,TW0006603004,2004/04/05,ESVUFR,6603.TWO,股票,structured_isin+wide_explicit_header,structured_isin+wide_table,"77,720",12
6605,帝寶,帝寶,上市,電機機械,,,,6605.TW,股票,wide_explicit_header,wide_table,64,2
6609,瀧澤科,瀧澤科,上櫃,電機機械,TW0006609001,2003/09/23,ESVUFR,6609.TWO,股票,structured_isin+wide_explicit_header,structured_isin+wide_table,"78,721",12
6612,奈米醫材,奈米醫材,上櫃,生技醫療業,TW0006612005,2018/07/18,ESVUFR,6612.TWO,股票,structured_isin,structured_isin,722,
6613,朋億*,朋億,上櫃,其他電子業,TW0006613003,2017/12/28,ESVUFR,6613.TWO,股票,structured_isin,structured_isin,723,
6615,慧智,慧智,上櫃,生技醫療業,TW0006615008,2018/01/22,ESVUFR,6615.TWO,股票,structured_isin,structured_isin,724,
6616,特昇-KY,特昇-KY,上櫃,居家生活,KYG870931030,2018/01/10,ESVUFR,6616.TWO,股票,structured_isin,structured_isin,725,
6617,共信-KY,共信-KY,上櫃,生技醫療業,KYG409471060,2024/06/18,ESVUFR,6617.TWO,股票,structured_isin,structured_isin,726,
6620,漢達,漢達,上櫃,生技醫療業,TW0006620008,2025/12/23,ESVUFR,6620.TWO,股票,structured_isin,structured_isin,727,
6624,萬年清,萬年清,上櫃,綠能環保,TW0006624000,2019/05/28,ESVUFR,6624.TWO,股票,structured_isin,structured_isin,728,
6629,泰金-KY,泰金-KY,上櫃,居家生活,KYG877791072,2019/06/06,ESVUFR,6629.TWO,股票,structured_isin,structured_isin,729,
6637,醫影,醫影,上櫃,生技醫療業,TW0006637002,2024/06/18,ESVUFR,6637.TWO,股票,structured_isin,structured_isin,730,
6640,均華,均華,上櫃,半導體業,TW0006640006,2018/10/23,ESVUFR,6640.TWO,股票,structured_isin,structured_isin,731,
6642,富致,富致,上櫃,電子零組件業,TW0006642002,2019/09/23,ESVUFR,6642.TWO,股票,structured_isin,structured_isin,732,
6643,M31,M31,上櫃,半導體業,TW0006643000,2019/01/23,ESVUFR,6643.TWO,股票,structured_isin,structured_isin,733,
6649,台生材,台生材,上櫃,生技醫療業,TW0006649007,2019/06/05,ESVUFR,6649.TWO,股票,structured_isin,structured_isin,734,
6651,全宇昕,全宇昕,上櫃,半導體業,TW0006651003,2021/02/01,ESVUFR,6651.TWO,股票,structured_isin,structured_isin,735,
6654,天正國際,天正國際,上櫃,其他電子業,TW0006654007,2018/10/23,ESVUFR,6654.TWO,股票,structured_isin,structured_isin,736,
6661,威健生技,威健生技,上櫃,生技醫療業,TW0006661002,2021/01/27,ESVUFR,6661.TWO,股票,structured_isin,structured_isin,737,
6662,樂斯科,樂斯科,上櫃,生技醫療業,TW0006662000,2019/03/26,ESVUFR,6662.TWO,股票,structured_isin,structured_isin,738,
6664,群翊,群翊,上櫃,電子零組件業,TW0006664006,2018/09/12,ESVUFR,6664.TWO,股票,structured_isin,structured_isin,739,
6667,信紘科,信紘科,上櫃,其他電子業,TW0006667009,2018/11/13,ESVUFR,6667.TWO,股票,structured_isin,structured_isin,740,
6679,鈺太,鈺太,上櫃,半導體業,TW0006679004,2019/05/09,ESVUFR,6679.TWO,股票,structured_isin,structured_isin,741,
6680,鑫創電子,鑫創電子,上櫃,電腦及週邊設備業,TW0006680002,2019/09/16,ESVUFR,6680.TWO,股票,structured_isin,structured_isin,742,
6683,雍智科技,雍智科技,上櫃,半導體業,TW0006683006,2019/04/23,ESVUFR,6683.TWO,股票,structured_isin,structured_isin,743,
6684,安格,安格,上櫃,半導體業,TW0006684004,2021/08/11,ESVUFR,6684.TWO,股票,structured_isin,structured_isin,744,
6690,安碁資訊,安碁資訊,上櫃,數位雲端,TW0006690001,2019/10/30,ESVUFR,6690.TWO,股票,structured_isin,structured_isin,745,
6692,進能服,進能服,上櫃,綠能環保,TW0006692007,2024/02/02,ESVUFR,6692.TWO,股票,structured_isin,structured_isin,746,
6693,廣閎科,廣閎科,上櫃,半導體業,TW0006693005,2022/03/01,ESVUFR,6693.TWO,股票,structured_isin,structured_isin,747,
6697,東捷資訊,東捷資訊,上櫃,資訊服務業,TW0006697006,2019/12/26,ESVUFR,6697.TWO,股票,structured_isin,structured_isin,748,
6702,興航,興航,上市,航運業,,,,6702.TW,股票,wide_inherited_header,wide_table,18,10
6703,軒郁,軒郁,上櫃,生技醫療業,TW0006703002,2020/10/20,ESVUFR,6703.TWO,股票,structured_isin,structured_isin,749,
6708,天擎,天擎,上櫃,半導體業,TW0006708001,2022/12/29,ESVUFR,6708.TWO,股票,structured_isin,structured_isin,750,
6712,長聖,長聖,上櫃,生技醫療業,TW0006712003,2021/01/08,ESVUFR,6712.TWO,股票,structured_isin,structured_isin,751,
6716,應廣,應廣,上櫃,半導體業,TW0006716004,2020/03/27,ESVUFR,6716.TWO,股票,structured_isin,structured_isin,752,
6720,久昌,久昌,上櫃,半導體業,TW0006720006,2024/12/04,ESVUFR,6720.TWO,股票,structured_isin,structured_isin,753,
6721,信實,信實,上櫃,其他業,TW0006721004,2022/04/29,ESVUFR,6721.TWO,股票,structured_isin,structured_isin,754,
6725,矽科宏晟,矽科宏晟,上櫃,其他電子業,TW0006725005,2025/12/30,ESVUFR,6725.TWO,股票,structured_isin,structured_isin,755,
6727,亞泰金屬,亞泰金屬,上櫃,電子零組件業,TW0006727001,2020/12/01,ESVUFR,6727.TWO,股票,structured_isin,structured_isin,756,
6728,上洋,上洋,上櫃,居家生活,TW0006728009,2020/12/25,ESVUFR,6728.TWO,股票,structured_isin,structured_isin,757,
6730,常廣,常廣,上櫃,生技醫療業,TW0006730005,2025/12/10,ESVUFR,6730.TWO,股票,structured_isin,structured_isin,758,
6732,昇佳電子,昇佳電子,上櫃,半導體業,TW0006732001,2020/06/08,ESVUFR,6732.TWO,股票,structured_isin,structured_isin,759,
6733,博晟生醫,博晟生醫,上櫃,生技醫療業,TW0006733009,2021/01/28,ESVUFR,6733.TWO,股票,structured_isin,structured_isin,760,
6735,美達科技,美達科技,上櫃,其他電子業,TW0006735004,2022/04/29,ESVUFR,6735.TWO,股票,structured_isin,structured_isin,761,
6739,竹陞科技,竹陞科技,上櫃,其他電子業,TW0006739006,2024/09/02,ESVUFR,6739.TWO,股票,structured_isin,structured_isin,762,
6741,91APP*-KY,91APP-KY,上櫃,數位雲端,KYG6525T1022,2021/05/25,ESVUFR,6741.TWO,股票,structured_isin,structured_isin,763,
6751,智聯服務,智聯服務,上櫃,資訊服務業,TW0006751001,2020/12/25,ESVUFR,6751.TWO,股票,structured_isin,structured_isin,764,
6752,叡揚,叡揚,上櫃,資訊服務業,TW0006752009,2020/12/10,ESVUFR,6752.TWO,股票,structured_isin,structured_isin,765,
6761,穩得,穩得,上櫃,電子零組件業,TW0006761000,2021/11/08,ESVUFR,6761.TWO,股票,structured_isin,structured_isin,766,
6762,達亞,達亞,上櫃,生技醫療業,TW0006762008,2020/12/18,ESVUFR,6762.TWO,股票,structured_isin,structured_isin,767,
6763,綠界科技*,綠界科技,上櫃,數位雲端,TW0006763006,2022/03/15,ESVUFR,6763.TWO,股票,structured_isin,structured_isin,768,
6767,台微醫,台微醫,上櫃,生技醫療業,TW0006767007,2021/01/25,ESVUFR,6767.TWO,股票,structured_isin,structured_isin,769,
6785,昱展新藥,昱展新藥,上櫃,生技醫療業,TW0006785009,2024/01/24,ESVUFR,6785.TWO,股票,structured_isin,structured_isin,770,
6788,華景電,華景電,上櫃,半導體業,TW0006788003,2021/09/29,ESVUFR,6788.TWO,股票,structured_isin,structured_isin,771,
6791,虎門科技,虎門科技,上櫃,資訊服務業,TW0006791007,2022/11/14,ESVUFR,6791.TWO,股票,structured_isin,structured_isin,772,
6803,崑鼎,崑鼎,上櫃,綠能環保,TW0006803000,2010/05/27,ESVUFR,6803.TWO,股票,structured_isin+wide_explicit_header,structured_isin+wide_table,"28,773",20
6804,明係,明係,上櫃,運動休閒,TW0006804008,2022/03/31,ESVUFR,6804.TWO,股票,structured_isin,structured_isin,774,
6811,宏碁資訊,宏碁資訊,上櫃,數位雲端,TW0006811003,2022/08/09,ESVUFR,6811.TWO,股票,structured_isin,structured_isin,775,
6821,聯寶,聯寶,上櫃,電子零組件業,TW0006821002,2023/05/22,ESVUFR,6821.TWO,股票,structured_isin,structured_isin,776,
6823,濾能,濾能,上櫃,半導體業,TW0006823008,2022/06/30,ESVUFR,6823.TWO,股票,structured_isin,structured_isin,777,
6829,千附精密,千附精密,上櫃,半導體業,TW0006829005,2022/03/11,ESVUFR,6829.TWO,股票,structured_isin,structured_isin,778,
6840,東研信超,東研信超,上櫃,其他電子業,TW0006840002,2023/03/24,ESVUFR,6840.TWO,股票,structured_isin,structured_isin,779,
6841,長佳智能,長佳智能,上櫃,生技醫療業,TW0006841000,2023/03/01,ESVUFR,6841.TWO,股票,structured_isin,structured_isin,780,
6843,進典,進典,上櫃,電機機械,TW0006843006,2022/11/21,ESVUFR,6843.TWO,股票,structured_isin,structured_isin,781,
6844,諾貝兒,諾貝兒,上櫃,生技醫療業,TW0006844004,2024/03/08,ESVUFR,6844.TWO,股票,structured_isin,structured_isin,782,
6846,綠茵,綠茵,上櫃,食品工業,TW0006846009,2023/05/15,ESVUFR,6846.TWO,股票,structured_isin,structured_isin,783,
6855,數泓科,數泓科,上櫃,其他電子業,TW0006855000,2022/10/06,ESVUFR,6855.TWO,股票,structured_isin,structured_isin,784,
6856,鑫傳,鑫傳,上櫃,文化創意業,TW0006856008,2023/10/27,ESVUFR,6856.TWO,股票,structured_isin,structured_isin,785,
6859,伯特光,伯特光,上櫃,光電業,TW0006859002,2022/11/28,ESVUFR,6859.TWO,股票,structured_isin,structured_isin,786,
6865,偉康科技,偉康科技,上櫃,數位雲端,TW0006865009,2023/01/11,ESVUFR,6865.TWO,股票,structured_isin,structured_isin,787,
6870,騰雲,騰雲,上櫃,數位雲端,TW0006870009,2023/09/14,ESVUFR,6870.TWO,股票,structured_isin,structured_isin,788,
6872,浩宇生醫,浩宇生醫,上櫃,生技醫療業,TW0006872005,2025/03/07,ESVUFR,6872.TWO,股票,structured_isin,structured_isin,789,
6874,倍力,倍力,上櫃,資訊服務業,TW0006874001,2022/12/14,ESVUFR,6874.TWO,股票,structured_isin,structured_isin,790,
6875,國邑*,國邑,上櫃,生技醫療業,TW0006875008,2024/03/26,ESVUFR,6875.TWO,股票,structured_isin,structured_isin,791,
6877,鏵友益,鏵友益,上櫃,其他電子業,TW0006877004,2023/06/16,ESVUFR,6877.TWO,股票,structured_isin,structured_isin,792,
6881,潤德,潤德,上櫃,其他業,TW0006881006,2024/05/21,ESVUFR,6881.TWO,股票,structured_isin,structured_isin,793,
6884,海柏特,海柏特,上櫃,資訊服務業,TW0006884000,2025/12/17,ESVUFR,6884.TWO,股票,structured_isin,structured_isin,794,
6894,衛司特,衛司特,上櫃,綠能環保,TW0006894009,2023/11/29,ESVUFR,6894.TWO,股票,structured_isin,structured_isin,795,
6895,宏碩系統,宏碩系統,上櫃,半導體業,TW0006895006,2023/08/22,ESVUFR,6895.TWO,股票,structured_isin,structured_isin,796,
6899,創為精密,創為精密,上櫃,光電業,TW0006899008,2024/04/08,ESVUFR,6899.TWO,股票,structured_isin,structured_isin,797,
6903,巨漢,巨漢,上櫃,其他電子業,TW0006903008,2024/06/12,ESVUFR,6903.TWO,股票,structured_isin,structured_isin,798,
6904,伯鑫,伯鑫,上櫃,其他業,TW0006904006,2023/12/05,ESVUFR,6904.TWO,股票,structured_isin,structured_isin,799,
6907,雅特力-KY,雅特力-KY,上櫃,半導體業,KYG0511A1022,2026/01/29,ESVUFR,6907.TWO,股票,structured_isin,structured_isin,800,
6910,德鴻,德鴻,上櫃,數位雲端,TW0006910003,2025/12/11,ESVUFR,6910.TWO,股票,structured_isin,structured_isin,801,
6913,鴻呈,鴻呈,上櫃,電子零組件業,TW0006913007,2024/10/01,ESVUFR,6913.TWO,股票,structured_isin,structured_isin,802,
6922,宸曜,宸曜,上櫃,電腦及週邊設備業,TW0006922008,2023/11/09,ESVUFR,6922.TWO,股票,structured_isin,structured_isin,803,
6925,意藍,意藍,上櫃,數位雲端,TW0006925001,2025/05/28,ESVUFR,6925.TWO,股票,structured_isin,structured_isin,804,
6929,佑全,佑全,上櫃,生技醫療業,TW0006929003,2024/03/28,ESVUFR,6929.TWO,股票,structured_isin,structured_isin,805,
6953,家碩,家碩,上櫃,半導體業,TW0006953003,2024/05/13,ESVUFR,6953.TWO,股票,structured_isin,structured_isin,806,
6961,旅天下,旅天下,上櫃,觀光餐旅,TW0006961006,2026/01/22,ESVUFR,6961.TWO,股票,structured_isin,structured_isin,807,
6967,汎瑋材料,汎瑋材料,上櫃,電子零組件業,TW0006967003,2024/09/25,ESVUFR,6967.TWO,股票,structured_isin,structured_isin,808,
6968,萬達寵物,萬達寵物,上櫃,居家生活,TW0006968001,2024/08/14,ESVUFR,6968.TWO,股票,structured_isin,structured_isin,809,
6971,惠民實業,惠民實業,上櫃,綠能環保,TW0006971005,2025/10/02,ESVUFR,6971.TWO,股票,structured_isin,structured_isin,810,
6982,大井泵浦,大井泵浦,上櫃,電機機械,TW0006982002,2024/12/18,ESVUFR,6982.TWO,股票,structured_isin,structured_isin,811,
6996,力領科技,力領科技,上櫃,半導體業,TW0006996002,2024/12/10,ESVUFR,6996.TWO,股票,structured_isin,structured_isin,812,
6997,博弘,博弘,上櫃,數位雲端,TW0006997000,2024/12/16,ESVUFR,6997.TWO,股票,structured_isin,structured_isin,813,
7402,邑錡,邑錡,上櫃,光電業,TW0007402000,2015/12/29,ESVUFR,7402.TWO,股票,structured_isin,structured_isin,814,
7547,碩網,碩網,上櫃,數位雲端,TW0007547B12,2025/07/29,ESVUFR,7547.TWO,股票,structured_isin,structured_isin,815,
7556,意德士,意德士,上櫃,半導體業,TW0007556B10,2020/10/30,ESVUFR,7556.TWO,股票,structured_isin,structured_isin,816,
7584,樂意,樂意,上櫃,文化創意業,TW0007584B16,2024/07/25,ESVUFR,7584.TWO,股票,structured_isin,structured_isin,817,
7642,昶瑞機電,昶瑞機電,上櫃,電機機械,TW0007642B16,2025/05/22,ESVUFR,7642.TWO,股票,structured_isin,structured_isin,818,
7703,銳澤,銳澤,上櫃,其他電子業,TW0007703001,2024/11/13,ESVUFR,7703.TWO,股票,structured_isin,structured_isin,819,
7704,明遠精密,明遠精密,上櫃,半導體業,TW0007704009,2024/12/16,ESVUFR,7704.TWO,股票,structured_isin,structured_isin,820,
7708,全家餐飲,全家餐飲,上櫃,觀光餐旅,TW0007708000,2024/11/15,ESVUFR,7708.TWO,股票,structured_isin,structured_isin,821,
7709,榮田,榮田,上櫃,電機機械,TW0007709008,2025/02/25,ESVUFR,7709.TWO,股票,structured_isin,structured_isin,822,
7712,博盛半導體,博盛半導體,上櫃,半導體業,TW0007712002,2024/12/26,ESVUFR,7712.TWO,股票,structured_isin,structured_isin,823,
7713,威力德生醫,威力德生醫,上櫃,生技醫療業,TW0007713000,2025/02/24,ESVUFR,7713.TWO,股票,structured_isin,structured_isin,824,
7714,創泓科技,創泓科技,上櫃,數位雲端,TW0007714008,2025/01/15,ESVUFR,7714.TWO,股票,structured_isin,structured_isin,825,
7715,裕山,裕山,上櫃,綠能環保,TW0007715005,2025/01/15,ESVUFR,7715.TWO,股票,structured_isin,structured_isin,826,
7716,昱臺國際,昱臺國際,上櫃,航運業,TW0007716003,2025/10/28,ESVUFR,7716.TWO,股票,structured_isin,structured_isin,827,
7717,萊德光電-KY,萊德光電-KY,上櫃,通信網路業,KYG5486D1060,2025/11/17,ESVUFR,7717.TWO,股票,structured_isin,structured_isin,828,
7718,友鋮,友鋮,上櫃,鋼鐵工業,TW0007718009,2025/03/18,ESVUFR,7718.TWO,股票,structured_isin,structured_isin,829,
7723,築間,築間,上櫃,觀光餐旅,TW0007723009,2025/04/30,ESVUFR,7723.TWO,股票,structured_isin,structured_isin,830,
7728,光焱科技,光焱科技,上櫃,其他電子業,TW0007728008,2025/03/06,ESVUFR,7728.TWO,股票,structured_isin,structured_isin,831,
7734,印能科技,印能科技,上櫃,半導體業,TW0007734006,2025/02/26,ESVUFR,7734.TWO,股票,structured_isin,structured_isin,832,
7738,東聯互動,東聯互動,上櫃,數位雲端,TW0007738007,2025/10/16,ESVUFR,7738.TWO,股票,structured_isin,structured_isin,833,
7743,金利食安,金利食安,上櫃,食品工業,TW0007743007,2025/05/20,ESVUFR,7743.TWO,股票,structured_isin,structured_isin,834,
7744,崴寶,崴寶,上櫃,電子零組件業,TW0007744005,2025/11/27,ESVUFR,7744.TWO,股票,structured_isin,structured_isin,835,
7747,昕奇雲端,昕奇雲端,上櫃,數位雲端,TW0007747008,2025/07/11,ESVUFR,7747.TWO,股票,structured_isin,structured_isin,836,
7751,竑騰,竑騰,上櫃,半導體業,TW0007751000,2025/08/26,ESVUFR,7751.TWO,股票,structured_isin,structured_isin,837,
7753,星亞,星亞,上櫃,光電業,TW0007753006,2025/08/11,ESVUFR,7753.TWO,股票,structured_isin,structured_isin,838,
7757,金色三麥,金色三麥,上櫃,觀光餐旅,TW0007757007,2025/10/20,ESVUFR,7757.TWO,股票,structured_isin,structured_isin,839,
7767,仁大資訊,仁大資訊,上櫃,資訊服務業,TW0007767006,2025/12/10,ESVUFR,7767.TWO,股票,structured_isin,structured_isin,840,
7770,君曜,君曜,上櫃,半導體業,TW0007770000,2025/12/10,ESVUFR,7770.TWO,股票,structured_isin,structured_isin,841,
7772,耀穎,耀穎,上櫃,半導體業,TW0007772006,2026/05/08,ESVUFR,7772.TWO,股票,structured_isin,structured_isin,842,
7777,能率亞洲,能率亞洲,上櫃,其他業,TW0007777005,2025/12/22,ESVUFR,7777.TWO,股票,structured_isin,structured_isin,843,
7782,光速火箭,光速火箭,上櫃,居家生活,TW0007782005,2025/10/28,ESVUFR,7782.TWO,股票,structured_isin,structured_isin,844,
7792,安葆,安葆,上櫃,其他電子業,TW0007792004,2026/01/28,ESVUFR,7792.TWO,股票,structured_isin,structured_isin,845,
7794,宏碁智新,宏碁智新,上櫃,居家生活,TW0007794000,2026/04/20,ESVUFR,7794.TWO,股票,structured_isin,structured_isin,846,
7805,威聯通,威聯通,上櫃,數位雲端,TW0007805004,2025/12/22,ESVUFR,7805.TWO,股票,structured_isin,structured_isin,847,
7810,捷創科技,捷創科技,上櫃,半導體業,TW0007810004,2025/12/23,ESVUFR,7810.TWO,股票,structured_isin,structured_isin,848,
7811,民盛,民盛,上櫃,運動休閒,TW0007811002,2026/03/25,ESVUFR,7811.TWO,股票,structured_isin,structured_isin,849,
7820,立盈,立盈,上櫃,綠能環保,TW0007820003,2026/04/27,ESVUFR,7820.TWO,股票,structured_isin,structured_isin,850,
7828,創新服務,創新服務,上櫃,半導體業,TW0007828006,2026/04/22,ESVUFR,7828.TWO,股票,structured_isin,structured_isin,851,
7842,天能綠電,天能綠電,上櫃,綠能環保,TW0007842007,2026/05/11,ESVUFR,7842.TWO,股票,structured_isin,structured_isin,852,
8011,台通,台通,上市,通信網路,,,,8011.TW,股票,wide_inherited_header,wide_table,27,7
8016,矽創,矽創,上市,半導體,,,,8016.TW,股票,wide_inherited_header,wide_table,18,5
8021,尖點,尖點,上市,其他電子,,,,8021.TW,股票,wide_inherited_header,wide_table,28,9
8024,佑華,佑華,上櫃,半導體業,TW0008024001,2006/09/25,ESVUFR,8024.TWO,股票,structured_isin+wide_explicit_header,structured_isin+wide_table,"70,853",14
8027,鈦昇,鈦昇,上櫃,電機機械,TW0008027004,2015/06/09,ESVUFR,8027.TWO,股票,structured_isin,structured_isin,854,
8032,光菱,光菱,上櫃,電子通路業,TW0008032004,2003/10/02,ESVUFR,8032.TWO,股票,structured_isin+wide_inherited_header,structured_isin+wide_table,"10,855",18
8033,雷虎,雷虎,上市,其他,,,,8033.TW,股票,wide_explicit_header,wide_table,51,11
8034,榮群,榮群,上櫃,通信網路業,TW0008034000,2004/05/06,ESVUFR,8034.TWO,股票,structured_isin+wide_explicit_header,structured_isin+wide_table,"46,856",16
8038,長園科,長園科,上櫃,電子零組件業,TW0008038001,2013/11/21,ESVUFR,8038.TWO,股票,structured_isin+wide_inherited_header,structured_isin+wide_table,"63,857",17
8039,台虹,台虹,上市,電子零組件,,,,8039.TW,股票,wide_inherited_header,wide_table,35,8
8040,九暘,九暘,上櫃,半導體業,TW0008040007,2007/04/30,ESVUFR,8040.TWO,股票,structured_isin+wide_explicit_header,structured_isin+wide_table,"71,858",14
8042,金山電,金山電,上櫃,電子零組件業,TW0008042003,2004/03/22,ESVUFR,8042.TWO,股票,structured_isin+wide_inherited_header,structured_isin+wide_table,"64,859",17
8043,蜜望實,蜜望實,上櫃,電子零組件業,TW0008043001,2003/10/24,ESVUFR,8043.TWO,股票,structured_isin+wide_inherited_header,structured_isin+wide_table,"65,860",17
8044,網家,網家,上櫃,數位雲端,TW0008044009,2005/01/24,ESVUFR,8044.TWO,股票,structured_isin+wide_explicit_header,structured_isin+wide_table,"35,861",18
8046,南電,南電,上市,電子零組件,,,,8046.TW,股票,wide_inherited_header,wide_table,36,8
8047,星雲,星雲,上櫃,其他電子業,TW0008047002,2004/02/09,ESVUFR,8047.TWO,股票,structured_isin+wide_explicit_header,structured_isin+wide_table,"72,862",18
8048,德勝,德勝,上櫃,通信網路業,TW0008048000,2009/09/08,ESVUFR,8048.TWO,股票,structured_isin+wide_explicit_header,structured_isin+wide_table,"47,863",16
8049,晶采,晶采,上櫃,光電業,TW0008049008,2004/02/02,ESVUFR,8049.TWO,股票,structured_isin+wide_inherited_header,structured_isin+wide_table,"4,864",16
8050,廣積,廣積,上櫃,電腦及週邊設備業,TW0008050006,2003/10/24,ESVUFR,8050.TWO,股票,structured_isin+wide_inherited_header,structured_isin+wide_table,"39,865",15
8054,安國,安國,上櫃,半導體業,TW0008054008,2004/11/08,ESVUFR,8054.TWO,股票,structured_isin+wide_explicit_header,structured_isin+wide_table,"72,866",14
8059,凱碩,凱碩,上櫃,通信網路業,TW0008059007,2010/03/16,ESVUFR,8059.TWO,股票,structured_isin+wide_explicit_header,structured_isin+wide_table,"48,867",16
8064,東捷,東捷,上櫃,光電業,TW0008064007,2006/09/25,ESVUFR,8064.TWO,股票,structured_isin+wide_inherited_header,structured_isin+wide_table,"5,868",16
8066,來思達,來思達,上櫃,居家生活,TW0008066002,2004/12/24,ESVUFR,8066.TWO,股票,structured_isin+wide_explicit_header,structured_isin+wide_table,"55,869",19
8067,志旭,志旭,上櫃,電子通路業,TW0008067000,2004/04/23,ESVUFR,8067.TWO,股票,structured_isin+wide_inherited_header,structured_isin+wide_table,"11,870",18
8068,全達,全達,上櫃,電子通路業,TW0008068008,2004/03/25,ESVUFR,8068.TWO,股票,structured_isin+wide_inherited_header,structured_isin+wide_table,"12,871",18
8069,元太,元太,上櫃,光電業,TW0008069006,2004/03/30,ESVUFR,8069.TWO,股票,structured_isin+wide_inherited_header,structured_isin+wide_table,"6,872",16
8070,長華,長華,上市,電子通路,,,,8070.TW,股票,wide_explicit_header,wide_table,60,8
8071,能率網通,能率網通,上櫃,電子零組件業,TW0008071002,2003/12/29,ESVUFR,8071.TWO,股票,structured_isin+wide_inherited_header,structured_isin+wide_table,"66,873",17
8072,陞泰,陞泰,上市,光電,,,,8072.TW,股票,wide_explicit_header,wide_table,68,6
8074,鉅橡,鉅橡,上櫃,電子零組件業,TW0008074006,2004/01/27,ESVUFR,8074.TWO,股票,structured_isin+wide_inherited_header,structured_isin+wide_table,"67,874",17
8076,伍豐,伍豐,上櫃,電腦及週邊設備業,TW0008076001,2003/12/15,ESVUFR,8076.TWO,股票,structured_isin+wide_inherited_header,structured_isin+wide_table,"40,875",15
8077,洛碁,洛碁,上櫃,觀光餐旅,TW0008077009,2004/12/06,ESVUFR,8077.TWO,股票,structured_isin,structured_isin,876,
8079,誠遠,誠遠,上櫃,半導體,,,,8079.TWO,股票,wide_explicit_header,wide_table,73,14
8080,泰霖,泰霖,上櫃,建材營造業,TW0008080003,2021/04/07,ESVUFR,8080.TWO,股票,structured_isin+wide_inherited_header,structured_isin+wide_table,"68,877",17
8081,致新,致新,上市,半導體,,,,8081.TW,股票,wide_inherited_header,wide_table,19,5
8082,漢承泰,漢承泰,上櫃,通信網路,,,,8082.TWO,股票,wide_explicit_header,wide_table,49,16
8083,瑞穎,瑞穎,上櫃,電機機械,TW0008083007,2004/09/23,ESVUFR,8083.TWO,股票,structured_isin+wide_explicit_header,structured_isin+wide_table,"79,878",12
8084,巨虹,巨虹,上櫃,電子通路業,TW0008084005,2004/03/08,ESVUFR,8084.TWO,股票,structured_isin+wide_inherited_header,structured_isin+wide_table,"13,879",18
8085,福華,福華,上櫃,其他電子業,TW0008085002,2004/03/01,ESVUFR,8085.TWO,股票,structured_isin+wide_explicit_header,structured_isin+wide_table,"73,880",18
8086,宏捷科,宏捷科,上櫃,半導體業,TW0008086000,2009/06/01,ESVUFR,8086.TWO,股票,structured_isin+wide_explicit_header,structured_isin+wide_table,"74,881",14
8087,麗升能源,麗升能源,上櫃,綠能環保,TW0008087008,2004/02/25,ESVUFR,8087.TWO,股票,structured_isin+wide_inherited_header,structured_isin+wide_table,"7,882",16
8088,品安,品安,上櫃,半導體業,TW0008088006,2004/02/27,ESVUFR,8088.TWO,股票,structured_isin+wide_explicit_header,structured_isin+wide_table,"75,883",14
8089,康全電訊,康全電訊,上櫃,通信網路業,TW0008089004,2020/09/23,ESVUFR,8089.TWO,股票,structured_isin,structured_isin,884,
8091,翔名,翔名,上櫃,半導體業,TW0008091000,2004/06/24,ESVUFR,8091.TWO,股票,structured_isin+wide_inherited_header,structured_isin+wide_table,"69,885",17
8092,建暐,建暐,上櫃,其他電子業,TW0008092008,2004/02/02,ESVUFR,8092.TWO,股票,structured_isin+wide_explicit_header,structured_isin+wide_table,"74,886",18
8093,保銳,保銳,上櫃,電子零組件業,TW0008093006,2004/12/31,ESVUFR,8093.TWO,股票,structured_isin+wide_inherited_header,structured_isin+wide_table,"70,887",17
8096,擎亞,擎亞,上櫃,電子通路業,TW0008096009,2004/07/15,ESVUFR,8096.TWO,股票,structured_isin+wide_inherited_header,structured_isin+wide_table,"14,888",18
8097,常珵,常珵,上櫃,通信網路業,TW0008097007,2004/03/01,ESVUFR,8097.TWO,股票,structured_isin+wide_explicit_header,structured_isin+wide_table,"50,889",16
8099,大世科,大世科,上櫃,資訊服務業,TW0008099003,2004/03/29,ESVUFR,8099.TWO,股票,structured_isin+wide_explicit_header,structured_isin+wide_table,"36,890",18
8101,華冠,華冠,上市,通信網路,,,,8101.TW,股票,wide_inherited_header,wide_table,28,7
8102,傑霖科技,傑霖科技,上櫃,半導體業,TW0008102005,2025/12/22,ESVUFR,8102.TWO,股票,structured_isin,structured_isin,891,
8103,瀚荃,瀚荃,上市,電子零組件,,,,8103.TW,股票,wide_inherited_header,wide_table,37,8
8105,凌巨,凌巨,上市,光電,,,,8105.TW,股票,wide_explicit_header,wide_table,69,6
8107,大億金茂,大億金茂,上櫃,電機機械,TW0008107004,2005/11/15,ESVUFR,8107.TWO,股票,structured_isin+wide_explicit_header,structured_isin+wide_table,"80,892",12
8109,博大,博大,上櫃,電子零組件業,TW0008109000,2005/03/22,ESVUFR,8109.TWO,股票,structured_isin+wide_inherited_header,structured_isin+wide_table,"71,893",17
8110,華東,華東,上市,半導體,,,,8110.TW,股票,wide_inherited_header,wide_table,20,5
8111,立碁,立碁,上櫃,光電業,TW0008111006,2004/02/09,ESVUFR,8111.TWO,股票,structured_isin+wide_inherited_header,structured_isin+wide_table,"8,894",16
8112,至上,至上,上市,電子通路,,,,8112.TW,股票,wide_explicit_header,wide_table,61,8
8114,振樺電,振樺電,上市,電腦及週邊設備,,,,8114.TW,股票,wide_explicit_header,wide_table,80,5
8121,越峰,越峰,上櫃,電子零組件業,TW0008121005,2005/02/17,ESVUFR,8121.TWO,股票,structured_isin+wide_inherited_header,structured_isin+wide_table,"72,895",17
8131,福懋科,福懋科,上市,半導體,,,,8131.TW,股票,wide_inherited_header,wide_table,21,5
8147,正淩,正淩,上櫃,電子零組件業,TW0008147000,2013/04/30,ESVUFR,8147.TWO,股票,structured_isin+wide_inherited_header,structured_isin+wide_table,"73,896",17
8150,南茂#,南茂,上市,半導體,,,,8150.TW,股票,wide_inherited_header,wide_table,22,5
8155,博智,博智,上櫃,電子零組件業,TW0008155003,2012/12/18,ESVUFR,8155.TWO,股票,structured_isin+wide_inherited_header,structured_isin+wide_table,"74,897",17
8163,達方,達方,上市,電腦及週邊設備,,,,8163.TW,股票,wide_explicit_header,wide_table,81,5
8171,天宇,天宇,上櫃,綠能環保,TW0008171000,2011/12/19,ESVUFR,8171.TWO,股票,structured_isin+wide_explicit_header,structured_isin+wide_table,"51,898",16
8176,智捷,智捷,上櫃,通信網路業,TW0008176009,2013/06/25,ESVUFR,8176.TWO,股票,structured_isin+wide_explicit_header,structured_isin+wide_table,"52,899",16
8182,加高,加高,上櫃,電子零組件業,TW0008182007,2006/05/25,ESVUFR,8182.TWO,股票,structured_isin+wide_inherited_header,structured_isin+wide_table,"75,900",17
8183,精星,精星,上櫃,其他電子業,TW0008183005,2005/03/30,ESVUFR,8183.TWO,股票,structured_isin+wide_explicit_header,structured_isin+wide_table,"75,901",18
008201,BP上證50,BP上證50,上市,基金,,,,008201.TW,ETF/基金,wide_explicit_header,wide_table,21,12
8201,無敵,無敵,上市,其他電子,,,,8201.TW,股票,wide_inherited_header,wide_table,29,9
8210,勤誠,勤誠,上市,電腦及週邊設備,,,,8210.TW,股票,wide_inherited_header,wide_table,1,6
8213,志超,志超,上市,電子零組件,,,,8213.TW,股票,wide_inherited_header,wide_table,38,8
8215,明基材,明基材,上市,光電,,,,8215.TW,股票,wide_explicit_header,wide_table,70,6
8227,巨有科技,巨有科技,上櫃,半導體業,TW0008227000,2022/12/20,ESVUFR,8227.TWO,股票,structured_isin,structured_isin,902,
8234,新漢,新漢,上櫃,電腦及週邊設備業,TW0008234006,2007/06/07,ESVUFR,8234.TWO,股票,structured_isin+wide_inherited_header,structured_isin+wide_table,"41,903",15
8240,華宏,華宏,上櫃,光電業,TW0008240003,2005/06/23,ESVUFR,8240.TWO,股票,structured_isin+wide_inherited_header,structured_isin+wide_table,"9,904",16
8249,菱光,菱光,上市,電子零組件,,,,8249.TW,股票,wide_inherited_header,wide_table,39,8
8255,朋程,朋程,上櫃,電機機械,TW0008255001,2006/04/25,ESVUFR,8255.TWO,股票,structured_isin+wide_explicit_header,structured_isin+wide_table,"81,905",12
8261,富鼎,富鼎,上市,半導體,,,,8261.TW,股票,wide_inherited_header,wide_table,23,5
8271,宇瞻,宇瞻,上市,半導體,,,,8271.TW,股票,wide_inherited_header,wide_table,24,5
8272,全景軟體,全景軟體,上櫃,資訊服務業,TW0008272006,2024/10/23,ESVUFR,8272.TWO,股票,structured_isin,structured_isin,906,
8277,商丞,商丞,上櫃,半導體業,TW0008277005,2004/12/27,ESVUFR,8277.TWO,股票,structured_isin+wide_explicit_header,structured_isin+wide_table,"76,907",14
8279,生展,生展,上櫃,生技醫療業,TW0008279001,2016/09/26,ESVUFR,8279.TWO,股票,structured_isin,structured_isin,908,
8284,三竹,三竹,上櫃,資訊服務業,TW0008284001,2020/05/18,ESVUFR,8284.TWO,股票,structured_isin,structured_isin,909,
8287,英格爾,英格爾,上櫃,電子零組件,,,,8287.TWO,股票,wide_inherited_header,wide_table,76,17
8289,泰藝,泰藝,上櫃,電子零組件業,TW0008289000,2008/04/24,ESVUFR,8289.TWO,股票,structured_isin+wide_inherited_header,structured_isin+wide_table,"77,910",17
8291,尚茂,尚茂,上櫃,電子零組件業,TW0008291006,2011/11/29,ESVUFR,8291.TWO,股票,structured_isin+wide_inherited_header,structured_isin+wide_table,"78,911",17
8299,群聯,群聯,上櫃,半導體業,TW0008299009,2004/12/06,ESVUFR,8299.TWO,股票,structured_isin+wide_inherited_header,structured_isin+wide_table,"42,912",15
8342,益張,益張,上櫃,其他業,TW0008342007,2017/11/23,ESVUFR,8342.TWO,股票,structured_isin,structured_isin,913,
8349,恒耀,恒耀,上櫃,鋼鐵工業,TW0008349002,2006/03/10,ESVUFR,8349.TWO,股票,structured_isin+wide_inherited_header,structured_isin+wide_table,"7,914",14
8354,冠好,冠好,上櫃,其他業,TW0008354002,2004/04/15,ESVUFR,8354.TWO,股票,structured_isin+wide_explicit_header,structured_isin+wide_table,"38,915",12
8358,金居,金居,上櫃,電子零組件業,TW0008358003,2010/09/27,ESVUFR,8358.TWO,股票,structured_isin+wide_inherited_header,structured_isin+wide_table,"79,916",17
8374,羅昇,羅昇,上市,電機機械,,,,8374.TW,股票,wide_explicit_header,wide_table,65,2
8383,千附,千附,上櫃,半導體業,TW0008383001,2004/09/10,ESVUFR,8383.TWO,股票,structured_isin+wide_explicit_header,structured_isin+wide_table,"76,917",18
8390,金益鼎,金益鼎,上櫃,綠能環保,TW0008390006,2008/05/21,ESVUFR,8390.TWO,股票,structured_isin+wide_explicit_header,structured_isin+wide_table,"29,918",20
8401,白紗科,白紗科,上櫃,其他業,TW0008401001,2010/03/29,ESVUFR,8401.TWO,股票,structured_isin+wide_explicit_header,structured_isin+wide_table,"30,919",20
8403,盛弘,盛弘,上櫃,生技醫療業,TW0008403007,2011/03/01,ESVUFR,8403.TWO,股票,structured_isin+wide_explicit_header,structured_isin+wide_table,"73,920",13
8404,百和興業-KY,百和興業-KY,上市,其他,,,,8404.TW,股票,wide_explicit_header,wide_table,52,11
8406,金可-KY,金可-KY,上櫃,生技醫療,,,,8406.TWO,股票,wide_explicit_header,wide_table,74,13
8409,商之器,商之器,上櫃,生技醫療業,TW0008409004,2013/11/25,ESVUFR,8409.TWO,股票,structured_isin+wide_explicit_header,structured_isin+wide_table,"75,921",13
8410,森田,森田,上櫃,電腦及週邊設備業,TW0008410002,2011/02/23,ESVUFR,8410.TWO,股票,structured_isin+wide_inherited_header,structured_isin+wide_table,"43,922",15
8411,福貞-KY,福貞-KY,上市,其他,,,,8411.TW,股票,wide_explicit_header,wide_table,53,11
8415,大國鋼,大國鋼,上櫃,鋼鐵工業,TW0008415001,2016/09/07,ESVUFR,8415.TWO,股票,structured_isin,structured_isin,923,
8416,實威,實威,上櫃,資訊服務業,TW0008416009,2012/09/19,ESVUFR,8416.TWO,股票,structured_isin+wide_explicit_header,structured_isin+wide_table,"37,924",18
8418,捷必勝-KY,捷必勝-KY,上櫃,其他,,,,8418.TWO,股票,wide_explicit_header,wide_table,31,20
8421,旭源,旭源,上櫃,其他業,TW0008421009,2012/11/23,ESVUFR,8421.TWO,股票,structured_isin+wide_explicit_header,structured_isin+wide_table,"32,925",20
8422,可寧衛,可寧衛,上市,其他,,,,8422.TW,股票,wide_explicit_header,wide_table,54,11
8423,保綠-KY,保綠-KY,上櫃,綠能環保,KYG715991074,2012/03/14,ESVUFR,8423.TWO,股票,structured_isin+wide_explicit_header,structured_isin+wide_table,"33,926",20
8424,惠普,惠普,上櫃,建材營造業,TW0008424003,2012/12/18,ESVUFR,8424.TWO,股票,structured_isin+wide_inherited_header,structured_isin+wide_table,"18,927",19
8426,紅木-KY,紅木-KY,上櫃,其他業,KYG7457N1051,2011/12/13,ESVUFR,8426.TWO,股票,structured_isin+wide_explicit_header,structured_isin+wide_table,"34,928",20
8427,基勝-KY,基勝-KY,上市,其他,,,,8427.TW,股票,wide_explicit_header,wide_table,55,11
8429,金麗-KY,金麗-KY,上市,貿易百貨,,,,8429.TW,股票,wide_inherited_header,wide_table,6,11
8431,匯鑽科,匯鑽科,上櫃,其他電子業,TW0008431008,2015/03/30,ESVUFR,8431.TWO,股票,structured_isin,structured_isin,929,
8432,東生華,東生華,上櫃,生技醫療業,TW0008432006,2012/04/30,ESVUFR,8432.TWO,股票,structured_isin+wide_explicit_header,structured_isin+wide_table,"76,930",13
8433,弘帆,弘帆,上櫃,居家生活,TW0008433004,2012/12/19,ESVUFR,8433.TWO,股票,structured_isin+wide_explicit_header,structured_isin+wide_table,"56,931",19
8435,鉅邁,鉅邁,上櫃,其他業,TW0008435009,2012/12/28,ESVUFR,8435.TWO,股票,structured_isin+wide_explicit_header,structured_isin+wide_table,"35,932",20
8436,大江,大江,上櫃,生技醫療業,TW0008436007,2013/09/12,ESVUFR,8436.TWO,股票,structured_isin+wide_explicit_header,structured_isin+wide_table,"77,933",13
8437,大地-KY,大地-KY,上櫃,其他業,KYG2615N1051,2015/05/06,ESVUFR,8437.TWO,股票,structured_isin,structured_isin,934,
8440,綠電,綠電,上櫃,綠能環保,TW0008440009,2018/03/28,ESVUFR,8440.TWO,股票,structured_isin,structured_isin,935,
8444,綠河-KY,綠河-KY,上櫃,其他業,KYG409691006,2015/10/27,ESVUFR,8444.TWO,股票,structured_isin,structured_isin,936,
8446,華研,華研,上櫃,文化創意業,TW0008446006,2013/12/19,ESVUFR,8446.TWO,股票,structured_isin+wide_explicit_header,structured_isin+wide_table,"5,937",20
8450,霹靂,霹靂,上櫃,文化創意業,TW0008450008,2014/10/07,ESVUFR,8450.TWO,股票,structured_isin,structured_isin,938,
8455,大拓-KY,大拓-KY,上櫃,其他電子業,KYG264101034,2016/01/08,ESVUFR,8455.TWO,股票,structured_isin,structured_isin,939,
8472,夠麻吉,夠麻吉,上櫃,數位雲端,TW0008472002,2016/01/11,ESVUFR,8472.TWO,股票,structured_isin,structured_isin,940,
8477,創業家,創業家,上櫃,數位雲端,TW0008477001,2025/08/25,ESVUFR,8477.TWO,股票,structured_isin,structured_isin,941,
8489,三貝德,三貝德,上櫃,其他業,TW0008489006,2017/04/27,ESVUFR,8489.TWO,股票,structured_isin,structured_isin,942,
8905,裕國,裕國,上櫃,其他業,TW0008905001,1996/01/31,ESVUFR,8905.TWO,股票,structured_isin+wide_explicit_header,structured_isin+wide_table,"36,943",20
8906,花王,花王,上櫃,其他業,TW0008906009,1996/04/23,ESVUFR,8906.TWO,股票,structured_isin+wide_explicit_header,structured_isin+wide_table,"37,944",20
8908,欣雄,欣雄,上櫃,油電燃氣業,TW0008908005,1997/02/14,ESVUFR,8908.TWO,股票,structured_isin+wide_explicit_header,structured_isin+wide_table,"60,945",19
8913,全銓,全銓,上櫃,其他,,,,8913.TWO,股票,wide_explicit_header,wide_table,38,20
8916,光隆,光隆,上櫃,其他業,TW0008916008,1999/04/20,ESVUFR,8916.TWO,股票,structured_isin+wide_explicit_header,structured_isin+wide_table,"39,946",20
8917,欣泰,欣泰,上櫃,油電燃氣業,TW0008917006,1999/05/06,ESVUFR,8917.TWO,股票,structured_isin+wide_explicit_header,structured_isin+wide_table,"61,947",19
8921,沈氏,沈氏,上櫃,其他業,TW0008921008,2000/03/21,ESVUFR,8921.TWO,股票,structured_isin+wide_explicit_header,structured_isin+wide_table,"40,948",20
8923,時報,時報,上櫃,文化創意業,TW0008923004,1999/12/27,ESVUFR,8923.TWO,股票,structured_isin+wide_explicit_header,structured_isin+wide_table,"6,949",20
8924,大田,大田,上櫃,運動休閒,TW0008924002,2000/02/09,ESVUFR,8924.TWO,股票,structured_isin+wide_explicit_header,structured_isin+wide_table,"41,950",20
8926,台汽電,台汽電,上市,油電燃氣,,,,8926.TW,股票,wide_explicit_header,wide_table,10,11
8927,北基,北基,上櫃,油電燃氣業,TW0008927005,2000/11/02,ESVUFR,8927.TWO,股票,structured_isin+wide_explicit_header,structured_isin+wide_table,"62,951",19
8928,鉅明,鉅明,上櫃,運動休閒,TW0008928003,2001/02/02,ESVUFR,8928.TWO,股票,structured_isin+wide_explicit_header,structured_isin+wide_table,"42,952",20
8929,富堡,富堡,上櫃,其他業,TW0008929001,2000/11/30,ESVUFR,8929.TWO,股票,structured_isin+wide_explicit_header,structured_isin+wide_table,"43,953",20
8930,青鋼,青鋼,上櫃,鋼鐵工業,TW0008930009,2000/12/06,ESVUFR,8930.TWO,股票,structured_isin+wide_inherited_header,structured_isin+wide_table,"8,954",14
8931,大汽電,大汽電,上櫃,油電燃氣業,TW0008931007,2001/05/10,ESVUFR,8931.TWO,股票,structured_isin+wide_explicit_header,structured_isin+wide_table,"63,955",19
8932,智通*,智通,上櫃,其他業,TW0008932005,2001/03/29,ESVUFR,8932.TWO,股票,structured_isin+wide_explicit_header,structured_isin+wide_table,"44,956",20
8933,愛地雅,愛地雅,上櫃,運動休閒,TW0008933003,2001/03/28,ESVUFR,8933.TWO,股票,structured_isin+wide_explicit_header,structured_isin+wide_table,"45,957",20
8934,衡平,衡平,上櫃,其他,,,,8934.TWO,股票,wide_explicit_header,wide_table,46,20
8935,邦泰,邦泰,上櫃,其他業,TW0008935008,2002/03/26,ESVUFR,8935.TWO,股票,structured_isin+wide_explicit_header,structured_isin+wide_table,"47,958",20
8936,國統,國統,上櫃,其他業,TW0008936006,2002/09/09,ESVUFR,8936.TWO,股票,structured_isin+wide_explicit_header,structured_isin+wide_table,"48,959",20
8937,合騏*,合騏,上櫃,其他業,TW0008937004,2002/10/29,ESVUFR,8937.TWO,股票,structured_isin+wide_explicit_header,structured_isin+wide_table,"49,960",20
8938,明安,明安,上櫃,運動休閒,TW0008938002,2002/12/02,ESVUFR,8938.TWO,股票,structured_isin+wide_explicit_header,structured_isin+wide_table,"50,961",20
8940,新天地,新天地,上市,觀光,,,,8940.TW,股票,wide_explicit_header,wide_table,32,10
8941,關中,關中,上櫃,居家生活,TW0008941006,2003/01/20,ESVUFR,8941.TWO,股票,structured_isin+wide_explicit_header,structured_isin+wide_table,"57,962",19
8942,森鉅,森鉅,上櫃,其他業,TW0008942004,2003/05/16,ESVUFR,8942.TWO,股票,structured_isin+wide_explicit_header,structured_isin+wide_table,"51,963",20
8996,高力,高力,上市,電機機械,,,,8996.TW,股票,wide_explicit_header,wide_table,66,2
9103,美德醫療-DR,美德醫療-DR,上市,存託憑證,,,,9103.TW,DR,wide_explicit_header,wide_table,17,11
9105,泰金寶-DR,泰金寶-DR,上市,存託憑證,,,,9105.TW,DR,wide_explicit_header,wide_table,20,11
9106,新焦點-DR,新焦點-DR,上市,存託憑證,,,,9106.TW,DR,wide_explicit_header,wide_table,21,11
9110,越南控-DR,越南控-DR,上市,存託憑證,,,,9110.TW,DR,wide_explicit_header,wide_table,25,11
9136,巨騰-DR,巨騰-DR,上市,存託憑證,,,,9136.TW,DR,wide_explicit_header,wide_table,35,11
9157,陽光能源-DR,陽光能源-DR,上市,存託憑證,,,,9157.TW,DR,wide_explicit_header,wide_table,36,11
9188,精熙-DR,精熙-DR,上市,存託憑證,,,,9188.TW,DR,wide_explicit_header,wide_table,37,11
9802,鈺齊-KY,鈺齊-KY,上市,其他,,,,9802.TW,股票,wide_explicit_header,wide_table,56,11
9902,台火,台火,上市,其他,,,,9902.TW,股票,wide_explicit_header,wide_table,57,11
9904,寶成*,寶成,上市,其他,,,,9904.TW,股票,wide_explicit_header,wide_table,58,11
9905,大華,大華,上市,其他,,,,9905.TW,股票,wide_explicit_header,wide_table,59,11
9906,欣巴巴,欣巴巴,上市,建材營造,,,,9906.TW,股票,wide_explicit_header,wide_table,78,9
9907,統一實#,統一實,上市,其他,,,,9907.TW,股票,wide_explicit_header,wide_table,60,11
9908,大台北,大台北,上市,油電燃氣,,,,9908.TW,股票,wide_explicit_header,wide_table,11,11
9910,豐泰#,豐泰,上市,其他,,,,9910.TW,股票,wide_explicit_header,wide_table,61,11
9911,櫻花,櫻花,上市,其他,,,,9911.TW,股票,wide_explicit_header,wide_table,62,11
9912,偉聯,偉聯,上市,電腦及週邊設備,,,,9912.TW,股票,wide_inherited_header,wide_table,2,6
9914,美利達#,美利達,上市,其他,,,,9914.TW,股票,wide_explicit_header,wide_table,63,11
9917,中保#,中保,上市,其他,,,,9917.TW,股票,wide_explicit_header,wide_table,64,11
9918,欣天然,欣天然,上市,油電燃氣,,,,9918.TW,股票,wide_explicit_header,wide_table,12,11
9919,康那香,康那香,上市,其他,,,,9919.TW,股票,wide_explicit_header,wide_table,65,11
9921,巨大#,巨大,上市,其他,,,,9921.TW,股票,wide_explicit_header,wide_table,66,11
9924,福興,福興,上市,其他,,,,9924.TW,股票,wide_explicit_header,wide_table,67,11
9925,新保,新保,上市,其他,,,,9925.TW,股票,wide_explicit_header,wide_table,68,11
9926,新海,新海,上市,油電燃氣,,,,9926.TW,股票,wide_explicit_header,wide_table,13,11
9927,泰銘,泰銘,上市,其他,,,,9927.TW,股票,wide_explicit_header,wide_table,69,11
9928,中視,中視,上市,其他,,,,9928.TW,股票,wide_explicit_header,wide_table,70,11
9929,秋雨,秋雨,上市,其他,,,,9929.TW,股票,wide_explicit_header,wide_table,71,11
9930,中聯資源,中聯資源,上市,其他,,,,9930.TW,股票,wide_explicit_header,wide_table,72,11
9931,欣高,欣高,上市,油電燃氣,,,,9931.TW,股票,wide_explicit_header,wide_table,14,11
9933,中鼎#,中鼎,上市,其他,,,,9933.TW,股票,wide_explicit_header,wide_table,73,11
9934,成霖,成霖,上市,其他,,,,9934.TW,股票,wide_explicit_header,wide_table,74,11
9935,慶豐富,慶豐富,上市,其他,,,,9935.TW,股票,wide_explicit_header,wide_table,75,11
9937,全國,全國,上市,油電燃氣,,,,9937.TW,股票,wide_explicit_header,wide_table,15,11
9938,百和#,百和,上市,其他,,,,9938.TW,股票,wide_explicit_header,wide_table,76,11
9939,宏全,宏全,上市,其他,,,,9939.TW,股票,wide_explicit_header,wide_table,77,11
9940,信義,信義,上市,其他,,,,9940.TW,股票,wide_explicit_header,wide_table,78,11
9941,裕融,裕融,上市,其他,,,,9941.TW,股票,wide_explicit_header,wide_table,79,11
9942,茂順,茂順,上市,其他,,,,9942.TW,股票,wide_explicit_header,wide_table,80,11
9943,好樂迪,好樂迪,上市,觀光,,,,9943.TW,股票,wide_explicit_header,wide_table,33,10
9944,新麗,新麗,上市,其他,,,,9944.TW,股票,wide_explicit_header,wide_table,81,11
9945,潤泰新#,潤泰新,上市,其他,,,,9945.TW,股票,wide_inherited_header,wide_table,1,12
9946,三發地產,三發地產,上市,建材營造,,,,9946.TW,股票,wide_explicit_header,wide_table,79,9
9949,琉園,琉園,上櫃,文化創意業,TW0009949008,2003/11/21,ESVUFR,9949.TWO,股票,structured_isin+wide_explicit_header,structured_isin+wide_table,"7,964",20
9950,萬國通,萬國通,上櫃,塑膠工業,TW0009950006,2004/02/17,ESVUFR,9950.TWO,股票,structured_isin+wide_explicit_header,structured_isin+wide_table,"39,965",12
9951,皇田,皇田,上櫃,電機機械,TW0009951004,2003/12/18,ESVUFR,9951.TWO,股票,structured_isin+wide_inherited_header,structured_isin+wide_table,"1,966",13
9955,佳龍,佳龍,上市,其他,,,,9955.TW,股票,wide_inherited_header,wide_table,2,12
9958,世紀鋼,世紀鋼,上市,鋼鐵,,,,9958.TW,股票,wide_inherited_header,wide_table,19,4
9960,邁達康,邁達康,上櫃,運動休閒,TW0009960005,2004/12/06,ESVUFR,9960.TWO,股票,structured_isin+wide_explicit_header,structured_isin+wide_table,"58,967",19
9962,有益,有益,上櫃,鋼鐵工業,TW0009962001,2006/07/10,ESVUFR,9962.TWO,股票,structured_isin+wide_inherited_header,structured_isin+wide_table,"9,968",14
910322,康師傅-DR,康師傅-DR,上市,存託憑證,,,,910322.TW,DR,wide_explicit_header,wide_table,18,11
910482,聖馬丁-DR,聖馬丁-DR,上市,存託憑證,,,,910482.TW,DR,wide_explicit_header,wide_table,19,11
910708,恒大健-DR,恒大健-DR,上市,存託憑證,,,,910708.TW,DR,wide_explicit_header,wide_table,22,11
910801,金衛-DR,金衛-DR,上市,存託憑證,,,,910801.TW,DR,wide_explicit_header,wide_table,23,11
910861,神州-DR,神州-DR,上市,存託憑證,,,,910861.TW,DR,wide_explicit_header,wide_table,24,11
911608,明輝-DR,明輝-DR,上市,存託憑證,,,,911608.TW,DR,wide_explicit_header,wide_table,26,11
911611,中泰山-DR,中泰山-DR,上市,存託憑證,,,,911611.TW,DR,wide_explicit_header,wide_table,27,11
911613,特藝-DR,特藝-DR,上櫃,存託憑證,,,,911613.TWO,DR,wide_explicit_header,wide_table,11,20
911616,杜康-DR,杜康-DR,上市,存託憑證,,,,911616.TW,DR,wide_explicit_header,wide_table,28,11
911619,耀傑-DR,耀傑-DR,上市,存託憑證,,,,911619.TW,DR,wide_explicit_header,wide_table,29,11
911622,泰聚亨-DR,泰聚亨-DR,上市,存託憑證,,,,911622.TW,DR,wide_explicit_header,wide_table,30,11
911626,MSH-DR,MSH-DR,上市,存託憑證,,,,911626.TW,DR,wide_explicit_header,wide_table,31,11
911868,同方友友-DR,同方友友-DR,上市,存託憑證,,,,911868.TW,DR,wide_explicit_header,wide_table,32,11
912000,晨訊科-DR,晨訊科-DR,上市,存託憑證,,,,912000.TW,DR,wide_explicit_header,wide_table,33,11
912398,友佳-DR,友佳-DR,上市,存託憑證,,,,912398.TW,DR,wide_explicit_header,wide_table,34,11
