JID,JTYPE,VERDICT
"IPCV,108,民專上,29,20200312,3",CIVIL,Lose
"TPHV,94,智上,13,20050726,1",CIVIL,Lose
"IPCV,101,民專訴,151,20130809,2",CIVIL,Lose
"IPCV,105,民商訴,13,20161021,1",CIVIL,Lose
"IPCV,99,民商訴,36,20110610,1",CIVIL,Lose
"IPCV,99,民專訴,182,20110128,2",CIVIL,Lose
"IPCV,101,民專訴,37,20130104,1",CIVIL,Lose
"IPCV,101,民專上,46,20140220,3",CIVIL,Lose
"IPCV,109,民專上,6,20210826,3",CIVIL,Mixed
"IPCV,101,民商上,7,20131121,1",CIVIL,Lose
"IPCV,98,民商上,5,20100325,3",CIVIL,Mixed
"IPCV,102,民著訴,41,20131120,1",CIVIL,Lose
"IPCV,102,民專訴,51,20140327,3",CIVIL,Lose
"IPCV,100,民專訴,115,20120502,2",CIVIL,Lose
"IPCV,109,民專訴,21,20200817,2",CIVIL,Mixed
"IPCV,108,民商訴,55,20200724,1",CIVIL,Win
"IPCV,109,民專上,49,20210729,2",CIVIL,Lose
"IPCV,108,民著上,11,20200305,1",CIVIL,Lose
"IPCV,102,民專訴,10,20130903,2",CIVIL,Lose
"IPCV,106,民專上,8,20171019,2",CIVIL,Lose
"SLDV,97,智,3,20101214,2",CIVIL,Mixed
"IPCV,111,民著訴,16,20220706,1",CIVIL,Lose
"TPDV,95,智,92,20061027,1",CIVIL,Mixed
"IPCV,98,民專訴,36,20091123,2",CIVIL,Lose
"IPCV,98,民著上,17,20110707,2",CIVIL,Lose
"IPCV,103,民著訴,57,20141219,1",CIVIL,Lose
"IPCV,101,民專上,1,20121018,2",CIVIL,Lose
"IPCV,99,民專上易,35,20111110,2",CIVIL,Lose
"IPCV,101,民商訴,53,20130617,1",CIVIL,Win
"IPCV,97,民著訴,10,20081031,1",CIVIL,Win
"IPCV,107,民營訴,7,20230207,5",CIVIL,Mixed
"IPCV,102,民專上,13,20131018,3",CIVIL,Lose
"TPHV,89,上易,222,20000802",CIVIL,Lose
"IPCV,97,民專訴,29,20090202,2",CIVIL,Lose
"IPCV,97,民商上易,1,20090122,1",CIVIL,Win
"IPCV,111,民專上,17,20221027,2",CIVIL,Lose
"IPCV,107,民專上更(一),4,20200514,2",CIVIL,Mixed
"PCDV,94,智,18,20071126,3",CIVIL,Lose
"IPCV,108,民專訴,47,20191030,3",CIVIL,Lose
"IPCV,97,民專訴,25,20081225,1",CIVIL,Lose
"IPCV,112,民專訴,18,20240731,3",CIVIL,Lose
"IPCV,98,民專訴,59,20091215,2",CIVIL,Lose
"IPCV,102,民專上,47,20140320,5",CIVIL,Lose
"IPCV,108,民專上,33,20200227,3",CIVIL,Lose
"IPCV,98,民著訴,44,20100111,1",CIVIL,Mixed
"IPCV,109,民專上,21,20210527,2",CIVIL,Lose
"IPCV,104,民專訴,68,20161216,2",CIVIL,Lose
"IPCV,107,民專訴,45,20181106,2",CIVIL,Lose
"IPCV,112,民著上,11,20240104,1",CIVIL,Lose
"TPDV,94,智,76,20060529,1",CIVIL,Lose
"IPCV,101,民著訴,27,20130206,1",CIVIL,Lose
"IPCV,104,民著訴,47,20160325,1",CIVIL,Mixed
"IPCV,109,民專訴,60,20210824,2",CIVIL,Mixed
"IPCV,108,民專訴,79,20200323,2",CIVIL,Lose
"TPDV,93,智,7,20070404,5",CIVIL,Lose
"IPCV,103,民著訴,23,20150311,2",CIVIL,Mixed
"TPDV,97,智,12,20090512,1",CIVIL,Lose
"IPCV,100,民專訴,64,20120113,2",CIVIL,Mixed
"IPCV,106,民著上,13,20180830,1",CIVIL,Mixed
"TPDV,95,智,11,20080522,2",CIVIL,Lose
"IPCV,110,民著訴,51,20210824,1",CIVIL,Lose
"IPCV,104,民專上再,2,20150525,1",CIVIL,Lose
"IPCV,108,民營訴,5,20230419,3",CIVIL,Mixed
"TCDV,96,智,7,20071220,1",CIVIL,Mixed
"IPCV,104,民專上更(一),9,20170316,3",CIVIL,Lose
"IPCV,111,民商訴,43,20230203,1",CIVIL,Mixed
"IPCV,98,民專訴,31,20091005,2",CIVIL,Mixed
"IPCV,109,民專訴,19,20210112,2",CIVIL,Lose
"IPCV,99,民專訴,4,20101004,2",CIVIL,Lose
"TCHV,94,智上易,4,20080924,3",CIVIL,Lose
"IPCV,105,民商上,7,20170511,1",CIVIL,Mixed
"IPCV,100,民商訴,32,20120418,1",CIVIL,Mixed
"IPCV,111,民商上更一,6,20231109,2",CIVIL,Mixed
"IPCV,104,民專上易,3,20150903,2",CIVIL,Lose
"IPCV,98,民專訴,75,20091014,2",CIVIL,Lose
"IPCV,101,民專訴,114,20140212,4",CIVIL,Lose
"IPCV,105,民專訴,44,20170728,2",CIVIL,Mixed
"IPCV,109,民營上易,1,20200806,1",CIVIL,Mixed
"IPCV,107,民專上,35,20191003,3",CIVIL,Lose
"CHDV,94,智,11,20070711,1",CIVIL,Lose
"IPCV,108,民專訴,43,20200331,3",CIVIL,Lose
"IPCV,109,民專上,32,20210617,2",CIVIL,Lose
"IPCV,112,民商訴,10,20230822,1",CIVIL,Lose
"IPCV,101,民專上,12,20121129,2",CIVIL,Win
"IPCV,99,民專上,30,20110217,1",CIVIL,Lose
"IPCV,99,民專上更(一),7,20101007,2",CIVIL,Lose
"TPHV,93,智上,11,20041013,1",CIVIL,Lose
"IPCV,110,民著訴,92,20211228,1",CIVIL,Lose
"IPCV,110,民著訴,43,20210521,1",CIVIL,Lose
"IPCV,97,民專訴,31,20090318,2",CIVIL,Lose
"IPCV,109,民專上,1,20201231,2",CIVIL,Lose
"IPCV,110,民著訴,57,20230224,1",CIVIL,Lose
"CYDV,101,智,3,20120731,1",CIVIL,Mixed
"CHDV,93,智,17,20050331,1",CIVIL,Lose
"TPDV,112,智,14,20230817,1",CIVIL,Win
"IPCV,105,民著訴,3,20160725,1",CIVIL,Mixed
"IPCV,108,民商上易,3,20200227,1",CIVIL,Lose
"IPCV,110,民著訴,52,20210720,1",CIVIL,Mixed
"IPCV,107,民著訴,22,20181121,1",CIVIL,Lose
"IPCV,107,民專訴,74,20181218,2",CIVIL,Lose
"IPCV,102,民著訴,17,20141110,1",CIVIL,Lose
"TNDV,97,智,22,20090116,1",CIVIL,Lose
"TCDV,95,智,21,20090526,2",CIVIL,Mixed
"SLDV,93,智,17,20061215,1",CIVIL,Lose
"IPCV,100,民商上,13,20120117,1",CIVIL,Lose
"IPCV,106,民商訴,35,20180312,1",CIVIL,Mixed
"IPCV,103,民著訴,45,20151130,1",CIVIL,Lose
"IPCV,103,民著訴,7,20140610,1",CIVIL,Mixed
"SLDV,95,智,28,20110901,2",CIVIL,Lose
"TTDV,107,智,1,20180928,2",CIVIL,Mixed
"TPDV,100,智,33,20120327,1",CIVIL,Lose
"TCHV,95,智上更(一),3,20081031,1",CIVIL,Lose
"TPDV,94,智,19,20060818,1",CIVIL,Lose
"IPCV,109,民著訴,110,20210831,1",CIVIL,Mixed
"IPCV,110,民著上更(一),3,20220428,1",CIVIL,Lose
"IPCV,102,民專訴,45,20131023,2",CIVIL,Lose
"IPCV,111,民著訴,66,20230307,1",CIVIL,Lose
"IPCV,112,民著訴,14,20230612,1",CIVIL,Mixed
"TCDV,94,智,30,20060801,1",CIVIL,Lose
"IPCV,108,民專訴,29,20190930,2",CIVIL,Lose
"IPCV,100,民專上,2,20120531,3",CIVIL,Lose
"TCDV,93,智,44,20061016,3",CIVIL,Mixed
"IPCV,104,民專上,7,20151210,3",CIVIL,Lose
"IPCV,98,民專訴,38,20090629,2",CIVIL,Lose
"IPCV,97,民著訴,6,20081216,1",CIVIL,Lose
"IPCV,100,民著上,9,20120405,1",CIVIL,Mixed
"IPCV,105,民著上,10,20170622,1",CIVIL,Lose
"IPCV,104,民專訴,39,20150907,2",CIVIL,Lose
"IPCV,106,民專訴,76,20180423,2",CIVIL,Lose
"IPCV,102,民著上,27,20141120,1",CIVIL,Lose
"IPCV,103,民營訴,6,20150518,2",CIVIL,Mixed
"IPCV,99,民專訴,29,20101230,3",CIVIL,Mixed
"IPCV,106,民著訴,6,20170426,2",CIVIL,Lose
"SLDV,97,智,5,20081216,1",CIVIL,Win
"IPCV,100,民專訴,9,20111004,2",CIVIL,Lose
"IPCV,100,民專訴,49,20120320,2",CIVIL,Lose
"IPCV,101,民專訴,153,20130926,2",CIVIL,Mixed
"SLDV,96,智,19,20071130,2",CIVIL,Mixed
"IPCV,110,民專上,2,20211223,1",CIVIL,Lose
"IPCV,99,民專上易,32,20111124,2",CIVIL,Lose
"TPDV,96,智,17,20071031,1",CIVIL,Lose
"IPCV,99,民商訴,22,20101108,1",CIVIL,Mixed
"IPCV,109,民著訴,20,20200811,1",CIVIL,Lose
"TCHV,96,智上,5,20071205,1",CIVIL,Lose
"IPCV,102,民專訴,33,20150216,3",CIVIL,Lose
"IPCV,98,民專上,1,20100225,2",CIVIL,Lose
"IPCV,111,民專上易,1,20230202,2",CIVIL,Lose
"PCDV,94,智更,2,20070629,1",CIVIL,Win
"IPCV,99,民專訴,59,20120614,2",CIVIL,Mixed
"PCDV,91,訴,864,20030605,2",CIVIL,Win
"IPCV,99,民專上易,7,20101104,2",CIVIL,Lose
"IPCV,98,民專上,5,20090514,2",CIVIL,Mixed
"IPCV,99,民專上易,15,20101028,2",CIVIL,Lose
"KSDV,95,智,6,20080716,1",CIVIL,Mixed
"IPCV,105,民專訴,20,20160729,2",CIVIL,Lose
"TCDV,106,智,5,20190725,1",CIVIL,Mixed
"TCDV,95,智,52,20080930,1",CIVIL,Lose
"TCDV,106,智,7,20180621,1",CIVIL,Mixed
"IPCV,99,民商上易,2,20110328,2",CIVIL,Mixed
"IPCV,101,民專訴,148,20130710,2",CIVIL,Mixed
"IPCV,105,民專上易,2,20160922,2",CIVIL,Lose
"TPSV,104,台上,671,20150417",CIVIL,Lose
"IPCV,99,民專上,25,20101216,3",CIVIL,Lose
"IPCV,103,民商訴,28,20150116,1",CIVIL,Mixed
"KSHV,96,智上,2,20070531,1",CIVIL,Mixed
"KSDV,92,智,34,20050125,1",CIVIL,Lose
"IPCV,103,民專訴,27,20150527,3",CIVIL,Lose
"IPCV,108,民著訴,146,20210729,1",CIVIL,Mixed
"IPCV,110,民專訴,34,20220225,2",CIVIL,Lose
"IPCV,110,民著上易,17,20220915,1",CIVIL,Lose
"IPCV,107,民著上,13,20190509,1",CIVIL,Mixed
"IPCV,111,民著訴,40,20230224,1",CIVIL,Win
"IPCV,98,民專訴,95,20101102,3",CIVIL,Lose
"TPDV,110,智,16,20230109,3",CIVIL,Mixed
"IPCV,106,民商上易,3,20180712,1",CIVIL,Win
"IPCV,106,民著上,3,20180412,1",CIVIL,Lose
"IPCV,101,民專訴,107,20130207,2",CIVIL,Lose
"IPCV,100,民專上易,32,20120531,2",CIVIL,Lose
"IPCV,109,民著上易,1,20200924,1",CIVIL,Lose
"IPCV,105,民專訴,14,20170217,4",CIVIL,Lose
"IPCV,109,民著上易,2,20200827,1",CIVIL,Lose
"IPCV,98,民專上更(一),1,20091022,2",CIVIL,Lose
"TNDV,97,智,4,20130902,2",CIVIL,Mixed
"IPCV,111,民專上更一,11,20231102,4",CIVIL,Lose
"IPCV,98,民專訴,118,20100323,2",CIVIL,Lose
"IPCV,108,民商上,5,20200116,1",CIVIL,Mixed
"IPCV,98,民他訴,1,20091109,1",CIVIL,Lose
"TNHV,94,智上,2,20060221,1",CIVIL,Lose
"IPCV,98,民專訴,113,20100719,4",CIVIL,Lose
"TPHV,96,智上,33,20090721,3",CIVIL,Lose
"IPCV,110,民著訴,25,20210521,2",CIVIL,Lose
"IPCV,98,民專上,26,20101118,5",CIVIL,Lose
"TPSV,109,台上,1758,20210603,1",CIVIL,Lose
"IPCV,108,民專訴,7,20190628,2",CIVIL,Lose
"TPDV,95,智,28,20061130,1",CIVIL,Lose
"IPCV,98,民專上,61,20100527,2",CIVIL,Lose
"TPHV,96,智上,12,20070710,1",CIVIL,Lose
"IPCV,111,民專訴,31,20220928,2",CIVIL,Lose
"TNHV,93,智上易,5,20051220,1",CIVIL,Lose
"IPCV,107,民商訴,35,20181210,1",CIVIL,Mixed
"IPCV,100,民著訴,37,20120427,1",CIVIL,Lose
"IPCV,111,民著上,8,20230331,1",CIVIL,Mixed
"TCHV,95,智上易,2,20070814,1",CIVIL,Lose
"IPCV,106,民商訴,23,20170930,1",CIVIL,Mixed
"IPCV,107,民專訴,113,20190509,2",CIVIL,Lose
"IPCV,112,民商訴,14,20240227,1",CIVIL,Lose
"IPCV,108,民商訴,53,20201231,1",CIVIL,Lose
"TCHV,94,智上,12,20051028,2",CIVIL,Lose
"TPHV,96,智上,24,20071113,1",CIVIL,Lose
"IPCV,98,民專上易,6,20090625,1",CIVIL,Lose
"IPCV,106,民著訴,76,20181008,1",CIVIL,Lose
"IPCV,101,民專上,17,20121004,2",CIVIL,Lose
"SLDV,95,智更一,1,20090325,1",CIVIL,Lose
"IPCV,104,民商上,11,20160310,1",CIVIL,Lose
"IPCV,101,民專訴,12,20120921,2",CIVIL,Lose
"IPCV,108,民商上,14,20200416,1",CIVIL,Lose
"IPCV,107,民專上,13,20200514,5",CIVIL,Lose
"IPCV,102,民專訴,76,20140310,2",CIVIL,Lose
"TPHV,94,智上,58,20071211,2",CIVIL,Mixed
"IPCV,104,民專訴,70,20160613,2",CIVIL,Lose
"IPCV,100,民著訴,48,20120430,1",CIVIL,Mixed
"TPDV,97,智,30,20100305,2",CIVIL,Mixed
"IPCV,99,民專訴,35,20110808,2",CIVIL,Mixed
"IPCV,108,民著訴,50,20190628,1",CIVIL,Mixed
"PTDV,100,智,1,20120621,1",CIVIL,Win
"IPCV,98,民著上再易,2,20091026,1",CIVIL,Lose
"IPCV,100,民商訴,41,20120627,1",CIVIL,Lose
"IPCV,100,民他訴,2,20110120,1",CIVIL,Lose
"IPCV,100,民專訴,88,20121012,2",CIVIL,Lose
"IPCV,104,民專上,34,20160526,3",CIVIL,Mixed
"NTDV,94,智,4,20060720,2",CIVIL,Lose
"IPCV,100,民專上,26,20120322,2",CIVIL,Lose
"IPCV,109,民著上,2,20201022,1",CIVIL,Lose
"IPCV,104,民著上更(一),3,20160428,1",CIVIL,Lose
"IPCV,111,民著上易,9,20220929,1",CIVIL,Lose
"KSDV,96,智,15,20080509,1",CIVIL,Mixed
"IPCV,108,民專上,37,20200326,3",CIVIL,Lose
"IPCV,112,民著訴,29,20240515,1",CIVIL,Mixed
"NTDV,95,智,1,20080620,2",CIVIL,Lose
"IPCV,103,民商上,14,20150226,1",CIVIL,Lose
"IPCV,99,民專上,38,20110113,2",CIVIL,Lose
"IPCV,112,民專訴,47,20240930,2",CIVIL,Lose
"IPCV,111,民著訴,59,20221122,1",CIVIL,Lose
"IPCV,112,民著訴,40,20240930,1",CIVIL,Lose
"IPCV,100,民專訴,69,20120511,3",CIVIL,Lose
"TCHV,96,智上,12,20081007,1",CIVIL,Lose
"IPCV,106,民專上,33,20180726,2",CIVIL,Lose
"IPCV,98,民專訴,132,20100803,2",CIVIL,Lose
"IPCV,106,民著上,15,20180607,1",CIVIL,Win
"IPCV,99,民專上,37,20110310,2",CIVIL,Lose
"TPDV,97,智,11,20081120,2",CIVIL,Lose
"TPHV,95,上,567,20070424,2",CIVIL,Lose
"IPCV,100,民專訴,125,20130830,5",CIVIL,Lose
"IPCV,105,民著訴,5,20160607,1",CIVIL,Mixed
"IPCV,97,民商上,4,20080402,1",CIVIL,Lose
"CHDV,92,智,3,20051230,2",CIVIL,Mixed
"IPCV,107,民商上,14,20190523,1",CIVIL,Mixed
"IPCV,108,民專訴,37,20200811,3",CIVIL,Mixed
"IPCV,108,民專上,41,20200618,3",CIVIL,Lose
"CYEV,92,嘉智簡,7,20031009,1",CIVIL,Mixed
"IPCV,102,民商上,3,20130926,1",CIVIL,Mixed
"TNDV,92,智,25,20070731,1",CIVIL,Lose
"IPCV,109,民著訴,74,20210305,1",CIVIL,Lose
"IPCV,108,民著上,7,20191031,1",CIVIL,Lose
"TCDV,92,智,19,20040805,1",CIVIL,Lose
"TPDV,97,智,67,20100129,6",CIVIL,Lose
"IPCV,101,民專訴,72,20130726,2",CIVIL,Lose
"IPCV,109,民著訴,61,20201214,2",CIVIL,Lose
"SCDV,98,竹智簡,1,20091005,1",CIVIL,Win
"SLDV,93,智,13,20091209,2",CIVIL,Lose
"IPCV,108,民著訴,95,20200624,2",CIVIL,Mixed
"IPCV,99,民商上,2,20101028,1",CIVIL,Lose
"IPCV,100,民著訴,11,20131030,1",CIVIL,Lose
"IPCV,109,民著上更(一),5,20210729,1",CIVIL,Lose
"IPCV,111,民著上,1,20221208,1",CIVIL,Lose
"IPCV,104,民商上易,4,20160526,1",CIVIL,Lose
"IPCV,109,民專訴,34,20201027,2",CIVIL,Lose
"IPCV,110,民商上,1,20210722,1",CIVIL,Lose
"TPDV,93,智,41,20060927,1",CIVIL,Lose
"IPCV,103,民商訴,21,20141031,1",CIVIL,Win
"IPCV,108,民營訴,8,20240528,4",CIVIL,Lose
"TPHV,94,智上易,1,20050720,1",CIVIL,Lose
"IPCV,109,民商上,6,20200702,1",CIVIL,Lose
"PCDV,96,智,45,20091119,3",CIVIL,Mixed
"IPCV,105,民著訴,4,20160627,1",CIVIL,Win
"IPCV,111,民著訴,85,20231017,1",CIVIL,Lose
"IPCV,99,民商上更(三),3,20101216,1",CIVIL,Lose
"TPSV,104,台上,278,20150225",CIVIL,Lose
"IPCV,105,民商上易,1,20170119,1",CIVIL,Lose
"IPCV,104,民專上,12,20151224,2",CIVIL,Lose
"IPCV,109,民專訴,10,20200526,2",CIVIL,Lose
"IPCV,101,民專訴,115,20130830,2",CIVIL,Lose
"IPCV,109,民專訴,50,20211102,2",CIVIL,Lose
"TNDV,93,智,22,20050317,3",CIVIL,Lose
"IPCV,97,民商訴,7,20090210,1",CIVIL,Win
"IPCV,108,民專上,46,20200813,2",CIVIL,Lose
"IPCV,107,民商訴,10,20180821,2",CIVIL,Lose
"IPCV,100,民專上,25,20111222,2",CIVIL,Lose
"IPCV,101,民著上,15,20131031,2",CIVIL,Lose
"IPCV,97,民專上,7,20090312,2",CIVIL,Lose
"KSHV,89,訴易,33,20001102",CIVIL,Mixed
"IPCV,100,民商訴,37,20120307,1",CIVIL,Mixed
"IPCV,103,民著訴,41,20150518,1",CIVIL,Mixed
"SLDV,92,智,14,20060811,3",CIVIL,Lose
"IPCV,99,民專上易,30,20110414,2",CIVIL,Lose
"IPCV,111,民專上,21,20230119,2",CIVIL,Lose
"IPCV,106,民著訴,4,20170428,1",CIVIL,Win
"IPCV,101,民專上,58,20140220,2",CIVIL,Lose
"IPCV,101,民著訴,36,20130816,1",CIVIL,Lose
"IPCV,109,民專訴,68,20201120,2",CIVIL,Lose
"IPCV,110,民著訴,122,20241231,2",CIVIL,Mixed
"TCDV,95,智,30,20080926,1",CIVIL,Lose
"IPCV,109,民專訴,4,20200928,2",CIVIL,Lose
"TCDV,92,智,69,20040416,1",CIVIL,Mixed
"TPDV,100,智,37,20121123,1",CIVIL,Mixed
"TPSV,99,台上,1632,20100902",CIVIL,Lose
"TPDV,108,智,45,20200417,1",CIVIL,Lose
"TPSV,110,台上,581,20210303,1",CIVIL,Lose
"SLDV,92,智,9,20041117,1",CIVIL,Lose
"IPCV,113,民商上,5,20241004,1",CIVIL,Lose
"IPCV,99,民專上,32,20120117,5",CIVIL,Lose
"IPCV,102,民著訴,49,20150225,2",CIVIL,Win
"IPCV,111,民營訴,1,20231124,2",CIVIL,Lose
"IPCV,100,民專上,3,20111208,3",CIVIL,Lose
"TCHV,95,智上易,14,20061205,1",CIVIL,Lose
"TPDV,93,智,29,20040611,1",CIVIL,Win
"TPDV,96,智,49,20080320,1",CIVIL,Lose
"TPDV,95,智,93,20061031,1",CIVIL,Win
"IPCV,102,民專訴,67,20131129,2",CIVIL,Lose
"IPCV,99,民專訴,115,20101130,2",CIVIL,Lose
"IPCV,111,民專上,33,20231109,1",CIVIL,Win
"IPCV,110,民著上,11,20211118,1",CIVIL,Lose
"IPCV,100,民專訴,55,20120329,2",CIVIL,Lose
"PCDV,101,智,5,20130131,2",CIVIL,Mixed
"IPCV,108,民著訴,64,20200131,1",CIVIL,Lose
"IPCV,101,民專訴,127,20130822,2",CIVIL,Lose
"TCDV,102,智,4,20140429,2",CIVIL,Lose
"IPCV,108,民著上,1,20200730,1",CIVIL,Lose
"IPCV,106,民專上,46,20190613,2",CIVIL,Lose
"ULDV,96,智,3,20080303,1",CIVIL,Lose
"IPCV,100,民專訴,74,20120906,3",CIVIL,Mixed
"IPCV,109,民商訴,7,20200525,1",CIVIL,Win
"IPCV,105,民營訴,4,20160929,1",CIVIL,Lose
"IPCV,106,民專上,28,20190523,3",CIVIL,Lose
"IPCV,102,民專上,62,20140613,3",CIVIL,Lose
"IPCV,100,民著上,4,20120510,1",CIVIL,Mixed
"PCDV,94,智,24,20081216,1",CIVIL,Lose
"IPCV,104,民著上,1,20150813,1",CIVIL,Mixed
"IPCV,112,民著訴,54,20240102,1",CIVIL,Mixed
"IPCV,100,民專訴,113,20120824,2",CIVIL,Lose
"TPSV,101,台上,232,20120223",CIVIL,Lose
"TCHV,97,智上易,4,20080916,1",CIVIL,Mixed
"IPCV,99,民專訴,208,20110831,3",CIVIL,Lose
"IPCV,111,民專上,13,20240430,3",CIVIL,Mixed
"IPCV,99,民專訴,155,20110125,2",CIVIL,Lose
"IPCV,106,民專訴,63,20180212,2",CIVIL,Lose
"IPCV,100,民著上易,8,20120117,1",CIVIL,Lose
"TPHV,95,智上,40,20070501,1",CIVIL,Win
"IPCV,105,民專上,31,20170330,2",CIVIL,Lose
"TCDV,97,智,17,20090313,1",CIVIL,Lose
"IPCV,98,民專訴,60,20091012,1",CIVIL,Lose
"IPCV,108,民專上,44,20211028,2",CIVIL,Lose
"IPCV,101,民專訴,19,20120711,2",CIVIL,Lose
"KSHV,94,智上易,2,20061229,1",CIVIL,Win
"IPCV,108,民專上,36,20220224,3",CIVIL,Lose
"TPDV,94,智,89,20060915,1",CIVIL,Mixed
"TPDV,92,智,49,20090609,4",CIVIL,Lose
"IPCV,99,民專上,61,20111031,3",CIVIL,Lose
"IPCV,98,民著訴,23,20091006,1",CIVIL,Lose
"TPHV,93,智上易,19,20050510,2",CIVIL,Lose
"IPCV,112,民商訴,44,20240411,1",CIVIL,Mixed
"IPCV,105,民專訴,9,20180525,3",CIVIL,Lose
"IPCV,97,民商訴,6,20081211,1",CIVIL,Win
"KSDV,98,智,8,20100506,1",CIVIL,Lose
"IPCV,104,民專訴,30,20160428,2",CIVIL,Mixed
"IPCV,110,民著訴,11,20210430,1",CIVIL,Lose
"IPCV,101,民專訴,35,20121127,2",CIVIL,Lose
"SLDV,94,智,9,20061013,1",CIVIL,Lose
"IPCV,104,民專訴,3,20151030,2",CIVIL,Lose
"IPCV,108,民專上,3,20191031,2",CIVIL,Lose
"TPSV,107,台上,754,20181227,1",CIVIL,Lose
"IPCV,98,民商上,7,20090903,1",CIVIL,Mixed
"TPDV,106,原智,1,20190425,3",CIVIL,Mixed
"IPCV,101,民專上,28,20130815,3",CIVIL,Lose
"IPCV,107,民專上更(二),2,20210128,6",CIVIL,Lose
"TPSV,101,台上,2099,20121226",CIVIL,Lose
"TPDV,92,智,28,20030926,1",CIVIL,Lose
"IPCV,99,民專訴,229,20110824,2",CIVIL,Lose
"SLDV,92,智,6,20051109,4",CIVIL,Mixed
"IPCV,102,民專訴,94,20140829,2",CIVIL,Mixed
"IPCV,109,民專訴,113,20210329,1",CIVIL,Lose
"IPCV,110,民專訴,36,20230831,3",CIVIL,Mixed
"IPCV,111,民專上,30,20230804,3",CIVIL,Win
"IPCV,110,民商訴,46,20220225,1",CIVIL,Mixed
"IPCV,98,民專更(一),2,20100621,3",CIVIL,Mixed
"IPCV,99,民著訴,45,20110112,1",CIVIL,Win
"PTDV,101,智,1,20130201,1",CIVIL,Lose
"IPCV,103,民商訴,20,20150130,1",CIVIL,Mixed
"IPCV,100,民專訴,62,20130207,2",CIVIL,Mixed
"IPCV,108,民專訴,20,20200114,2",CIVIL,Lose
"IPCV,106,民專訴,70,20180817,2",CIVIL,Lose
"IPCV,113,民著訴,9,20240813,1",CIVIL,Lose
"IPCV,106,民營上,1,20171005,1",CIVIL,Mixed
"IPCV,103,民著上,7,20150326,1",CIVIL,Mixed
"TCHV,93,智上更(一),1,20060406,2",CIVIL,Mixed
"IPCV,102,民專訴,14,20131031,2",CIVIL,Lose
"IPCV,99,民著上更(一),4,20111027,1",CIVIL,Mixed
"TYDV,95,訴,107,20060517,2",CIVIL,Mixed
"TCHV,95,智上易,11,20061003,1",CIVIL,Lose
"IPCV,105,民商訴,5,20160624,1",CIVIL,Lose
"IPCV,107,民營訴,2,20180501,2",CIVIL,Lose
"TPDV,92,智,69,20070629,4",CIVIL,Lose
"IPCV,109,民專上易,4,20201126,2",CIVIL,Lose
"IPCV,100,民專上,5,20130731,2",CIVIL,Lose
"IPCV,100,民著訴,10,20110517,1",CIVIL,Lose
"IPCV,109,民著上,15,20211118,1",CIVIL,Lose
"IPCV,106,民專訴,17,20180131,2",CIVIL,Lose
"IPCV,110,民專訴,25,20221130,2",CIVIL,Lose
"IPCV,101,民商上易,1,20120816,1",CIVIL,Mixed
"IPCV,101,民商上,11,20121227,1",CIVIL,Mixed
"IPCV,108,民專上,4,20191017,2",CIVIL,Lose
"IPCV,110,民著上,1,20230525,2",CIVIL,Win
"IPCV,110,民商訴,5,20211125,1",CIVIL,Lose
"TPEV,93,北智簡,7,20041209,1",CIVIL,Win
"IPCV,105,民著訴,33,20170705,1",CIVIL,Win
"IPCV,103,民商訴,63,20150727,1",CIVIL,Mixed
"IPCV,99,民專訴,10,20101018,2",CIVIL,Lose
"SLDV,92,智,12,20131220,5",CIVIL,Lose
"IPCV,104,民專上,28,20160630,2",CIVIL,Lose
"IPCV,108,民專上,23,20210318,3",CIVIL,Mixed
"TNHV,92,智上易,3,20040330,1",CIVIL,Lose
"IPCV,104,民著訴,4,20150615,1",CIVIL,Lose
"TPDV,100,智,35,20120731,2",CIVIL,Lose
"IPCV,104,民著訴,11,20150922,1",CIVIL,Mixed
"TNHV,95,智上,7,20070130,1",CIVIL,Lose
"TNDV,96,智,13,20080131,2",CIVIL,Win
"TPDV,108,原智,1,20220422,2",CIVIL,Lose
"IPCV,104,民專訴,18,20160722,4",CIVIL,Mixed
"IPCV,101,民專上,7,20121227,2",CIVIL,Mixed
"IPCV,104,民著上,18,20170511,1",CIVIL,Lose
"IPCV,99,民商訴,34,20110331,2",CIVIL,Mixed
"IPCV,109,民專上,15,20210225,2",CIVIL,Lose
"IPCV,97,民專訴,19,20090519,4",CIVIL,Lose
"IPCV,98,民專上,63,20100812,2",CIVIL,Lose
"IPCV,102,民專訴,83,20131231,2",CIVIL,Lose
"IPCV,101,民著上,13,20130606,1",CIVIL,Lose
"TPHV,97,智上更(一),10,20101026,2",CIVIL,Lose
"IPCV,105,民商訴,36,20171220,2",CIVIL,Mixed
"IPCV,111,民專上,39,20231123,3",CIVIL,Lose
"TPDV,99,智,7,20110211,1",CIVIL,Mixed
"IPCV,109,民商訴,55,20220401,1",CIVIL,Lose
"IPCV,97,民專訴,16,20090106,2",CIVIL,Lose
"TCDV,112,智,3,20230524,1",CIVIL,Win
"IPCV,102,民著訴,24,20140211,1",CIVIL,Lose
"IPCV,103,民商訴,58,20170220,1",CIVIL,Lose
"IPCV,100,民著訴,59,20130227,1",CIVIL,Lose
"IPCV,110,民著訴,28,20210507,1",CIVIL,Lose
"IPCV,101,民著上,14,20130620,1",CIVIL,Mixed
"PCDV,93,訴更,11,20050721,1",CIVIL,Mixed
"IPCV,98,民專訴,52,20100125,2",CIVIL,Lose
"IPCV,102,民商訴,18,20130927,1",CIVIL,Mixed
"IPCV,108,民專上更(一),9,20201112,3",CIVIL,Lose
"SLDV,94,智,27,20100129,4",CIVIL,Mixed
"IPCV,107,民商訴,19,20180927,2",CIVIL,Win
"IPCV,101,民專上,10,20140328,5",CIVIL,Mixed
"IPCV,101,民專訴,79,20130131,2",CIVIL,Lose
"IPCV,100,民專訴,128,20120725,2",CIVIL,Lose
"IPCV,109,民著上,22,20210729,1",CIVIL,Lose
"IPCV,106,民專上,45,20180830,2",CIVIL,Lose
"IPCV,102,民專訴,64,20140423,2",CIVIL,Win
"IPCV,110,民營上,1,20220616,2",CIVIL,Lose
"TCDV,95,智,28,20061030,1",CIVIL,Lose
"FSEV,94,鳳簡,1312,20070822,2",CIVIL,Lose
"IPCV,112,民專訴,40,20240320,2",CIVIL,Mixed
"IPCV,107,民商訴,30,20181016,1",CIVIL,Mixed
"IPCV,106,民商訴,36,20180803,1",CIVIL,Mixed
"IPCV,110,民專上,9,20220224,2",CIVIL,Lose
"IPCV,99,民專上,45,20110328,2",CIVIL,Lose
"TCDV,95,智,25,20070111,3",CIVIL,Lose
"IPCV,102,民專上,57,20140410,2",CIVIL,Lose
"IPCV,108,民專上,18,20200227,3",CIVIL,Lose
"IPCV,99,民著訴,24,20100907,1",CIVIL,Lose
"TNDV,95,智,13,20060801,1",CIVIL,Lose
"IPCV,104,民商上,7,20160114,1",CIVIL,Lose
"IPCV,110,民商訴,28,20211130,1",CIVIL,Lose
"IPCV,113,民商訴,35,20241023,1",CIVIL,Lose
"IPCV,101,民商訴,22,20130124,1",CIVIL,Lose
"IPCV,108,民專上,15,20191205,2",CIVIL,Lose
"SCDV,96,智,4,20081128,1",CIVIL,Lose
"KSHV,93,智上,4,20051103,2",CIVIL,Lose
"IPCV,113,民專訴,2,20240913,2",CIVIL,Mixed
"PCDV,96,智,36,20071011,1",CIVIL,Mixed
"IPCV,105,民專上,35,20171102,2",CIVIL,Lose
"IPCV,100,民著訴,34,20130125,2",CIVIL,Lose
"IPCV,99,民商上,13,20110623,1",CIVIL,Mixed
"IPCV,98,民專訴,84,20100223,2",CIVIL,Lose
"SCDV,107,智,7,20201028,4",CIVIL,Lose
"TCHV,103,智上,2,20141216,1",CIVIL,Lose
"IPCV,105,民著上,5,20170504,3",CIVIL,Lose
"IPCV,103,民專訴,89,20160113,2",CIVIL,Mixed
"IPCV,107,民專訴,18,20180824,2",CIVIL,Lose
"IPCV,102,民專上,75,20141009,2",CIVIL,Lose
"IPCV,102,民著上,25,20140814,1",CIVIL,Lose
"IPCV,100,民著訴,52,20120718,1",CIVIL,Mixed
"TPDV,104,智,20,20160316,2",CIVIL,Mixed
"IPCV,103,民專上易,2,20150108,2",CIVIL,Lose
"IPCV,107,民專訴,66,20190812,3",CIVIL,Lose
"TCEV,95,中智簡,12,20071129,1",CIVIL,Lose
"IPCV,104,民著上易,8,20150924,1",CIVIL,Lose
"IPCV,112,民著訴,51,20231121,1",CIVIL,Lose
"IPCV,111,民著上,9,20230112,1",CIVIL,Lose
"IPCV,111,民著訴,62,20230117,1",CIVIL,Mixed
"IPCV,108,民著訴,96,20191125,1",CIVIL,Mixed
"KSDV,96,智,5,20080718,5",CIVIL,Mixed
"SCDV,95,智,1,20080805,2",CIVIL,Mixed
"IPCV,98,民商訴,39,20100518,1",CIVIL,Lose
"IPCV,110,民著訴,24,20210928,1",CIVIL,Mixed
"IPCV,101,民著上易,8,20130509,1",CIVIL,Lose
"IPCV,101,民商訴,29,20130226,1",CIVIL,Mixed
"TCDV,97,智,36,20100514,6",CIVIL,Lose
"IPCV,106,民著上易,2,20180419,1",CIVIL,Mixed
"IPCV,105,民著訴,46,20180316,1",CIVIL,Mixed
"PCDV,94,重智,4,20060109,2",CIVIL,Mixed
"IPCV,105,民商上,1,20161208,1",CIVIL,Win
"IPCV,107,民商訴,29,20200210,2",CIVIL,Lose
"IPCV,104,民著上易,4,20151022,1",CIVIL,Lose
"IPCV,97,民專上,1,20081211,2",CIVIL,Lose
"IPCV,111,民商訴,11,20220531,1",CIVIL,Lose
"IPCV,103,民專上易,7,20150709,2",CIVIL,Lose
"TPDV,97,智,19,20081127,1",CIVIL,Lose
"IPCV,98,民專上更(一),6,20091231,2",CIVIL,Lose
"IPCV,100,民專上,12,20130327,2",CIVIL,Lose
"IPCV,108,民著訴,90,20200323,1",CIVIL,Lose
"IPCV,101,民專訴,133,20131120,2",CIVIL,Lose
"IPCV,104,民專訴,25,20170629,3",CIVIL,Mixed
"PCDV,96,智,29,20080318,1",CIVIL,Mixed
"IPCV,111,民專上更一,7,20230309,1",CIVIL,Win
"IPCV,99,民著訴,68,20110209,1",CIVIL,Mixed
"IPCV,111,民專上更一,8,20231214,2",CIVIL,Lose
"IPCV,111,民商訴,28,20221123,1",CIVIL,Mixed
"TNDV,96,智,21,20090309,3",CIVIL,Lose
"SLDV,95,智,5,20061208,2",CIVIL,Lose
"IPCV,101,民專上更(二),4,20130829,2",CIVIL,Mixed
"TPDV,96,訴,1778,20070621,2",CIVIL,Lose
"IPCV,97,民著訴,16,20081226,1",CIVIL,Lose
"IPCV,102,民專訴,44,20140418,2",CIVIL,Lose
"IPCV,105,民著訴,34,20170615,1",CIVIL,Lose
"IPCV,100,民他上易,1,20111229,1",CIVIL,Lose
"IPCV,101,民專訴,57,20121019,2",CIVIL,Lose
"IPCV,101,民專上,29,20130110,2",CIVIL,Lose
"IPCV,106,民專上,2,20190418,2",CIVIL,Win
"KSDV,110,智,1,20240118,1",CIVIL,Lose
"IPCV,99,民著上,1,20120621,2",CIVIL,Mixed
"IPCV,97,民著上,7,20090521,1",CIVIL,Lose
"TPHV,94,智上,35,20051115,1",CIVIL,Lose
"IPCV,104,民著訴,2,20160531,1",CIVIL,Lose
"IPCV,109,民著上,5,20201231,1",CIVIL,Lose
"IPCV,103,民專上,17,20160304,3",CIVIL,Lose
"IPCV,107,民著上,14,20210916,5",CIVIL,Lose
"IPCV,104,民商訴,4,20151123,2",CIVIL,Mixed
"IPCV,100,民專上,51,20120412,1",CIVIL,Lose
"IPCV,104,民商上易,2,20160707,1",CIVIL,Lose
"IPCV,97,民專上易,2,20081126,2",CIVIL,Lose
"IPCV,98,民專訴,131,20100506,3",CIVIL,Lose
"IPCV,110,民商上,11,20211221,1",CIVIL,Lose
"IPCV,110,民商訴,56,20220819,1",CIVIL,Lose
"IPCV,104,民專上更(一),7,20160505,2",CIVIL,Lose
"IPCV,109,民專訴,39,20210422,2",CIVIL,Lose
"IPCV,108,民專上,45,20201015,2",CIVIL,Lose
"SCDV,93,重智,3,20101231,6",CIVIL,Lose
"IPCV,103,民著訴,40,20150730,3",CIVIL,Lose
"TPDV,96,智,21,20090515,2",CIVIL,Lose
"IPCV,107,民專上易,7,20190718,3",CIVIL,Lose
"KSHV,92,上易,180,20030910,1",CIVIL,Lose
"IPCV,99,民著訴,23,20100817,1",CIVIL,Mixed
"IPCV,105,民專上,42,20170928,2",CIVIL,Lose
"IPCV,99,民專上易,26,20110414,2",CIVIL,Lose
"IPCV,105,民專訴,79,20170315,2",CIVIL,Lose
"IPCV,97,民專上,14,20090423,2",CIVIL,Lose
"IPCV,100,民專訴,54,20120817,2",CIVIL,Lose
"TCDV,95,智,23,20060605,1",CIVIL,Mixed
"IPCV,102,民專訴,4,20131119,2",CIVIL,Lose
"TPDV,97,智更(一),1,20090710,1",CIVIL,Mixed
"IPCV,111,民專上,4,20220908,3",CIVIL,Lose
"IPCV,102,民商訴,37,20141231,3",CIVIL,Mixed
"TPHV,98,智上易,2,20100427,1",CIVIL,Lose
"IPCV,104,民專上易,4,20160107,2",CIVIL,Lose
"IPCV,101,民專訴,38,20130104,1",CIVIL,Lose
"IPCV,111,民商訴,20,20230704,1",CIVIL,Mixed
"IPCV,106,民專訴,27,20200527,3",CIVIL,Lose
"IPCV,98,民商訴,3,20090713,1",CIVIL,Mixed
"IPCV,107,民專訴,40,20190130,2",CIVIL,Lose
"IPCV,103,民專上更(一),1,20151224,4",CIVIL,Win
"IPCV,110,民著訴,56,20230110,2",CIVIL,Lose
"IPCV,103,民商訴,7,20141208,1",CIVIL,Lose
"IPCV,107,民營上,7,20191031,1",CIVIL,Mixed
"IPCV,103,民著上易,8,20150312,1",CIVIL,Lose
"TPDV,92,智,73,20041022,1",CIVIL,Mixed
"IPCV,101,民專上,3,20120822,3",CIVIL,Lose
"IPCV,100,民專上更(一),2,20111116,2",CIVIL,Lose
"IPCV,109,民營訴,5,20210531,1",CIVIL,Lose
"IPCV,103,民商訴,40,20150818,1",CIVIL,Mixed
"IPCV,103,民商訴,36,20150513,1",CIVIL,Lose
"IPCV,110,民商訴,22,20220211,1",CIVIL,Mixed
"IPCV,99,民專訴,116,20130419,4",CIVIL,Win
"IPCV,102,民專上,25,20131031,3",CIVIL,Lose
"IPCV,109,民商上,5,20210513,1",CIVIL,Lose
"IPCV,101,民商訴,50,20130509,1",CIVIL,Mixed
"TCHV,97,智上易,2,20080826,1",CIVIL,Lose
"IPCV,99,民專訴,207,20110331,3",CIVIL,Lose
"IPCV,98,民著上,2,20100318,2",CIVIL,Lose
"IPCV,109,民專上,5,20210415,2",CIVIL,Lose
"IPCV,98,民專上,65,20100930,2",CIVIL,Lose
"IPCV,108,民營訴,1,20200225,5",CIVIL,Mixed
"IPCV,107,民專訴,102,20190531,2",CIVIL,Lose
"TPHV,97,智上更(一),2,20090224,1",CIVIL,Mixed
"IPCV,101,民專上,30,20130606,2",CIVIL,Lose
"TPDV,93,智,17,20040430,2",CIVIL,Lose
"MLDV,94,智,2,20070517,8",CIVIL,Lose
"IPCV,107,民商訴,43,20200131,2",CIVIL,Lose
"IPCV,99,民專上,40,20110217,2",CIVIL,Lose
"IPCV,102,民專訴,60,20131224,2",CIVIL,Mixed
"IPCV,109,民專訴,97,20220531,4",CIVIL,Lose
"FYEV,92,豐智簡,3,20040505,2",CIVIL,Lose
"IPCV,102,民著上易,1,20130905,1",CIVIL,Lose
"IPCV,98,民著訴,10,20100930,4",CIVIL,Mixed
"IPCV,106,民著訴,26,20171130,1",CIVIL,Mixed
"IPCV,100,民專訴,24,20110909,2",CIVIL,Lose
"IPCV,105,民營訴,12,20231229,8",CIVIL,Lose
"TPHV,95,智上,23,20100406,1",CIVIL,Lose
"IPCV,108,民著訴,74,20200226,1",CIVIL,Mixed
"KSDV,97,智,3,20091214,2",CIVIL,Lose
"IPCV,106,民專訴,2,20171103,1",CIVIL,Win
"TCDV,106,智,2,20181123,2",CIVIL,Win
"IPCV,109,民商訴,39,20220122,1",CIVIL,Mixed
"IPCV,98,民專上,22,20100729,2",CIVIL,Lose
"TNDV,92,智,27,20070516,3",CIVIL,Lose
"TCDV,111,勞訴,280,20240111,1",CIVIL,Lose
"IPCV,104,民商上,18,20160512,1",CIVIL,Lose
"IPCV,102,民專上,22,20140123,3",CIVIL,Lose
"IPCV,101,民商上更(一),1,20130227,1",CIVIL,Mixed
"TCHV,92,智上,5,20041214,1",CIVIL,Lose
"IPCV,103,民專上更(一),7,20150827,1",CIVIL,Lose
"IPCV,101,民專訴,24,20130114,3",CIVIL,Lose
"TPHV,97,智上易,13,20080820,1",CIVIL,Lose
"TCDV,92,智,39,20041108,2",CIVIL,Mixed
"IPCV,107,民著訴,2,20180726,1",CIVIL,Mixed
"TPDV,93,智,22,20050729,1",CIVIL,Lose
"TNHV,93,智上,3,20050315,1",CIVIL,Lose
"IPCV,103,民專上,15,20141225,2",CIVIL,Lose
"IPCV,102,民商上易,2,20130613,1",CIVIL,Lose
"IPCV,110,民商上易,2,20211223,1",CIVIL,Mixed
"TCDV,95,智,26,20060807,1",CIVIL,Lose
"IPCV,102,民商訴,43,20140506,1",CIVIL,Win
"TCHV,94,智上,5,20050906,1",CIVIL,Lose
"IPCV,99,民專訴,161,20110428,2",CIVIL,Lose
"IPCV,112,民專訴,57,20240626,1",CIVIL,Win
"IPCV,108,民著訴,84,20191203,1",CIVIL,Mixed
"IPCV,106,民專上,14,20171109,2",CIVIL,Lose
"IPCV,106,民專上,37,20180208,2",CIVIL,Lose
"IPCV,110,民著訴,85,20220331,1",CIVIL,Lose
"IPCV,98,民專上,50,20101125,2",CIVIL,Lose
"IPCV,98,民專上,45,20100610,3",CIVIL,Lose
"IPCV,111,民商訴,50,20231130,2",CIVIL,Lose
"IPCV,112,民商上,4,20231109,1",CIVIL,Mixed
"TPHV,96,智上,36,20080415,1",CIVIL,Lose
"IPCV,113,民著訴,12,20241114,1",CIVIL,Lose
"CHDV,106,智,2,20181114,2",CIVIL,Mixed
"IPCV,98,民商上更(二),5,20100429,1",CIVIL,Mixed
"TCDV,96,智簡上,1,20080411,1",CIVIL,Lose
"KSEV,92,雄簡,159,20030724,3",CIVIL,Win
"IPCV,110,民營訴,4,20211119,1",CIVIL,Lose
"IPCV,99,民商訴,39,20110602,1",CIVIL,Lose
"IPCV,104,民專上,30,20160602,2",CIVIL,Lose
"IPCV,101,民專訴,46,20121214,2",CIVIL,Lose
"IPCV,105,民商訴,43,20180301,1",CIVIL,Mixed
"IPCV,104,民營訴,8,20161129,2",CIVIL,Mixed
"IPCV,106,民專訴,87,20180427,2",CIVIL,Lose
"TPSV,109,台上,3131,20220413,1",CIVIL,Lose
"IPCV,97,民著上更(一),2,20090521,2",CIVIL,Mixed
"IPCV,102,民專上,30,20130829,2",CIVIL,Lose
"TPHV,96,智上,4,20070626,1",CIVIL,Lose
"IPCV,97,民著上,3,20081120,1",CIVIL,Lose
"IPCV,109,民專上,44,20210729,1",CIVIL,Lose
"TCHV,95,智上,1,20070328,2",CIVIL,Lose
"IPCV,101,民專上易,2,20121213,2",CIVIL,Lose
"IPCV,105,民著上易,2,20170209,1",CIVIL,Mixed
"IPCV,111,民專上,18,20230525,3",CIVIL,Lose
"IPCV,108,民著訴,63,20191231,1",CIVIL,Lose
"PCDV,92,智,12,20040819,1",CIVIL,Lose
"IPCV,98,民專上,42,20100610,3",CIVIL,Lose
"KSDV,97,智,1,20100915,2",CIVIL,Mixed
"IPCV,99,民專訴,85,20100809,2",CIVIL,Lose
"IPCV,99,民專訴,205,20110420,2",CIVIL,Lose
"IPCV,112,民著上易,12,20240111,1",CIVIL,Lose
"TPDV,91,訴,1727,20020531,1",CIVIL,Lose
"IPCV,109,民專上,24,20210805,1",CIVIL,Lose
"IPCV,97,民專訴,54,20081231,2",CIVIL,Win
"IPCV,104,民著上易,10,20160428,1",CIVIL,Lose
"IPCV,100,民專訴,73,20120131,2",CIVIL,Lose
"IPCV,112,民著訴,71,20240628,1",CIVIL,Win
"TPDV,94,智,65,20070314,3",CIVIL,Lose
"IPCV,101,民著訴,37,20130430,1",CIVIL,Mixed
"IPCV,108,民專訴,9,20190618,2",CIVIL,Lose
"IPCV,112,民專上更一,5,20240328,1",CIVIL,Win
"IPCV,106,民專上,3,20171130,3",CIVIL,Lose
"PCDV,95,智,45,20070712,1",CIVIL,Lose
"IPCV,102,民專訴,126,20140924,2",CIVIL,Lose
"IPCV,98,民專訴,144,20100709,2",CIVIL,Mixed
"IPCV,103,民商上,11,20150917,1",CIVIL,Mixed
"IPCV,103,民專訴,26,20150618,3",CIVIL,Lose
"IPCV,104,民專上,9,20161124,2",CIVIL,Lose
"IPCV,101,民商上,4,20121220,1",CIVIL,Lose
"IPCV,110,民商訴,23,20210824,1",CIVIL,Mixed
"IPCV,103,民專上更(一),4,20160428,4",CIVIL,Mixed
"TPHV,96,智上,6,20070605,1",CIVIL,Lose
"IPCV,99,民專訴,128,20120329,4",CIVIL,Mixed
"IPCV,111,民著上易,1,20220714,1",CIVIL,Lose
"IPCV,104,民著上,9,20160107,1",CIVIL,Lose
"IPCV,108,民著上易,5,20200116,1",CIVIL,Lose
"IPCV,111,民專上更一,13,20241120,6",CIVIL,Lose
"IPCV,101,民著訴,41,20141128,1",CIVIL,Mixed
"TPDV,98,智簡上,2,20090910,1",CIVIL,Lose
"IPCV,105,民著訴,51,20170908,1",CIVIL,Lose
"IPCV,110,民著上易,5,20211223,1",CIVIL,Lose
"IPCV,106,民專訴,42,20190308,2",CIVIL,Lose
"TYDV,94,智,27,20090415,3",CIVIL,Mixed
"TPSV,104,台上,1251,20150703",CIVIL,Lose
"IPCV,101,民專訴,64,20120920,2",CIVIL,Lose
"IPCV,98,民商訴,7,20090615,2",CIVIL,Mixed
"IPCV,107,民商訴,57,20190329,1",CIVIL,Lose
"IPCV,109,民專上,43,20211209,3",CIVIL,Lose
"IPCV,104,民專上,26,20170216,2",CIVIL,Mixed
"IPCV,105,民著訴,6,20161129,2",CIVIL,Lose
"IPCV,98,民專上,30,20110512,3",CIVIL,Lose
"IPCV,108,民專訴,21,20190830,2",CIVIL,Lose
"IPCV,102,民商訴,40,20140311,1",CIVIL,Mixed
"IPCV,106,民專訴,49,20180629,2",CIVIL,Lose
"IPCV,102,民專訴,140,20140610,2",CIVIL,Lose
"IPCV,108,民專訴,67,20200624,2",CIVIL,Lose
"IPCV,103,民專訴,93,20141012,2",CIVIL,Mixed
"TPDV,96,智,99,20081128,1",CIVIL,Mixed
"TPDV,92,智,79,20090203,3",CIVIL,Mixed
"IPCV,99,民商訴,2,20100608,1",CIVIL,Lose
"TPHV,96,智上易,1,20070501,1",CIVIL,Lose
"IPCV,101,民商上,18,20130530,1",CIVIL,Mixed
"TPSV,104,台上,2499,20151230",CIVIL,Lose
"IPCV,109,民著訴,4,20200814,2",CIVIL,Mixed
"IPCV,104,民著上,14,20171228,1",CIVIL,Lose
"IPCV,108,民專上更(四),5,20200401,2",CIVIL,Lose
"IPCV,112,民專訴,16,20240109,3",CIVIL,Lose
"TPEV,93,北智簡,8,20041004,1",CIVIL,Mixed
"IPCV,99,民專訴,172,20110714,3",CIVIL,Lose
"IPCV,99,民專訴,42,20110110,2",CIVIL,Lose
"TCDV,107,智,5,20190307,4",CIVIL,Mixed
"TNDV,96,智,9,20080415,2",CIVIL,Mixed
"IPCV,111,民著上,5,20231019,1",CIVIL,Win
"IPCV,99,民商上,9,20110224,2",CIVIL,Lose
"IPCV,112,民商上,14,20240516,1",CIVIL,Mixed
"IPCV,97,民專訴,36,20090109,2",CIVIL,Lose
"IPCV,113,民商上易,2,20241205,1",CIVIL,Lose
"IPCV,107,民商上,5,20190425,1",CIVIL,Mixed
"TCDV,93,智,49,20070309,2",CIVIL,Mixed
"IPCV,111,民專訴,66,20230728,2",CIVIL,Lose
"IPCV,99,民著訴,6,20100413,1",CIVIL,Mixed
"IPCV,99,民專訴,214,20110715,3",CIVIL,Lose
"IPCV,110,民著訴,96,20220127,1",CIVIL,Lose
"IPCV,111,民專上,16,20230112,2",CIVIL,Lose
"IPCV,100,民專訴,121,20121115,2",CIVIL,Lose
"IPCV,100,民著訴,19,20110909,1",CIVIL,Mixed
"IPCV,98,民專訴,163,20100630,2",CIVIL,Lose
"IPCV,104,民專上更(一),2,20160526,2",CIVIL,Lose
"TPDV,98,智,1,20090410,1",CIVIL,Mixed
"TCHV,96,智上,9,20080123,1",CIVIL,Lose
"IPCV,103,民營上,6,20150730,1",CIVIL,Mixed
"IPCV,102,民商訴,41,20140411,1",CIVIL,Win
"IPCV,108,民商上,17,20200813,1",CIVIL,Mixed
"IPCV,111,民商上,10,20230810,2",CIVIL,Win
"IPCV,100,民專訴,109,20120606,2",CIVIL,Lose
"IPCV,106,民專上,21,20171214,2",CIVIL,Lose
"IPCV,100,民專上易,9,20111110,2",CIVIL,Lose
"IPCV,110,民著訴,66,20210907,1",CIVIL,Mixed
"TCHV,95,智上,14,20071030,1",CIVIL,Lose
"IPCV,112,民專上,4,20240111,2",CIVIL,Lose
"TCDV,93,智,16,20051220,1",CIVIL,Lose
"IPCV,103,民商上,4,20141225,1",CIVIL,Mixed
"IPCV,108,民專上,24,20200521,4",CIVIL,Lose
"IPCV,112,民專訴,65,20240514,2",CIVIL,Lose
"IPCV,98,民專訴,86,20100210,2",CIVIL,Lose
"IPCV,106,民著上,11,20171012,1",CIVIL,Mixed
"IPCV,113,民專訴,18,20241226,2",CIVIL,Lose
"IPCV,112,民專上易,1,20240314,2",CIVIL,Lose
"IPCV,97,民專訴,14,20081231,3",CIVIL,Lose
"PCDV,108,智,4,20200317,2",CIVIL,Lose
"IPCV,108,民商訴,59,20210114,1",CIVIL,Mixed
"KSDV,93,智,4,20081014,3",CIVIL,Mixed
"IPCV,105,民商上,12,20170216,1",CIVIL,Lose
"IPCV,99,民商訴,7,20100914,1",CIVIL,Win
"TCDV,111,智,5,20220608,1",CIVIL,Lose
"CYDV,95,重智,1,20080603,3",CIVIL,Lose
"IPCV,98,民專上易,9,20090730,2",CIVIL,Lose
"PCDV,95,智(一),2,20081225,1",CIVIL,Mixed
"TPDV,96,智,90,20090828,1",CIVIL,Lose
"IPCV,109,民專上再易,1,20210128,1",CIVIL,Win
"IPCV,102,民專訴,92,20140114,2",CIVIL,Lose
"IPCV,100,民專訴,22,20110630,2",CIVIL,Lose
"SLDV,101,智,3,20130329,2",CIVIL,Lose
"TPDV,104,智,9,20151029,1",CIVIL,Mixed
"TPDV,92,智,86,20050719,2",CIVIL,Mixed
"IPCV,112,民專訴,69,20240813,2",CIVIL,Lose
"IPCV,105,民專訴,71,20170628,2",CIVIL,Lose
"IPCV,109,民著訴,10,20210118,1",CIVIL,Mixed
"NHEV,97,湖智簡,1,20080718,1",CIVIL,Mixed
"IPCV,109,民專訴,12,20210928,2",CIVIL,Lose
"TNDV,92,智,29,20051026,1",CIVIL,Mixed
"SLDV,96,智,29,20080321,1",CIVIL,Mixed
"IPCV,107,民專訴,61,20190125,2",CIVIL,Mixed
"IPCV,102,民專訴,100,20150804,2",CIVIL,Mixed
"PCDV,94,智,16,20061121,2",CIVIL,Lose
"IPCV,100,民專上,7,20120105,2",CIVIL,Mixed
"KSHV,93,智上易,3,20050622,1",CIVIL,Lose
"IPCV,100,民著訴,31,20111111,1",CIVIL,Mixed
"IPCV,111,民著訴,31,20230523,1",CIVIL,Lose
"SLDV,106,智,3,20171110,1",CIVIL,Lose
"IPCV,105,民專訴,64,20170320,2",CIVIL,Lose
"TCDV,106,智,10,20191105,1",CIVIL,Lose
"IPCV,100,民專訴,40,20120518,3",CIVIL,Mixed
"IPCV,101,民商上,13,20130124,1",CIVIL,Lose
"IPCV,100,民專上,1,20130814,1",CIVIL,Lose
"TPSV,106,台上,343,20170112",CIVIL,Lose
"IPCV,99,民專訴,197,20110617,2",CIVIL,Win
"IPCV,112,民專訴,23,20241029,3",CIVIL,Mixed
"PCDV,92,智,10,20031125,1",CIVIL,Lose
"IPCV,105,民商訴,14,20160812,1",CIVIL,Lose
"IPCV,99,民專訴,75,20110301,1",CIVIL,Win
"IPCV,101,民專訴,118,20130730,3",CIVIL,Lose
"IPCV,109,民著訴,113,20220708,1",CIVIL,Win
"IPCV,103,民商上,9,20150507,1",CIVIL,Mixed
"TPSV,106,台上,158,20170601",CIVIL,Lose
"TPHV,94,智上易,4,20050524,1",CIVIL,Lose
"IPCV,110,民商上,2,20210520,1",CIVIL,Lose
"IPCV,99,民著訴,42,20101214,1",CIVIL,Mixed
"TPDV,96,智,61,20091027,1",CIVIL,Lose
"IPCV,98,民著上,11,20100506,1",CIVIL,Mixed
"TPDV,92,智,16,20040414,2",CIVIL,Mixed
"IPCV,102,民著訴,45,20140218,1",CIVIL,Lose
"TPDV,94,智,80,20060227,1",CIVIL,Lose
"IPCV,98,民專上易,25,20100729,1",CIVIL,Lose
"IPCV,110,民商訴,18,20210930,1",CIVIL,Lose
"IPCV,107,民商訴,34,20190201,1",CIVIL,Win
"IPCV,100,民商上,2,20111117,1",CIVIL,Lose
"TPDV,95,智,5,20070629,1",CIVIL,Mixed
"IPCV,101,民專上,57,20130705,2",CIVIL,Lose
"IPCV,100,民商上易,2,20120329,1",CIVIL,Mixed
"KSDV,98,訴,1995,20110131,1",CIVIL,Lose
"KSHV,95,智上易,2,20070116,1",CIVIL,Lose
"IPCV,111,民專上更一,2,20230302,1",CIVIL,Lose
"TCDV,106,智,6,20171110,2",CIVIL,Win
"IPCV,100,民著訴,9,20110518,1",CIVIL,Mixed
"IPCV,99,民著上更(一),5,20110504,1",CIVIL,Lose
"IPCV,106,民專訴,12,20171229,3",CIVIL,Mixed
"IPCV,103,民著訴,22,20150130,2",CIVIL,Win
"IPCV,102,民專訴,8,20130827,2",CIVIL,Lose
"TCHV,95,智上易,13,20070328,1",CIVIL,Lose
"IPCV,113,民專訴,7,20240930,2",CIVIL,Lose
"TCDV,96,智,41,20080711,1",CIVIL,Mixed
"TNHV,97,智上,6,20090106,1",CIVIL,Lose
"IPCV,100,民專訴,103,20120316,2",CIVIL,Lose
"IPCV,97,民他上,2,20100617,1",CIVIL,Win
"TPDV,105,智,36,20171212,1",CIVIL,Lose
"IPCV,99,民專上,73,20110608,2",CIVIL,Lose
"IPCV,98,民專訴,46,20101018,5",CIVIL,Win
"IPCV,98,民著上,8,20091224,1",CIVIL,Lose
"IPCV,98,民專訴,35,20090616,2",CIVIL,Lose
"TPDV,95,智,49,20090731,1",CIVIL,Lose
"IPCV,110,民專上,35,20230511,3",CIVIL,Lose
"KSHV,101,智上易,1,20130327,2",CIVIL,Lose
"TPHV,97,智上,14,20100223,1",CIVIL,Lose
"TPDV,93,智,97,20050225,1",CIVIL,Lose
"TCDV,95,智,22,20070807,1",CIVIL,Lose
"IPCV,106,民商訴,43,20180208,2",CIVIL,Lose
"IPCV,100,民著訴,21,20120525,1",CIVIL,Mixed
"IPCV,111,民商訴,30,20221025,1",CIVIL,Win
"TCHV,93,智上,4,20040824,1",CIVIL,Lose
"IPCV,100,民商訴,20,20111226,1",CIVIL,Win
"CHDV,93,智,6,20050518,1",CIVIL,Lose
"IPCV,108,民專訴,74,20200210,2",CIVIL,Lose
"TCDV,104,智,7,20161208,3",CIVIL,Lose
"TPHV,95,智上易,8,20061014,1",CIVIL,Lose
"IPCV,103,民商上,12,20150625,1",CIVIL,Lose
"TPSV,109,台上,2914,20210121,1",CIVIL,Lose
"TPDV,96,智,55,20090731,1",CIVIL,Mixed
"IPCV,97,民著上易,6,20090205,1",CIVIL,Lose
"PCDV,96,智,19,20090731,1",CIVIL,Mixed
"IPCV,102,民專上,17,20130926,2",CIVIL,Lose
"IPCV,110,民著訴,62,20210914,1",CIVIL,Mixed
"IPCV,112,民商訴,58,20241121,1",CIVIL,Mixed
"IPCV,98,民專上,62,20110811,4",CIVIL,Lose
"IPCV,97,民著訴,14,20090608,5",CIVIL,Mixed
"TPDV,92,智,65,20031128,1",CIVIL,Lose
"IPCV,106,民專訴,71,20180903,2",CIVIL,Lose
"IPCV,98,民著上,12,20091022,1",CIVIL,Lose
"IPCV,99,民專訴,210,20110913,3",CIVIL,Lose
"IPCV,105,民專訴,92,20171218,2",CIVIL,Lose
"IPCV,99,民著訴,69,20110415,1",CIVIL,Mixed
"TPDV,96,智,91,20071231,1",CIVIL,Lose
"TNHV,96,智上,2,20070807,1",CIVIL,Lose
"NHEV,96,湖智簡,1,20070613,1",CIVIL,Mixed
"IPCV,102,民著上,16,20140516,1",CIVIL,Win
"IPCV,109,民專訴,91,20220225,2",CIVIL,Lose
"IPCV,103,民專訴,51,20150316,2",CIVIL,Lose
"IPCV,99,民專上,42,20110310,3",CIVIL,Mixed
"IPCV,100,民專訴,87,20120411,2",CIVIL,Lose
"IPCV,100,民專訴,10,20120131,2",CIVIL,Lose
"IPCV,102,民專上,23,20141204,3",CIVIL,Lose
"IPCV,99,民商上,6,20110106,1",CIVIL,Lose
"IPCV,103,民專上,34,20150604,2",CIVIL,Lose
"IPCV,112,民著訴,64,20241101,1",CIVIL,Lose
"TCDV,95,智,54,20080506,1",CIVIL,Lose
"TCDV,92,智,1,20041029,2",CIVIL,Lose
"TPDV,95,智,124,20070823,1",CIVIL,Lose
"IPCV,103,民著訴,2,20140506,1",CIVIL,Lose
"IPCV,104,民專訴,69,20160426,3",CIVIL,Lose
"TPDV,109,智,15,20210513,3",CIVIL,Win
"IPCV,104,民著訴,66,20160930,1",CIVIL,Win
"IPCV,100,民著訴,7,20110729,1",CIVIL,Lose
"TPHV,95,智上,11,20060627,1",CIVIL,Lose
"IPCV,113,民商訴,7,20240828,1",CIVIL,Mixed
"IPCV,109,民著上易,22,20210128,1",CIVIL,Lose
"TPDV,95,智,52,20060630,1",CIVIL,Lose
"IPCV,111,民專訴,12,20230531,2",CIVIL,Lose
"IPCV,112,民著上,5,20240321,1",CIVIL,Lose
"IPCV,103,民專上更(三),9,20170817,2",CIVIL,Mixed
"IPCV,100,民商訴,14,20111031,1",CIVIL,Lose
"TPDV,92,智,48,20041026,1",CIVIL,Lose
"TPHV,95,智上,6,20060920,1",CIVIL,Mixed
"IPCV,97,民專訴,66,20091005,3",CIVIL,Mixed
"IPCV,112,民著上,24,20240815,1",CIVIL,Lose
"IPCV,108,民著訴,75,20200428,1",CIVIL,Lose
"IPCV,110,民營訴,8,20230413,1",CIVIL,Lose
"CTDV,107,智,1,20191226,1",CIVIL,Lose
"IPCV,107,民專訴,79,20181227,2",CIVIL,Lose
"IPCV,104,民專上易,9,20160225,2",CIVIL,Lose
"IPCV,102,民商訴,48,20140630,1",CIVIL,Lose
"TPDV,93,智,47,20060503,1",CIVIL,Mixed
"IPCV,103,民著訴,73,20150212,1",CIVIL,Mixed
"IPCV,100,民專上,17,20120315,2",CIVIL,Lose
"IPCV,106,民著訴,55,20171229,1",CIVIL,Lose
"IPCV,109,民著上易,13,20210408,1",CIVIL,Mixed
"IPCV,108,民專上,20,20191114,2",CIVIL,Lose
"IPCV,108,民著訴,124,20201006,1",CIVIL,Lose
"TNHV,92,智上易,4,20040330,1",CIVIL,Lose
"CHDV,93,智,19,20051116,1",CIVIL,Lose
"IPCV,102,民著上更(二),2,20151130,7",CIVIL,Mixed
"IPCV,107,民專訴,84,20190128,2",CIVIL,Lose
"IPCV,105,民著訴,38,20170306,3",CIVIL,Mixed
"SLEV,92,士智簡,4,20030724,1",CIVIL,Mixed
"IPCV,98,民專訴,30,20090708,1",CIVIL,Lose
"SLDV,94,智,34,20070330,3",CIVIL,Mixed
"IPCV,105,民著上易,11,20170824,1",CIVIL,Lose
"TPHV,94,智上易,5,20051109,1",CIVIL,Lose
"IPCV,103,民商上易,5,20150917,1",CIVIL,Lose
"IPCV,97,民專訴,60,20100426,2",CIVIL,Lose
"TPDV,93,智,77,20050520,2",CIVIL,Win
"IPCV,103,民著訴,16,20140529,1",CIVIL,Win
"IPCV,105,民著上,9,20170713,1",CIVIL,Lose
"IPCV,98,民商上易,1,20090409,1",CIVIL,Mixed
"IPCV,108,民專訴,1,20200512,3",CIVIL,Mixed
"IPCV,110,民著訴,106,20220614,1",CIVIL,Lose
"IPCV,106,民商訴,25,20171123,1",CIVIL,Lose
"KSDV,96,智,12,20080618,1",CIVIL,Mixed
"IPCV,109,民著上易,14,20210422,1",CIVIL,Lose
"IPCV,109,民專訴,72,20210112,2",CIVIL,Lose
"IPCV,98,民專訴,29,20090629,2",CIVIL,Lose
"IPCV,109,民著上,9,20211118,1",CIVIL,Lose
"IPCV,99,民專訴,90,20101130,1",CIVIL,Lose
"IPCV,99,民專訴,200,20110413,2",CIVIL,Lose
"TCHV,96,智上易,6,20071212,1",CIVIL,Lose
"IPCV,100,民商上更(一),2,20121025,1",CIVIL,Mixed
"TCDV,93,智簡上,4,20050610,1",CIVIL,Lose
"TCDV,100,智,9,20111026,1",CIVIL,Win
"IPCV,101,民專訴,139,20130701,2",CIVIL,Lose
"IPCV,104,民專上,11,20170112,3",CIVIL,Lose
"IPCV,99,民專上更(一),12,20110113,2",CIVIL,Lose
"IPCV,103,民專上,14,20150129,2",CIVIL,Lose
"IPCV,108,民營訴,14,20200525,1",CIVIL,Lose
"IPCV,99,民專上,79,20111027,2",CIVIL,Lose
"IPCV,110,民專上,1,20211028,2",CIVIL,Lose
"IPCV,103,民專訴,25,20150127,2",CIVIL,Lose
"IPCV,103,民商訴,62,20150724,2",CIVIL,Win
"TCDV,93,智,22,20041123,2",CIVIL,Lose
"IPCV,102,民專訴,98,20141121,2",CIVIL,Lose
"IPCV,99,民專訴,140,20101005,2",CIVIL,Lose
"TPDV,95,智,127,20061229,1",CIVIL,Lose
"IPCV,113,民專訴,5,20241223,2",CIVIL,Lose
"IPCV,111,民營訴,15,20231117,2",CIVIL,Lose
"IPCV,99,民專上,78,20130117,3",CIVIL,Mixed
"PCDV,97,智,14,20081031,1",CIVIL,Win
"IPCV,111,民專訴,25,20220728,3",CIVIL,Lose
"TNHV,94,智上,1,20051004,1",CIVIL,Lose
"TPHV,95,智上,26,20061108,1",CIVIL,Lose
"IPCV,99,民專上易,27,20110428,2",CIVIL,Lose
"IPCV,105,民專訴,2,20160929,2",CIVIL,Lose
"IPCV,98,民商上更(一),1,20091022,1",CIVIL,Lose
"IPCV,111,民著訴,41,20231228,1",CIVIL,Lose
"TPHV,94,智上,2,20061205,1",CIVIL,Lose
"IPCV,106,民著訴,12,20170731,3",CIVIL,Mixed
"IPCV,102,民專訴,106,20140827,3",CIVIL,Lose
"IPCV,101,民商訴,51,20130315,1",CIVIL,Lose
"IPCV,100,民商訴,6,20110525,1",CIVIL,Mixed
"TCDV,112,智,4,20231108,2",CIVIL,Win
"IPCV,102,民著上易,5,20131212,1",CIVIL,Lose
"CYDV,92,重智,8,20060227,1",CIVIL,Mixed
"TCDV,95,智,34,20100428,6",CIVIL,Win
"IPCV,104,民專訴,87,20160706,1",CIVIL,Lose
"IPCV,109,民專上易,3,20210204,2",CIVIL,Lose
"IPCV,102,民商上易,3,20140220,1",CIVIL,Lose
"TNDV,95,智,29,20090120,1",CIVIL,Mixed
"TNEV,95,南智簡,2,20061113,1",CIVIL,Win
"IPCV,99,民專訴,26,20100824,2",CIVIL,Lose
"IPCV,100,民專上,20,20120607,3",CIVIL,Lose
"IPCV,97,民專上,19,20091224,2",CIVIL,Mixed
"TNDV,97,智,8,20081007,1",CIVIL,Lose
"IPCV,103,民著訴,58,20150127,1",CIVIL,Mixed
"TPHV,96,智上易,11,20080429,1",CIVIL,Lose
"IPCV,104,民著訴,50,20160331,1",CIVIL,Mixed
"TNEV,95,南智簡,9,20070629,1",CIVIL,Lose
"IPCV,106,民著上,6,20170928,2",CIVIL,Lose
"IPCV,98,民專上易,14,20100408,2",CIVIL,Lose
"IPCV,98,民商訴,38,20101004,2",CIVIL,Lose
"KSDV,94,智,27,20071011,1",CIVIL,Lose
"IPCV,111,民營上,4,20240411,1",CIVIL,Lose
"IPCV,111,民營上,7,20231214,1",CIVIL,Lose
"IPCV,108,民專訴,49,20200430,2",CIVIL,Lose
"TCHV,94,智上,3,20060411,1",CIVIL,Lose
"IPCV,108,民著上,9,20200213,1",CIVIL,Lose
"IPCV,108,民專上,34,20201231,2",CIVIL,Mixed
"IPCV,110,民著上,16,20211118,1",CIVIL,Lose
"IPCV,110,民專上,26,20220505,3",CIVIL,Lose
"IPCV,109,民商訴,12,20201020,1",CIVIL,Lose
"IPCV,108,民專上易,4,20200423,3",CIVIL,Lose
"TCDV,94,智,15,20051123,1",CIVIL,Mixed
"IPCV,108,民專上,5,20191212,2",CIVIL,Mixed
"SLDV,104,智,7,20151211,2",CIVIL,Lose
"IPCV,108,民著訴,134,20200416,2",CIVIL,Lose
"KSDV,98,智,5,20111108,2",CIVIL,Mixed
"PCDV,95,智,16,20060803,1",CIVIL,Lose
"TYDV,93,智,12,20060227,1",CIVIL,Mixed
"IPCV,105,民專訴,53,20170213,2",CIVIL,Lose
"IPCV,100,民商上,8,20111124,1",CIVIL,Lose
"IPCV,102,民專訴,75,20140327,2",CIVIL,Lose
"TCHV,98,重上,132,20101019,2",CIVIL,Lose
"IPCV,102,民著訴,22,20131014,1",CIVIL,Win
"TNHV,95,智上易,3,20060919,1",CIVIL,Lose
"IPCV,103,民專訴,83,20150324,2",CIVIL,Lose
"IPCV,103,民著上,27,20160225,1",CIVIL,Lose
"CHDV,96,智,1,20080728,2",CIVIL,Win
"IPCV,98,民商上,18,20100304,1",CIVIL,Lose
"IPCV,103,民著上,8,20141030,1",CIVIL,Lose
"IPCV,109,民專訴,54,20201126,2",CIVIL,Lose
"IPCV,104,民營訴,3,20160408,1",CIVIL,Lose
"SLDV,95,智,29,20070911,2",CIVIL,Win
"IPCV,99,民專訴,201,20110803,3",CIVIL,Lose
"IPCV,99,民專上,46,20110825,2",CIVIL,Lose
"IPCV,108,民專上,1,20190815,2",CIVIL,Lose
"IPCV,104,民專訴,41,20160517,4",CIVIL,Mixed
"IPCV,106,民專上,7,20181227,7",CIVIL,Lose
"IPCV,102,民著訴,3,20140815,1",CIVIL,Mixed
"IPCV,104,民商上,19,20160721,1",CIVIL,Mixed
"TPHV,96,重上更(一),150,20080123,1",CIVIL,Lose
"IPCV,109,民專上,38,20210401,2",CIVIL,Lose
"IPCV,111,民著上,7,20240328,5",CIVIL,Lose
"SLDV,104,智,3,20150703,2",CIVIL,Win
"TNDV,94,智,1,20060714,1",CIVIL,Lose
"IPCV,112,民著上更一,9,20240426,1",CIVIL,Mixed
"TNEV,94,南智簡,1,20050519,1",CIVIL,Win
"PCDV,101,智,7,20140429,2",CIVIL,Mixed
"IPCV,104,民專訴,71,20161230,2",CIVIL,Mixed
"IPCV,99,民專訴,27,20110321,3",CIVIL,Lose
"IPCV,104,民專上,15,20151224,2",CIVIL,Lose
"IPCV,100,民專上,48,20120614,3",CIVIL,Lose
"IPCV,109,民專訴,22,20200804,2",CIVIL,Lose
"IPCV,97,民專上,20,20090319,2",CIVIL,Lose
"IPCV,99,民專訴,137,20101026,2",CIVIL,Lose
"TPEV,96,北智小,3,20070831,1",CIVIL,Lose
"IPCV,97,民專上易,9,20090226,1",CIVIL,Lose
"IPCV,111,民著上,15,20230302,1",CIVIL,Lose
"TPHV,97,智上,15,20100105,2",CIVIL,Win
"IPCV,101,民專訴,80,20130530,2",CIVIL,Win
"PCDV,95,智,22,20080331,3",CIVIL,Mixed
"TNDV,106,智,5,20171117,2",CIVIL,Mixed
"IPCV,100,民專訴,2,20120323,2",CIVIL,Lose
"TCDV,110,智,10,20211208,1",CIVIL,Win
"IPCV,97,民專訴,2,20091116,3",CIVIL,Win
"IPCV,98,民專上更(一),9,20111229,1",CIVIL,Mixed
"IPCV,110,民著訴,97,20220412,1",CIVIL,Lose
"TCDV,92,智,43,20040105,1",CIVIL,Lose
"IPCV,107,民專訴,95,20191213,4",CIVIL,Lose
"IPCV,103,民商上,2,20150226,1",CIVIL,Lose
"IPCV,111,民著上易,10,20230331,1",CIVIL,Lose
"IPCV,109,民專訴,71,20201030,2",CIVIL,Lose
"IPCV,100,民專訴,34,20111219,2",CIVIL,Lose
"IPCV,111,民專訴,7,20230328,2",CIVIL,Lose
"IPCV,101,民專訴,122,20130517,2",CIVIL,Lose
"IPCV,113,民商訴,13,20240823,1",CIVIL,Lose
"IPCV,111,民著上更二,1,20230428,1",CIVIL,Win
"IPCV,107,民專訴,28,20181203,2",CIVIL,Lose
"IPCV,109,民著訴,102,20210308,1",CIVIL,Mixed
"TPDV,93,智,58,20041126,1",CIVIL,Lose
"TNDV,93,智,5,20060721,1",CIVIL,Lose
"IPCV,101,民專訴,98,20130314,2",CIVIL,Mixed
"IPCV,103,民專上更(一),6,20150416,2",CIVIL,Lose
"IPCV,113,民著上易,3,20241107,2",CIVIL,Lose
"IPCV,104,民著上易,3,20150827,1",CIVIL,Lose
"IPCV,102,民專訴,125,20140519,2",CIVIL,Lose
"TCDV,102,智,10,20130902,1",CIVIL,Mixed
"IPCV,98,民專訴,153,20100830,2",CIVIL,Lose
"IPCV,108,民著訴,137,20210226,3",CIVIL,Lose
"TPDV,95,智,89,20080225,3",CIVIL,Lose
"TPHV,93,智上,24,20050104,1",CIVIL,Lose
"IPCV,101,民專訴,144,20130528,2",CIVIL,Win
"IPCV,100,民專訴,91,20120427,2",CIVIL,Mixed
"IPCV,110,民專訴,52,20230425,2",CIVIL,Lose
"IPCV,103,民專訴,3,20141031,1",CIVIL,Win
"IPCV,106,民專訴,14,20171006,2",CIVIL,Lose
"IPCV,110,民專訴,35,20220331,2",CIVIL,Lose
"IPCV,103,民專訴,95,20171031,5",CIVIL,Mixed
"IPCV,102,民專上,41,20140214,3",CIVIL,Lose
"IPCV,100,民商訴,2,20110603,1",CIVIL,Lose
"IPCV,97,民著訴,11,20090511,1",CIVIL,Lose
"IPCV,111,民商上,5,20230309,1",CIVIL,Lose
"TPSV,105,台上,479,20160330",CIVIL,Lose
"IPCV,107,民商訴,18,20190322,2",CIVIL,Mixed
"TYDV,94,智,28,20070326,4",CIVIL,Win
"PCDV,93,智,24,20051221,1",CIVIL,Mixed
"PCDV,95,重智,12,20070327,1",CIVIL,Lose
"IPCV,104,民專訴,83,20170308,3",CIVIL,Lose
"IPCV,104,民專訴,43,20160426,4",CIVIL,Lose
"SLDV,94,智,2,20070409,2",CIVIL,Mixed
"IPCV,110,民著訴,123,20211230,1",CIVIL,Lose
"TYDV,94,智,24,20060801,1",CIVIL,Mixed
"PCDV,93,智,32,20041021,1",CIVIL,Mixed
"TPDV,93,智,12,20040623,1",CIVIL,Lose
"IPCV,99,民著訴,73,20110623,1",CIVIL,Mixed
"IPCV,101,民專訴,4,20130227,2",CIVIL,Lose
"IPCV,101,民專訴,117,20130614,3",CIVIL,Mixed
"IPCV,97,民專訴,33,20090213,3",CIVIL,Lose
"IPCV,104,民專上,6,20150924,2",CIVIL,Lose
"IPCV,100,民專訴,126,20120824,2",CIVIL,Lose
"TPDV,95,智,107,20070209,1",CIVIL,Lose
"IPCV,105,民專訴,76,20170425,2",CIVIL,Lose
"TPSV,105,台上,1966,20161110",CIVIL,Lose
"IPCV,113,民商訴,25,20241127,1",CIVIL,Mixed
"IPCV,110,民著訴,114,20230720,1",CIVIL,Lose
"IPCV,111,民著上易,6,20230331,3",CIVIL,Mixed
"IPCV,105,民專訴,93,20170512,2",CIVIL,Lose
"IPCV,104,民專上,36,20160505,2",CIVIL,Lose
"TPDV,100,智,39,20120706,2",CIVIL,Lose
"IPCV,101,民專訴,134,20130829,2",CIVIL,Lose
"IPCV,103,民專訴,17,20141205,2",CIVIL,Lose
"IPCV,99,民商訴,28,20110602,1",CIVIL,Lose
"IPCV,106,民商訴,32,20180416,1",CIVIL,Mixed
"IPCV,107,民商訴,60,20191001,1",CIVIL,Win
"IPCV,100,民商訴,28,20120531,1",CIVIL,Lose
"CHDV,94,智,6,20050615,1",CIVIL,Lose
"IPCV,112,民商上更一,3,20240418,1",CIVIL,Lose
"IPCV,110,民著訴,49,20210930,1",CIVIL,Lose
"IPCV,110,民商訴,11,20220422,3",CIVIL,Mixed
"IPCV,104,民專訴,45,20151221,2",CIVIL,Lose
"IPCV,102,民專上,21,20130829,3",CIVIL,Lose
"IPCV,99,民著訴,15,20100830,1",CIVIL,Win
"PCDV,96,重智,5,20071012,1",CIVIL,Mixed
"IPCV,112,民營訴,1,20240312,2",CIVIL,Lose
"IPCV,101,民專訴,49,20121204,2",CIVIL,Lose
"IPCV,107,民營上,4,20190704,1",CIVIL,Lose
"TCDV,92,智,52,20061229,2",CIVIL,Lose
"IPCV,111,民著訴,10,20230117,1",CIVIL,Mixed
"TCDV,96,智,3,20071207,1",CIVIL,Mixed
"IPCV,102,民專訴,133,20150127,2",CIVIL,Mixed
"TNDV,93,智,6,20060630,1",CIVIL,Lose
"IPCV,110,民專上,29,20220729,1",CIVIL,Lose
"IPCV,109,民著上易,5,20200827,1",CIVIL,Lose
"IPCV,102,民商訴,32,20140521,1",CIVIL,Win
"IPCV,102,民專上,49,20140619,4",CIVIL,Lose
"IPCV,107,民專上,24,20190606,1",CIVIL,Win
"IPCV,98,民商上,10,20100128,2",CIVIL,Mixed
"IPCV,100,民著上,11,20120803,1",CIVIL,Mixed
"IPCV,112,民專訴,5,20241023,3",CIVIL,Mixed
"IPCV,104,民著訴,55,20160125,1",CIVIL,Lose
"IPCV,109,民商訴,22,20200922,1",CIVIL,Win
"IPCV,99,民著訴,84,20110224,1",CIVIL,Win
"IPCV,101,民著上,12,20130403,1",CIVIL,Mixed
"TPEV,94,北智簡更(一),2,20060224,1",CIVIL,Lose
"IPCV,110,民專訴,78,20220802,2",CIVIL,Lose
"IPCV,102,民專訴,118,20150226,3",CIVIL,Lose
"IPCV,101,民專訴,59,20121025,2",CIVIL,Lose
"TPDV,112,智,16,20230731,1",CIVIL,Win
"IPCV,108,民專訴,89,20211228,3",CIVIL,Mixed
"TCHV,94,智上易,2,20070710,1",CIVIL,Lose
"IPCV,102,民著訴,39,20131113,1",CIVIL,Lose
"IPCV,111,民專訴,14,20230118,2",CIVIL,Lose
"IPCV,108,民著訴,4,20190319,1",CIVIL,Lose
"IPCV,98,民專訴,11,20090327,2",CIVIL,Lose
"IPCV,112,民著訴,7,20240105,1",CIVIL,Lose
"TPDV,106,智,6,20180424,1",CIVIL,Mixed
"IPCV,103,民著上,18,20150625,2",CIVIL,Lose
"IPCV,102,民專訴,2,20140304,4",CIVIL,Mixed
"IPCV,107,民著上易,8,20181206,1",CIVIL,Lose
"IPCV,101,民專訴,86,20130402,3",CIVIL,Lose
"IPCV,105,民著訴,31,20200504,3",CIVIL,Mixed
"IPCV,103,民著訴,3,20140818,1",CIVIL,Mixed
"IPCV,111,民著上,17,20240606,1",CIVIL,Lose
"TPDV,97,智,31,20090204,1",CIVIL,Win
"IPCV,98,民著上,10,20090916,1",CIVIL,Win
"IPCV,103,民專訴,29,20141230,2",CIVIL,Lose
"IPCV,108,民著上易,6,20200528,1",CIVIL,Lose
"IPCV,100,民專上,35,20120119,1",CIVIL,Lose
"IPCV,101,民專訴,143,20131003,2",CIVIL,Lose
"TPDV,96,智,40,20070806,1",CIVIL,Win
"IPCV,102,民專訴,121,20141031,2",CIVIL,Lose
"IPCV,108,民商訴,3,20190910,1",CIVIL,Win
"IPCV,102,民著訴,55,20140224,1",CIVIL,Win
"TPDV,97,智,7,20090714,2",CIVIL,Lose
"TPHV,107,上,493,20190221,1",CIVIL,Lose
"IPCV,99,民專訴,223,20110809,3",CIVIL,Mixed
"TCHV,95,智上,11,20080130,2",CIVIL,Lose
"SLDV,93,智,2,20040827,1",CIVIL,Mixed
"IPCV,97,民著訴,3,20080917,1",CIVIL,Lose
"PTDV,93,智,3,20061227,2",CIVIL,Mixed
"IPCV,106,民商訴,41,20190130,1",CIVIL,Mixed
"PCDV,94,智(一),39,20060420,1",CIVIL,Lose
"TPDV,94,智更(一),4,20060111,1",CIVIL,Lose
"IPCV,108,民商訴,40,20191030,1",CIVIL,Lose
"CYDV,94,智,4,20080131,2",CIVIL,Mixed
"IPCV,109,民著上,21,20210527,1",CIVIL,Lose
"TPDV,94,智,6,20050620,1",CIVIL,Win
"IPCV,100,民專上,57,20120726,2",CIVIL,Lose
"IPCV,107,民營訴,12,20191203,2",CIVIL,Lose
"IPCV,101,民專訴,8,20121221,2",CIVIL,Mixed
"IPCV,112,民專訴,21,20241231,2",CIVIL,Mixed
"IPCV,100,民著訴,24,20111028,1",CIVIL,Lose
"TCHV,96,智上,13,20071023,1",CIVIL,Lose
"IPCV,112,民商訴,20,20231114,1",CIVIL,Mixed
"TCDV,94,智,7,20081008,3",CIVIL,Lose
"TCDV,92,智,71,20061229,3",CIVIL,Lose
"IPCV,108,民專訴,4,20190930,2",CIVIL,Lose
"CHDV,101,智,3,20140227,1",CIVIL,Lose
"IPCV,101,民著訴,1,20120627,1",CIVIL,Lose
"TCDV,93,智,64,20060425,1",CIVIL,Lose
"TNHV,93,智上,4,20050104,1",CIVIL,Lose
"IPCV,98,民商訴,5,20090430,1",CIVIL,Win
"IPCV,103,民著訴,79,20151028,1",CIVIL,Lose
"IPCV,113,民著訴,10,20241226,1",CIVIL,Lose
"IPCV,103,民著訴,28,20150106,1",CIVIL,Lose
"IPCV,112,民著訴,10,20230711,1",CIVIL,Lose
"IPCV,111,民商上,14,20221124,1",CIVIL,Mixed
"IPCV,111,民著上,23,20240418,2",CIVIL,Lose
"SLDV,92,智,11,20060808,3",CIVIL,Mixed
"CYDV,94,智簡上,1,20070207,1",CIVIL,Win
"IPCV,100,民專訴,61,20120628,3",CIVIL,Win
"IPCV,108,民商訴,2,20190930,1",CIVIL,Mixed
"IPCV,98,民商訴,8,20090615,2",CIVIL,Lose
"IPCV,97,民著上易,4,20081231,1",CIVIL,Lose
"IPCV,99,民專訴,164,20110128,2",CIVIL,Lose
"TPDV,92,智,62,20031225,1",CIVIL,Win
"IPCV,105,民著訴,23,20160905,1",CIVIL,Mixed
"IPCV,98,民專訴,129,20100713,2",CIVIL,Lose
"IPCV,98,民專上易,10,20090827,2",CIVIL,Lose
"TNHV,97,智上,3,20081014,1",CIVIL,Lose
"IPCV,107,民專訴,13,20181207,3",CIVIL,Lose
"IPCV,111,民營上,5,20230427,1",CIVIL,Lose
"TNHV,92,智上,5,20040914,1",CIVIL,Lose
"TCDV,95,智,16,20060717,1",CIVIL,Lose
"IPCV,101,民專訴,119,20130319,2",CIVIL,Lose
"IPCV,102,民專訴,16,20131204,1",CIVIL,Lose
"IPCV,98,民著上易,10,20091217,1",CIVIL,Lose
"IPCV,98,民著訴,42,20100831,4",CIVIL,Lose
"IPCV,103,民專訴,109,20160115,2",CIVIL,Lose
"IPCV,106,民著訴,11,20180302,1",CIVIL,Lose
"IPCV,109,民著訴,47,20201214,1",CIVIL,Mixed
"TCHV,97,智上,1,20080917,2",CIVIL,Lose
"IPCV,108,民專上,9,20191024,2",CIVIL,Lose
"IPCV,102,民商訴,33,20131231,1",CIVIL,Win
"IPCV,104,民專訴,88,20160627,2",CIVIL,Lose
"IPCV,110,民專訴,32,20220215,3",CIVIL,Lose
"TNDV,96,智,4,20100511,3",CIVIL,Lose
"IPCV,110,民著訴,131,20220708,3",CIVIL,Lose
"TCDV,94,智,45,20070516,1",CIVIL,Mixed
"IPCV,99,民專訴,168,20110324,2",CIVIL,Lose
"IPCV,102,民專訴,28,20140318,4",CIVIL,Mixed
"IPCV,109,民著訴,6,20200316,1",CIVIL,Lose
"IPCV,99,民專上更(一),2,20101118,4",CIVIL,Lose
"TPHV,95,智上,24,20070130,1",CIVIL,Lose
"IPCV,107,民商上,9,20190314,1",CIVIL,Lose
"IPCV,103,民著訴,17,20140925,1",CIVIL,Mixed
"TPDV,108,智,6,20191030,1",CIVIL,Lose
"IPCV,110,民專訴,26,20211126,2",CIVIL,Lose
"IPCV,106,民專上,9,20180315,1",CIVIL,Mixed
"IPCV,102,民商訴,13,20130917,2",CIVIL,Mixed
"TPSV,106,台上,53,20170308",CIVIL,Lose
"IPCV,102,民商上,14,20141225,1",CIVIL,Mixed
"KSDV,92,智,28,20031119,1",CIVIL,Mixed
"TPDV,95,智,1,20060308,1",CIVIL,Lose
"IPCV,100,民商訴,18,20111004,1",CIVIL,Win
"IPCV,112,民著上,23,20241128,1",CIVIL,Lose
"IPCV,98,民著訴,49,20110510,1",CIVIL,Mixed
"TPDV,101,智,26,20140423,1",CIVIL,Lose
"TPDV,94,智,32,20101112,2",CIVIL,Lose
"TPSV,110,台上,2304,20211117,1",CIVIL,Lose
"IPCV,107,民著上,1,20201008,3",CIVIL,Mixed
"IPCV,107,民著訴,12,20181227,1",CIVIL,Lose
"TPDV,99,智,16,20130403,5",CIVIL,Mixed
"IPCV,105,民專上,37,20180830,3",CIVIL,Mixed
"TCEV,97,中智,1,20080811,1",CIVIL,Mixed
"TPDV,93,智,40,20050516,1",CIVIL,Lose
"IPCV,113,民著訴,28,20241231,1",CIVIL,Mixed
"TYDV,97,智,7,20091009,1",CIVIL,Lose
"TPDV,109,智,11,20201230,1",CIVIL,Win
"IPCV,111,民著訴,44,20230531,1",CIVIL,Mixed
"IPCV,103,民著上,25,20150903,1",CIVIL,Lose
"IPCV,101,民專上,56,20130502,2",CIVIL,Lose
"IPCV,99,民著上更(一),6,20130314,4",CIVIL,Mixed
"IPCV,106,民專訴,94,20181031,2",CIVIL,Lose
"TPDV,99,智,4,20100813,1",CIVIL,Lose
"IPCV,108,民專訴,76,20200731,1",CIVIL,Lose
"TCDV,108,智,9,20220610,2",CIVIL,Mixed
"SLDV,94,智,14,20051011,1",CIVIL,Mixed
"IPCV,111,民商上易,1,20230427,2",CIVIL,Lose
"IPCV,102,民著上,19,20131226,1",CIVIL,Lose
"SLDV,96,智,18,20161230,1",CIVIL,Lose
"IPCV,108,民專訴,56,20191231,2",CIVIL,Lose
"TCHV,96,智上,2,20090929,3",CIVIL,Lose
"IPCV,104,民著訴,6,20150529,1",CIVIL,Mixed
"IPCV,110,民著訴,67,20211014,1",CIVIL,Mixed
"IPCV,100,民專訴,6,20110803,2",CIVIL,Lose
"CHDV,93,智,1,20051230,1",CIVIL,Lose
"IPCV,111,民著訴,8,20221115,1",CIVIL,Mixed
"IPCV,98,民專上易,27,20101125,2",CIVIL,Mixed
"IPCV,104,民商訴,15,20161230,1",CIVIL,Lose
"IPCV,99,民專上,5,20101118,2",CIVIL,Lose
"IPCV,104,民著上易,5,20160324,1",CIVIL,Mixed
"IPCV,110,民著訴,125,20220531,1",CIVIL,Lose
"IPCV,111,民專上,24,20230112,2",CIVIL,Lose
"IPCV,108,民專訴,2,20191224,4",CIVIL,Mixed
"TPDV,96,智,2,20070131,1",CIVIL,Win
"IPCV,101,民專上更(二),3,20130524,1",CIVIL,Mixed
"IPCV,99,民專訴,79,20101129,2",CIVIL,Lose
"IPCV,108,民商上,8,20200514,1",CIVIL,Mixed
"IPCV,104,民著訴,32,20180914,1",CIVIL,Mixed
"IPCV,103,民著訴,5,20141230,1",CIVIL,Lose
"IPCV,98,民專上,10,20090625,2",CIVIL,Lose
"IPCV,98,民著上,6,20090910,1",CIVIL,Mixed
"IPCV,104,民著訴,69,20170106,1",CIVIL,Win
"SCDV,97,重智,1,20101122,2",CIVIL,Lose
"IPCV,109,民著訴,28,20201130,1",CIVIL,Mixed
"IPCV,103,民著上易,1,20141002,1",CIVIL,Lose
"SLDV,97,智,2,20090703,2",CIVIL,Lose
"IPCV,111,民專訴,64,20230324,2",CIVIL,Lose
"IPCV,104,民商上,17,20160526,1",CIVIL,Mixed
"IPCV,100,民專訴,38,20111123,2",CIVIL,Lose
"IPCV,107,民著上易,10,20190314,1",CIVIL,Lose
"IPCV,109,民著訴,101,20211026,1",CIVIL,Lose
"IPCV,110,民著上,10,20220127,1",CIVIL,Lose
"IPCV,107,民營上,1,20210128,4",CIVIL,Mixed
"IPCV,107,民專訴,48,20190130,2",CIVIL,Lose
"IPCV,98,民著上,7,20090625,1",CIVIL,Lose
"IPCV,108,民專訴,51,20200121,2",CIVIL,Lose
"PCDV,109,智,3,20210913,1",CIVIL,Lose
"IPCV,104,民專上,13,20180517,6",CIVIL,Mixed
"IPCV,103,民專訴,42,20150313,2",CIVIL,Lose
"IPCV,102,民著上,14,20131114,1",CIVIL,Lose
"IPCV,105,民著上,1,20161208,2",CIVIL,Lose
"IPCV,113,民著訴,24,20241023,1",CIVIL,Lose
"IPCV,99,民專上,24,20110602,2",CIVIL,Lose
"IPCV,102,民專上,7,20130815,2",CIVIL,Lose
"NTEV,96,投智簡,1,20070213,1",CIVIL,Mixed
"TCDV,92,智,18,20031126,1",CIVIL,Lose
"IPCV,111,民著訴,49,20221213,1",CIVIL,Lose
"IPCV,102,民商訴,27,20131127,1",CIVIL,Win
"IPCV,101,民商上,15,20131121,2",CIVIL,Lose
"IPCV,111,民商訴,8,20220809,1",CIVIL,Lose
"MLDV,92,智,3,20070409,3",CIVIL,Lose
"IPCV,112,民專上更二,1,20240201,1",CIVIL,Lose
"TNHV,94,智上,3,20050830,1",CIVIL,Lose
"IPCV,101,民商訴,46,20130502,2",CIVIL,Mixed
"IPCV,101,民專上,21,20131220,7",CIVIL,Lose
"IPCV,106,民商上,9,20180308,1",CIVIL,Lose
"IPCV,111,民專訴,73,20230629,3",CIVIL,Lose
"IPCV,109,民專訴,82,20210205,2",CIVIL,Mixed
"IPCV,97,民專訴,23,20090227,3",CIVIL,Lose
"IPCV,106,民專訴,74,20180910,2",CIVIL,Lose
"IPCV,103,民專訴,99,20150831,2",CIVIL,Lose
"IPCV,100,民商訴,44,20120411,1",CIVIL,Mixed
"IPCV,100,民商訴,38,20120229,1",CIVIL,Lose
"IPCV,112,民商訴,37,20240823,1",CIVIL,Mixed
"IPCV,109,民專訴,5,20210427,4",CIVIL,Lose
"SCDV,107,智,3,20180522,2",CIVIL,Lose
"IPCV,108,民專訴,44,20190820,2",CIVIL,Lose
"TPEV,93,北智簡,5,20040826,1",CIVIL,Mixed
"IPCV,98,民專上,41,20100812,2",CIVIL,Lose
"PTDV,92,智,1,20031008,1",CIVIL,Win
"PCDV,93,智,27,20060126,1",CIVIL,Mixed
"IPCV,112,民著上,8,20240729,1",CIVIL,Lose
"TCHV,96,智上更(一),4,20081112,1",CIVIL,Lose
"IPCV,97,民專訴,24,20081112,1",CIVIL,Lose
"IPCV,111,民專訴,44,20230106,2",CIVIL,Lose
"IPCV,99,民專訴,206,20111026,2",CIVIL,Lose
"PCDV,102,智,3,20140501,1",CIVIL,Lose
"IPCV,98,民專上易,1,20090430,1",CIVIL,Lose
"IPCV,98,民著訴,45,20100226,1",CIVIL,Lose
"IPCV,111,民商訴,34,20231031,1",CIVIL,Mixed
"IPCV,99,民專訴,58,20100809,2",CIVIL,Lose
"IPCV,104,民專訴,77,20160406,2",CIVIL,Lose
"IPCV,103,民專上,6,20140902,2",CIVIL,Lose
"IPCV,103,民專訴,102,20160118,5",CIVIL,Lose
"IPCV,105,民商上,13,20170216,1",CIVIL,Lose
"KSDV,92,智簡上,1,20040401,1",CIVIL,Lose
"IPCV,105,民專上,1,20160721,2",CIVIL,Lose
"IPCV,98,民專上,7,20090827,2",CIVIL,Lose
"IPCV,100,民專訴,118,20120427,2",CIVIL,Lose
"ULDV,101,智,1,20120430,1",CIVIL,Mixed
"IPCV,99,民著訴,18,20100817,1",CIVIL,Win
"IPCV,104,民專訴,5,20160729,2",CIVIL,Lose
"IPCV,100,民著訴,3,20120322,1",CIVIL,Lose
"IPCV,104,民商上,22,20161117,1",CIVIL,Lose
"IPCV,100,民專上,18,20120112,2",CIVIL,Lose
"IPCV,99,民著上更(一),3,20110414,1",CIVIL,Win
"IPCV,103,民專上,31,20150709,2",CIVIL,Mixed
"IPCV,106,民商訴,15,20190123,1",CIVIL,Win
"IPCV,110,民商訴,58,20220525,1",CIVIL,Lose
"IPCV,98,民商訴,30,20100125,1",CIVIL,Mixed
"IPCV,100,民商上,11,20130424,1",CIVIL,Lose
"TCHV,97,智上,10,20100803,1",CIVIL,Lose
"TCDV,94,智,24,20051028,1",CIVIL,Lose
"SCDV,95,重智,8,20101119,2",CIVIL,Lose
"FSEV,97,鳳簡,1007,20080715,1",CIVIL,Mixed
"IPCV,111,民商上,19,20230209,1",CIVIL,Lose
"IPCV,98,民著訴,8,20090601,1",CIVIL,Mixed
"IPCV,100,民專訴,136,20120810,2",CIVIL,Lose
"TPSV,106,台上,583,20170816",CIVIL,Lose
"IPCV,108,民著訴,133,20200720,1",CIVIL,Mixed
"IPCV,107,民著上,8,20181115,1",CIVIL,Lose
"IPCV,101,民商訴,30,20130424,1",CIVIL,Mixed
"IPCV,109,民專訴,75,20210831,3",CIVIL,Lose
"IPCV,100,民著訴,35,20120629,1",CIVIL,Lose
"IPCV,100,民著訴,22,20111213,1",CIVIL,Lose
"IPCV,101,民著上,1,20130516,3",CIVIL,Lose
"PCDV,94,智,4,20060324,2",CIVIL,Lose
"IPCV,106,民專上,1,20171019,2",CIVIL,Lose
"KSDV,95,智,21,20090324,3",CIVIL,Lose
"TCDV,93,智,35,20060308,2",CIVIL,Win
"IPCV,112,民商訴,22,20240220,1",CIVIL,Lose
"PCDV,95,智,30,20070423,1",CIVIL,Lose
"IPCV,102,民著上,7,20161222,1",CIVIL,Mixed
"TCDV,104,智,1,20170120,4",CIVIL,Lose
"TPHV,97,智上易,15,20090617,2",CIVIL,Lose
"TCDV,94,智,17,20060424,1",CIVIL,Mixed
"IPCV,99,民專訴,211,20110708,2",CIVIL,Lose
"IPCV,97,民著訴,15,20081223,1",CIVIL,Mixed
"IPCV,102,民專上更(一),6,20161027,3",CIVIL,Lose
"IPCV,108,民商上,16,20200618,1",CIVIL,Lose
"IPCV,105,民專訴,15,20160826,2",CIVIL,Lose
"IPCV,109,民著上,17,20221222,3",CIVIL,Lose
"PCDV,97,重智,5,20080714,1",CIVIL,Lose
"IPCV,108,民著訴,54,20210318,1",CIVIL,Mixed
"IPCV,103,民專訴,82,20160331,3",CIVIL,Mixed
"TPHV,90,上,1083,20011203,1",CIVIL,Mixed
"IPCV,112,民著訴,61,20240425,1",CIVIL,Mixed
"IPCV,100,民著訴,23,20110811,1",CIVIL,Lose
"TPHV,94,智上,24,20050927,2",CIVIL,Lose
"IPCV,110,民著上,27,20220630,1",CIVIL,Mixed
"IPCV,100,民專訴,135,20120718,2",CIVIL,Lose
"TPSV,101,台上,38,20120112",CIVIL,Lose
"PCDV,93,智,48,20070320,2",CIVIL,Mixed
"IPCV,98,民著上易,3,20090527,2",CIVIL,Lose
"TPHV,97,智上更(一),1,20110329,2",CIVIL,Lose
"IPCV,106,民著訴,30,20170821,1",CIVIL,Lose
"TPDV,96,智,13,20070731,2",CIVIL,Win
"TPHV,95,智上,36,20070828,1",CIVIL,Lose
"IPCV,112,民商上,10,20231207,1",CIVIL,Lose
"IPCV,101,民專訴,116,20130419,2",CIVIL,Lose
"IPCV,106,民專上更(一),3,20190117,2",CIVIL,Lose
"IPCV,104,民專訴,8,20170210,2",CIVIL,Mixed
"TPEV,92,北智簡,5,20031002,1",CIVIL,Win
"IPCV,99,民專訴,138,20101122,2",CIVIL,Lose
"CYDV,92,重智,1,20041110,1",CIVIL,Lose
"IPCV,104,民專訴,36,20190322,5",CIVIL,Mixed
"IPCV,107,民商上,12,20190627,3",CIVIL,Lose
"ULDV,92,智,5,20030930,1",CIVIL,Win
"IPCV,102,民著上,3,20130620,1",CIVIL,Mixed
"IPCV,99,民專訴,84,20100809,2",CIVIL,Lose
"IPCV,105,民專訴,75,20170721,2",CIVIL,Lose
"IPCV,104,民著上易,11,20160204,1",CIVIL,Lose
"IPCV,111,民營上更一,2,20230804,1",CIVIL,Lose
"TNDV,92,智,7,20040902,2",CIVIL,Mixed
"IPCV,97,民著上,4,20081126,1",CIVIL,Lose
"IPCV,99,民專上,52,20110721,2",CIVIL,Win
"SCDV,96,智,10,20100507,1",CIVIL,Mixed
"IPCV,110,民專上更(一),3,20230525,2",CIVIL,Lose
"IPCV,101,民專訴,145,20130830,3",CIVIL,Win
"IPCV,101,民專上易,1,20120607,2",CIVIL,Lose
"IPCV,104,民專上,33,20170720,2",CIVIL,Lose
"TPHV,97,智上易,5,20080527,1",CIVIL,Lose
"IPCV,103,民營訴,1,20141230,1",CIVIL,Lose
"TPSV,106,台上,584,20170817",CIVIL,Lose
"IPCV,113,民著訴,23,20240913,2",CIVIL,Lose
"TPSV,98,台上,993,20090604",CIVIL,Lose
"IPCV,103,民著訴,63,20150120,2",CIVIL,Win
"IPCV,111,民著上更一,6,20231123,1",CIVIL,Lose
"TPHV,95,智上易,19,20120517,3",CIVIL,Lose
"IPCV,97,民著上,2,20090430,1",CIVIL,Lose
"IPCV,99,民專上易,23,20110329,2",CIVIL,Lose
"IPCV,112,民商訴,8,20231207,1",CIVIL,Mixed
"IPCV,110,民著訴,110,20220309,1",CIVIL,Lose
"IPCV,99,民專上,27,20110210,2",CIVIL,Lose
"IPCV,100,民專訴,25,20110831,2",CIVIL,Lose
"IPCV,107,民商訴,61,20190618,2",CIVIL,Mixed
"IPCV,112,民專訴,12,20240618,2",CIVIL,Lose
"TPDV,103,智,8,20141105,2",CIVIL,Mixed
"IPCV,110,民專訴,15,20211126,2",CIVIL,Lose
"IPCV,105,民專上,27,20170615,2",CIVIL,Lose
"FYEV,94,豐智簡,3,20070423,1",CIVIL,Lose
"PCDV,95,智,39,20070626,1",CIVIL,Mixed
"IPCV,108,民商訴,30,20200331,1",CIVIL,Mixed
"IPCV,102,民著訴,54,20140619,1",CIVIL,Mixed
"IPCV,104,民著訴,39,20160930,1",CIVIL,Lose
"IPCV,99,民著訴,81,20110714,1",CIVIL,Win
"SLDV,102,智,9,20140606,1",CIVIL,Mixed
"IPCV,97,民商訴,4,20090120,1",CIVIL,Win
"TCDV,92,智,28,20040924,1",CIVIL,Lose
"IPCV,107,民著訴,4,20180726,1",CIVIL,Lose
"GSEV,93,岡智簡,1,20040716,1",CIVIL,Mixed
"IPCV,97,民專上,14,20090312,1",CIVIL,Lose
"TPDV,109,智,29,20201008,1",CIVIL,Mixed
"IPCV,102,民專上易,6,20140307,2",CIVIL,Lose
"IPCV,97,民專訴,61,20121228,4",CIVIL,Win
"IPCV,109,民專訴,96,20220517,4",CIVIL,Win
"IPCV,102,民專上,4,20131017,2",CIVIL,Lose
"IPCV,102,民商上,22,20140605,1",CIVIL,Lose
"IPCV,113,民商訴,8,20241101,1",CIVIL,Lose
"IPCV,112,民著訴,50,20240117,1",CIVIL,Lose
"IPCV,107,民著訴,11,20190409,1",CIVIL,Mixed
"IPCV,108,民商訴,52,20200519,1",CIVIL,Lose
"TPDV,94,智,73,20060629,1",CIVIL,Mixed
"TYDV,94,智,32,20051117,1",CIVIL,Mixed
"IPCV,113,民專訴,10,20241023,2",CIVIL,Win
"IPCV,112,民專上,12,20240328,2",CIVIL,Lose
"IPCV,105,民專訴,5,20160919,2",CIVIL,Lose
"PCDV,93,智,7,20050131,2",CIVIL,Lose
"TPDV,106,智,22,20171121,1",CIVIL,Lose
"IPCV,108,民專訴,15,20200519,3",CIVIL,Mixed
"IPCV,110,民著訴,77,20220119,1",CIVIL,Lose
"TNDV,103,智,6,20150930,1",CIVIL,Mixed
"IPCV,102,民專訴,65,20140507,3",CIVIL,Lose
"IPCV,104,民專上,39,20161124,2",CIVIL,Lose
"IPCV,101,民專上,22,20130502,2",CIVIL,Lose
"IPCV,105,民專訴,6,20160729,3",CIVIL,Lose
"TPDV,101,智,11,20130830,1",CIVIL,Win
"TPDV,95,智,126,20090902,4",CIVIL,Mixed
"IPCV,106,民著訴,53,20180601,2",CIVIL,Mixed
"IPCV,99,民專上,3,20100916,1",CIVIL,Lose
"TCDV,95,智,11,20070427,1",CIVIL,Lose
"IPCV,108,民專上更(一),2,20200702,1",CIVIL,Lose
"IPCV,104,民專訴,74,20160325,2",CIVIL,Lose
"IPCV,104,民專上,32,20180816,1",CIVIL,Lose
"PCDV,94,重智,15,20070827,3",CIVIL,Mixed
"IPCV,103,民專上,26,20150402,2",CIVIL,Lose
"IPCV,98,民商上,2,20091203,2",CIVIL,Mixed
"KSDV,97,智,14,20081211,1",CIVIL,Lose
"IPCV,108,民商訴,12,20191129,1",CIVIL,Lose
"IPCV,107,民專訴,104,20190531,2",CIVIL,Lose
"IPCV,107,民專上,3,20181115,2",CIVIL,Lose
"IPCV,102,民專訴,26,20140430,3",CIVIL,Lose
"SLDV,94,智,6,20100702,4",CIVIL,Lose
"IPCV,98,民專訴,40,20091126,2",CIVIL,Lose
"IPCV,110,民專上更(一),1,20211224,3",CIVIL,Lose
"IPCV,98,民著上,4,20100318,2",CIVIL,Win
"IPCV,99,民著上,5,20110317,1",CIVIL,Win
"IPCV,102,民商訴,21,20131223,2",CIVIL,Mixed
"IPCV,102,民專上,9,20140515,2",CIVIL,Lose
"IPCV,104,民著訴,22,20160711,2",CIVIL,Mixed
"TCHV,96,智上,10,20070905,1",CIVIL,Win
"PCDV,101,智更一,1,20120327,1",CIVIL,Lose
"IPCV,99,民商訴,4,20100706,1",CIVIL,Mixed
"IPCV,112,民著上易,8,20231019,1",CIVIL,Mixed
"TPDV,108,智,40,20191213,1",CIVIL,Lose
"TNDV,97,智,5,20090120,2",CIVIL,Mixed
"IPCV,109,民著訴,50,20200828,1",CIVIL,Lose
"TPSV,98,台上,1857,20091008",CIVIL,Lose
"IPCV,99,民專訴,49,20100430,1",CIVIL,Lose
"IPCV,97,民著訴,17,20090723,2",CIVIL,Lose
"IPCV,104,民著訴,54,20160506,1",CIVIL,Lose
"IPCV,103,民商訴,47,20150605,1",CIVIL,Mixed
"PCDV,93,智,38,20060125,2",CIVIL,Mixed
"IPCV,110,民著上,25,20220729,1",CIVIL,Lose
"IPCV,112,民著訴,38,20231205,1",CIVIL,Mixed
"IPCV,105,民商訴,32,20210903,1",CIVIL,Mixed
"IPCV,105,民著訴,44,20180209,1",CIVIL,Lose
"IPCV,108,民商上更(一),2,20200514,1",CIVIL,Mixed
"IPCV,106,民著訴,10,20180802,1",CIVIL,Win
"IPCV,103,民專訴,114,20150727,2",CIVIL,Lose
"IPCV,100,民商上更(一),1,20120531,1",CIVIL,Win
"PCDV,95,智,35,20101029,2",CIVIL,Win
"IPCV,106,民專上,4,20180329,2",CIVIL,Lose
"IPCV,104,民商訴,31,20160524,1",CIVIL,Lose
"IPCV,102,民專上,70,20140509,3",CIVIL,Lose
"IPCV,107,民專上更(一),3,20191212,1",CIVIL,Lose
"TYDV,94,智,31,20070626,1",CIVIL,Mixed
"SLDV,96,智,33,20090318,3",CIVIL,Lose
"MLDV,95,智,1,20081230,5",CIVIL,Win
"IPCV,112,民著上,25,20240919,1",CIVIL,Lose
"TCDV,94,智,32,20070531,1",CIVIL,Mixed
"IPCV,108,民專上,32,20200618,3",CIVIL,Lose
"IPCV,111,民著上,19,20231128,1",CIVIL,Lose
"IPCV,98,民商上,1,20090716,1",CIVIL,Lose
"IPCV,98,民專訴,73,20091207,3",CIVIL,Lose
"IPCV,99,民商訴,20,20100928,1",CIVIL,Win
"TPDV,99,智,23,20110701,1",CIVIL,Lose
"TCDV,93,智,12,20040804,1",CIVIL,Mixed
"IPCV,108,民專上更(三),7,20201210,3",CIVIL,Lose
"IPCV,98,民專訴,37,20100113,2",CIVIL,Lose
"IPCV,106,民營上,3,20190227,3",CIVIL,Lose
"TPSV,105,台上,2238,20161214",CIVIL,Lose
"PCDV,94,重智,8,20070525,1",CIVIL,Lose
"ULDV,93,智,3,20051110,1",CIVIL,Lose
"IPCV,105,民著訴,56,20170724,2",CIVIL,Mixed
"IPCV,103,民專上,35,20150716,2",CIVIL,Lose
"IPCV,102,民著訴,63,20140317,1",CIVIL,Lose
"IPCV,107,民專訴,106,20190524,2",CIVIL,Lose
"TPDV,93,智,95,20050406,1",CIVIL,Mixed
"IPCV,106,民著訴,47,20180316,1",CIVIL,Lose
"IPCV,110,民專上易,2,20211230,1",CIVIL,Lose
"IPCV,105,民著訴,19,20170516,1",CIVIL,Mixed
"NTDV,94,智,3,20060323,2",CIVIL,Lose
"IPCV,98,民商上更(二),4,20100401,1",CIVIL,Lose
"IPCV,103,民著訴,76,20150225,1",CIVIL,Win
"IPCV,110,民專訴,68,20220621,3",CIVIL,Lose
"IPCV,102,民專上,33,20131226,3",CIVIL,Lose
"IPCV,100,民著訴,64,20120314,1",CIVIL,Lose
"IPCV,106,民著上易,8,20180731,1",CIVIL,Lose
"PCDV,94,智,7,20060203,2",CIVIL,Win
"IPCV,100,民專上,15,20111215,2",CIVIL,Lose
"IPCV,112,民專訴,29,20231130,2",CIVIL,Lose
"IPCV,107,民商訴,54,20190510,1",CIVIL,Lose
"IPCV,112,民商上,2,20240627,1",CIVIL,Mixed
"TPDV,97,智,66,20090327,2",CIVIL,Lose
"IPCV,103,民專訴,10,20150415,1",CIVIL,Mixed
"IPCV,106,民著訴,41,20180319,2",CIVIL,Mixed
"SLDV,92,智,22,20070928,1",CIVIL,Mixed
"IPCV,110,民營訴,2,20220623,3",CIVIL,Lose
"IPCV,104,民商上,4,20160114,2",CIVIL,Mixed
"IPCV,106,民專訴,11,20170731,3",CIVIL,Lose
"TPDV,94,智,2,20060616,1",CIVIL,Lose
"IPCV,111,民專訴,60,20231229,3",CIVIL,Lose
"IPCV,109,民營上,6,20210506,1",CIVIL,Lose
"IPCV,112,民商上,18,20240919,1",CIVIL,Lose
"KSHV,95,智上,2,20090114,1",CIVIL,Lose
"IPCV,100,民專訴,104,20120530,2",CIVIL,Lose
"TCDV,97,智,25,20080711,1",CIVIL,Lose
"TCDV,95,智更,1,20070531,3",CIVIL,Lose
"TYDV,97,智,8,20090316,1",CIVIL,Mixed
"PHDV,106,智,1,20171228,1",CIVIL,Win
"IPCV,97,民商訴,10,20090120,1",CIVIL,Lose
"TNDV,108,智,8,20200331,2",CIVIL,Lose
"IPCV,101,民專訴,136,20130430,2",CIVIL,Lose
"KSDV,92,智,8,20050519,1",CIVIL,Lose
"IPCV,100,民專上,32,20120209,3",CIVIL,Lose
"IPCV,100,民著訴,2,20111229,1",CIVIL,Mixed
"SLDV,92,智,19,20100129,4",CIVIL,Mixed
"TPHV,94,智上易,3,20050406,1",CIVIL,Lose
"IPCV,98,民著訴,6,20090414,1",CIVIL,Win
"IPCV,102,民專上,15,20130829,2",CIVIL,Lose
"IPCV,110,民專上,34,20230331,3",CIVIL,Lose
"IPCV,102,民專訴,71,20131115,2",CIVIL,Lose
"IPCV,98,民商訴,17,20091217,1",CIVIL,Win
"IPCV,98,民專訴,85,20100205,2",CIVIL,Lose
"IPCV,98,民著上,16,20100204,1",CIVIL,Lose
"TPDV,95,智,31,20060921,1",CIVIL,Mixed
"IPCV,105,民專上,15,20161027,1",CIVIL,Lose
"IPCV,111,民專上,6,20230629,3",CIVIL,Lose
"TPSV,103,台上,5,20140102",CIVIL,Lose
"IPCV,102,民著訴,32,20131004,1",CIVIL,Lose
"IPCV,106,民著上,9,20180503,1",CIVIL,Mixed
"TCHV,94,智上,13,20060530,2",CIVIL,Lose
"IPCV,110,民專上,13,20220317,2",CIVIL,Lose
"IPCV,108,民營上,2,20200521,1",CIVIL,Mixed
"IPCV,100,民著訴,8,20110518,1",CIVIL,Win
"IPCV,105,民商訴,36,20170606,1",CIVIL,Win
"IPCV,105,民商訴,27,20170407,1",CIVIL,Lose
"TNDV,93,智,24,20080319,2",CIVIL,Lose
"IPCV,103,民著訴,25,20141203,1",CIVIL,Mixed
"IPCV,100,民專訴,119,20121106,2",CIVIL,Mixed
"IPCV,98,民專訴,64,20100331,3",CIVIL,Lose
"IPCV,102,民商訴,2,20131129,1",CIVIL,Mixed
"IPCV,98,民著訴,28,20100105,1",CIVIL,Mixed
"IPCV,99,民著上更(一),1,20101111,1",CIVIL,Mixed
"TPHV,95,智上,19,20061107,1",CIVIL,Lose
"IPCV,110,民著訴,128,20220504,1",CIVIL,Lose
"IPCV,105,民商上,11,20170426,2",CIVIL,Mixed
"TPDV,93,智,87,20050124,1",CIVIL,Lose
"TCHV,95,智上,16,20061122,1",CIVIL,Lose
"IPCV,107,民專上,8,20180927,2",CIVIL,Lose
"IPCV,105,民專訴,53,20170628,3",CIVIL,Mixed
"IPCV,105,民專訴,41,20170220,2",CIVIL,Mixed
"IPCV,105,民商上,10,20170223,1",CIVIL,Win
"IPCV,111,民商上易,2,20220818,1",CIVIL,Win
"IPCV,110,民專訴,19,20211228,3",CIVIL,Mixed
"PCDV,105,智,6,20161226,1",CIVIL,Lose
"TPDV,97,智,52,20090812,1",CIVIL,Lose
"IPCV,106,民著訴,22,20180226,1",CIVIL,Win
"IPCV,109,民專訴,52,20210727,3",CIVIL,Lose
"TPDV,94,智,4,20050516,1",CIVIL,Lose
"IPCV,111,民商上,4,20220818,1",CIVIL,Lose
"TCDV,97,智,9,20081231,3",CIVIL,Lose
"IPCV,99,民商上,11,20110804,2",CIVIL,Lose
"TNDV,95,智,17,20060629,1",CIVIL,Mixed
"IPCV,100,民著訴,1,20120229,1",CIVIL,Lose
"IPCV,100,民專上,39,20120117,2",CIVIL,Lose
"PCDV,93,重智,11,20050725,1",CIVIL,Lose
"IPCV,111,民專訴,63,20230629,2",CIVIL,Lose
"IPCV,101,民商訴,35,20130517,1",CIVIL,Lose
"TNDV,93,智,32,20080605,1",CIVIL,Lose
"PCDV,101,智,8,20121221,1",CIVIL,Lose
"IPCV,102,民專上易,1,20130718,2",CIVIL,Lose
"IPCV,109,民著上易,23,20210128,1",CIVIL,Lose
"IPCV,106,民專上易,4,20180329,2",CIVIL,Lose
"IPCV,112,民專訴,10,20231107,2",CIVIL,Lose
"IPCV,101,民專上,16,20130103,2",CIVIL,Lose
"SLDV,95,智,4,20070814,1",CIVIL,Mixed
"PCDV,92,智,23,20080704,1",CIVIL,Lose
"TPDV,92,智,14,20040204,1",CIVIL,Win
"IPCV,106,民著上更(一),3,20190530,1",CIVIL,Lose
"IPCV,103,民專訴,60,20150616,2",CIVIL,Lose
"IPCV,100,民專訴,5,20111025,2",CIVIL,Lose
"IPCV,102,民專上,53,20140411,4",CIVIL,Lose
"IPCV,111,民商訴,33,20230508,1",CIVIL,Lose
"IPCV,100,民商上,14,20120202,1",CIVIL,Lose
"IPCV,105,民專上,21,20180111,2",CIVIL,Lose
"PCDV,100,智,8,20120725,2",CIVIL,Mixed
"IPCV,108,民專訴,40,20191206,1",CIVIL,Mixed
"IPCV,103,民專訴,48,20170705,5",CIVIL,Mixed
"IPCV,108,民著訴,144,20200428,1",CIVIL,Mixed
"IPCV,103,民他上易,1,20140925,1",CIVIL,Lose
"IPCV,108,民專訴,103,20200428,2",CIVIL,Lose
"IPCV,98,民專訴,104,20100727,2",CIVIL,Lose
"IPCV,112,民著訴,84,20240524,1",CIVIL,Lose
"TPDV,92,智,97,20041122,4",CIVIL,Win
"IPCV,111,民著訴,22,20220630,1",CIVIL,Mixed
"IPCV,112,民著訴,9,20240930,1",CIVIL,Lose
"IPCV,108,民著訴,12,20190308,1",CIVIL,Lose
"IPCV,113,民專訴,17,20241121,2",CIVIL,Lose
"IPCV,111,民專訴,16,20230218,2",CIVIL,Lose
"IPCV,109,民專訴,63,20201103,2",CIVIL,Lose
"IPCV,110,民著上,4,20211230,2",CIVIL,Lose
"IPCV,108,民商訴,8,20190624,1",CIVIL,Mixed
"IPCV,111,民專訴,42,20231108,3",CIVIL,Lose
"IPCV,107,民著上,3,20190221,2",CIVIL,Lose
"IPCV,101,民專上,44,20130704,2",CIVIL,Lose
"IPCV,100,民專上更(一),6,20120531,2",CIVIL,Win
"IPCV,100,民專訴,13,20110629,2",CIVIL,Lose
"TPDV,92,智,13,20041224,1",CIVIL,Lose
"TCDV,92,智,49,20050428,1",CIVIL,Win
"MLDV,92,智,3,20070409,4",CIVIL,Lose
"IPCV,104,民專訴,82,20170208,3",CIVIL,Lose
"SLDV,91,訴,434,20020821,1",CIVIL,Lose
"TPHV,93,智上,1,20040714,1",CIVIL,Lose
"IPCV,108,民專上,47,20200827,2",CIVIL,Lose
"IPCV,103,民專訴,71,20150603,1",CIVIL,Win
"IPCV,113,民著上,1,20240829,1",CIVIL,Lose
"IPCV,99,民專上,51,20110505,2",CIVIL,Lose
"IPCV,112,民著訴,4,20230425,1",CIVIL,Lose
"IPCV,102,民著上易,8,20140417,1",CIVIL,Win
"TPDV,109,智,21,20210408,1",CIVIL,Mixed
"PCDV,93,智,4,20040225,1",CIVIL,Win
"IPCV,105,民專訴,36,20161021,2",CIVIL,Lose
"IPCV,110,民著訴,104,20220406,1",CIVIL,Lose
"IPCV,101,民著訴,19,20130515,1",CIVIL,Mixed
"IPCV,105,民專上,11,20161208,2",CIVIL,Lose
"IPCV,103,民商訴,61,20160130,2",CIVIL,Mixed
"SCDV,93,智,3,20060314,1",CIVIL,Mixed
"IPCV,101,民著訴,3,20120907,1",CIVIL,Mixed
"IPCV,102,民專訴,6,20130822,1",CIVIL,Mixed
"IPCV,100,民專上更(一),4,20120412,2",CIVIL,Lose
"IPCV,107,民著上易,9,20190124,1",CIVIL,Win
"IPCV,108,民商上,10,20200319,1",CIVIL,Lose
"CYDV,92,智,1,20030909,1",CIVIL,Lose
"IPCV,106,民專訴,56,20181029,2",CIVIL,Lose
"IPCV,108,民商上,12,20200416,1",CIVIL,Lose
"IPCV,101,民專訴,11,20120731,2",CIVIL,Lose
"IPCV,101,民商訴,10,20120725,1",CIVIL,Mixed
"IPCV,104,民專訴,90,20160627,2",CIVIL,Lose
"PCDV,97,智,24,20090522,1",CIVIL,Lose
"IPCV,110,民商訴,8,20211012,1",CIVIL,Lose
"IPCV,107,民著訴,7,20180502,1",CIVIL,Mixed
"IPCV,98,民商訴,41,20100604,1",CIVIL,Lose
"TPHV,95,智上易,22,20070213,1",CIVIL,Lose
"IPCV,109,民商訴,28,20220630,1",CIVIL,Lose
"IPCV,100,民商上,1,20111201,1",CIVIL,Mixed
"IPCV,103,民著上,24,20150625,2",CIVIL,Mixed
"IPCV,102,民專上,40,20140220,2",CIVIL,Lose
"IPCV,99,民專訴,34,20100817,2",CIVIL,Lose
"IPCV,105,民商訴,37,20171023,3",CIVIL,Mixed
"IPCV,106,民專上,19,20180315,2",CIVIL,Lose
"KSDV,109,智,1,20200430,1",CIVIL,Lose
"IPCV,108,民商上,3,20200116,1",CIVIL,Lose
"IPCV,111,民專上,31,20240613,4",CIVIL,Lose
"TYDV,92,簡上,38,20031008,2",CIVIL,Lose
"TCHV,94,智上易,8,20051220,1",CIVIL,Lose
"IPCV,106,民專訴,64,20180123,2",CIVIL,Lose
"IPCV,100,民專上,24,20111208,2",CIVIL,Lose
"SLDV,106,智,2,20170712,1",CIVIL,Lose
"IPCV,108,民專訴,86,20200214,1",CIVIL,Lose
"IPCV,109,民專訴,106,20211130,3",CIVIL,Lose
"IPCV,107,民專訴,71,20190111,2",CIVIL,Lose
"TNDV,93,智,35,20090414,5",CIVIL,Lose
"IPCV,100,民專訴,15,20110824,2",CIVIL,Lose
"IPCV,111,民著訴,58,20221116,1",CIVIL,Lose
"IPCV,108,民專訴,80,20200511,3",CIVIL,Lose
"IPCV,112,民營訴,11,20241108,3",CIVIL,Lose
"IPCV,99,民專訴,165,20110714,3",CIVIL,Lose
"IPCV,111,民著訴,80,20230531,1",CIVIL,Mixed
"IPCV,110,民專訴,53,20221027,2",CIVIL,Lose
"TPDV,92,智,18,20030903,1",CIVIL,Lose
"IPCV,104,民商訴,23,20160429,1",CIVIL,Mixed
"IPCV,109,民專上,18,20210429,1",CIVIL,Lose
"IPCV,102,民專上,60,20140501,2",CIVIL,Lose
"IPCV,106,民專訴,98,20200622,3",CIVIL,Mixed
"IPCV,100,民專訴,53,20120509,2",CIVIL,Mixed
"IPCV,101,民著訴,43,20140930,1",CIVIL,Mixed
"SLDV,98,智,6,20091214,1",CIVIL,Mixed
"IPCV,98,民商上,4,20091022,2",CIVIL,Lose
"IPCV,107,民商訴,59,20190201,1",CIVIL,Lose
"IPCV,102,民商訴,5,20130625,1",CIVIL,Mixed
"IPCV,110,民專訴,30,20211217,2",CIVIL,Lose
"PCDV,94,智(一),30,20060721,1",CIVIL,Mixed
"IPCV,108,民商訴,49,20191231,1",CIVIL,Lose
"IPCV,112,民專上,14,20240830,2",CIVIL,Lose
"IPCV,108,民專上易,3,20200305,3",CIVIL,Lose
"IPCV,109,民專上,48,20211224,3",CIVIL,Lose
"ULDV,92,智,12,20060113,1",CIVIL,Lose
"IPCV,100,民商訴,45,20130111,1",CIVIL,Lose
"SLDV,101,智,7,20130918,3",CIVIL,Mixed
"IPCV,104,民專上易,1,20150709,2",CIVIL,Lose
"IPCV,98,民專訴,65,20100126,2",CIVIL,Lose
"IPCV,111,民專上,43,20230629,2",CIVIL,Lose
"IPCV,102,民專訴,112,20161111,3",CIVIL,Mixed
"IPCV,108,民著上更(一),3,20190912,2",CIVIL,Lose
"TPSV,98,台上,1038,20090611",CIVIL,Lose
"IPCV,107,民專訴,32,20190606,2",CIVIL,Lose
"IPCV,109,民著訴,109,20210730,1",CIVIL,Win
"TCDV,102,智,8,20130913,1",CIVIL,Lose
"IPCV,102,民專訴,130,20140930,3",CIVIL,Lose
"IPCV,107,民商訴,1,20190123,1",CIVIL,Lose
"IPCV,99,民專訴,16,20110707,2",CIVIL,Lose
"SCDV,97,智,5,20100604,2",CIVIL,Lose
"IPCV,110,民商訴,41,20220106,1",CIVIL,Lose
"IPCV,110,民專上,32,20220707,2",CIVIL,Lose
"IPCV,111,民商上,3,20230331,1",CIVIL,Lose
"IPCV,99,民專訴,180,20110125,2",CIVIL,Lose
"IPCV,105,民著上易,3,20160922,1",CIVIL,Lose
"IPCV,108,民專訴,64,20191128,2",CIVIL,Lose
"IPCV,110,民專訴,9,20211026,2",CIVIL,Win
"PCDV,95,智,47,20080530,1",CIVIL,Lose
"IPCV,104,民商上,14,20161013,2",CIVIL,Lose
"IPCV,99,民著上,3,20110804,3",CIVIL,Mixed
"IPCV,99,民專訴,196,20111019,2",CIVIL,Mixed
"TPDV,97,智,5,20080131,1",CIVIL,Mixed
"IPCV,101,民專上更(二),2,20130523,3",CIVIL,Win
"IPCV,104,民專訴,93,20160923,2",CIVIL,Lose
"IPCV,111,民專上,20,20230713,2",CIVIL,Lose
"PCDV,96,重智,11,20090610,3",CIVIL,Lose
"IPCV,101,民專訴,26,20130222,2",CIVIL,Mixed
"IPCV,102,民商訴,49,20141008,1",CIVIL,Lose
"TPHV,98,智上,4,20090826,1",CIVIL,Lose
"IPCV,100,民著上易,2,20111117,1",CIVIL,Lose
"IPCV,104,民著上易,15,20171221,2",CIVIL,Win
"IPCV,107,民商上,7,20190704,2",CIVIL,Lose
"IPCV,98,民專訴,21,20100111,3",CIVIL,Mixed
"IPCV,101,民著上,21,20130815,1",CIVIL,Win
"IPCV,102,民專訴,77,20140218,4",CIVIL,Lose
"IPCV,109,民商上,9,20201022,1",CIVIL,Lose
"IPCV,101,民商訴,49,20130910,2",CIVIL,Mixed
"KSDV,92,智,6,20040220,1",CIVIL,Mixed
"IPCV,107,民專訴,44,20181008,2",CIVIL,Lose
"IPCV,112,民著訴,2,20230531,1",CIVIL,Mixed
"IPCV,100,民他上再,1,20110930,1",CIVIL,Lose
"IPCV,99,民專上易,18,20111201,2",CIVIL,Lose
"IPCV,105,民著訴,53,20170522,2",CIVIL,Lose
"IPCV,102,民著訴,9,20140318,1",CIVIL,Lose
"TCDV,95,智,32,20070130,1",CIVIL,Mixed
"TNEV,96,南智簡,3,20080422,1",CIVIL,Lose
"IPCV,103,民專上,12,20150212,2",CIVIL,Lose
"TCDV,108,智,13,20200213,2",CIVIL,Lose
"IPCV,110,民著上易,2,20210527,1",CIVIL,Lose
"TPDV,94,智,45,20070611,1",CIVIL,Lose
"PCDV,93,智,41,20050913,1",CIVIL,Lose
"TPDV,95,智,4,20060529,1",CIVIL,Lose
"IPCV,109,民專訴,8,20200529,2",CIVIL,Lose
"IPCV,98,民商上易,3,20090617,1",CIVIL,Lose
"IPCV,106,民著上易,6,20180614,2",CIVIL,Lose
"IPCV,98,民專訴,142,20100504,2",CIVIL,Lose
"IPCV,104,民營訴,1,20151228,1",CIVIL,Lose
"TCDV,102,智,9,20131220,3",CIVIL,Win
"IPCV,103,民專訴,73,20150109,2",CIVIL,Lose
"IPCV,100,民專訴,65,20120824,2",CIVIL,Lose
"IPCV,99,民專上,80,20110922,2",CIVIL,Lose
"KSHV,92,智上,2,20040625,1",CIVIL,Lose
"TCDV,111,智,6,20220512,1",CIVIL,Lose
"IPCV,101,民商訴,26,20130308,1",CIVIL,Lose
"IPCV,110,民營上,4,20211230,1",CIVIL,Lose
"IPCV,104,民著上更(一),2,20170525,1",CIVIL,Lose
"IPCV,104,民專訴,24,20151214,2",CIVIL,Lose
"TCDV,93,智,6,20061020,1",CIVIL,Lose
"SLDV,93,智,12,20090831,4",CIVIL,Lose
"IPCV,110,民專訴,38,20220922,3",CIVIL,Lose
"TNHV,93,智上,2,20050118,1",CIVIL,Lose
"TNDV,109,智,6,20210525,1",CIVIL,Lose
"IPCV,110,民商上,7,20220428,1",CIVIL,Lose
"IPCV,112,民營上,1,20231207,1",CIVIL,Lose
"IPCV,103,民專上,5,20150326,2",CIVIL,Lose
"IPCV,107,民專訴,64,20190227,2",CIVIL,Lose
"TCHV,95,智上易,8,20061011,1",CIVIL,Mixed
"CHDV,110,智,3,20210823,1",CIVIL,Lose
"IPCV,101,民專訴,96,20121227,2",CIVIL,Lose
"IPCV,103,民營上,4,20150226,1",CIVIL,Mixed
"IPCV,110,民著訴,115,20220127,1",CIVIL,Lose
"IPCV,108,民著上更(一),5,20200109,1",CIVIL,Mixed
"IPCV,101,民著訴,38,20131003,1",CIVIL,Lose
"TNDV,112,訴,434,20230522,1",CIVIL,Win
"IPCV,104,民著訴,48,20170711,1",CIVIL,Mixed
"IPCV,103,民著上,23,20150618,1",CIVIL,Lose
"TPDV,96,智,85,20090609,2",CIVIL,Lose
"IPCV,109,民商訴,25,20201214,1",CIVIL,Lose
"KSDV,97,智,15,20090414,1",CIVIL,Lose
"IPCV,109,民專訴,67,20210727,2",CIVIL,Lose
"IPCV,112,民專訴,25,20231031,3",CIVIL,Lose
"IPCV,102,民專訴,86,20140121,2",CIVIL,Lose
"IPCV,103,民專上易,5,20150423,2",CIVIL,Lose
"IPCV,101,民專訴,60,20130326,2",CIVIL,Lose
"KSDV,93,智,6,20050324,3",CIVIL,Lose
"IPCV,104,民專上,3,20150903,3",CIVIL,Lose
"IPCV,102,民專訴,141,20150206,2",CIVIL,Lose
"IPCV,106,民專訴,77,20180417,2",CIVIL,Lose
"IPCV,108,民著訴,58,20200410,1",CIVIL,Mixed
"IPCV,99,民專上,53,20111013,3",CIVIL,Mixed
"TPDV,95,智簡上,2,20061229,1",CIVIL,Lose
"IPCV,102,民著訴,31,20131220,1",CIVIL,Mixed
"IPCV,112,民著上易,3,20230531,1",CIVIL,Lose
"TNDV,96,智,1,20080408,1",CIVIL,Lose
"IPCV,109,民專訴,78,20201231,2",CIVIL,Lose
"IPCV,108,民專訴,42,20191015,2",CIVIL,Lose
"IPCV,109,民專訴,69,20201130,2",CIVIL,Lose
"IPCV,106,民商訴,7,20171212,1",CIVIL,Lose
"IPCV,102,民專上,56,20150916,7",CIVIL,Mixed
"IPCV,111,民著訴,25,20230224,1",CIVIL,Lose
"IPCV,107,民專訴,36,20180927,2",CIVIL,Lose
"IPCV,112,民著訴,15,20240417,1",CIVIL,Lose
"IPCV,101,民專上,6,20121031,1",CIVIL,Lose
"IPCV,98,民專上,39,20100527,2",CIVIL,Lose
"IPCV,112,民專訴,43,20231128,2",CIVIL,Mixed
"IPCV,109,民專上,28,20210923,2",CIVIL,Win
"KSDV,94,智,9,20050726,1",CIVIL,Mixed
"IPCV,108,民著訴,65,20200213,3",CIVIL,Mixed
"IPCV,106,民著上,10,20201210,5",CIVIL,Lose
"IPCV,109,民著上易,10,20200820,1",CIVIL,Lose
"IPCV,98,民專上易,24,20101118,2",CIVIL,Win
"IPCV,110,民專訴,8,20211130,2",CIVIL,Lose
"IPCV,108,民著上更(一),2,20190718,1",CIVIL,Lose
"IPCV,108,民專訴,27,20191129,2",CIVIL,Lose
"TPHV,96,智上,2,20090430,1",CIVIL,Lose
"IPCV,99,民專上易,19,20101230,2",CIVIL,Lose
"IPCV,101,民著上,18,20130613,1",CIVIL,Lose
"IPCV,109,民商上易,1,20200806,1",CIVIL,Lose
"IPCV,109,民專訴,102,20210312,2",CIVIL,Lose
"IPCV,110,民著訴,54,20210930,2",CIVIL,Lose
"IPCV,104,民專訴,28,20151130,2",CIVIL,Lose
"IPCV,102,民商上,1,20131226,3",CIVIL,Mixed
"IPCV,105,民專訴,25,20160805,2",CIVIL,Lose
"IPCV,101,民專訴,28,20121207,2",CIVIL,Mixed
"IPCV,101,民著上易,7,20130411,1",CIVIL,Lose
"IPCV,99,民著上易,5,20111020,1",CIVIL,Win
"SLDV,92,智,27,20040707,1",CIVIL,Mixed
"TYDV,92,智,1,20040224,1",CIVIL,Lose
"IPCV,106,民商上,9,20180413,2",CIVIL,Lose
"ULDV,94,智,6,20080212,1",CIVIL,Lose
"IPCV,101,民專上,35,20130418,2",CIVIL,Lose
"IPCV,112,民著訴,75,20231228,1",CIVIL,Mixed
"KSDV,92,智,25,20050318,1",CIVIL,Lose
"CYEV,92,嘉智簡,5,20050830,1",CIVIL,Lose
"TPDV,93,智,70,20050704,1",CIVIL,Mixed
"IPCV,110,民專上,28,20220811,2",CIVIL,Lose
"IPCV,107,民專訴,20,20190326,3",CIVIL,Lose
"IPCV,108,民商訴,48,20200731,1",CIVIL,Lose
"SLDV,93,智,23,20050829,2",CIVIL,Mixed
"TCDV,97,簡,4,20080529,1",CIVIL,Lose
"IPCV,109,民專訴,62,20201204,2",CIVIL,Lose
"NTDV,94,智簡上,1,20050615,1",CIVIL,Lose
"IPCV,107,民專訴,68,20181221,2",CIVIL,Lose
"IPCV,107,民著上,4,20190411,2",CIVIL,Lose
"IPCV,103,民商訴,3,20141128,1",CIVIL,Lose
"IPCV,102,民商上,4,20131212,1",CIVIL,Mixed
"IPCV,106,民著上,2,20180510,1",CIVIL,Lose
"IPCV,98,民專上,40,20100304,2",CIVIL,Lose
"IPCV,107,民專訴,34,20190628,2",CIVIL,Lose
"TPDV,95,智,34,20060508,1",CIVIL,Lose
"IPCV,111,民營上,3,20221103,1",CIVIL,Lose
"IPCV,104,民專上,22,20151126,2",CIVIL,Lose
"IPCV,109,民著上,24,20231214,1",CIVIL,Lose
"IPCV,106,民著訴,49,20180420,1",CIVIL,Lose
"IPCV,101,民商訴,27,20121122,1",CIVIL,Lose
"SCDV,98,智,1,20110103,1",CIVIL,Lose
"IPCV,103,民著上更(一),2,20150618,1",CIVIL,Mixed
"IPCV,104,民專上易,7,20160421,2",CIVIL,Lose
"TPDV,109,智,36,20210820,1",CIVIL,Lose
"IPCV,106,民著上,14,20190110,1",CIVIL,Mixed
"TPDV,96,智,60,20071205,1",CIVIL,Mixed
"IPCV,100,民專訴,75,20110930,1",CIVIL,Win
"IPCV,99,民著上,4,20100902,1",CIVIL,Lose
"TPDV,93,智,61,20041115,1",CIVIL,Mixed
"IPCV,101,民專上,9,20121220,1",CIVIL,Lose
"SCDV,93,智,5,20060221,2",CIVIL,Lose
"TPSV,100,台上,1036,20110630",CIVIL,Lose
"IPCV,103,民專上更(一),2,20151112,2",CIVIL,Lose
"IPCV,104,民專訴,31,20151006,2",CIVIL,Lose
"IPCV,106,民營訴,9,20181011,1",CIVIL,Lose
"IPCV,111,民商訴,25,20230224,1",CIVIL,Mixed
"KSDV,97,智,12,20081114,1",CIVIL,Lose
"IPCV,106,民商上更(一),1,20180719,1",CIVIL,Lose
"IPCV,98,民專訴,143,20100512,2",CIVIL,Lose
"IPCV,106,民專訴,46,20171226,2",CIVIL,Lose
"TCDV,92,智,53,20041129,1",CIVIL,Lose
"TCHV,100,上,456,20120828,2",CIVIL,Lose
"IPCV,111,民專訴,29,20221220,2",CIVIL,Lose
"IPCV,102,民專訴,114,20140930,3",CIVIL,Lose
"TNDV,93,智,21,20100630,3",CIVIL,Lose
"IPCV,98,民專上易,3,20090715,2",CIVIL,Lose
"IPCV,106,民營訴,2,20200117,3",CIVIL,Lose
"IPCV,104,民商上,2,20160407,2",CIVIL,Mixed
"IPCV,107,民專上,25,20190627,2",CIVIL,Lose
"IPCV,101,民專上,39,20140424,6",CIVIL,Lose
"TCDV,95,智,33,20071231,1",CIVIL,Mixed
"IPCV,100,民專上更(一),8,20111115,2",CIVIL,Lose
"IPCV,100,民專上,9,20120131,3",CIVIL,Lose
"IPCV,107,民營訴,10,20211214,2",CIVIL,Mixed
"IPCV,112,民著上更二,3,20240530,2",CIVIL,Lose
"IPCV,102,民商上,11,20140109,1",CIVIL,Lose
"IPCV,106,民專訴,91,20190430,3",CIVIL,Lose
"IPCV,98,民專訴,137,20101214,2",CIVIL,Lose
"TPSV,100,台上,1018,20110630",CIVIL,Lose
"IPCV,108,民商上更(二),1,20210617,2",CIVIL,Lose
"TPDV,96,智,94,20090317,1",CIVIL,Mixed
"TPDV,94,智,44,20051111,1",CIVIL,Mixed
"IPCV,108,民著訴,99,20200331,1",CIVIL,Mixed
"SCDV,95,重智,4,20090313,3",CIVIL,Lose
"IPCV,111,民商訴,40,20240125,1",CIVIL,Mixed
"TPSV,110,台上,923,20220512,1",CIVIL,Lose
"IPCV,109,民專訴,90,20210304,2",CIVIL,Lose
"IPCV,101,民商訴,8,20120730,1",CIVIL,Lose
"PCDV,93,智,23,20040914,1",CIVIL,Mixed
"IPCV,107,民著訴,29,20200630,1",CIVIL,Mixed
"IPCV,108,民著訴,106,20191210,1",CIVIL,Lose
"IPCV,100,民專訴,95,20120418,2",CIVIL,Lose
"TPDV,101,智,16,20130220,1",CIVIL,Lose
"TPDV,94,智,66,20060602,1",CIVIL,Mixed
"IPCV,112,民商訴,35,20240416,1",CIVIL,Mixed
"IPCV,110,民專上,10,20211130,2",CIVIL,Lose
"IPCV,102,民著訴,68,20140528,1",CIVIL,Lose
"IPCV,111,民商訴,38,20230509,1",CIVIL,Win
"IPCV,100,民商上,16,20120726,1",CIVIL,Lose
"IPCV,99,民專訴,65,20110314,2",CIVIL,Lose
"IPCV,101,民專訴,47,20121123,2",CIVIL,Lose
"IPCV,104,民專上,17,20151203,2",CIVIL,Lose
"IPCV,100,民專上,45,20120328,2",CIVIL,Lose
"TPHV,95,智上更(一),5,20070410,1",CIVIL,Mixed
"IPCV,101,民商訴,13,20120905,1",CIVIL,Lose
"IPCV,103,民專訴,7,20141107,2",CIVIL,Lose
"IPCV,103,民專訴,110,20150407,4",CIVIL,Win
"IPCV,105,民商訴,9,20170925,1",CIVIL,Mixed
"IPCV,99,民專上,81,20111222,3",CIVIL,Lose
"IPCV,109,民專訴,26,20201207,2",CIVIL,Lose
"IPCV,98,民著上,20,20100429,1",CIVIL,Lose
"TPHV,95,智上,30,20061128,1",CIVIL,Mixed
"IPCV,104,民商上,6,20160310,2",CIVIL,Lose
"IPCV,102,民著訴,1,20140115,1",CIVIL,Lose
"TPDV,97,智,47,20090814,2",CIVIL,Lose
"IPCV,102,民營訴,6,20171206,7",CIVIL,Mixed
"IPCV,109,民專訴,51,20210429,2",CIVIL,Lose
"IPCV,108,民著更(一),1,20190606,1",CIVIL,Mixed
"TPDV,108,智,30,20200923,1",CIVIL,Lose
"TPHV,94,重上,480,20070206,3",CIVIL,Lose
"IPCV,99,民他訴,5,20110331,1",CIVIL,Mixed
"IPCV,111,民專上更一,6,20240314,2",CIVIL,Win
"TPSV,113,台上,1007,20240919,1",CIVIL,Lose
"IPCV,98,民專上,34,20100812,2",CIVIL,Lose
"IPCV,102,民專訴,23,20131004,2",CIVIL,Lose
"IPCV,102,民專訴,7,20160819,3",CIVIL,Mixed
"SLDV,98,智,2,20090925,1",CIVIL,Mixed
"IPCV,108,民營訴,3,20200814,3",CIVIL,Mixed
"TCDV,93,智,27,20060503,3",CIVIL,Win
"IPCV,110,民專訴,37,20230331,2",CIVIL,Lose
"IPCV,103,民專訴,11,20181129,4",CIVIL,Mixed
"IPCV,104,民專訴,67,20160316,2",CIVIL,Lose
"IPCV,101,民專訴,52,20130125,2",CIVIL,Lose
"TPDV,109,智,20,20210225,2",CIVIL,Lose
"IPCV,97,民專上易,7,20081231,1",CIVIL,Lose
"IPCV,100,民專上,38,20120202,2",CIVIL,Lose
"SLDV,95,智,34,20071224,2",CIVIL,Lose
"IPCV,101,民著訴,11,20121204,1",CIVIL,Lose
"IPCV,109,民商訴,46,20211224,2",CIVIL,Lose
"TPDV,100,智,40,20121228,2",CIVIL,Win
"IPCV,99,民專訴,169,20110324,2",CIVIL,Lose
"IPCV,101,民商上易,3,20130314,1",CIVIL,Mixed
"TPDV,105,智,10,20170425,1",CIVIL,Lose
"IPCV,107,民著訴,75,20190128,1",CIVIL,Win
"PTDV,95,智,1,20060825,1",CIVIL,Lose
"IPCV,102,民專上,11,20140123,2",CIVIL,Lose
"IPCV,112,民專訴,2,20240424,3",CIVIL,Lose
"TCHV,96,智上,20,20110809,4",CIVIL,Mixed
"IPCV,103,民著上,14,20151001,1",CIVIL,Lose
"IPCV,99,民專上更(二),6,20101028,2",CIVIL,Lose
"IPCV,111,民著訴,51,20221229,1",CIVIL,Lose
"TPHV,95,智上,46,20070626,1",CIVIL,Lose
"IPCV,99,民專訴,66,20110519,4",CIVIL,Mixed
"IPCV,97,民商上,5,20090527,1",CIVIL,Lose
"IPCV,100,民專上,8,20120705,2",CIVIL,Mixed
"IPCV,109,民著訴,7,20200316,1",CIVIL,Mixed
"IPCV,99,民專上更(四),5,20110922,1",CIVIL,Lose
"IPCV,103,民商訴,24,20141030,1",CIVIL,Mixed
"TCDV,108,智,16,20200214,2",CIVIL,Win
"IPCV,112,民著上更一,4,20231130,1",CIVIL,Mixed
"IPCV,107,民著訴,30,20180821,1",CIVIL,Mixed
"IPCV,106,民著訴,29,20190326,1",CIVIL,Lose
"CHDV,92,智,5,20050120,1",CIVIL,Mixed
"IPCV,107,民著訴,87,20200428,2",CIVIL,Mixed
"PCDV,101,智,3,20120726,2",CIVIL,Lose
"IPCV,106,民商訴,1,20180131,1",CIVIL,Lose
"IPCV,110,民著訴,47,20211013,1",CIVIL,Win
"IPCV,106,民專上,29,20180705,2",CIVIL,Lose
"IPCV,101,民商訴,20,20121030,1",CIVIL,Mixed
"IPCV,107,民商更(一),2,20190624,1",CIVIL,Mixed
"TCDV,93,智,39,20070206,2",CIVIL,Lose
"IPCV,104,民專上,29,20160505,2",CIVIL,Lose
"IPCV,112,民商訴,55,20240517,1",CIVIL,Lose
"IPCV,102,民專訴,31,20130924,3",CIVIL,Lose
"IPCV,112,民商訴,13,20240425,1",CIVIL,Mixed
"IPCV,104,民商訴,22,20160419,1",CIVIL,Lose
"PCDV,94,重智,3,20050623,1",CIVIL,Win
"IPCV,105,民專訴,50,20171011,3",CIVIL,Lose
"IPCV,111,民商訴,19,20230330,1",CIVIL,Lose
"SLDV,95,智,25,20080305,1",CIVIL,Lose
"FSEV,112,鳳簡,798,20240531,1",CIVIL,Win
"TCDV,95,智,19,20080502,3",CIVIL,Mixed
"IPCV,102,民專上,55,20150115,3",CIVIL,Lose
"TCDV,92,智,23,20040827,1",CIVIL,Mixed
"IPCV,101,民專上,20,20121206,2",CIVIL,Lose
"TPHV,96,智上易,8,20071128,1",CIVIL,Mixed
"IPCV,103,民營上,5,20150521,2",CIVIL,Lose
"IPCV,98,民專訴,97,20100526,2",CIVIL,Lose
"IPCV,111,民專訴,38,20221115,2",CIVIL,Lose
"IPCV,102,民專訴,113,20140611,2",CIVIL,Lose
"PCDV,96,重智,10,20090610,5",CIVIL,Lose
"IPCV,110,民商訴,3,20210914,1",CIVIL,Lose
"PCDV,97,重智,11,20081204,1",CIVIL,Mixed
"TNHV,94,智上,5,20060523,1",CIVIL,Lose
"IPCV,98,民專訴,76,20091125,2",CIVIL,Lose
"IPCV,105,民專訴,56,20170418,2",CIVIL,Lose
"IPCV,102,民專上易,5,20140124,1",CIVIL,Lose
"TPDV,94,智,59,20070620,1",CIVIL,Mixed
"IPCV,101,民專上,41,20131226,2",CIVIL,Mixed
"IPCV,98,民專訴,5,20090430,2",CIVIL,Lose
"IPCV,100,民專訴,134,20130418,4",CIVIL,Lose
"IPCV,97,民專上易,3,20081225,2",CIVIL,Lose
"IPCV,102,民商上,10,20131025,1",CIVIL,Win
"TPDV,100,智,17,20110902,1",CIVIL,Mixed
"IPCV,100,民著訴,29,20150707,2",CIVIL,Mixed
"SLDV,104,智,6,20160527,1",CIVIL,Win
"IPCV,105,民營訴,8,20170621,3",CIVIL,Lose
"IPCV,111,民專訴,62,20230328,2",CIVIL,Lose
"IPCV,98,民著上,14,20091217,1",CIVIL,Lose
"TCDV,103,智,1,20141231,1",CIVIL,Win
"IPCV,112,民專上,8,20240118,2",CIVIL,Lose
"IPCV,99,民商訴,48,20110127,1",CIVIL,Win
"PCDV,94,重智,7,20090429,3",CIVIL,Mixed
"TPDV,93,智,30,20041203,2",CIVIL,Mixed
"IPCV,99,民著訴,71,20110630,1",CIVIL,Lose
"IPCV,104,民專訴,35,20151109,2",CIVIL,Lose
"IPCV,99,民專訴,11,20100811,2",CIVIL,Lose
"IPCV,113,民專上,2,20241106,3",CIVIL,Lose
"TYDV,96,智,20,20090727,3",CIVIL,Mixed
"IPCV,99,民專訴,48,20110603,4",CIVIL,Mixed
"IPCV,107,民專訴,49,20181226,2",CIVIL,Lose
"IPCV,102,民商訴,50,20140515,1",CIVIL,Lose
"IPCV,98,民商上,16,20110127,2",CIVIL,Mixed
"TPDV,109,智,9,20220218,1",CIVIL,Lose
"IPCV,108,民商訴,65,20210331,1",CIVIL,Mixed
"IPCV,102,民商訴,34,20140325,1",CIVIL,Lose
"IPCV,104,民商上,6,20160422,3",CIVIL,Lose
"IPCV,102,民專訴,139,20150203,2",CIVIL,Mixed
"IPCV,108,民商訴,6,20191231,1",CIVIL,Mixed
"SCDV,107,智,9,20190306,2",CIVIL,Mixed
"IPCV,104,民著訴,63,20170329,3",CIVIL,Mixed
"TPDV,93,智,81,20050331,1",CIVIL,Win
"IPCV,99,民專上,6,20101011,2",CIVIL,Lose
"IPCV,113,民著訴,8,20241016,1",CIVIL,Mixed
"TPDV,95,智,65,20061220,1",CIVIL,Mixed
"IPCV,103,民營上,3,20150430,1",CIVIL,Lose
"TPDV,109,智,2,20210514,1",CIVIL,Lose
"IPCV,99,民著上更(一),2,20100923,1",CIVIL,Mixed
"PCDV,96,智,15,20070928,1",CIVIL,Mixed
"CHDV,95,智,2,20090424,1",CIVIL,Lose
"IPCV,108,民營訴,2,20200113,2",CIVIL,Lose
"IPCV,103,民專訴,103,20160307,2",CIVIL,Lose
"TPDV,92,智,84,20050304,1",CIVIL,Lose
"PCDV,93,智,9,20050712,1",CIVIL,Mixed
"IPCV,97,民專上易,4,20081203,2",CIVIL,Mixed
"IPCV,103,民專訴,50,20150922,2",CIVIL,Lose
"IPCV,102,民營訴,7,20160621,5",CIVIL,Lose
"IPCV,104,民著訴,31,20151106,1",CIVIL,Win
"IPCV,101,民專上,48,20130418,2",CIVIL,Lose
"IPCV,102,民專訴,69,20140422,3",CIVIL,Mixed
"IPCV,101,民專訴,126,20130402,2",CIVIL,Lose
"IPCV,103,民著訴,61,20150331,1",CIVIL,Mixed
"KSHV,95,智上,5,20120904,2",CIVIL,Lose
"TPDV,92,智,72,20031110,1",CIVIL,Lose
"TPDV,96,智,73,20090505,1",CIVIL,Mixed
"IPCV,99,民專上,29,20110428,2",CIVIL,Lose
"IPCV,99,民專上,28,20110224,2",CIVIL,Lose
"IPCV,99,民專訴,96,20100830,2",CIVIL,Lose
"IPCV,101,民專訴,77,20121225,2",CIVIL,Mixed
"IPCV,99,民專上,67,20111222,3",CIVIL,Lose
"IPCV,111,民著訴,26,20221123,1",CIVIL,Mixed
"IPCV,103,民專上,8,20140904,2",CIVIL,Lose
"IPCV,98,民商訴,27,20091228,1",CIVIL,Mixed
"IPCV,102,民著上,6,20131129,1",CIVIL,Mixed
"IPCV,102,民專訴,104,20160729,2",CIVIL,Mixed
"IPCV,109,民商上更(三),3,20211223,1",CIVIL,Lose
"IPCV,111,民專上易,2,20230427,3",CIVIL,Lose
"PCDV,94,智,1,20050315,1",CIVIL,Win
"IPCV,108,民著訴,11,20190726,1",CIVIL,Lose
"IPCV,103,民商上,1,20150430,2",CIVIL,Mixed
"IPCV,100,民專訴,85,20120713,2",CIVIL,Lose
"SLDV,96,智,31,20071231,1",CIVIL,Lose
"IPCV,102,民商上,18,20150521,1",CIVIL,Lose
"IPCV,111,民商訴,32,20221230,2",CIVIL,Mixed
"IPCV,112,民著訴,19,20231025,1",CIVIL,Win
"SLDV,97,智,1,20091231,2",CIVIL,Lose
"IPCV,109,民專訴,87,20210129,2",CIVIL,Lose
"IPCV,98,民著訴,19,20090817,1",CIVIL,Lose
"IPCV,100,民專訴,45,20111011,2",CIVIL,Lose
"TPDV,109,智,19,20211126,1",CIVIL,Lose
"IPCV,104,民專訴,61,20170203,2",CIVIL,Lose
"IPCV,99,民專上,39,20110609,2",CIVIL,Lose
"IPCV,104,民專訴,37,20151026,2",CIVIL,Lose
"IPCV,103,民專上,32,20150423,2",CIVIL,Lose
"PTEV,97,屏智簡,1,20090630,2",CIVIL,Lose
"IPCV,109,民專上更(一),3,20230629,2",CIVIL,Mixed
"IPCV,103,民專上,28,20160602,2",CIVIL,Lose
"IPCV,100,民專上易,15,20110901,2",CIVIL,Lose
"TNDV,92,智,11,20031022,1",CIVIL,Lose
"IPCV,109,民專訴,81,20210916,2",CIVIL,Lose
"TPDV,96,智,77,20080222,2",CIVIL,Lose
"IPCV,109,民營上,8,20220630,1",CIVIL,Lose
"IPCV,104,民商訴,19,20160321,1",CIVIL,Lose
"IPCV,109,民專訴,107,20210226,1",CIVIL,Lose
"IPCV,97,民專上,5,20081112,1",CIVIL,Lose
"IPCV,110,民商訴,2,20220427,1",CIVIL,Mixed
"IPCV,111,民著上易,11,20221103,1",CIVIL,Lose
"IPCV,109,民著上易,25,20210331,1",CIVIL,Lose
"IPCV,112,民商訴,34,20240402,1",CIVIL,Mixed
"TPHV,95,智上更(一),3,20070307,2",CIVIL,Mixed
"IPCV,107,民著上,20,20200813,2",CIVIL,Win
"IPCV,97,民著上,6,20090730,1",CIVIL,Lose
"IPCV,107,民營訴,4,20190709,4",CIVIL,Mixed
"IPCV,111,民著上,11,20230309,1",CIVIL,Mixed
"TNDV,92,智,16,20040909,1",CIVIL,Mixed
"IPCV,103,民專上,11,20141023,2",CIVIL,Lose
"IPCV,107,民商上易,4,20181128,1",CIVIL,Lose
"NTEV,93,投智簡,2,20050127,2",CIVIL,Win
"IPCV,99,民專上,34,20110317,2",CIVIL,Lose
"IPCV,111,民著訴,7,20220929,2",CIVIL,Lose
"IPCV,97,民專訴,10,20090310,1",CIVIL,Lose
"IPCV,105,民專上,30,20170112,1",CIVIL,Lose
"TPDV,105,智,21,20161213,1",CIVIL,Lose
"IPCV,104,民專訴,11,20160122,2",CIVIL,Lose
"IPCV,99,民他上更(一),1,20110505,2",CIVIL,Mixed
"IPCV,101,民商上易,2,20121122,1",CIVIL,Lose
"IPCV,111,民商上,1,20230427,2",CIVIL,Lose
"IPCV,99,民專訴,99,20101103,2",CIVIL,Win
"IPCV,104,民專上易,2,20150903,2",CIVIL,Lose
"IPCV,103,民商訴,32,20150127,1",CIVIL,Lose
"IPCV,106,民專上,18,20180329,2",CIVIL,Lose
"IPCV,110,民專訴,77,20220524,2",CIVIL,Lose
"IPCV,99,民專訴,32,20100831,4",CIVIL,Lose
"KSDV,96,智,6,20100519,2",CIVIL,Lose
"SLDV,94,智,20,20090424,5",CIVIL,Mixed
"IPCV,98,民商訴,20,20091210,1",CIVIL,Mixed
"TCDV,109,智,1,20210813,1",CIVIL,Lose
"IPCV,101,民專訴,53,20120831,2",CIVIL,Lose
"IPCV,104,民專上再,3,20151105,2",CIVIL,Lose
"TCHV,96,智上,1,20090616,1",CIVIL,Lose
"TPHV,97,智上,23,20120626,3",CIVIL,Lose
"IPCV,100,民專訴,23,20111130,2",CIVIL,Lose
"IPCV,98,民專上易,15,20091203,1",CIVIL,Lose
"IPCV,106,民專訴,52,20191129,2",CIVIL,Lose
"IPCV,109,民商上,23,20211111,1",CIVIL,Lose
"TNHV,93,智上易,6,20050726,1",CIVIL,Lose
"IPCV,109,民專訴,6,20200720,2",CIVIL,Lose
"KSDV,92,智,15,20040924,1",CIVIL,Lose
"IPCV,111,民專上,40,20230907,2",CIVIL,Lose
"IPCV,109,民著上易,7,20200910,1",CIVIL,Mixed
"IPCV,98,民著訴,48,20100315,1",CIVIL,Win
"IPCV,99,民專訴,173,20110421,2",CIVIL,Mixed
"IPCV,104,民著上易,6,20150924,1",CIVIL,Lose
"IPCV,100,民專訴,72,20120510,2",CIVIL,Lose
"TNDV,93,智,36,20060308,1",CIVIL,Lose
"IPCV,102,民專上,29,20131128,3",CIVIL,Lose
"IPCV,104,民著上,16,20160421,2",CIVIL,Lose
"IPCV,103,民專訴,47,20150226,2",CIVIL,Lose
"IPCV,107,民專上,10,20191003,3",CIVIL,Lose
"IPCV,110,民商上,9,20220721,1",CIVIL,Lose
"IPCV,109,民著訴,3,20200331,1",CIVIL,Lose
"TCDV,92,智,55,20041110,3",CIVIL,Mixed
"IPCV,104,民專上,24,20151130,2",CIVIL,Lose
"IPCV,100,民專訴,60,20120907,2",CIVIL,Mixed
"IPCV,97,民專訴,18,20090907,3",CIVIL,Lose
"IPCV,105,民專訴,8,20170714,2",CIVIL,Lose
"PCDV,96,智,16,20070704,1",CIVIL,Mixed
"IPCV,110,民專上,22,20211223,2",CIVIL,Lose
"TCDV,93,智,63,20051202,1",CIVIL,Lose
"IPCV,100,民專上,11,20120927,5",CIVIL,Mixed
"TPSV,104,台上,1343,20150717",CIVIL,Lose
"IPCV,109,民著訴,22,20200828,1",CIVIL,Lose
"TNHV,94,智上易,5,20060117,1",CIVIL,Lose
"IPCV,102,民專上,26,20130905,3",CIVIL,Lose
"IPCV,107,民商更(一),1,20180724,1",CIVIL,Lose
"IPCV,106,民著訴,71,20190211,3",CIVIL,Mixed
"IPCV,111,民著訴,84,20231017,1",CIVIL,Mixed
"IPCV,104,民專上,14,20160421,2",CIVIL,Mixed
"IPCV,102,民專上,18,20130829,1",CIVIL,Lose
"IPCV,100,民商訴,5,20110623,1",CIVIL,Win
"IPCV,102,民商訴,46,20140124,1",CIVIL,Lose
"TPSV,102,台上,947,20130522",CIVIL,Lose
"IPCV,109,民專訴,61,20210812,2",CIVIL,Mixed
"SCDV,94,重智,4,20100531,4",CIVIL,Lose
"IPCV,102,民專訴,116,20140630,2",CIVIL,Lose
"IPCV,113,民著上易,2,20241128,1",CIVIL,Lose
"TPDV,95,智,32,20070430,2",CIVIL,Mixed
"IPCV,112,民商上,5,20230615,1",CIVIL,Lose
"IPCV,109,民商訴,26,20201231,1",CIVIL,Lose
"IPCV,101,民專上,19,20130103,3",CIVIL,Lose
"IPCV,106,民專上易,1,20170928,2",CIVIL,Lose
"IPCV,102,民專訴,61,20150612,4",CIVIL,Lose
"TPHV,97,智上易,7,20080617,1",CIVIL,Lose
"IPCV,100,民專上,54,20120607,2",CIVIL,Lose
"IPCV,112,民專訴,22,20231121,2",CIVIL,Lose
"TPDV,108,智,42,20211001,1",CIVIL,Lose
"IPCV,105,民專上,32,20170622,2",CIVIL,Lose
"IPCV,97,民商訴,1,20090413,2",CIVIL,Lose
"IPCV,109,民專上,26,20210325,2",CIVIL,Lose
"TPEV,96,北智簡,1,20071221,1",CIVIL,Mixed
"IPCV,103,民專上易,6,20150430,2",CIVIL,Lose
"IPCV,112,民專上,27,20241017,2",CIVIL,Mixed
"IPCV,97,民專訴,17,20090525,2",CIVIL,Lose
"IPCV,107,民營上,2,20190124,1",CIVIL,Mixed
"TCDV,93,智,10,20040517,1",CIVIL,Lose
"IPCV,109,民著訴,65,20211228,2",CIVIL,Lose
"IPCV,100,民專上易,22,20111027,3",CIVIL,Lose
"IPCV,104,民專訴,94,20180115,4",CIVIL,Lose
"IPCV,105,民專訴,82,20170707,2",CIVIL,Lose
"IPCV,102,民專訴,42,20151231,3",CIVIL,Mixed
"IPCV,111,民著訴,60,20231017,2",CIVIL,Mixed
"IPCV,104,民商訴,9,20151116,2",CIVIL,Mixed
"IPCV,103,民專上,2,20150514,2",CIVIL,Lose
"IPCV,101,民專上,31,20130524,1",CIVIL,Lose
"TPDV,95,智,17,20060508,1",CIVIL,Win
"IPCV,100,民專上,44,20120426,2",CIVIL,Lose
"IPCV,101,民專訴,109,20130628,2",CIVIL,Lose
"IPCV,98,民專訴,72,20091124,2",CIVIL,Lose
"IPCV,105,民專訴,60,20170616,2",CIVIL,Win
"IPCV,109,民著訴,94,20210309,1",CIVIL,Lose
"IPCV,111,民營上,6,20231026,2",CIVIL,Win
"IPCV,103,民專訴,107,20150720,2",CIVIL,Lose
"IPCV,106,民專訴,51,20180320,2",CIVIL,Lose
"IPCV,103,民著訴,34,20150930,1",CIVIL,Lose
"IPCV,106,民商訴,51,20190430,3",CIVIL,Mixed
"IPCV,102,民專訴,29,20131212,2",CIVIL,Win
"TPDV,92,智,58,20040430,2",CIVIL,Lose
"IPCV,102,民專訴,101,20140429,2",CIVIL,Lose
"IPCV,103,民專上,3,20141002,3",CIVIL,Lose
"IPCV,109,民著訴,5,20200505,1",CIVIL,Mixed
"IPCV,106,民商上,7,20180830,1",CIVIL,Lose
"TPHV,94,智上,46,20070829,3",CIVIL,Lose
"IPCV,108,民商上,11,20200521,1",CIVIL,Lose
"TCHV,97,智上更(一),4,20081209,1",CIVIL,Win
"IPCV,104,民專訴,29,20160118,1",CIVIL,Lose
"IPCV,98,民專訴,101,20100301,3",CIVIL,Lose
"PCDV,97,重智,6,20101029,2",CIVIL,Lose
"IPCV,110,民著訴,18,20210504,1",CIVIL,Lose
"TCHV,94,智上,15,20071218,1",CIVIL,Mixed
"MLDV,96,重智,1,20070814,1",CIVIL,Mixed
"IPCV,111,民營上易,1,20231026,2",CIVIL,Mixed
"IPCV,103,民著上,26,20150625,1",CIVIL,Win
"TCDV,105,智,11,20170113,1",CIVIL,Lose
"SLDV,92,智,10,20070919,2",CIVIL,Lose
"IPCV,105,民專上,25,20170223,3",CIVIL,Lose
"IPCV,98,民著訴,34,20101101,2",CIVIL,Lose
"IPCV,102,民著上更(一),3,20140730,1",CIVIL,Mixed
"IPCV,107,民專訴,78,20190218,3",CIVIL,Lose
"IPCV,101,民專訴,102,20130222,2",CIVIL,Lose
"TCDV,110,智,7,20211201,1",CIVIL,Mixed
"IPCV,109,民著訴,107,20211102,1",CIVIL,Lose
"IPCV,104,民商上,9,20160623,2",CIVIL,Lose
"TCHV,95,智上,4,20121113,4",CIVIL,Lose
"IPCV,103,民著上,5,20151231,1",CIVIL,Win
"IPCV,111,民專訴,53,20221230,2",CIVIL,Lose
"IPCV,103,民著上易,6,20150416,1",CIVIL,Mixed
"TCDV,112,智,5,20240530,1",CIVIL,Mixed
"IPCV,101,民商訴,19,20121123,1",CIVIL,Lose
"IPCV,110,民著訴,86,20220607,1",CIVIL,Lose
"IPCV,111,民商訴,52,20230921,1",CIVIL,Lose
"IPCV,98,民商上,15,20100812,2",CIVIL,Mixed
"IPCV,104,民著上易,7,20160225,1",CIVIL,Mixed
"IPCV,110,民商訴,38,20220711,1",CIVIL,Mixed
"IPCV,101,民專上,2,20130411,2",CIVIL,Win
"IPCV,111,民商訴,56,20231226,1",CIVIL,Mixed
"IPCV,108,民著訴,2,20190319,1",CIVIL,Lose
"IPCV,100,民專訴,117,20120525,2",CIVIL,Lose
"TNDV,94,智,3,20071224,2",CIVIL,Lose
"IPCV,108,民商訴,25,20191022,1",CIVIL,Mixed
"IPCV,110,民商上,14,20230119,1",CIVIL,Lose
"IPCV,102,民專上,71,20140626,2",CIVIL,Lose
"IPCV,105,民專上,38,20180315,1",CIVIL,Lose
"IPCV,112,民著訴,35,20240529,3",CIVIL,Mixed
"IPCV,108,民專訴,36,20190816,2",CIVIL,Lose
"IPCV,99,民專上,64,20110714,2",CIVIL,Lose
"CHDV,95,智,11,20070822,1",CIVIL,Mixed
"IPCV,109,民專訴,35,20210309,2",CIVIL,Lose
"TPDV,94,智,24,20051026,1",CIVIL,Mixed
"IPCV,106,民專訴,104,20181008,2",CIVIL,Lose
"IPCV,99,民他上,2,20110303,1",CIVIL,Lose
"IPCV,99,民著訴,57,20100921,1",CIVIL,Lose
"TPDV,94,智,27,20051125,1",CIVIL,Mixed
"IPCV,108,民商上易,4,20220608,1",CIVIL,Mixed
"IPCV,113,民專訴,30,20241231,2",CIVIL,Lose
"IPCV,103,民商上,8,20150625,3",CIVIL,Lose
"TPHV,94,智上易,9,20051012,1",CIVIL,Mixed
"IPCV,106,民專上,30,20180705,2",CIVIL,Mixed
"TCHV,103,智上,1,20150526,1",CIVIL,Lose
"IPCV,109,民著上更(一),3,20210603,1",CIVIL,Mixed
"IPCV,101,民專訴,43,20121116,2",CIVIL,Lose
"IPCV,108,民著訴,24,20190319,1",CIVIL,Lose
"IPCV,105,民專上,2,20161020,3",CIVIL,Lose
"IPCV,99,民專訴,177,20110324,2",CIVIL,Lose
"IPCV,103,民專訴,39,20141128,1",CIVIL,Win
"PCDV,92,智,40,20040712,2",CIVIL,Win
"IPCV,105,民專訴,73,20170526,2",CIVIL,Lose
"IPCV,104,民專上,43,20161229,2",CIVIL,Mixed
"TYDV,95,智,1,20060922,1",CIVIL,Lose
"IPCV,111,民著上易,12,20221124,1",CIVIL,Lose
"IPCV,100,民專訴,131,20120530,2",CIVIL,Lose
"IPCV,110,民著訴,31,20210907,1",CIVIL,Win
"TCHV,90,上易,269,20030319,1",CIVIL,Lose
"IPCV,113,民著上,9,20241004,1",CIVIL,Lose
"TPSV,111,台上,14,20220331,1",CIVIL,Lose
"PCDV,95,智,17,20061215,1",CIVIL,Mixed
"IPCV,108,民著訴,98,20191129,1",CIVIL,Mixed
"MLDV,95,重智,1,20070112,1",CIVIL,Mixed
"IPCV,103,民專訴,28,20150630,2",CIVIL,Lose
"KSHV,91,上易,193,20030630,1",CIVIL,Lose
"IPCV,109,民營訴,10,20220127,1",CIVIL,Lose
"IPCV,102,民專訴,127,20140530,2",CIVIL,Lose
"IPCV,103,民商上易,1,20141120,1",CIVIL,Lose
"IPCV,101,民專訴,88,20130613,2",CIVIL,Lose
"IPCV,98,民專訴,130,20100615,2",CIVIL,Lose
"IPCV,103,民專上,19,20161103,2",CIVIL,Lose
"IPCV,106,民著上易,4,20180614,1",CIVIL,Mixed
"IPCV,109,民著訴,93,20210511,1",CIVIL,Mixed
"IPCV,108,民專上,30,20200423,1",CIVIL,Lose
"TNHV,93,智上易,8,20050329,1",CIVIL,Lose
"TPDV,95,智,66,20070129,1",CIVIL,Win
"IPCV,98,民商上更(二),3,20100812,2",CIVIL,Lose
"TCHV,95,智上易,20,20100226,3",CIVIL,Mixed
"IPCV,104,民著訴,40,20170412,1",CIVIL,Mixed
"IPCV,107,民商上,23,20190919,2",CIVIL,Lose
"IPCV,109,民專訴,96,20211109,2",CIVIL,Win
"IPCV,104,民著上易,16,20160512,1",CIVIL,Lose
"IPCV,112,民著訴,77,20240712,1",CIVIL,Mixed
"TYDV,94,智,6,20061101,1",CIVIL,Lose
"IPCV,101,民專上,26,20130425,2",CIVIL,Lose
"TYDV,95,智,13,20111226,3",CIVIL,Lose
"IPCV,101,民著訴,13,20130208,1",CIVIL,Lose
"IPCV,98,民專訴,157,20100531,3",CIVIL,Lose
"TNHV,95,智上易,4,20061114,1",CIVIL,Lose
"IPCV,100,民專訴,59,20120426,2",CIVIL,Lose
"IPCV,98,民專上,57,20110303,3",CIVIL,Win
"IPCV,99,民專訴,156,20120222,4",CIVIL,Mixed
"TPSV,106,台上,405,20170721",CIVIL,Lose
"TCDV,110,智,2,20211007,1",CIVIL,Mixed
"IPCV,99,民商訴,15,20101109,1",CIVIL,Win
"IPCV,108,民專訴,104,20200428,2",CIVIL,Lose
"SCDV,95,智,9,20080407,2",CIVIL,Win
"TCHV,96,智上,19,20080527,1",CIVIL,Lose
"IPCV,103,民專訴,88,20150422,1",CIVIL,Mixed
"IPCV,110,民著訴,8,20211117,1",CIVIL,Mixed
"IPCV,103,民專上更(一),5,20150917,2",CIVIL,Win
"TPDV,92,智簡上,1,20040217,1",CIVIL,Lose
"TYEV,90,桃簡,996,20021120,2",CIVIL,Win
"IPCV,103,民商訴,29,20151007,2",CIVIL,Mixed
"IPCV,111,民著訴,37,20231122,1",CIVIL,Mixed
"IPCV,103,民商訴,48,20150429,2",CIVIL,Lose
"TPDV,100,智,11,20121228,3",CIVIL,Lose
"IPCV,102,民商上,15,20140522,3",CIVIL,Lose
"IPCV,107,民專訴,107,20190430,2",CIVIL,Lose
"TCDV,107,智,7,20191128,1",CIVIL,Mixed
"IPCV,106,民商上,12,20190425,1",CIVIL,Lose
"PCDV,94,智,23,20070621,1",CIVIL,Mixed
"IPCV,110,民商上,3,20211007,1",CIVIL,Lose
"IPCV,99,民專訴,126,20101130,2",CIVIL,Lose
"IPCV,111,民商上,16,20230831,1",CIVIL,Lose
"IPCV,106,民營訴,2,20200326,5",CIVIL,Lose
"NHEV,95,湖智簡,3,20061110,1",CIVIL,Mixed
"IPCV,99,民著訴,1,20100517,1",CIVIL,Mixed
"IPCV,100,民專上易,29,20111124,2",CIVIL,Lose
"IPCV,98,民專訴,81,20101025,3",CIVIL,Mixed
"IPCV,108,民專訴,5,20190528,2",CIVIL,Lose
"IPCV,106,民專上易,3,20180329,2",CIVIL,Lose
"IPCV,100,民專上,50,20120524,1",CIVIL,Lose
"IPCV,107,民專訴,58,20190130,2",CIVIL,Lose
"IPCV,107,民著訴,32,20190329,1",CIVIL,Lose
"IPCV,110,民著訴,126,20240220,2",CIVIL,Lose
"IPCV,98,民商上,20,20100624,1",CIVIL,Lose
"IPCV,103,民營訴,3,20160415,1",CIVIL,Win
"IPCV,106,民專訴,67,20180529,2",CIVIL,Lose
"IPCV,108,民專上,19,20210304,4",CIVIL,Lose
"TCHV,95,智上易,4,20060331,1",CIVIL,Lose
"IPCV,108,民專訴,53,20200529,3",CIVIL,Lose
"IPCV,102,民著訴,46,20140507,1",CIVIL,Lose
"IPCV,98,民著上,5,20090527,1",CIVIL,Lose
"IPCV,107,民專上易,1,20181220,2",CIVIL,Lose
"IPCV,104,民商訴,29,20161031,1",CIVIL,Lose
"IPCV,108,民著上易,3,20190926,1",CIVIL,Mixed
"IPCV,106,民商訴,46,20180430,1",CIVIL,Lose
"IPCV,107,民商上,4,20181129,1",CIVIL,Lose
"IPCV,98,民專訴,34,20090630,2",CIVIL,Lose
"TNDV,94,智,23,20060428,1",CIVIL,Lose
"IPCV,103,民專訴,112,20151222,2",CIVIL,Lose
"IPCV,106,民商上,2,20171012,1",CIVIL,Lose
"IPCV,103,民專訴,111,20151221,2",CIVIL,Lose
"TPDV,97,智,18,20081106,2",CIVIL,Lose
"TPDV,94,智,20,20050629,1",CIVIL,Mixed
"TPSV,102,台上,2408,20131218",CIVIL,Lose
"IPCV,105,民專訴,18,20161026,2",CIVIL,Lose
"IPCV,107,民著上,10,20181227,1",CIVIL,Mixed
"HLDV,92,智,2,20051212,1",CIVIL,Lose
"IPCV,109,民著上,18,20230330,1",CIVIL,Mixed
"IPCV,102,民著上,13,20140227,1",CIVIL,Lose
"TCDV,92,智,64,20040227,1",CIVIL,Mixed
"IPCV,105,民商訴,51,20171208,1",CIVIL,Mixed
"IPCV,110,民營上,3,20220127,2",CIVIL,Lose
"IPCV,104,民商上,20,20161124,1",CIVIL,Mixed
"TCHV,97,智上易,3,20080709,1",CIVIL,Lose
"IPCV,108,民專訴,93,20210225,2",CIVIL,Lose
"IPCV,111,民著訴,79,20231227,1",CIVIL,Lose
"IPCV,101,民營訴,2,20130621,2",CIVIL,Mixed
"IPCV,107,民著上,17,20190711,1",CIVIL,Lose
"IPCV,105,民著訴,50,20170814,1",CIVIL,Mixed
"IPCV,104,民著訴,19,20160106,1",CIVIL,Lose
"IPCV,98,民專訴,124,20100907,2",CIVIL,Lose
"SLDV,94,智,38,20060919,1",CIVIL,Lose
"IPCV,103,民著訴,1,20140331,1",CIVIL,Lose
"IPCV,104,民著訴,17,20151231,2",CIVIL,Lose
"IPCV,101,民專上,52,20130606,2",CIVIL,Lose
"IPCV,103,民商訴,45,20150807,1",CIVIL,Lose
"IPCV,109,民專訴,32,20211229,2",CIVIL,Lose
"TYDV,93,智,14,20081231,3",CIVIL,Lose
"IPCV,109,民著上易,16,20201105,1",CIVIL,Lose
"IPCV,101,民專訴,82,20130829,3",CIVIL,Lose
"IPCV,108,民專訴,46,20191231,2",CIVIL,Lose
"SLDV,102,智,5,20140224,1",CIVIL,Lose
"TPHV,95,智上,12,20060829,1",CIVIL,Lose
"SLDV,96,智,28,20080403,1",CIVIL,Mixed
"IPCV,97,民商上更(一),1,20081113,1",CIVIL,Lose
"IPCV,106,民商訴,3,20180223,6",CIVIL,Mixed
"TPDV,95,智,103,20070129,1",CIVIL,Lose
"IPCV,102,民著訴,60,20150210,2",CIVIL,Mixed
"IPCV,103,民著上,12,20151203,2",CIVIL,Lose
"IPCV,101,民專上,36,20130613,1",CIVIL,Lose
"MLDV,93,智,1,20060907,4",CIVIL,Lose
"IPCV,107,民專訴,111,20200116,2",CIVIL,Win
"IPCV,107,民商訴,41,20200831,2",CIVIL,Mixed
"TCHV,96,智上,8,20070912,1",CIVIL,Lose
"IPCV,103,民商訴,17,20150428,1",CIVIL,Lose
"IPCV,99,民著上易,6,20110707,1",CIVIL,Mixed
"IPCV,107,民著訴,21,20180907,1",CIVIL,Lose
"SCDV,106,智,3,20190329,3",CIVIL,Mixed
"IPCV,110,民專訴,60,20220324,2",CIVIL,Lose
"TPDV,109,智,61,20211222,1",CIVIL,Win
"TPDV,88,訴,4858,20010524",CIVIL,Mixed
"IPCV,102,民著訴,34,20160226,2",CIVIL,Mixed
"IPCV,112,民商上易,2,20230817,1",CIVIL,Lose
"IPCV,109,民專訴,83,20210415,2",CIVIL,Lose
"IPCV,104,民專上易,10,20160414,2",CIVIL,Lose
"TCHV,96,智上,14,20080610,2",CIVIL,Mixed
"IPCV,101,民專訴,99,20130131,2",CIVIL,Lose
"TPSV,109,台上,2572,20210224,1",CIVIL,Lose
"IPCV,100,民商訴,25,20111229,1",CIVIL,Mixed
"IPCV,98,民專訴,44,20091013,2",CIVIL,Lose
"TPHV,93,智上易,5,20040615,1",CIVIL,Lose
"IPCV,100,民商訴,43,20120307,1",CIVIL,Lose
"IPCV,107,民商訴,44,20181207,1",CIVIL,Lose
"IPCV,109,民著上,16,20211125,1",CIVIL,Mixed
"IPCV,105,民專上,6,20170119,1",CIVIL,Lose
"IPCV,111,民著訴,55,20230331,1",CIVIL,Lose
"IPCV,111,民著上易,7,20220929,1",CIVIL,Win
"IPCV,103,民商訴,37,20150525,1",CIVIL,Win
"TCDV,96,智,25,20070613,1",CIVIL,Mixed
"TPSV,104,台上,1540,20150819",CIVIL,Lose
"IPCV,98,民著上更(一),2,20100422,1",CIVIL,Lose
"IPCV,100,民專訴,4,20111031,2",CIVIL,Mixed
"IPCV,104,民商上更(一),1,20180614,2",CIVIL,Lose
"TNHV,95,智上易,1,20061003,1",CIVIL,Lose
"IPCV,98,民著上,24,20100121,1",CIVIL,Lose
"IPCV,110,民著訴,14,20211122,1",CIVIL,Lose
"IPCV,110,民著訴,148,20220517,1",CIVIL,Mixed
"IPCV,99,民商訴,23,20110721,1",CIVIL,Lose
"IPCV,106,民專訴,44,20180319,2",CIVIL,Mixed
"IPCV,107,民專訴,29,20181126,2",CIVIL,Lose
"IPCV,104,民著訴,12,20150706,1",CIVIL,Lose
"TPHV,97,智上,18,20080903,1",CIVIL,Lose
"SCDV,97,智,4,20100315,3",CIVIL,Lose
"IPCV,99,民專上,60,20120803,4",CIVIL,Mixed
"IPCV,111,民商訴,51,20231018,2",CIVIL,Mixed
"TPHV,96,智上,27,20080130,1",CIVIL,Lose
"IPCV,101,民專訴,69,20130222,2",CIVIL,Mixed
"IPCV,101,民專訴,137,20130510,3",CIVIL,Lose
"IPCV,104,民著訴,7,20150831,1",CIVIL,Mixed
"KSDV,101,智,1,20140227,1",CIVIL,Lose
"KSHV,93,智上易,2,20040812,1",CIVIL,Win
"IPCV,109,民專訴,111,20210511,2",CIVIL,Lose
"IPCV,109,民著訴,40,20201013,1",CIVIL,Lose
"IPCV,112,民著上,26,20240822,1",CIVIL,Lose
"KSDV,96,智,17,20080910,1",CIVIL,Lose
"IPCV,107,民專上更(一),1,20181227,2",CIVIL,Lose
"IPCV,111,民專上,38,20230406,3",CIVIL,Lose
"IPCV,111,民專訴,15,20220524,2",CIVIL,Lose
"IPCV,108,民專訴,35,20220729,3",CIVIL,Mixed
"IPCV,109,民專上易,5,20210304,2",CIVIL,Lose
"IPCV,99,民專訴,87,20110104,2",CIVIL,Lose
"IPCV,108,民著訴,67,20190806,1",CIVIL,Lose
"IPCV,107,民專上,26,20200206,4",CIVIL,Lose
"SLDV,97,智,18,20080918,1",CIVIL,Win
"IPCV,106,民專上,36,20180412,2",CIVIL,Lose
"IPCV,105,民著訴,41,20170512,1",CIVIL,Mixed
"TNHV,92,智上,4,20050215,1",CIVIL,Lose
"IPCV,110,民專上,5,20240502,4",CIVIL,Lose
"IPCV,100,民專上,31,20120426,2",CIVIL,Lose
"KSDV,92,智,20,20080430,4",CIVIL,Mixed
"TPSV,110,台上,1401,20211229,1",CIVIL,Lose
"IPCV,101,民著訴,45,20130625,1",CIVIL,Lose
"IPCV,100,民著訴,39,20120215,1",CIVIL,Mixed
"IPCV,109,民專上,11,20210225,1",CIVIL,Lose
"IPCV,105,民專上,17,20170223,3",CIVIL,Mixed
"IPCV,104,民專訴,56,20160205,2",CIVIL,Lose
"IPCV,109,民專訴,20,20210528,3",CIVIL,Lose
"IPCV,104,民專訴,2,20151130,2",CIVIL,Lose
"IPCV,103,民專上,27,20150226,3",CIVIL,Lose
"IPCV,99,民商訴,47,20110623,1",CIVIL,Lose
"IPCV,101,民商上,5,20120719,1",CIVIL,Lose
"TPDV,92,智,95,20040305,1",CIVIL,Win
"TNDV,106,智,8,20180403,2",CIVIL,Mixed
"IPCV,110,民著訴,73,20211123,1",CIVIL,Lose
"IPCV,100,民著訴,61,20120329,1",CIVIL,Win
"TNDV,93,智,29,20070910,4",CIVIL,Lose
"IPCV,104,民專上,5,20151112,2",CIVIL,Lose
"IPCV,108,民專訴,99,20201201,2",CIVIL,Lose
"IPCV,103,民專訴,98,20150706,2",CIVIL,Lose
"IPCV,97,民專上,9,20090514,3",CIVIL,Lose
"CHDV,93,智,13,20050721,1",CIVIL,Lose
"IPCV,98,民專訴,77,20091222,2",CIVIL,Mixed
"IPCV,110,民營訴,3,20211029,1",CIVIL,Lose
"IPCV,106,民著訴,13,20170626,1",CIVIL,Mixed
"IPCV,100,民專上易,27,20110825,2",CIVIL,Lose
"TPDV,92,智,56,20040216,3",CIVIL,Lose
"IPCV,112,民商訴,26,20240219,1",CIVIL,Lose
"TCDV,102,智,11,20141223,2",CIVIL,Lose
"IPCV,102,民專訴,73,20140124,2",CIVIL,Lose
"IPCV,98,民專上,52,20100527,2",CIVIL,Lose
"IPCV,109,民營上易,2,20210422,1",CIVIL,Lose
"IPCV,99,民專上,15,20110106,1",CIVIL,Win
"TPSV,105,台上,927,20160601",CIVIL,Lose
"IPCV,101,民專訴,9,20121120,2",CIVIL,Lose
"CHDV,95,智,16,20100520,4",CIVIL,Mixed
"IPCV,112,民著上,17,20240425,1",CIVIL,Mixed
"IPCV,101,民商訴,6,20120823,1",CIVIL,Mixed
"IPCV,100,民專訴,16,20111104,2",CIVIL,Lose
"SCDV,110,智,1,20230817,1",CIVIL,Lose
"TPHV,93,智上,19,20050412,2",CIVIL,Mixed
"IPCV,104,民商訴,2,20150529,1",CIVIL,Lose
"IPCV,111,民專訴,39,20230118,2",CIVIL,Lose
"IPCV,99,民專訴,64,20100803,2",CIVIL,Lose
"IPCV,112,民著上易,6,20230706,2",CIVIL,Win
"IPCV,102,民專上,72,20141113,3",CIVIL,Lose
"IPCV,105,民著上,8,20180125,1",CIVIL,Mixed
"IPCV,99,民專訴,95,20101012,2",CIVIL,Lose
"TCDV,111,智,11,20221221,1",CIVIL,Mixed
"TCDV,96,智,32,20110225,3",CIVIL,Lose
"IPCV,109,民著訴,80,20220104,1",CIVIL,Mixed
"IPCV,102,民專上,46,20140129,3",CIVIL,Lose
"IPCV,100,民專上更(一),12,20121011,2",CIVIL,Mixed
"IPCV,104,民專上,2,20151112,3",CIVIL,Lose
"IPCV,99,民著訴,2,20100518,1",CIVIL,Mixed
"IPCV,111,民專上,14,20220825,2",CIVIL,Lose
"IPCV,107,民商訴,9,20180919,1",CIVIL,Mixed
"IPCV,103,民著上易,9,20150312,1",CIVIL,Lose
"IPCV,109,民著上易,11,20201119,1",CIVIL,Lose
"IPCV,102,民著訴,11,20131016,1",CIVIL,Mixed
"TPDV,95,智,55,20060921,1",CIVIL,Lose
"IPCV,107,民著訴,25,20180814,1",CIVIL,Win
"IPCV,106,民著訴,62,20190329,1",CIVIL,Mixed
"IPCV,108,民商訴,28,20191129,1",CIVIL,Lose
"IPCV,101,民商訴,2,20120713,1",CIVIL,Lose
"IPCV,101,民著訴,34,20130207,1",CIVIL,Mixed
"IPCV,108,民著訴,83,20190930,2",CIVIL,Lose
"KSDV,97,智,2,20091214,2",CIVIL,Lose
"TPSV,102,台上,1684,20130904",CIVIL,Lose
"IPCV,111,民營訴,8,20221108,1",CIVIL,Lose
"IPCV,102,民商上,19,20140109,1",CIVIL,Lose
"IPCV,111,民營訴,6,20221227,1",CIVIL,Lose
"TCHV,94,智上,7,20060404,1",CIVIL,Lose
"KSDV,92,智,7,20041216,1",CIVIL,Lose
"PCDV,108,智,10,20200423,1",CIVIL,Mixed
"IPCV,104,民專訴,80,20180803,4",CIVIL,Mixed
"TNHV,94,智上易,6,20060221,1",CIVIL,Lose
"TPHV,96,智上易,6,20080219,1",CIVIL,Mixed
"IPCV,105,民著訴,45,20180227,1",CIVIL,Mixed
"IPCV,110,民商上易,1,20210729,1",CIVIL,Lose
"IPCV,99,民專上,58,20111124,2",CIVIL,Lose
"IPCV,102,民商訴,38,20140326,1",CIVIL,Lose
"IPCV,101,民專訴,68,20121116,2",CIVIL,Lose
"IPCV,108,民專訴,68,20200227,3",CIVIL,Lose
"IPCV,109,民著訴,71,20210115,1",CIVIL,Mixed
"IPCV,112,民著訴,65,20240318,1",CIVIL,Mixed
"IPCV,103,民專訴,59,20150717,3",CIVIL,Lose
"IPCV,111,民著訴,18,20220614,1",CIVIL,Mixed
"IPCV,108,民專訴,81,20200630,3",CIVIL,Lose
"IPCV,102,民專訴,43,20151118,5",CIVIL,Mixed
"IPCV,101,民專訴,156,20131030,2",CIVIL,Lose
"TPDV,100,智,19,20110729,1",CIVIL,Lose
"IPCV,113,民專訴,24,20241212,2",CIVIL,Lose
"IPCV,99,民商訴,44,20110616,1",CIVIL,Lose
"IPCV,106,民商訴,9,20171218,1",CIVIL,Lose
"IPCV,110,民專上,17,20211221,2",CIVIL,Lose
"IPCV,102,民專訴,1,20131127,1",CIVIL,Lose
"IPCV,112,民商訴,7,20240628,1",CIVIL,Mixed
"IPCV,99,民專訴,145,20101130,2",CIVIL,Lose
"IPCV,110,民專訴,11,20211025,2",CIVIL,Mixed
"IPCV,111,民專上,5,20220729,2",CIVIL,Lose
"IPCV,102,民專訴,123,20151204,3",CIVIL,Mixed
"IPCV,111,民專訴,71,20240813,2",CIVIL,Lose
"IPCV,105,民商訴,38,20170522,2",CIVIL,Lose
"IPCV,103,民專訴,31,20150213,2",CIVIL,Lose
"MLDV,96,智,4,20080502,1",CIVIL,Mixed
"PCDV,92,智,2,20031121,5",CIVIL,Lose
"IPCV,111,民商上,2,20220609,1",CIVIL,Lose
"IPCV,106,民著訴,9,20170511,1",CIVIL,Mixed
"IPCV,111,民專訴,1,20230609,3",CIVIL,Lose
"IPCV,101,民專上,54,20130724,2",CIVIL,Lose
"IPCV,99,民商訴,35,20110427,2",CIVIL,Lose
"IPCV,99,民專上易,33,20110602,2",CIVIL,Mixed
"IPCV,109,民營上,7,20230810,1",CIVIL,Win
"IPCV,101,民專訴,45,20130627,2",CIVIL,Win
"IPCV,101,民著上,4,20130516,1",CIVIL,Lose
"TPDV,95,智,75,20070815,1",CIVIL,Lose
"IPCV,103,民商上,6,20150702,1",CIVIL,Mixed
"SLDV,103,智,9,20150828,1",CIVIL,Lose
"IPCV,108,民專訴,18,20190618,2",CIVIL,Lose
"IPCV,107,民商訴,21,20180831,1",CIVIL,Mixed
"TNDV,102,智,4,20140623,1",CIVIL,Lose
"TPDV,103,智,2,20150630,1",CIVIL,Lose
"IPCV,106,民著上,12,20181011,1",CIVIL,Lose
"IPCV,107,民商訴,17,20190429,1",CIVIL,Lose
"IPCV,98,民專訴,127,20100920,2",CIVIL,Lose
"TCDV,106,智,9,20180802,1",CIVIL,Mixed
"IPCV,112,民專訴,67,20240329,3",CIVIL,Lose
"IPCV,99,民專訴,38,20100804,2",CIVIL,Lose
"IPCV,102,民著上,29,20140509,1",CIVIL,Lose
"IPCV,100,民專上易,19,20120503,2",CIVIL,Lose
"IPCV,102,民專上,12,20130718,2",CIVIL,Lose
"TYDV,92,智,8,20060821,3",CIVIL,Win
"IPCV,103,民專上,20,20141120,2",CIVIL,Lose
"TCDV,102,智,3,20130826,1",CIVIL,Mixed
"PCDV,103,智,6,20150521,1",CIVIL,Mixed
"TCDV,93,智,65,20050331,2",CIVIL,Mixed
"IPCV,109,民著訴,99,20210430,1",CIVIL,Lose
"IPCV,97,民著訴,19,20091027,2",CIVIL,Lose
"IPCV,101,民專上,25,20130410,2",CIVIL,Lose
"IPCV,110,民著訴,102,20211130,1",CIVIL,Lose
"IPCV,103,民專上,30,20150611,2",CIVIL,Lose
"IPCV,109,民專上,12,20201029,2",CIVIL,Lose
"SLDV,95,智簡上,1,20071001,1",CIVIL,Mixed
"TCDV,96,智,9,20080131,1",CIVIL,Lose
"IPCV,111,民專訴,55,20231018,4",CIVIL,Lose
"IPCV,101,民專上,40,20130425,1",CIVIL,Lose
"IPCV,102,民商上易,1,20130829,1",CIVIL,Mixed
"IPCV,100,民商上,7,20120105,1",CIVIL,Lose
"IPCV,100,民專上,21,20120705,3",CIVIL,Lose
"IPCV,112,民商訴,25,20240329,2",CIVIL,Mixed
"IPCV,100,民著訴,25,20110831,1",CIVIL,Lose
"IPCV,108,民商上,6,20191128,1",CIVIL,Lose
"IPCV,111,民專訴,51,20230410,3",CIVIL,Lose
"TPSV,103,台上,2620,20141217",CIVIL,Lose
"IPCV,101,民商訴,4,20120607,1",CIVIL,Lose
"TCDV,110,智,8,20220406,1",CIVIL,Mixed
"IPCV,106,民專上,44,20180906,2",CIVIL,Lose
"IPCV,99,民專上,49,20110609,1",CIVIL,Lose
"IPCV,106,民專上,40,20180628,2",CIVIL,Mixed
"IPCV,98,民專上易,19,20091217,2",CIVIL,Lose
"IPCV,102,民商訴,19,20150505,2",CIVIL,Win
"IPCV,109,民專訴,38,20210422,2",CIVIL,Lose
"TPHV,97,智上更(一),6,20081111,1",CIVIL,Lose
"IPCV,97,民商上,3,20081203,2",CIVIL,Lose
"IPCV,101,民商上,3,20120927,2",CIVIL,Mixed
"IPCV,111,民專訴,41,20241129,3",CIVIL,Lose
"IPCV,101,民專上易,3,20121227,2",CIVIL,Mixed
"TCDV,105,智,7,20170120,3",CIVIL,Mixed
"IPCV,102,民著訴,40,20131231,1",CIVIL,Mixed
"IPCV,99,民著訴,78,20110831,1",CIVIL,Mixed
"TPDV,94,智,46,20051209,1",CIVIL,Lose
"IPCV,112,民商上,12,20240328,1",CIVIL,Lose
"TPHV,94,智上,59,20060523,1",CIVIL,Lose
"IPCV,112,民著訴,81,20240531,1",CIVIL,Mixed
"TPHV,96,智上,17,20080226,1",CIVIL,Lose
"IPCV,108,民專訴,54,20200427,3",CIVIL,Win
"IPCV,103,民著訴,24,20160429,1",CIVIL,Lose
"IPCV,106,民專訴,100,20180824,2",CIVIL,Lose
"IPCV,100,民專上再易,2,20110628,1",CIVIL,Lose
"IPCV,103,民著訴,18,20150916,1",CIVIL,Lose
"IPCV,101,民商上,12,20121220,1",CIVIL,Lose
"IPCV,101,民專訴,142,20130611,2",CIVIL,Lose
"IPCV,109,民著上,3,20210812,1",CIVIL,Mixed
"IPCV,107,民著上易,3,20180823,1",CIVIL,Lose
"IPCV,112,民營訴,7,20240715,2",CIVIL,Lose
"IPCV,102,民專上,35,20131226,4",CIVIL,Lose
"TCDV,95,智,15,20080509,4",CIVIL,Lose
"IPCV,101,民專訴,123,20130708,2",CIVIL,Lose
"IPCV,98,民著訴,5,20090327,1",CIVIL,Lose
"IPCV,98,民專訴,58,20091104,2",CIVIL,Mixed
"SLDV,95,智,33,20071130,1",CIVIL,Lose
"TPDV,99,智,14,20110325,1",CIVIL,Mixed
"IPCV,98,民他上,4,20091203,1",CIVIL,Lose
"TPDV,102,智,1,20140110,1",CIVIL,Lose
"IPCV,104,民專訴,4,20151012,2",CIVIL,Win
"IPCV,97,民專訴,9,20090512,2",CIVIL,Lose
"IPCV,112,民營訴,5,20240823,2",CIVIL,Mixed
"IPCV,102,民專上,37,20140213,2",CIVIL,Lose
"IPCV,109,民專訴,45,20210430,3",CIVIL,Lose
"IPCV,105,民著上易,7,20161124,1",CIVIL,Lose
"TPHV,95,智上,37,20070109,1",CIVIL,Win
"IPCV,99,民商上更(一),2,20110411,2",CIVIL,Mixed
"PTEV,96,屏智小,1,20070309,1",CIVIL,Win
"KLDV,93,智,2,20050413,1",CIVIL,Lose
"IPCV,103,民專訴,81,20160509,1",CIVIL,Win
"TNDV,96,智,6,20080610,2",CIVIL,Lose
"IPCV,109,民著訴,79,20210330,1",CIVIL,Mixed
"IPCV,103,民專上更(一),10,20161027,1",CIVIL,Lose
"IPCV,99,民專訴,78,20100803,2",CIVIL,Lose
"IPCV,102,民專訴,41,20131204,2",CIVIL,Lose
"IPCV,111,民著訴,69,20231130,1",CIVIL,Mixed
"IPCV,105,民專訴,69,20161228,2",CIVIL,Lose
"IPCV,101,民專訴,94,20130301,3",CIVIL,Mixed
"IPCV,101,民他訴,2,20130614,2",CIVIL,Lose
"IPCV,106,民專訴,18,20180430,3",CIVIL,Lose
"IPCV,102,民商訴,30,20140103,1",CIVIL,Mixed
"IPCV,98,民專訴,158,20100804,2",CIVIL,Lose
"IPCV,111,民著上,4,20230209,1",CIVIL,Lose
"IPCV,109,民專訴,99,20210525,2",CIVIL,Lose
"IPCV,111,民商訴,22,20220914,1",CIVIL,Mixed
"IPCV,111,民專訴,77,20230502,2",CIVIL,Lose
"TPHV,97,智上易,6,20100427,2",CIVIL,Mixed
"IPCV,111,民專上易,3,20230706,1",CIVIL,Mixed
"PTDV,94,智,1,20060510,1",CIVIL,Lose
"PTDV,92,重智,1,20060822,2",CIVIL,Mixed
"IPCV,108,民專訴,84,20200724,5",CIVIL,Mixed
"PCDV,96,重智,9,20091021,1",CIVIL,Mixed
"TPSV,107,台上,2052,20191016,1",CIVIL,Lose
"IPCV,111,民著訴,56,20221115,1",CIVIL,Win
"IPCV,110,民商上更(二),6,20230817,2",CIVIL,Lose
"IPCV,105,民專訴,70,20170731,2",CIVIL,Lose
"IPCV,104,民著上,11,20170824,1",CIVIL,Lose
"TPDV,94,智,42,20050831,1",CIVIL,Win
"IPCV,98,民專訴,109,20100308,2",CIVIL,Lose
"IPCV,105,民專上,18,20170810,3",CIVIL,Lose
"TYDV,94,智,6,20061101,2",CIVIL,Lose
"IPCV,110,民著上,5,20230309,2",CIVIL,Lose
"IPCV,109,民商訴,15,20200731,1",CIVIL,Mixed
"IPCV,109,民專訴,15,20201214,3",CIVIL,Mixed
"IPCV,112,民專訴,58,20241004,2",CIVIL,Lose
"IPCV,102,民商上,8,20150212,2",CIVIL,Mixed
"IPCV,109,民營上,2,20220721,4",CIVIL,Lose
"IPCV,112,民商訴,36,20240611,1",CIVIL,Mixed
"IPCV,110,民著上,13,20221117,1",CIVIL,Lose
"TPHV,96,智上,30,20071023,1",CIVIL,Lose
"CYDV,96,智,1,20080605,2",CIVIL,Lose
"IPCV,106,民商訴,48,20181221,1",CIVIL,Mixed
"TCHV,97,智上,9,20090923,2",CIVIL,Lose
"TCDV,100,智,14,20121121,1",CIVIL,Mixed
"IPCV,102,民著訴,2,20130611,1",CIVIL,Lose
"TCDV,100,訴,481,20111011,4",CIVIL,Lose
"IPCV,111,民專訴,24,20220826,2",CIVIL,Lose
"IPCV,102,民專上,38,20131017,2",CIVIL,Lose
"IPCV,98,民著上,18,20100923,1",CIVIL,Win
"TYEV,90,桃簡,996,20021120,1",CIVIL,Win
"TCDV,94,智,36,20061027,1",CIVIL,Mixed
"IPCV,107,民專訴,41,20190111,2",CIVIL,Lose
"IPCV,99,民專上易,14,20110929,3",CIVIL,Lose
"KSHV,95,智上易,5,20070918,1",CIVIL,Lose
"IPCV,111,民著上,3,20221013,1",CIVIL,Lose
"IPCV,108,民著上易,2,20190704,1",CIVIL,Mixed
"IPCV,97,民著訴,15,20081224,1",CIVIL,Mixed
"IPCV,98,民著訴,9,20090824,2",CIVIL,Mixed
"IPCV,101,民著上易,4,20130704,1",CIVIL,Lose
"IPCV,107,民商上更(一),1,20181115,1",CIVIL,Mixed
"IPCV,112,民著訴,36,20231017,1",CIVIL,Mixed
"IPCV,101,民著上,10,20130117,2",CIVIL,Lose
"IPCV,99,民專上易,17,20110714,6",CIVIL,Lose
"IPCV,99,民專訴,183,20110218,2",CIVIL,Lose
"CYDV,92,重智,2,20031229,1",CIVIL,Lose
"CTDV,108,智,1,20230531,1",CIVIL,Mixed
"IPCV,99,民商訴,29,20110302,1",CIVIL,Win
"TCDV,104,智,6,20151002,1",CIVIL,Mixed
"IPCV,99,民專訴,171,20110128,2",CIVIL,Lose
"IPCV,107,民專訴,56,20190524,2",CIVIL,Lose
"PCDV,97,智,5,20090731,1",CIVIL,Mixed
"TPSV,104,台上,1111,20150617",CIVIL,Lose
"IPCV,100,民商訴,31,20120615,1",CIVIL,Lose
"TPHV,93,智上易,6,20050118,1",CIVIL,Lose
"CHDV,97,智,5,20090507,1",CIVIL,Lose
"IPCV,106,民專訴,1,20180423,5",CIVIL,Lose
"IPCV,98,民著上易,1,20090326,1",CIVIL,Lose
"IPCV,105,民專上,12,20161027,2",CIVIL,Lose
"TCDV,95,智,51,20080501,5",CIVIL,Mixed
"TCDV,96,智,47,20080618,1",CIVIL,Lose
"IPCV,110,民專訴,12,20220610,3",CIVIL,Mixed
"IPCV,110,民專訴,20,20220215,2",CIVIL,Mixed
"TNDV,92,智,2,20050822,1",CIVIL,Lose
"IPCV,110,民商上,8,20220407,1",CIVIL,Lose
"TPDV,99,智,13,20101109,2",CIVIL,Lose
"IPCV,106,民專訴,59,20180501,4",CIVIL,Win
"TNDV,108,智,1,20190918,1",CIVIL,Mixed
"IPCV,107,民商上易,3,20181220,1",CIVIL,Win
"IPCV,108,民專訴,87,20200605,3",CIVIL,Lose
"IPCV,99,民專上,50,20110609,2",CIVIL,Lose
"TPDV,96,智,103,20090225,1",CIVIL,Lose
"IPCV,101,民著訴,28,20130319,1",CIVIL,Lose
"IPCV,99,民著訴,66,20110127,1",CIVIL,Win
"IPCV,106,民著訴,68,20180821,3",CIVIL,Mixed
"IPCV,108,民著訴,93,20200221,1",CIVIL,Lose
"IPCV,99,民專上易,12,20100830,2",CIVIL,Lose
"IPCV,99,民專訴,216,20110729,2",CIVIL,Lose
"IPCV,110,民專訴,48,20220629,2",CIVIL,Mixed
"PCDV,93,智,14,20060509,4",CIVIL,Lose
"KSDV,95,智,16,20080818,1",CIVIL,Lose
"IPCV,101,民專訴,159,20130830,2",CIVIL,Lose
"TYDV,97,智,2,20130222,3",CIVIL,Lose
"IPCV,99,民專訴,209,20110707,2",CIVIL,Lose
"IPCV,100,民專訴,43,20110909,2",CIVIL,Lose
"KSHV,94,智上,2,20060809,3",CIVIL,Lose
"IPCV,99,民專上更(一),10,20110811,1",CIVIL,Mixed
"IPCV,111,民專上,36,20230706,2",CIVIL,Lose
"PCDV,110,智,5,20220110,1",CIVIL,Lose
"IPCV,108,民著訴,140,20200430,1",CIVIL,Lose
"IPCV,102,民專上,14,20130926,2",CIVIL,Lose
"IPCV,105,民專訴,65,20171016,3",CIVIL,Lose
"IPCV,102,民專訴,72,20140619,3",CIVIL,Lose
"TCDV,94,智,31,20060424,1",CIVIL,Lose
"IPCV,108,民商訴,16,20191015,1",CIVIL,Lose
"SCDV,94,智,8,20081031,2",CIVIL,Lose
"KSDV,92,智,40,20040722,2",CIVIL,Lose
"IPCV,98,民專上易,26,20100701,1",CIVIL,Mixed
"TCDV,95,智,50,20070306,1",CIVIL,Lose
"IPCV,100,民專上,27,20130103,2",CIVIL,Win
"TPDV,101,智,30,20140520,1",CIVIL,Mixed
"SLDV,104,智,4,20160118,1",CIVIL,Lose
"IPCV,104,民專訴,60,20160714,2",CIVIL,Win
"TCDV,110,智,1,20210428,1",CIVIL,Mixed
"IPCV,105,民專訴,96,20170717,2",CIVIL,Lose
"IPCV,109,民商訴,3,20200529,1",CIVIL,Mixed
"PCDV,92,智,42,20040212,1",CIVIL,Lose
"TCDV,93,智,56,20050616,1",CIVIL,Lose
"IPCV,102,民專訴,82,20140326,3",CIVIL,Lose
"IPCV,107,民專訴,114,20190709,2",CIVIL,Lose
"IPCV,101,民著訴,26,20121206,1",CIVIL,Lose
"PCDV,97,智,26,20081231,1",CIVIL,Lose
"IPCV,106,民專上,34,20180426,2",CIVIL,Lose
"IPCV,107,民著上易,2,20180830,1",CIVIL,Lose
"IPCV,103,民商訴,10,20151130,1",CIVIL,Lose
"IPCV,102,民著訴,47,20140310,1",CIVIL,Lose
"TPDV,105,智,38,20170509,1",CIVIL,Lose
"IPCV,106,民著訴,54,20171214,1",CIVIL,Mixed
"TCDV,97,智,29,20091022,1",CIVIL,Lose
"TCHV,94,智上更,1,20050426,1",CIVIL,Lose
"TPDV,97,智,17,20080827,1",CIVIL,Lose
"IPCV,106,民營上更(一),1,20180227,3",CIVIL,Mixed
"IPCV,112,民專上,3,20231128,2",CIVIL,Lose
"IPCV,107,民著上,18,20200528,1",CIVIL,Lose
"IPCV,106,民專訴,13,20180123,2",CIVIL,Lose
"SCDV,96,智,2,20130606,3",CIVIL,Lose
"IPCV,97,民專訴,28,20090921,3",CIVIL,Lose
"IPCV,98,民商訴,26,20100209,1",CIVIL,Lose
"IPCV,108,民專訴,69,20200326,3",CIVIL,Lose
"IPCV,108,民商訴,1,20190507,2",CIVIL,Win
"TNDV,97,智,10,20080917,1",CIVIL,Mixed
"TPSV,103,台上,90,20140115",CIVIL,Lose
"IPCV,98,民專訴,90,20100630,2",CIVIL,Lose
"IPCV,108,民專訴,23,20190621,2",CIVIL,Lose
"IPCV,99,民專上易,22,20110310,2",CIVIL,Lose
"IPCV,110,民專訴,45,20220531,3",CIVIL,Lose
"IPCV,107,民專訴,57,20190430,3",CIVIL,Mixed
"IPCV,111,民商訴,55,20230414,1",CIVIL,Lose
"CHDV,93,智,23,20050504,1",CIVIL,Mixed
"IPCV,105,民專訴,16,20161212,2",CIVIL,Lose
"IPCV,98,民專訴,100,20100621,2",CIVIL,Lose
"IPCV,105,民著上,4,20161020,1",CIVIL,Mixed
"IPCV,107,民專訴,97,20190529,2",CIVIL,Lose
"IPCV,103,民著訴,84,20150608,1",CIVIL,Mixed
"IPCV,105,民商訴,25,20170519,1",CIVIL,Mixed
"IPCV,102,民專訴,110,20140522,2",CIVIL,Lose
"IPCV,109,民著上易,18,20201231,1",CIVIL,Lose
"IPCV,101,民商上,10,20121227,2",CIVIL,Win
"IPCV,112,民專訴,26,20240508,2",CIVIL,Mixed
"IPCV,109,民著上,23,20220526,1",CIVIL,Mixed
"TPSV,105,台上,1203,20160714",CIVIL,Lose
"GSEV,93,岡智小,1,20040813,1",CIVIL,Mixed
"TCDV,100,智,12,20140725,3",CIVIL,Lose
"TCHV,93,智上易,6,20050524,1",CIVIL,Win
"TCDV,107,智,9,20190131,1",CIVIL,Mixed
"IPCV,100,民商上,15,20120329,1",CIVIL,Mixed
"PCDV,103,智,4,20141009,1",CIVIL,Lose
"IPCV,98,民專上,64,20110127,2",CIVIL,Lose
"TNDV,108,智,6,20200622,1",CIVIL,Lose
"IPCV,104,民著訴,14,20150902,1",CIVIL,Win
"TPHV,96,智上,19,20080708,1",CIVIL,Lose
"IPCV,110,民著訴,27,20210831,2",CIVIL,Mixed
"IPCV,101,民專上,14,20130103,2",CIVIL,Lose
"IPCV,111,民專上,2,20220630,2",CIVIL,Lose
"KSHV,93,智上,3,20060705,3",CIVIL,Mixed
"TPSV,92,台上,1658,20030731",CIVIL,Lose
"NHEV,94,湖智簡,3,20050629,1",CIVIL,Mixed
"SLDV,103,智,1,20141013,1",CIVIL,Win
"IPCV,105,民專訴,61,20170414,2",CIVIL,Lose
"IPCV,98,民商上,17,20111013,1",CIVIL,Mixed
"IPCV,109,民著訴,103,20220218,1",CIVIL,Lose
"IPCV,105,民專訴,49,20170825,2",CIVIL,Win
"IPCV,100,民專上易,5,20110728,2",CIVIL,Lose
"SLDV,95,智,26,20070713,4",CIVIL,Mixed
"IPCV,99,民專訴,185,20110324,2",CIVIL,Lose
"IPCV,109,民商上,13,20201126,1",CIVIL,Lose
"IPCV,99,民著訴,48,20110513,1",CIVIL,Lose
"TNDV,108,訴,1409,20200313,2",CIVIL,Win
"IPCV,97,民專訴,13,20080919,1",CIVIL,Lose
"IPCV,104,民著訴,29,20151208,1",CIVIL,Mixed
"TYEV,94,桃智簡,3,20060530,2",CIVIL,Mixed
"IPCV,109,民專訴,104,20220526,3",CIVIL,Mixed
"IPCV,101,民專訴,90,20130207,2",CIVIL,Lose
"TCEV,96,中智簡,1,20070420,1",CIVIL,Mixed
"IPCV,98,民專上,58,20100120,2",CIVIL,Lose
"TNDV,92,智,20,20060323,1",CIVIL,Mixed
"IPCV,101,民專訴,17,20121016,2",CIVIL,Mixed
"IPCV,108,民著上易,8,20200507,1",CIVIL,Lose
"IPCV,109,民著訴,56,20230419,3",CIVIL,Mixed
"IPCV,99,民專訴,191,20110705,1",CIVIL,Lose
"ULDV,94,智,1,20050513,1",CIVIL,Mixed
"TPHV,97,上更(一),26,20091020,1",CIVIL,Lose
"IPCV,104,民專訴,81,20160630,2",CIVIL,Lose
"IPCV,109,民營上,1,20201029,1",CIVIL,Lose
"TPEV,93,北智簡,4,20040630,1",CIVIL,Mixed
"TNHV,95,智上,3,20070821,1",CIVIL,Lose
"IPCV,110,民商上更(一),4,20221215,1",CIVIL,Mixed
"IPCV,101,民專訴,63,20130131,3",CIVIL,Mixed
"IPCV,103,民著訴,29,20150226,1",CIVIL,Win
"TYDV,94,智,33,20060725,1",CIVIL,Lose
"IPCV,107,民專訴,69,20190211,2",CIVIL,Lose
"IPCV,109,民著上,14,20220811,1",CIVIL,Mixed
"IPCV,102,民專訴,97,20141231,3",CIVIL,Mixed
"IPCV,104,民專上,38,20170209,2",CIVIL,Lose
"IPCV,106,民著訴,17,20170829,1",CIVIL,Lose
"IPCV,105,民專上,41,20170810,2",CIVIL,Lose
"IPCV,103,民商上,10,20150702,3",CIVIL,Lose
"IPCV,110,民著訴,41,20210831,1",CIVIL,Mixed
"IPCV,108,民著上易,7,20191212,1",CIVIL,Lose
"IPCV,111,民專訴,17,20220526,2",CIVIL,Lose
"IPCV,104,民專上,19,20160303,2",CIVIL,Lose
"TCDV,96,智,39,20090930,2",CIVIL,Lose
"IPCV,113,民著訴,21,20240916,1",CIVIL,Lose
"TPDV,94,智,63,20060215,1",CIVIL,Lose
"IPCV,111,民專上更一,1,20230406,1",CIVIL,Win
"CHDV,97,智,3,20091112,1",CIVIL,Win
"KSDV,92,智,1,20030324,2",CIVIL,Mixed
"IPCV,106,民專上,23,20180125,2",CIVIL,Lose
"PCDV,92,智,6,20030529,1",CIVIL,Mixed
"TCHV,97,智上易,6,20100112,1",CIVIL,Mixed
"TYDV,94,智,15,20101231,6",CIVIL,Lose
"PCDV,93,重智,5,20041014,1",CIVIL,Mixed
"IPCV,102,民專訴,117,20151104,3",CIVIL,Mixed
"KSDV,95,智,2,20110512,2",CIVIL,Lose
"IPCV,98,民專訴,152,20100428,1",CIVIL,Lose
"IPCV,110,民營上,5,20220729,1",CIVIL,Mixed
"IPCV,105,民專上,19,20161229,2",CIVIL,Lose
"IPCV,107,民著訴,1,20180919,1",CIVIL,Lose
"IPCV,112,民著上易,2,20230928,1",CIVIL,Mixed
"TPDV,95,智更(一),1,20080118,2",CIVIL,Lose
"KSDV,98,智,7,20090630,1",CIVIL,Mixed
"SLDV,96,智,21,20071204,1",CIVIL,Lose
"TPDV,99,智,25,20121130,5",CIVIL,Lose
"IPCV,112,民商上,16,20241113,1",CIVIL,Lose
"IPCV,100,民專訴,74,20120907,3",CIVIL,Mixed
"CHDV,92,智,9,20031027,1",CIVIL,Lose
"TPDV,94,智,5,20080731,4",CIVIL,Lose
"IPCV,99,民專上,55,20110728,2",CIVIL,Lose
"IPCV,103,民著上,4,20151021,1",CIVIL,Lose
"PCDV,96,智,32,20090311,1",CIVIL,Lose
"IPCV,100,民著訴,55,20120926,1",CIVIL,Mixed
"IPCV,99,民著上,2,20101014,1",CIVIL,Mixed
"IPCV,104,民專訴,34,20151231,2",CIVIL,Lose
"IPCV,102,民專訴,115,20140411,2",CIVIL,Mixed
"TPDV,104,智,15,20151026,1",CIVIL,Lose
"IPCV,107,民著上更(一),3,20190328,1",CIVIL,Lose
"IPCV,111,民營上更一,1,20230731,1",CIVIL,Lose
"TPDV,99,智,20,20101207,1",CIVIL,Win
"IPCV,100,民專訴,58,20120215,2",CIVIL,Lose
"CHDV,93,智,8,20051227,1",CIVIL,Mixed
"IPCV,104,民著訴,10,20150608,1",CIVIL,Mixed
"IPCV,107,民專訴,52,20190305,2",CIVIL,Lose
"IPCV,111,民著訴,9,20220809,1",CIVIL,Lose
"IPCV,108,民專上更(一),3,20191212,2",CIVIL,Lose
"IPCV,113,民著訴,46,20241227,1",CIVIL,Lose
"IPCV,108,民專上易,2,20191231,2",CIVIL,Lose
"IPCV,100,民專上,33,20120322,3",CIVIL,Lose
"PCDV,93,重智,3,20050222,1",CIVIL,Mixed
"IPCV,101,民著訴,39,20140424,2",CIVIL,Lose
"IPCV,110,民著訴,20,20210824,1",CIVIL,Mixed
"TCHV,95,智上,9,20070124,3",CIVIL,Lose
"IPCV,108,民專訴,95,20200409,2",CIVIL,Lose
"TPHV,96,智上,7,20070626,1",CIVIL,Lose
"TYDV,93,智,16,20050512,1",CIVIL,Mixed
"IPCV,110,民商訴,1,20210304,1",CIVIL,Lose
"IPCV,101,民專訴,65,20130125,3",CIVIL,Lose
"IPCV,99,民專訴,175,20110125,2",CIVIL,Lose
"MLDV,94,重智,1,20060502,2",CIVIL,Mixed
"IPCV,108,民專上更(一),1,20191231,2",CIVIL,Mixed
"TPHV,96,智上,18,20071231,1",CIVIL,Lose
"IPCV,109,民專訴,29,20210118,2",CIVIL,Lose
"IPCV,107,民著訴,6,20190814,1",CIVIL,Lose
"TCHV,94,智上,1,20050906,1",CIVIL,Lose
"MLDV,92,苗智簡,1,20030304,1",CIVIL,Win
"TNHV,97,智上,2,20090721,2",CIVIL,Lose
"IPCV,98,民專訴,160,20100622,2",CIVIL,Lose
"NHEV,93,湖智簡,3,20050203,1",CIVIL,Mixed
"IPCV,110,民著訴,15,20210518,1",CIVIL,Lose
"PCDV,96,智,1,20100611,3",CIVIL,Lose
"IPCV,99,民專上,75,20120329,3",CIVIL,Lose
"IPCV,99,民專訴,163,20110324,3",CIVIL,Lose
"IPCV,108,民專訴,6,20190514,2",CIVIL,Lose
"IPCV,98,民著訴,4,20090310,1",CIVIL,Mixed
"IPCV,99,民專上易,8,20110303,2",CIVIL,Lose
"TCDV,111,智,2,20221208,1",CIVIL,Lose
"TCHV,95,智上,7,20061011,2",CIVIL,Lose
"CTDV,108,智,6,20191231,1",CIVIL,Mixed
"IPCV,98,民著上易,12,20100520,2",CIVIL,Lose
"IPCV,110,民營上更(一),1,20220120,1",CIVIL,Lose
"IPCV,98,民著訴,2,20090327,3",CIVIL,Mixed
"TNHV,97,智上,4,20080902,1",CIVIL,Lose
"IPCV,112,民商訴,12,20231017,1",CIVIL,Mixed
"IPCV,100,民著上,10,20120412,1",CIVIL,Lose
"IPCV,111,民著上易,4,20220819,1",CIVIL,Lose
"IPCV,107,民專上,32,20190919,2",CIVIL,Lose
"IPCV,104,民專訴,79,20160706,2",CIVIL,Lose
"IPCV,101,民專訴,27,20120914,2",CIVIL,Lose
"IPCV,103,民專上,40,20151029,2",CIVIL,Lose
"IPCV,103,民著訴,21,20160425,1",CIVIL,Mixed
"IPCV,103,民著上,11,20141211,1",CIVIL,Lose
"TPDV,99,智,11,20101015,1",CIVIL,Mixed
"IPCV,103,民專訴,96,20160122,2",CIVIL,Mixed
"PCDV,95,重智,9,20061130,1",CIVIL,Mixed
"TCHV,94,智上,2,20060328,1",CIVIL,Mixed
"IPCV,99,民專訴,146,20110214,2",CIVIL,Lose
"TPSV,105,台上,1085,20160630",CIVIL,Lose
"IPCV,105,民專上,14,20161117,2",CIVIL,Lose
"IPCV,102,民專訴,89,20140110,2",CIVIL,Lose
"IPCV,103,民專上,13,20141218,2",CIVIL,Lose
"IPCV,108,民專上,16,20191219,2",CIVIL,Lose
"TNDV,97,智,15,20090818,2",CIVIL,Lose
"IPCV,105,民專訴,12,20160831,2",CIVIL,Lose
"IPCV,105,民商訴,24,20170331,1",CIVIL,Mixed
"IPCV,106,民專上,24,20180111,2",CIVIL,Lose
"PCDV,93,智,17,20040624,1",CIVIL,Win
"IPCV,99,民商訴,51,20110429,1",CIVIL,Mixed
"TPSV,104,台上,2016,20151022",CIVIL,Lose
"PCDV,97,重智,3,20100820,2",CIVIL,Lose
"IPCV,98,民商訴,28,20091221,1",CIVIL,Lose
"IPCV,104,民著上,2,20150903,1",CIVIL,Lose
"IPCV,101,民專訴,7,20120615,2",CIVIL,Lose
"IPCV,102,民專上,48,20131227,2",CIVIL,Lose
"IPCV,103,民專訴,18,20151231,3",CIVIL,Lose
"IPCV,112,民著訴,83,20240329,1",CIVIL,Lose
"IPCV,108,民著上更(一),4,20191017,1",CIVIL,Lose
"IPCV,107,民專訴,47,20180821,2",CIVIL,Lose
"IPCV,113,民商上,1,20240718,1",CIVIL,Lose
"PTEV,96,屏智簡,1,20070309,1",CIVIL,Win
"IPCV,103,民專訴,68,20141128,2",CIVIL,Lose
"IPCV,110,民著訴,81,20230424,1",CIVIL,Mixed
"SLDV,97,智,4,20090220,1",CIVIL,Win
"IPCV,110,民專上,33,20230224,2",CIVIL,Lose
"IPCV,97,民商訴,8,20081230,1",CIVIL,Lose
"IPCV,103,民專上,23,20150115,2",CIVIL,Lose
"IPCV,97,民著上易,5,20090122,1",CIVIL,Win
"TPDV,92,智,25,20040312,1",CIVIL,Lose
"IPCV,106,民專訴,92,20190308,2",CIVIL,Lose
"IPCV,103,民專上,9,20160407,2",CIVIL,Mixed
"IPCV,109,民專上,8,20210527,3",CIVIL,Mixed
"IPCV,110,民著訴,94,20220316,1",CIVIL,Mixed
"IPCV,109,民專訴,110,20220415,2",CIVIL,Mixed
"SLDV,103,智,10,20141205,1",CIVIL,Lose
"PCDV,101,智,3,20120726,1",CIVIL,Lose
"IPCV,104,民著訴,61,20160315,1",CIVIL,Mixed
"PCDV,97,智,11,20090910,2",CIVIL,Mixed
"IPCV,98,民專上,14,20100930,2",CIVIL,Lose
"SCDV,96,重智,2,20100407,4",CIVIL,Lose
"IPCV,106,民專上,20,20180329,2",CIVIL,Lose
"PCDV,105,智,2,20160530,1",CIVIL,Lose
"IPCV,108,民專上,12,20191121,2",CIVIL,Lose
"IPCV,111,民商訴,41,20240618,1",CIVIL,Mixed
"IPCV,102,民專訴,34,20131225,1",CIVIL,Lose
"TNHV,89,重上更,20,20001121",CIVIL,Mixed
"IPCV,108,民專上,38,20200604,3",CIVIL,Lose
"IPCV,108,民專訴,59,20200215,2",CIVIL,Lose
"IPCV,112,民著上易,17,20240314,1",CIVIL,Lose
"TPDV,94,智,28,20071031,2",CIVIL,Mixed
"TPHV,97,智上易,12,20090414,1",CIVIL,Lose
"IPCV,104,民專訴,47,20160418,2",CIVIL,Win
"IPCV,105,民商上,4,20161027,1",CIVIL,Lose
"IPCV,104,民專上易,11,20170601,4",CIVIL,Lose
"IPCV,105,民著訴,32,20161129,1",CIVIL,Mixed
"CHDV,93,智,11,20041022,1",CIVIL,Lose
"PCDV,96,智,44,20080402,2",CIVIL,Mixed
"TPHV,97,智上易,3,20080701,1",CIVIL,Lose
"IPCV,107,民專訴,62,20200413,3",CIVIL,Lose
"IPCV,98,民著上易,5,20090604,1",CIVIL,Lose
"TPDV,101,智,14,20130417,2",CIVIL,Lose
"TPDV,95,智,68,20090417,3",CIVIL,Lose
"TPDV,105,智,28,20170223,1",CIVIL,Mixed
"IPCV,100,民專上,34,20111130,2",CIVIL,Lose
"KSHV,97,智上,1,20090527,2",CIVIL,Lose
"IPCV,107,民著訴,23,20200227,1",CIVIL,Lose
"IPCV,109,民著訴,118,20210308,1",CIVIL,Mixed
"IPCV,104,民專訴,54,20170707,5",CIVIL,Lose
"IPCV,102,民著訴,12,20140227,1",CIVIL,Mixed
"IPCV,103,民專訴,90,20151228,2",CIVIL,Lose
"SCDV,100,智,1,20120920,2",CIVIL,Mixed
"KLDV,93,智,1,20050818,2",CIVIL,Lose
"CHEV,97,彰簡,574,20100104,1",CIVIL,Lose
"IPCV,111,民著上,14,20230525,1",CIVIL,Mixed
"IPCV,103,民專上易,8,20150827,2",CIVIL,Mixed
"IPCV,113,民著上,2,20240726,1",CIVIL,Lose
"TCDV,92,智,46,20050112,1",CIVIL,Mixed
"KSDV,92,智,10,20040812,1",CIVIL,Lose
"IPCV,100,民專訴,66,20120627,2",CIVIL,Lose
"IPCV,105,民著上,2,20161208,2",CIVIL,Lose
"IPCV,100,民專訴,35,20120531,2",CIVIL,Lose
"IPCV,99,民專訴,135,20101130,2",CIVIL,Lose
"TPSV,103,台上,73,20140115",CIVIL,Lose
"IPCV,98,民專訴,42,20090907,2",CIVIL,Lose
"IPCV,99,民專訴,186,20110128,2",CIVIL,Lose
"IPCV,108,民商訴,22,20200421,1",CIVIL,Win
"IPCV,106,民專訴,20,20170918,2",CIVIL,Lose
"TPDV,98,智,2,20090630,3",CIVIL,Mixed
"IPCV,109,民著訴,76,20201109,1",CIVIL,Lose
"IPCV,101,民專上,32,20130403,2",CIVIL,Lose
"IPCV,108,民專訴,13,20190819,3",CIVIL,Lose
"IPCV,105,民著訴,10,20170426,3",CIVIL,Lose
"TYDV,96,智,14,20101007,1",CIVIL,Mixed
"IPCV,98,民專訴,117,20100914,2",CIVIL,Lose
"IPCV,112,民專訴,1,20240430,2",CIVIL,Lose
"TPDV,102,智,19,20140430,1",CIVIL,Lose
"IPCV,100,民專上,10,20120131,3",CIVIL,Lose
"TPDV,95,智,19,20090731,3",CIVIL,Lose
"IPCV,99,民專訴,71,20100921,2",CIVIL,Lose
"IPCV,99,民專訴,221,20110616,2",CIVIL,Lose
"MLDV,110,智,5,20230720,2",CIVIL,Lose
"TPDV,105,智,22,20180123,1",CIVIL,Win
"IPCV,112,民著上易,14,20240425,1",CIVIL,Lose
"IPCV,109,民專上,29,20210107,2",CIVIL,Lose
"IPCV,101,民商訴,45,20130327,1",CIVIL,Mixed
"IPCV,111,民著訴,38,20221128,1",CIVIL,Mixed
"TNDV,96,智,3,20080516,1",CIVIL,Lose
"TPHV,94,智上,22,20060919,2",CIVIL,Lose
"IPCV,110,民著訴,74,20210909,1",CIVIL,Lose
"IPCV,98,民專上,6,20100520,3",CIVIL,Mixed
"IPCV,106,民商訴,14,20180208,1",CIVIL,Mixed
"IPCV,110,民商上更(一),2,20211216,1",CIVIL,Mixed
"IPCV,99,民專訴,150,20110330,2",CIVIL,Lose
"IPCV,111,民專上,35,20230310,2",CIVIL,Lose
"IPCV,100,民專訴,14,20111221,2",CIVIL,Lose
"IPCV,99,民專訴,30,20100629,1",CIVIL,Lose
"IPCV,104,民著上,10,20160331,1",CIVIL,Mixed
"IPCV,103,民專訴,105,20160201,1",CIVIL,Lose
"IPCV,109,民專訴,53,20210511,3",CIVIL,Mixed
"IPCV,111,民商訴,24,20221117,1",CIVIL,Mixed
"IPCV,109,民專上,9,20211104,2",CIVIL,Lose
"IPCV,109,民專訴,11,20201030,2",CIVIL,Lose
"IPCV,111,民著訴,88,20230713,1",CIVIL,Mixed
"IPCV,97,民著上更(二),3,20100107,1",CIVIL,Lose
"KSDV,95,智,23,20061219,1",CIVIL,Win
"IPCV,111,民著上,13,20231026,1",CIVIL,Lose
"IPCV,109,民著上易,26,20210325,1",CIVIL,Lose
"IPCV,106,民專上,38,20181128,2",CIVIL,Win
"TCDV,97,智,21,20101129,3",CIVIL,Lose
"IPCV,99,民專訴,93,20110628,3",CIVIL,Mixed
"IPCV,102,民專訴,39,20131112,2",CIVIL,Lose
"IPCV,98,民專訴,53,20091028,2",CIVIL,Lose
"IPCV,105,民專訴,62,20170714,2",CIVIL,Mixed
"IPCV,101,民著上易,9,20130711,1",CIVIL,Lose
"IPCV,102,民著上,11,20131017,2",CIVIL,Lose
"IPCV,100,民著訴,13,20110803,1",CIVIL,Mixed
"IPCV,100,民專上,46,20120524,2",CIVIL,Mixed
"IPCV,105,民商訴,49,20171130,1",CIVIL,Mixed
"TNDV,92,智,28,20070502,1",CIVIL,Mixed
"IPCV,108,民商訴,41,20200417,1",CIVIL,Mixed
"IPCV,111,民專上,27,20221222,2",CIVIL,Lose
"IPCV,100,民專訴,127,20120831,2",CIVIL,Lose
"IPCV,106,民專上,39,20181108,2",CIVIL,Win
"PCDV,95,智,29,20090629,3",CIVIL,Lose
"IPCV,100,民專訴,30,20120314,2",CIVIL,Mixed
"KSDV,94,智,8,20080331,5",CIVIL,Mixed
"IPCV,102,民著上,12,20140821,3",CIVIL,Mixed
"IPCV,110,民商訴,55,20220429,1",CIVIL,Lose
"IPCV,110,民商訴,49,20220504,1",CIVIL,Lose
"TPHV,95,智上易,9,20060920,1",CIVIL,Lose
"IPCV,107,民商訴,58,20191031,1",CIVIL,Mixed
"IPCV,107,民著訴,64,20200227,1",CIVIL,Lose
"TPHV,95,智上,60,20070710,1",CIVIL,Lose
"IPCV,103,民專上,38,20151231,3",CIVIL,Lose
"IPCV,108,民著訴,62,20200428,3",CIVIL,Win
"IPCV,109,民專訴,112,20210727,1",CIVIL,Lose
"TCHV,95,智上,18,20081028,1",CIVIL,Lose
"IPCV,101,民專訴,105,20130329,2",CIVIL,Lose
"IPCV,105,民專訴,98,20170613,2",CIVIL,Lose
"IPCV,99,民專訴,222,20110721,3",CIVIL,Lose
"PCDV,96,重智,4,20070530,1",CIVIL,Mixed
"TPDV,101,智,24,20130822,2",CIVIL,Lose
"IPCV,107,民專訴,7,20180824,2",CIVIL,Lose
"CTDV,108,智,9,20191231,1",CIVIL,Mixed
"IPCV,102,民商上易,5,20131128,1",CIVIL,Lose
"IPCV,102,民著訴,28,20131227,1",CIVIL,Mixed
"IPCV,105,民專訴,29,20161104,2",CIVIL,Lose
"IPCV,100,民商訴,13,20120330,1",CIVIL,Mixed
"TPHV,93,智上,13,20041115,1",CIVIL,Mixed
"IPCV,101,民專訴,121,20131122,3",CIVIL,Win
"TPHV,95,智上更(一),1,20070508,1",CIVIL,Lose
"TCDV,107,智,4,20200730,3",CIVIL,Mixed
"IPCV,99,民專上更(一),4,20101007,3",CIVIL,Lose
"IPCV,105,民營上更(一),1,20171116,1",CIVIL,Mixed
"IPCV,101,民專訴,125,20130430,3",CIVIL,Lose
"IPCV,106,民著訴,45,20180131,1",CIVIL,Lose
"IPCV,109,民著訴,117,20210727,1",CIVIL,Lose
"IPCV,112,民商訴,16,20230801,1",CIVIL,Lose
"IPCV,99,民專上,18,20101223,2",CIVIL,Lose
"IPCV,106,民專訴,55,20180206,4",CIVIL,Lose
"IPCV,101,民商訴,18,20121130,1",CIVIL,Lose
"IPCV,98,民著訴,41,20100831,4",CIVIL,Lose
"IPCV,105,民專上,40,20170426,2",CIVIL,Lose
"IPCV,109,民著上易,6,20200604,1",CIVIL,Lose
"IPCV,104,民商上,13,20160512,1",CIVIL,Lose
"IPCV,104,民著上易,17,20160602,1",CIVIL,Lose
"IPCV,98,民專訴,83,20100727,2",CIVIL,Lose
"IPCV,105,民專訴,1,20170210,2",CIVIL,Mixed
"IPCV,98,民著訴,15,20090519,1",CIVIL,Lose
"IPCV,107,民商訴,50,20190731,1",CIVIL,Lose
"IPCV,112,民著上,20,20241024,1",CIVIL,Mixed
"PCDV,93,智,43,20060428,1",CIVIL,Lose
"IPCV,103,民著訴,78,20150522,1",CIVIL,Mixed
"IPCV,98,民專訴,96,20101012,3",CIVIL,Mixed
"IPCV,101,民著訴,33,20121221,1",CIVIL,Lose
"IPCV,107,民商訴,23,20181112,1",CIVIL,Win
"IPCV,98,民著訴,14,20090511,1",CIVIL,Mixed
"IPCV,102,民專上,39,20131226,2",CIVIL,Lose
"IPCV,107,民專上易,5,20190328,1",CIVIL,Lose
"IPCV,100,民專訴,80,20120629,2",CIVIL,Mixed
"PCDV,96,智,42,20091030,2",CIVIL,Lose
"IPCV,107,民專訴,55,20181210,2",CIVIL,Lose
"IPCV,103,民專訴,75,20150831,2",CIVIL,Lose
"IPCV,103,民商訴,23,20150226,2",CIVIL,Lose
"KSDV,96,智,10,20071122,1",CIVIL,Mixed
"TPDV,92,智,77,20040128,1",CIVIL,Mixed
"CHDV,95,智,19,20100325,3",CIVIL,Lose
"IPCV,110,民著訴,34,20210907,1",CIVIL,Lose
"IPCV,111,民著訴,77,20230711,1",CIVIL,Mixed
"IPCV,110,民專上更(一),1,20211130,2",CIVIL,Lose
"IPCV,99,民專訴,17,20100719,2",CIVIL,Lose
"IPCV,111,民商訴,49,20230919,1",CIVIL,Lose
"TCHV,94,智上易,10,20060315,1",CIVIL,Lose
"PCDV,95,重智,3,20071016,6",CIVIL,Win
"IPCV,107,民商訴,39,20200217,2",CIVIL,Mixed
"TCDV,100,智,15,20120727,1",CIVIL,Mixed
"TNHV,95,智上,2,20090512,1",CIVIL,Mixed
"IPCV,101,民專上,47,20130724,2",CIVIL,Lose
"TPHV,94,智上,11,20050713,2",CIVIL,Lose
"TPDV,95,智,12,20081104,6",CIVIL,Lose
"TCHV,92,智上,3,20040512,4",CIVIL,Lose
"TCDV,93,智,70,20051129,1",CIVIL,Lose
"TPDV,92,智,57,20040721,1",CIVIL,Lose
"IPCV,109,民專上,47,20220818,2",CIVIL,Lose
"TYDV,99,智,9,20110712,2",CIVIL,Lose
"TPDV,105,智,30,20190510,1",CIVIL,Mixed
"IPCV,104,民專訴,15,20170831,1",CIVIL,Mixed
"TNDV,97,智,3,20091006,1",CIVIL,Lose
"IPCV,105,民著上易,5,20161229,1",CIVIL,Lose
"PCDV,96,重智,14,20100831,2",CIVIL,Mixed
"TPHV,96,智上,14,20070926,1",CIVIL,Mixed
"IPCV,108,民著訴,7,20190319,1",CIVIL,Lose
"PCDV,93,重智,7,20060511,2",CIVIL,Win
"IPCV,106,民專上,27,20180419,2",CIVIL,Lose
"IPCV,99,民專上,12,20110323,2",CIVIL,Lose
"IPCV,110,民專訴,69,20220415,2",CIVIL,Lose
"PCDV,97,智更,1,20090115,1",CIVIL,Lose
"IPCV,102,民著訴,59,20140103,1",CIVIL,Lose
"KSEV,96,雄智簡,1,20070110,2",CIVIL,Win
"IPCV,111,民著上,21,20241030,1",CIVIL,Lose
"PCDV,93,智,26,20050728,1",CIVIL,Lose
"IPCV,99,民商訴,10,20100921,2",CIVIL,Lose
"HLDV,97,智,1,20080430,1",CIVIL,Win
"IPCV,106,民專訴,28,20180226,2",CIVIL,Lose
"IPCV,109,民商上,10,20201210,1",CIVIL,Lose
"IPCV,103,民著上,17,20150212,1",CIVIL,Lose
"IPCV,98,民專訴,136,20101221,2",CIVIL,Mixed
"IPCV,109,民商上,18,20210429,1",CIVIL,Lose
"IPCV,104,民專訴,76,20160630,2",CIVIL,Lose
"IPCV,100,民著訴,62,20120807,1",CIVIL,Lose
"IPCV,108,民專訴,88,20200623,2",CIVIL,Lose
"IPCV,98,民著上易,6,20090723,1",CIVIL,Lose
"IPCV,101,民專訴,3,20121018,3",CIVIL,Mixed
"IPCV,111,民商訴,14,20220624,1",CIVIL,Win
"IPCV,111,民著上易,13,20230223,1",CIVIL,Lose
"IPCV,103,民專訴,95,20170531,4",CIVIL,Win
"IPCV,104,民著上更(一),1,20190411,4",CIVIL,Lose
"IPCV,97,民專上,18,20090521,2",CIVIL,Lose
"PCDV,92,智,49,20040409,1",CIVIL,Mixed
"KSHV,94,智上,4,20060428,1",CIVIL,Mixed
"IPCV,107,民商訴,49,20190731,1",CIVIL,Mixed
"IPCV,106,民著訴,2,20180321,1",CIVIL,Mixed
"TPHV,97,智上,27,20081008,1",CIVIL,Lose
"TNHV,94,智上易,2,20051129,1",CIVIL,Lose
"TPHV,95,智上,18,20070717,1",CIVIL,Mixed
"IPCV,98,民專訴,151,20100709,2",CIVIL,Lose
"IPCV,104,民著訴,21,20160205,1",CIVIL,Mixed
"TPSV,110,台上,583,20210317,1",CIVIL,Lose
"IPCV,103,民專訴,49,20141222,2",CIVIL,Lose
"IPCV,99,民專上,26,20101216,2",CIVIL,Lose
"IPCV,98,民著上,1,20090604,1",CIVIL,Lose
"IPCV,107,民專訴,99,20190329,2",CIVIL,Lose
"IPCV,104,民商訴,30,20161230,3",CIVIL,Mixed
"IPCV,102,民專訴,93,20140430,2",CIVIL,Lose
"IPCV,106,民著訴,15,20180511,3",CIVIL,Mixed
"IPCV,100,民專上易,10,20110825,2",CIVIL,Lose
"IPCV,109,民著訴,114,20210712,1",CIVIL,Lose
"IPCV,101,民商上,14,20130411,2",CIVIL,Lose
"SLDV,94,智,25,20071109,1",CIVIL,Mixed
"IPCV,112,民專訴,33,20241118,2",CIVIL,Lose
"IPCV,109,民專訴,37,20201013,2",CIVIL,Lose
"TCHV,93,智上,12,20061004,1",CIVIL,Mixed
"KSHV,95,智上易,4,20070207,2",CIVIL,Lose
"TPDV,96,智,81,20080130,3",CIVIL,Lose
"IPCV,112,民著上更一,8,20240229,1",CIVIL,Mixed
"SLDV,93,智,8,20090626,1",CIVIL,Lose
"IPCV,102,民著訴,62,20141212,1",CIVIL,Mixed
"TYDV,94,智,14,20090512,3",CIVIL,Lose
"IPCV,104,民營上,2,20160526,2",CIVIL,Lose
"IPCV,99,民專上易,10,20110210,2",CIVIL,Mixed
"IPCV,108,民商上,4,20190815,1",CIVIL,Lose
"IPCV,103,民專上易,4,20150430,3",CIVIL,Lose
"IPCV,108,民營訴,12,20200623,1",CIVIL,Lose
"IPCV,101,民商訴,14,20120824,1",CIVIL,Mixed
"IPCV,107,民商訴,28,20190116,1",CIVIL,Lose
"IPCV,100,民專上易,23,20111124,2",CIVIL,Lose
"IPCV,108,民專上,42,20201231,2",CIVIL,Lose
"TPSV,102,台上,1681,20130904",CIVIL,Lose
"SLDV,95,智,36,20080118,1",CIVIL,Lose
"IPCV,99,民專訴,2,20110527,3",CIVIL,Lose
"IPCV,98,民專訴,49,20091127,2",CIVIL,Lose
"KLDV,97,智,1,20080813,1",CIVIL,Mixed
"IPCV,109,民商訴,53,20210427,1",CIVIL,Lose
"PCDV,94,重智(一),19,20071227,2",CIVIL,Mixed
"IPCV,106,民專訴,45,20171222,2",CIVIL,Lose
"IPCV,109,民商訴,27,20211228,2",CIVIL,Mixed
"TPHV,96,智上易,7,20080822,1",CIVIL,Lose
"TPDV,96,智,78,20090602,1",CIVIL,Lose
"IPCV,98,民商訴,31,20100201,1",CIVIL,Win
"IPCV,103,民專訴,115,20150527,2",CIVIL,Lose
"IPCV,110,民著訴,141,20220406,1",CIVIL,Lose
"IPCV,100,民著訴,12,20120518,1",CIVIL,Lose
"IPCV,100,民著訴,32,20120515,1",CIVIL,Lose
"IPCV,104,民商訴,13,20160129,3",CIVIL,Lose
"IPCV,99,民專上,57,20110414,3",CIVIL,Lose
"IPCV,110,民專訴,70,20220517,3",CIVIL,Lose
"IPCV,108,民專訴,66,20200326,3",CIVIL,Lose
"IPCV,106,民專訴,69,20180206,3",CIVIL,Lose
"TPHV,95,智上,3,20080520,3",CIVIL,Lose
"IPCV,108,民專訴,61,20200326,2",CIVIL,Lose
"IPCV,110,民著訴,71,20210824,1",CIVIL,Mixed
"IPCV,98,民著上易,13,20100722,1",CIVIL,Lose
"TCDV,93,智,54,20070125,1",CIVIL,Lose
"IPCV,105,民專訴,55,20170316,2",CIVIL,Lose
"TCDV,110,智,11,20220224,1",CIVIL,Lose
"TPDV,96,智,68,20080321,2",CIVIL,Lose
"IPCV,99,民專上更(一),8,20101209,2",CIVIL,Lose
"IPCV,99,民商訴,9,20100614,1",CIVIL,Mixed
"IPCV,101,民著訴,24,20140127,1",CIVIL,Mixed
"IPCV,98,民專訴,28,20091020,2",CIVIL,Lose
"TPSV,105,台上,140,20160121",CIVIL,Lose
"IPCV,111,民專上,32,20240621,4",CIVIL,Lose
"IPCV,100,民著上易,10,20120216,1",CIVIL,Lose
"PTDV,94,智,2,20060707,2",CIVIL,Lose
"TPHV,97,智上,1,20090224,1",CIVIL,Lose
"IPCV,109,民商訴,10,20200529,1",CIVIL,Lose
"IPCV,100,民著上,7,20120119,1",CIVIL,Lose
"IPCV,104,民專上,40,20160714,2",CIVIL,Lose
"IPCV,102,民專訴,49,20131230,2",CIVIL,Lose
"PCDV,94,智(一),45,20060221,1",CIVIL,Mixed
"IPCV,98,民專上,11,20090730,2",CIVIL,Lose
"IPCV,98,民專訴,66,20100118,2",CIVIL,Lose
"PCDV,93,重智,12,20050414,1",CIVIL,Lose
"IPCV,101,民專訴,13,20120928,2",CIVIL,Lose
"IPCV,112,民專上,16,20240822,2",CIVIL,Lose
"IPCV,110,民商訴,30,20210930,1",CIVIL,Lose
"IPCV,98,民專上易,7,20090625,2",CIVIL,Lose
"IPCV,105,民著訴,16,20161129,1",CIVIL,Mixed
"TCDV,108,智,5,20201224,1",CIVIL,Lose
"IPCV,104,民專訴,42,20160219,2",CIVIL,Lose
"IPCV,102,民營上,3,20140501,1",CIVIL,Win
"PCDV,96,智,18,20090514,2",CIVIL,Lose
"IPCV,103,民商訴,1,20140429,1",CIVIL,Lose
"IPCV,102,民專訴,53,20140331,2",CIVIL,Lose
"TCDV,107,智,10,20190726,1",CIVIL,Lose
"TPSV,102,台上,2437,20131219",CIVIL,Lose
"TPEV,93,北智小,2,20040506,1",CIVIL,Win
"IPCV,109,民商訴,35,20220705,2",CIVIL,Mixed
"IPCV,98,民專上易,5,20090813,2",CIVIL,Lose
"IPCV,109,民專訴,7,20200605,2",CIVIL,Lose
"IPCV,104,民專上,8,20151126,2",CIVIL,Lose
"IPCV,109,民專上,4,20200702,2",CIVIL,Lose
"IPCV,108,民專上易,1,20200331,2",CIVIL,Lose
"IPCV,109,民專上,45,20220811,3",CIVIL,Lose
"IPCV,101,民商訴,7,20121011,1",CIVIL,Mixed
"IPCV,108,民商訴,46,20200227,1",CIVIL,Mixed
"CHDV,93,智,15,20070928,3",CIVIL,Mixed
"IPCV,102,民專上,16,20131128,2",CIVIL,Mixed
"IPCV,98,民著訴,22,20090922,1",CIVIL,Lose
"IPCV,102,民商上,5,20130905,1",CIVIL,Lose
"IPCV,107,民著訴,34,20181207,1",CIVIL,Mixed
"TPHV,93,智上,14,20041117,1",CIVIL,Lose
"IPCV,107,民著訴,69,20190102,1",CIVIL,Lose
"IPCV,102,民專訴,135,20150130,2",CIVIL,Lose
"IPCV,111,民商訴,1,20221017,1",CIVIL,Lose
"TCDV,93,智,66,20051202,1",CIVIL,Mixed
"IPCV,103,民專訴,87,20150430,3",CIVIL,Lose
"TPDV,105,智,2,20160913,1",CIVIL,Mixed
"IPCV,101,民專訴,150,20130709,2",CIVIL,Lose
"IPCV,100,民專上易,36,20120329,2",CIVIL,Lose
"IPCV,98,民著訴,13,20090331,1",CIVIL,Lose
"IPCV,103,民營訴,7,20150508,1",CIVIL,Lose
"IPCV,103,民專上,18,20160331,3",CIVIL,Lose
"TPSV,102,台上,1316,20130711",CIVIL,Lose
"TYDV,96,智,19,20080829,3",CIVIL,Mixed
"IPCV,103,民專訴,69,20140930,1",CIVIL,Lose
"IPCV,112,民專訴,4,20230801,2",CIVIL,Lose
"IPCV,105,民著訴,43,20170123,1",CIVIL,Lose
"IPCV,109,民營上,4,20231116,3",CIVIL,Mixed
"IPCV,101,民著訴,16,20120921,1",CIVIL,Win
"TNHV,95,智上,1,20070501,2",CIVIL,Win
"IPCV,102,民商訴,54,20140429,1",CIVIL,Win
"IPCV,108,民營上易,1,20200409,1",CIVIL,Lose
"PCDV,96,智,28,20070831,1",CIVIL,Win
"TCDV,94,智,5,20070214,1",CIVIL,Mixed
"TPHV,96,智上,8,20070724,1",CIVIL,Lose
"IPCV,97,民專訴,3,20090212,4",CIVIL,Win
"TPDV,94,智,22,20051111,1",CIVIL,Mixed
"IPCV,110,民著上,21,20220414,1",CIVIL,Lose
"TPDV,108,智,32,20200828,2",CIVIL,Lose
"SCDV,107,智,1,20180921,1",CIVIL,Mixed
"IPCV,101,民專訴,111,20130131,2",CIVIL,Lose
"IPCV,97,民專訴,44,20081217,1",CIVIL,Lose
"IPCV,110,民專上,19,20220217,2",CIVIL,Lose
"IPCV,110,民專訴,61,20220608,2",CIVIL,Lose
"IPCV,98,民專上易,28,20100812,1",CIVIL,Lose
"TPHV,97,智上易,9,20110427,6",CIVIL,Mixed
"IPCV,112,民專訴,13,20240416,2",CIVIL,Win
"IPCV,111,民商上更一,1,20230216,1",CIVIL,Lose
"CYDV,95,智,1,20080821,1",CIVIL,Lose
"IPCV,107,民商訴,2,20180730,1",CIVIL,Lose
"IPCV,101,民著訴,14,20130115,2",CIVIL,Lose
"IPCV,108,民商訴,23,20200511,1",CIVIL,Mixed
"IPCV,103,民專訴,101,20160301,4",CIVIL,Lose
"IPCV,101,民專訴,85,20130410,2",CIVIL,Lose
"TPDV,97,智,69,20090327,1",CIVIL,Lose
"SLDV,96,智,14,20101208,3",CIVIL,Lose
"TPDV,92,智,87,20041022,1",CIVIL,Lose
"IPCV,99,民商訴,25,20101117,1",CIVIL,Lose
"IPCV,105,民專訴,95,20171114,2",CIVIL,Lose
"TCDV,97,智,32,20091204,6",CIVIL,Lose
"TYDV,109,智,6,20210528,2",CIVIL,Lose
"IPCV,99,民專訴,22,20101027,4",CIVIL,Mixed
"TYDV,96,智,21,20090824,1",CIVIL,Lose
"IPCV,99,民專上,76,20111110,2",CIVIL,Mixed
"IPCV,100,民專上易,31,20120405,3",CIVIL,Lose
"IPCV,102,民著上,23,20140227,1",CIVIL,Lose
"IPCV,102,民專訴,129,20140730,2",CIVIL,Lose
"TPDV,96,智,4,20090930,1",CIVIL,Mixed
"SCDV,94,智,1,20060227,2",CIVIL,Mixed
"IPCV,106,民專上,43,20181018,2",CIVIL,Lose
"IPCV,104,民專訴,91,20160905,2",CIVIL,Lose
"IPCV,102,民專訴,132,20140725,2",CIVIL,Lose
"IPCV,106,民著上易,1,20170921,1",CIVIL,Lose
"IPCV,104,民專訴,90,20170811,6",CIVIL,Mixed
"TCDV,92,智,16,20030926,1",CIVIL,Lose
"IPCV,110,民著上更(一),5,20220225,1",CIVIL,Lose
"PCDV,92,智,41,20060324,3",CIVIL,Lose
"IPCV,111,民專訴,80,20231025,2",CIVIL,Lose
"IPCV,99,民專訴,13,20100706,3",CIVIL,Lose
"IPCV,110,民專訴,14,20210914,2",CIVIL,Lose
"IPCV,109,民著上易,12,20200930,1",CIVIL,Lose
"IPCV,108,民商上,7,20191212,1",CIVIL,Lose
"IPCV,113,民專訴,6,20241106,2",CIVIL,Lose
"IPCV,111,民營上,1,20231123,2",CIVIL,Lose
"TPDV,95,智,29,20071031,2",CIVIL,Lose
"IPCV,99,民專訴,194,20110324,2",CIVIL,Lose
"IPCV,109,民專上,14,20200917,2",CIVIL,Lose
"IPCV,110,民商訴,9,20211125,1",CIVIL,Lose
"IPCV,106,民商訴,49,20181024,1",CIVIL,Mixed
"IPCV,110,民專訴,63,20220906,3",CIVIL,Lose
"IPCV,110,民著上,22,20230427,2",CIVIL,Lose
"TPHV,95,智上,48,20080422,1",CIVIL,Mixed
"TYDV,92,智,2,20090630,3",CIVIL,Lose
"IPCV,111,民商上,11,20230302,1",CIVIL,Lose
"IPCV,102,民著訴,50,20140320,1",CIVIL,Mixed
"IPCV,111,民著訴,81,20230418,1",CIVIL,Lose
"TPDV,96,智,89,20081107,1",CIVIL,Lose
"IPCV,101,民專訴,157,20130731,2",CIVIL,Lose
"TCHV,94,智上易,1,20050517,1",CIVIL,Mixed
"IPCV,101,民專訴,34,20130125,2",CIVIL,Mixed
"IPCV,102,民專訴,68,20131225,2",CIVIL,Lose
"IPCV,102,民專訴,78,20140127,1",CIVIL,Mixed
"IPCV,110,民商訴,31,20210928,1",CIVIL,Win
"ULDV,92,智,12,20060113,2",CIVIL,Lose
"IPCV,111,民著訴,1,20240430,1",CIVIL,Lose
"IPCV,100,民著訴,57,20120323,1",CIVIL,Mixed
"TNHV,95,智上,4,20061003,1",CIVIL,Lose
"TNDV,108,智,10,20191114,1",CIVIL,Lose
"IPCV,107,民商訴,63,20200214,2",CIVIL,Lose
"TPDV,100,智,15,20110826,1",CIVIL,Win
"IPCV,112,民著上易,11,20231228,1",CIVIL,Mixed
"IPCV,113,民專訴,26,20241127,2",CIVIL,Win
"IPCV,104,民專訴,23,20151229,2",CIVIL,Lose
"IPCV,99,民著訴,82,20110527,1",CIVIL,Lose
"IPCV,102,民商訴,1,20130910,1",CIVIL,Mixed
"TPHV,94,智上,31,20060425,1",CIVIL,Lose
"IPCV,109,民著上易,27,20210527,1",CIVIL,Lose
"IPCV,102,民著訴,44,20140704,1",CIVIL,Lose
"IPCV,103,民專上,21,20151231,2",CIVIL,Lose
"TNDV,93,智,14,20050128,4",CIVIL,Lose
"IPCV,99,民著訴,46,20110531,1",CIVIL,Win
"PCDV,95,智,21,20070412,1",CIVIL,Lose
"IPCV,109,民專上,27,20210506,2",CIVIL,Mixed
"TPHV,96,智上,37,20080123,1",CIVIL,Lose
"IPCV,109,民專上,46,20211021,1",CIVIL,Lose
"TYDV,97,智,4,20080505,1",CIVIL,Win
"IPCV,107,民專訴,22,20190408,3",CIVIL,Lose
"IPCV,103,民專訴,97,20150930,2",CIVIL,Lose
"IPCV,105,民專訴,58,20170829,2",CIVIL,Lose
"IPCV,100,民專訴,57,20130222,2",CIVIL,Lose
"IPCV,109,民商訴,2,20210615,1",CIVIL,Mixed
"IPCV,108,民專訴,31,20191231,2",CIVIL,Lose
"IPCV,112,民專訴,14,20240522,2",CIVIL,Lose
"TCHV,96,智上易,1,20080311,1",CIVIL,Lose
"IPCV,106,民著上易,5,20180125,1",CIVIL,Mixed
"IPCV,105,民專訴,77,20171109,2",CIVIL,Lose
"TCHV,94,智上,18,20060227,1",CIVIL,Lose
"IPCV,107,民商上,3,20180913,1",CIVIL,Mixed
"CHDV,93,智,18,20070326,1",CIVIL,Lose
"IPCV,110,民著訴,29,20210727,1",CIVIL,Lose
"TCDV,97,智,35,20090703,1",CIVIL,Win
"IPCV,102,民專訴,32,20140416,3",CIVIL,Mixed
"TCDV,93,智,46,20050819,1",CIVIL,Mixed
"IPCV,99,民著訴,13,20100913,1",CIVIL,Lose
"SLDV,93,智,18,20060518,1",CIVIL,Lose
"TNDV,95,智簡上,1,20061101,1",CIVIL,Lose
"IPCV,102,民專訴,79,20131121,1",CIVIL,Lose
"IPCV,105,民專訴,47,20170821,3",CIVIL,Lose
"IPCV,100,民商訴,36,20120504,1",CIVIL,Lose
"IPCV,112,民著上易,16,20240328,1",CIVIL,Lose
"IPCV,113,民商訴,9,20240821,1",CIVIL,Lose
"IPCV,98,民專上易,16,20091210,2",CIVIL,Lose
"IPCV,108,民專上,14,20200213,2",CIVIL,Lose
"IPCV,111,民商訴,2,20221129,2",CIVIL,Mixed
"IPCV,103,民著上,10,20141030,1",CIVIL,Lose
"TNDV,110,智,8,20230310,1",CIVIL,Lose
"SLDV,92,智,2,20030218,1",CIVIL,Mixed
"IPCV,102,民專訴,3,20131217,2",CIVIL,Mixed
"SLDV,104,智,2,20150703,1",CIVIL,Lose
"IPCV,108,民著訴,138,20200724,1",CIVIL,Lose
"TPDV,103,智,7,20140416,1",CIVIL,Mixed
"IPCV,111,民專上,11,20231019,3",CIVIL,Lose
"IPCV,103,民專訴,5,20141117,2",CIVIL,Lose
"IPCV,99,民專訴,192,20110330,2",CIVIL,Lose
"IPCV,97,民專訴,1,20090424,1",CIVIL,Lose
"IPCV,101,民著上,20,20150204,2",CIVIL,Mixed
"IPCV,107,民著訴,74,20181219,1",CIVIL,Lose
"KSDV,95,智,27,20091231,2",CIVIL,Mixed
"IPCV,112,民著訴,8,20240514,2",CIVIL,Lose
"IPCV,112,民著上,15,20241203,1",CIVIL,Lose
"TCHV,94,智上易,3,20051011,1",CIVIL,Lose
"IPCV,106,民專訴,25,20170714,2",CIVIL,Lose
"IPCV,107,民商上,18,20190620,1",CIVIL,Mixed
"TCDV,101,智,6,20130111,1",CIVIL,Lose
"IPCV,111,民著訴,61,20230214,1",CIVIL,Mixed
"IPCV,107,民著訴,42,20190423,1",CIVIL,Lose
"IPCV,107,民專上,15,20190214,2",CIVIL,Lose
"IPCV,105,民商上易,2,20161229,1",CIVIL,Lose
"IPCV,103,民商訴,50,20150616,1",CIVIL,Win
"IPCV,103,民商上更(二),1,20190430,2",CIVIL,Mixed
"IPCV,100,民他訴,1,20110120,1",CIVIL,Lose
"TPHV,95,智上,57,20070226,1",CIVIL,Lose
"TPDV,103,智,11,20140820,1",CIVIL,Lose
"IPCV,108,民專上,13,20200521,3",CIVIL,Lose
"IPCV,109,民專訴,70,20201030,1",CIVIL,Lose
"TPDV,95,智更(一),2,20120427,9",CIVIL,Lose
"IPCV,102,民商訴,11,20130830,1",CIVIL,Lose
"TPDV,95,智,40,20090731,3",CIVIL,Lose
"IPCV,109,民著上易,28,20210923,1",CIVIL,Lose
"TPHV,94,智上,26,20060110,1",CIVIL,Mixed
"IPCV,102,民專上,19,20140227,2",CIVIL,Lose
"IPCV,106,民商訴,30,20180410,1",CIVIL,Mixed
"TCHV,94,智上,4,20050517,1",CIVIL,Lose
"IPCV,102,民專上,42,20140508,4",CIVIL,Lose
"IPCV,109,民商上更(一),2,20230427,1",CIVIL,Win
"IPCV,101,民專訴,81,20130315,2",CIVIL,Lose
"IPCV,102,民著上,21,20140424,1",CIVIL,Mixed
"TCHV,92,智上,3,20040512,5",CIVIL,Lose
"IPCV,111,民專訴,56,20230718,2",CIVIL,Mixed
"TPDV,97,智簡上,1,20081127,1",CIVIL,Mixed
"TNDV,110,智,1,20221214,3",CIVIL,Mixed
"IPCV,103,民專上更(一),3,20141023,1",CIVIL,Win
"IPCV,107,民專訴,46,20190326,3",CIVIL,Lose
"IPCV,104,民專上,23,20160811,2",CIVIL,Lose
"IPCV,111,民專上,9,20220721,2",CIVIL,Lose
"TCHV,94,智上,9,20050927,2",CIVIL,Lose
"IPCV,109,民著訴,77,20210309,1",CIVIL,Lose
"IPCV,98,民著上,27,20100422,1",CIVIL,Lose
"IPCV,102,民專上,43,20131212,2",CIVIL,Lose
"TPSV,103,台上,1843,20140905",CIVIL,Lose
"IPCV,104,民專上更(一),4,20160825,2",CIVIL,Lose
"IPCV,99,民專訴,181,20120412,3",CIVIL,Lose
"TPDV,95,智,106,20061130,1",CIVIL,Lose
"IPCV,106,民商上更(一),2,20181212,1",CIVIL,Lose
"IPCV,106,民專訴,62,20180807,2",CIVIL,Lose
"IPCV,110,民商訴,32,20220322,1",CIVIL,Mixed
"IPCV,108,民專訴,34,20190820,2",CIVIL,Lose
"IPCV,104,民著訴,30,20151012,2",CIVIL,Lose
"TPHV,94,智上,12,20051220,1",CIVIL,Lose
"KSDV,96,智,14,20080327,2",CIVIL,Win
"CHDV,97,智,4,20080814,1",CIVIL,Lose
"IPCV,109,民專訴,77,20210527,2",CIVIL,Lose
"IPCV,112,民著訴,27,20231017,1",CIVIL,Win
"IPCV,111,民著上更一,5,20230131,1",CIVIL,Mixed
"TPHV,94,智上,17,20070213,1",CIVIL,Lose
"IPCV,108,民著訴,112,20200227,1",CIVIL,Lose
"IPCV,106,民商訴,3,20170929,4",CIVIL,Mixed
"IPCV,102,民專上,73,20140710,2",CIVIL,Lose
"TPSV,102,台上,2042,20131024",CIVIL,Lose
"IPCV,113,民商上,8,20241211,1",CIVIL,Lose
"IPCV,110,民著訴,124,20221111,1",CIVIL,Lose
"IPCV,102,民商上更(一),1,20131003,2",CIVIL,Mixed
"IPCV,98,民專上,12,20090924,2",CIVIL,Lose
"TPHV,95,智上,1,20071113,1",CIVIL,Mixed
"IPCV,99,民專上易,29,20110329,2",CIVIL,Lose
"IPCV,102,民著上更(二),1,20141231,2",CIVIL,Lose
"IPCV,100,民著訴,49,20130515,2",CIVIL,Lose
"IPCV,99,民專訴,12,20110131,2",CIVIL,Mixed
"IPCV,105,民專訴,21,20160829,2",CIVIL,Lose
"TPDV,96,智,102,20081231,2",CIVIL,Win
"IPCV,97,民商上,4,20090402,1",CIVIL,Lose
"IPCV,98,民專上,8,20090625,2",CIVIL,Lose
"ILDV,96,智,6,20081126,1",CIVIL,Mixed
"TNDV,107,智,5,20181031,1",CIVIL,Lose
"SLDV,104,智,9,20160715,1",CIVIL,Lose
"IPCV,107,民商訴,62,20191126,2",CIVIL,Lose
"IPCV,111,民著訴,64,20231122,1",CIVIL,Mixed
"IPCV,110,民商上,6,20220420,2",CIVIL,Lose
"IPCV,109,民專訴,44,20210608,2",CIVIL,Lose
"IPCV,99,民著訴,85,20110317,1",CIVIL,Mixed
"IPCV,112,民商訴,57,20241120,1",CIVIL,Lose
"IPCV,111,民著訴,52,20240521,3",CIVIL,Mixed
"IPCV,110,民著訴,80,20211029,1",CIVIL,Lose
"TPDV,94,智,90,20060220,1",CIVIL,Mixed
"PCDV,92,智,44,20041202,1",CIVIL,Mixed
"PCDV,95,重智,11,20070329,1",CIVIL,Mixed
"IPCV,101,民商訴,42,20130510,2",CIVIL,Lose
"PCDV,95,智,42,20081008,4",CIVIL,Mixed
"IPCV,97,民著訴,8,20090218,1",CIVIL,Win
"TPSV,103,台上,1684,20140821",CIVIL,Lose
"IPCV,98,民專訴,67,20091207,2",CIVIL,Lose
"IPCV,107,民商上,21,20190926,1",CIVIL,Lose
"IPCV,109,民著上更(一),4,20220316,1",CIVIL,Lose
"PCDV,97,智,13,20080829,1",CIVIL,Mixed
"KSDV,95,智,22,20120406,3",CIVIL,Mixed
"IPCV,108,民營訴,11,20200121,3",CIVIL,Win
"IPCV,110,民營上,2,20211209,1",CIVIL,Lose
"IPCV,111,民營訴,13,20230831,2",CIVIL,Lose
"IPCV,110,民專上,25,20220428,1",CIVIL,Lose
"IPCV,98,民專訴,102,20100223,2",CIVIL,Lose
"IPCV,99,民著訴,40,20120615,1",CIVIL,Mixed
"IPCV,103,民商上,17,20150430,1",CIVIL,Lose
"TCDV,98,智,5,20100602,1",CIVIL,Mixed
"IPCV,98,民專上,3,20091126,2",CIVIL,Mixed
"IPCV,100,民專訴,48,20110930,2",CIVIL,Lose
"IPCV,101,民專訴,106,20130520,2",CIVIL,Lose
"IPCV,108,民商訴,54,20201222,1",CIVIL,Lose
"TPSV,104,台上,1786,20150923",CIVIL,Lose
"SLDV,93,智,23,20050829,1",CIVIL,Mixed
"IPCV,100,民商上,4,20111229,1",CIVIL,Mixed
"IPCV,102,民著上,2,20140109,1",CIVIL,Win
"TNDV,94,智,16,20070430,1",CIVIL,Win
"TCDV,95,智簡上,1,20071130,1",CIVIL,Lose
"IPCV,110,民專上,11,20220721,1",CIVIL,Mixed
"IPCV,105,民商訴,40,20170728,1",CIVIL,Mixed
"TCHV,97,智上,4,20080820,1",CIVIL,Mixed
"IPCV,99,民專訴,131,20110303,2",CIVIL,Lose
"IPCV,100,民著上易,12,20120329,1",CIVIL,Lose
"IPCV,101,民專訴,73,20130916,4",CIVIL,Win
"IPCV,113,民著訴,11,20240614,1",CIVIL,Mixed
"TNDV,93,智,16,20040827,3",CIVIL,Lose
"TPHV,97,智上,10,20080930,1",CIVIL,Lose
"IPCV,101,民專訴,14,20120912,2",CIVIL,Lose
"IPCV,102,民專訴,15,20130917,2",CIVIL,Lose
"IPCV,104,民專訴,73,20160830,2",CIVIL,Lose
"SCDV,93,智,6,20050608,1",CIVIL,Lose
"KSDV,97,智,9,20080707,1",CIVIL,Win
"CHDV,95,智,13,20070906,1",CIVIL,Mixed
"TPHV,97,智上更(一),4,20090707,2",CIVIL,Win
"IPCV,103,民專訴,44,20150330,2",CIVIL,Lose
"IPCV,107,民專訴,98,20190527,2",CIVIL,Lose
"IPCV,112,民專訴,20,20240123,2",CIVIL,Lose
"TPSV,113,台上,719,20240710,1",CIVIL,Lose
"TPDV,92,智,98,20041115,3",CIVIL,Win
"IPCV,100,民專上更(一),11,20120621,2",CIVIL,Lose
"IPCV,111,民專訴,9,20220906,2",CIVIL,Lose
"IPCV,110,民著訴,140,20220308,1",CIVIL,Lose
"TPHV,94,智上,15,20070327,2",CIVIL,Win
"IPCV,100,民商訴,21,20111116,1",CIVIL,Lose
"IPCV,108,民商上,18,20210708,1",CIVIL,Lose
"IPCV,111,民專上,3,20230330,3",CIVIL,Mixed
"IPCV,106,民專訴,72,20180329,2",CIVIL,Lose
"IPCV,99,民著上,7,20120315,2",CIVIL,Lose
"IPCV,102,民著訴,7,20130515,1",CIVIL,Mixed
"TPDV,94,智,29,20050923,1",CIVIL,Mixed
"IPCV,98,民專上,54,20100930,2",CIVIL,Mixed
"TPHV,93,智上,5,20040917,1",CIVIL,Mixed
"TCDV,95,智,48,20061221,1",CIVIL,Lose
"IPCV,101,民著上,3,20120830,1",CIVIL,Win
"PCDV,104,智,5,20151229,1",CIVIL,Lose
"TCDV,106,智,1,20170908,2",CIVIL,Mixed
"TPDV,95,智,81,20070124,1",CIVIL,Mixed
"IPCV,98,民著上,9,20091118,1",CIVIL,Lose
"IPCV,111,民專訴,58,20230221,2",CIVIL,Lose
"IPCV,112,民著訴,20,20240109,1",CIVIL,Lose
"IPCV,106,民專訴,80,20180730,1",CIVIL,Lose
"IPCV,109,民著訴,68,20220927,2",CIVIL,Mixed
"IPCV,102,民專上易,8,20141113,3",CIVIL,Lose
"TPDV,95,智,116,20070117,1",CIVIL,Mixed
"IPCV,107,民商訴,51,20190830,1",CIVIL,Lose
"IPCV,101,民專訴,20,20130425,2",CIVIL,Lose
"TNDV,95,智,21,20071231,1",CIVIL,Mixed
"IPCV,101,民專訴,61,20130531,2",CIVIL,Mixed
"IPCV,97,民專訴,26,20090722,2",CIVIL,Lose
"TCDV,108,智,14,20191127,1",CIVIL,Win
"IPCV,107,民著訴,5,20181029,1",CIVIL,Lose
"TPHV,96,智上,32,20080102,1",CIVIL,Lose
"IPCV,105,民著訴,48,20171124,1",CIVIL,Lose
"IPCV,104,民商訴,3,20150629,1",CIVIL,Lose
"IPCV,98,民著訴,18,20090601,1",CIVIL,Mixed
"IPCV,112,民商上,9,20240111,1",CIVIL,Lose
"IPCV,111,民商上,22,20230629,1",CIVIL,Lose
"IPCV,106,民著上,4,20171130,1",CIVIL,Lose
"IPCV,98,民著訴,38,20100928,2",CIVIL,Lose
"IPCV,99,民專訴,139,20110823,4",CIVIL,Mixed
"IPCV,102,民營訴,4,20150414,1",CIVIL,Lose
"IPCV,109,民專訴,27,20200707,2",CIVIL,Lose
"IPCV,105,民專訴,86,20180111,2",CIVIL,Mixed
"IPCV,99,民商訴,19,20101101,1",CIVIL,Lose
"IPCV,99,民專訴,227,20110923,2",CIVIL,Lose
"IPCV,100,民專訴,101,20120705,2",CIVIL,Lose
"TCHV,95,智上易,18,20061122,1",CIVIL,Lose
"IPCV,109,民專上,25,20210311,4",CIVIL,Mixed
"TPSV,112,台上,1445,20230705,1",CIVIL,Lose
"IPCV,101,民商訴,1,20120430,1",CIVIL,Lose
"IPCV,103,民專訴,72,20150710,3",CIVIL,Lose
"IPCV,101,民專訴,87,20130329,2",CIVIL,Mixed
"TCDV,92,智,26,20040913,1",CIVIL,Mixed
"IPCV,98,民專訴,43,20091201,4",CIVIL,Lose
"IPCV,109,民著訴,34,20200511,1",CIVIL,Lose
"IPCV,111,民專上更一,4,20231214,2",CIVIL,Lose
"TPDV,102,智,15,20140128,1",CIVIL,Lose
"TNDV,97,智,21,20081226,1",CIVIL,Mixed
"IPCV,105,民商上,14,20170124,1",CIVIL,Lose
"IPCV,105,民專上,5,20161027,2",CIVIL,Lose
"IPCV,101,民專上,8,20120830,2",CIVIL,Lose
"IPCV,103,民著上,16,20151022,2",CIVIL,Mixed
"IPCV,101,民專訴,10,20120730,2",CIVIL,Lose
"TNDV,94,智,5,20050204,1",CIVIL,Mixed
"IPCV,111,民商上,13,20230317,1",CIVIL,Lose
"TPDV,96,智,80,20110831,5",CIVIL,Lose
"KSDV,95,智,3,20070822,2",CIVIL,Mixed
"PCDV,106,智,4,20170821,1",CIVIL,Win
"TPDV,95,智,102,20061031,1",CIVIL,Win
"IPCV,113,民專訴,1,20241030,3",CIVIL,Lose
"IPCV,103,民專訴,64,20150529,3",CIVIL,Lose
"IPCV,110,民商訴,4,20210914,2",CIVIL,Lose
"IPCV,108,民營訴,9,20191129,1",CIVIL,Lose
"IPCV,104,民專訴,72,20160617,2",CIVIL,Lose
"IPCV,107,民商訴,10,20180928,4",CIVIL,Lose
"IPCV,102,民著訴,33,20140225,2",CIVIL,Win
"PCDV,107,智,5,20190131,1",CIVIL,Lose
"IPCV,101,民專更(一),1,20130628,1",CIVIL,Win
"IPCV,98,民專訴,122,20100510,2",CIVIL,Lose
"IPCV,100,民著訴,28,20110831,1",CIVIL,Win
"IPCV,107,民著訴,82,20200227,1",CIVIL,Lose
"IPCV,104,民著上易,12,20170126,1",CIVIL,Lose
"IPCV,112,民著訴,32,20230608,1",CIVIL,Mixed
"TPDV,97,智,55,20081113,1",CIVIL,Lose
"IPCV,106,民專訴,90,20181031,2",CIVIL,Lose
"IPCV,101,民專訴,130,20130618,2",CIVIL,Mixed
"IPCV,107,民專上,34,20190214,1",CIVIL,Lose
"IPCV,107,民專上,31,20200521,3",CIVIL,Lose
"IPCV,103,民專上易,3,20141030,2",CIVIL,Lose
"IPCV,102,民著上,10,20140605,2",CIVIL,Mixed
"IPCV,99,民專訴,147,20110705,3",CIVIL,Mixed
"IPCV,100,民著上易,1,20111027,1",CIVIL,Lose
"IPCV,107,民著訴,46,20190422,1",CIVIL,Mixed
"IPCV,108,民商訴,66,20200224,1",CIVIL,Lose
"IPCV,105,民商訴,2,20160913,3",CIVIL,Mixed
"IPCV,101,民著訴,44,20130610,1",CIVIL,Lose
"IPCV,102,民專上更(一),8,20140523,2",CIVIL,Lose
"IPCV,102,民商上,7,20131017,1",CIVIL,Lose
"IPCV,104,民著上,8,20160825,1",CIVIL,Lose
"IPCV,101,民專訴,21,20120621,2",CIVIL,Lose
"TPDV,96,智,64,20090422,1",CIVIL,Lose
"PCDV,94,智(一),37,20071221,2",CIVIL,Lose
"IPCV,113,民商上,2,20241017,1",CIVIL,Lose
"IPCV,113,民專訴,12,20241218,2",CIVIL,Lose
"IPCV,101,民專訴,113,20130327,2",CIVIL,Lose
"IPCV,104,民著訴,53,20160321,1",CIVIL,Mixed
"IPCV,106,民專訴,103,20190116,2",CIVIL,Lose
"IPCV,99,民著訴,91,20111019,1",CIVIL,Lose
"IPCV,99,民專訴,199,20110223,2",CIVIL,Lose
"TCDV,110,智,14,20220609,2",CIVIL,Lose
"IPCV,106,民專訴,50,20180108,2",CIVIL,Lose
"PCDV,94,智(一),34,20080415,1",CIVIL,Lose
"IPCV,100,民商訴,7,20111028,2",CIVIL,Lose
"IPCV,111,民著訴,82,20231228,3",CIVIL,Lose
"IPCV,109,民專上,36,20210520,2",CIVIL,Lose
"TCDV,93,智,33,20061024,3",CIVIL,Lose
"PCDV,93,智,27,20060126,2",CIVIL,Mixed
"TPHV,93,智上,10,20040803,1",CIVIL,Lose
"IPCV,103,民專訴,35,20151019,1",CIVIL,Lose
"IPCV,97,民專訴,24,20081112,2",CIVIL,Lose
"IPCV,103,民商訴,53,20151012,2",CIVIL,Mixed
"IPCV,108,民營訴,6,20211126,2",CIVIL,Lose
"IPCV,109,民著上,10,20210401,1",CIVIL,Lose
"IPCV,109,民著訴,42,20210219,1",CIVIL,Mixed
"TPDV,104,智,8,20160126,2",CIVIL,Lose
"IPCV,107,民專上,6,20181115,2",CIVIL,Lose
"TPDV,100,智,25,20121026,3",CIVIL,Win
"CHDV,95,智,9,20070411,1",CIVIL,Mixed
"TCDV,112,智,1,20230420,1",CIVIL,Mixed
"TYDV,92,智,9,20040427,1",CIVIL,Mixed
"IPCV,109,民著上,8,20201112,1",CIVIL,Lose
"TPDV,94,智,33,20051125,1",CIVIL,Lose
"IPCV,101,民專上易,4,20121227,1",CIVIL,Lose
"IPCV,105,民商訴,15,20160905,1",CIVIL,Mixed
"TPDV,100,智,22,20121026,2",CIVIL,Lose
"IPCV,98,民著訴,2,20090227,2",CIVIL,Mixed
"IPCV,110,民著訴,38,20210914,1",CIVIL,Mixed
"IPCV,104,民專上易,5,20160128,2",CIVIL,Lose
"IPCV,102,民著上,18,20140731,2",CIVIL,Mixed
"IPCV,109,民專上,2,20201029,1",CIVIL,Lose
"IPCV,107,民商上,1,20190425,1",CIVIL,Mixed
"TPSV,103,台上,906,20140508",CIVIL,Lose
"IPCV,104,民著訴,9,20160614,1",CIVIL,Lose
"TCDV,92,智,40,20060125,1",CIVIL,Lose
"TCDV,97,智,8,20091231,2",CIVIL,Win
"IPCV,103,民商訴,54,20150331,2",CIVIL,Win
"IPCV,108,民專訴,48,20200331,2",CIVIL,Lose
"IPCV,103,民著訴,32,20141125,1",CIVIL,Mixed
"IPCV,102,民專上,67,20140612,1",CIVIL,Lose
"SCDV,97,重智,3,20110105,2",CIVIL,Lose
"TCHV,94,智上易,11,20060630,1",CIVIL,Lose
"IPCV,108,民專訴,12,20190531,2",CIVIL,Lose
"IPCV,99,民專訴,158,20111130,1",CIVIL,Win
"IPCV,110,民著上易,1,20210916,2",CIVIL,Lose
"PCDV,94,智,4,20060324,1",CIVIL,Lose
"IPCV,98,民商上,3,20090813,1",CIVIL,Lose
"IPCV,105,民專上,13,20180517,5",CIVIL,Lose
"IPCV,102,民專上,8,20130711,3",CIVIL,Lose
"IPCV,103,民專訴,2,20150706,2",CIVIL,Mixed
"IPCV,102,民專訴,120,20140612,2",CIVIL,Mixed
"KSDV,93,智,24,20051215,1",CIVIL,Lose
"IPCV,107,民營上,5,20190314,1",CIVIL,Mixed
"IPCV,103,民商上更(一),2,20150326,1",CIVIL,Mixed
"PCDV,112,智,2,20231031,1",CIVIL,Mixed
"TCDV,99,智,4,20110427,2",CIVIL,Lose
"IPCV,101,民商訴,34,20130508,1",CIVIL,Mixed
"TPHV,93,智上,17,20050125,1",CIVIL,Lose
"HLDV,96,智簡上,1,20080225,1",CIVIL,Lose
"PCDV,94,重智(一),22,20061019,2",CIVIL,Mixed
"TPHV,93,智上,18,20051031,1",CIVIL,Lose
"IPCV,98,民專上,15,20100520,2",CIVIL,Lose
"IPCV,112,民商訴,40,20231219,1",CIVIL,Win
"IPCV,111,民著訴,76,20230518,1",CIVIL,Lose
"IPCV,111,民著訴,5,20221101,1",CIVIL,Lose
"IPCV,106,民著訴,7,20170808,1",CIVIL,Lose
"IPCV,111,民專上,7,20220729,2",CIVIL,Lose
"TPSV,103,台上,2502,20141203",CIVIL,Lose
"TCEV,96,中智簡,4,20070511,1",CIVIL,Mixed
"IPCV,101,民專上更(二),5,20130613,2",CIVIL,Lose
"IPCV,99,民商上,12,20110728,1",CIVIL,Lose
"SCDV,96,智,10,20100507,2",CIVIL,Mixed
"IPCV,98,民著訴,2,20090403,5",CIVIL,Mixed
"ULDV,96,智,2,20080204,1",CIVIL,Win
"IPCV,102,民商訴,22,20131216,1",CIVIL,Win
"TPHV,95,智上易,3,20060704,1",CIVIL,Win
"IPCV,98,民專訴,3,20100630,2",CIVIL,Lose
"IPCV,112,民專訴,15,20231031,2",CIVIL,Lose
"IPCV,112,民商訴,27,20240220,1",CIVIL,Mixed
"IPCV,110,民專訴,66,20220225,2",CIVIL,Lose
"TPDV,88,訴,4065,20000907",CIVIL,Lose
"IPCV,103,民專上,22,20150430,2",CIVIL,Lose
"IPCV,111,民商上易,3,20220915,1",CIVIL,Lose
"IPCV,100,民著訴,63,20121108,1",CIVIL,Mixed
"IPCV,103,民商訴,49,20150415,1",CIVIL,Win
"PCDV,94,重智(一),21,20071031,2",CIVIL,Lose
"IPCV,104,民著上,5,20160407,2",CIVIL,Lose
"IPCV,109,民專上,40,20210930,1",CIVIL,Win
"TNDV,94,智,22,20110427,3",CIVIL,Lose
"IPCV,107,民著訴,68,20190223,1",CIVIL,Mixed
"IPCV,100,民專訴,63,20111228,2",CIVIL,Mixed
"SCDV,94,智,11,20070531,2",CIVIL,Mixed
"TNDV,107,智,4,20181212,1",CIVIL,Win
"IPCV,108,民專上,43,20220714,2",CIVIL,Mixed
"IPCV,101,民專訴,112,20150713,4",CIVIL,Lose
"IPCV,109,民商上,1,20210527,1",CIVIL,Mixed
"IPCV,102,民專訴,99,20140429,2",CIVIL,Lose
"TPHV,95,智上,33,20070928,1",CIVIL,Mixed
"IPCV,110,民專訴,49,20220127,2",CIVIL,Win
"IPCV,102,民專訴,63,20141107,2",CIVIL,Lose
"IPCV,100,民專訴,111,20120713,3",CIVIL,Lose
"TPEV,92,北智簡,1,20040108,1",CIVIL,Mixed
"IPCV,102,民著訴,18,20130719,1",CIVIL,Lose
"IPCV,110,民著訴,135,20220308,1",CIVIL,Lose
"IPCV,110,民營訴,10,20220930,1",CIVIL,Lose
"IPCV,103,民專上,16,20150115,2",CIVIL,Lose
"IPCV,107,民商訴,47,20190906,1",CIVIL,Lose
"IPCV,107,民著訴,90,20190319,1",CIVIL,Lose
"IPCV,110,民專上,3,20211014,2",CIVIL,Lose
"IPCV,112,民商訴,54,20240802,1",CIVIL,Lose
"IPCV,110,民商上,13,20241203,1",CIVIL,Mixed
"IPCV,102,民著訴,57,20140806,1",CIVIL,Mixed
"IPCV,106,民著訴,5,20180125,3",CIVIL,Lose
"IPCV,111,民專訴,3,20221215,3",CIVIL,Lose
"IPCV,99,民專上更(一),13,20111229,2",CIVIL,Lose
"IPCV,104,民專上,21,20160218,3",CIVIL,Mixed
"IPCV,106,民專訴,93,20180927,3",CIVIL,Mixed
"IPCV,97,民專訴,22,20090324,2",CIVIL,Mixed
"IPCV,103,民專訴,58,20150112,2",CIVIL,Lose
"IPCV,98,民商訴,12,20091202,3",CIVIL,Mixed
"TNDV,92,智,19,20050706,1",CIVIL,Lose
"IPCV,99,民專訴,148,20110111,2",CIVIL,Lose
"TPSV,103,台上,2341,20141107",CIVIL,Win
"IPCV,100,民專上,22,20111020,2",CIVIL,Lose
"TNDV,102,智,10,20140604,1",CIVIL,Lose
"IPCV,103,民著上,21,20150507,1",CIVIL,Mixed
"PCDV,92,智,30,20040615,1",CIVIL,Lose
"IPCV,105,民專訴,78,20171124,1",CIVIL,Mixed
"IPCV,101,民商訴,12,20121101,1",CIVIL,Win
"PTDV,92,智,4,20031008,1",CIVIL,Win
"TCHV,93,智上,2,20040831,1",CIVIL,Lose
"IPCV,102,民專上,20,20131114,1",CIVIL,Lose
"IPCV,102,民專訴,19,20130918,2",CIVIL,Lose
"TCDV,96,智,33,20081107,2",CIVIL,Lose
"TNDV,95,智,8,20061212,1",CIVIL,Lose
"CHDV,97,智,7,20081021,2",CIVIL,Mixed
"MLDV,105,簡上,9,20170816,2",CIVIL,Lose
"IPCV,100,民專訴,68,20120104,1",CIVIL,Mixed
"IPCV,104,民商上,16,20160830,2",CIVIL,Lose
"IPCV,107,民著訴,78,20181220,1",CIVIL,Mixed
"IPCV,99,民商訴,37,20110310,1",CIVIL,Mixed
"IPCV,107,民專訴,3,20201130,4",CIVIL,Lose
"IPCV,111,民專訴,10,20220531,1",CIVIL,Lose
"IPCV,111,民專上,10,20230131,2",CIVIL,Lose
"IPCV,98,民專訴,94,20091214,2",CIVIL,Lose
"IPCV,111,民專訴,45,20240402,4",CIVIL,Lose
"IPCV,112,民著上,12,20231221,1",CIVIL,Lose
"IPCV,102,民專上更(一),4,20140925,6",CIVIL,Lose
"TPDV,100,智,32,20130116,1",CIVIL,Lose
"TCDV,95,智,4,20060714,1",CIVIL,Mixed
"SCDV,94,智,7,20060623,1",CIVIL,Lose
"TPDV,102,智,2,20130524,2",CIVIL,Lose
"IPCV,110,民著訴,121,20230905,2",CIVIL,Lose
"IPCV,108,民著上,4,20200910,2",CIVIL,Mixed
"IPCV,111,民專訴,52,20231003,4",CIVIL,Lose
"IPCV,102,民商上,12,20131226,1",CIVIL,Lose
"IPCV,105,民專訴,91,20170721,2",CIVIL,Lose
"IPCV,99,民著訴,11,20100426,1",CIVIL,Lose
"SLDV,95,智,22,20080923,3",CIVIL,Lose
"IPCV,109,民商訴,38,20210331,1",CIVIL,Mixed
"IPCV,108,民專訴,97,20211126,2",CIVIL,Lose
"IPCV,101,民專訴,141,20130719,2",CIVIL,Lose
"IPCV,99,民商訴,4,20100706,2",CIVIL,Mixed
"IPCV,107,民著訴,40,20190131,1",CIVIL,Lose
"IPCV,99,民專上,41,20110210,2",CIVIL,Lose
"TPDV,92,智,45,20040618,1",CIVIL,Lose
"IPCV,111,民專訴,20,20220929,2",CIVIL,Lose
"TPDV,93,智,91,20050318,1",CIVIL,Lose
"IPCV,97,民著訴,21,20090225,1",CIVIL,Lose
"HLDV,93,智,1,20041231,1",CIVIL,Mixed
"IPCV,108,民專訴,11,20200331,3",CIVIL,Mixed
"IPCV,101,民著上易,3,20121206,1",CIVIL,Mixed
"IPCV,107,民專訴,16,20180503,2",CIVIL,Mixed
"TPDV,96,智,56,20080102,1",CIVIL,Lose
"IPCV,111,民商訴,12,20221130,1",CIVIL,Lose
"IPCV,102,民著訴,52,20131126,1",CIVIL,Lose
"IPCV,112,民商訴,5,20231114,1",CIVIL,Mixed
"TPDV,93,智,85,20050630,1",CIVIL,Mixed
"IPCV,97,民專上,10,20091013,1",CIVIL,Mixed
"IPCV,106,民專上,13,20171116,2",CIVIL,Lose
"IPCV,100,民專上更(一),9,20120426,2",CIVIL,Mixed
"IPCV,107,民著訴,77,20190517,1",CIVIL,Lose
"MLDV,95,智,2,20061213,2",CIVIL,Lose
"IPCV,113,民著訴,19,20240716,1",CIVIL,Mixed
"IPCV,108,民著訴,45,20190612,1",CIVIL,Mixed
"IPCV,100,民商訴,10,20111031,1",CIVIL,Lose
"IPCV,99,民專訴,117,20100728,2",CIVIL,Lose
"TNDV,109,智,3,20200713,1",CIVIL,Win
"IPCV,97,民專上易,10,20090226,2",CIVIL,Lose
"IPCV,100,民專上易,12,20111027,3",CIVIL,Lose
"IPCV,109,民專上,31,20210422,2",CIVIL,Lose
"IPCV,104,民專上更(一),3,20170525,1",CIVIL,Mixed
"IPCV,108,民專上,27,20210408,4",CIVIL,Win
"IPCV,105,民專上,24,20170629,2",CIVIL,Mixed
"IPCV,110,民著上易,7,20220310,1",CIVIL,Lose
"IPCV,107,民著上,16,20190919,1",CIVIL,Lose
"IPCV,106,民專上,41,20180816,2",CIVIL,Lose
"IPCV,110,民著上易,12,20220505,1",CIVIL,Lose
"IPCV,113,民著訴,25,20240823,1",CIVIL,Mixed
"IPCV,106,民專訴,66,20180206,2",CIVIL,Lose
"IPCV,112,民專上更一,2,20230907,1",CIVIL,Mixed
"TCDV,102,智,5,20131209,1",CIVIL,Lose
"TCHV,94,智上,20,20070828,2",CIVIL,Mixed
"IPCV,102,民著上,9,20140116,1",CIVIL,Lose
"IPCV,98,民著上,26,20100701,1",CIVIL,Lose
"IPCV,102,民專上更(一),9,20151029,2",CIVIL,Lose
"IPCV,110,民著訴,32,20210531,1",CIVIL,Lose
"IPCV,103,民著上易,7,20141218,1",CIVIL,Lose
"IPCV,102,民專訴,11,20131025,2",CIVIL,Lose
"IPCV,103,民專上,29,20150827,2",CIVIL,Mixed
"IPCV,98,民專訴,10,20090908,3",CIVIL,Lose
"PCDV,95,智(一),2,20081225,5",CIVIL,Mixed
"IPCV,107,民營上,3,20200330,4",CIVIL,Lose
"IPCV,103,民商訴,12,20150402,1",CIVIL,Mixed
"IPCV,109,民專上,13,20210318,3",CIVIL,Lose
"TCHV,96,智上易,4,20100615,3",CIVIL,Win
"CHDV,95,智,21,20071212,1",CIVIL,Win
"TCDV,95,智,43,20090707,6",CIVIL,Lose
"IPCV,111,民專訴,32,20221117,2",CIVIL,Win
"TPDV,107,智,25,20200313,1",CIVIL,Mixed
"IPCV,110,民專訴,75,20220816,2",CIVIL,Mixed
"PCDV,90,訴,1163,20020711,1",CIVIL,Win
"TPHV,97,智上,25,20091229,1",CIVIL,Lose
"IPCV,102,民商訴,23,20141126,2",CIVIL,Lose
"IPCV,107,民商上,6,20181129,1",CIVIL,Lose
"IPCV,107,民商上,17,20191212,2",CIVIL,Lose
"IPCV,105,民專訴,31,20160923,2",CIVIL,Lose
"IPCV,102,民專訴,96,20150123,3",CIVIL,Lose
"IPCV,107,民著訴,89,20190319,1",CIVIL,Lose
"TYDV,94,智,35,20100630,3",CIVIL,Mixed
"IPCV,97,民專訴,64,20090320,2",CIVIL,Lose
"IPCV,110,民專上,8,20211216,2",CIVIL,Lose
"IPCV,101,民商上,17,20130620,1",CIVIL,Lose
"IPCV,112,民專訴,70,20240723,2",CIVIL,Lose
"TNDV,92,智,17,20040531,2",CIVIL,Lose
"IPCV,112,民專上,30,20241004,3",CIVIL,Lose
"IPCV,105,民專訴,23,20161003,2",CIVIL,Lose
"IPCV,104,民商上,21,20161027,1",CIVIL,Mixed
"TPHV,96,智上,9,20091006,2",CIVIL,Lose
"IPCV,112,民著上易,1,20230630,1",CIVIL,Lose
"TPDV,93,智,53,20041126,1",CIVIL,Mixed
"IPCV,110,民著訴,33,20210511,1",CIVIL,Mixed
"IPCV,98,民著上,22,20100624,1",CIVIL,Mixed
"IPCV,111,民商訴,21,20231226,1",CIVIL,Lose
"IPCV,108,民專訴,100,20200430,2",CIVIL,Lose
"IPCV,98,民專訴,156,20100406,2",CIVIL,Lose
"SCDV,95,重智,6,20090123,1",CIVIL,Mixed
"TPDV,94,智,49,20090707,3",CIVIL,Lose
"IPCV,103,民專訴,13,20150210,3",CIVIL,Lose
"IPCV,100,民專上易,11,20111110,2",CIVIL,Lose
"TPSV,102,台上,427,20130313",CIVIL,Lose
"TPHV,97,智上,7,20090107,1",CIVIL,Lose
"PCDV,106,智,2,20171127,2",CIVIL,Mixed
"TPHV,95,智上,42,20071016,1",CIVIL,Lose
"IPCV,97,民著上易,2,20091112,1",CIVIL,Mixed
"IPCV,107,民著上更(一),2,20191114,2",CIVIL,Mixed
"TPHV,94,智上,19,20050906,2",CIVIL,Lose
"TPSV,100,台上,1505,20110908",CIVIL,Lose
"IPCV,111,民商上,7,20240411,1",CIVIL,Win
"IPCV,100,民著上易,5,20111229,1",CIVIL,Lose
"MLDV,110,智,3,20221025,2",CIVIL,Lose
"IPCV,107,民著訴,13,20181109,1",CIVIL,Lose
"IPCV,111,民專上,45,20231109,1",CIVIL,Lose
"TNDV,93,智,30,20041118,1",CIVIL,Lose
"SLDV,96,智,12,20071129,1",CIVIL,Mixed
"IPCV,109,民專上,19,20211223,2",CIVIL,Lose
"IPCV,112,民專訴,11,20231130,2",CIVIL,Lose
"IPCV,98,民商訴,2,20090603,2",CIVIL,Win
"IPCV,100,民專訴,130,20120829,2",CIVIL,Lose
"KSDV,92,智,22,20050829,1",CIVIL,Lose
"IPCV,100,民專訴,90,20120621,2",CIVIL,Lose
"TCDV,96,智,29,20080304,1",CIVIL,Lose
"IPCV,106,民著訴,64,20180531,1",CIVIL,Lose
"IPCV,107,民專上易,6,20190627,2",CIVIL,Lose
"IPCV,104,民專上,42,20160512,2",CIVIL,Lose
"IPCV,107,民專上更(一),5,20190731,2",CIVIL,Lose
"IPCV,111,民專訴,5,20220915,3",CIVIL,Lose
"TCDV,101,智,4,20130524,4",CIVIL,Lose
"TPHV,93,智上,25,20050202,1",CIVIL,Lose
"TPSV,113,台上,882,20240627,1",CIVIL,Lose
"IPCV,109,民著上易,15,20201029,1",CIVIL,Win
"KSDV,92,智,32,20050331,1",CIVIL,Lose
"IPCV,100,民商訴,16,20111125,1",CIVIL,Mixed
"IPCV,110,民著上易,11,20220414,1",CIVIL,Lose
"TPDV,108,智,34,20201106,1",CIVIL,Mixed
"IPCV,98,民專訴,68,20091231,2",CIVIL,Lose
"IPCV,111,民著上易,8,20221027,1",CIVIL,Lose
"IPCV,110,民著訴,59,20210727,2",CIVIL,Lose
"IPCV,110,民商訴,25,20210831,1",CIVIL,Lose
"IPCV,103,民著訴,36,20141128,1",CIVIL,Lose
"TCDV,92,智,31,20041203,1",CIVIL,Lose
"TPDV,98,智簡上,1,20090715,1",CIVIL,Lose
"IPCV,106,民專上更(二),1,20180802,2",CIVIL,Lose
"TPEV,95,北智簡,4,20060829,1",CIVIL,Win
"TNDV,93,智,12,20050303,2",CIVIL,Lose
"IPCV,107,民專上,33,20190829,2",CIVIL,Lose
"SLDV,104,智,1,20160129,1",CIVIL,Lose
"SLDV,103,智,7,20141117,1",CIVIL,Mixed
"IPCV,104,民商上更(一),4,20160616,1",CIVIL,Lose
"IPCV,100,民著訴,5,20110623,1",CIVIL,Lose
"IPCV,107,民著上易,7,20190926,1",CIVIL,Lose
"SCDV,96,重智,3,20110103,2",CIVIL,Lose
"IPCV,101,民著上,9,20130103,1",CIVIL,Win
"IPCV,110,民專訴,1,20211109,2",CIVIL,Lose
"IPCV,100,民專訴,77,20111116,2",CIVIL,Lose
"TCHV,96,智上,7,20080521,1",CIVIL,Lose
"TNDV,102,智更(一),1,20140128,1",CIVIL,Lose
"IPCV,111,民著上易,2,20220811,1",CIVIL,Lose
"PCDV,95,智,37,20090526,3",CIVIL,Lose
"KSDV,94,智,14,20051121,2",CIVIL,Lose
"IPCV,109,民專訴,85,20211019,2",CIVIL,Lose
"IPCV,101,民專訴,40,20121227,2",CIVIL,Lose
"IPCV,101,民專訴,36,20130205,2",CIVIL,Lose
"IPCV,103,民專上易,1,20140611,2",CIVIL,Lose
"IPCV,112,民著上,6,20231221,1",CIVIL,Lose
"IPCV,101,民專訴,92,20130326,2",CIVIL,Lose
"IPCV,109,民商訴,24,20210219,2",CIVIL,Mixed
"IPCV,112,民著訴,56,20240905,1",CIVIL,Mixed
"IPCV,107,民著訴,86,20190628,1",CIVIL,Lose
"IPCV,103,民專訴,54,20160130,2",CIVIL,Lose
"IPCV,102,民專上,61,20150730,4",CIVIL,Lose
"IPCV,108,民商訴,33,20191129,1",CIVIL,Mixed
"IPCV,112,民商訴,33,20240117,2",CIVIL,Lose
"IPCV,107,民專上,2,20181011,1",CIVIL,Lose
"IPCV,103,民著訴,81,20160201,1",CIVIL,Lose
"IPCV,111,民商上更一,5,20230817,1",CIVIL,Win
"IPCV,98,民專訴,128,20110224,2",CIVIL,Lose
"IPCV,100,民商上,17,20120524,1",CIVIL,Win
"IPCV,98,民專上,48,20101118,2",CIVIL,Lose
"IPCV,107,民專上易,3,20190829,2",CIVIL,Lose
"SLDV,109,智,4,20210531,1",CIVIL,Lose
"IPCV,109,民專上,39,20211230,2",CIVIL,Lose
"IPCV,111,民著上更二,7,20231228,2",CIVIL,Lose
"TYDV,100,訴,1674,20111206,2",CIVIL,Win
"IPCV,109,民著訴,48,20200630,1",CIVIL,Mixed
"KSHV,95,智上易,3,20070831,2",CIVIL,Lose
"IPCV,109,民著訴,57,20201229,1",CIVIL,Mixed
"TPEV,94,北智簡,4,20060127,1",CIVIL,Mixed
"IPCV,103,民商訴,56,20160127,1",CIVIL,Mixed
"IPCV,102,民著訴,66,20140425,1",CIVIL,Lose
"TCEV,96,中智簡,7,20080215,2",CIVIL,Mixed
"KSHV,97,智上易,2,20101027,2",CIVIL,Lose
"IPCV,111,民著訴,50,20230425,1",CIVIL,Lose
"SLDV,92,智,18,20040326,1",CIVIL,Lose
"IPCV,99,民著訴,87,20110721,1",CIVIL,Mixed
"IPCV,103,民著訴,8,20140725,1",CIVIL,Lose
"IPCV,106,民專訴,43,20180302,2",CIVIL,Mixed
"IPCV,109,民商訴,36,20211026,1",CIVIL,Mixed
"IPCV,106,民專訴,84,20180718,2",CIVIL,Lose
"PCDV,94,智,20,20060329,1",CIVIL,Lose
"MLDV,96,智更,1,20081014,1",CIVIL,Lose
"IPCV,108,民著訴,22,20200414,2",CIVIL,Lose
"IPCV,111,民著訴,33,20221220,1",CIVIL,Mixed
"IPCV,111,民商訴,4,20220531,1",CIVIL,Lose
"IPCV,108,民專訴,30,20190813,2",CIVIL,Lose
"TPSV,103,台上,1423,20140711",CIVIL,Lose
"IPCV,109,民商上,2,20200903,1",CIVIL,Lose
"IPCV,107,民著訴,88,20190628,1",CIVIL,Lose
"CHDV,93,智,14,20071218,2",CIVIL,Lose
"KSDV,105,智,4,20170907,2",CIVIL,Mixed
"IPCV,109,民著訴,46,20200630,1",CIVIL,Mixed
"IPCV,111,民專上,29,20230216,1",CIVIL,Lose
"IPCV,102,民著訴,10,20130830,1",CIVIL,Mixed
"IPCV,111,民專訴,65,20231018,3",CIVIL,Lose
"TPDV,93,智,26,20040531,1",CIVIL,Mixed
"TCDV,106,智,8,20180504,2",CIVIL,Lose
"IPCV,108,民著訴,25,20190408,1",CIVIL,Lose
"IPCV,99,民著訴,86,20110427,2",CIVIL,Lose
"IPCV,107,民著訴,26,20200421,5",CIVIL,Lose
"TCDV,110,智,4,20210823,1",CIVIL,Mixed
"IPCV,111,民著訴,47,20230321,1",CIVIL,Lose
"IPCV,113,民著訴,4,20240813,1",CIVIL,Mixed
"PCDV,94,重智,17,20051226,1",CIVIL,Lose
"IPCV,109,民專上,34,20210128,2",CIVIL,Lose
"IPCV,101,民專上,4,20121122,3",CIVIL,Mixed
"IPCV,108,民商上,9,20201022,1",CIVIL,Lose
"IPCV,101,民著上更(一),1,20120920,2",CIVIL,Lose
"TPDV,93,智,73,20090327,5",CIVIL,Mixed
"IPCV,100,民專上,40,20120306,3",CIVIL,Lose
"IPCV,112,民專訴,35,20231229,2",CIVIL,Lose
"IPCV,105,民專上,16,20161215,2",CIVIL,Mixed
"IPCV,106,民專上,15,20181227,2",CIVIL,Lose
"IPCV,97,民專訴,6,20090319,2",CIVIL,Lose
"TPEV,96,北智小,2,20070613,1",CIVIL,Win
"IPCV,111,民專上,41,20230928,2",CIVIL,Lose
"IPCV,109,民專上,22,20210311,2",CIVIL,Lose
"TPDV,96,智,15,20070530,1",CIVIL,Mixed
"IPCV,104,民商訴,8,20151127,2",CIVIL,Mixed
"TCDV,105,智,10,20161212,1",CIVIL,Mixed
"KSHV,91,訴,37,20021204,1",CIVIL,Mixed
"IPCV,108,民商上易,2,20191024,1",CIVIL,Lose
"TPEV,98,北智簡,3,20091224,1",CIVIL,Lose
"IPCV,101,民著上,5,20120920,1",CIVIL,Lose
"IPCV,106,民專訴,101,20180427,2",CIVIL,Lose
"IPCV,110,民專上易,3,20221230,1",CIVIL,Lose
"IPCV,97,民專訴,4,20081111,1",CIVIL,Lose
"IPCV,100,民專訴,89,20110930,1",CIVIL,Win
"IPCV,104,民著訴,57,20161229,3",CIVIL,Mixed
"IPCV,99,民專訴,178,20110128,2",CIVIL,Lose
"IPCV,103,民營訴,2,20141031,1",CIVIL,Win
"IPCV,99,民商訴,45,20111025,1",CIVIL,Mixed
"IPCV,104,民專訴,75,20160920,2",CIVIL,Lose
"IPCV,106,民專訴,97,20180208,2",CIVIL,Lose
"KSDV,92,智,34,20050118,1",CIVIL,Lose
"PCDV,95,智,34,20090122,4",CIVIL,Mixed
"SCDV,100,重智,1,20130628,3",CIVIL,Mixed
"IPCV,108,民著訴,145,20210114,3",CIVIL,Lose
"IPCV,104,民商訴,24,20160218,1",CIVIL,Lose
"IPCV,99,民著訴,37,20101227,1",CIVIL,Win
"IPCV,98,民專上,51,20100610,3",CIVIL,Lose
"IPCV,107,民商訴,14,20180629,1",CIVIL,Mixed
"IPCV,108,民著訴,61,20191030,1",CIVIL,Mixed
"TCHV,95,智上易,15,20070704,1",CIVIL,Lose
"IPCV,105,民專訴,35,20170531,3",CIVIL,Lose
"IPCV,105,民著訴,13,20170213,2",CIVIL,Mixed
"TPDV,93,智,5,20061023,1",CIVIL,Lose
"IPCV,108,民著訴,27,20190319,1",CIVIL,Lose
"TCHV,96,智上,16,20101117,2",CIVIL,Mixed
"IPCV,104,民著訴,25,20160226,1",CIVIL,Lose
"TCHV,100,智上更(一),1,20120131,1",CIVIL,Lose
"TCDV,96,智,55,20101228,5",CIVIL,Lose
"IPCV,101,民專訴,67,20130227,3",CIVIL,Mixed
"IPCV,102,民專上易,2,20131114,2",CIVIL,Lose
"IPCV,107,民商上更(一),2,20190603,1",CIVIL,Mixed
"IPCV,105,民商訴,52,20180424,1",CIVIL,Lose
"IPCV,100,民專訴,17,20110930,2",CIVIL,Lose
"IPCV,102,民專上,69,20150618,2",CIVIL,Lose
"IPCV,106,民專訴,82,20180919,2",CIVIL,Lose
"IPCV,108,民著上,5,20200319,1",CIVIL,Lose
"IPCV,101,民著訴,20,20121109,1",CIVIL,Lose
"IPCV,98,民專上更(二),7,20100513,2",CIVIL,Lose
"PTDV,100,智,3,20111110,1",CIVIL,Lose
"IPCV,107,民營訴,5,20181227,1",CIVIL,Lose
"IPCV,104,民著上易,14,20160623,1",CIVIL,Mixed
"IPCV,108,民商訴,43,20200224,1",CIVIL,Lose
"IPCV,108,民營訴,4,20200929,4",CIVIL,Lose
"ILDV,95,智,1,20080630,1",CIVIL,Lose
"TCDV,92,智,12,20040419,1",CIVIL,Mixed
"IPCV,109,民商上,21,20210506,1",CIVIL,Lose
"IPCV,107,民商上,8,20181129,1",CIVIL,Lose
"IPCV,100,民商上,3,20111215,1",CIVIL,Mixed
"IPCV,104,民專上易,12,20160922,2",CIVIL,Lose
"TPDV,95,智,22,20080813,2",CIVIL,Lose
"IPCV,108,民專上,28,20200227,3",CIVIL,Lose
"IPCV,100,民專訴,83,20120620,2",CIVIL,Lose
"IPCV,110,民著上,8,20210923,1",CIVIL,Mixed
"IPCV,103,民著上,2,20160414,3",CIVIL,Win
"TPHV,95,智上,25,20070808,1",CIVIL,Lose
"IPCV,100,民專上更(一),10,20130110,2",CIVIL,Mixed
"IPCV,106,民專訴,24,20180919,2",CIVIL,Lose
"SLDV,97,智,11,20090821,2",CIVIL,Mixed
"IPCV,98,民專訴,41,20090721,2",CIVIL,Lose
"IPCV,110,民著訴,50,20210604,1",CIVIL,Lose
"IPCV,102,民商訴,7,20130924,1",CIVIL,Lose
"IPCV,107,民專訴,110,20200430,3",CIVIL,Lose
"IPCV,103,民專訴,65,20150527,2",CIVIL,Lose
"IPCV,101,民專訴,74,20121213,2",CIVIL,Lose
"TNDV,97,智,16,20081124,1",CIVIL,Mixed
"IPCV,102,民商訴,4,20130827,1",CIVIL,Lose
"TPHV,94,智上,51,20070509,1",CIVIL,Mixed
"IPCV,103,民著訴,26,20150216,1",CIVIL,Lose
"TPHV,95,智上,54,20070209,1",CIVIL,Lose
"IPCV,111,民商訴,35,20240327,1",CIVIL,Mixed
"IPCV,107,民著訴,49,20190930,1",CIVIL,Mixed
"IPCV,109,民著上,19,20210331,1",CIVIL,Lose
"IPCV,111,民商訴,27,20221028,1",CIVIL,Mixed
"TYDV,96,智,11,20071130,2",CIVIL,Lose
"SLDV,95,智,23,20070330,1",CIVIL,Mixed
"IPCV,99,民專訴,204,20110630,2",CIVIL,Lose
"TCHV,95,智上,10,20060627,1",CIVIL,Lose
"TPHV,95,智上,16,20070425,2",CIVIL,Lose
"IPCV,110,民商訴,53,20211230,1",CIVIL,Lose
"TPSV,105,台上,1475,20160825",CIVIL,Lose
"IPCV,99,民專訴,57,20100804,2",CIVIL,Lose
"IPCV,107,民專訴,72,20190802,2",CIVIL,Lose
"IPCV,98,民專上更(二),2,20100408,2",CIVIL,Lose
"IPCV,98,民著訴,36,20100413,1",CIVIL,Lose
"IPCV,112,民專訴,38,20240123,2",CIVIL,Lose
"TPHV,95,智上易,21,20070227,1",CIVIL,Lose
"IPCV,111,民著上,12,20230413,1",CIVIL,Lose
"TCDV,104,智,5,20161125,4",CIVIL,Mixed
"IPCV,107,民著訴,73,20190131,1",CIVIL,Lose
"IPCV,97,民專訴,35,20090302,3",CIVIL,Lose
"CYDV,92,智,2,20030728,1",CIVIL,Mixed
"IPCV,107,民著上,15,20191017,1",CIVIL,Lose
"TCDV,92,智,52,20061229,1",CIVIL,Lose
"IPCV,102,民專上,28,20131115,3",CIVIL,Lose
"TPSV,107,台上,1783,20190320,1",CIVIL,Lose
"TPDV,93,智,54,20060522,2",CIVIL,Lose
"IPCV,98,民商訴,9,20090908,1",CIVIL,Mixed
"IPCV,108,民著訴,100,20191217,1",CIVIL,Mixed
"IPCV,107,民著訴,55,20181206,1",CIVIL,Lose
"IPCV,108,民專訴,2,20200107,5",CIVIL,Win
"TCDV,93,智,23,20040827,2",CIVIL,Lose
"IPCV,100,民專上,47,20120426,2",CIVIL,Lose
"IPCV,108,民商訴,20,20191121,2",CIVIL,Win
"IPCV,103,民著訴,10,20141217,2",CIVIL,Lose
"IPCV,106,民著訴,36,20180515,3",CIVIL,Mixed
"IPCV,108,民專訴,105,20200811,2",CIVIL,Lose
"IPCV,100,民專上,55,20121213,2",CIVIL,Lose
"TCHV,96,智上,18,20080917,2",CIVIL,Lose
"IPCV,97,民專訴,7,20090313,3",CIVIL,Mixed
"IPCV,99,民專上,21,20110825,5",CIVIL,Lose
"IPCV,109,民著訴,25,20201231,1",CIVIL,Lose
"IPCV,108,民專訴,17,20190621,2",CIVIL,Lose
"IPCV,99,民專訴,136,20120621,3",CIVIL,Lose
"TNDV,98,智,2,20110324,6",CIVIL,Lose
"IPCV,105,民著上更(一),2,20170316,2",CIVIL,Lose
"IPCV,104,民專訴,13,20170113,2",CIVIL,Lose
"IPCV,99,民專上,1,20100527,2",CIVIL,Lose
"TNDV,92,智,22,20090610,2",CIVIL,Lose
"IPCV,105,民專訴,32,20170523,2",CIVIL,Lose
"IPCV,99,民著訴,61,20101026,1",CIVIL,Win
"IPCV,100,民專上易,25,20111124,2",CIVIL,Lose
"IPCV,104,民上再更(一),1,20151022,1",CIVIL,Lose
"IPCV,105,民商訴,20,20180601,1",CIVIL,Mixed
"TPDV,88,訴,5055,20000218",CIVIL,Lose
"IPCV,102,民專上,63,20141120,4",CIVIL,Lose
"IPCV,106,民專訴,26,20170930,2",CIVIL,Lose
"IPCV,104,民專上,10,20150806,2",CIVIL,Lose
"IPCV,99,民專上,35,20110324,3",CIVIL,Lose
"IPCV,112,民專訴,49,20231219,2",CIVIL,Mixed
"IPCV,102,民專訴,56,20140514,4",CIVIL,Mixed
"IPCV,97,民專上,4,20081126,2",CIVIL,Lose
"TPHV,93,智上,20,20050112,1",CIVIL,Lose
"IPCV,105,民專上,9,20161215,2",CIVIL,Mixed
"IPCV,111,民營上,2,20221006,1",CIVIL,Lose
"IPCV,107,民專訴,70,20190130,2",CIVIL,Lose
"IPCV,105,民專訴,66,20180613,4",CIVIL,Lose
"IPCV,98,民專訴,74,20091109,2",CIVIL,Lose
"IPCV,100,民商訴,30,20120406,1",CIVIL,Win
"TCHV,96,智上,4,20081231,3",CIVIL,Win
"KSHV,90,訴,19,20010904,1",CIVIL,Mixed
"IPCV,112,民著上易,13,20240229,1",CIVIL,Lose
"PCDV,94,智更,1,20050428,1",CIVIL,Win
"IPCV,102,民商訴,29,20140227,1",CIVIL,Lose
"IPCV,103,民專上,24,20150122,1",CIVIL,Lose
"IPCV,110,民專上,18,20211230,2",CIVIL,Lose
"IPCV,98,民專上,2,20090514,1",CIVIL,Lose
"IPCV,105,民專訴,51,20180209,2",CIVIL,Lose
"IPCV,100,民專上,6,20111229,1",CIVIL,Lose
"IPCV,106,民專上,9,20180427,2",CIVIL,Lose
"IPCV,107,民專訴,21,20190429,2",CIVIL,Mixed
"IPCV,102,民專訴,37,20130815,2",CIVIL,Lose
"IPCV,113,民著訴,36,20240806,1",CIVIL,Mixed
"IPCV,109,民著訴,62,20200929,1",CIVIL,Mixed
"IPCV,99,民著上易,1,20101007,1",CIVIL,Mixed
"IPCV,110,民著訴,150,20230714,6",CIVIL,Mixed
"CTDV,109,智,3,20201126,1",CIVIL,Mixed
"TYDV,96,智,1,20080212,1",CIVIL,Mixed
"TCDV,93,智,64,20060425,2",CIVIL,Lose
"IPCV,102,民專上,2,20130815,2",CIVIL,Lose
"TCDV,93,智簡上,2,20041007,3",CIVIL,Lose
"IPCV,111,民著訴,14,20230113,1",CIVIL,Lose
"PCDV,95,智(一),8,20070913,1",CIVIL,Lose
"IPCV,99,民專上易,9,20100826,2",CIVIL,Lose
"IPCV,101,民專訴,58,20130306,2",CIVIL,Lose
"TPHV,97,智上更(一),7,20081223,1",CIVIL,Lose
"PTDV,97,智,2,20100323,1",CIVIL,Lose
"TPDV,100,智,8,20120608,1",CIVIL,Lose
"IPCV,106,民專訴,78,20180828,2",CIVIL,Lose
"IPCV,109,民著訴,24,20220412,3",CIVIL,Lose
"IPCV,112,民商訴,60,20240731,1",CIVIL,Mixed
"TPHV,97,智上,8,20080708,1",CIVIL,Lose
"IPCV,104,民專訴,26,20150918,2",CIVIL,Lose
"TCDV,96,智,13,20090121,3",CIVIL,Lose
"SLDV,96,智,15,20070926,1",CIVIL,Mixed
"IPCV,100,民專上,53,20120614,2",CIVIL,Mixed
"IPCV,110,民商訴,54,20220331,1",CIVIL,Lose
"TCDV,95,智,6,20070509,1",CIVIL,Mixed
"IPCV,112,民專上,10,20231019,2",CIVIL,Lose
"TPDV,92,智,10,20050719,3",CIVIL,Lose
"TNHV,97,智上易,2,20090331,2",CIVIL,Lose
"PCDV,100,智,10,20120329,1",CIVIL,Lose
"IPCV,101,民著訴,35,20141113,1",CIVIL,Mixed
"IPCV,112,民專訴,36,20240430,3",CIVIL,Lose
"IPCV,100,民商訴,24,20111121,1",CIVIL,Mixed
"IPCV,103,民著訴,67,20150506,1",CIVIL,Lose
"IPCV,105,民專上,4,20161027,2",CIVIL,Lose
"IPCV,105,民商訴,29,20170306,1",CIVIL,Mixed
"IPCV,97,民專訴,32,20090406,2",CIVIL,Lose
"IPCV,100,民商上,9,20110517,2",CIVIL,Lose
"IPCV,104,民專上,41,20161215,3",CIVIL,Lose
"IPCV,103,民著訴,62,20150331,1",CIVIL,Mixed
"IPCV,110,民著上更(一),1,20221013,1",CIVIL,Lose
"IPCV,101,民商訴,24,20140625,1",CIVIL,Lose
"IPCV,100,民著訴,45,20120810,1",CIVIL,Lose
"IPCV,98,民專上,31,20091224,2",CIVIL,Lose
"IPCV,99,民專訴,189,20120113,3",CIVIL,Mixed
"IPCV,103,民著訴,74,20150831,1",CIVIL,Lose
"IPCV,107,民營上,6,20190718,1",CIVIL,Lose
"IPCV,98,民商上更(二),2,20090924,1",CIVIL,Mixed
"IPCV,102,民著上易,7,20140619,1",CIVIL,Lose
"IPCV,106,民專上,10,20180125,3",CIVIL,Lose
"IPCV,109,民著訴,70,20201117,1",CIVIL,Mixed
"IPCV,98,民專訴,123,20100510,2",CIVIL,Lose
"IPCV,102,民專訴,131,20140730,2",CIVIL,Lose
"CHDV,99,訴,423,20100831,1",CIVIL,Win
"IPCV,110,民著訴,64,20211112,1",CIVIL,Lose
"IPCV,102,民著訴,37,20140505,1",CIVIL,Mixed
"IPCV,103,民專訴,63,20150409,2",CIVIL,Lose
"IPCV,110,民專訴,31,20211228,2",CIVIL,Lose
"IPCV,100,民專訴,33,20110930,2",CIVIL,Lose
"TPDV,105,智,17,20171114,2",CIVIL,Lose
"TCDV,95,智,55,20080806,2",CIVIL,Mixed
"IPCV,98,民專訴,89,20100427,2",CIVIL,Lose
"IPCV,102,民商訴,9,20131008,2",CIVIL,Lose
"IPCV,104,民營上,1,20150716,1",CIVIL,Mixed
"IPCV,111,民商訴,26,20230530,1",CIVIL,Lose
"TCDV,110,智,9,20211117,1",CIVIL,Lose
"IPCV,111,民專訴,26,20230328,2",CIVIL,Lose
"IPCV,99,民著上,9,20111110,1",CIVIL,Lose
"IPCV,105,民商上,15,20170608,1",CIVIL,Lose
"IPCV,98,民專訴,50,20100210,2",CIVIL,Mixed
"IPCV,102,民專訴,95,20140520,3",CIVIL,Lose
"IPCV,113,民商上,9,20241211,1",CIVIL,Lose
"KSDV,96,智,3,20080320,2",CIVIL,Mixed
"IPCV,107,民專上易,2,20181115,2",CIVIL,Lose
"IPCV,106,民商訴,29,20180430,1",CIVIL,Lose
"IPCV,107,民專上,5,20181227,2",CIVIL,Lose
"IPCV,104,民商上易,3,20160407,1",CIVIL,Win
"CHDV,94,智,15,20060825,1",CIVIL,Lose
"IPCV,105,民專訴,54,20170426,2",CIVIL,Lose
"TCDV,92,智,65,20050624,1",CIVIL,Lose
"IPCV,102,民他上,1,20140403,1",CIVIL,Mixed
"IPCV,101,民專訴,56,20130125,2",CIVIL,Lose
"IPCV,110,民著訴,103,20221013,2",CIVIL,Lose
"IPCV,109,民專訴,18,20200716,2",CIVIL,Lose
"TPDV,92,智,37,20040823,1",CIVIL,Lose
"IPCV,102,民專上,65,20141120,2",CIVIL,Mixed
"CYDV,102,智,1,20140108,1",CIVIL,Lose
"IPCV,101,民商上,16,20140116,1",CIVIL,Mixed
"IPCV,108,民專上,2,20190829,2",CIVIL,Lose
"IPCV,107,民商上易,1,20181122,1",CIVIL,Lose
"TCHV,89,重上,156,20020226,1",CIVIL,Lose
"TCHV,97,智上,7,20080708,1",CIVIL,Lose
"IPCV,110,民專上,12,20211028,2",CIVIL,Lose
"IPCV,105,民專訴,48,20170327,2",CIVIL,Lose
"IPCV,100,民專上,23,20120426,3",CIVIL,Mixed
"IPCV,109,民著訴,14,20200430,1",CIVIL,Lose
"TPHV,95,智上,28,20090526,1",CIVIL,Lose
"IPCV,106,民專上,26,20171123,1",CIVIL,Lose
"IPCV,104,民著訴,65,20160516,1",CIVIL,Lose
"IPCV,103,民專上,25,20141225,2",CIVIL,Lose
"TPDV,96,智,96,20080328,1",CIVIL,Lose
"IPCV,106,民專訴,99,20190128,2",CIVIL,Mixed
"IPCV,106,民專訴,19,20170829,2",CIVIL,Lose
"IPCV,100,民專訴,114,20120413,2",CIVIL,Lose
"IPCV,100,民專上,41,20121011,4",CIVIL,Mixed
"IPCV,101,民專上,24,20121220,2",CIVIL,Lose
"IPCV,101,民商訴,44,20130313,1",CIVIL,Lose
"TYDV,94,智,25,20060710,2",CIVIL,Mixed
"TPDV,100,智,20,20120131,2",CIVIL,Win
"IPCV,108,民著訴,103,20191230,1",CIVIL,Mixed
"TNDV,93,智,3,20080722,2",CIVIL,Lose
"IPCV,101,民著訴,5,20120607,1",CIVIL,Mixed
"IPCV,101,民專訴,158,20140127,2",CIVIL,Lose
"IPCV,110,民商訴,52,20220225,1",CIVIL,Lose
"IPCV,97,民專訴,30,20090323,3",CIVIL,Lose
"IPCV,109,民商上易,2,20201210,1",CIVIL,Lose
"IPCV,99,民著訴,75,20110803,1",CIVIL,Mixed
"IPCV,107,民專訴,60,20190531,2",CIVIL,Lose
"IPCV,108,民專上,22,20191219,2",CIVIL,Mixed
"IPCV,108,民專訴,16,20190830,2",CIVIL,Lose
"TCDV,95,智,27,20090331,2",CIVIL,Lose
"IPCV,98,民著上,3,20090709,1",CIVIL,Lose
"IPCV,101,民著上,8,20121018,1",CIVIL,Lose
"IPCV,109,民商訴,17,20201104,1",CIVIL,Mixed
"IPCV,106,民著上更(一),4,20190718,1",CIVIL,Win
"IPCV,102,民著上易,3,20131128,1",CIVIL,Lose
"IPCV,105,民專訴,74,20181130,3",CIVIL,Mixed
"IPCV,105,民專訴,4,20161031,2",CIVIL,Mixed
"TCHV,95,智上易,17,20070711,1",CIVIL,Lose
"IPCV,101,民專上,43,20130731,2",CIVIL,Lose
"SLDV,95,智,21,20080411,1",CIVIL,Lose
"TCHV,96,智上,6,20081231,1",CIVIL,Lose
"TCHV,96,智上,17,20071003,1",CIVIL,Lose
"IPCV,106,民營上更(一),2,20180614,1",CIVIL,Lose
"IPCV,112,民商訴,4,20230608,1",CIVIL,Lose
"IPCV,101,民專訴,54,20121224,2",CIVIL,Lose
"IPCV,101,民著上,6,20130627,1",CIVIL,Lose
"IPCV,101,民專上,55,20131121,2",CIVIL,Lose
"IPCV,104,民專上易,6,20160428,2",CIVIL,Lose
"IPCV,103,民著上,3,20160428,2",CIVIL,Win
"IPCV,109,民著上易,20,20210225,1",CIVIL,Mixed
"SLDV,94,智,12,20060928,1",CIVIL,Lose
"IPCV,104,民著上,3,20151008,1",CIVIL,Lose
"TCHV,94,智上易,12,20060502,1",CIVIL,Lose
"SLDV,101,智,8,20150923,1",CIVIL,Lose
"IPCV,99,民專上,74,20120614,2",CIVIL,Lose
"IPCV,111,民著上,2,20220830,1",CIVIL,Lose
"IPCV,107,民商訴,37,20181226,1",CIVIL,Win
"IPCV,99,民專上,31,20110303,2",CIVIL,Lose
"IPCV,111,民著訴,42,20221130,1",CIVIL,Lose
"IPCV,102,民專上,24,20131227,4",CIVIL,Lose
"IPCV,102,民著訴,14,20130628,1",CIVIL,Lose
"TPHV,93,智上,6,20050913,1",CIVIL,Lose
"IPCV,108,民專訴,53,20200828,5",CIVIL,Mixed
"IPCV,103,民專訴,40,20150415,2",CIVIL,Lose
"CHDV,93,智,7,20060327,2",CIVIL,Mixed
"IPCV,100,民著訴,56,20120307,1",CIVIL,Lose
"IPCV,108,民著訴,21,20190329,1",CIVIL,Lose
"IPCV,104,民著上,13,20160414,1",CIVIL,Lose
"TPSV,103,台上,1839,20140905",CIVIL,Lose
"TPHV,97,智上更(一),5,20080930,1",CIVIL,Win
"IPCV,112,民專上,1,20241009,2",CIVIL,Lose
"TPSV,103,台上,98,20140116",CIVIL,Lose
"IPCV,100,民專訴,93,20120726,2",CIVIL,Lose
"TCDV,94,智,27,20071212,3",CIVIL,Mixed
"IPCV,107,民商訴,8,20180928,1",CIVIL,Lose
"ULDV,94,智,2,20060817,1",CIVIL,Lose
"CHDV,90,訴,110,20020104,1",CIVIL,Lose
"IPCV,106,民著上,7,20190606,1",CIVIL,Mixed
"IPCV,111,民著訴,35,20221013,1",CIVIL,Mixed
"IPCV,106,民著訴,44,20180531,2",CIVIL,Mixed
"IPCV,97,民專上,17,20090521,4",CIVIL,Lose
"SCDV,92,智,2,20040401,1",CIVIL,Lose
"PCDV,97,重智,6,20101029,12",CIVIL,Lose
"IPCV,99,民專訴,152,20110721,1",CIVIL,Lose
"PCDV,93,智,44,20060831,3",CIVIL,Lose
"PCDV,93,重智,4,20051020,4",CIVIL,Mixed
"IPCV,112,民著上,2,20230629,1",CIVIL,Lose
"KSDV,105,智,3,20161018,1",CIVIL,Mixed
"IPCV,109,民專上,3,20220728,2",CIVIL,Lose
"IPCV,104,民著訴,13,20150601,1",CIVIL,Win
"IPCV,107,民專訴,63,20190709,3",CIVIL,Lose
"IPCV,101,民商訴,38,20130628,1",CIVIL,Lose
"IPCV,98,民專訴,133,20100518,3",CIVIL,Lose
"IPCV,99,民著訴,76,20110224,1",CIVIL,Lose
"TPDV,105,智,4,20161130,1",CIVIL,Lose
"IPCV,112,民著訴,12,20231003,1",CIVIL,Mixed
"IPCV,109,民專上,39,20220303,3",CIVIL,Lose
"IPCV,104,民專訴,84,20160826,2",CIVIL,Lose
"IPCV,101,民專訴,89,20130329,2",CIVIL,Lose
"IPCV,109,民專上,50,20211104,2",CIVIL,Lose
"IPCV,102,民營訴,5,20140829,1",CIVIL,Lose
"IPCV,107,民專上,16,20181220,2",CIVIL,Lose
"IPCV,99,民著訴,65,20110623,2",CIVIL,Lose
"IPCV,100,民商上易,1,20110721,1",CIVIL,Lose
"TPSV,103,台上,1957,20140924",CIVIL,Lose
"TCDV,93,智,26,20050323,3",CIVIL,Lose
"IPCV,112,民著訴,47,20240227,1",CIVIL,Lose
"IPCV,101,民專訴,41,20130918,2",CIVIL,Win
"IPCV,107,民專訴,10,20190318,2",CIVIL,Mixed
"IPCV,100,民商訴,4,20110427,1",CIVIL,Win
"IPCV,103,民專訴,104,20151030,2",CIVIL,Lose
"IPCV,113,民著上易,1,20240726,1",CIVIL,Lose
"IPCV,107,民專上,20,20190328,2",CIVIL,Lose
"IPCV,112,民著訴,17,20230531,1",CIVIL,Mixed
"IPCV,110,民專訴,3,20211027,1",CIVIL,Lose
"IPCV,100,民專上,36,20120315,2",CIVIL,Lose
"IPCV,110,民專訴,13,20211117,2",CIVIL,Mixed
"IPCV,105,民專訴,94,20170811,2",CIVIL,Lose
"IPCV,110,民專訴,72,20220629,5",CIVIL,Lose
"IPCV,106,民專訴,30,20170930,2",CIVIL,Lose
"TPDV,112,智,24,20240304,2",CIVIL,Win
"KLDV,103,智,1,20140627,2",CIVIL,Lose
"IPCV,110,民著訴,143,20220128,1",CIVIL,Lose
"IPCV,99,民專訴,213,20110610,2",CIVIL,Lose
"IPCV,101,民專訴,149,20131129,3",CIVIL,Lose
"TPDV,96,智,87,20090213,1",CIVIL,Lose
"IPCV,109,民專訴,17,20200811,2",CIVIL,Lose
"IPCV,109,民著上,7,20201231,1",CIVIL,Lose
"TPDV,96,智,48,20090123,1",CIVIL,Lose
"IPCV,104,民著上,15,20160804,1",CIVIL,Mixed
"IPCV,99,民著訴,6,20100413,2",CIVIL,Mixed
"IPCV,106,民專上易,2,20180222,2",CIVIL,Lose
"IPCV,99,民專上,70,20111229,3",CIVIL,Lose
"IPCV,102,民專訴,111,20140326,3",CIVIL,Lose
"IPCV,99,民專上,68,20110825,2",CIVIL,Lose
"CTDV,110,智,1,20220330,1",CIVIL,Lose
"IPCV,101,民著上,16,20130124,1",CIVIL,Lose
"IPCV,105,民專訴,22,20190329,6",CIVIL,Lose
"IPCV,97,民專訴,36,20090109,1",CIVIL,Lose
"IPCV,110,民著訴,89,20220729,2",CIVIL,Mixed
"TPHV,94,智上,25,20070328,2",CIVIL,Lose
"IPCV,106,民專訴,23,20171030,2",CIVIL,Lose
"TCHV,94,智上易,5,20050920,1",CIVIL,Lose
"IPCV,108,民著訴,97,20210330,3",CIVIL,Lose
"IPCV,106,民商上,4,20180227,2",CIVIL,Lose
"IPCV,100,民專上易,4,20110728,3",CIVIL,Lose
"IPCV,108,民著上,12,20200618,1",CIVIL,Win
"IPCV,101,民專訴,140,20130828,2",CIVIL,Lose
"IPCV,99,民商上,10,20110825,2",CIVIL,Lose
"TCDV,111,智,7,20220622,1",CIVIL,Mixed
"TCHV,96,智上易,9,20071030,1",CIVIL,Lose
"IPCV,110,民專上,20,20220127,2",CIVIL,Lose
"IPCV,98,民專訴,27,20100413,2",CIVIL,Lose
"IPCV,102,民專上,3,20131114,2",CIVIL,Mixed
"IPCV,112,民著訴,66,20240318,1",CIVIL,Mixed
"IPCV,110,民著訴,152,20220225,1",CIVIL,Mixed
"TNHV,96,智上易,1,20070710,1",CIVIL,Lose
"IPCV,107,民著上,11,20200131,1",CIVIL,Lose
"PCDV,93,智,11,20040624,1",CIVIL,Win
"IPCV,97,民商上易,2,20080326,1",CIVIL,Mixed
"IPCV,106,民著上更(一),1,20171116,1",CIVIL,Mixed
"TNDV,94,智,6,20071123,3",CIVIL,Lose
"IPCV,100,民商上,10,20120503,2",CIVIL,Lose
"IPCV,110,民專訴,76,20230928,2",CIVIL,Mixed
"IPCV,112,民著訴,25,20231205,1",CIVIL,Lose
"IPCV,104,民商訴,27,20180821,2",CIVIL,Mixed
"PCDV,95,重智,8,20061016,1",CIVIL,Mixed
"IPCV,98,民專訴,1,20090610,1",CIVIL,Win
"IPCV,109,民營訴,2,20200413,1",CIVIL,Lose
"IPCV,107,民商上易,2,20190620,1",CIVIL,Mixed
"IPCV,99,民專訴,20,20100811,2",CIVIL,Lose
"TPDV,95,智,95,20070103,1",CIVIL,Lose
"IPCV,110,民著上易,14,20230420,1",CIVIL,Lose
"TCDV,103,智,3,20151030,2",CIVIL,Lose
"IPCV,101,民專上易,7,20130808,2",CIVIL,Lose
"IPCV,109,民著上易,4,20200430,1",CIVIL,Mixed
"IPCV,103,民專上,33,20160303,3",CIVIL,Lose
"IPCV,108,民專訴,55,20200224,3",CIVIL,Lose
"TPDV,109,智,10,20201008,1",CIVIL,Mixed
"IPCV,99,民專訴,67,20111220,3",CIVIL,Lose
"TCDV,95,智,8,20060330,1",CIVIL,Win
"IPCV,101,民專上,45,20130314,2",CIVIL,Lose
"IPCV,105,民專訴,80,20170220,2",CIVIL,Lose
"IPCV,101,民專上,50,20140227,3",CIVIL,Lose
"IPCV,100,民著訴,15,20120713,1",CIVIL,Mixed
"IPCV,112,民商上,1,20231031,1",CIVIL,Mixed
"IPCV,111,民專訴,46,20230720,2",CIVIL,Mixed
"IPCV,101,民商訴,23,20121221,1",CIVIL,Mixed
"IPCV,107,民專訴,51,20200427,3",CIVIL,Lose
"PCDV,96,智,26,20071220,2",CIVIL,Mixed
"IPCV,99,民著訴,90,20110302,1",CIVIL,Mixed
"IPCV,108,民專訴,26,20191231,2",CIVIL,Lose
"TCDV,96,智,35,20090501,4",CIVIL,Lose
"IPCV,107,民著上,6,20190131,1",CIVIL,Lose
"IPCV,107,民專上,27,20190530,2",CIVIL,Lose
"IPCV,108,民著訴,8,20190329,1",CIVIL,Lose
"IPCV,102,民著上,24,20140626,1",CIVIL,Mixed
"IPCV,100,民專上,43,20121227,3",CIVIL,Lose
"TCDV,95,智,13,20060518,1",CIVIL,Win
"IPCV,110,民商上易,3,20220331,1",CIVIL,Lose
"TPHV,94,智上,18,20050927,1",CIVIL,Lose
"IPCV,108,民著訴,18,20190731,1",CIVIL,Lose
"SLDV,94,智,21,20060816,1",CIVIL,Mixed
"IPCV,108,民專上,17,20200109,2",CIVIL,Lose
"IPCV,104,民專上,16,20160616,4",CIVIL,Lose
"TCDV,91,訴,2539,20060721,2",CIVIL,Win
"IPCV,110,民專訴,21,20210928,2",CIVIL,Lose
"TPSV,106,台上,970,20170705",CIVIL,Lose
"IPCV,103,民商訴,2,20140812,1",CIVIL,Lose
"TCHV,93,智上,15,20060705,3",CIVIL,Lose
"IPCV,110,民專上,24,20220825,2",CIVIL,Lose
"TYDV,94,智,11,20061228,1",CIVIL,Lose
"IPCV,107,民著上易,5,20180621,1",CIVIL,Lose
"TPHV,95,智上,13,20080708,1",CIVIL,Lose
"IPCV,100,民專上易,8,20111027,2",CIVIL,Lose
"IPCV,100,民專上,14,20120229,2",CIVIL,Lose
"IPCV,112,民專訴,60,20240506,2",CIVIL,Lose
"IPCV,108,民專上,11,20190905,2",CIVIL,Lose
"IPCV,109,民著訴,49,20201231,1",CIVIL,Lose
"IPCV,102,民著上易,2,20131219,1",CIVIL,Mixed
"TPSV,97,台上,2247,20081023",CIVIL,Lose
"IPCV,102,民專訴,12,20131022,2",CIVIL,Lose
"TPDV,92,智,34,20051123,2",CIVIL,Lose
"IPCV,110,民專訴,7,20210427,1",CIVIL,Win
"IPCV,107,民專上,23,20210527,3",CIVIL,Lose
"IPCV,101,民專上易,5,20130606,3",CIVIL,Lose
"IPCV,102,民專訴,47,20130910,2",CIVIL,Lose
"TPDV,96,智,31,20090605,2",CIVIL,Lose
"IPCV,100,民專上,19,20120105,2",CIVIL,Lose
"IPCV,98,民專訴,48,20090930,3",CIVIL,Lose
"SCDV,112,智,1,20230526,1",CIVIL,Mixed
"IPCV,106,民著訴,59,20180430,2",CIVIL,Lose
"IPCV,110,民商訴,6,20210420,1",CIVIL,Lose
"TPDV,106,智,7,20180710,1",CIVIL,Mixed
"IPCV,99,民專訴,217,20110629,3",CIVIL,Lose
"IPCV,102,民商訴,53,20150127,1",CIVIL,Mixed
"IPCV,107,民專上,14,20181227,2",CIVIL,Lose
"IPCV,112,民專訴,53,20240814,2",CIVIL,Lose
"TCHV,95,智上,8,20070620,2",CIVIL,Mixed
"IPCV,102,民專訴,107,20140924,2",CIVIL,Lose
"IPCV,108,民專上,39,20200409,3",CIVIL,Lose
"IPCV,105,民專訴,89,20171222,3",CIVIL,Lose
"IPCV,110,民著訴,111,20220408,1",CIVIL,Mixed
"TCDV,95,智,38,20061220,1",CIVIL,Lose
"IPCV,104,民專上,31,20160729,2",CIVIL,Lose
"IPCV,98,民商上,19,20100610,1",CIVIL,Lose
"TPDV,96,智,67,20100223,1",CIVIL,Mixed
"SLDV,95,智簡上,1,20061001,1",CIVIL,Mixed
"IPCV,104,民專上,20,20160428,2",CIVIL,Mixed
"TPHV,97,智上,16,20100309,1",CIVIL,Lose
"PCDV,94,智,14,20050902,1",CIVIL,Win
"IPCV,108,民著訴,32,20191029,1",CIVIL,Mixed
"SLDV,97,智,16,20100305,2",CIVIL,Lose
"IPCV,110,民著上易,10,20220414,1",CIVIL,Lose
"IPCV,98,民專上易,23,20100812,2",CIVIL,Win
"IPCV,108,民著上,3,20200730,1",CIVIL,Lose
"IPCV,110,民商訴,51,20220826,1",CIVIL,Mixed
"IPCV,105,民著訴,15,20180731,6",CIVIL,Mixed
"TPSV,104,台上,1698,20150909",CIVIL,Lose
"IPCV,105,民商訴,30,20170629,1",CIVIL,Mixed
"TYDV,96,智,17,20090731,2",CIVIL,Mixed
"IPCV,98,民專訴,54,20100917,4",CIVIL,Lose
"IPCV,97,民著上,1,20090212,1",CIVIL,Mixed
"TCHV,94,智上易,6,20060406,1",CIVIL,Lose
"IPCV,100,民商上,12,20111222,1",CIVIL,Lose
"NHEV,94,湖智簡,4,20060315,1",CIVIL,Mixed
"IPCV,110,民專訴,73,20220729,2",CIVIL,Lose
"IPCV,104,民著上,7,20160205,1",CIVIL,Mixed
"TNHV,93,智上易,4,20060711,1",CIVIL,Mixed
"IPCV,102,民商訴,19,20140505,2",CIVIL,Win
"IPCV,100,民專訴,31,20111004,2",CIVIL,Lose
"TPSV,100,台上,1843,20111027",CIVIL,Lose
"IPCV,107,民商訴,13,20190315,1",CIVIL,Lose
"IPCV,102,民商訴,24,20140220,1",CIVIL,Lose
"IPCV,101,民專訴,1,20120928,2",CIVIL,Lose
"TCDV,97,智,15,20090521,1",CIVIL,Lose
"IPCV,102,民專訴,136,20141014,2",CIVIL,Mixed
"TPDV,94,智,57,20051031,1",CIVIL,Lose
"IPCV,110,民專訴,44,20220211,2",CIVIL,Lose
"IPCV,98,民商訴,19,20091103,1",CIVIL,Lose
"TCHV,96,智上更(一),2,20090505,1",CIVIL,Lose
"IPCV,99,民專訴,195,20110127,2",CIVIL,Lose
"TYDV,96,智,3,20070622,1",CIVIL,Win
"IPCV,111,民專上更一,10,20221215,2",CIVIL,Lose
"PCDV,92,智,56,20050125,1",CIVIL,Win
"IPCV,106,民專上,6,20180503,2",CIVIL,Lose
"IPCV,99,民專上更(二),11,20110407,3",CIVIL,Lose
"IPCV,100,民專訴,46,20121130,2",CIVIL,Lose
"IPCV,102,民專訴,52,20131120,2",CIVIL,Lose
"IPCV,99,民著訴,36,20101116,1",CIVIL,Mixed
"IPCV,106,民商訴,6,20180501,1",CIVIL,Lose
"IPCV,103,民商訴,39,20150717,1",CIVIL,Lose
"IPCV,109,民專上,17,20211014,3",CIVIL,Mixed
"TPDV,111,智,16,20221006,1",CIVIL,Lose
"PCDV,98,智,3,20090727,1",CIVIL,Lose
"IPCV,102,民著上,22,20150128,4",CIVIL,Mixed
"IPCV,112,民營上,2,20240926,2",CIVIL,Mixed
"IPCV,110,民著訴,75,20211026,1",CIVIL,Mixed
"IPCV,106,民著上易,7,20171026,1",CIVIL,Lose
"TPDV,95,智簡上,1,20070306,1",CIVIL,Lose
"IPCV,110,民著上,28,20220420,1",CIVIL,Lose
"IPCV,102,民專訴,35,20140115,2",CIVIL,Lose
"IPCV,107,民專上,9,20180830,2",CIVIL,Mixed
"TPDV,93,智,47,20060503,2",CIVIL,Mixed
"IPCV,100,民商訴,1,20110518,1",CIVIL,Lose
"IPCV,99,民專上易,16,20110113,2",CIVIL,Lose
"TYDV,97,智,15,20100121,1",CIVIL,Lose
"IPCV,109,民商訴,30,20201208,1",CIVIL,Lose
"IPCV,111,民著上更一,3,20231130,2",CIVIL,Lose
"IPCV,105,民專訴,81,20170224,2",CIVIL,Lose
"IPCV,98,民專訴,107,20100914,2",CIVIL,Lose
"IPCV,103,民專訴,4,20140828,2",CIVIL,Lose
"IPCV,109,民著訴,54,20200731,1",CIVIL,Lose
"SSEV,107,新簡,547,20190121,1",CIVIL,Win
"IPCV,112,民專訴,19,20240227,3",CIVIL,Lose
"IPCV,110,民著訴,107,20220118,2",CIVIL,Lose
"TCEV,96,中智簡,8,20080613,1",CIVIL,Lose
"TPDV,92,智,32,20030922,1",CIVIL,Lose
"IPCV,104,民專訴,50,20170331,5",CIVIL,Win
"TPHV,94,智上,23,20060328,1",CIVIL,Mixed
"IPCV,105,民專訴,68,20171204,2",CIVIL,Lose
"IPCV,103,民專上,37,20150917,2",CIVIL,Lose
"IPCV,107,民專訴,91,20190529,2",CIVIL,Lose
"IPCV,98,民著上易,2,20090331,1",CIVIL,Lose
"IPCV,111,民專上更一,3,20230316,3",CIVIL,Mixed
"IPCV,106,民專訴,60,20180320,2",CIVIL,Lose
"IPCV,101,民著上易,1,20120927,1",CIVIL,Lose
"IPCV,113,民著訴,20,20240806,1",CIVIL,Lose
"IPCV,102,民專上,44,20140123,2",CIVIL,Mixed
"IPCV,104,民專訴,19,20151120,2",CIVIL,Lose
"TCDV,95,智,24,20060721,2",CIVIL,Lose
"IPCV,107,民著上,12,20211223,2",CIVIL,Lose
"TPDV,99,智,8,20100923,1",CIVIL,Lose
"IPCV,99,民商訴,38,20111205,2",CIVIL,Lose
"IPCV,103,民專訴,77,20150318,2",CIVIL,Lose
"IPCV,99,民專上易,24,20110310,2",CIVIL,Lose
"IPCV,102,民著訴,67,20140529,1",CIVIL,Lose
"KSDV,94,智,17,20051007,1",CIVIL,Mixed
"TPDV,100,智,26,20120430,2",CIVIL,Mixed
"IPCV,106,民著更(一),1,20180316,1",CIVIL,Win
"IPCV,112,民著訴,63,20241122,1",CIVIL,Mixed
"IPCV,98,民專上,53,20100408,2",CIVIL,Lose
"IPCV,98,民商上,8,20091008,2",CIVIL,Lose
"IPCV,98,民專上,21,20100715,3",CIVIL,Lose
"IPCV,104,民著訴,5,20151228,2",CIVIL,Lose
"IPCV,113,民著訴,60,20241210,1",CIVIL,Lose
"IPCV,105,民專上,29,20170209,2",CIVIL,Lose
"TPDV,97,智,38,20110805,8",CIVIL,Lose
"IPCV,107,民商訴,11,20181106,1",CIVIL,Mixed
"IPCV,97,民專上,12,20090527,1",CIVIL,Lose
"TNDV,93,智,38,20081128,4",CIVIL,Mixed
"TPDV,95,智,60,20080225,1",CIVIL,Lose
"IPCV,103,民著上易,3,20150806,1",CIVIL,Lose
"IPCV,101,民專上,37,20130627,2",CIVIL,Lose
"IPCV,106,民著訴,39,20180316,1",CIVIL,Lose
"IPCV,111,民專訴,37,20240731,4",CIVIL,Lose
"SCDV,97,智,1,20090227,3",CIVIL,Mixed
"IPCV,112,民商訴,52,20240719,1",CIVIL,Lose
"IPCV,103,民商上,7,20150129,1",CIVIL,Mixed
"IPCV,106,民專上,32,20180426,2",CIVIL,Lose
"TPDV,91,訴,2165,20030918,1",CIVIL,Win
"CYDV,92,重智,8,20060227,2",CIVIL,Mixed
"IPCV,110,民著訴,119,20220624,2",CIVIL,Lose
"IPCV,111,民營訴,5,20241018,5",CIVIL,Lose
"KSDV,92,訴,436,20030731,1",CIVIL,Lose
"IPCV,108,民著訴,81,20210622,1",CIVIL,Lose
"IPCV,108,民著訴,51,20190528,1",CIVIL,Win
"TPSV,103,台上,395,20140306",CIVIL,Lose
"IPCV,106,民著訴,61,20180518,1",CIVIL,Lose
"SCDV,94,智,3,20080616,4",CIVIL,Mixed
"IPCV,101,民著上,7,20121122,1",CIVIL,Lose
"IPCV,100,民著訴,40,20120530,2",CIVIL,Lose
"IPCV,110,民商訴,20,20220222,2",CIVIL,Lose
"IPCV,104,民專訴,66,20161230,6",CIVIL,Mixed
"IPCV,97,民專訴,45,20091110,3",CIVIL,Lose
"KSHV,96,智上易,2,20070509,1",CIVIL,Lose
"TCDV,93,智,14,20050912,1",CIVIL,Lose
"IPCV,111,民著訴,12,20220427,1",CIVIL,Lose
"IPCV,99,民專訴,39,20100803,2",CIVIL,Lose
"IPCV,105,民專上,8,20180412,5",CIVIL,Lose
"SCDV,105,智,3,20161205,1",CIVIL,Win
"IPCV,106,民專上,5,20180412,2",CIVIL,Lose
"IPCV,111,民著訴,67,20230131,1",CIVIL,Lose
"IPCV,107,民著訴,44,20191231,1",CIVIL,Mixed
"IPCV,102,民專訴,142,20140819,2",CIVIL,Lose
"TNDV,92,智,12,20040331,1",CIVIL,Lose
"IPCV,105,民著上易,10,20170706,1",CIVIL,Lose
"IPCV,109,民商訴,23,20210521,2",CIVIL,Lose
"TCDV,93,智,33,20061024,4",CIVIL,Lose
"IPCV,102,民商訴,8,20140325,2",CIVIL,Mixed
"IPCV,112,民商訴,19,20241030,1",CIVIL,Mixed
"TPDV,108,智,39,20191213,1",CIVIL,Lose
"TPHV,96,智上易,15,20081014,1",CIVIL,Win
"IPCV,105,民著訴,2,20160307,1",CIVIL,Lose
"IPCV,106,民商訴,20,20171117,1",CIVIL,Win
"TCHV,96,智上,3,20070328,1",CIVIL,Lose
"IPCV,113,民商訴,22,20240716,1",CIVIL,Lose
"IPCV,103,民著訴,6,20141029,1",CIVIL,Lose
"IPCV,112,民專訴,46,20240529,3",CIVIL,Lose
"IPCV,102,民專上,52,20140410,2",CIVIL,Mixed
"IPCV,102,民著訴,4,20131212,1",CIVIL,Mixed
"IPCV,101,民專上,53,20130725,3",CIVIL,Lose
"IPCV,100,民專訴,42,20110909,2",CIVIL,Lose
"PCDV,93,智,39,20050217,1",CIVIL,Mixed
"IPCV,104,民專訴,20,20160815,2",CIVIL,Lose
"IPCV,103,民著訴,82,20150630,1",CIVIL,Lose
"IPCV,105,民專訴,67,20170328,2",CIVIL,Lose
"IPCV,102,民專上更(一),7,20140710,2",CIVIL,Lose
"TCHV,92,智上,4,20050705,1",CIVIL,Lose
"IPCV,106,民著上更(一),2,20171109,1",CIVIL,Lose
"IPCV,100,民專訴,132,20131205,2",CIVIL,Mixed
"TPHV,94,智上,45,20071113,1",CIVIL,Lose
"IPCV,102,民專上,45,20140731,3",CIVIL,Lose
"IPCV,106,民專上,11,20180222,2",CIVIL,Win
"IPCV,104,民專訴,16,20150720,2",CIVIL,Lose
"IPCV,100,民專訴,12,20111118,3",CIVIL,Lose
"IPCV,111,民專上,12,20220729,2",CIVIL,Lose
"TPDV,97,智,40,20080521,1",CIVIL,Win
"IPCV,97,民商上易,4,20090312,2",CIVIL,Lose
"IPCV,110,民商訴,40,20220518,1",CIVIL,Mixed
"IPCV,109,民商訴,13,20200810,1",CIVIL,Lose
"TCHV,93,智上,13,20061219,1",CIVIL,Mixed
"IPCV,107,民專上,18,20181101,2",CIVIL,Lose
"TPSV,102,台上,1389,20130724",CIVIL,Lose
"IPCV,106,民著訴,43,20180410,1",CIVIL,Lose
"TCDV,88,重訴,1119,20000714",CIVIL,Lose
"TPDV,96,智更(一),1,20081112,2",CIVIL,Lose
"IPCV,102,民著訴,15,20140106,1",CIVIL,Lose
"TNDV,92,智,23,20040729,1",CIVIL,Win
"IPCV,110,民專上,30,20230223,2",CIVIL,Lose
"TPSV,111,台上,1589,20220907,1",CIVIL,Lose
"SLDV,97,智,12,20090225,1",CIVIL,Lose
"IPCV,103,民專訴,66,20151218,4",CIVIL,Win
"IPCV,103,民商訴,31,20150331,2",CIVIL,Mixed
"IPCV,107,民專上,29,20190816,2",CIVIL,Lose
"TPHV,95,智上易,15,20070207,1",CIVIL,Lose
"IPCV,100,民專上,42,20120816,1",CIVIL,Lose
"IPCV,106,民專訴,10,20170626,2",CIVIL,Lose
"IPCV,99,民專訴,122,20101130,2",CIVIL,Lose
"IPCV,110,民專訴,79,20220531,3",CIVIL,Lose
"IPCV,103,民專訴,86,20150721,2",CIVIL,Lose
"KSDV,98,智,6,20091231,1",CIVIL,Lose
"SCDV,94,重智,5,20060929,1",CIVIL,Mixed
"IPCV,102,民著上,20,20140903,2",CIVIL,Lose
"IPCV,105,民商訴,4,20180112,1",CIVIL,Lose
"PCDV,92,智,38,20041125,1",CIVIL,Mixed
"IPCV,104,民專上,4,20151112,1",CIVIL,Mixed
"IPCV,103,民專訴,38,20160329,3",CIVIL,Mixed
"PCDV,92,智,16,20040730,1",CIVIL,Mixed
"IPCV,105,民專上,39,20170622,2",CIVIL,Lose
"IPCV,107,民營訴,8,20221130,4",CIVIL,Lose
"IPCV,102,民著訴,6,20140529,1",CIVIL,Mixed
"IPCV,109,民著上易,24,20211216,1",CIVIL,Lose
"IPCV,99,民專上,72,20111222,2",CIVIL,Lose
"IPCV,103,民專訴,108,20150810,2",CIVIL,Lose
"TPDV,106,智,8,20180522,2",CIVIL,Win
"IPCV,108,民著訴,105,20200213,1",CIVIL,Mixed
"IPCV,107,民商訴,3,20190520,1",CIVIL,Mixed
"TCEV,95,中智簡,9,20061127,1",CIVIL,Mixed
"IPCV,100,民著訴,27,20111223,1",CIVIL,Lose
"IPCV,104,民專上,18,20151224,2",CIVIL,Lose
"IPCV,111,民專上,34,20230928,3",CIVIL,Lose
"IPCV,101,民專上,18,20130425,3",CIVIL,Lose
"TYDV,92,智,5,20060308,1",CIVIL,Lose
"IPCV,110,民著上易,16,20220526,1",CIVIL,Win
"IPCV,104,民著訴,15,20150902,1",CIVIL,Win
"IPCV,106,民商上,5,20190227,1",CIVIL,Mixed
"IPCV,99,民專訴,193,20110727,2",CIVIL,Mixed
"IPCV,112,民著上,9,20231128,1",CIVIL,Lose
"IPCV,98,民專上,49,20100325,2",CIVIL,Lose
"TNHV,92,智上,1,20050419,1",CIVIL,Lose
"IPCV,110,民營上,6,20220630,1",CIVIL,Lose
"IPCV,112,民著上更一,6,20240229,1",CIVIL,Mixed
"IPCV,98,民專訴,112,20101004,4",CIVIL,Win
"IPCV,109,民專上更(一),1,20210729,2",CIVIL,Win
"IPCV,101,民著上易,5,20130613,2",CIVIL,Lose
"IPCV,107,民專訴,23,20181217,2",CIVIL,Lose
"IPCV,103,民專訴,113,20150917,2",CIVIL,Lose
"IPCV,111,民著上易,5,20220831,1",CIVIL,Lose
"IPCV,105,民著上,3,20170216,1",CIVIL,Mixed
"IPCV,109,民著上易,19,20210831,2",CIVIL,Lose
"IPCV,107,民著上易,13,20190926,1",CIVIL,Lose
"IPCV,107,民專上,30,20190627,2",CIVIL,Lose
"TPDV,105,智,16,20180622,3",CIVIL,Lose
"IPCV,109,民專訴,98,20210525,2",CIVIL,Lose
"IPCV,101,民專訴,2,20120711,1",CIVIL,Win
"IPCV,98,民專訴,62,20091123,2",CIVIL,Lose
"ULDV,96,智,4,20071031,1",CIVIL,Mixed
"PCDV,94,智,13,20080215,2",CIVIL,Mixed
"IPCV,99,民商上,1,20110106,2",CIVIL,Lose
"IPCV,98,民專更(一),1,20090730,1",CIVIL,Win
"IPCV,104,民專訴,52,20160429,2",CIVIL,Lose
"IPCV,108,民著上易,4,20190829,1",CIVIL,Lose
"IPCV,107,民商訴,56,20200331,1",CIVIL,Lose
"TPHV,94,智上,27,20060227,1",CIVIL,Lose
"TCDV,100,智,6,20110928,1",CIVIL,Mixed
"IPCV,100,民專訴,120,20120229,2",CIVIL,Lose
"IPCV,103,民商上,16,20150924,1",CIVIL,Lose
"IPCV,98,民專訴,165,20100824,2",CIVIL,Lose
"TPDV,113,智,6,20241017,1",CIVIL,Win
"IPCV,105,民商上,8,20170427,2",CIVIL,Mixed
"IPCV,106,民著訴,38,20180430,1",CIVIL,Mixed
"IPCV,101,民專訴,29,20121011,2",CIVIL,Lose
"IPCV,111,民專上更三,12,20230727,2",CIVIL,Lose
"IPCV,98,民專訴,93,20091210,2",CIVIL,Lose
"IPCV,103,民商訴,13,20150313,2",CIVIL,Mixed
"TPDV,95,智,26,20060522,1",CIVIL,Lose
"IPCV,102,民專上,36,20140522,4",CIVIL,Mixed
"IPCV,108,民商上,2,20200416,1",CIVIL,Lose
"SDEV,92,豐智簡,3,20040505,2",CIVIL,Lose
"IPCV,109,民著訴,53,20200828,1",CIVIL,Mixed
"IPCV,97,民專上,8,20081127,2",CIVIL,Lose
"IPCV,100,民著訴,30,20111028,1",CIVIL,Mixed
"PCDV,94,智(一),43,20080118,3",CIVIL,Mixed
"IPCV,107,民專訴,25,20180731,1",CIVIL,Win
"TYDV,94,智,17,20081226,4",CIVIL,Win
"SLDV,92,智,23,20041123,1",CIVIL,Lose
"IPCV,99,民專訴,170,20110128,2",CIVIL,Lose
"IPCV,103,民專訴,52,20150224,2",CIVIL,Lose
"TPDV,95,智,69,20080118,1",CIVIL,Lose
"SCDV,95,重智,7,20100831,4",CIVIL,Win
"IPCV,107,民專訴,54,20190527,2",CIVIL,Lose
"IPCV,107,民專上,29,20190718,1",CIVIL,Lose
"IPCV,104,民著訴,27,20171219,2",CIVIL,Lose
"KSDV,97,智,8,20090316,2",CIVIL,Mixed
"IPCV,99,民專訴,203,20110201,2",CIVIL,Lose
"IPCV,105,民專上,20,20161208,2",CIVIL,Lose
"SLDV,96,智,4,20090420,1",CIVIL,Lose
"IPCV,99,民商訴,33,20110525,1",CIVIL,Mixed
"IPCV,102,民著上,15,20140424,1",CIVIL,Lose
"KSDV,96,智,1,20080627,1",CIVIL,Lose
"TPDV,95,智,100,20070103,1",CIVIL,Lose
"IPCV,105,民專上,43,20170622,2",CIVIL,Lose
"IPCV,107,民商上,2,20190516,1",CIVIL,Win
"IPCV,110,民著上,9,20220630,2",CIVIL,Lose
"IPCV,106,民商訴,33,20180713,2",CIVIL,Lose
"IPCV,98,民商上易,7,20091105,1",CIVIL,Win
"IPCV,98,民著訴,3,20090512,1",CIVIL,Lose
"IPCV,109,民專訴,25,20201106,3",CIVIL,Lose
"IPCV,106,民著訴,74,20190731,1",CIVIL,Lose
"IPCV,99,民專訴,219,20110506,2",CIVIL,Win
"IPCV,112,民著訴,30,20231031,1",CIVIL,Mixed
"IPCV,102,民營上,4,20160205,1",CIVIL,Lose
"IPCV,98,民商上更(一),6,20110323,1",CIVIL,Lose
"PCDV,96,重智,15,20081014,1",CIVIL,Lose
"IPCV,108,民專訴,24,20190806,3",CIVIL,Lose
"IPCV,107,民專上,21,20181128,2",CIVIL,Lose
"IPCV,104,民專訴,17,20170331,4",CIVIL,Mixed
"IPCV,109,民營上,3,20210225,2",CIVIL,Lose
"TYDV,94,智,40,20060308,1",CIVIL,Win
"IPCV,108,民商訴,38,20191212,2",CIVIL,Lose
"IPCV,113,民商訴,39,20241226,1",CIVIL,Lose
"PCDV,96,重智,2,20070731,1",CIVIL,Mixed
"TCDV,96,智,8,20080829,1",CIVIL,Lose
"IPCV,103,民著訴,43,20150623,1",CIVIL,Lose
"IPCV,103,民著上易,4,20140626,1",CIVIL,Lose
"SLDV,96,智,8,20071221,2",CIVIL,Mixed
"IPCV,104,民專訴,32,20160322,2",CIVIL,Lose
"IPCV,112,民著訴,39,20240312,1",CIVIL,Mixed
"IPCV,99,民專上,71,20110818,1",CIVIL,Lose
"IPCV,103,民專訴,67,20150119,4",CIVIL,Lose
"IPCV,107,民專訴,100,20190325,2",CIVIL,Lose
"TNHV,97,智上易,1,20080715,1",CIVIL,Lose
"IPCV,112,民專訴,32,20240903,2",CIVIL,Lose
"SLDV,95,智,32,20071127,1",CIVIL,Lose
"IPCV,99,民專訴,224,20120831,2",CIVIL,Lose
"PCDV,94,重智,4,20060109,1",CIVIL,Mixed
"TCDV,94,智,51,20060519,1",CIVIL,Mixed
"IPCV,101,民專訴,100,20121228,1",CIVIL,Win
"IPCV,103,民專上,10,20141225,2",CIVIL,Lose
"IPCV,102,民著上,1,20130815,1",CIVIL,Lose
"IPCV,112,民著上易,10,20240111,1",CIVIL,Lose
"TNDV,93,智,2,20041215,1",CIVIL,Lose
"IPCV,99,民專訴,187,20111108,3",CIVIL,Lose
"TNDV,92,智,18,20050131,3",CIVIL,Lose
"IPCV,99,民專上,16,20101223,2",CIVIL,Lose
"IPCV,106,民專訴,21,20171027,2",CIVIL,Lose
"IPCV,100,民專訴,26,20110831,2",CIVIL,Lose
"TCDV,97,智,10,20081024,1",CIVIL,Lose
"IPCV,110,民著訴,23,20210907,1",CIVIL,Mixed
"IPCV,106,民著訴,32,20171226,2",CIVIL,Lose
"TCDV,108,智,8,20191230,1",CIVIL,Win
"IPCV,102,民商上,13,20131212,1",CIVIL,Mixed
"IPCV,101,民著上,2,20121025,1",CIVIL,Lose
"IPCV,110,民著上易,13,20220519,1",CIVIL,Win
"IPCV,100,民著上易,6,20120315,1",CIVIL,Lose
"IPCV,108,民著訴,91,20191122,1",CIVIL,Mixed
"IPCV,102,民著上易,4,20140313,1",CIVIL,Mixed
"IPCV,102,民專上,32,20141106,4",CIVIL,Lose
"IPCV,100,民專上易,2,20110929,2",CIVIL,Lose
"IPCV,100,民專上,13,20120405,2",CIVIL,Lose
"IPCV,98,民著上,25,20100729,2",CIVIL,Lose
"IPCV,99,民專上易,4,20100624,2",CIVIL,Lose
"KSHV,90,訴,79,20020619,1",CIVIL,Mixed
"CTDV,108,智,7,20191231,1",CIVIL,Mixed
"IPCV,109,民著訴,37,20200717,1",CIVIL,Mixed
"IPCV,107,民商上,11,20190124,1",CIVIL,Mixed
"IPCV,98,民專上,36,20100204,2",CIVIL,Lose
"IPCV,108,民專訴,92,20200323,2",CIVIL,Lose
"TPDV,92,智,51,20031226,1",CIVIL,Lose
"TPHV,97,智上易,14,20080716,1",CIVIL,Lose
"IPCV,109,民營訴,6,20201130,2",CIVIL,Lose
"IPCV,99,民商訴,41,20110923,1",CIVIL,Lose
"IPCV,98,民專訴,164,20100727,2",CIVIL,Win
"IPCV,109,民著上,11,20201029,1",CIVIL,Lose
"IPCV,106,民專訴,86,20180424,2",CIVIL,Lose
"IPCV,112,民專訴,48,20240911,2",CIVIL,Lose
"IPCV,112,民專訴,63,20240423,2",CIVIL,Lose
"IPCV,99,民專上,48,20110609,2",CIVIL,Lose
"TCHV,97,智上更(二),1,20080422,1",CIVIL,Lose
"IPCV,100,民商訴,27,20120316,1",CIVIL,Lose
"TCHV,94,智上易,9,20070112,1",CIVIL,Lose
"IPCV,103,民著上易,2,20150924,1",CIVIL,Lose
"IPCV,99,民專上更(一),1,20100722,2",CIVIL,Lose
"TCHV,101,重再更(一),3,20131210,2",CIVIL,Lose
"IPCV,98,民專上易,18,20091217,1",CIVIL,Lose
"SLDV,104,智,10,20160810,1",CIVIL,Lose
"PCDV,96,智,47,20090828,3",CIVIL,Lose
"IPCV,112,民商上,6,20231031,1",CIVIL,Lose
"IPCV,99,民專訴,74,20101025,2",CIVIL,Lose
"PTDV,108,智,1,20201030,1",CIVIL,Mixed
"IPCV,106,民專訴,15,20170912,2",CIVIL,Lose
"IPCV,101,民專上,33,20130815,2",CIVIL,Mixed
"TPDV,93,智,8,20040816,2",CIVIL,Mixed
"IPCV,112,民專訴,50,20240807,2",CIVIL,Lose
"TPDV,97,智,51,20090821,2",CIVIL,Lose
"IPCV,103,民專訴,32,20151030,2",CIVIL,Mixed
"IPCV,103,民專訴,55,20160118,3",CIVIL,Lose
"IPCV,112,民商訴,29,20231031,1",CIVIL,Mixed
"TPSV,103,台上,1902,20140917",CIVIL,Lose
"MLDV,92,重智,4,20050718,4",CIVIL,Lose
"IPCV,101,民商訴,28,20130218,2",CIVIL,Lose
"CHDV,94,智,16,20060328,1",CIVIL,Lose
"TNHV,96,智上,5,20070926,1",CIVIL,Lose
"IPCV,108,民專訴,38,20200131,2",CIVIL,Lose
"IPCV,112,民商上易,1,20230907,1",CIVIL,Lose
"IPCV,107,民著上,2,20210930,3",CIVIL,Mixed
"CYDV,92,重智,3,20060828,2",CIVIL,Lose
"IPCV,110,民著上,3,20240613,1",CIVIL,Lose
"IPCV,110,民著訴,129,20220331,1",CIVIL,Mixed
"IPCV,101,民商訴,31,20130415,1",CIVIL,Mixed
"IPCV,100,民專訴,70,20120723,2",CIVIL,Lose
"IPCV,98,民著上,13,20091112,2",CIVIL,Mixed
"IPCV,109,民著訴,16,20200624,1",CIVIL,Lose
"IPCV,99,民著訴,59,20110112,1",CIVIL,Mixed
"TYDV,93,智,7,20050613,1",CIVIL,Win
"IPCV,99,民著訴,43,20100927,1",CIVIL,Lose
"IPCV,112,民專訴,52,20240731,2",CIVIL,Lose
"TPHV,96,智上易,2,20071016,1",CIVIL,Lose
"IPCV,111,民專上,22,20230518,2",CIVIL,Lose
"IPCV,109,民專訴,2,20210222,4",CIVIL,Mixed
"IPCV,107,民商訴,48,20190408,1",CIVIL,Mixed
"IPCV,109,民專上,33,20211014,2",CIVIL,Lose
"IPCV,107,民商訴,55,20190329,1",CIVIL,Lose
"IPCV,110,民專訴,4,20211022,2",CIVIL,Lose
"TNDV,96,智,7,20080710,1",CIVIL,Mixed
"IPCV,110,民著訴,95,20220727,1",CIVIL,Mixed
"IPCV,110,民著訴,68,20211029,1",CIVIL,Lose
"IPCV,101,民專訴,62,20130117,2",CIVIL,Lose
"IPCV,99,民專訴,184,20110324,2",CIVIL,Lose
"TYDV,96,智,5,20091231,5",CIVIL,Lose
"KSDV,93,智,3,20080526,3",CIVIL,Lose
"IPCV,100,民著訴,58,20121016,1",CIVIL,Mixed
"IPCV,105,民著訴,29,20170816,1",CIVIL,Lose
"IPCV,102,民專訴,13,20140630,2",CIVIL,Mixed
"IPCV,105,民專訴,28,20161219,2",CIVIL,Win
"IPCV,109,民專上,41,20211223,2",CIVIL,Lose
"IPCV,104,民著上,17,20160714,1",CIVIL,Lose
"TPHV,96,智上更(一),8,20080923,1",CIVIL,Lose
"IPCV,103,民商訴,43,20150812,1",CIVIL,Mixed
"IPCV,104,民專訴,62,20160621,2",CIVIL,Mixed
"IPCV,99,民專訴,6,20100811,2",CIVIL,Lose
"IPCV,101,民著訴,21,20130626,1",CIVIL,Mixed
"IPCV,99,民專訴,153,20110630,2",CIVIL,Mixed
"IPCV,109,民著訴,32,20200915,1",CIVIL,Mixed
"IPCV,103,民商上,3,20150115,2",CIVIL,Lose
"SCDV,111,智,1,20220923,1",CIVIL,Lose
"IPCV,108,民著上易,1,20190808,1",CIVIL,Lose
"IPCV,113,民專訴,36,20241127,2",CIVIL,Lose
"IPCV,98,民專上,19,20100114,2",CIVIL,Lose
"IPCV,99,民專訴,215,20110825,2",CIVIL,Mixed
"IPCV,102,民專上,10,20130815,2",CIVIL,Lose
"IPCV,101,民專訴,39,20121214,2",CIVIL,Lose
"TPHV,94,智上,48,20060619,1",CIVIL,Lose
"IPCV,97,民專訴,39,20090505,2",CIVIL,Lose
"IPCV,99,民專上,2,20100930,2",CIVIL,Lose
"IPCV,98,民專上易,20,20091217,2",CIVIL,Lose
"IPCV,111,民專訴,35,20230511,2",CIVIL,Lose
"IPCV,99,民著訴,92,20110427,1",CIVIL,Lose
"IPCV,99,民專上,14,20100930,2",CIVIL,Lose
"TPDV,101,智,28,20140212,1",CIVIL,Mixed
"IPCV,108,民專訴,98,20200617,2",CIVIL,Lose
"IPCV,97,民商上易,5,20090521,1",CIVIL,Lose
"TCDV,94,智,37,20061003,1",CIVIL,Lose
"TCDV,94,智,54,20070529,1",CIVIL,Win
"IPCV,99,民專訴,7,20100831,2",CIVIL,Lose
"IPCV,97,民專訴,20,20090227,3",CIVIL,Lose
"IPCV,111,民商訴,3,20230118,2",CIVIL,Mixed
"IPCV,111,民專訴,4,20220809,3",CIVIL,Mixed
"KSHV,94,智上,3,20060705,1",CIVIL,Mixed
"IPCV,109,民著上,12,20210304,1",CIVIL,Lose
"IPCV,107,民專訴,39,20180824,2",CIVIL,Lose
"TPHV,96,智上,28,20081125,1",CIVIL,Lose
"IPCV,103,民著訴,60,20141219,1",CIVIL,Mixed
"IPCV,111,民著訴,75,20230511,1",CIVIL,Lose
"IPCV,112,民著訴,67,20231226,1",CIVIL,Lose
"IPCV,100,民商訴,39,20120314,1",CIVIL,Lose
"IPCV,103,民專訴,14,20141128,3",CIVIL,Lose
"TPHV,96,智上,45,20090729,2",CIVIL,Lose
"IPCV,110,民專訴,41,20220208,2",CIVIL,Win
"IPCV,108,民著訴,87,20200121,1",CIVIL,Lose
"IPCV,106,民專訴,33,20171229,2",CIVIL,Lose
"IPCV,99,民專訴,159,20110524,2",CIVIL,Lose
"IPCV,104,民營訴,11,20160516,1",CIVIL,Win
"IPCV,107,民專訴,11,20180515,2",CIVIL,Mixed
"IPCV,102,民專訴,9,20150205,3",CIVIL,Lose
"ILDV,100,智,1,20130628,3",CIVIL,Lose
"IPCV,105,民專訴,7,20161209,2",CIVIL,Lose
"IPCV,111,民專上更一,9,20230720,3",CIVIL,Lose
"IPCV,103,民專訴,33,20141125,2",CIVIL,Lose
"TPDV,112,智,17,20231130,1",CIVIL,Lose
"IPCV,109,民商上,12,20210204,1",CIVIL,Lose
"TNDV,93,智,32,20080605,4",CIVIL,Lose
"IPCV,112,民專訴,3,20231024,2",CIVIL,Win
"IPCV,98,民專訴,9,20090504,2",CIVIL,Lose
"IPCV,107,民專上,7,20200312,4",CIVIL,Lose
"IPCV,104,民商上,3,20160630,1",CIVIL,Lose
"IPCV,110,民著上,24,20220825,1",CIVIL,Lose
"TPDV,109,智,30,20210304,2",CIVIL,Lose
"IPCV,102,民著訴,13,20140128,1",CIVIL,Lose
"IPCV,110,民專訴,28,20211029,2",CIVIL,Lose
"IPCV,110,民著訴,100,20220127,1",CIVIL,Lose
"TPHV,93,智上易,12,20050712,1",CIVIL,Lose
"IPCV,104,民著訴,24,20160627,1",CIVIL,Lose
"IPCV,108,民商上,15,20200618,1",CIVIL,Lose
"IPCV,103,民商訴,14,20150423,2",CIVIL,Lose
"IPCV,98,民商訴,33,20100617,1",CIVIL,Mixed
"IPCV,99,民商訴,32,20110421,1",CIVIL,Mixed
"IPCV,101,民專訴,23,20130731,2",CIVIL,Lose
"IPCV,105,民營上易,1,20170511,1",CIVIL,Lose
"IPCV,109,民商訴,5,20201110,1",CIVIL,Mixed
"TPSV,106,台上,587,20170413",CIVIL,Lose
"IPCV,99,民商上,8,20111027,1",CIVIL,Mixed
"SCDV,98,重智,3,20101130,2",CIVIL,Lose
"IPCV,99,民專訴,89,20101108,2",CIVIL,Lose
"IPCV,103,民專訴,70,20150424,3",CIVIL,Lose
"IPCV,99,民專上再易,3,20101123,1",CIVIL,Lose
"PCDV,110,智,4,20221223,1",CIVIL,Lose
"IPCV,100,民專上更(一),5,20111027,2",CIVIL,Lose
"IPCV,111,民商上,21,20230720,1",CIVIL,Win
"IPCV,108,民著訴,89,20200113,1",CIVIL,Mixed
"IPCV,106,民專上,25,20180222,4",CIVIL,Lose
"IPCV,103,民商訴,26,20141128,1",CIVIL,Lose
"IPCV,109,民著訴,73,20210430,1",CIVIL,Lose
"IPCV,105,民專訴,99,20170818,2",CIVIL,Lose
"IPCV,105,民著上易,4,20161201,1",CIVIL,Lose
"IPCV,104,民著上,12,20160512,1",CIVIL,Lose
"TPHV,96,智上易,13,20080610,1",CIVIL,Lose
"TCDV,95,智,2,20060313,1",CIVIL,Mixed
"TPDV,96,智,16,20070423,1",CIVIL,Lose
"TCHV,95,智上易,19,20070418,1",CIVIL,Lose
"TPDV,106,智,30,20180320,1",CIVIL,Mixed
"IPCV,100,民著上,1,20120105,1",CIVIL,Lose
"IPCV,102,民專訴,17,20131210,2",CIVIL,Lose
"KLDV,104,智,1,20151015,1",CIVIL,Lose
"TCDV,91,訴,3312,20040331,2",CIVIL,Lose
"TPDV,93,智,16,20040806,1",CIVIL,Win
"IPCV,104,民商訴,5,20160203,1",CIVIL,Lose
"IPCV,112,民商上更一,2,20240201,1",CIVIL,Lose
"IPCV,111,民商上,18,20221215,1",CIVIL,Mixed
"TCDV,92,智,59,20071026,1",CIVIL,Mixed
"IPCV,102,民商上更(二),2,20150730,2",CIVIL,Mixed
"PTDV,93,智,4,20060809,1",CIVIL,Lose
"IPCV,97,民專訴,5,20081028,2",CIVIL,Lose
"IPCV,105,民專訴,19,20161230,3",CIVIL,Lose
"TPHV,96,智上,23,20071106,1",CIVIL,Lose
"TPDV,96,智,75,20091014,2",CIVIL,Lose
"TPHV,97,智上,19,20081014,2",CIVIL,Mixed
"IPCV,101,民著訴,12,20120926,1",CIVIL,Lose
"CTDV,108,智,8,20191231,1",CIVIL,Mixed
"IPCV,102,民專訴,84,20140808,4",CIVIL,Win
"IPCV,106,民專訴,53,20180430,2",CIVIL,Lose
"IPCV,106,民商訴,11,20171030,1",CIVIL,Mixed
"IPCV,102,民專訴,59,20131015,2",CIVIL,Lose
"TPDV,95,智,121,20071112,1",CIVIL,Lose
"IPCV,110,民著訴,101,20220304,1",CIVIL,Mixed
"PCDV,94,智(一),36,20070119,1",CIVIL,Lose
"IPCV,112,民著訴,37,20230912,1",CIVIL,Lose
"IPCV,99,民商訴,42,20110216,1",CIVIL,Lose
"IPCV,109,民專上,23,20210513,2",CIVIL,Lose
"IPCV,102,民商訴,6,20130613,1",CIVIL,Mixed
"IPCV,102,民專訴,57,20130918,2",CIVIL,Lose
"TCDV,111,智,3,20230517,1",CIVIL,Win
"IPCV,103,民著訴,15,20140630,1",CIVIL,Mixed
"IPCV,102,民著上,26,20150402,2",CIVIL,Lose
"IPCV,110,民專上,15,20211028,2",CIVIL,Lose
"TCDV,96,智,1,20080807,1",CIVIL,Lose
"IPCV,108,民專訴,19,20200407,3",CIVIL,Lose
"TCHV,94,智上,17,20060118,1",CIVIL,Lose
"IPCV,111,民商上,17,20231123,1",CIVIL,Lose
"IPCV,101,民專訴,84,20130412,2",CIVIL,Lose
"TPHV,94,智上易,16,20060227,1",CIVIL,Lose
"IPCV,98,民專上易,11,20090924,2",CIVIL,Lose
"IPCV,104,民專訴,21,20150914,2",CIVIL,Win
"IPCV,100,民著訴,33,20110930,1",CIVIL,Lose
"TCHV,96,智上,11,20081029,1",CIVIL,Lose
"IPCV,110,民專訴,51,20220420,3",CIVIL,Lose
"IPCV,100,民專上更(一),3,20120315,3",CIVIL,Lose
"IPCV,109,民專上,30,20220421,5",CIVIL,Lose
"IPCV,100,民著上,5,20120712,1",CIVIL,Lose
"IPCV,102,民專上,31,20131107,2",CIVIL,Lose
"TNHV,96,智上,4,20081021,1",CIVIL,Lose
"TPEV,94,北智簡,7,20061109,2",CIVIL,Lose
"TCHV,101,智上,2,20130723,1",CIVIL,Lose
"ILDV,96,智,3,20071031,1",CIVIL,Win
"TPHV,93,智上,15,20051011,2",CIVIL,Mixed
"IPCV,111,民專訴,23,20230427,2",CIVIL,Lose
"TCHV,93,智上,14,20050830,1",CIVIL,Lose
"IPCV,109,民專訴,46,20201231,2",CIVIL,Mixed
"IPCV,102,民著訴,20,20140108,1",CIVIL,Mixed
"IPCV,107,民專訴,43,20190201,3",CIVIL,Lose
"TCDV,92,智,41,20080530,3",CIVIL,Lose
"PCDV,108,智,1,20190823,1",CIVIL,Win
"IPCV,100,民著訴,42,20130110,1",CIVIL,Mixed
"IPCV,98,民專上易,21,20100429,2",CIVIL,Lose
"TCHV,97,智上,3,20081230,1",CIVIL,Lose
"IPCV,107,民商上,10,20190307,1",CIVIL,Lose
"TPDV,96,智,95,20090226,1",CIVIL,Lose
"IPCV,98,民專上,24,20091126,2",CIVIL,Lose
"IPCV,99,民專訴,60,20140320,4",CIVIL,Lose
"IPCV,102,民專訴,20,20140122,2",CIVIL,Lose
"IPCV,110,民專訴,29,20220331,3",CIVIL,Lose
"IPCV,108,民商訴,61,20200428,1",CIVIL,Lose
"IPCV,112,民商訴,59,20241205,1",CIVIL,Lose
"IPCV,109,民專訴,89,20210511,2",CIVIL,Mixed
"TCHV,97,智上,2,20090915,1",CIVIL,Lose
"IPCV,99,民專訴,167,20110714,4",CIVIL,Lose
"IPCV,107,民著上易,6,20191017,1",CIVIL,Lose
"TPEV,94,北智簡,6,20060512,2",CIVIL,Lose
"TPHV,95,智上,17,20080408,1",CIVIL,Lose
"IPCV,109,民著訴,17,20211109,1",CIVIL,Lose
"IPCV,104,民專訴,48,20160711,3",CIVIL,Lose
"IPCV,98,民專訴,61,20091215,2",CIVIL,Lose
"IPCV,107,民著訴,15,20180615,1",CIVIL,Lose
"IPCV,112,民著上更二,5,20231228,1",CIVIL,Lose
"IPCV,108,民著訴,115,20200427,1",CIVIL,Lose
"IPCV,97,民專訴,40,20090120,1",CIVIL,Lose
"IPCV,110,民專訴,6,20220407,3",CIVIL,Lose
"IPCV,100,民商訴,42,20120810,1",CIVIL,Win
"IPCV,109,民專訴,74,20211019,2",CIVIL,Lose
"IPCV,103,民商上易,3,20141002,1",CIVIL,Lose
"KSDV,92,智,13,20110323,5",CIVIL,Lose
"IPCV,101,民專訴,155,20140513,2",CIVIL,Lose
"IPCV,103,民著上,22,20150806,1",CIVIL,Lose
"IPCV,101,民商上,8,20120830,1",CIVIL,Mixed
"IPCV,97,民專訴,47,20090623,2",CIVIL,Lose
"HLDV,97,智,4,20090324,1",CIVIL,Lose
"IPCV,108,民著訴,110,20200310,1",CIVIL,Win
"IPCV,98,民商上易,2,20090702,1",CIVIL,Lose
"IPCV,111,民專上,8,20230713,1",CIVIL,Lose
"PCDV,92,智,20,20040921,2",CIVIL,Lose
"IPCV,102,民專上易,3,20131128,2",CIVIL,Lose
"IPCV,112,民著上,4,20240729,1",CIVIL,Lose
"IPCV,107,民專訴,17,20180702,2",CIVIL,Lose
"IPCV,107,民專上,19,20190124,2",CIVIL,Lose
"IPCV,106,民著訴,67,20180608,2",CIVIL,Mixed
"IPCV,103,民專訴,9,20140710,2",CIVIL,Lose
"IPCV,110,民營訴,1,20220215,1",CIVIL,Lose
"IPCV,104,民著訴,62,20160321,2",CIVIL,Lose
"IPCV,110,民著訴,118,20220412,1",CIVIL,Lose
"IPCV,103,民專上,36,20160729,2",CIVIL,Lose
"KLDV,109,智更一,1,20210910,1",CIVIL,Lose
"TPDV,97,智,57,20081128,1",CIVIL,Mixed
"IPCV,98,民專上,56,20100819,2",CIVIL,Lose
"IPCV,111,民專訴,59,20230321,3",CIVIL,Lose
"IPCV,100,民專訴,56,20111230,3",CIVIL,Lose
"IPCV,112,民專上更一,4,20240613,2",CIVIL,Win
"IPCV,108,民著上,6,20220127,1",CIVIL,Lose
"IPCV,97,民專訴,34,20090526,2",CIVIL,Lose
"IPCV,101,民專訴,66,20121108,1",CIVIL,Lose
"IPCV,103,民商訴,38,20150316,1",CIVIL,Lose
"MLDV,110,智,4,20230720,2",CIVIL,Lose
"IPCV,102,民專上,6,20130830,3",CIVIL,Lose
"IPCV,98,民商訴,1,20090316,1",CIVIL,Mixed
"TCHV,92,智上,3,20040512,3",CIVIL,Lose
"IPCV,98,民專上易,4,20090630,2",CIVIL,Lose
"IPCV,105,民著訴,24,20161230,1",CIVIL,Lose
"IPCV,99,民專上易,31,20110519,2",CIVIL,Lose
"SLDV,100,智更一,1,20140423,2",CIVIL,Mixed
"IPCV,109,民著訴,87,20210126,1",CIVIL,Mixed
"IPCV,105,民著訴,1,20160711,1",CIVIL,Mixed
"IPCV,109,民專訴,55,20210331,2",CIVIL,Lose
"TCDV,92,智,62,20061102,2",CIVIL,Mixed
"IPCV,99,民商訴,52,20110721,1",CIVIL,Lose
"IPCV,99,民著訴,35,20101230,1",CIVIL,Lose
"IPCV,102,民商上更(一),3,20131115,1",CIVIL,Mixed
"IPCV,111,民專訴,47,20230307,3",CIVIL,Lose
"IPCV,100,民專訴,47,20120817,2",CIVIL,Mixed
"IPCV,109,民專訴,30,20210225,2",CIVIL,Lose
"IPCV,104,民專上,25,20160616,2",CIVIL,Lose
"IPCV,101,民商訴,39,20130517,1",CIVIL,Mixed
"IPCV,104,民專訴,33,20170714,2",CIVIL,Lose
"IPCV,102,民專上,58,20140227,2",CIVIL,Lose
"TCHV,94,智上,21,20060308,1",CIVIL,Mixed
"IPCV,113,民商訴,43,20241129,1",CIVIL,Lose
"IPCV,99,民專上,4,20110329,3",CIVIL,Lose
"IPCV,107,民專上再易,2,20181207,1",CIVIL,Lose
"IPCV,112,民著訴,1,20230531,1",CIVIL,Mixed
"IPCV,113,民專訴,4,20241023,2",CIVIL,Lose
"IPCV,99,民專上,43,20110630,3",CIVIL,Lose
"TPDV,93,智,64,20050404,3",CIVIL,Mixed
"KSDV,94,智,18,20051021,1",CIVIL,Lose
"IPCV,102,民著訴,26,20131112,1",CIVIL,Mixed
"TPDV,92,智,75,20040712,3",CIVIL,Lose
"TPHV,95,智上易,20,20070321,1",CIVIL,Mixed
"IPCV,98,民專訴,99,20100630,3",CIVIL,Lose
"PCDV,97,重智,1,20080327,1",CIVIL,Mixed
"IPCV,104,民專訴,1,20160222,3",CIVIL,Lose
"IPCV,106,民專訴,39,20180115,2",CIVIL,Lose
"IPCV,106,民商訴,22,20180123,2",CIVIL,Win
"PCDV,94,智(一),46,20071120,1",CIVIL,Mixed
"IPCV,98,民專訴,15,20100511,2",CIVIL,Mixed
"IPCV,103,民專訴,36,20141219,2",CIVIL,Lose
"IPCV,107,民商上,19,20190801,1",CIVIL,Mixed
"TPHV,97,智上,11,20100824,2",CIVIL,Lose
"TPSV,103,台上,2409,20141119",CIVIL,Lose
"TCDV,96,智,4,20080624,2",CIVIL,Lose
"IPCV,111,民商上更一,2,20231116,1",CIVIL,Lose
"PCDV,96,智,5,20091112,5",CIVIL,Mixed
"PCDV,93,智,8,20040614,1",CIVIL,Mixed
"IPCV,104,民專訴,7,20150831,2",CIVIL,Lose
"IPCV,101,民專上,34,20130307,3",CIVIL,Lose
"IPCV,110,民著訴,84,20211130,1",CIVIL,Lose
"SCDV,111,智,2,20221125,1",CIVIL,Mixed
"KSHV,95,智上,1,20070516,1",CIVIL,Lose
"IPCV,109,民著訴,67,20200922,1",CIVIL,Mixed
"IPCV,108,民專訴,65,20200429,3",CIVIL,Win
"IPCV,99,民專訴,70,20100809,2",CIVIL,Lose
"TPDV,90,訴,1964,20020418,1",CIVIL,Lose
"SCDV,95,重智,5,20080430,1",CIVIL,Lose
"TCDV,105,智,3,20180503,5",CIVIL,Mixed
"IPCV,106,民專上,16,20190110,4",CIVIL,Win
"IPCV,106,民著訴,48,20190311,3",CIVIL,Win
"IPCV,100,民專上易,30,20120405,2",CIVIL,Lose
"TYEV,94,桃智簡,4,20060606,1",CIVIL,Mixed
"PTDV,97,智,1,20081023,2",CIVIL,Mixed
"IPCV,98,民專上易,17,20091224,2",CIVIL,Lose
"IPCV,110,民著訴,109,20220930,1",CIVIL,Mixed
"TPDV,96,智,63,20090922,1",CIVIL,Lose
"IPCV,99,民專訴,94,20101222,2",CIVIL,Lose
"IPCV,99,民專上,9,20100923,2",CIVIL,Lose
"TNHV,93,智上,1,20050118,1",CIVIL,Lose
"TPSV,102,台上,2298,20131128",CIVIL,Lose
"KSDV,94,智,21,20110603,3",CIVIL,Win
"IPCV,102,民著訴,53,20140417,1",CIVIL,Mixed
"PCDV,94,重智,16,20060223,1",CIVIL,Lose
"IPCV,102,民著訴,56,20150210,2",CIVIL,Mixed
"IPCV,107,民專上,17,20190411,2",CIVIL,Mixed
"SLDV,102,智,6,20140728,2",CIVIL,Mixed
"TCDV,101,智,5,20130118,1",CIVIL,Lose
"IPCV,103,民專訴,21,20150410,2",CIVIL,Lose
"IPCV,97,民專訴,41,20090818,2",CIVIL,Lose
"TPDV,95,智,80,20070611,2",CIVIL,Win
"IPCV,111,民商訴,47,20230427,1",CIVIL,Lose
"TNDV,94,智,19,20060831,1",CIVIL,Lose
"TPDV,97,智,36,20080530,1",CIVIL,Mixed
"IPCV,101,民專訴,110,20130117,2",CIVIL,Lose
"IPCV,100,民著訴,6,20120111,1",CIVIL,Lose
"IPCV,108,民著上,2,20200430,2",CIVIL,Mixed
"IPCV,98,民商上,11,20100610,1",CIVIL,Lose
"IPCV,97,民專訴,42,20090831,3",CIVIL,Lose
"KSDV,92,智,9,20030523,1",CIVIL,Win
"IPCV,102,民商上,20,20150514,3",CIVIL,Lose
"PCDV,112,智,4,20240510,1",CIVIL,Lose
"KSHV,94,智上,1,20050719,1",CIVIL,Lose
"IPCV,101,民專訴,42,20121113,2",CIVIL,Lose
"TNHV,95,智上,6,20070424,1",CIVIL,Mixed
"IPCV,108,民商訴,18,20200331,1",CIVIL,Mixed
"IPCV,112,民商上,11,20240125,1",CIVIL,Lose
"IPCV,107,民專上易,4,20190221,2",CIVIL,Win
"IPCV,100,民商訴,8,20111011,1",CIVIL,Mixed
"TPDV,111,智,22,20240719,1",CIVIL,Mixed
"IPCV,102,民專上,64,20151029,2",CIVIL,Lose
"IPCV,109,民專訴,95,20211026,1",CIVIL,Lose
"IPCV,99,民專訴,149,20110412,4",CIVIL,Lose
"IPCV,110,民專訴,10,20210730,2",CIVIL,Lose
"IPCV,106,民商訴,17,20171017,2",CIVIL,Lose
"IPCV,105,民專上,28,20170112,2",CIVIL,Lose
"IPCV,110,民專上易,1,20220127,2",CIVIL,Lose
"SLDV,93,智,1,20040831,1",CIVIL,Win
"IPCV,99,民專訴,218,20110729,2",CIVIL,Lose
"TPSV,104,台上,2299,20151202",CIVIL,Lose
"IPCV,106,民商上,10,20181227,2",CIVIL,Lose
"TPDV,108,智,25,20211029,1",CIVIL,Lose
"TNHV,95,智上更(一),2,20080401,2",CIVIL,Lose
"IPCV,107,民商訴,39,20190325,1",CIVIL,Win
"IPCV,110,民著訴,146,20220412,1",CIVIL,Mixed
"IPCV,99,民商訴,49,20110824,2",CIVIL,Win
"IPCV,107,民專訴,101,20190628,3",CIVIL,Mixed
"IPCV,107,民營訴,6,20200724,2",CIVIL,Mixed
"IPCV,100,民著上,3,20120920,2",CIVIL,Lose
"IPCV,99,民專上易,34,20110526,2",CIVIL,Lose
"IPCV,100,民專訴,7,20120525,2",CIVIL,Lose
"IPCV,104,民商上,1,20150827,1",CIVIL,Lose
"TPDV,105,智,29,20170307,1",CIVIL,Win
"IPCV,102,民商上,9,20131107,1",CIVIL,Lose
"IPCV,101,民專上,15,20121122,2",CIVIL,Lose
"IPCV,99,民商訴,13,20100915,1",CIVIL,Mixed
"TPHV,94,智上,20,20060920,2",CIVIL,Lose
"IPCV,102,民專訴,119,20151120,3",CIVIL,Lose
"IPCV,105,民專訴,33,20170411,3",CIVIL,Lose
"IPCV,104,民商上易,1,20151217,1",CIVIL,Lose
"IPCV,109,民商上,19,20210429,1",CIVIL,Lose
"TCHV,96,智上易,10,20071212,1",CIVIL,Mixed
"KSHV,94,智上易,1,20050908,1",CIVIL,Lose
"IPCV,111,民商訴,37,20230926,1",CIVIL,Mixed
"IPCV,98,民著上,23,20100401,1",CIVIL,Lose
"SCDV,94,智,5,20100430,3",CIVIL,Lose
"PCDV,97,智,12,20090702,2",CIVIL,Lose
"IPCV,102,民專訴,124,20140508,2",CIVIL,Lose
"TNHV,95,智上易,5,20061212,1",CIVIL,Lose
"IPCV,111,民營訴,9,20240227,1",CIVIL,Lose
"IPCV,112,民專上,17,20240830,2",CIVIL,Lose
"IPCV,113,民專訴,23,20241128,2",CIVIL,Lose
"TNDV,94,智,24,20070831,4",CIVIL,Lose
"PCDV,95,智,20,20090204,3",CIVIL,Lose
"IPCV,106,民著訴,35,20171130,1",CIVIL,Mixed
"IPCV,98,民著訴,40,20100727,1",CIVIL,Mixed
"IPCV,99,民著訴,60,20110310,1",CIVIL,Lose
"IPCV,103,民著上易,5,20141120,1",CIVIL,Lose
"IPCV,106,民專訴,40,20180108,2",CIVIL,Lose
"TPDV,93,智,73,20090327,4",CIVIL,Mixed
"IPCV,99,民專上更(一),9,20100830,1",CIVIL,Lose
"IPCV,107,民專上,11,20181115,2",CIVIL,Lose
"IPCV,100,民專訴,96,20120430,2",CIVIL,Lose
"IPCV,101,民專訴,55,20120928,2",CIVIL,Lose
"IPCV,108,民著訴,43,20191126,1",CIVIL,Mixed
"IPCV,100,民專上易,35,20120412,2",CIVIL,Lose
"SLDV,96,智,24,20100528,1",CIVIL,Mixed
"IPCV,104,民專訴,9,20151030,2",CIVIL,Lose
"IPCV,106,民著訴,51,20180223,1",CIVIL,Lose
"IPCV,107,民著訴,63,20190416,1",CIVIL,Lose
"IPCV,107,民著訴,62,20181126,1",CIVIL,Lose
"IPCV,104,民著上,4,20151120,1",CIVIL,Lose
"IPCV,103,民專訴,24,20151030,2",CIVIL,Win
"IPCV,103,民著上,13,20151112,1",CIVIL,Lose
"IPCV,98,民專上,18,20100415,3",CIVIL,Win
"TCDV,93,智,24,20071019,5",CIVIL,Mixed
"TPDV,99,智,3,20110617,2",CIVIL,Mixed
"IPCV,107,民著上,19,20190606,1",CIVIL,Lose
"IPCV,100,民商訴,15,20120229,2",CIVIL,Mixed
"IPCV,109,民著訴,12,20200526,1",CIVIL,Lose
"IPCV,100,民著上易,9,20120223,1",CIVIL,Lose
"IPCV,98,民專上,28,20091210,2",CIVIL,Lose
"IPCV,108,民著上更(三),7,20200730,1",CIVIL,Lose
"IPCV,112,民專上,9,20231116,1",CIVIL,Lose
"CYEV,93,嘉智簡,2,20040921,1",CIVIL,Win
"IPCV,106,民專上,17,20170914,2",CIVIL,Lose
"IPCV,107,民商訴,32,20190111,1",CIVIL,Win
"IPCV,98,民專上,47,20100429,2",CIVIL,Lose
"IPCV,103,民專訴,85,20151116,2",CIVIL,Lose
"IPCV,101,民商訴,11,20120718,1",CIVIL,Mixed
