Date,holdings_0050,position_0050,holdings_00631L,position_00631L,profitfee,cumReturn
2014-10-31,0.7,45.709999999999994,0.30000000000000004,6.0600000000000005,,
2014-11-03,0.7,45.919999999999995,0.30000000000000004,6.1080000000000005,0.2580000000000009,0.2580000000000009
2014-11-04,0.7,45.955,0.30000000000000004,6.141000000000001,0.06800000000000406,0.32600000000000495
2014-11-05,0.7,45.849999999999994,0.30000000000000004,6.090000000000001,-0.15600000000000414,0.17000000000000082
2014-11-06,0.7,45.56999999999999,0.30000000000000004,6.003000000000001,-0.3670000000000009,-0.19700000000000006
2014-11-07,0.7,45.64,0.30000000000000004,6.039000000000001,0.10600000000000698,-0.09099999999999309
2014-11-10,0.7,46.305,0.30000000000000004,6.222,0.847999999999999,0.7570000000000059
2014-11-11,0.7,46.165,0.30000000000000004,6.207000000000002,-0.15499999999999936,0.6020000000000065
2014-11-12,0.7,45.5,0.30000000000000004,6.030000000000001,-0.8419999999999996,-0.2399999999999931
2014-11-13,0.7,45.955,0.30000000000000004,6.090000000000001,0.5149999999999979,0.2750000000000048
2014-11-14,0.7,45.99,0.30000000000000004,6.096000000000001,0.04100000000000392,0.3160000000000087
2014-11-17,0.7,45.56999999999999,0.30000000000000004,6.018000000000001,-0.4980000000000091,-0.18200000000000038
2014-11-18,0.7,45.43,0.30000000000000004,5.970000000000001,-0.1879999999999935,-0.3699999999999939
2014-11-19,0.7,46.09499999999999,0.30000000000000004,6.114000000000001,0.8089999999999922,0.4389999999999983
2014-11-20,0.7,46.61999999999999,0.30000000000000004,6.273000000000001,0.6839999999999984,1.1229999999999967
2014-11-21,0.7,46.655,0.30000000000000004,6.282000000000001,0.04400000000001114,1.1670000000000078
2014-11-24,0.7,46.76,0.30000000000000004,6.306000000000001,0.1289999999999969,1.2960000000000047
2014-11-25,0.7,46.794999999999995,0.30000000000000004,6.330000000000001,0.05899999999999661,1.3550000000000013
2014-11-26,0.7,46.794999999999995,0.30000000000000004,6.3180000000000005,-0.012000000000000455,1.3430000000000009
2014-11-27,0.7,47.25,0.30000000000000004,6.405000000000001,0.542000000000006,1.885000000000007
2014-11-28,0.7,47.25,0.30000000000000004,6.420000000000001,0.01499999999999968,1.9000000000000066
2014-12-01,0.7,46.76,0.30000000000000004,6.309000000000001,-0.6010000000000018,1.2990000000000048
2014-12-02,0.7,46.059999999999995,0.30000000000000004,6.165000000000001,-0.844000000000003,0.45500000000000185
2014-12-03,0.7,46.794999999999995,0.30000000000000004,6.363000000000001,0.9329999999999998,1.3880000000000017
2014-12-04,0.7,46.96999999999999,0.30000000000000004,6.426000000000001,0.23799999999999688,1.6259999999999986
2014-12-05,0.7,46.794999999999995,0.30000000000000004,6.396000000000001,-0.2049999999999974,1.4210000000000012
2014-12-08,0.7,46.44499999999999,0.30000000000000004,6.351000000000002,-0.39500000000000046,1.0260000000000007
2014-12-09,0.7,46.339999999999996,0.30000000000000004,6.276000000000002,-0.17999999999999705,0.8460000000000036
2014-12-10,0.7,45.709999999999994,0.30000000000000004,6.114000000000001,-0.7920000000000034,0.05400000000000027
2014-12-11,0.7,45.675,0.30000000000000004,6.105000000000001,-0.04399999999999604,0.010000000000004228
2014-12-12,0.7,45.709999999999994,0.30000000000000004,6.105000000000001,0.03499999999999659,0.04500000000000082
2014-12-15,0.7,45.56999999999999,0.30000000000000004,6.087000000000001,-0.15800000000000125,-0.11300000000000043
2014-12-16,0.7,45.184999999999995,0.30000000000000004,6.036000000000001,-0.4359999999999973,-0.5489999999999977
2014-12-17,0.7,44.48499999999999,0.30000000000000004,5.871000000000001,-0.8650000000000029,-1.4140000000000006
2014-12-18,0.7,44.589999999999996,0.30000000000000004,5.883000000000001,0.11700000000000355,-1.296999999999997
2014-12-19,0.7,45.64,0.30000000000000004,6.066000000000001,1.233000000000004,-0.06399999999999295
2014-12-22,0.7,46.199999999999996,0.30000000000000004,6.204000000000001,0.6979999999999951,0.6340000000000021
2014-12-23,0.7,46.059999999999995,0.30000000000000004,6.216,-0.128000000000001,0.5060000000000011
2014-12-24,0.7,46.41,0.30000000000000004,6.300000000000001,0.43400000000000194,0.940000000000003
2014-12-25,0.7,46.41,0.30000000000000004,6.300000000000001,0.0,0.940000000000003
2014-12-26,0.7,46.515,0.30000000000000004,6.348000000000001,0.15300000000000402,1.093000000000007
2014-12-27,0.7,46.61999999999999,0.30000000000000004,6.3870000000000005,0.14399999999998947,1.2369999999999965
2014-12-29,0.7,47.04,0.30000000000000004,6.480000000000001,0.5130000000000097,1.7500000000000062
2014-12-30,0.7,46.794999999999995,0.30000000000000004,6.432000000000001,-0.2930000000000046,1.4570000000000016
2014-12-31,0.7,46.794999999999995,0.30000000000000004,6.459000000000001,0.027000000000000135,1.4840000000000018
2015-01-05,0.7,46.584999999999994,0.30000000000000004,6.411000000000001,-0.2580000000000009,1.2260000000000009
2015-01-06,0.7,45.43,0.30000000000000004,6.105000000000001,-1.460999999999994,-0.23499999999999321
2015-01-07,0.7,45.5,0.30000000000000004,6.138000000000001,0.10299999999999976,-0.13199999999999346
2015-01-08,0.7,46.55,0.30000000000000004,6.369000000000001,1.280999999999997,1.1490000000000036
2015-01-09,0.7,46.305,0.30000000000000004,6.342000000000001,-0.2719999999999967,0.8770000000000069
2015-01-12,0.7,46.025,0.30000000000000004,6.273000000000001,-0.349000000000002,0.5280000000000049
2015-01-13,0.7,46.165,0.30000000000000004,6.336000000000001,0.20300000000000118,0.7310000000000061
2015-01-14,0.7,45.919999999999995,0.30000000000000004,6.255000000000002,-0.32600000000000406,0.405000000000002
2015-01-15,0.7,46.059999999999995,0.30000000000000004,6.2700000000000005,0.15499999999999936,0.5600000000000014
2015-01-16,0.7,45.849999999999994,0.30000000000000004,6.198000000000001,-0.28200000000000003,0.27800000000000136
2015-01-19,0.7,46.375,0.30000000000000004,6.285000000000001,0.6120000000000054,0.8900000000000068
2015-01-20,0.7,46.724999999999994,0.30000000000000004,6.393000000000001,0.45799999999999397,1.3480000000000008
2015-01-21,0.7,47.074999999999996,0.30000000000000004,6.477000000000001,0.43400000000000194,1.7820000000000027
2015-01-22,0.7,47.31999999999999,0.30000000000000004,6.543,0.3109999999999964,2.092999999999999
2015-01-23,0.7,48.089999999999996,0.30000000000000004,6.714,0.9410000000000034,3.0340000000000025
2015-01-26,0.7,48.089999999999996,0.30000000000000004,6.711000000000001,-0.0029999999999992255,3.0310000000000032
2015-01-27,0.7,48.405,0.30000000000000004,6.774000000000001,0.37800000000000455,3.409000000000008
2015-01-28,0.7,48.405,0.30000000000000004,6.783000000000001,0.009000000000000341,3.418000000000008
2015-01-29,0.7,47.809999999999995,0.30000000000000004,6.654000000000001,-0.7240000000000064,2.6940000000000017
2015-01-30,0.7,47.599999999999994,0.30000000000000004,6.600000000000001,-0.26400000000000023,2.4300000000000015
2015-02-02,0.7,47.705,0.30000000000000004,6.597,0.10200000000000298,2.5320000000000045
2015-02-03,0.7,48.055,0.30000000000000004,6.690000000000001,0.4430000000000023,2.9750000000000068
2015-02-04,0.7,48.58,0.30000000000000004,6.801000000000002,0.6359999999999992,3.611000000000006
2015-02-05,0.7,48.36999999999999,0.30000000000000004,6.768000000000001,-0.2430000000000092,3.3679999999999968
2015-02-06,0.7,48.125,0.30000000000000004,6.699000000000001,-0.3139999999999903,3.0540000000000065
2015-02-09,0.7,47.949999999999996,0.30000000000000004,6.675000000000001,-0.19900000000000428,2.855000000000002
2015-02-10,0.7,47.775,0.30000000000000004,6.639000000000001,-0.21099999999999675,2.6440000000000055
2015-02-11,0.7,48.3,0.30000000000000004,6.738000000000001,0.6239999999999988,3.2680000000000042
2015-02-12,0.7,48.3,0.30000000000000004,6.7440000000000015,0.006000000000000227,3.2740000000000045
2015-02-13,0.7,48.615,0.30000000000000004,6.819000000000001,0.3900000000000041,3.6640000000000086
2015-02-24,0.7,49.175,0.30000000000000004,6.948000000000001,0.6889999999999956,4.353000000000004
2015-02-25,0.7,49.559999999999995,0.30000000000000004,7.029000000000001,0.4659999999999975,4.819000000000002
2015-02-26,0.7,49.209999999999994,0.30000000000000004,6.960000000000001,-0.41900000000000137,4.4
2015-03-02,0.7,49.0,0.30000000000000004,6.903000000000001,-0.26699999999999324,4.133000000000007
2015-03-03,0.7,48.93,0.30000000000000004,6.909000000000002,-0.06400000000000006,4.069000000000007
2015-03-04,0.7,48.964999999999996,0.30000000000000004,6.924,0.04999999999999538,4.119000000000002
2015-03-05,0.7,48.79,0.30000000000000004,6.885000000000001,-0.21399999999999686,3.9050000000000056
2015-03-06,0.7,48.85999999999999,0.30000000000000004,6.915000000000001,0.09999999999999343,4.004999999999999
2015-03-09,0.7,48.36999999999999,0.30000000000000004,6.825000000000001,-0.5800000000000018,3.424999999999997
2015-03-10,0.7,48.265,0.30000000000000004,6.774000000000001,-0.15599999999998992,3.2690000000000072
2015-03-11,0.7,48.334999999999994,0.30000000000000004,6.780000000000001,0.0759999999999934,3.3450000000000006
2015-03-12,0.7,48.755,0.30000000000000004,6.870000000000001,0.5100000000000087,3.8550000000000093
2015-03-13,0.7,48.615,0.30000000000000004,6.849,-0.16100000000000136,3.694000000000008
2015-03-16,0.7,48.230000000000004,0.30000000000000004,6.774000000000001,-0.4599999999999973,3.2340000000000106
2015-03-17,0.7,48.405,0.30000000000000004,6.798000000000001,0.19899999999999718,3.433000000000008
2015-03-18,0.7,48.93,0.30000000000000004,6.900000000000001,0.6269999999999989,4.060000000000007
2015-03-19,0.7,49.455,0.30000000000000004,7.0710000000000015,0.6959999999999988,4.756000000000006
2015-03-20,0.7,49.385,0.30000000000000004,7.056000000000001,-0.08500000000000085,4.671000000000005
2015-03-23,0.7,49.525,0.30000000000000004,7.059000000000001,0.14300000000000068,4.814000000000005
2015-03-24,0.7,49.349999999999994,0.30000000000000004,7.014000000000001,-0.2200000000000042,4.594000000000001
2015-03-25,0.7,49.175,0.30000000000000004,6.972,-0.21699999999999786,4.377000000000003
2015-03-26,0.7,48.58,0.30000000000000004,6.852000000000001,-0.7149999999999981,3.6620000000000053
2015-03-27,0.7,48.125,0.30000000000000004,6.738000000000001,-0.5689999999999982,3.093000000000007
2015-03-30,0.7,48.16,0.30000000000000004,6.738000000000001,0.03499999999999659,3.1280000000000037
2015-03-31,0.7,48.334999999999994,0.30000000000000004,6.804000000000001,0.240999999999997,3.3690000000000007
2015-04-01,0.7,48.055,0.30000000000000004,6.702000000000001,-0.38199999999999434,2.9870000000000063
2015-04-02,0.7,48.65,0.30000000000000004,6.855000000000001,0.7479999999999993,3.7350000000000056
2015-04-07,0.7,48.71999999999999,0.30000000000000004,6.879000000000001,0.0939999999999932,3.828999999999999
2015-04-08,0.7,48.3,0.30000000000000004,6.801000000000002,-0.497999999999994,3.331000000000005
2015-04-09,0.7,48.36999999999999,0.30000000000000004,6.771000000000001,0.03999999999999204,3.370999999999997
2015-04-10,0.7,48.755,0.30000000000000004,6.8610000000000015,0.47500000000001297,3.84600000000001
2015-04-13,0.7,48.894999999999996,0.30000000000000004,6.915000000000001,0.19399999999999284,4.040000000000003
2015-04-14,0.7,48.65,0.30000000000000004,6.894000000000001,-0.26599999999999735,3.7740000000000054
2015-04-15,0.7,48.055,0.30000000000000004,6.708000000000001,-0.7809999999999988,2.9930000000000065
2015-04-16,0.7,48.79,0.30000000000000004,6.849,0.8759999999999986,3.869000000000005
2015-04-17,0.7,48.334999999999994,0.30000000000000004,6.783000000000001,-0.5210000000000043,3.3480000000000008
2015-04-20,0.7,48.265,0.30000000000000004,6.759000000000001,-0.0939999999999932,3.2540000000000076
2015-04-21,0.7,48.265,0.30000000000000004,6.7410000000000005,-0.018000000000000682,3.236000000000007
2015-04-22,0.7,48.755,0.30000000000000004,6.8610000000000015,0.610000000000003,3.84600000000001
2015-04-23,0.7,50.05,0.30000000000000004,7.173000000000001,1.606999999999994,5.453000000000004
2015-04-24,0.7,50.54,0.30000000000000004,7.32,0.6370000000000013,6.090000000000005
2015-04-27,0.7,50.925,0.30000000000000004,7.434000000000001,0.4989999999999988,6.589000000000004
2015-04-28,0.7,50.81999999999999,0.30000000000000004,7.380000000000002,-0.15900000000000336,6.430000000000001
2015-04-29,0.7,50.26,0.30000000000000004,7.263000000000002,-0.6769999999999952,5.753000000000005
2015-04-30,0.7,50.015,0.30000000000000004,7.230000000000001,-0.2779999999999978,5.475000000000008
2015-05-04,0.7,50.11999999999999,0.30000000000000004,7.251000000000001,0.12599999999998968,5.600999999999997
2015-05-05,0.7,49.839999999999996,0.30000000000000004,7.152000000000001,-0.37899999999999423,5.222000000000003
2015-05-06,0.7,49.91,0.30000000000000004,7.164000000000001,0.08199999999999985,5.304000000000003
2015-05-07,0.7,49.315,0.30000000000000004,7.0200000000000005,-0.738999999999999,4.565000000000004
2015-05-08,0.7,49.349999999999994,0.30000000000000004,7.005000000000002,0.019999999999997797,4.585000000000002
2015-05-11,0.7,49.59499999999999,0.30000000000000004,7.002000000000001,0.24199999999999644,4.826999999999998
2015-05-12,0.7,49.49,0.30000000000000004,7.008000000000001,-0.09899999999998954,4.728000000000009
2015-05-13,0.7,49.769999999999996,0.30000000000000004,7.074000000000001,0.34599999999999387,5.0740000000000025
2015-05-14,0.7,49.06999999999999,0.30000000000000004,6.894000000000001,-0.8800000000000026,4.194
2015-05-15,0.7,49.0,0.30000000000000004,6.840000000000002,-0.12399999999999256,4.070000000000007
2015-05-18,0.7,49.175,0.30000000000000004,6.879000000000001,0.21399999999999686,4.284000000000004
2015-05-19,0.7,49.91,0.30000000000000004,7.050000000000001,0.9059999999999988,5.190000000000003
2015-05-20,0.7,49.559999999999995,0.30000000000000004,7.008000000000001,-0.39200000000000124,4.798000000000002
2015-05-21,0.7,49.105000000000004,0.30000000000000004,6.849,-0.6139999999999919,4.18400000000001
2015-05-22,0.7,49.49,0.30000000000000004,6.921000000000001,0.45699999999999896,4.641000000000009
2015-05-25,0.7,49.49,0.30000000000000004,6.9300000000000015,0.009000000000000341,4.650000000000009
2015-05-26,0.7,49.699999999999996,0.30000000000000004,6.981000000000001,0.260999999999993,4.911000000000002
2015-05-27,0.7,49.805,0.30000000000000004,7.017000000000001,0.14100000000000446,5.052000000000007
2015-05-28,0.7,50.05,0.30000000000000004,7.062000000000001,0.28999999999999737,5.342000000000004
2015-05-29,0.7,49.769999999999996,0.30000000000000004,7.008000000000001,-0.3340000000000014,5.008000000000003
2015-06-01,0.7,49.349999999999994,0.30000000000000004,6.921000000000001,-0.5070000000000014,4.501000000000001
2015-06-02,0.7,49.28,0.30000000000000004,6.885000000000001,-0.10599999999999365,4.395000000000008
2015-06-03,0.7,48.964999999999996,0.30000000000000004,6.798000000000001,-0.4020000000000046,3.993000000000003
2015-06-04,0.7,48.019999999999996,0.30000000000000004,6.5070000000000014,-1.2359999999999998,2.7570000000000032
2015-06-05,0.7,47.915,0.30000000000000004,6.5070000000000014,-0.10499999999999687,2.6520000000000064
2015-06-08,0.7,48.230000000000004,0.30000000000000004,6.5550000000000015,0.3630000000000049,3.0150000000000112
2015-06-09,0.7,47.84499999999999,0.30000000000000004,6.3900000000000015,-0.5500000000000123,2.464999999999999
2015-06-10,0.7,48.055,0.30000000000000004,6.474,0.2940000000000067,2.7590000000000057
2015-06-11,0.7,48.19499999999999,0.30000000000000004,6.471000000000001,0.13699999999999424,2.896
2015-06-12,0.7,48.16,0.30000000000000004,6.456,-0.04999999999999716,2.8460000000000027
2015-06-15,0.7,48.055,0.30000000000000004,6.414000000000001,-0.1469999999999967,2.699000000000006
2015-06-16,0.7,47.74,0.30000000000000004,6.327000000000001,-0.40199999999999747,2.2970000000000086
2015-06-17,0.7,47.949999999999996,0.30000000000000004,6.3660000000000005,0.24899999999999345,2.546000000000002
2015-06-18,0.7,47.88,0.30000000000000004,6.381000000000001,-0.05499999999999261,2.4910000000000094
2015-06-22,0.7,48.544999999999995,0.30000000000000004,6.531000000000001,0.8149999999999915,3.306000000000001
2015-06-23,0.7,48.684999999999995,0.30000000000000004,6.576000000000001,0.18500000000000139,3.4910000000000023
2015-06-24,0.7,48.755,0.30000000000000004,6.585000000000001,0.07900000000000684,3.570000000000009
2015-06-25,0.7,49.315,0.30000000000000004,6.723000000000001,0.6979999999999951,4.268000000000004
2015-06-26,0.7,49.315,0.30000000000000004,6.723000000000001,0.0,4.268000000000004
2015-06-29,0.7,48.16,0.30000000000000004,6.444000000000001,-1.434000000000001,2.834000000000003
2015-06-30,0.7,48.58,0.30000000000000004,6.543,0.519000000000001,3.353000000000004
2015-07-01,0.7,49.035,0.30000000000000004,6.681000000000001,0.5929999999999991,3.9460000000000033
2015-07-02,0.7,49.06999999999999,0.30000000000000004,6.675000000000001,0.028999999999996362,3.9749999999999996
2015-07-03,0.7,49.06999999999999,0.30000000000000004,6.669000000000001,-0.005999999999999339,3.9690000000000003
2015-07-06,0.7,48.51,0.30000000000000004,6.5520000000000005,-0.676999999999996,3.2920000000000043
2015-07-07,0.7,48.71999999999999,0.30000000000000004,6.585000000000001,0.2429999999999941,3.5349999999999984
2015-07-08,0.7,47.25,0.30000000000000004,6.207000000000002,-1.847999999999991,1.6870000000000074
2015-07-09,0.7,46.96999999999999,0.30000000000000004,6.12,-0.36700000000000976,1.3199999999999976
2015-07-13,0.7,47.669999999999995,0.30000000000000004,6.246000000000001,0.8260000000000041,2.1460000000000017
2015-07-14,0.7,47.669999999999995,0.30000000000000004,6.2490000000000006,0.0029999999999992255,2.149000000000001
2015-07-15,0.7,47.775,0.30000000000000004,6.276000000000002,0.132000000000005,2.281000000000006
2015-07-16,0.7,48.019999999999996,0.30000000000000004,6.333000000000001,0.30199999999999694,2.583000000000003
2015-07-17,0.7,47.949999999999996,0.30000000000000004,6.330000000000001,-0.0730000000000004,2.5100000000000025
2015-07-20,0.7,47.599999999999994,0.30000000000000004,6.255000000000002,-0.4250000000000007,2.0850000000000017
2015-07-21,0.7,48.055,0.30000000000000004,6.330000000000001,0.5300000000000047,2.6150000000000064
2015-07-22,0.7,47.459999999999994,0.30000000000000004,6.216,-0.7090000000000067,1.9059999999999997
2015-07-23,0.7,47.005,0.30000000000000004,6.135000000000001,-0.5359999999999907,1.370000000000009
2015-07-24,0.7,46.724999999999994,0.30000000000000004,6.045000000000001,-0.3700000000000081,1.0000000000000009
2015-07-27,0.7,46.059999999999995,0.30000000000000004,5.835000000000001,-0.8749999999999991,0.12500000000000178
2015-07-28,0.7,46.09499999999999,0.30000000000000004,5.880000000000002,0.0799999999999974,0.20499999999999918
2015-07-29,0.7,45.78,0.30000000000000004,5.793,-0.40199999999999214,-0.19699999999999296
2015-07-30,0.7,46.55,0.30000000000000004,5.925000000000001,0.9019999999999966,0.7050000000000036
2015-07-31,0.7,46.305,0.30000000000000004,5.871000000000001,-0.2989999999999968,0.4060000000000068
2015-08-03,0.7,45.675,0.30000000000000004,5.7360000000000015,-0.7650000000000023,-0.35899999999999554
2015-08-04,0.7,45.709999999999994,0.30000000000000004,5.7330000000000005,0.03199999999999559,-0.32699999999999996
2015-08-05,0.7,45.99,0.30000000000000004,5.823000000000001,0.370000000000009,0.04300000000000903
2015-08-06,0.7,45.5,0.30000000000000004,5.679000000000001,-0.6340000000000021,-0.5909999999999931
2015-08-07,0.7,45.29,0.30000000000000004,5.646000000000001,-0.24300000000000122,-0.8339999999999943
2015-08-10,0.7,45.184999999999995,0.30000000000000004,5.697,-0.05400000000000471,-0.887999999999999
2015-08-11,0.7,45.184999999999995,0.30000000000000004,5.61,-0.08699999999999974,-0.9749999999999988
2015-08-12,0.7,44.415,0.30000000000000004,5.4780000000000015,-0.9019999999999948,-1.8769999999999936
2015-08-13,0.7,44.48499999999999,0.30000000000000004,5.5200000000000005,0.1119999999999921,-1.7650000000000015
2015-08-14,0.7,44.309999999999995,0.30000000000000004,5.496000000000001,-0.1989999999999963,-1.9639999999999977
2015-08-17,0.7,44.029999999999994,0.30000000000000004,5.397,-0.3790000000000022,-2.343
2015-08-18,0.7,43.785,0.30000000000000004,5.3100000000000005,-0.3319999999999972,-2.674999999999997
2015-08-19,0.7,43.12,0.30000000000000004,5.157000000000001,-0.8179999999999987,-3.492999999999996
2015-08-20,0.7,42.98,0.30000000000000004,5.1240000000000006,-0.17300000000000093,-3.665999999999997
2015-08-21,0.7,41.85999999999999,0.30000000000000004,4.845000000000001,-1.3990000000000045,-5.065000000000001
2015-08-24,0.7,40.25,0.30000000000000004,4.332000000000001,-2.1229999999999922,-7.1879999999999935
2015-08-25,0.7,42.0,0.30000000000000004,4.680000000000001,2.098,-5.089999999999994
2015-08-26,0.7,42.245,0.30000000000000004,4.731000000000001,0.2959999999999976,-4.793999999999996
2015-08-27,0.7,42.105,0.30000000000000004,4.767000000000001,-0.10400000000000009,-4.897999999999996
2015-08-28,0.7,43.26,0.30000000000000004,5.034000000000001,1.4220000000000006,-3.4759999999999955
2015-08-31,0.7,43.60999999999999,0.30000000000000004,5.094000000000001,0.4099999999999948,-3.0660000000000007
2015-09-01,0.7,43.224999999999994,0.30000000000000004,4.992000000000001,-0.4869999999999983,-3.552999999999999
2015-09-02,0.7,43.47,0.30000000000000004,5.1030000000000015,0.3560000000000052,-3.196999999999994
2015-09-03,0.7,43.504999999999995,0.30000000000000004,5.115000000000001,0.046999999999996156,-3.1499999999999977
2015-09-04,0.7,42.945,0.30000000000000004,5.019000000000001,-0.6559999999999953,-3.805999999999993
2015-09-07,0.7,42.875,0.30000000000000004,5.046000000000001,-0.04300000000000015,-3.848999999999993
2015-09-08,0.7,43.015,0.30000000000000004,5.046000000000001,0.14000000000000057,-3.7089999999999925
2015-09-09,0.7,44.905,0.30000000000000004,5.5200000000000005,2.364,-1.3449999999999926
2015-09-10,0.7,44.415,0.30000000000000004,5.457000000000002,-0.5530000000000008,-1.8979999999999935
2015-09-11,0.7,44.449999999999996,0.30000000000000004,5.484000000000001,0.061999999999995836,-1.8359999999999976
2015-09-14,0.7,44.555,0.30000000000000004,5.445,0.06600000000000339,-1.7699999999999942
2015-09-15,0.7,44.205,0.30000000000000004,5.412000000000001,-0.3830000000000009,-2.152999999999995
2015-09-16,0.7,44.73,0.30000000000000004,5.487000000000001,0.5999999999999988,-1.5529999999999964
2015-09-17,0.7,45.5,0.30000000000000004,5.694000000000001,0.977000000000003,-0.5759999999999934
2015-09-18,0.7,45.394999999999996,0.30000000000000004,5.724,-0.07500000000000462,-0.650999999999998
2015-09-21,0.7,44.415,0.30000000000000004,5.460000000000001,-1.2439999999999962,-1.8949999999999942
2015-09-22,0.7,44.66,0.30000000000000004,5.514,0.2989999999999968,-1.5959999999999974
2015-09-23,0.7,43.644999999999996,0.30000000000000004,5.304,-1.2250000000000005,-2.820999999999998
2015-09-24,0.7,43.4,0.30000000000000004,5.238000000000001,-0.3109999999999964,-3.1319999999999943
2015-09-25,0.7,43.574999999999996,0.30000000000000004,5.2620000000000005,0.1989999999999963,-2.932999999999998
2015-09-30,0.7,43.68,0.30000000000000004,5.301000000000001,0.14400000000000457,-2.7889999999999935
2015-10-01,0.7,44.519999999999996,0.30000000000000004,5.484000000000001,1.0229999999999961,-1.7659999999999973
2015-10-02,0.7,44.275,0.30000000000000004,5.451000000000001,-0.2779999999999969,-2.0439999999999943
2015-10-05,0.7,44.379999999999995,0.30000000000000004,5.490000000000001,0.14399999999999658,-1.8999999999999977
2015-10-06,0.7,44.73,0.30000000000000004,5.5680000000000005,0.4280000000000008,-1.4719999999999969
2015-10-07,0.7,45.394999999999996,0.30000000000000004,5.730000000000001,0.827,-0.6449999999999969
2015-10-08,0.7,45.29,0.30000000000000004,5.661000000000001,-0.17399999999999682,-0.8189999999999937
2015-10-12,0.7,45.885,0.30000000000000004,5.8500000000000005,0.783999999999998,-0.0349999999999957
2015-10-13,0.7,45.709999999999994,0.30000000000000004,5.82,-0.2050000000000045,-0.2400000000000002
2015-10-14,0.7,45.535,0.30000000000000004,5.772,-0.2229999999999972,-0.4629999999999974
2015-10-15,0.7,46.199999999999996,0.30000000000000004,5.910000000000001,0.8029999999999999,0.3400000000000025
2015-10-16,0.7,46.025,0.30000000000000004,5.886000000000001,-0.19899999999999718,0.14100000000000534
2015-10-19,0.7,46.165,0.30000000000000004,5.901000000000002,0.15500000000000114,0.2960000000000065
2015-10-20,0.7,46.165,0.30000000000000004,5.931000000000001,0.02999999999999936,0.32600000000000584
2015-10-21,0.7,45.849999999999994,0.30000000000000004,5.862000000000001,-0.3840000000000048,-0.05799999999999894
2015-10-22,0.7,45.849999999999994,0.30000000000000004,5.880000000000002,0.018000000000000682,-0.03999999999999826
2015-10-23,0.7,46.13,0.30000000000000004,5.970000000000001,0.3700000000000072,0.33000000000000895
2015-10-26,0.7,45.184999999999995,0.30000000000000004,6.0600000000000005,-0.8550000000000075,-0.5249999999999986
2015-10-27,0.7,44.94,0.30000000000000004,5.988000000000001,-0.3169999999999966,-0.8419999999999952
2015-10-28,0.7,44.625,0.30000000000000004,5.937,-0.36599999999999877,-1.207999999999994
2015-10-29,0.7,44.309999999999995,0.30000000000000004,5.844000000000001,-0.4080000000000039,-1.6159999999999979
2015-10-30,0.7,44.24,0.30000000000000004,5.838000000000001,-0.0759999999999934,-1.6919999999999913
2015-11-02,0.7,44.309999999999995,0.30000000000000004,5.844000000000001,0.0759999999999934,-1.6159999999999979
2015-11-03,0.7,45.01,0.30000000000000004,6.027000000000001,0.8830000000000027,-0.7329999999999952
2015-11-04,0.7,45.885,0.30000000000000004,6.2490000000000006,1.0969999999999995,0.3640000000000043
2015-11-05,0.7,45.78,0.30000000000000004,6.243,-0.1109999999999971,0.2530000000000072
2015-11-06,0.7,44.86999999999999,0.30000000000000004,6.0120000000000005,-1.1410000000000107,-0.8880000000000035
2015-11-09,0.7,44.555,0.30000000000000004,5.904000000000001,-0.4229999999999903,-1.3109999999999937
2015-11-10,0.7,44.029999999999994,0.30000000000000004,5.781000000000001,-0.6480000000000059,-1.9589999999999996
2015-11-11,0.7,43.504999999999995,0.30000000000000004,5.6400000000000015,-0.6659999999999977,-2.6249999999999973
2015-11-12,0.7,43.574999999999996,0.30000000000000004,5.649,0.07899999999999885,-2.5459999999999985
2015-11-13,0.7,43.12,0.30000000000000004,5.529000000000001,-0.5749999999999975,-3.120999999999996
2015-11-16,0.7,42.805,0.30000000000000004,5.460000000000001,-0.3839999999999977,-3.5049999999999937
2015-11-17,0.7,43.644999999999996,0.30000000000000004,5.646000000000001,1.0259999999999962,-2.4789999999999974
2015-11-18,0.7,42.98,0.30000000000000004,5.496000000000001,-0.8149999999999986,-3.293999999999996
2015-11-19,0.7,43.60999999999999,0.30000000000000004,5.6370000000000005,0.7709999999999946,-2.5230000000000015
2015-11-20,0.7,43.60999999999999,0.30000000000000004,5.6370000000000005,0.0,-2.5230000000000015
2015-11-23,0.7,43.82,0.30000000000000004,5.679000000000001,0.25200000000000866,-2.270999999999993
2015-11-24,0.7,43.365,0.30000000000000004,5.580000000000001,-0.5539999999999985,-2.8249999999999913
2015-11-25,0.7,43.365,0.30000000000000004,5.559000000000001,-0.020999999999999908,-2.845999999999991
2015-11-26,0.7,43.959999999999994,0.30000000000000004,5.718000000000001,0.7539999999999916,-2.0919999999999996
2015-11-27,0.7,43.365,0.30000000000000004,5.589,-0.7239999999999922,-2.815999999999992
2015-11-30,0.7,42.839999999999996,0.30000000000000004,5.4270000000000005,-0.6870000000000056,-3.5029999999999974
2015-12-01,0.7,43.68,0.30000000000000004,5.628000000000001,1.041000000000004,-2.4619999999999935
2015-12-02,0.7,43.60999999999999,0.30000000000000004,5.652000000000001,-0.04600000000000737,-2.508000000000001
2015-12-03,0.7,43.68,0.30000000000000004,5.670000000000001,0.08800000000000718,-2.4199999999999937
2015-12-04,0.7,43.224999999999994,0.30000000000000004,5.565000000000001,-0.5600000000000049,-2.9799999999999986
2015-12-07,0.7,43.75,0.30000000000000004,5.667000000000001,0.6270000000000051,-2.3529999999999935
2015-12-08,0.7,43.05,0.30000000000000004,5.511000000000001,-0.8560000000000025,-3.208999999999996
2015-12-09,0.7,42.525,0.30000000000000004,5.391,-0.6449999999999996,-3.8539999999999957
2015-12-10,0.7,42.385,0.30000000000000004,5.319000000000001,-0.21199999999999974,-4.065999999999995
2015-12-11,0.7,41.894999999999996,0.30000000000000004,5.178000000000001,-0.631000000000002,-4.696999999999997
2015-12-14,0.7,41.58,0.30000000000000004,5.1240000000000006,-0.368999999999998,-5.065999999999995
2015-12-15,0.7,41.615,0.30000000000000004,5.139,0.050000000000003375,-5.015999999999992
2015-12-16,0.7,42.245,0.30000000000000004,5.280000000000001,0.7709999999999964,-4.244999999999996
2015-12-17,0.7,42.73499999999999,0.30000000000000004,5.415000000000001,0.6249999999999947,-3.620000000000001
2015-12-18,0.7,42.525,0.30000000000000004,5.373000000000001,-0.25199999999999356,-3.8719999999999946
2015-12-21,0.7,42.455,0.30000000000000004,5.391,-0.05200000000000138,-3.923999999999996
2015-12-22,0.7,42.559999999999995,0.30000000000000004,5.3790000000000004,0.09299999999999731,-3.8309999999999986
2015-12-23,0.7,42.629999999999995,0.30000000000000004,5.415000000000001,0.10600000000000076,-3.724999999999998
2015-12-24,0.7,42.839999999999996,0.30000000000000004,5.454000000000001,0.24900000000000055,-3.4759999999999973
2015-12-25,0.7,43.12,0.30000000000000004,5.508000000000001,0.3340000000000014,-3.141999999999996
2015-12-28,0.7,43.015,0.30000000000000004,5.514,-0.09899999999999753,-3.2409999999999934
2015-12-29,0.7,42.699999999999996,0.30000000000000004,5.412000000000001,-0.41700000000000426,-3.6579999999999977
2015-12-30,0.7,42.385,0.30000000000000004,5.364000000000001,-0.36299999999999777,-4.0209999999999955
2015-12-31,0.7,42.525,0.30000000000000004,5.391,0.16699999999999982,-3.8539999999999957
2016-01-04,0.7,41.684999999999995,0.30000000000000004,5.157000000000001,-1.0740000000000025,-4.927999999999998
2016-01-05,0.7,41.334999999999994,0.30000000000000004,5.082000000000001,-0.4250000000000016,-5.353
2016-01-06,0.7,40.915,0.30000000000000004,4.989000000000001,-0.5129999999999946,-5.865999999999994
2016-01-07,0.7,40.144999999999996,0.30000000000000004,4.806000000000001,-0.953000000000003,-6.818999999999997
2016-01-08,0.7,40.214999999999996,0.30000000000000004,4.8660000000000005,0.1299999999999999,-6.688999999999997
2016-01-11,0.7,39.584999999999994,0.30000000000000004,4.713000000000001,-0.7830000000000021,-7.4719999999999995
2016-01-12,0.7,39.55,0.30000000000000004,4.674,-0.07399999999999718,-7.545999999999997
2016-01-13,0.7,40.004999999999995,0.30000000000000004,4.767000000000001,0.5479999999999992,-6.9979999999999976
2016-01-14,0.7,39.69,0.30000000000000004,4.674,-0.4079999999999986,-7.405999999999996
2016-01-15,0.7,39.69,0.30000000000000004,4.623000000000001,-0.05099999999999927,-7.456999999999995
2016-01-18,0.7,39.97,0.30000000000000004,4.788000000000001,0.4450000000000012,-7.011999999999994
2016-01-19,0.7,40.074999999999996,0.30000000000000004,4.830000000000001,0.1469999999999967,-6.8649999999999975
2016-01-20,0.7,39.129999999999995,0.30000000000000004,4.545000000000001,-1.2300000000000004,-8.094999999999999
2016-01-21,0.7,39.059999999999995,0.30000000000000004,4.569000000000001,-0.04600000000000026,-8.140999999999998
2016-01-22,0.7,39.584999999999994,0.30000000000000004,4.695000000000001,0.6509999999999989,-7.489999999999999
2016-01-25,0.7,40.285,0.30000000000000004,4.857000000000001,0.8620000000000028,-6.627999999999997
2016-01-26,0.7,39.9,0.30000000000000004,4.776000000000001,-0.4659999999999984,-7.093999999999995
2016-01-27,0.7,40.074999999999996,0.30000000000000004,4.797000000000001,0.19599999999999707,-6.897999999999998
2016-01-28,0.7,40.285,0.30000000000000004,4.854000000000001,0.26700000000000124,-6.630999999999997
2016-01-29,0.7,41.3,0.30000000000000004,5.076000000000001,1.237000000000001,-5.393999999999996
2016-01-30,0.7,41.684999999999995,0.30000000000000004,5.199,0.5079999999999965,-4.885999999999999
2016-02-01,0.7,41.684999999999995,0.30000000000000004,5.181000000000001,-0.017999999999998906,-4.903999999999998
2016-02-02,0.7,41.545,0.30000000000000004,5.16,-0.16099999999999426,-5.064999999999992
2016-02-03,0.7,41.265,0.30000000000000004,5.091,-0.3490000000000011,-5.4139999999999935
2016-02-15,0.7,41.3,0.30000000000000004,5.109000000000001,0.05299999999999727,-5.360999999999996
2016-02-16,0.7,42.175,0.30000000000000004,5.325000000000001,1.0910000000000002,-4.269999999999996
2016-02-17,0.7,41.964999999999996,0.30000000000000004,5.283,-0.25200000000000156,-4.521999999999998
2016-02-18,0.7,42.629999999999995,0.30000000000000004,5.406000000000001,0.7879999999999994,-3.733999999999998
2016-02-19,0.7,42.595,0.30000000000000004,5.4300000000000015,-0.01099999999999568,-3.744999999999994
2016-02-22,0.7,42.559999999999995,0.30000000000000004,5.436000000000001,-0.029000000000004356,-3.7739999999999982
2016-02-23,0.7,42.595,0.30000000000000004,5.418,0.017000000000003013,-3.7569999999999952
2016-02-24,0.7,42.209999999999994,0.30000000000000004,5.346000000000001,-0.4570000000000043,-4.2139999999999995
2016-02-25,0.7,42.769999999999996,0.30000000000000004,5.490000000000001,0.7040000000000024,-3.509999999999997
2016-02-26,0.7,42.875,0.30000000000000004,5.514,0.1290000000000031,-3.380999999999994
2016-03-01,0.7,43.295,0.30000000000000004,5.6400000000000015,0.5460000000000029,-2.834999999999991
2016-03-02,0.7,43.644999999999996,0.30000000000000004,5.715000000000001,0.4249999999999936,-2.4099999999999975
2016-03-03,0.7,44.065,0.30000000000000004,5.8050000000000015,0.5100000000000025,-1.899999999999995
2016-03-04,0.7,44.17,0.30000000000000004,5.844000000000001,0.14400000000000368,-1.7559999999999913
2016-03-07,0.7,44.17,0.30000000000000004,5.844000000000001,0.0,-1.7559999999999913
2016-03-08,0.7,44.135,0.30000000000000004,5.844000000000001,-0.035000000000003695,-1.790999999999995
2016-03-09,0.7,44.17,0.30000000000000004,5.844000000000001,0.035000000000003695,-1.7559999999999913
2016-03-10,0.7,44.275,0.30000000000000004,5.8740000000000006,0.13499999999999623,-1.6209999999999951
2016-03-11,0.7,44.48499999999999,0.30000000000000004,5.967000000000001,0.3029999999999946,-1.3180000000000005
2016-03-14,0.7,44.8,0.30000000000000004,6.042000000000001,0.3900000000000041,-0.9279999999999964
2016-03-15,0.7,44.135,0.30000000000000004,5.811000000000001,-0.895999999999999,-1.8239999999999954
2016-03-16,0.7,44.519999999999996,0.30000000000000004,5.922000000000001,0.4959999999999978,-1.3279999999999976
2016-03-17,0.7,45.01,0.30000000000000004,6.009000000000001,0.5770000000000026,-0.750999999999995
2016-03-18,0.7,45.29,0.30000000000000004,6.12,0.391,-0.359999999999995
2016-03-21,0.7,45.21999999999999,0.30000000000000004,6.105000000000001,-0.08500000000000618,-0.4450000000000012
2016-03-22,0.7,45.08,0.30000000000000004,6.045000000000001,-0.19999999999999396,-0.6449999999999951
2016-03-23,0.7,45.044999999999995,0.30000000000000004,6.045000000000001,-0.035000000000003695,-0.6799999999999988
2016-03-24,0.7,45.044999999999995,0.30000000000000004,6.054000000000001,0.009000000000000341,-0.6709999999999985
2016-03-25,0.7,44.834999999999994,0.30000000000000004,6.000000000000001,-0.2640000000000011,-0.9349999999999996
2016-03-28,0.7,44.86999999999999,0.30000000000000004,6.000000000000001,0.03499999999999659,-0.900000000000003
2016-03-29,0.7,44.555,0.30000000000000004,5.898000000000001,-0.41699999999999093,-1.316999999999994
2016-03-30,0.7,45.29,0.30000000000000004,6.090000000000001,0.9269999999999996,-0.38999999999999435
2016-03-31,0.7,45.255,0.30000000000000004,6.072,-0.05299999999999727,-0.4429999999999916
2016-04-01,0.7,44.73,0.30000000000000004,5.934000000000001,-0.6630000000000047,-1.1059999999999963
2016-04-06,0.7,43.68,0.30000000000000004,5.712000000000001,-1.2719999999999976,-2.377999999999994
2016-04-07,0.7,43.504999999999995,0.30000000000000004,5.649,-0.23800000000000487,-2.6159999999999988
2016-04-08,0.7,43.925,0.30000000000000004,5.715000000000001,0.48600000000000243,-2.1299999999999963
2016-04-11,0.7,44.099999999999994,0.30000000000000004,5.778000000000001,0.23799999999999777,-1.8919999999999986
2016-04-12,0.7,44.065,0.30000000000000004,5.760000000000001,-0.05299999999999727,-1.9449999999999958
2016-04-13,0.7,44.834999999999994,0.30000000000000004,5.958000000000001,0.9679999999999964,-0.9769999999999994
2016-04-14,0.7,44.974999999999994,0.30000000000000004,5.985,0.16699999999999982,-0.8099999999999996
2016-04-15,0.7,44.974999999999994,0.30000000000000004,6.030000000000001,0.04500000000000082,-0.7649999999999988
2016-04-18,0.7,44.695,0.30000000000000004,5.955000000000001,-0.3549999999999942,-1.119999999999993
2016-04-19,0.7,44.519999999999996,0.30000000000000004,5.901000000000002,-0.22900000000000365,-1.3489999999999966
2016-04-20,0.7,43.855,0.30000000000000004,5.709000000000001,-0.8569999999999993,-2.205999999999996
2016-04-21,0.7,44.065,0.30000000000000004,5.787000000000001,0.28800000000000026,-1.9179999999999957
2016-04-22,0.7,44.24,0.30000000000000004,5.787000000000001,0.17500000000000426,-1.7429999999999914
2016-04-25,0.7,44.275,0.30000000000000004,5.826000000000001,0.07399999999999718,-1.6689999999999943
2016-04-26,0.7,44.449999999999996,0.30000000000000004,5.8740000000000006,0.2229999999999963,-1.445999999999998
2016-04-27,0.7,44.379999999999995,0.30000000000000004,5.865000000000001,-0.07899999999999974,-1.5249999999999977
2016-04-28,0.7,43.68,0.30000000000000004,5.664000000000001,-0.9009999999999962,-2.425999999999994
2016-04-29,0.7,43.12,0.30000000000000004,5.532000000000001,-0.692000000000002,-3.117999999999996
2016-05-03,0.7,42.525,0.30000000000000004,5.4300000000000015,-0.6969999999999983,-3.814999999999994
2016-05-04,0.7,42.07,0.30000000000000004,5.280000000000001,-0.6049999999999986,-4.419999999999993
2016-05-05,0.7,42.14,0.30000000000000004,5.298000000000001,0.08800000000000008,-4.331999999999993
2016-05-06,0.7,41.79,0.30000000000000004,5.229000000000001,-0.41900000000000137,-4.750999999999994
2016-05-09,0.7,41.79,0.30000000000000004,5.220000000000001,-0.009000000000000341,-4.7599999999999945
2016-05-10,0.7,42.0,0.30000000000000004,5.283,0.2730000000000006,-4.486999999999994
2016-05-11,0.7,41.894999999999996,0.30000000000000004,5.235,-0.15300000000000402,-4.639999999999998
2016-05-12,0.7,41.85999999999999,0.30000000000000004,5.2170000000000005,-0.05300000000000349,-4.693000000000001
2016-05-13,0.7,41.404999999999994,0.30000000000000004,5.1000000000000005,-0.5719999999999983,-5.265
2016-05-16,0.7,41.72,0.30000000000000004,5.1690000000000005,0.3840000000000048,-4.880999999999995
2016-05-17,0.7,42.035,0.30000000000000004,5.268000000000001,0.4139999999999979,-4.466999999999997
2016-05-18,0.7,41.964999999999996,0.30000000000000004,5.250000000000001,-0.08800000000000008,-4.554999999999997
2016-05-19,0.7,41.754999999999995,0.30000000000000004,5.178000000000001,-0.2820000000000009,-4.836999999999998
2016-05-20,0.7,42.0,0.30000000000000004,5.253000000000001,0.3200000000000047,-4.516999999999993
2016-05-23,0.7,43.4,0.30000000000000004,5.562,1.7089999999999979,-2.8079999999999954
2016-05-24,0.7,42.945,0.30000000000000004,5.490000000000001,-0.5269999999999975,-3.334999999999993
2016-05-25,0.7,43.4,0.30000000000000004,5.6160000000000005,0.5809999999999977,-2.753999999999995
2016-05-26,0.7,43.504999999999995,0.30000000000000004,5.61,0.09899999999999665,-2.6549999999999985
2016-05-27,0.7,43.82,0.30000000000000004,5.697,0.4020000000000046,-2.252999999999994
2016-05-30,0.7,44.205,0.30000000000000004,5.787000000000001,0.47499999999999876,-1.7779999999999951
2016-05-31,0.7,44.205,0.30000000000000004,5.775000000000001,-0.011999999999999567,-1.7899999999999947
2016-06-01,0.7,44.589999999999996,0.30000000000000004,5.877000000000001,0.48699999999999743,-1.3029999999999973
2016-06-02,0.7,44.589999999999996,0.30000000000000004,5.829000000000001,-0.04800000000000004,-1.3509999999999973
2016-06-03,0.7,44.695,0.30000000000000004,5.862000000000001,0.13800000000000434,-1.212999999999993
2016-06-04,0.7,44.765,0.30000000000000004,5.889,0.09699999999999953,-1.1159999999999934
2016-06-06,0.7,44.834999999999994,0.30000000000000004,5.886000000000001,0.06699999999999395,-1.0489999999999995
2016-06-07,0.7,45.43,0.30000000000000004,6.021000000000001,0.7300000000000058,-0.31899999999999373
2016-06-08,0.7,45.675,0.30000000000000004,6.084000000000001,0.30799999999999805,-0.01099999999999568
2016-06-13,0.7,44.625,0.30000000000000004,5.793,-1.3409999999999984,-1.351999999999994
2016-06-14,0.7,44.905,0.30000000000000004,5.871000000000001,0.3580000000000023,-0.9939999999999918
2016-06-15,0.7,44.974999999999994,0.30000000000000004,5.919000000000001,0.11799999999999322,-0.8759999999999986
2016-06-16,0.7,44.345,0.30000000000000004,5.7360000000000015,-0.8129999999999953,-1.6889999999999938
2016-06-17,0.7,44.834999999999994,0.30000000000000004,5.883000000000001,0.6369999999999942,-1.0519999999999996
2016-06-20,0.7,45.15,0.30000000000000004,5.985,0.41700000000000426,-0.6349999999999953
2016-06-21,0.7,45.324999999999996,0.30000000000000004,6.054000000000001,0.243999999999998,-0.39099999999999735
2016-06-22,0.7,45.464999999999996,0.30000000000000004,6.048000000000001,0.13400000000000034,-0.256999999999997
2016-06-23,0.7,45.35999999999999,0.30000000000000004,6.048000000000001,-0.10500000000000398,-0.362000000000001
2016-06-24,0.7,44.17,0.30000000000000004,5.673000000000001,-1.5649999999999906,-1.9269999999999916
2016-06-27,0.7,44.625,0.30000000000000004,5.8020000000000005,0.5839999999999979,-1.3429999999999938
2016-06-28,0.7,44.8,0.30000000000000004,5.862000000000001,0.23499999999999766,-1.107999999999996
2016-06-29,0.7,45.29,0.30000000000000004,5.955000000000001,0.583000000000002,-0.5249999999999941
2016-06-30,0.7,45.815,0.30000000000000004,6.084000000000001,0.653999999999999,0.1290000000000049
2016-07-01,0.7,46.375,0.30000000000000004,6.219000000000001,0.6950000000000021,0.824000000000007
2016-07-04,0.7,46.41,0.30000000000000004,6.243,0.05899999999999572,0.8830000000000027
2016-07-05,0.7,46.269999999999996,0.30000000000000004,6.216,-0.1670000000000007,0.716000000000002
2016-07-06,0.7,45.43,0.30000000000000004,5.973000000000001,-1.0829999999999957,-0.3669999999999938
2016-07-07,0.7,45.99,0.30000000000000004,6.123000000000001,0.7100000000000026,0.34300000000000885
2016-07-11,0.7,46.9,0.30000000000000004,6.369000000000001,1.1559999999999961,1.499000000000005
2016-07-12,0.7,47.31999999999999,0.30000000000000004,6.456,0.5069999999999943,2.0059999999999993
2016-07-13,0.7,47.355000000000004,0.30000000000000004,6.468000000000001,0.047000000000011255,2.0530000000000106
2016-07-14,0.7,47.39,0.30000000000000004,6.495,0.061999999999995836,2.1150000000000064
2016-07-15,0.7,47.949999999999996,0.30000000000000004,6.651000000000002,0.7159999999999966,2.831000000000003
2016-07-18,0.7,48.405,0.30000000000000004,6.783000000000001,0.5870000000000051,3.418000000000008
2016-07-19,0.7,48.474999999999994,0.30000000000000004,6.843000000000001,0.1299999999999928,3.548000000000001
2016-07-20,0.7,48.44,0.30000000000000004,6.786000000000001,-0.09199999999999608,3.456000000000005
2016-07-21,0.7,48.684999999999995,0.30000000000000004,6.9300000000000015,0.38899999999999757,3.8450000000000024
2016-07-22,0.7,48.51,0.30000000000000004,6.876000000000001,-0.22899999999999743,3.616000000000005
2016-07-25,0.7,48.3,0.30000000000000004,6.792000000000002,-0.2940000000000005,3.3220000000000045
2016-07-26,0.7,48.58,0.30000000000000004,6.888000000000002,0.3760000000000012,3.6980000000000057
2016-07-27,0.7,48.79,0.30000000000000004,6.948000000000001,0.27000000000000046,3.968000000000006
2016-07-28,0.7,48.334999999999994,0.30000000000000004,6.966000000000001,-0.4370000000000056,3.5310000000000006
2016-07-29,0.7,47.98499999999999,0.30000000000000004,6.870000000000001,-0.4460000000000015,3.084999999999999
2016-08-01,0.7,48.51,0.30000000000000004,7.014000000000001,0.6690000000000058,3.754000000000005
2016-08-02,0.7,48.51,0.30000000000000004,7.005000000000002,-0.008999999999999453,3.7450000000000054
2016-08-03,0.7,48.125,0.30000000000000004,6.8820000000000014,-0.5079999999999982,3.237000000000007
2016-08-04,0.7,48.230000000000004,0.30000000000000004,6.903000000000001,0.1260000000000039,3.363000000000011
2016-08-05,0.7,48.71999999999999,0.30000000000000004,7.065000000000001,0.6519999999999877,4.014999999999999
2016-08-08,0.7,49.035,0.30000000000000004,7.1400000000000015,0.390000000000005,4.405000000000004
2016-08-09,0.7,49.28,0.30000000000000004,7.191000000000001,0.2960000000000038,4.701000000000008
2016-08-10,0.7,49.419999999999995,0.30000000000000004,7.242000000000001,0.19099999999999362,4.892000000000001
2016-08-11,0.7,48.964999999999996,0.30000000000000004,7.110000000000001,-0.586999999999998,4.305000000000003
2016-08-12,0.7,49.14,0.30000000000000004,7.179000000000001,0.2440000000000042,4.5490000000000075
2016-08-15,0.7,49.24499999999999,0.30000000000000004,7.182000000000001,0.10799999999998988,4.656999999999997
2016-08-16,0.7,48.964999999999996,0.30000000000000004,7.107000000000001,-0.3549999999999942,4.302000000000003
2016-08-17,0.7,49.035,0.30000000000000004,7.098000000000001,0.06099999999999994,4.363000000000003
2016-08-18,0.7,48.93,0.30000000000000004,7.134000000000001,-0.0689999999999964,4.294000000000007
2016-08-19,0.7,48.44,0.30000000000000004,6.990000000000001,-0.6340000000000021,3.6600000000000046
2016-08-22,0.7,48.089999999999996,0.30000000000000004,6.876000000000001,-0.4640000000000013,3.1960000000000033
2016-08-23,0.7,48.58,0.30000000000000004,7.032000000000002,0.6460000000000026,3.842000000000006
2016-08-24,0.7,48.44,0.30000000000000004,6.993,-0.17900000000000205,3.663000000000004
2016-08-25,0.7,49.0,0.30000000000000004,7.158000000000001,0.7250000000000032,4.388000000000007
2016-08-26,0.7,49.06999999999999,0.30000000000000004,7.179000000000001,0.09099999999999309,4.479
2016-08-29,0.7,49.035,0.30000000000000004,7.113000000000001,-0.10099999999999643,4.378000000000004
2016-08-30,0.7,49.0,0.30000000000000004,7.131000000000001,-0.016999999999996795,4.361000000000007
2016-08-31,0.7,48.58,0.30000000000000004,7.041,-0.5100000000000025,3.8510000000000044
2016-09-01,0.7,48.334999999999994,0.30000000000000004,6.948000000000001,-0.33800000000000363,3.513000000000001
2016-09-02,0.7,48.405,0.30000000000000004,6.957000000000002,0.07900000000000773,3.5920000000000085
2016-09-05,0.7,49.209999999999994,0.30000000000000004,7.167000000000002,1.0149999999999926,4.607000000000001
2016-09-06,0.7,49.59499999999999,0.30000000000000004,7.302000000000001,0.5199999999999978,5.126999999999999
2016-09-07,0.7,50.294999999999995,0.30000000000000004,7.485000000000001,0.8830000000000027,6.010000000000002
2016-09-08,0.7,50.11999999999999,0.30000000000000004,7.455000000000002,-0.20500000000000362,5.804999999999998
2016-09-09,0.7,49.28,0.30000000000000004,7.248000000000001,-1.04699999999999,4.758000000000008
2016-09-10,0.7,48.58,0.30000000000000004,7.008000000000001,-0.940000000000003,3.818000000000005
2016-09-12,0.7,48.19499999999999,0.30000000000000004,6.906000000000001,-0.48700000000000543,3.3309999999999995
2016-09-13,0.7,48.19499999999999,0.30000000000000004,6.8820000000000014,-0.023999999999999133,3.3070000000000004
2016-09-14,0.7,47.915,0.30000000000000004,6.849,-0.3129999999999953,2.994000000000005
2016-09-19,0.7,49.699999999999996,0.30000000000000004,7.299,2.2349999999999968,5.229000000000002
2016-09-20,0.7,49.63,0.30000000000000004,7.281000000000001,-0.08799999999999297,5.141000000000009
2016-09-21,0.7,49.875,0.30000000000000004,7.344000000000001,0.30799999999999805,5.449000000000007
2016-09-22,0.7,49.980000000000004,0.30000000000000004,7.401000000000002,0.16200000000000436,5.611000000000011
2016-09-23,0.7,50.33,0.30000000000000004,7.497000000000001,0.4459999999999935,6.057000000000005
2016-09-26,0.7,49.699999999999996,0.30000000000000004,7.344000000000001,-0.7830000000000021,5.274000000000003
2016-09-29,0.7,50.33,0.30000000000000004,7.5150000000000015,0.8010000000000028,6.0750000000000055
2016-09-30,0.7,49.665,0.30000000000000004,7.344000000000001,-0.8359999999999994,5.239000000000006
2016-10-03,0.7,50.015,0.30000000000000004,7.413000000000001,0.41900000000000137,5.6580000000000075
2016-10-04,0.7,50.224999999999994,0.30000000000000004,7.518000000000001,0.3149999999999933,5.973000000000001
2016-10-05,0.7,50.05,0.30000000000000004,7.4910000000000005,-0.2019999999999973,5.7710000000000035
2016-10-06,0.7,50.19,0.30000000000000004,7.506000000000001,0.15500000000000114,5.926000000000005
2016-10-07,0.7,50.155,0.30000000000000004,7.509000000000001,-0.031999999999996476,5.894000000000008
2016-10-11,0.7,50.015,0.30000000000000004,7.416,-0.23300000000000143,5.661000000000007
2016-10-12,0.7,50.574999999999996,0.30000000000000004,7.569000000000001,0.7129999999999956,6.374000000000002
2016-10-13,0.7,50.19,0.30000000000000004,7.4460000000000015,-0.5079999999999973,5.866000000000005
2016-10-14,0.7,50.015,0.30000000000000004,7.410000000000001,-0.21099999999999763,5.655000000000007
2016-10-17,0.7,50.015,0.30000000000000004,7.404000000000001,-0.006000000000000227,5.649000000000007
2016-10-18,0.7,50.365,0.30000000000000004,7.4910000000000005,0.43700000000000117,6.086000000000008
2016-10-19,0.7,50.644999999999996,0.30000000000000004,7.578000000000001,0.36699999999999466,6.453000000000003
2016-10-20,0.7,50.855000000000004,0.30000000000000004,7.635000000000001,0.26700000000000745,6.72000000000001
2016-10-21,0.7,50.81999999999999,0.30000000000000004,7.629000000000001,-0.04100000000001014,6.679
2016-10-24,0.7,50.89,0.30000000000000004,7.674,0.11500000000000643,6.794000000000007
2016-10-25,0.7,51.38,0.30000000000000004,7.803000000000002,0.6190000000000033,7.41300000000001
2016-10-26,0.7,51.099999999999994,0.30000000000000004,7.7280000000000015,-0.3550000000000084,7.058000000000002
2016-10-27,0.7,50.81999999999999,0.30000000000000004,7.638000000000002,-0.370000000000001,6.688000000000001
2016-10-28,0.7,50.81999999999999,0.30000000000000004,7.626000000000001,-0.012000000000000455,6.676
2016-10-31,0.7,50.81999999999999,0.30000000000000004,7.641000000000001,0.01499999999999968,6.691
2016-11-01,0.7,50.81999999999999,0.30000000000000004,7.623000000000001,-0.017999999999999794,6.673
2016-11-02,0.7,50.224999999999994,0.30000000000000004,7.410000000000001,-0.8079999999999989,5.865000000000001
2016-11-03,0.7,49.839999999999996,0.30000000000000004,7.323000000000001,-0.47199999999999775,5.393000000000003
2016-11-04,0.7,49.699999999999996,0.30000000000000004,7.278000000000001,-0.1850000000000005,5.208000000000003
2016-11-07,0.7,50.4,0.30000000000000004,7.4940000000000015,0.916000000000003,6.124000000000006
2016-11-08,0.7,50.644999999999996,0.30000000000000004,7.548000000000001,0.2989999999999968,6.423000000000003
2016-11-09,0.7,49.0,0.30000000000000004,7.074000000000001,-2.118999999999996,4.3040000000000065
2016-11-10,0.7,50.4,0.30000000000000004,7.470000000000001,1.7959999999999985,6.100000000000005
2016-11-11,0.7,49.035,0.30000000000000004,7.095000000000001,-1.740000000000002,4.360000000000003
2016-11-14,0.7,49.06999999999999,0.30000000000000004,7.074000000000001,0.013999999999996682,4.374
2016-11-15,0.7,48.93,0.30000000000000004,7.0710000000000015,-0.1429999999999927,4.231000000000007
2016-11-16,0.7,49.0,0.30000000000000004,7.1160000000000005,0.11499999999999932,4.346000000000006
2016-11-17,0.7,49.14,0.30000000000000004,7.110000000000001,0.13400000000000123,4.4800000000000075
2016-11-18,0.7,49.28,0.30000000000000004,7.167000000000002,0.19700000000000095,4.6770000000000085
2016-11-21,0.7,49.349999999999994,0.30000000000000004,7.1850000000000005,0.08799999999999208,4.765000000000001
2016-11-22,0.7,50.015,0.30000000000000004,7.389000000000001,0.8690000000000069,5.6340000000000074
2016-11-23,0.7,50.26,0.30000000000000004,7.449000000000001,0.30499999999999705,5.9390000000000045
2016-11-24,0.7,49.980000000000004,0.30000000000000004,7.380000000000002,-0.3489999999999931,5.590000000000011
2016-11-25,0.7,49.94499999999999,0.30000000000000004,7.3980000000000015,-0.017000000000011006,5.573
2016-11-28,0.7,50.224999999999994,0.30000000000000004,7.503000000000002,0.38500000000000156,5.958000000000002
2016-11-29,0.7,50.155,0.30000000000000004,7.482000000000001,-0.09099999999999397,5.867000000000008
2016-11-30,0.7,50.19,0.30000000000000004,7.470000000000001,0.022999999999996135,5.890000000000004
2016-12-01,0.7,50.4,0.30000000000000004,7.545000000000001,0.28500000000000103,6.175000000000005
2016-12-02,0.7,49.839999999999996,0.30000000000000004,7.362000000000001,-0.7430000000000021,5.432000000000003
2016-12-05,0.7,49.769999999999996,0.30000000000000004,7.359000000000002,-0.07299999999999951,5.3590000000000035
2016-12-06,0.7,50.4,0.30000000000000004,7.551000000000002,0.8220000000000027,6.181000000000006
2016-12-07,0.7,50.4,0.30000000000000004,7.551000000000002,0.0,6.181000000000006
2016-12-08,0.7,51.03,0.30000000000000004,7.698000000000001,0.7770000000000019,6.958000000000008
2016-12-09,0.7,51.205,0.30000000000000004,7.758000000000001,0.23499999999999677,7.193000000000005
2016-12-12,0.7,50.99499999999999,0.30000000000000004,7.710000000000001,-0.258000000000008,6.934999999999997
2016-12-13,0.7,51.065,0.30000000000000004,7.743,0.10300000000000686,7.038000000000004
2016-12-14,0.7,51.169999999999995,0.30000000000000004,7.740000000000001,0.10199999999999765,7.1400000000000015
2016-12-15,0.7,51.099999999999994,0.30000000000000004,7.725000000000001,-0.08499999999999996,7.0550000000000015
2016-12-16,0.7,50.60999999999999,0.30000000000000004,7.638000000000002,-0.5770000000000017,6.478
2016-12-19,0.7,50.294999999999995,0.30000000000000004,7.521000000000001,-0.4319999999999986,6.046000000000001
2016-12-20,0.7,50.224999999999994,0.30000000000000004,7.5120000000000005,-0.07900000000000063,5.9670000000000005
2016-12-21,0.7,50.19,0.30000000000000004,7.4910000000000005,-0.0559999999999965,5.911000000000004
2016-12-22,0.7,49.559999999999995,0.30000000000000004,7.32,-0.8010000000000028,5.110000000000001
2016-12-23,0.7,49.385,0.30000000000000004,7.275000000000001,-0.2199999999999962,4.890000000000005
2016-12-26,0.7,49.559999999999995,0.30000000000000004,7.302000000000001,0.2019999999999973,5.092000000000002
2016-12-27,0.7,49.525,0.30000000000000004,7.308000000000001,-0.02899999999999725,5.063000000000005
2016-12-28,0.7,50.11999999999999,0.30000000000000004,7.458000000000001,0.7449999999999921,5.807999999999997
2016-12-29,0.7,49.875,0.30000000000000004,7.410000000000001,-0.2929999999999904,5.515000000000007
2016-12-30,0.7,50.26,0.30000000000000004,7.503000000000002,0.47799999999999887,5.993000000000006
2017-01-03,0.7,50.33,0.30000000000000004,7.518000000000001,0.08499999999999908,6.078000000000005
2017-01-04,0.7,50.294999999999995,0.30000000000000004,7.545000000000001,-0.00800000000000356,6.070000000000001
2017-01-05,0.7,50.75,0.30000000000000004,7.647,0.5570000000000048,6.627000000000006
2017-01-06,0.7,50.855000000000004,0.30000000000000004,7.683000000000001,0.14100000000000446,6.7680000000000105
2017-01-09,0.7,50.714999999999996,0.30000000000000004,7.647,-0.17600000000000815,6.592000000000002
2017-01-10,0.7,50.68,0.30000000000000004,7.641000000000001,-0.04099999999999593,6.551000000000006
2017-01-11,0.7,50.68,0.30000000000000004,7.647,0.005999999999999339,6.557000000000006
2017-01-12,0.7,51.205,0.30000000000000004,7.7700000000000005,0.6479999999999988,7.2050000000000045
2017-01-13,0.7,50.81999999999999,0.30000000000000004,7.701000000000001,-0.4540000000000042,6.751
2017-01-16,0.7,50.4,0.30000000000000004,7.557000000000001,-0.5639999999999947,6.187000000000006
2017-01-17,0.7,50.60999999999999,0.30000000000000004,7.629000000000001,0.2819999999999938,6.468999999999999
2017-01-18,0.7,50.505,0.30000000000000004,7.599,-0.1349999999999909,6.3340000000000085
2017-01-19,0.7,50.365,0.30000000000000004,7.566000000000001,-0.17300000000000004,6.1610000000000085
2017-01-20,0.7,50.505,0.30000000000000004,7.605000000000001,0.17900000000000116,6.34000000000001
2017-01-23,0.7,50.925,0.30000000000000004,7.743,0.5579999999999936,6.898000000000003
2017-01-24,0.7,51.309999999999995,0.30000000000000004,7.815000000000001,0.45699999999999896,7.355000000000002
2017-02-02,0.7,51.03,0.30000000000000004,7.731000000000001,-0.36399999999999455,6.991000000000008
2017-02-03,0.7,50.99499999999999,0.30000000000000004,7.761000000000001,-0.0050000000000105516,6.985999999999997
2017-02-06,0.7,51.275,0.30000000000000004,7.8660000000000005,0.3850000000000078,7.371000000000005
2017-02-07,0.7,51.309999999999995,0.30000000000000004,7.8900000000000015,0.0589999999999975,7.430000000000002
2017-02-08,0.7,50.224999999999994,0.30000000000000004,7.884000000000001,-1.091000000000001,6.339000000000001
2017-02-09,0.7,50.4,0.30000000000000004,7.983000000000001,0.27400000000000446,6.613000000000006
2017-02-10,0.7,50.959999999999994,0.30000000000000004,8.133000000000001,0.7099999999999946,7.323
2017-02-13,0.7,51.065,0.30000000000000004,8.193000000000001,0.16500000000000448,7.488000000000005
2017-02-14,0.7,51.24,0.30000000000000004,8.223,0.20500000000000362,7.6930000000000085
2017-02-15,0.7,51.730000000000004,0.30000000000000004,8.367,0.6340000000000021,8.32700000000001
2017-02-16,0.7,51.415,0.30000000000000004,8.31,-0.3720000000000052,7.955000000000005
2017-02-17,0.7,51.34499999999999,0.30000000000000004,8.298000000000002,-0.08200000000000607,7.872999999999999
2017-02-18,0.7,51.449999999999996,0.30000000000000004,8.31,0.11700000000000266,7.990000000000002
2017-02-20,0.7,51.169999999999995,0.30000000000000004,8.241000000000001,-0.3490000000000002,7.641000000000002
2017-02-21,0.7,51.275,0.30000000000000004,8.268,0.13200000000000323,7.773000000000005
2017-02-22,0.7,51.309999999999995,0.30000000000000004,8.301000000000002,0.06799999999999784,7.841000000000003
2017-02-23,0.7,51.169999999999995,0.30000000000000004,8.265,-0.17600000000000193,7.665000000000001
2017-02-24,0.7,51.205,0.30000000000000004,8.262,0.03200000000000358,7.6970000000000045
2017-03-01,0.7,50.644999999999996,0.30000000000000004,8.13,-0.692000000000002,7.005000000000003
2017-03-02,0.7,50.785,0.30000000000000004,8.13,0.14000000000000057,7.145000000000003
2017-03-03,0.7,50.46999999999999,0.30000000000000004,8.043000000000001,-0.4020000000000046,6.7429999999999986
2017-03-06,0.7,50.505,0.30000000000000004,8.082,0.0740000000000105,6.817000000000009
2017-03-07,0.7,50.714999999999996,0.30000000000000004,8.157000000000002,0.2849999999999948,7.102000000000004
2017-03-08,0.7,50.99499999999999,0.30000000000000004,8.199,0.32199999999999207,7.423999999999996
2017-03-09,0.7,50.434999999999995,0.30000000000000004,8.040000000000001,-0.7189999999999941,6.705000000000002
2017-03-10,0.7,50.4,0.30000000000000004,8.022,-0.05299999999999727,6.652000000000005
2017-03-13,0.7,50.75,0.30000000000000004,8.121,0.4490000000000016,7.101000000000006
2017-03-14,0.7,51.099999999999994,0.30000000000000004,8.22,0.4489999999999945,7.550000000000001
2017-03-15,0.7,50.99499999999999,0.30000000000000004,8.199,-0.12600000000000477,7.423999999999996
2017-03-16,0.7,51.66,0.30000000000000004,8.391,0.8570000000000064,8.281000000000002
2017-03-17,0.7,51.8,0.30000000000000004,8.463000000000001,0.21200000000000152,8.493000000000004
2017-03-20,0.7,51.765,0.30000000000000004,8.490000000000002,-0.007999999999995566,8.485000000000008
2017-03-21,0.7,52.43,0.30000000000000004,8.619000000000002,0.7939999999999987,9.279000000000007
2017-03-22,0.7,51.94,0.30000000000000004,8.493,-0.6160000000000032,8.663000000000004
2017-03-23,0.7,52.044999999999995,0.30000000000000004,8.547,0.15899999999999714,8.822000000000001
2017-03-24,0.7,51.974999999999994,0.30000000000000004,8.496000000000002,-0.12099999999999866,8.701000000000002
2017-03-27,0.7,51.94,0.30000000000000004,8.475000000000001,-0.055999999999997385,8.645000000000005
2017-03-28,0.7,51.974999999999994,0.30000000000000004,8.496000000000002,0.055999999999997385,8.701000000000002
2017-03-29,0.7,51.8,0.30000000000000004,8.463000000000001,-0.2079999999999984,8.493000000000004
2017-03-30,0.7,51.730000000000004,0.30000000000000004,8.445,-0.08799999999999386,8.40500000000001
2017-03-31,0.7,51.589999999999996,0.30000000000000004,8.397,-0.18800000000000772,8.217000000000002
2017-04-05,0.7,52.255,0.30000000000000004,8.595,0.8630000000000067,9.080000000000009
2017-04-06,0.7,52.08,0.30000000000000004,8.511000000000001,-0.2590000000000039,8.821000000000005
2017-04-07,0.7,51.86999999999999,0.30000000000000004,8.451000000000002,-0.2700000000000067,8.550999999999998
2017-04-10,0.7,51.94,0.30000000000000004,8.46,0.07900000000000595,8.630000000000004
2017-04-11,0.7,51.730000000000004,0.30000000000000004,8.397,-0.27299999999999436,8.35700000000001
2017-04-12,0.7,51.834999999999994,0.30000000000000004,8.394000000000002,0.10199999999999143,8.459000000000001
2017-04-13,0.7,52.08,0.30000000000000004,8.466000000000001,0.3170000000000037,8.776000000000005
2017-04-14,0.7,51.48499999999999,0.30000000000000004,8.277000000000001,-0.784000000000006,7.991999999999999
2017-04-17,0.7,51.519999999999996,0.30000000000000004,8.292000000000002,0.05000000000000426,8.042000000000003
2017-04-18,0.7,51.519999999999996,0.30000000000000004,8.283000000000001,-0.009000000000000341,8.033000000000003
2017-04-19,0.7,50.959999999999994,0.30000000000000004,8.118,-0.7250000000000032,7.308
2017-04-20,0.7,50.959999999999994,0.30000000000000004,8.127,0.009000000000000341,7.317
2017-04-21,0.7,51.449999999999996,0.30000000000000004,8.259000000000002,0.6220000000000034,7.939000000000004
2017-04-24,0.7,51.555,0.30000000000000004,8.295,0.1410000000000018,8.080000000000005
2017-04-25,0.7,52.044999999999995,0.30000000000000004,8.46,0.6549999999999958,8.735000000000001
2017-04-26,0.7,52.184999999999995,0.30000000000000004,8.505000000000003,0.18500000000000227,8.920000000000003
2017-04-27,0.7,52.15,0.30000000000000004,8.484000000000002,-0.055999999999997385,8.864000000000006
2017-04-28,0.7,52.184999999999995,0.30000000000000004,8.511000000000001,0.061999999999995836,8.926000000000002
2017-05-02,0.7,52.64,0.30000000000000004,8.658000000000001,0.6020000000000056,9.528000000000008
2017-05-03,0.7,52.885,0.30000000000000004,8.700000000000001,0.28699999999999726,9.815000000000005
2017-05-04,0.7,52.955,0.30000000000000004,8.718000000000002,0.08800000000000097,9.903000000000006
2017-05-05,0.7,52.605000000000004,0.30000000000000004,8.595,-0.4729999999999954,9.43000000000001
2017-05-08,0.7,52.99,0.30000000000000004,8.700000000000001,0.48999999999999844,9.920000000000009
2017-05-09,0.7,53.165,0.30000000000000004,8.748000000000001,0.2229999999999972,10.143000000000006
2017-05-10,0.7,53.375,0.30000000000000004,8.811000000000002,0.27300000000000146,10.416000000000007
2017-05-11,0.7,53.55,0.30000000000000004,8.874,0.237999999999996,10.654000000000003
2017-05-12,0.7,53.41,0.30000000000000004,8.835,-0.17900000000000027,10.475000000000003
2017-05-15,0.7,53.55,0.30000000000000004,8.919000000000002,0.22400000000000198,10.699000000000005
2017-05-16,0.7,53.55,0.30000000000000004,8.880000000000003,-0.0389999999999997,10.660000000000005
2017-05-17,0.7,53.41,0.30000000000000004,8.841000000000001,-0.17900000000000205,10.481000000000003
2017-05-18,0.7,53.13,0.30000000000000004,8.784000000000002,-0.33699999999999264,10.14400000000001
2017-05-19,0.7,53.09499999999999,0.30000000000000004,8.766000000000002,-0.05300000000001148,10.091
2017-05-22,0.7,53.23499999999999,0.30000000000000004,8.808000000000002,0.18200000000000038,10.273
2017-05-23,0.7,53.44499999999999,0.30000000000000004,8.877,0.2789999999999999,10.552
2017-05-24,0.7,53.41,0.30000000000000004,8.889000000000001,-0.022999999999996135,10.529000000000003
2017-05-25,0.7,53.9,0.30000000000000004,9.06,0.6610000000000014,11.190000000000005
2017-05-26,0.7,53.865,0.30000000000000004,9.048000000000002,-0.04699999999999527,11.14300000000001
2017-05-31,0.7,53.55,0.30000000000000004,8.922,-0.44100000000000605,10.702000000000004
2017-06-01,0.7,53.83,0.30000000000000004,8.997000000000002,0.3550000000000022,11.057000000000006
2017-06-02,0.7,54.04,0.30000000000000004,9.084000000000001,0.2970000000000006,11.354000000000006
2017-06-03,0.7,54.18,0.30000000000000004,9.138000000000002,0.19400000000000084,11.548000000000007
2017-06-05,0.7,54.599999999999994,0.30000000000000004,9.222000000000001,0.5039999999999942,12.052000000000001
2017-06-06,0.7,54.565,0.30000000000000004,9.21,-0.046999999999997044,12.005000000000004
2017-06-07,0.7,54.565,0.30000000000000004,9.231000000000002,0.021000000000000796,12.026000000000005
2017-06-08,0.7,54.775,0.30000000000000004,9.288000000000002,0.26700000000000124,12.293000000000006
2017-06-09,0.7,54.599999999999994,0.30000000000000004,9.240000000000002,-0.2230000000000043,12.070000000000002
2017-06-12,0.7,54.005,0.30000000000000004,9.072000000000001,-0.7629999999999928,11.30700000000001
2017-06-13,0.7,54.074999999999996,0.30000000000000004,9.090000000000002,0.08799999999999386,11.395000000000003
2017-06-14,0.7,53.794999999999995,0.30000000000000004,8.976000000000003,-0.39400000000000013,11.001000000000003
2017-06-15,0.7,53.83,0.30000000000000004,8.997000000000002,0.056000000000002714,11.057000000000006
2017-06-16,0.7,54.39,0.30000000000000004,9.174000000000001,0.7370000000000019,11.794000000000008
2017-06-19,0.7,54.98499999999999,0.30000000000000004,9.363000000000001,0.7839999999999918,12.578
2017-06-20,0.7,55.615,0.30000000000000004,9.561000000000002,0.8280000000000101,13.40600000000001
2017-06-21,0.7,55.684999999999995,0.30000000000000004,9.585,0.09399999999999231,13.500000000000002
2017-06-22,0.7,55.824999999999996,0.30000000000000004,9.669,0.2240000000000002,13.724000000000002
2017-06-23,0.7,55.79,0.30000000000000004,9.639000000000003,-0.06499999999999417,13.659000000000008
2017-06-26,0.7,56.98,0.30000000000000004,9.996000000000002,1.546999999999997,15.206000000000005
2017-06-27,0.7,56.91,0.30000000000000004,9.963000000000001,-0.10300000000000153,15.103000000000003
2017-06-28,0.7,56.38499999999999,0.30000000000000004,9.786000000000001,-0.7020000000000053,14.400999999999998
2017-06-29,0.7,56.455,0.30000000000000004,9.819,0.10300000000000686,14.504000000000005
2017-06-30,0.7,56.28,0.30000000000000004,9.753,-0.24099999999999788,14.263000000000007
2017-07-03,0.7,56.315,0.30000000000000004,9.801000000000002,0.08299999999999841,14.346000000000005
2017-07-04,0.7,56.0,0.30000000000000004,9.684000000000001,-0.4319999999999986,13.914000000000007
2017-07-05,0.7,56.525,0.30000000000000004,9.831000000000003,0.6720000000000006,14.586000000000007
2017-07-06,0.7,56.28,0.30000000000000004,9.762,-0.31400000000000006,14.272000000000007
2017-07-07,0.7,55.964999999999996,0.30000000000000004,9.657,-0.42000000000000526,13.852000000000002
2017-07-10,0.7,56.24499999999999,0.30000000000000004,9.693000000000001,0.3159999999999954,14.167999999999997
2017-07-11,0.7,57.084999999999994,0.30000000000000004,10.011000000000001,1.158000000000003,15.326
2017-07-12,0.7,57.084999999999994,0.30000000000000004,9.999,-0.012000000000000455,15.314
2017-07-13,0.7,57.54,0.30000000000000004,10.164000000000001,0.6200000000000063,15.934000000000006
2017-07-14,0.7,57.434999999999995,0.30000000000000004,10.098,-0.1710000000000047,15.763000000000002
2017-07-17,0.7,57.54,0.30000000000000004,10.170000000000002,0.17700000000000493,15.940000000000007
2017-07-18,0.7,57.68,0.30000000000000004,10.182,0.15199999999999925,16.092000000000006
2017-07-19,0.7,57.89,0.30000000000000004,10.263000000000002,0.29100000000000215,16.38300000000001
2017-07-20,0.7,57.855,0.30000000000000004,10.281000000000002,-0.017000000000003013,16.366000000000007
2017-07-21,0.7,57.46999999999999,0.30000000000000004,10.170000000000002,-0.49600000000000577,15.870000000000001
2017-07-24,0.7,57.60999999999999,0.30000000000000004,10.182,0.15199999999999925,16.022
2017-07-25,0.7,57.714999999999996,0.30000000000000004,10.221000000000002,0.14400000000000546,16.166000000000004
2017-07-26,0.7,57.505,0.30000000000000004,10.143000000000002,-0.28799999999999315,15.87800000000001
2017-07-27,0.7,58.099999999999994,0.30000000000000004,10.377000000000002,0.8289999999999917,16.707
2017-07-28,0.7,57.46999999999999,0.30000000000000004,10.143000000000002,-0.8640000000000025,15.842999999999998
2017-07-31,0.7,56.94499999999999,0.30000000000000004,10.170000000000002,-0.49799999999999933,15.344999999999999
2017-08-01,0.7,57.25999999999999,0.30000000000000004,10.221000000000002,0.3659999999999979,15.710999999999997
2017-08-02,0.7,57.74999999999999,0.30000000000000004,10.386000000000001,0.6550000000000011,16.366
2017-08-03,0.7,57.54,0.30000000000000004,10.302000000000003,-0.2939999999999916,16.07200000000001
2017-08-04,0.7,57.64499999999999,0.30000000000000004,10.341000000000001,0.1439999999999877,16.215999999999998
2017-08-07,0.7,58.065,0.30000000000000004,10.512,0.5910000000000082,16.807000000000006
2017-08-08,0.7,58.03,0.30000000000000004,10.500000000000002,-0.04699999999999527,16.760000000000012
2017-08-09,0.7,57.505,0.30000000000000004,10.335000000000003,-0.6899999999999977,16.070000000000014
2017-08-10,0.7,57.11999999999999,0.30000000000000004,10.176000000000002,-0.5440000000000129,15.526000000000002
2017-08-11,0.7,56.87499999999999,0.30000000000000004,10.101000000000003,-0.31999999999999673,15.206000000000005
2017-08-14,0.7,56.525,0.30000000000000004,9.984000000000002,-0.4669999999999952,14.73900000000001
2017-08-15,0.7,56.91,0.30000000000000004,10.068000000000001,0.46899999999999764,15.208000000000007
2017-08-16,0.7,56.699999999999996,0.30000000000000004,10.020000000000001,-0.2580000000000009,14.950000000000006
2017-08-17,0.7,57.155,0.30000000000000004,10.185000000000002,0.6200000000000063,15.570000000000013
2017-08-18,0.7,56.805,0.30000000000000004,10.074000000000002,-0.4610000000000021,15.10900000000001
2017-08-21,0.7,56.73499999999999,0.30000000000000004,10.089000000000002,-0.05500000000000682,15.054000000000004
2017-08-22,0.7,57.294999999999995,0.30000000000000004,10.239000000000003,0.7100000000000026,15.764000000000006
2017-08-23,0.7,57.224999999999994,0.30000000000000004,10.233,-0.07600000000000229,15.688000000000004
2017-08-24,0.7,57.785,0.30000000000000004,10.398,0.7250000000000014,16.413000000000004
2017-08-25,0.7,57.89,0.30000000000000004,10.476000000000003,0.18300000000000693,16.59600000000001
2017-08-28,0.7,57.785,0.30000000000000004,10.449000000000002,-0.132000000000005,16.464000000000006
2017-08-29,0.7,57.60999999999999,0.30000000000000004,10.410000000000002,-0.21400000000000396,16.25
2017-08-30,0.7,57.89,0.30000000000000004,10.500000000000002,0.3700000000000081,16.620000000000008
2017-08-31,0.7,58.065,0.30000000000000004,10.548,0.22299999999999542,16.843000000000004
2017-09-01,0.7,58.099999999999994,0.30000000000000004,10.614000000000003,0.10099999999999909,16.944000000000003
2017-09-04,0.7,57.99499999999999,0.30000000000000004,10.566,-0.1530000000000058,16.790999999999997
2017-09-05,0.7,58.065,0.30000000000000004,10.560000000000002,0.06400000000000894,16.855000000000004
2017-09-06,0.7,57.81999999999999,0.30000000000000004,10.476000000000003,-0.3290000000000042,16.526
2017-09-07,0.7,57.574999999999996,0.30000000000000004,10.404000000000002,-0.3169999999999984,16.209000000000003
2017-09-08,0.7,57.89,0.30000000000000004,10.530000000000001,0.4410000000000043,16.650000000000006
2017-09-11,0.7,57.785,0.30000000000000004,10.527000000000003,-0.10800000000000232,16.542
2017-09-12,0.7,57.99499999999999,0.30000000000000004,10.560000000000002,0.24299999999999322,16.784999999999997
2017-09-13,0.7,57.60999999999999,0.30000000000000004,10.440000000000001,-0.504999999999999,16.279999999999998
2017-09-14,0.7,57.64499999999999,0.30000000000000004,10.473,0.06799999999999606,16.347999999999992
2017-09-15,0.7,57.64499999999999,0.30000000000000004,10.491000000000001,0.018000000000000682,16.365999999999993
2017-09-18,0.7,58.205,0.30000000000000004,10.647000000000002,0.71600000000001,17.082
2017-09-19,0.7,57.925,0.30000000000000004,10.515,-0.4120000000000026,16.669999999999998
2017-09-20,0.7,57.54,0.30000000000000004,10.443000000000001,-0.4569999999999972,16.213
2017-09-21,0.7,57.89,0.30000000000000004,10.548,0.45500000000000007,16.668
2017-09-22,0.7,57.11999999999999,0.30000000000000004,10.290000000000001,-1.0280000000000094,15.63999999999999
2017-09-25,0.7,56.665,0.30000000000000004,10.104000000000001,-0.6409999999999911,14.998999999999999
2017-09-26,0.7,56.209999999999994,0.30000000000000004,9.963000000000001,-0.5960000000000054,14.402999999999993
2017-09-27,0.7,56.489999999999995,0.30000000000000004,10.083000000000002,0.40000000000000213,14.802999999999995
2017-09-28,0.7,56.28,0.30000000000000004,10.032,-0.2609999999999957,14.542
2017-09-29,0.7,56.455,0.30000000000000004,10.053,0.19599999999999795,14.737999999999998
2017-09-30,0.7,56.839999999999996,0.30000000000000004,10.179000000000002,0.5109999999999992,15.248999999999997
2017-10-02,0.7,57.05,0.30000000000000004,10.296000000000001,0.32699999999999996,15.575999999999997
2017-10-03,0.7,57.05,0.30000000000000004,10.314000000000002,0.018000000000000682,15.593999999999998
2017-10-05,0.7,57.294999999999995,0.30000000000000004,10.401000000000002,0.3319999999999972,15.925999999999995
2017-10-06,0.7,57.46999999999999,0.30000000000000004,10.401000000000002,0.17499999999999716,16.100999999999992
2017-10-11,0.7,58.38,0.30000000000000004,10.662,1.17100000000001,17.272000000000002
2017-10-12,0.7,58.94,0.30000000000000004,10.833000000000002,0.7309999999999963,18.003
2017-10-13,0.7,58.834999999999994,0.30000000000000004,10.827000000000004,-0.11100000000000243,17.891999999999996
2017-10-16,0.7,59.15,0.30000000000000004,10.926000000000002,0.41400000000000325,18.305999999999997
2017-10-17,0.7,59.00999999999999,0.30000000000000004,10.899000000000001,-0.1670000000000087,18.13899999999999
2017-10-18,0.7,59.21999999999999,0.30000000000000004,10.941,0.25200000000000067,18.39099999999999
2017-10-19,0.7,59.43,0.30000000000000004,11.028,0.2970000000000077,18.688
2017-10-20,0.7,59.184999999999995,0.30000000000000004,10.977000000000002,-0.2960000000000029,18.391999999999996
2017-10-23,0.7,59.15,0.30000000000000004,10.962000000000002,-0.04999999999999716,18.342
2017-10-24,0.7,59.08,0.30000000000000004,10.947000000000003,-0.08499999999999908,18.256999999999998
2017-10-25,0.7,59.044999999999995,0.30000000000000004,10.923,-0.05900000000000638,18.197999999999993
2017-10-26,0.7,58.974999999999994,0.30000000000000004,10.926000000000002,-0.0669999999999984,18.130999999999993
2017-10-27,0.7,59.00999999999999,0.30000000000000004,10.860000000000003,-0.03100000000000236,18.09999999999999
2017-10-30,0.7,59.464999999999996,0.30000000000000004,11.010000000000003,0.6050000000000058,18.705
2017-10-31,0.7,59.64,0.30000000000000004,11.094000000000001,0.2590000000000021,18.964
2017-11-01,0.7,59.56999999999999,0.30000000000000004,11.091000000000001,-0.0730000000000075,18.89099999999999
2017-11-02,0.7,59.35999999999999,0.30000000000000004,11.040000000000001,-0.261000000000001,18.62999999999999
2017-11-03,0.7,59.29,0.30000000000000004,11.013000000000002,-0.09699999999999243,18.532999999999994
2017-11-06,0.7,59.39499999999999,0.30000000000000004,11.034000000000002,0.12599999999999056,18.658999999999985
2017-11-07,0.7,59.709999999999994,0.30000000000000004,11.103000000000002,0.3840000000000039,19.04299999999999
2017-11-08,0.7,59.464999999999996,0.30000000000000004,11.076000000000002,-0.2719999999999967,18.770999999999994
2017-11-09,0.7,59.08,0.30000000000000004,10.905000000000003,-0.5559999999999974,18.214999999999996
2017-11-10,0.7,59.184999999999995,0.30000000000000004,10.929000000000002,0.128999999999996,18.343999999999994
2017-11-13,0.7,59.00999999999999,0.30000000000000004,10.875000000000002,-0.22900000000000453,18.114999999999988
2017-11-14,0.7,58.905,0.30000000000000004,10.857000000000001,-0.12299999999999045,17.991999999999997
2017-11-15,0.7,58.309999999999995,0.30000000000000004,10.674000000000001,-0.7780000000000058,17.21399999999999
2017-11-16,0.7,58.51999999999999,0.30000000000000004,10.716000000000001,0.25199999999999356,17.465999999999987
2017-11-17,0.7,59.044999999999995,0.30000000000000004,10.911000000000001,0.720000000000006,18.185999999999993
2017-11-20,0.7,58.8,0.30000000000000004,10.809000000000003,-0.346999999999996,17.839
2017-11-21,0.7,59.324999999999996,0.30000000000000004,11.037,0.7529999999999966,18.591999999999995
2017-11-22,0.7,59.605,0.30000000000000004,11.130000000000003,0.3730000000000029,18.964999999999996
2017-11-23,0.7,59.64,0.30000000000000004,11.157000000000002,0.06200000000000294,19.027
2017-11-24,0.7,59.605,0.30000000000000004,11.166000000000002,-0.026000000000003354,19.000999999999998
2017-11-27,0.7,58.905,0.30000000000000004,10.917000000000002,-0.9489999999999963,18.052
2017-11-28,0.7,58.51999999999999,0.30000000000000004,10.794,-0.5080000000000133,17.543999999999986
2017-11-29,0.7,58.589999999999996,0.30000000000000004,10.818000000000003,0.09400000000001008,17.637999999999998
2017-11-30,0.7,57.574999999999996,0.30000000000000004,10.503,-1.3300000000000036,16.307999999999993
2017-12-01,0.7,57.81999999999999,0.30000000000000004,10.521,0.2629999999999981,16.57099999999999
2017-12-04,0.7,58.03,0.30000000000000004,10.620000000000001,0.30900000000000816,16.88
2017-12-05,0.7,57.574999999999996,0.30000000000000004,10.464000000000002,-0.6110000000000042,16.268999999999995
2017-12-06,0.7,56.59499999999999,0.30000000000000004,10.125000000000002,-1.3190000000000044,14.94999999999999
2017-12-07,0.7,56.63,0.30000000000000004,10.068000000000001,-0.021999999999989583,14.928
2017-12-08,0.7,56.63,0.30000000000000004,10.128,0.05999999999999872,14.988
2017-12-11,0.7,57.05,0.30000000000000004,10.299000000000001,0.5909999999999958,15.578999999999995
2017-12-12,0.7,56.665,0.30000000000000004,10.158000000000001,-0.525999999999998,15.052999999999997
2017-12-13,0.7,56.699999999999996,0.30000000000000004,10.185000000000002,0.06199999999999761,15.114999999999995
2017-12-14,0.7,57.224999999999994,0.30000000000000004,10.353000000000002,0.6929999999999978,15.807999999999993
2017-12-15,0.7,56.76999999999999,0.30000000000000004,10.209000000000001,-0.5990000000000055,15.208999999999987
2017-12-18,0.7,56.839999999999996,0.30000000000000004,10.251000000000001,0.1120000000000072,15.320999999999994
2017-12-19,0.7,56.559999999999995,0.30000000000000004,10.152000000000003,-0.37899999999999956,14.941999999999995
2017-12-20,0.7,56.73499999999999,0.30000000000000004,10.245000000000001,0.26799999999999535,15.20999999999999
2017-12-21,0.7,56.699999999999996,0.30000000000000004,10.254000000000001,-0.02599999999999625,15.183999999999994
2017-12-22,0.7,56.91,0.30000000000000004,10.290000000000001,0.24600000000000044,15.429999999999994
2017-12-25,0.7,57.015,0.30000000000000004,10.314000000000002,0.1290000000000049,15.559
2017-12-26,0.7,56.455,0.30000000000000004,10.095,-0.7790000000000035,14.779999999999996
2017-12-27,0.7,56.63,0.30000000000000004,10.179000000000002,0.25900000000000567,15.039000000000001
2017-12-28,0.7,57.19,0.30000000000000004,10.353000000000002,0.7339999999999947,15.772999999999996
2017-12-29,0.7,57.505,0.30000000000000004,10.491000000000001,0.45300000000000473,16.226
2018-01-02,0.7,57.81999999999999,0.30000000000000004,10.611,0.43499999999998984,16.660999999999987
2018-01-03,0.7,58.34499999999999,0.30000000000000004,10.830000000000002,0.7439999999999998,17.404999999999987
2018-01-04,0.7,58.449999999999996,0.30000000000000004,10.863000000000001,0.13800000000000345,17.542999999999992
2018-01-05,0.7,58.62499999999999,0.30000000000000004,10.929000000000002,0.24099999999999788,17.783999999999992
2018-01-08,0.7,58.86999999999999,0.30000000000000004,10.998000000000001,0.3139999999999965,18.09799999999999
2018-01-09,0.7,58.905,0.30000000000000004,11.013000000000002,0.05000000000001137,18.148
2018-01-10,0.7,58.62499999999999,0.30000000000000004,10.869000000000002,-0.42400000000000837,17.72399999999999
2018-01-11,0.7,58.38,0.30000000000000004,10.797000000000002,-0.3169999999999895,17.407
2018-01-12,0.7,58.86999999999999,0.30000000000000004,11.013000000000002,0.7059999999999871,18.112999999999985
2018-01-15,0.7,59.255,0.30000000000000004,11.148000000000001,0.520000000000012,18.632999999999996
2018-01-16,0.7,59.49999999999999,0.30000000000000004,11.202000000000004,0.2989999999999924,18.931999999999988
2018-01-17,0.7,59.605,0.30000000000000004,11.238000000000001,0.1410000000000018,19.07299999999999
2018-01-18,0.7,60.41,0.30000000000000004,11.505000000000003,1.072000000000001,20.14499999999999
2018-01-19,0.7,61.005,0.30000000000000004,11.694,0.7840000000000042,20.928999999999995
2018-01-22,0.7,61.565,0.30000000000000004,11.856000000000003,0.7219999999999978,21.650999999999993
2018-01-23,0.7,61.809999999999995,0.30000000000000004,11.898000000000001,0.2869999999999955,21.937999999999988
2018-01-24,0.7,61.04,0.30000000000000004,11.646000000000003,-1.021999999999995,20.915999999999993
2018-01-25,0.7,61.214999999999996,0.30000000000000004,11.721000000000002,0.24999999999999645,21.16599999999999
2018-01-26,0.7,61.24999999999999,0.30000000000000004,11.745000000000001,0.05899999999999572,21.224999999999987
2018-01-29,0.7,59.88499999999999,0.30000000000000004,11.829000000000002,-1.2810000000000006,19.94399999999999
2018-01-30,0.7,59.184999999999995,0.30000000000000004,11.559000000000003,-0.9699999999999953,18.973999999999993
2018-01-31,0.7,59.255,0.30000000000000004,11.604000000000001,0.11500000000000554,19.089
2018-02-01,0.7,59.675,0.30000000000000004,11.739000000000003,0.5549999999999962,19.643999999999995
2018-02-02,0.7,59.43,0.30000000000000004,11.643000000000002,-0.3409999999999975,19.302999999999997
2018-02-05,0.7,58.51999999999999,0.30000000000000004,11.244000000000002,-1.3090000000000117,17.993999999999986
2018-02-06,0.7,55.755,0.30000000000000004,10.080000000000002,-3.928999999999986,14.065
2018-02-07,0.7,56.455,0.30000000000000004,10.410000000000002,1.0299999999999958,15.094999999999995
2018-02-08,0.7,56.419999999999995,0.30000000000000004,10.434000000000001,-0.011000000000004562,15.08399999999999
2018-02-09,0.7,55.334999999999994,0.30000000000000004,10.080000000000002,-1.439,13.64499999999999
2018-02-12,0.7,55.79,0.30000000000000004,10.230000000000002,0.6050000000000058,14.249999999999996
2018-02-21,0.7,57.05,0.30000000000000004,10.734000000000002,1.7639999999999976,16.013999999999996
2018-02-22,0.7,56.699999999999996,0.30000000000000004,10.614000000000003,-0.47000000000000064,15.543999999999995
2018-02-23,0.7,57.4,0.30000000000000004,10.893000000000002,0.9790000000000028,16.522999999999996
2018-02-26,0.7,57.68,0.30000000000000004,10.953000000000001,0.33999999999999986,16.862999999999996
2018-02-27,0.7,57.64499999999999,0.30000000000000004,10.968000000000002,-0.020000000000010232,16.842999999999986
2018-03-01,0.7,57.224999999999994,0.30000000000000004,10.836,-0.551999999999996,16.29099999999999
2018-03-02,0.7,56.805,0.30000000000000004,10.665000000000001,-0.590999999999994,15.699999999999996
2018-03-05,0.7,56.525,0.30000000000000004,10.557,-0.3880000000000017,15.311999999999994
2018-03-06,0.7,57.505,0.30000000000000004,10.89,1.3130000000000042,16.625
2018-03-07,0.7,57.25999999999999,0.30000000000000004,10.776000000000002,-0.35900000000001064,16.26599999999999
2018-03-08,0.7,57.925,0.30000000000000004,11.040000000000001,0.9290000000000056,17.194999999999997
2018-03-09,0.7,57.99499999999999,0.30000000000000004,11.085000000000003,0.11499999999999488,17.30999999999999
2018-03-12,0.7,58.905,0.30000000000000004,11.424000000000001,1.2490000000000094,18.559
2018-03-13,0.7,59.464999999999996,0.30000000000000004,11.598,0.7339999999999947,19.292999999999996
2018-03-14,0.7,59.00999999999999,0.30000000000000004,11.418000000000003,-0.6350000000000033,18.657999999999994
2018-03-15,0.7,58.974999999999994,0.30000000000000004,11.439000000000002,-0.01399999999999757,18.644
2018-03-16,0.7,58.73,0.30000000000000004,11.340000000000002,-0.34399999999999764,18.3
2018-03-19,0.7,58.69499999999999,0.30000000000000004,11.361,-0.014000000000004675,18.285999999999994
2018-03-20,0.7,58.66,0.30000000000000004,11.337000000000002,-0.05899999999999572,18.226999999999997
2018-03-21,0.7,58.69499999999999,0.30000000000000004,11.376000000000003,0.07399999999999807,18.300999999999995
2018-03-22,0.7,58.48499999999999,0.30000000000000004,11.310000000000002,-0.2760000000000016,18.02499999999999
2018-03-23,0.7,57.46999999999999,0.30000000000000004,10.845,-1.4800000000000022,16.544999999999987
2018-03-26,0.7,57.54,0.30000000000000004,10.983000000000002,0.20800000000000907,16.752999999999997
2018-03-27,0.7,58.38,0.30000000000000004,11.283000000000001,1.1400000000000023,17.893
2018-03-28,0.7,57.574999999999996,0.30000000000000004,10.950000000000001,-1.138000000000007,16.754999999999995
2018-03-29,0.7,57.46999999999999,0.30000000000000004,10.959000000000001,-0.09600000000000364,16.658999999999992
2018-03-30,0.7,57.99499999999999,0.30000000000000004,11.133000000000001,0.6989999999999981,17.35799999999999
2018-03-31,0.7,58.065,0.30000000000000004,11.154000000000002,0.09100000000000819,17.448999999999998
2018-04-02,0.7,57.574999999999996,0.30000000000000004,11.013000000000002,-0.631000000000002,16.817999999999998
2018-04-03,0.7,57.05,0.30000000000000004,10.875000000000002,-0.6629999999999985,16.155
2018-04-09,0.7,57.54,0.30000000000000004,11.046000000000001,0.6610000000000014,16.816000000000003
2018-04-10,0.7,57.74999999999999,0.30000000000000004,11.145000000000001,0.30899999999999395,17.124999999999996
2018-04-11,0.7,57.99499999999999,0.30000000000000004,11.217000000000002,0.3169999999999984,17.441999999999993
2018-04-12,0.7,57.74999999999999,0.30000000000000004,11.130000000000003,-0.3319999999999972,17.109999999999996
2018-04-13,0.7,57.74999999999999,0.30000000000000004,11.145000000000001,0.014999999999998792,17.124999999999993
2018-04-16,0.7,57.60999999999999,0.30000000000000004,11.103000000000002,-0.18200000000000038,16.94299999999999
2018-04-17,0.7,56.98,0.30000000000000004,10.845,-0.8879999999999963,16.054999999999993
2018-04-18,0.7,57.11999999999999,0.30000000000000004,10.929000000000002,0.22399999999999487,16.27899999999999
2018-04-19,0.7,57.855,0.30000000000000004,11.208000000000002,1.0140000000000065,17.292999999999996
2018-04-20,0.7,56.525,0.30000000000000004,10.755000000000003,-1.7829999999999977,15.509999999999998
2018-04-23,0.7,55.964999999999996,0.30000000000000004,10.596000000000002,-0.719000000000003,14.790999999999995
2018-04-24,0.7,55.684999999999995,0.30000000000000004,10.446000000000002,-0.4300000000000015,14.360999999999994
2018-04-25,0.7,55.51,0.30000000000000004,10.323,-0.29799999999999827,14.062999999999995
2018-04-26,0.7,55.334999999999994,0.30000000000000004,10.194,-0.3040000000000038,13.758999999999991
2018-04-27,0.7,55.44,0.30000000000000004,10.302000000000003,0.2130000000000063,13.971999999999998
2018-04-30,0.7,56.0,0.30000000000000004,10.536000000000001,0.7940000000000005,14.765999999999998
2018-05-02,0.7,55.58,0.30000000000000004,10.446000000000002,-0.5100000000000016,14.255999999999997
2018-05-03,0.7,54.98499999999999,0.30000000000000004,10.212000000000002,-0.829000000000006,13.42699999999999
2018-05-04,0.7,55.265,0.30000000000000004,10.260000000000002,0.3280000000000083,13.754999999999999
2018-05-07,0.7,55.65,0.30000000000000004,10.416,0.5409999999999968,14.295999999999996
2018-05-08,0.7,56.0,0.30000000000000004,10.518000000000002,0.4520000000000035,14.748
2018-05-09,0.7,56.315,0.30000000000000004,10.587000000000002,0.3839999999999968,15.131999999999996
2018-05-10,0.7,56.455,0.30000000000000004,10.692000000000002,0.245000000000001,15.376999999999997
2018-05-11,0.7,57.11999999999999,0.30000000000000004,10.881000000000002,0.8539999999999921,16.230999999999987
2018-05-14,0.7,57.74999999999999,0.30000000000000004,11.091000000000001,0.8400000000000016,17.07099999999999
2018-05-15,0.7,57.155,0.30000000000000004,10.932,-0.7539999999999925,16.317
2018-05-16,0.7,57.224999999999994,0.30000000000000004,10.932,0.06999999999999318,16.386999999999993
2018-05-17,0.7,56.839999999999996,0.30000000000000004,10.860000000000003,-0.4569999999999954,15.929999999999998
2018-05-18,0.7,56.665,0.30000000000000004,10.809000000000003,-0.22599999999999731,15.704
2018-05-21,0.7,57.434999999999995,0.30000000000000004,11.112000000000002,1.072999999999995,16.776999999999994
2018-05-22,0.7,57.224999999999994,0.30000000000000004,11.025000000000002,-0.2970000000000006,16.479999999999993
2018-05-23,0.7,56.94499999999999,0.30000000000000004,10.926000000000002,-0.37900000000000134,16.100999999999992
2018-05-24,0.7,57.084999999999994,0.30000000000000004,10.998000000000001,0.21199999999999974,16.31299999999999
2018-05-25,0.7,57.294999999999995,0.30000000000000004,11.055000000000001,0.26700000000000124,16.57999999999999
2018-05-28,0.7,57.54,0.30000000000000004,11.142000000000001,0.3320000000000043,16.911999999999995
2018-05-29,0.7,57.294999999999995,0.30000000000000004,11.037,-0.350000000000005,16.56199999999999
2018-05-30,0.7,56.28,0.30000000000000004,10.731000000000002,-1.3209999999999926,15.240999999999998
2018-05-31,0.7,56.525,0.30000000000000004,10.842000000000002,0.3559999999999981,15.596999999999996
2018-06-01,0.7,56.94499999999999,0.30000000000000004,10.977000000000002,0.5549999999999944,16.15199999999999
2018-06-04,0.7,57.81999999999999,0.30000000000000004,11.340000000000002,1.2379999999999995,17.38999999999999
2018-06-05,0.7,57.74999999999999,0.30000000000000004,11.298,-0.11200000000000188,17.277999999999988
2018-06-06,0.7,58.309999999999995,0.30000000000000004,11.544,0.8060000000000027,18.08399999999999
2018-06-07,0.7,58.415,0.30000000000000004,11.574000000000002,0.13500000000000512,18.218999999999994
2018-06-08,0.7,57.785,0.30000000000000004,11.358000000000002,-0.8460000000000019,17.37299999999999
2018-06-11,0.7,57.855,0.30000000000000004,11.403,0.11499999999999844,17.48799999999999
2018-06-12,0.7,57.74999999999999,0.30000000000000004,11.364000000000003,-0.1440000000000019,17.343999999999987
2018-06-13,0.7,58.099999999999994,0.30000000000000004,11.433000000000002,0.4190000000000005,17.762999999999987
2018-06-14,0.7,57.224999999999994,0.30000000000000004,11.139000000000003,-1.1689999999999987,16.593999999999987
2018-06-15,0.7,57.364999999999995,0.30000000000000004,11.223,0.22399999999999842,16.817999999999984
2018-06-19,0.7,56.419999999999995,0.30000000000000004,10.878000000000002,-1.2899999999999991,15.527999999999984
2018-06-20,0.7,57.05,0.30000000000000004,11.043000000000003,0.7950000000000035,16.322999999999986
2018-06-21,0.7,56.87499999999999,0.30000000000000004,10.989000000000003,-0.22900000000000453,16.09399999999998
2018-06-22,0.7,56.805,0.30000000000000004,10.944,-0.11499999999999488,15.978999999999985
2018-06-25,0.7,56.63,0.30000000000000004,10.854000000000001,-0.264999999999997,15.713999999999988
2018-06-26,0.7,56.489999999999995,0.30000000000000004,10.818000000000003,-0.17600000000000549,15.537999999999982
2018-06-27,0.7,56.28,0.30000000000000004,10.74,-0.2879999999999967,15.249999999999986
2018-06-28,0.7,56.035,0.30000000000000004,10.701000000000002,-0.2840000000000025,14.965999999999983
2018-06-29,0.7,57.015,0.30000000000000004,11.022000000000002,1.3010000000000037,16.26699999999999
2018-07-02,0.7,56.73499999999999,0.30000000000000004,10.911000000000001,-0.3910000000000089,15.87599999999998
2018-07-03,0.7,56.805,0.30000000000000004,10.860000000000003,0.01900000000000901,15.894999999999989
2018-07-04,0.7,56.98,0.30000000000000004,10.947000000000003,0.2619999999999969,16.156999999999986
2018-07-05,0.7,56.525,0.30000000000000004,10.731000000000002,-0.6709999999999994,15.485999999999986
2018-07-06,0.7,56.665,0.30000000000000004,10.812000000000001,0.22100000000000009,15.706999999999987
2018-07-09,0.7,57.574999999999996,0.30000000000000004,11.061000000000002,1.1589999999999971,16.865999999999985
2018-07-10,0.7,57.714999999999996,0.30000000000000004,11.148000000000001,0.2270000000000003,17.092999999999986
2018-07-11,0.7,57.19,0.30000000000000004,10.953000000000001,-0.7199999999999989,16.372999999999987
2018-07-12,0.7,57.855,0.30000000000000004,11.223,0.9349999999999987,17.307999999999986
2018-07-13,0.7,58.34499999999999,0.30000000000000004,11.400000000000002,0.6669999999999963,17.97499999999998
2018-07-16,0.7,58.099999999999994,0.30000000000000004,11.334000000000001,-0.31099999999999817,17.66399999999998
2018-07-17,0.7,57.785,0.30000000000000004,11.226000000000003,-0.4229999999999965,17.240999999999985
2018-07-18,0.7,58.13499999999999,0.30000000000000004,11.352000000000002,0.47599999999999376,17.716999999999977
2018-07-19,0.7,58.309999999999995,0.30000000000000004,11.385000000000003,0.2080000000000055,17.924999999999983
2018-07-20,0.7,59.255,0.30000000000000004,11.607000000000001,1.1670000000000051,19.091999999999988
2018-07-23,0.7,59.184999999999995,0.30000000000000004,11.736,0.05899999999999217,19.150999999999982
2018-07-24,0.7,59.29,0.30000000000000004,11.805000000000001,0.17400000000000482,19.32499999999999
2018-07-25,0.7,59.324999999999996,0.30000000000000004,11.793000000000003,0.02299999999999791,19.347999999999985
2018-07-26,0.7,59.49999999999999,0.30000000000000004,11.886000000000001,0.26799999999999535,19.61599999999998
2018-07-27,0.7,59.989999999999995,0.30000000000000004,12.060000000000002,0.6640000000000033,20.27999999999998
2018-07-30,0.7,59.88499999999999,0.30000000000000004,12.006000000000002,-0.15900000000000425,20.120999999999974
2018-07-31,0.7,59.88499999999999,0.30000000000000004,12.054000000000002,0.04800000000000004,20.168999999999976
2018-08-01,0.7,60.305,0.30000000000000004,12.195000000000002,0.5610000000000088,20.729999999999983
2018-08-02,0.7,59.39499999999999,0.30000000000000004,11.814000000000002,-1.291000000000011,19.43899999999997
2018-08-03,0.7,59.88499999999999,0.30000000000000004,12.030000000000003,0.7060000000000031,20.144999999999975
2018-08-06,0.7,59.989999999999995,0.30000000000000004,12.057,0.13200000000000145,20.276999999999976
2018-08-07,0.7,59.849999999999994,0.30000000000000004,12.012000000000002,-0.18499999999999872,20.091999999999977
2018-08-08,0.7,60.305,0.30000000000000004,12.207,0.6500000000000039,20.741999999999983
2018-08-09,0.7,60.305,0.30000000000000004,12.153,-0.05400000000000027,20.68799999999998
2018-08-10,0.7,59.989999999999995,0.30000000000000004,12.039000000000003,-0.42900000000000205,20.25899999999998
2018-08-13,0.7,58.765,0.30000000000000004,11.586,-1.6779999999999973,18.58099999999998
2018-08-14,0.7,59.184999999999995,0.30000000000000004,11.706000000000003,0.5399999999999974,19.12099999999998
2018-08-15,0.7,58.62499999999999,0.30000000000000004,11.499,-0.7670000000000048,18.353999999999978
2018-08-16,0.7,58.66,0.30000000000000004,11.544,0.08000000000000362,18.433999999999983
2018-08-17,0.7,58.555,0.30000000000000004,11.475000000000001,-0.17399999999999594,18.259999999999987
2018-08-20,0.7,58.765,0.30000000000000004,11.547000000000002,0.2820000000000018,18.541999999999987
2018-08-21,0.7,59.184999999999995,0.30000000000000004,11.724000000000002,0.5969999999999942,19.13899999999998
2018-08-22,0.7,59.255,0.30000000000000004,11.736,0.08200000000000607,19.22099999999999
2018-08-23,0.7,59.535,0.30000000000000004,11.850000000000001,0.3939999999999948,19.614999999999984
2018-08-24,0.7,59.35999999999999,0.30000000000000004,11.781000000000002,-0.24400000000000333,19.37099999999998
2018-08-27,0.7,59.88499999999999,0.30000000000000004,11.967000000000002,0.7109999999999985,20.08199999999998
2018-08-28,0.7,60.37499999999999,0.30000000000000004,12.105000000000002,0.6280000000000019,20.70999999999998
2018-08-29,0.7,61.074999999999996,0.30000000000000004,12.342000000000002,0.9370000000000029,21.646999999999984
2018-08-30,0.7,61.285,0.30000000000000004,12.369000000000002,0.2370000000000001,21.883999999999986
2018-08-31,0.7,60.864999999999995,0.30000000000000004,12.258000000000001,-0.5310000000000024,21.352999999999984
2018-09-03,0.7,60.515,0.30000000000000004,12.102000000000002,-0.5059999999999931,20.84699999999999
2018-09-04,0.7,60.9,0.30000000000000004,12.258000000000001,0.5409999999999968,21.387999999999987
2018-09-05,0.7,60.9,0.30000000000000004,12.207,-0.051000000000000156,21.33699999999999
2018-09-06,0.7,60.55,0.30000000000000004,12.084000000000001,-0.47300000000000075,20.86399999999999
2018-09-07,0.7,60.48,0.30000000000000004,11.985000000000003,-0.1689999999999987,20.694999999999993
2018-09-10,0.7,60.199999999999996,0.30000000000000004,11.832,-0.4330000000000034,20.26199999999999
2018-09-11,0.7,59.955,0.30000000000000004,11.847000000000003,-0.2299999999999951,20.031999999999996
2018-09-12,0.7,59.88499999999999,0.30000000000000004,11.826000000000002,-0.09100000000000819,19.94099999999999
2018-09-13,0.7,59.464999999999996,0.30000000000000004,11.760000000000003,-0.48599999999999355,19.454999999999995
2018-09-14,0.7,60.55,0.30000000000000004,12.177000000000003,1.5020000000000007,20.956999999999994
2018-09-17,0.7,60.09499999999999,0.30000000000000004,11.976000000000003,-0.6560000000000059,20.300999999999988
2018-09-18,0.7,59.78,0.30000000000000004,11.868000000000002,-0.42299999999999116,19.877999999999997
2018-09-19,0.7,60.305,0.30000000000000004,12.066,0.7229999999999972,20.600999999999992
2018-09-20,0.7,60.13,0.30000000000000004,12.000000000000002,-0.2409999999999961,20.359999999999996
2018-09-21,0.7,60.794999999999995,0.30000000000000004,12.201000000000002,0.8659999999999926,21.22599999999999
2018-09-25,0.7,60.96999999999999,0.30000000000000004,12.249,0.22299999999999542,21.448999999999984
2018-09-26,0.7,60.83,0.30000000000000004,12.231000000000003,-0.1579999999999906,21.290999999999993
2018-09-27,0.7,61.14499999999999,0.30000000000000004,12.291000000000002,0.37499999999998934,21.665999999999983
2018-09-28,0.7,60.83,0.30000000000000004,12.210000000000003,-0.39599999999999014,21.269999999999992
2018-10-01,0.7,61.14499999999999,0.30000000000000004,12.333000000000002,0.43799999999998995,21.707999999999984
2018-10-02,0.7,60.23499999999999,0.30000000000000004,12.006000000000002,-1.2369999999999965,20.47099999999999
2018-10-03,0.7,60.165,0.30000000000000004,12.003000000000002,-0.07299999999999329,20.397999999999996
2018-10-04,0.7,59.43,0.30000000000000004,11.667000000000002,-1.0709999999999997,19.326999999999998
2018-10-05,0.7,58.415,0.30000000000000004,11.331000000000003,-1.350999999999999,17.976
2018-10-08,0.7,58.099999999999994,0.30000000000000004,11.190000000000001,-0.4560000000000066,17.519999999999992
2018-10-09,0.7,58.275,0.30000000000000004,11.22,0.20500000000000362,17.724999999999994
2018-10-11,0.7,54.18,0.30000000000000004,9.495000000000001,-5.8199999999999985,11.904999999999996
2018-10-12,0.7,56.035,0.30000000000000004,10.134000000000002,2.493999999999998,14.398999999999994
2018-10-15,0.7,55.44,0.30000000000000004,9.876000000000001,-0.8529999999999998,13.545999999999994
2018-10-16,0.7,55.51,0.30000000000000004,10.020000000000001,0.2140000000000004,13.759999999999994
2018-10-17,0.7,55.58,0.30000000000000004,10.029000000000002,0.07900000000000063,13.838999999999995
2018-10-18,0.7,55.405,0.30000000000000004,9.966000000000001,-0.23799999999999777,13.600999999999997
2018-10-19,0.7,55.51,0.30000000000000004,10.002000000000002,0.14099999999999824,13.741999999999996
2018-10-22,0.7,55.44,0.30000000000000004,10.038000000000002,-0.034000000000000696,13.707999999999995
2018-10-23,0.7,54.425,0.30000000000000004,9.642000000000001,-1.4110000000000014,12.296999999999993
2018-10-24,0.7,54.18,0.30000000000000004,9.600000000000001,-0.28699999999999726,12.009999999999996
2018-10-25,0.7,52.849999999999994,0.30000000000000004,9.102000000000002,-1.8280000000000047,10.181999999999992
2018-10-26,0.7,52.78,0.30000000000000004,9.051000000000002,-0.12099999999999334,10.060999999999998
2018-10-29,0.7,53.025,0.30000000000000004,9.141000000000002,0.3349999999999973,10.395999999999995
2018-10-30,0.7,53.165,0.30000000000000004,9.225000000000001,0.2240000000000002,10.619999999999996
2018-10-31,0.7,54.285,0.30000000000000004,9.57,1.4649999999999963,12.084999999999992
2018-11-01,0.7,54.88,0.30000000000000004,9.747000000000002,0.7720000000000073,12.857
2018-11-02,0.7,55.055,0.30000000000000004,9.849,0.2769999999999957,13.133999999999995
2018-11-05,0.7,54.775,0.30000000000000004,9.732000000000001,-0.39700000000000024,12.736999999999995
2018-11-06,0.7,54.599999999999994,0.30000000000000004,9.633000000000001,-0.27400000000000446,12.46299999999999
2018-11-07,0.7,54.88,0.30000000000000004,9.846000000000002,0.4930000000000092,12.956
2018-11-08,0.7,55.19499999999999,0.30000000000000004,9.918000000000003,0.3869999999999916,13.342999999999991
2018-11-09,0.7,54.459999999999994,0.30000000000000004,9.666,-0.9870000000000019,12.35599999999999
2018-11-12,0.7,54.599999999999994,0.30000000000000004,9.732000000000001,0.2060000000000013,12.56199999999999
2018-11-13,0.7,53.96999999999999,0.30000000000000004,9.594000000000001,-0.7680000000000025,11.793999999999988
2018-11-14,0.7,54.144999999999996,0.30000000000000004,9.624,0.20500000000000362,11.998999999999992
2018-11-15,0.7,54.31999999999999,0.30000000000000004,9.72,0.27099999999999724,12.269999999999989
2018-11-16,0.7,53.865,0.30000000000000004,9.639000000000003,-0.5359999999999889,11.734
2018-11-19,0.7,53.69,0.30000000000000004,9.669,-0.14500000000000668,11.588999999999993
2018-11-20,0.7,53.199999999999996,0.30000000000000004,9.525000000000002,-0.6340000000000003,10.954999999999993
2018-11-21,0.7,53.199999999999996,0.30000000000000004,9.534000000000002,0.009000000000000341,10.963999999999993
2018-11-22,0.7,52.919999999999995,0.30000000000000004,9.477000000000002,-0.3370000000000015,10.626999999999992
2018-11-23,0.7,52.74499999999999,0.30000000000000004,9.360000000000001,-0.29200000000000514,10.334999999999987
2018-11-26,0.7,53.305,0.30000000000000004,9.576000000000002,0.7760000000000105,11.110999999999997
2018-11-27,0.7,53.23499999999999,0.30000000000000004,9.567000000000002,-0.07900000000000773,11.03199999999999
2018-11-28,0.7,53.83,0.30000000000000004,9.780000000000001,0.8080000000000052,11.839999999999995
2018-11-29,0.7,53.934999999999995,0.30000000000000004,9.792000000000002,0.11699999999999733,11.956999999999992
2018-11-30,0.7,53.724999999999994,0.30000000000000004,9.765,-0.23700000000000188,11.71999999999999
2018-12-03,0.7,55.16,0.30000000000000004,10.314000000000002,1.9840000000000035,13.703999999999994
2018-12-04,0.7,54.775,0.30000000000000004,10.131000000000002,-0.5679999999999978,13.135999999999996
2018-12-05,0.7,53.655,0.30000000000000004,9.813000000000002,-1.437999999999997,11.697999999999999
2018-12-06,0.7,52.56999999999999,0.30000000000000004,9.348,-1.5500000000000096,10.147999999999989
2018-12-07,0.7,52.815,0.30000000000000004,9.522,0.41900000000000404,10.566999999999993
2018-12-10,0.7,52.115,0.30000000000000004,9.273000000000001,-0.9489999999999945,9.617999999999999
2018-12-11,0.7,52.535,0.30000000000000004,9.414000000000001,0.5609999999999946,10.178999999999993
2018-12-12,0.7,53.339999999999996,0.30000000000000004,9.639000000000003,1.0300000000000011,11.208999999999994
2018-12-13,0.7,53.41,0.30000000000000004,9.684000000000001,0.11499999999999844,11.323999999999993
2018-12-14,0.7,52.74499999999999,0.30000000000000004,9.474,-0.8750000000000071,10.448999999999986
2018-12-17,0.7,53.165,0.30000000000000004,9.612000000000002,0.5580000000000105,11.006999999999996
2018-12-18,0.7,52.709999999999994,0.30000000000000004,9.480000000000002,-0.5870000000000051,10.419999999999991
2018-12-19,0.7,53.13,0.30000000000000004,9.564000000000002,0.5040000000000084,10.924
2018-12-20,0.7,52.535,0.30000000000000004,9.369000000000002,-0.7900000000000063,10.133999999999993
2018-12-21,0.7,52.64,0.30000000000000004,9.396,0.13200000000000323,10.265999999999996
2018-12-22,0.7,52.394999999999996,0.30000000000000004,9.306000000000001,-0.3350000000000044,9.930999999999992
2018-12-24,0.7,52.29,0.30000000000000004,9.345,-0.06599999999999717,9.864999999999995
2018-12-25,0.7,51.625,0.30000000000000004,9.054000000000002,-0.9559999999999977,8.908999999999997
2018-12-26,0.7,51.48499999999999,0.30000000000000004,8.988000000000001,-0.2060000000000084,8.702999999999989
2018-12-27,0.7,52.535,0.30000000000000004,9.330000000000002,1.3920000000000048,10.094999999999994
2018-12-28,0.7,52.849999999999994,0.30000000000000004,9.402000000000001,0.3869999999999969,10.48199999999999
2019-01-02,0.7,51.834999999999994,0.30000000000000004,9.141000000000002,-1.2759999999999998,9.20599999999999
2019-01-03,0.7,51.34499999999999,0.30000000000000004,9.012,-0.6190000000000033,8.586999999999987
2019-01-04,0.7,50.54,0.30000000000000004,8.811000000000002,-1.0059999999999913,7.580999999999996
2019-01-07,0.7,51.765,0.30000000000000004,9.201000000000002,1.615000000000002,9.195999999999998
2019-01-08,0.7,51.555,0.30000000000000004,9.177000000000001,-0.23400000000000176,8.961999999999996
2019-01-09,0.7,52.5,0.30000000000000004,9.468000000000002,1.2360000000000007,10.197999999999997
2019-01-10,0.7,52.35999999999999,0.30000000000000004,9.417000000000002,-0.19100000000000783,10.006999999999989
2019-01-11,0.7,52.849999999999994,0.30000000000000004,9.510000000000002,0.583000000000002,10.589999999999991
2019-01-14,0.7,52.5,0.30000000000000004,9.393,-0.4669999999999952,10.122999999999996
2019-01-15,0.7,52.955,0.30000000000000004,9.606000000000002,0.6679999999999993,10.790999999999995
2019-01-16,0.7,52.885,0.30000000000000004,9.567000000000002,-0.10899999999999999,10.681999999999995
2019-01-17,0.7,52.885,0.30000000000000004,9.576000000000002,0.009000000000000341,10.690999999999995
2019-01-18,0.7,53.165,0.30000000000000004,9.684000000000001,0.3879999999999999,11.078999999999995
2019-01-21,0.7,53.55,0.30000000000000004,9.792000000000002,0.49299999999999855,11.571999999999994
2019-01-22,0.7,51.834999999999994,0.30000000000000004,9.741000000000001,-1.7660000000000036,9.80599999999999
2019-01-23,0.7,51.589999999999996,0.30000000000000004,9.684000000000001,-0.3019999999999978,9.503999999999992
2019-01-24,0.7,51.834999999999994,0.30000000000000004,9.759000000000002,0.3199999999999985,9.823999999999991
2019-01-25,0.7,52.5,0.30000000000000004,9.984000000000002,0.8900000000000059,10.713999999999997
2019-01-28,0.7,52.605000000000004,0.30000000000000004,10.047000000000002,0.1680000000000046,10.882000000000001
2019-01-29,0.7,52.15,0.30000000000000004,9.870000000000001,-0.6320000000000068,10.249999999999995
2019-01-30,0.7,52.044999999999995,0.30000000000000004,9.870000000000001,-0.10500000000000398,10.14499999999999
2019-02-11,0.7,52.605000000000004,0.30000000000000004,10.056000000000003,0.7460000000000111,10.891000000000002
2019-02-12,0.7,52.955,0.30000000000000004,10.188000000000002,0.481999999999994,11.372999999999996
2019-02-13,0.7,52.849999999999994,0.30000000000000004,10.188000000000002,-0.10500000000000398,11.267999999999992
2019-02-14,0.7,52.675,0.30000000000000004,10.161000000000001,-0.20199999999999818,11.065999999999994
2019-02-15,0.7,52.535,0.30000000000000004,10.080000000000002,-0.22100000000000009,10.844999999999994
2019-02-18,0.7,52.955,0.30000000000000004,10.290000000000001,0.6300000000000008,11.474999999999994
2019-02-19,0.7,52.849999999999994,0.30000000000000004,10.278,-0.11700000000000443,11.35799999999999
2019-02-20,0.7,53.44499999999999,0.30000000000000004,10.491000000000001,0.8079999999999998,12.16599999999999
2019-02-21,0.7,53.96999999999999,0.30000000000000004,10.647000000000002,0.6809999999999992,12.846999999999989
2019-02-22,0.7,53.865,0.30000000000000004,10.599,-0.1529999999999916,12.693999999999997
2019-02-25,0.7,54.25,0.30000000000000004,10.773,0.5589999999999975,13.252999999999995
2019-02-26,0.7,54.39,0.30000000000000004,10.764000000000003,0.13100000000000378,13.383999999999999
2019-02-27,0.7,54.355000000000004,0.30000000000000004,10.74,-0.058999999999999275,13.325
2019-03-04,0.7,53.865,0.30000000000000004,10.632000000000001,-0.5980000000000008,12.726999999999999
2019-03-05,0.7,53.724999999999994,0.30000000000000004,10.557,-0.21500000000000874,12.51199999999999
2019-03-06,0.7,53.865,0.30000000000000004,10.626000000000001,0.2090000000000085,12.720999999999998
2019-03-07,0.7,53.655,0.30000000000000004,10.530000000000001,-0.30600000000000094,12.414999999999997
2019-03-08,0.7,53.199999999999996,0.30000000000000004,10.395000000000001,-0.5900000000000052,11.824999999999992
2019-03-11,0.7,53.305,0.30000000000000004,10.440000000000001,0.1500000000000039,11.974999999999996
2019-03-12,0.7,54.074999999999996,0.30000000000000004,10.710000000000003,1.0399999999999974,13.014999999999993
2019-03-13,0.7,53.96999999999999,0.30000000000000004,10.698,-0.11700000000000621,12.897999999999987
2019-03-14,0.7,53.934999999999995,0.30000000000000004,10.671000000000001,-0.061999999999995836,12.835999999999991
2019-03-15,0.7,54.31999999999999,0.30000000000000004,10.830000000000002,0.5439999999999987,13.37999999999999
2019-03-18,0.7,54.669999999999995,0.30000000000000004,10.950000000000001,0.47000000000000064,13.84999999999999
2019-03-19,0.7,54.88,0.30000000000000004,11.010000000000003,0.27000000000001023,14.120000000000001
2019-03-20,0.7,54.949999999999996,0.30000000000000004,11.025000000000002,0.08499999999999197,14.204999999999993
2019-03-21,0.7,55.405,0.30000000000000004,11.214000000000002,0.6440000000000055,14.848999999999998
2019-03-22,0.7,55.544999999999995,0.30000000000000004,11.256000000000002,0.18199999999999328,15.030999999999992
2019-03-25,0.7,54.705,0.30000000000000004,10.926000000000002,-1.1699999999999964,13.860999999999995
2019-03-26,0.7,55.055,0.30000000000000004,11.079000000000002,0.5030000000000019,14.363999999999997
2019-03-27,0.7,54.949999999999996,0.30000000000000004,11.064000000000002,-0.12000000000000455,14.243999999999993
2019-03-28,0.7,54.949999999999996,0.30000000000000004,11.019,-0.045000000000001705,14.198999999999991
2019-03-29,0.7,55.405,0.30000000000000004,11.199000000000002,0.6350000000000069,14.833999999999998
2019-04-01,0.7,55.894999999999996,0.30000000000000004,11.346000000000002,0.6369999999999951,15.470999999999993
2019-04-02,0.7,56.105,0.30000000000000004,11.445000000000002,0.30900000000000105,15.779999999999994
2019-04-03,0.7,56.105,0.30000000000000004,11.442000000000002,-0.0030000000000001137,15.776999999999994
2019-04-08,0.7,56.63,0.30000000000000004,11.64,0.7230000000000043,16.5
2019-04-09,0.7,56.98,0.30000000000000004,11.775000000000002,0.4849999999999959,16.984999999999996
2019-04-10,0.7,57.05,0.30000000000000004,11.826000000000002,0.12100000000000044,17.105999999999995
2019-04-11,0.7,56.805,0.30000000000000004,11.703000000000001,-0.36799999999999855,16.737999999999996
2019-04-12,0.7,56.76999999999999,0.30000000000000004,11.697000000000003,-0.04100000000000925,16.69699999999999
2019-04-15,0.7,57.294999999999995,0.30000000000000004,11.910000000000002,0.7380000000000049,17.434999999999995
2019-04-16,0.7,57.46999999999999,0.30000000000000004,11.967000000000002,0.23199999999999754,17.666999999999994
2019-04-17,0.7,57.925,0.30000000000000004,12.144,0.6320000000000032,18.299
2019-04-18,0.7,57.89,0.30000000000000004,12.078000000000001,-0.10099999999999554,18.198000000000004
2019-04-19,0.7,57.959999999999994,0.30000000000000004,12.108000000000002,0.09999999999999432,18.298
2019-04-22,0.7,57.89,0.30000000000000004,12.135000000000003,-0.042999999999992156,18.255000000000006
2019-04-23,0.7,58.13499999999999,0.30000000000000004,12.216000000000001,0.3259999999999881,18.580999999999996
2019-04-24,0.7,58.239999999999995,0.30000000000000004,12.213000000000003,0.10200000000000564,18.683
2019-04-25,0.7,58.38,0.30000000000000004,12.282000000000002,0.20900000000000674,18.892000000000007
2019-04-26,0.7,57.714999999999996,0.30000000000000004,12.024000000000001,-0.9230000000000071,17.969
2019-04-29,0.7,57.959999999999994,0.30000000000000004,12.072000000000003,0.29299999999999926,18.262
2019-04-30,0.7,57.959999999999994,0.30000000000000004,12.114000000000003,0.041999999999999815,18.304000000000002
2019-05-02,0.7,58.099999999999994,0.30000000000000004,12.162,0.18799999999999883,18.492
2019-05-03,0.7,58.62499999999999,0.30000000000000004,12.414000000000003,0.777000000000001,19.269000000000002
2019-05-06,0.7,57.60999999999999,0.30000000000000004,11.925000000000002,-1.5040000000000013,17.765
2019-05-07,0.7,58.205,0.30000000000000004,12.168000000000003,0.8380000000000063,18.60300000000001
2019-05-08,0.7,57.785,0.30000000000000004,12.030000000000003,-0.5580000000000016,18.04500000000001
2019-05-09,0.7,57.084999999999994,0.30000000000000004,11.676000000000002,-1.0540000000000038,16.991000000000007
2019-05-10,0.7,57.05,0.30000000000000004,11.643000000000002,-0.06799999999999606,16.92300000000001
2019-05-13,0.7,56.105,0.30000000000000004,11.325000000000001,-1.2630000000000017,15.660000000000007
2019-05-14,0.7,55.755,0.30000000000000004,11.232000000000001,-0.4429999999999943,15.217000000000013
2019-05-15,0.7,55.824999999999996,0.30000000000000004,11.313000000000002,0.15099999999999447,15.368000000000007
2019-05-16,0.7,55.334999999999994,0.30000000000000004,11.100000000000001,-0.703000000000003,14.665000000000004
2019-05-17,0.7,54.775,0.30000000000000004,10.926000000000002,-0.7339999999999947,13.93100000000001
2019-05-20,0.7,54.74,0.30000000000000004,10.935000000000002,-0.02599999999999625,13.905000000000014
2019-05-21,0.7,54.88,0.30000000000000004,11.022000000000002,0.2270000000000003,14.132000000000014
2019-05-22,0.7,54.88,0.30000000000000004,11.010000000000003,-0.011999999999998678,14.120000000000015
2019-05-23,0.7,53.865,0.30000000000000004,10.650000000000002,-1.3750000000000018,12.745000000000013
2019-05-24,0.7,54.144999999999996,0.30000000000000004,10.683000000000002,0.3129999999999935,13.058000000000007
2019-05-27,0.7,54.005,0.30000000000000004,10.674000000000001,-0.1489999999999938,12.909000000000013
2019-05-28,0.7,53.96999999999999,0.30000000000000004,10.665000000000001,-0.04400000000001114,12.865000000000002
2019-05-29,0.7,53.724999999999994,0.30000000000000004,10.575000000000001,-0.3349999999999973,12.530000000000005
2019-05-30,0.7,54.18,0.30000000000000004,10.737000000000002,0.6170000000000062,13.147000000000011
2019-05-31,0.7,54.915,0.30000000000000004,10.947000000000003,0.9450000000000003,14.092000000000011
2019-06-03,0.7,54.98499999999999,0.30000000000000004,10.983000000000002,0.10599999999999277,14.198000000000004
2019-06-04,0.7,54.635,0.30000000000000004,10.872000000000002,-0.46099999999999497,13.737000000000009
2019-06-05,0.7,54.809999999999995,0.30000000000000004,10.935000000000002,0.23799999999999777,13.975000000000007
2019-06-06,0.7,54.39,0.30000000000000004,10.755000000000003,-0.5999999999999943,13.375000000000012
2019-06-10,0.7,55.334999999999994,0.30000000000000004,11.130000000000003,1.3199999999999932,14.695000000000006
2019-06-11,0.7,55.58,0.30000000000000004,11.229000000000001,0.34400000000000297,15.039000000000009
2019-06-12,0.7,55.79,0.30000000000000004,11.235000000000003,0.21600000000000286,15.255000000000011
2019-06-13,0.7,55.334999999999994,0.30000000000000004,11.082,-0.6080000000000076,14.647000000000004
2019-06-14,0.7,55.230000000000004,0.30000000000000004,11.088000000000003,-0.09899999999998776,14.548000000000016
2019-06-17,0.7,55.089999999999996,0.30000000000000004,11.106000000000003,-0.12200000000000699,14.426000000000009
2019-06-18,0.7,55.230000000000004,0.30000000000000004,11.091000000000001,0.12500000000000533,14.551000000000014
2019-06-19,0.7,56.525,0.30000000000000004,11.598,1.8019999999999943,16.35300000000001
2019-06-20,0.7,56.59499999999999,0.30000000000000004,11.643000000000002,0.11499999999999488,16.468000000000004
2019-06-21,0.7,56.59499999999999,0.30000000000000004,11.625000000000002,-0.018000000000000682,16.450000000000003
2019-06-24,0.7,56.839999999999996,0.30000000000000004,11.718000000000002,0.3380000000000045,16.788000000000007
2019-06-25,0.7,56.525,0.30000000000000004,11.553,-0.47999999999999865,16.308000000000007
2019-06-26,0.7,56.24499999999999,0.30000000000000004,11.472000000000003,-0.361000000000006,15.947000000000001
2019-06-27,0.7,57.05,0.30000000000000004,11.727000000000002,1.0600000000000058,17.007000000000005
2019-06-28,0.7,56.63,0.30000000000000004,11.625000000000002,-0.5219999999999949,16.48500000000001
2019-07-01,0.7,57.855,0.30000000000000004,12.078000000000001,1.6779999999999937,18.163000000000004
2019-07-02,0.7,57.714999999999996,0.30000000000000004,12.030000000000003,-0.18799999999999883,17.975000000000005
2019-07-03,0.7,57.05,0.30000000000000004,11.802000000000003,-0.8929999999999989,17.082000000000008
2019-07-04,0.7,57.4,0.30000000000000004,11.895000000000001,0.4429999999999996,17.525000000000006
2019-07-05,0.7,57.33,0.30000000000000004,11.925000000000002,-0.03999999999999915,17.485000000000007
2019-07-08,0.7,57.11999999999999,0.30000000000000004,11.796000000000001,-0.3390000000000093,17.145999999999997
2019-07-09,0.7,57.05,0.30000000000000004,11.772000000000002,-0.09399999999999231,17.052000000000007
2019-07-10,0.7,57.54,0.30000000000000004,11.979000000000001,0.697000000000001,17.74900000000001
2019-07-11,0.7,57.99499999999999,0.30000000000000004,12.147000000000002,0.6229999999999922,18.372
2019-07-12,0.7,57.925,0.30000000000000004,12.129000000000001,-0.08799999999999386,18.284000000000006
2019-07-15,0.7,58.239999999999995,0.30000000000000004,12.231000000000003,0.4169999999999998,18.701000000000008
2019-07-16,0.7,58.34499999999999,0.30000000000000004,12.282000000000002,0.15599999999999525,18.857000000000003
2019-07-17,0.7,57.959999999999994,0.30000000000000004,12.138000000000002,-0.5289999999999981,18.328000000000003
2019-07-18,0.7,57.89,0.30000000000000004,12.123000000000001,-0.08499999999999375,18.24300000000001
2019-07-19,0.7,58.099999999999994,0.30000000000000004,12.330000000000002,0.4169999999999945,18.660000000000004
2019-07-22,0.7,58.38,0.30000000000000004,12.447000000000003,0.3970000000000091,19.057000000000013
2019-07-23,0.7,58.51999999999999,0.30000000000000004,12.462000000000002,0.15499999999998515,19.211999999999996
2019-07-24,0.7,58.48499999999999,0.30000000000000004,12.468000000000002,-0.028999999999996362,19.183
2019-07-25,0.7,58.66,0.30000000000000004,12.531000000000002,0.23800000000000487,19.421000000000006
2019-07-26,0.7,58.275,0.30000000000000004,12.420000000000002,-0.49599999999999866,18.925000000000008
2019-07-29,0.7,58.415,0.30000000000000004,12.450000000000001,0.16999999999999993,19.095000000000006
2019-07-30,0.7,58.239999999999995,0.30000000000000004,12.387000000000002,-0.2380000000000031,18.857000000000003
2019-07-31,0.7,57.959999999999994,0.30000000000000004,12.270000000000001,-0.397000000000002,18.46
2019-08-01,0.7,57.60999999999999,0.30000000000000004,12.105000000000002,-0.5150000000000006,17.945
2019-08-02,0.7,56.665,0.30000000000000004,11.739000000000003,-1.3109999999999928,16.634000000000007
2019-08-05,0.7,56.105,0.30000000000000004,11.520000000000001,-0.7790000000000035,15.855000000000004
2019-08-06,0.7,56.06999999999999,0.30000000000000004,11.502000000000002,-0.0530000000000026,15.802000000000001
2019-08-07,0.7,55.79,0.30000000000000004,11.424000000000001,-0.3579999999999952,15.444000000000006
2019-08-08,0.7,56.455,0.30000000000000004,11.682,0.9229999999999983,16.367000000000004
2019-08-12,0.7,56.419999999999995,0.30000000000000004,11.679000000000002,-0.03800000000000203,16.329
2019-08-13,0.7,55.79,0.30000000000000004,11.457,-0.8519999999999968,15.477000000000004
2019-08-14,0.7,56.209999999999994,0.30000000000000004,11.610000000000003,0.5729999999999968,16.05
2019-08-15,0.7,55.58,0.30000000000000004,11.364000000000003,-0.8759999999999959,15.174000000000005
2019-08-16,0.7,56.24499999999999,0.30000000000000004,11.580000000000002,0.8809999999999913,16.054999999999996
2019-08-19,0.7,56.559999999999995,0.30000000000000004,11.733000000000002,0.4680000000000053,16.523000000000003
2019-08-20,0.7,56.699999999999996,0.30000000000000004,11.790000000000001,0.19699999999999918,16.720000000000002
2019-08-21,0.7,56.76999999999999,0.30000000000000004,11.817000000000002,0.0969999999999942,16.816999999999997
2019-08-22,0.7,56.63,0.30000000000000004,11.772000000000002,-0.1849999999999863,16.632000000000012
2019-08-23,0.7,56.699999999999996,0.30000000000000004,11.805000000000001,0.10299999999999265,16.735000000000007
2019-08-26,0.7,55.755,0.30000000000000004,11.436000000000002,-1.313999999999993,15.421000000000014
2019-08-27,0.7,55.894999999999996,0.30000000000000004,11.499,0.2029999999999923,15.624000000000006
2019-08-28,0.7,56.28,0.30000000000000004,11.637000000000002,0.5230000000000068,16.147000000000013
2019-08-29,0.7,56.38499999999999,0.30000000000000004,11.667000000000002,0.13499999999998913,16.282000000000004
2019-08-30,0.7,57.294999999999995,0.30000000000000004,11.988000000000001,1.2310000000000034,17.513000000000005
2019-09-02,0.7,57.33,0.30000000000000004,12.072000000000003,0.1190000000000051,17.632000000000012
2019-09-03,0.7,56.839999999999996,0.30000000000000004,11.916000000000002,-0.6460000000000026,16.98600000000001
2019-09-04,0.7,57.505,0.30000000000000004,12.135000000000003,0.8840000000000074,17.87000000000002
2019-09-05,0.7,58.099999999999994,0.30000000000000004,12.339000000000002,0.7989999999999906,18.66900000000001
2019-09-06,0.7,58.449999999999996,0.30000000000000004,12.441,0.45199999999999996,19.12100000000001
2019-09-09,0.7,58.66,0.30000000000000004,12.495000000000001,0.2640000000000011,19.385000000000012
2019-09-10,0.7,58.38,0.30000000000000004,12.396000000000003,-0.37899999999999245,19.00600000000002
2019-09-11,0.7,58.415,0.30000000000000004,12.444,0.08299999999999486,19.089000000000016
2019-09-12,0.7,58.73,0.30000000000000004,12.576000000000002,0.4469999999999992,19.536000000000016
2019-09-16,0.7,59.08,0.30000000000000004,12.672000000000002,0.4460000000000015,19.982000000000017
2019-09-17,0.7,58.974999999999994,0.30000000000000004,12.669,-0.10800000000000587,19.87400000000001
2019-09-18,0.7,59.464999999999996,0.30000000000000004,12.813000000000002,0.6340000000000039,20.508000000000013
2019-09-19,0.7,59.114999999999995,0.30000000000000004,12.726000000000003,-0.43700000000000117,20.071000000000012
2019-09-20,0.7,59.29,0.30000000000000004,12.804000000000002,0.25300000000000367,20.324000000000016
2019-09-23,0.7,59.15,0.30000000000000004,12.771000000000003,-0.17300000000000004,20.151000000000018
2019-09-24,0.7,59.255,0.30000000000000004,12.807,0.1410000000000018,20.29200000000002
2019-09-25,0.7,58.86999999999999,0.30000000000000004,12.636000000000001,-0.5560000000000116,19.736000000000008
2019-09-26,0.7,59.00999999999999,0.30000000000000004,12.645000000000001,0.1490000000000009,19.88500000000001
2019-09-27,0.7,59.21999999999999,0.30000000000000004,12.654000000000002,0.2190000000000012,20.10400000000001
2019-10-01,0.7,60.165,0.30000000000000004,13.053,1.3440000000000065,21.448000000000015
2019-10-02,0.7,59.955,0.30000000000000004,12.978000000000002,-0.28500000000000014,21.163000000000014
2019-10-03,0.7,59.35999999999999,0.30000000000000004,12.786000000000001,-0.7870000000000061,20.37600000000001
2019-10-04,0.7,59.605,0.30000000000000004,12.840000000000002,0.2990000000000048,20.67500000000001
2019-10-07,0.7,59.815,0.30000000000000004,12.921000000000001,0.29100000000000037,20.96600000000001
2019-10-08,0.7,60.55,0.30000000000000004,13.167000000000002,0.9809999999999999,21.94700000000001
2019-10-09,0.7,60.059999999999995,0.30000000000000004,12.936000000000002,-0.7210000000000019,21.226000000000006
2019-10-14,0.7,61.285,0.30000000000000004,13.371000000000002,1.660000000000002,22.88600000000001
2019-10-15,0.7,61.39,0.30000000000000004,13.455000000000002,0.1890000000000036,23.075000000000014
2019-10-16,0.7,61.669999999999995,0.30000000000000004,13.557000000000002,0.38199999999999434,23.457000000000008
2019-10-17,0.7,61.705,0.30000000000000004,13.623000000000001,0.10100000000000264,23.55800000000001
2019-10-18,0.7,61.565,0.30000000000000004,13.599000000000002,-0.1639999999999997,23.394000000000013
2019-10-21,0.7,61.49499999999999,0.30000000000000004,13.611,-0.05800000000000871,23.336000000000006
2019-10-22,0.7,62.089999999999996,0.30000000000000004,13.821000000000002,0.8050000000000068,24.141000000000012
2019-10-23,0.7,61.915,0.30000000000000004,13.740000000000002,-0.2559999999999967,23.885000000000016
2019-10-24,0.7,62.16,0.30000000000000004,13.857000000000001,0.36199999999999655,24.247000000000014
2019-10-25,0.7,62.16,0.30000000000000004,13.869000000000002,0.012000000000000455,24.259000000000015
2019-10-28,0.7,62.44,0.30000000000000004,13.980000000000002,0.3910000000000018,24.650000000000016
2019-10-29,0.7,62.614999999999995,0.30000000000000004,14.016000000000002,0.21099999999999675,24.86100000000001
2019-10-30,0.7,62.89499999999999,0.30000000000000004,14.061000000000002,0.32499999999999396,25.186000000000007
2019-10-31,0.7,63.06999999999999,0.30000000000000004,14.124000000000002,0.23800000000000487,25.424000000000014
2019-11-01,0.7,63.06999999999999,0.30000000000000004,14.187000000000001,0.06299999999999883,25.487000000000013
2019-11-04,0.7,64.53999999999999,0.30000000000000004,14.718000000000004,2.0010000000000012,27.488000000000014
2019-11-05,0.7,65.03,0.30000000000000004,14.928,0.7000000000000064,28.18800000000002
2019-11-06,0.7,65.345,0.30000000000000004,15.015,0.40199999999999747,28.590000000000018
2019-11-07,0.7,64.99499999999999,0.30000000000000004,14.871000000000002,-0.4940000000000069,28.09600000000001
2019-11-08,0.7,64.785,0.30000000000000004,14.811000000000002,-0.26999999999999424,27.826000000000015
2019-11-11,0.7,63.805,0.30000000000000004,14.430000000000003,-1.3609999999999953,26.465000000000018
2019-11-12,0.7,64.39999999999999,0.30000000000000004,14.634000000000002,0.7989999999999906,27.26400000000001
2019-11-13,0.7,64.015,0.30000000000000004,14.481000000000003,-0.5379999999999896,26.72600000000002
2019-11-14,0.7,63.98,0.30000000000000004,14.487000000000002,-0.029000000000005244,26.697000000000017
2019-11-15,0.7,64.61,0.30000000000000004,14.700000000000003,0.8430000000000035,27.54000000000002
2019-11-18,0.7,65.03,0.30000000000000004,14.865000000000002,0.5850000000000009,28.12500000000002
2019-11-19,0.7,65.52,0.30000000000000004,15.075000000000003,0.6999999999999957,28.825000000000017
2019-11-20,0.7,65.27499999999999,0.30000000000000004,14.925000000000002,-0.3950000000000049,28.430000000000014
2019-11-21,0.7,64.75,0.30000000000000004,14.778000000000002,-0.6719999999999917,27.758000000000024
2019-11-22,0.7,64.785,0.30000000000000004,14.781000000000002,0.0379999999999967,27.79600000000002
2019-11-25,0.7,64.82,0.30000000000000004,14.802000000000003,0.055999999999997385,27.852000000000018
2019-11-26,0.7,64.99499999999999,0.30000000000000004,14.925000000000002,0.2979999999999965,28.150000000000013
2019-11-27,0.7,65.24,0.30000000000000004,14.994000000000002,0.3140000000000036,28.464000000000016
2019-11-28,0.7,65.065,0.30000000000000004,14.934000000000003,-0.23499999999999588,28.22900000000002
2019-11-29,0.7,64.05,0.30000000000000004,14.514000000000003,-1.4350000000000005,26.79400000000002
2019-12-02,0.7,64.43499999999999,0.30000000000000004,14.610000000000003,0.480999999999991,27.27500000000001
2019-12-03,0.7,64.43499999999999,0.30000000000000004,14.646000000000003,0.03599999999999959,27.311000000000007
2019-12-04,0.7,64.19,0.30000000000000004,14.583000000000002,-0.30799999999999095,27.003000000000014
2019-12-05,0.7,65.03,0.30000000000000004,14.886000000000001,1.1430000000000025,28.146000000000015
2019-12-06,0.7,65.13499999999999,0.30000000000000004,14.916000000000002,0.1349999999999909,28.281000000000006
2019-12-09,0.7,65.555,0.30000000000000004,15.105000000000002,0.609000000000016,28.890000000000022
2019-12-10,0.7,65.1,0.30000000000000004,14.949000000000002,-0.6110000000000131,28.27900000000001
2019-12-11,0.7,65.625,0.30000000000000004,15.150000000000002,0.7260000000000062,29.005000000000017
2019-12-12,0.7,67.095,0.30000000000000004,15.690000000000001,2.009999999999998,31.015000000000015
2019-12-13,0.7,67.83,0.30000000000000004,15.975000000000003,1.0200000000000014,32.03500000000002
2019-12-16,0.7,67.79499999999999,0.30000000000000004,15.960000000000003,-0.05000000000001137,31.985000000000007
2019-12-17,0.7,68.705,0.30000000000000004,16.365000000000002,1.3150000000000102,33.30000000000002
2019-12-18,0.7,68.74,0.30000000000000004,16.395000000000003,0.06499999999999773,33.365000000000016
2019-12-19,0.7,68.355,0.30000000000000004,16.17,-0.6099999999999923,32.755000000000024
2019-12-20,0.7,67.865,0.30000000000000004,16.065,-0.5950000000000095,32.16000000000001
2019-12-23,0.7,68.005,0.30000000000000004,16.095000000000002,0.1700000000000017,32.33000000000001
2019-12-24,0.7,68.03999999999999,0.30000000000000004,16.095000000000002,0.03499999999999659,32.36500000000001
2019-12-25,0.7,68.145,0.30000000000000004,16.155,0.1650000000000027,32.530000000000015
2019-12-26,0.7,68.145,0.30000000000000004,16.110000000000003,-0.04499999999999815,32.485000000000014
2019-12-27,0.7,68.6,0.30000000000000004,16.365000000000002,0.7099999999999973,33.19500000000001
2019-12-30,0.7,68.46,0.30000000000000004,16.26,-0.245000000000001,32.95
2019-12-31,0.7,67.865,0.30000000000000004,16.065,-0.7899999999999991,32.160000000000004
2020-01-02,0.7,68.355,0.30000000000000004,16.32,0.7450000000000081,32.905000000000015
2020-01-03,0.7,68.355,0.30000000000000004,16.26,-0.05999999999999872,32.84500000000001
2020-01-06,0.7,67.48,0.30000000000000004,15.945000000000002,-1.1899999999999995,31.655000000000015
2020-01-07,0.7,67.27,0.30000000000000004,15.720000000000002,-0.4350000000000076,31.220000000000006
2020-01-08,0.7,66.955,0.30000000000000004,15.570000000000002,-0.4649999999999981,30.75500000000001
2020-01-09,0.7,67.865,0.30000000000000004,16.020000000000003,1.3599999999999977,32.11500000000001
2020-01-10,0.7,68.11,0.30000000000000004,16.110000000000003,0.3350000000000044,32.45000000000002
2020-01-13,0.7,68.6,0.30000000000000004,16.365000000000002,0.7449999999999939,33.19500000000001
2020-01-14,0.7,69.02,0.30000000000000004,16.545,0.6000000000000014,33.79500000000001
2020-01-15,0.7,68.32,0.30000000000000004,16.290000000000003,-0.9550000000000018,32.84
2020-01-16,0.7,68.11,0.30000000000000004,16.245,-0.25499999999999545,32.58500000000001
2020-01-17,0.7,68.11,0.30000000000000004,16.26,0.015000000000000568,32.60000000000001
2020-01-20,0.7,68.39,0.30000000000000004,16.380000000000003,0.40000000000000213,33.000000000000014
2020-01-30,0.7,64.505,0.30000000000000004,14.475000000000001,-5.790000000000006,27.210000000000008
2020-01-31,0.7,62.964999999999996,0.30000000000000004,14.661000000000001,-1.3539999999999992,25.85600000000001
2020-02-03,0.7,62.334999999999994,0.30000000000000004,14.373000000000001,-0.9180000000000028,24.938000000000006
2020-02-04,0.7,63.419999999999995,0.30000000000000004,14.814000000000004,1.5260000000000034,26.46400000000001
2020-02-05,0.7,63.59499999999999,0.30000000000000004,14.850000000000001,0.21099999999999497,26.675000000000004
2020-02-06,0.7,64.61,0.30000000000000004,15.330000000000002,1.495000000000008,28.170000000000012
2020-02-07,0.7,63.839999999999996,0.30000000000000004,14.961000000000002,-1.139000000000003,27.03100000000001
2020-02-10,0.7,63.699999999999996,0.30000000000000004,14.925000000000002,-0.17600000000000016,26.85500000000001
2020-02-11,0.7,64.225,0.30000000000000004,15.195000000000002,0.7949999999999982,27.65000000000001
2020-02-12,0.7,64.855,0.30000000000000004,15.435000000000002,0.8700000000000099,28.520000000000017
2020-02-13,0.7,64.96,0.30000000000000004,15.435000000000002,0.10499999999998977,28.625000000000007
2020-02-14,0.7,65.065,0.30000000000000004,15.555000000000003,0.22500000000000497,28.850000000000012
2020-02-17,0.7,64.61,0.30000000000000004,15.435000000000002,-0.5749999999999993,28.275000000000013
2020-02-18,0.7,63.73499999999999,0.30000000000000004,15.045000000000002,-1.2650000000000077,27.010000000000005
2020-02-19,0.7,64.47,0.30000000000000004,15.405000000000003,1.0950000000000077,28.10500000000001
2020-02-20,0.7,64.19,0.30000000000000004,15.270000000000001,-0.4150000000000027,27.69000000000001
2020-02-21,0.7,63.87499999999999,0.30000000000000004,15.180000000000003,-0.4050000000000029,27.285000000000004
2020-02-24,0.7,63.06999999999999,0.30000000000000004,14.763000000000002,-1.2220000000000013,26.063000000000002
2020-02-25,0.7,63.24499999999999,0.30000000000000004,14.838000000000003,0.24999999999999822,26.313000000000002
2020-02-26,0.7,62.614999999999995,0.30000000000000004,14.562000000000001,-0.905999999999997,25.407000000000004
2020-02-27,0.7,62.055,0.30000000000000004,14.178,-0.9439999999999955,24.463000000000008
2020-03-02,0.7,61.14499999999999,0.30000000000000004,13.914000000000003,-1.1740000000000084,23.289
2020-03-03,0.7,62.01999999999999,0.30000000000000004,14.247000000000003,1.2080000000000002,24.497
2020-03-04,0.7,62.44,0.30000000000000004,14.340000000000002,0.513000000000007,25.010000000000005
2020-03-05,0.7,63.14,0.30000000000000004,14.676000000000002,1.0360000000000031,26.046000000000006
2020-03-06,0.7,61.84499999999999,0.30000000000000004,14.142000000000003,-1.8290000000000077,24.217
2020-03-09,0.7,60.09499999999999,0.30000000000000004,13.311000000000002,-2.5810000000000013,21.635999999999996
2020-03-10,0.7,60.41,0.30000000000000004,13.416000000000002,0.42000000000000526,22.056
2020-03-11,0.7,59.709999999999994,0.30000000000000004,13.026000000000002,-1.0900000000000034,20.965999999999998
2020-03-12,0.7,57.505,0.30000000000000004,11.829000000000002,-3.4019999999999904,17.564000000000007
2020-03-13,0.7,56.699999999999996,0.30000000000000004,11.292000000000002,-1.3420000000000076,16.222
2020-03-16,0.7,54.10999999999999,0.30000000000000004,10.389000000000003,-3.493000000000002,12.729
2020-03-17,0.7,52.394999999999996,0.30000000000000004,9.864000000000003,-2.2399999999999967,10.489000000000003
2020-03-18,0.7,50.959999999999994,0.30000000000000004,9.198000000000002,-2.1010000000000026,8.388
2020-03-19,0.7,47.98499999999999,0.30000000000000004,7.920000000000001,-4.253000000000003,4.134999999999997
2020-03-20,0.7,51.8,0.30000000000000004,9.135000000000002,5.030000000000006,9.165000000000003
2020-03-23,0.7,49.559999999999995,0.30000000000000004,8.475000000000001,-2.900000000000002,6.265000000000001
2020-03-24,0.7,51.974999999999994,0.30000000000000004,9.420000000000002,3.3599999999999994,9.625
2020-03-25,0.7,53.794999999999995,0.30000000000000004,10.023,2.4229999999999983,12.047999999999998
2020-03-26,0.7,54.04,0.30000000000000004,10.290000000000001,0.5120000000000058,12.560000000000004
2020-03-27,0.7,53.61999999999999,0.30000000000000004,10.197000000000003,-0.513000000000007,12.046999999999997
2020-03-30,0.7,53.09499999999999,0.30000000000000004,10.110000000000003,-0.6119999999999983,11.434999999999999
2020-03-31,0.7,53.305,0.30000000000000004,10.182,0.28200000000000536,11.717000000000004
2020-04-01,0.7,53.13,0.30000000000000004,10.191,-0.16599999999999682,11.551000000000007
2020-04-06,0.7,53.934999999999995,0.30000000000000004,10.593000000000002,1.2069999999999936,12.758000000000001
2020-04-07,0.7,54.949999999999996,0.30000000000000004,10.992000000000003,1.4140000000000015,14.172000000000002
2020-04-08,0.7,55.71999999999999,0.30000000000000004,11.349000000000002,1.1269999999999953,15.298999999999998
2020-04-09,0.7,55.474999999999994,0.30000000000000004,11.229000000000001,-0.36499999999999844,14.934
2020-04-10,0.7,55.51,0.30000000000000004,11.328000000000001,0.1340000000000039,15.068000000000003
2020-04-13,0.7,55.16,0.30000000000000004,11.181000000000003,-0.4969999999999999,14.571000000000003
2020-04-14,0.7,56.665,0.30000000000000004,11.859000000000002,2.1830000000000016,16.754000000000005
2020-04-15,0.7,56.839999999999996,0.30000000000000004,11.961,0.2769999999999957,17.031
2020-04-16,0.7,56.559999999999995,0.30000000000000004,11.928,-0.3130000000000006,16.717999999999996
2020-04-17,0.7,58.275,0.30000000000000004,12.465000000000002,2.252000000000004,18.97
2020-04-20,0.7,58.099999999999994,0.30000000000000004,12.384000000000002,-0.2560000000000038,18.713999999999995
2020-04-21,0.7,56.419999999999995,0.30000000000000004,11.64,-2.4240000000000013,16.289999999999992
2020-04-22,0.7,56.419999999999995,0.30000000000000004,11.721000000000002,0.0810000000000013,16.370999999999995
2020-04-23,0.7,56.63,0.30000000000000004,11.898000000000001,0.38700000000000756,16.758000000000003
2020-04-24,0.7,56.63,0.30000000000000004,11.829000000000002,-0.06899999999999906,16.689000000000004
2020-04-27,0.7,57.785,0.30000000000000004,12.471000000000002,1.7969999999999935,18.485999999999997
2020-04-28,0.7,57.785,0.30000000000000004,12.546000000000001,0.07499999999999929,18.560999999999996
2020-04-29,0.7,58.589999999999996,0.30000000000000004,12.888000000000002,1.1470000000000002,19.708
2020-04-30,0.7,59.849999999999994,0.30000000000000004,13.407000000000002,1.7789999999999981,21.486999999999995
2020-05-04,0.7,58.099999999999994,0.30000000000000004,12.654000000000002,-2.503,18.983999999999995
2020-05-05,0.7,58.38,0.30000000000000004,12.822000000000003,0.4480000000000093,19.432000000000002
2020-05-06,0.7,58.449999999999996,0.30000000000000004,12.846000000000002,0.09399999999999231,19.525999999999996
2020-05-07,0.7,58.69499999999999,0.30000000000000004,13.086,0.4849999999999959,20.010999999999992
2020-05-08,0.7,59.044999999999995,0.30000000000000004,13.200000000000003,0.46400000000000396,20.474999999999994
2020-05-11,0.7,59.535,0.30000000000000004,13.461000000000002,0.7510000000000012,21.225999999999996
2020-05-12,0.7,58.834999999999994,0.30000000000000004,13.137000000000002,-1.0240000000000027,20.20199999999999
2020-05-13,0.7,59.00999999999999,0.30000000000000004,13.260000000000003,0.29799999999999827,20.49999999999999
2020-05-14,0.7,58.309999999999995,0.30000000000000004,12.855000000000002,-1.1049999999999969,19.394999999999992
2020-05-15,0.7,58.69499999999999,0.30000000000000004,13.008000000000001,0.5379999999999967,19.93299999999999
2020-05-18,0.7,58.205,0.30000000000000004,12.867000000000003,-0.6309999999999931,19.301999999999996
2020-05-19,0.7,58.73,0.30000000000000004,13.146000000000003,0.8039999999999985,20.105999999999995
2020-05-20,0.7,58.66,0.30000000000000004,13.200000000000003,-0.016000000000000014,20.089999999999996
2020-05-21,0.7,59.15,0.30000000000000004,13.470000000000002,0.7600000000000016,20.849999999999998
2020-05-22,0.7,58.065,0.30000000000000004,12.906000000000002,-1.649000000000001,19.200999999999997
2020-05-25,0.7,58.449999999999996,0.30000000000000004,13.155000000000003,0.6339999999999986,19.834999999999994
2020-05-26,0.7,59.114999999999995,0.30000000000000004,13.512000000000002,1.0219999999999985,20.856999999999992
2020-05-27,0.7,59.044999999999995,0.30000000000000004,13.461000000000002,-0.12100000000000044,20.73599999999999
2020-05-28,0.7,58.69499999999999,0.30000000000000004,13.293000000000003,-0.5180000000000007,20.21799999999999
2020-05-29,0.7,59.114999999999995,0.30000000000000004,13.401000000000003,0.5280000000000022,20.74599999999999
2020-06-01,0.7,59.43,0.30000000000000004,13.668000000000003,0.5820000000000043,21.327999999999996
2020-06-02,0.7,59.709999999999994,0.30000000000000004,13.785000000000004,0.3969999999999949,21.72499999999999
2020-06-03,0.7,60.75999999999999,0.30000000000000004,14.253000000000002,1.5179999999999954,23.242999999999988
2020-06-04,0.7,61.31999999999999,0.30000000000000004,14.445000000000002,0.7520000000000024,23.99499999999999
2020-06-05,0.7,61.84499999999999,0.30000000000000004,14.715000000000002,0.7949999999999982,24.78999999999999
2020-06-08,0.7,62.65,0.30000000000000004,14.985000000000003,1.0750000000000082,25.864999999999995
2020-06-09,0.7,62.71999999999999,0.30000000000000004,15.075000000000003,0.15999999999999304,26.024999999999988
2020-06-10,0.7,63.315,0.30000000000000004,15.345000000000002,0.8650000000000055,26.889999999999993
2020-06-11,0.7,62.334999999999994,0.30000000000000004,14.760000000000003,-1.565000000000003,25.32499999999999
2020-06-12,0.7,61.775,0.30000000000000004,14.547000000000002,-0.7729999999999961,24.551999999999992
2020-06-15,0.7,60.9,0.30000000000000004,14.169,-1.253000000000002,23.298999999999992
2020-06-16,0.7,62.23,0.30000000000000004,14.856000000000003,2.0170000000000012,25.315999999999995
2020-06-17,0.7,62.3,0.30000000000000004,14.880000000000003,0.09399999999999942,25.409999999999997
2020-06-18,0.7,62.23,0.30000000000000004,14.976000000000003,0.0259999999999998,25.435999999999996
2020-06-19,0.7,62.19499999999999,0.30000000000000004,15.000000000000002,-0.011000000000004562,25.42499999999999
2020-06-22,0.7,62.334999999999994,0.30000000000000004,15.045000000000002,0.1850000000000005,25.609999999999992
2020-06-23,0.7,62.614999999999995,0.30000000000000004,15.150000000000002,0.38500000000000156,25.994999999999994
2020-06-24,0.7,62.99999999999999,0.30000000000000004,15.315000000000001,0.5499999999999972,26.54499999999999
2020-06-29,0.7,62.36999999999999,0.30000000000000004,14.913000000000002,-1.0320000000000018,25.51299999999999
2020-06-30,0.7,62.93,0.30000000000000004,15.240000000000002,0.8870000000000093,26.4
2020-07-01,0.7,63.349999999999994,0.30000000000000004,15.450000000000003,0.6299999999999955,27.029999999999994
2020-07-02,0.7,64.05,0.30000000000000004,15.825000000000003,1.0750000000000028,28.104999999999997
2020-07-03,0.7,64.785,0.30000000000000004,16.17,1.0799999999999983,29.184999999999995
2020-07-06,0.7,65.905,0.30000000000000004,16.785000000000004,1.7350000000000065,30.92
2020-07-07,0.7,66.14999999999999,0.30000000000000004,16.785000000000004,0.24499999999999034,31.164999999999992
2020-07-08,0.7,66.605,0.30000000000000004,17.010000000000005,0.6800000000000139,31.845000000000006
2020-07-09,0.7,66.815,0.30000000000000004,17.1,0.29999999999999005,32.144999999999996
2020-07-10,0.7,66.255,0.30000000000000004,16.710000000000004,-0.9499999999999993,31.194999999999997
2020-07-13,0.7,67.235,0.30000000000000004,17.250000000000004,1.5200000000000031,32.715
2020-07-14,0.7,67.655,0.30000000000000004,17.235000000000003,0.40500000000000114,33.120000000000005
2020-07-15,0.7,67.93499999999999,0.30000000000000004,17.37,0.41499999999998494,33.53499999999999
2020-07-16,0.7,67.27,0.30000000000000004,17.115000000000002,-0.919999999999991,32.614999999999995
2020-07-17,0.7,68.03999999999999,0.30000000000000004,17.325000000000003,0.9799999999999969,33.59499999999999
2020-07-20,0.7,67.93499999999999,0.30000000000000004,17.325000000000003,-0.10500000000000398,33.48999999999999
2020-07-21,0.7,69.09,0.30000000000000004,18.090000000000003,1.920000000000016,35.410000000000004
2020-07-22,0.7,69.265,0.30000000000000004,18.180000000000003,0.264999999999997,35.675
2020-07-23,0.7,69.195,0.30000000000000004,18.12,-0.13000000000000966,35.54499999999999
2020-07-24,0.7,68.94999999999999,0.30000000000000004,17.775000000000002,-0.5900000000000034,34.954999999999984
2020-07-27,0.7,72.30999999999999,0.30000000000000004,18.930000000000003,4.515000000000001,39.469999999999985
2020-07-28,0.7,72.52,0.30000000000000004,18.825000000000003,0.10500000000000753,39.57499999999999
2020-07-29,0.7,71.785,0.30000000000000004,18.720000000000002,-0.8399999999999999,38.734999999999985
2020-07-30,0.7,72.835,0.30000000000000004,19.185000000000002,1.514999999999997,40.249999999999986
2020-07-31,0.7,72.66,0.30000000000000004,19.185000000000002,-0.17499999999999716,40.07499999999999
2020-08-03,0.7,71.39999999999999,0.30000000000000004,18.630000000000003,-1.8150000000000048,38.259999999999984
2020-08-04,0.7,72.30999999999999,0.30000000000000004,19.200000000000003,1.4799999999999969,39.73999999999998
2020-08-05,0.7,73.00999999999999,0.30000000000000004,19.53,1.0300000000000011,40.76999999999998
2020-08-06,0.7,73.78,0.30000000000000004,19.875000000000004,1.1150000000000126,41.88499999999999
2020-08-07,0.7,73.255,0.30000000000000004,19.620000000000005,-0.7800000000000047,41.10499999999999
2020-08-10,0.7,73.91999999999999,0.30000000000000004,19.965000000000003,1.009999999999991,42.11499999999998
2020-08-11,0.7,73.36,0.30000000000000004,19.605,-0.919999999999991,41.19499999999999
2020-08-12,0.7,72.27499999999999,0.30000000000000004,19.185000000000002,-1.505000000000006,39.68999999999998
2020-08-13,0.7,72.975,0.30000000000000004,19.53,1.0450000000000017,40.734999999999985
2020-08-14,0.7,73.14999999999999,0.30000000000000004,19.665000000000003,0.3099999999999987,41.04499999999999
2020-08-17,0.7,73.91999999999999,0.30000000000000004,20.175000000000004,1.2799999999999976,42.32499999999999
2020-08-18,0.7,73.5,0.30000000000000004,19.920000000000005,-0.6749999999999865,41.650000000000006
2020-08-19,0.7,72.975,0.30000000000000004,19.650000000000002,-0.7950000000000088,40.855
2020-08-20,0.7,70.41999999999999,0.30000000000000004,18.210000000000004,-3.9950000000000045,36.85999999999999
2020-08-21,0.7,71.96,0.30000000000000004,19.020000000000003,2.350000000000005,39.209999999999994
2020-08-24,0.7,72.16999999999999,0.30000000000000004,19.14,0.3299999999999912,39.539999999999985
2020-08-25,0.7,72.73,0.30000000000000004,19.53,0.950000000000017,40.49
2020-08-26,0.7,73.00999999999999,0.30000000000000004,19.695000000000004,0.4449999999999896,40.93499999999999
2020-08-27,0.7,73.18499999999999,0.30000000000000004,19.635000000000005,0.11499999999999844,41.04999999999998
2020-08-28,0.7,72.44999999999999,0.30000000000000004,19.35,-1.0200000000000031,40.02999999999998
2020-08-31,0.7,71.25999999999999,0.30000000000000004,18.960000000000004,-1.5799999999999947,38.44999999999999
2020-09-01,0.7,72.34499999999998,0.30000000000000004,19.380000000000003,1.504999999999992,39.954999999999984
2020-09-02,0.7,72.1,0.30000000000000004,19.380000000000003,-0.24499999999999034,39.709999999999994
2020-09-03,0.7,72.30999999999999,0.30000000000000004,19.500000000000004,0.32999999999999474,40.03999999999999
2020-09-04,0.7,71.785,0.30000000000000004,19.14,-0.8849999999999945,39.155
2020-09-07,0.7,71.67999999999999,0.30000000000000004,19.035000000000004,-0.21000000000000085,38.945
2020-09-08,0.7,72.1,0.30000000000000004,19.275000000000002,0.6600000000000001,39.605000000000004
2020-09-09,0.7,71.61,0.30000000000000004,19.095000000000002,-0.6699999999999946,38.93500000000001
2020-09-10,0.7,72.24,0.30000000000000004,19.320000000000004,0.8549999999999969,39.790000000000006
2020-09-11,0.7,72.27499999999999,0.30000000000000004,19.320000000000004,0.03499999999999659,39.825
2020-09-14,0.7,73.18499999999999,0.30000000000000004,19.98,1.5699999999999932,41.394999999999996
2020-09-15,0.7,73.465,0.30000000000000004,19.965000000000003,0.26500000000001833,41.66000000000001
2020-09-16,0.7,74.585,0.30000000000000004,20.370000000000005,1.5249999999999915,43.185
2020-09-17,0.7,73.78,0.30000000000000004,19.950000000000003,-1.2249999999999943,41.96000000000001
2020-09-18,0.7,73.71,0.30000000000000004,20.025000000000002,0.0049999999999919,41.965
2020-09-21,0.7,73.115,0.30000000000000004,19.620000000000005,-0.9999999999999964,40.965
2020-09-22,0.7,72.16999999999999,0.30000000000000004,19.020000000000003,-1.5450000000000088,39.419999999999995
2020-09-23,0.7,72.065,0.30000000000000004,19.125000000000004,1.0658141036401503e-14,39.42
2020-09-24,0.7,70.315,0.30000000000000004,18.045,-2.830000000000002,36.59
2020-09-25,0.7,70.455,0.30000000000000004,18.150000000000002,0.245000000000001,36.83500000000001
2020-09-28,0.7,71.61,0.30000000000000004,18.780000000000005,1.7850000000000037,38.62000000000001
2020-09-29,0.7,71.785,0.30000000000000004,18.795,0.18999999999999417,38.81
2020-09-30,0.7,72.1,0.30000000000000004,18.990000000000002,0.509999999999998,39.32
2020-10-05,0.7,72.13499999999999,0.30000000000000004,19.110000000000003,0.15499999999999758,39.474999999999994
2020-10-06,0.7,72.975,0.30000000000000004,19.53,1.2600000000000016,40.735
2020-10-07,0.7,73.36,0.30000000000000004,19.740000000000002,0.595000000000006,41.330000000000005
2020-10-08,0.7,74.34,0.30000000000000004,20.145000000000003,1.3850000000000051,42.71500000000001
2020-10-12,0.7,74.93499999999999,0.30000000000000004,20.295000000000005,0.7449999999999868,43.459999999999994
2020-10-13,0.7,74.96999999999998,0.30000000000000004,20.355,0.09499999999999176,43.554999999999986
2020-10-14,0.7,74.69,0.30000000000000004,20.19,-0.4449999999999861,43.11
2020-10-15,0.7,73.99,0.30000000000000004,19.98,-0.9100000000000037,42.199999999999996
2020-10-16,0.7,73.675,0.30000000000000004,19.695000000000004,-0.5999999999999943,41.6
2020-10-19,0.7,74.61999999999999,0.30000000000000004,20.265,1.51499999999999,43.114999999999995
2020-10-20,0.7,74.19999999999999,0.30000000000000004,20.070000000000004,-0.6149999999999984,42.5
2020-10-21,0.7,74.16499999999999,0.30000000000000004,20.160000000000004,0.05500000000000327,42.55500000000001
2020-10-22,0.7,74.27,0.30000000000000004,20.235000000000003,0.18000000000000327,42.735000000000014
2020-10-23,0.7,74.27,0.30000000000000004,20.250000000000004,0.015000000000000568,42.750000000000014
2020-10-26,0.7,74.27,0.30000000000000004,20.310000000000002,0.05999999999999872,42.81000000000002
2020-10-27,0.7,73.85,0.30000000000000004,20.160000000000004,-0.5700000000000003,42.240000000000016
2020-10-28,0.7,73.5,0.30000000000000004,19.845000000000006,-0.664999999999992,41.575000000000024
2020-10-29,0.7,72.695,0.30000000000000004,19.470000000000006,-1.1800000000000068,40.39500000000002
2020-10-30,0.7,72.1,0.30000000000000004,19.050000000000004,-1.0150000000000006,39.38000000000002
2020-11-02,0.7,72.38,0.30000000000000004,19.200000000000003,0.4299999999999997,39.81000000000002
2020-11-03,0.7,73.21999999999998,0.30000000000000004,19.770000000000003,1.4099999999999895,41.220000000000006
2020-11-04,0.7,74.30499999999999,0.30000000000000004,20.460000000000004,1.7750000000000092,42.99500000000002
2020-11-05,0.7,74.235,0.30000000000000004,20.43,-0.09999999999999787,42.895000000000024
2020-11-06,0.7,74.69,0.30000000000000004,20.565,0.5899999999999999,43.48500000000003
2020-11-09,0.7,75.66999999999999,0.30000000000000004,21.18,1.5949999999999882,45.08000000000001
2020-11-10,0.7,74.96999999999998,0.30000000000000004,20.985000000000003,-0.8949999999999996,44.18500000000002
2020-11-11,0.7,76.125,0.30000000000000004,21.6,1.7700000000000138,45.95500000000003
2020-11-12,0.7,76.16,0.30000000000000004,21.420000000000005,-0.14499999999999957,45.81000000000003
2020-11-13,0.7,76.475,0.30000000000000004,21.6,0.4949999999999939,46.30500000000002
2020-11-16,0.7,78.96,0.30000000000000004,22.890000000000004,3.775000000000002,50.08000000000003
2020-11-17,0.7,79.52,0.30000000000000004,22.830000000000002,0.5,50.58000000000003
2020-11-18,0.7,80.04499999999999,0.30000000000000004,23.28,0.9749999999999908,51.55500000000002
2020-11-19,0.7,79.905,0.30000000000000004,23.265000000000004,-0.15499999999998337,51.400000000000034
2020-11-20,0.7,79.8,0.30000000000000004,23.250000000000004,-0.12000000000000455,51.28000000000003
2020-11-23,0.7,80.815,0.30000000000000004,23.805000000000003,1.5700000000000003,52.85000000000003
2020-11-24,0.7,80.42999999999999,0.30000000000000004,23.550000000000004,-0.6400000000000041,52.21000000000002
2020-11-25,0.7,79.765,0.30000000000000004,23.145000000000007,-1.0699999999999896,51.14000000000003
2020-11-26,0.7,80.395,0.30000000000000004,23.700000000000003,1.1849999999999916,52.32500000000002
2020-11-27,0.7,80.255,0.30000000000000004,23.775000000000002,-0.06500000000000128,52.26000000000002
2020-11-30,0.7,79.30999999999999,0.30000000000000004,23.19,-1.5300000000000082,50.73000000000001
2020-12-01,0.7,80.00999999999999,0.30000000000000004,23.760000000000005,1.2700000000000067,52.000000000000014
2020-12-02,0.7,80.78,0.30000000000000004,24.075000000000003,1.085000000000008,53.08500000000002
2020-12-03,0.7,80.78,0.30000000000000004,24.105,0.029999999999997584,53.11500000000002
2020-12-04,0.7,82.11,0.30000000000000004,24.750000000000004,1.9750000000000014,55.090000000000025
2020-12-07,0.7,82.88,0.30000000000000004,24.975000000000005,0.9949999999999974,56.08500000000002
2020-12-08,0.7,84.035,0.30000000000000004,25.515000000000004,1.6950000000000003,57.78000000000002
2020-12-09,0.7,84.035,0.30000000000000004,25.680000000000003,0.16499999999999915,57.94500000000002
2020-12-10,0.7,83.02,0.30000000000000004,25.095000000000006,-1.5999999999999979,56.34500000000003
2020-12-11,0.7,83.125,0.30000000000000004,25.095000000000006,0.10500000000000398,56.45000000000003
2020-12-14,0.7,82.77499999999999,0.30000000000000004,25.050000000000004,-0.39500000000001023,56.05500000000002
2020-12-15,0.7,81.93499999999999,0.30000000000000004,24.375000000000004,-1.5150000000000041,54.54000000000002
2020-12-16,0.7,83.475,0.30000000000000004,25.260000000000005,2.425000000000008,56.96500000000003
2020-12-17,0.7,83.02,0.30000000000000004,25.200000000000003,-0.5150000000000006,56.45000000000003
2020-12-18,0.7,82.74,0.30000000000000004,25.080000000000002,-0.40000000000000213,56.050000000000026
2020-12-21,0.7,83.54499999999999,0.30000000000000004,25.620000000000005,1.3449999999999953,57.395000000000024
2020-12-22,0.7,82.6,0.30000000000000004,24.885000000000005,-1.6799999999999926,55.71500000000003
2020-12-23,0.7,82.705,0.30000000000000004,25.140000000000004,0.360000000000003,56.07500000000003
2020-12-24,0.7,83.16,0.30000000000000004,25.425000000000004,0.7399999999999984,56.815000000000026
2020-12-25,0.7,83.265,0.30000000000000004,25.590000000000003,0.2700000000000031,57.08500000000003
2020-12-28,0.7,84.0,0.30000000000000004,26.145000000000007,1.2900000000000027,58.37500000000003
2020-12-29,0.7,83.92999999999999,0.30000000000000004,26.115000000000002,-0.10000000000001208,58.27500000000002
2020-12-30,0.7,85.11999999999999,0.30000000000000004,26.835000000000004,1.9100000000000001,60.18500000000002
2020-12-31,0.7,85.57499999999999,0.30000000000000004,27.000000000000004,0.6199999999999974,60.805000000000014
2021-01-04,0.7,87.04499999999999,0.30000000000000004,27.855000000000004,2.3249999999999993,63.13000000000001
2021-01-05,0.7,87.21999999999998,0.30000000000000004,28.035000000000004,0.3549999999999969,63.48500000000001
2021-01-06,0.7,88.16499999999999,0.30000000000000004,28.005000000000003,0.9150000000000063,64.4
2021-01-07,0.7,90.23,0.30000000000000004,29.235000000000007,3.295000000000016,67.69500000000002
2021-01-08,0.7,91.83999999999999,0.30000000000000004,30.105000000000004,2.4799999999999827,70.17500000000001
2021-01-11,0.7,92.61,0.30000000000000004,30.405,1.0700000000000074,71.24500000000002
2021-01-12,0.7,92.46999999999998,0.30000000000000004,30.225000000000005,-0.32000000000001094,70.92500000000001
2021-01-13,0.7,94.71000000000001,0.30000000000000004,31.485000000000007,3.500000000000025,74.42500000000004
2021-01-14,0.7,93.83500000000001,0.30000000000000004,31.200000000000003,-1.1600000000000037,73.26500000000004
2021-01-15,0.7,94.14999999999999,0.30000000000000004,30.900000000000006,0.014999999999986358,73.28000000000003
2021-01-18,0.7,94.08,0.30000000000000004,30.720000000000006,-0.2499999999999929,73.03000000000003
2021-01-19,0.7,96.56499999999998,0.30000000000000004,32.190000000000005,3.954999999999984,76.98500000000001
2021-01-20,0.7,96.73999999999998,0.30000000000000004,31.635000000000005,-0.38000000000000256,76.60500000000002
2021-01-21,0.7,100.1,0.30000000000000004,33.345000000000006,5.0700000000000145,81.67500000000004
2021-01-22,0.7,96.21499999999999,0.30000000000000004,32.85,-4.38000000000001,77.29500000000003
2021-01-25,0.7,94.91999999999999,0.30000000000000004,32.400000000000006,-1.7449999999999974,75.55000000000004
2021-01-26,0.7,92.99499999999999,0.30000000000000004,31.155,-3.1700000000000017,72.38000000000004
2021-01-27,0.7,93.135,0.30000000000000004,31.350000000000005,0.3350000000000186,72.71500000000006
2021-01-28,0.7,91.24499999999999,0.30000000000000004,30.195000000000007,-3.0450000000000124,69.67000000000004
2021-01-29,0.7,89.73999999999998,0.30000000000000004,29.130000000000003,-2.5700000000000145,67.10000000000002
2021-02-01,0.7,91.52499999999999,0.30000000000000004,30.135000000000005,2.7900000000000134,69.89000000000004
2021-02-02,0.7,94.11499999999998,0.30000000000000004,31.590000000000003,4.0449999999999875,73.93500000000003
2021-02-03,0.7,94.04499999999999,0.30000000000000004,31.770000000000007,0.11000000000001009,74.04500000000004
2021-02-04,0.7,93.485,0.30000000000000004,31.320000000000007,-1.0099999999999874,73.03500000000005
2021-02-05,0.7,94.36,0.30000000000000004,31.860000000000007,1.4149999999999991,74.45000000000005
2021-02-17,0.7,98.385,0.30000000000000004,34.32000000000001,6.4850000000000065,80.93500000000006
2021-02-18,0.7,98.24499999999999,0.30000000000000004,34.650000000000006,0.18999999999998352,81.12500000000004
2021-02-19,0.7,97.195,0.30000000000000004,34.18500000000001,-1.5149999999999935,79.61000000000004
2021-02-22,0.7,97.16,0.30000000000000004,34.38,0.1599999999999966,79.77000000000004
2021-02-23,0.7,96.94999999999999,0.30000000000000004,34.605000000000004,0.014999999999993463,79.78500000000003
2021-02-24,0.7,95.51499999999999,0.30000000000000004,33.42000000000001,-2.6199999999999974,77.16500000000002
2021-02-25,0.7,96.285,0.30000000000000004,34.275000000000006,1.625000000000007,78.79000000000002
2021-02-26,0.7,93.38,0.30000000000000004,32.160000000000004,-5.020000000000003,73.77000000000001
2021-03-02,0.7,93.41499999999999,0.30000000000000004,32.175000000000004,0.04999999999999716,73.82000000000001
2021-03-03,0.7,94.78,0.30000000000000004,33.39,2.5800000000000054,76.4
2021-03-04,0.7,92.925,0.30000000000000004,32.25000000000001,-2.9949999999999974,73.405
2021-03-05,0.7,92.36499999999998,0.30000000000000004,31.875000000000004,-0.93500000000002,72.46999999999998
2021-03-08,0.7,92.29499999999999,0.30000000000000004,31.785000000000007,-0.15999999999998948,72.31
2021-03-09,0.7,91.945,0.30000000000000004,31.755000000000003,-0.379999999999999,71.93
2021-03-10,0.7,92.33,0.30000000000000004,31.950000000000006,0.580000000000009,72.51000000000002
2021-03-11,0.7,94.28999999999999,0.30000000000000004,33.300000000000004,3.3099999999999916,75.82000000000001
2021-03-12,0.7,94.675,0.30000000000000004,33.45,0.5350000000000037,76.35500000000002
2021-03-15,0.7,94.42999999999999,0.30000000000000004,33.42000000000001,-0.2749999999999986,76.08000000000001
2021-03-16,0.7,94.74499999999999,0.30000000000000004,33.75000000000001,0.644999999999996,76.72500000000001
2021-03-17,0.7,93.93999999999998,0.30000000000000004,33.255,-1.3000000000000114,75.425
2021-03-18,0.7,94.42999999999999,0.30000000000000004,33.75000000000001,0.9850000000000136,76.41000000000001
2021-03-19,0.7,92.96000000000001,0.30000000000000004,32.715,-2.5049999999999883,73.90500000000003
2021-03-22,0.7,93.38,0.30000000000000004,33.255,0.9599999999999866,74.86500000000001
2021-03-23,0.7,93.52,0.30000000000000004,33.18,0.06499999999999773,74.93
2021-03-24,0.7,92.05,0.30000000000000004,32.535000000000004,-2.114999999999995,72.81500000000001
2021-03-25,0.7,92.36499999999998,0.30000000000000004,32.775000000000006,0.5549999999999855,73.37
2021-03-26,0.7,94.04499999999999,0.30000000000000004,33.79500000000001,2.70000000000001,76.07000000000002
2021-03-29,0.7,94.81499999999998,0.30000000000000004,34.35000000000001,1.3249999999999957,77.39500000000001
2021-03-30,0.7,95.13,0.30000000000000004,34.800000000000004,0.7650000000000077,78.16000000000003
2021-03-31,0.7,94.32499999999999,0.30000000000000004,34.30500000000001,-1.3000000000000043,76.86000000000001
2021-04-01,0.7,95.02499999999999,0.30000000000000004,34.800000000000004,1.1950000000000003,78.055
2021-04-06,0.7,96.355,0.30000000000000004,35.7,2.230000000000011,80.28500000000003
2021-04-07,0.7,96.46000000000001,0.30000000000000004,35.85000000000001,0.25500000000000966,80.54000000000003
2021-04-08,0.7,96.77499999999999,0.30000000000000004,36.39000000000001,0.8549999999999827,81.39500000000001
2021-04-09,0.7,96.56499999999998,0.30000000000000004,36.105000000000004,-0.49500000000001165,80.9
2021-04-12,0.7,96.005,0.30000000000000004,35.98500000000001,-0.6799999999999855,80.22000000000003
2021-04-13,0.7,96.005,0.30000000000000004,35.89500000000001,-0.0899999999999963,80.13000000000002
2021-04-14,0.7,96.53,0.30000000000000004,36.03,0.6599999999999966,80.79000000000002
2021-04-15,0.7,97.33500000000001,0.30000000000000004,36.915000000000006,1.690000000000012,82.48000000000003
2021-04-16,0.7,97.475,0.30000000000000004,37.245000000000005,0.46999999999998465,82.95000000000002
2021-04-19,0.7,97.64999999999999,0.30000000000000004,37.68000000000001,0.6099999999999994,83.56000000000002
2021-04-20,0.7,97.475,0.30000000000000004,37.845000000000006,-0.00999999999999801,83.55000000000001
2021-04-21,0.7,96.6,0.30000000000000004,37.35000000000001,-1.3699999999999974,82.18
2021-04-22,0.7,96.53,0.30000000000000004,37.095000000000006,-0.32499999999999574,81.85500000000002
2021-04-23,0.7,97.405,0.30000000000000004,37.830000000000005,1.6099999999999994,83.46500000000002
2021-04-26,0.7,98.83999999999999,0.30000000000000004,39.04500000000001,2.6499999999999915,86.11500000000001
2021-04-27,0.7,98.875,0.30000000000000004,39.18000000000001,0.1700000000000088,86.28500000000003
2021-04-28,0.7,98.28,0.30000000000000004,39.00000000000001,-0.7749999999999986,85.51000000000002
2021-04-29,0.7,98.41999999999999,0.30000000000000004,39.135000000000005,0.27499999999998437,85.785
2021-05-03,0.7,96.77499999999999,0.30000000000000004,37.650000000000006,-3.1299999999999955,82.655
2021-05-04,0.7,95.935,0.30000000000000004,36.465,-2.0249999999999915,80.63000000000001
2021-05-05,0.7,95.02499999999999,0.30000000000000004,35.80500000000001,-1.5700000000000074,79.06
2021-05-06,0.7,95.86499999999998,0.30000000000000004,36.510000000000005,1.5449999999999875,80.60499999999999
2021-05-07,0.7,97.58,0.30000000000000004,37.93500000000001,3.140000000000022,83.745
2021-05-10,0.7,96.91499999999999,0.30000000000000004,37.59,-1.0100000000000122,82.73499999999999
2021-05-11,0.7,93.27499999999999,0.30000000000000004,34.59,-6.640000000000001,76.09499999999998
2021-05-12,0.7,90.58,0.30000000000000004,31.530000000000005,-5.754999999999992,70.33999999999999
2021-05-13,0.7,89.25,0.30000000000000004,30.78,-2.080000000000002,68.25999999999999
2021-05-14,0.7,90.26499999999999,0.30000000000000004,31.560000000000006,1.794999999999991,70.05499999999998
2021-05-17,0.7,88.55,0.30000000000000004,29.730000000000004,-3.544999999999991,66.50999999999999
2021-05-18,0.7,92.61,0.30000000000000004,33.04500000000001,7.375000000000007,73.88499999999999
2021-05-19,0.7,91.98,0.30000000000000004,32.83500000000001,-0.8399999999999963,73.04499999999999
2021-05-20,0.7,91.35,0.30000000000000004,32.400000000000006,-1.065000000000012,71.97999999999998
2021-05-21,0.7,92.645,0.30000000000000004,33.510000000000005,2.405000000000001,74.38499999999998
2021-05-24,0.7,92.505,0.30000000000000004,33.75000000000001,0.10000000000000142,74.48499999999999
2021-05-25,0.7,94.08,0.30000000000000004,34.93500000000001,2.760000000000005,77.24499999999999
2021-05-26,0.7,94.14999999999999,0.30000000000000004,34.92000000000001,0.05499999999999261,77.29999999999998
2021-05-27,0.7,93.485,0.30000000000000004,34.71000000000001,-0.8749999999999929,76.42499999999998
2021-05-28,0.7,95.06,0.30000000000000004,36.00000000000001,2.865000000000002,79.28999999999999
2021-05-31,0.7,95.96999999999998,0.30000000000000004,36.60000000000001,1.5099999999999838,80.79999999999998
2021-06-01,0.7,96.38999999999999,0.30000000000000004,37.095000000000006,0.9149999999999991,81.71499999999997
2021-06-02,0.7,96.38999999999999,0.30000000000000004,36.900000000000006,-0.19500000000000028,81.51999999999998
2021-06-03,0.7,96.32,0.30000000000000004,37.470000000000006,0.5000000000000071,82.01999999999998
2021-06-04,0.7,95.86499999999998,0.30000000000000004,37.035000000000004,-0.8900000000000148,81.12999999999997
2021-06-07,0.7,96.11,0.30000000000000004,36.97500000000001,0.1850000000000236,81.315
2021-06-08,0.7,95.55,0.30000000000000004,36.690000000000005,-0.845000000000006,80.47
2021-06-09,0.7,94.85,0.30000000000000004,36.255,-1.1350000000000051,79.335
2021-06-10,0.7,96.32,0.30000000000000004,37.245000000000005,2.460000000000001,81.79499999999999
2021-06-11,0.7,96.66999999999999,0.30000000000000004,37.440000000000005,0.5449999999999946,82.33999999999997
2021-06-15,0.7,97.195,0.30000000000000004,38.14500000000001,1.230000000000011,83.57
2021-06-16,0.7,97.08999999999999,0.30000000000000004,37.995000000000005,-0.25500000000000966,83.31499999999998
2021-06-17,0.7,96.81,0.30000000000000004,38.160000000000004,-0.11499999999998778,83.19999999999999
2021-06-18,0.7,96.6,0.30000000000000004,38.025000000000006,-0.34500000000000597,82.85499999999999
2021-06-21,0.7,94.28999999999999,0.30000000000000004,36.615,-3.720000000000006,79.13499999999999
2021-06-22,0.7,94.395,0.30000000000000004,36.825,0.31500000000000483,79.44999999999999
2021-06-23,0.7,95.935,0.30000000000000004,38.08500000000001,2.8000000000000114,82.25
2021-06-24,0.7,95.68999999999998,0.30000000000000004,38.325,-0.005000000000023874,82.24499999999998
2021-06-25,0.7,95.86499999999998,0.30000000000000004,38.595000000000006,0.4450000000000003,82.68999999999997
2021-06-28,0.7,96.03999999999999,0.30000000000000004,39.09000000000001,0.6700000000000159,83.35999999999999
2021-06-29,0.7,96.32,0.30000000000000004,39.03,0.21999999999999176,83.57999999999998
2021-06-30,0.7,97.26499999999999,0.30000000000000004,39.915000000000006,1.8299999999999983,85.40999999999998
2021-07-01,0.7,96.81,0.30000000000000004,39.495000000000005,-0.8749999999999858,84.535
2021-07-02,0.7,96.81,0.30000000000000004,39.60000000000001,0.10500000000000398,84.64
2021-07-05,0.7,97.71999999999998,0.30000000000000004,40.77000000000001,2.079999999999984,86.71999999999998
2021-07-06,0.7,97.82499999999999,0.30000000000000004,40.69500000000001,0.030000000000001137,86.74999999999999
2021-07-07,0.7,97.3,0.30000000000000004,40.155,-1.0649999999999977,85.68499999999999
2021-07-08,0.7,97.195,0.30000000000000004,40.35000000000001,0.09000000000000341,85.77499999999999
2021-07-09,0.7,96.425,0.30000000000000004,39.45,-1.6700000000000017,84.10499999999999
2021-07-12,0.7,97.3,0.30000000000000004,40.410000000000004,1.8350000000000009,85.94
2021-07-13,0.7,98.105,0.30000000000000004,40.455000000000005,0.8500000000000085,86.79
2021-07-14,0.7,98.35,0.30000000000000004,40.455000000000005,0.24499999999999034,87.035
2021-07-15,0.7,99.26,0.30000000000000004,41.355000000000004,1.8100000000000094,88.845
2021-07-16,0.7,97.92999999999999,0.30000000000000004,40.68000000000001,-2.0050000000000097,86.83999999999999
2021-07-19,0.7,96.81,0.30000000000000004,40.080000000000005,-1.7199999999999918,85.12
2021-07-20,0.7,96.03999999999999,0.30000000000000004,38.88,-1.970000000000013,83.14999999999999
2021-07-21,0.7,95.68999999999998,0.30000000000000004,38.62500000000001,-0.605000000000004,82.54499999999999
2021-07-22,0.7,96.355,0.30000000000000004,39.330000000000005,1.3700000000000188,83.915
2021-07-23,0.7,96.355,0.30000000000000004,39.36,0.02999999999999403,83.945
2021-07-26,0.7,95.51499999999999,0.30000000000000004,38.550000000000004,-1.6500000000000128,82.29499999999999
2021-07-27,0.7,95.48,0.30000000000000004,38.370000000000005,-0.2149999999999821,82.08000000000001
2021-07-28,0.7,93.975,0.30000000000000004,37.275000000000006,-2.6000000000000085,79.48
2021-07-29,0.7,95.55,0.30000000000000004,38.94000000000001,3.240000000000009,82.72000000000001
2021-07-30,0.7,95.235,0.30000000000000004,38.190000000000005,-1.0650000000000048,81.655
2021-08-02,0.7,96.53,0.30000000000000004,39.495000000000005,2.6000000000000014,84.255
2021-08-03,0.7,96.91499999999999,0.30000000000000004,39.69000000000001,0.5799999999999983,84.835
2021-08-04,0.7,97.475,0.30000000000000004,40.12500000000001,0.9949999999999974,85.82999999999998
2021-08-05,0.7,97.3,0.30000000000000004,39.900000000000006,-0.3999999999999986,85.42999999999998
2021-08-06,0.7,97.16,0.30000000000000004,39.57000000000001,-0.46999999999999886,84.95999999999998
2021-08-09,0.7,96.88,0.30000000000000004,39.285000000000004,-0.5650000000000048,84.39499999999998
2021-08-10,0.7,96.355,0.30000000000000004,38.760000000000005,-1.04999999999999,83.345
2021-08-11,0.7,96.03999999999999,0.30000000000000004,38.325,-0.7500000000000142,82.59499999999998
2021-08-12,0.7,95.86499999999998,0.30000000000000004,38.25000000000001,-0.2500000000000071,82.34499999999997
2021-08-13,0.7,94.955,0.30000000000000004,37.35000000000001,-1.809999999999981,80.535
2021-08-16,0.7,94.74499999999999,0.30000000000000004,36.84,-0.7200000000000131,79.81499999999998
2021-08-17,0.7,94.04499999999999,0.30000000000000004,36.00000000000001,-1.5399999999999991,78.27499999999998
2021-08-18,0.7,94.42999999999999,0.30000000000000004,36.825,1.2100000000000009,79.48499999999999
2021-08-19,0.7,92.26,0.30000000000000004,34.800000000000004,-4.194999999999986,75.28999999999999
2021-08-20,0.7,91.52499999999999,0.30000000000000004,34.650000000000006,-0.8850000000000122,74.40499999999997
2021-08-23,0.7,94.04499999999999,0.30000000000000004,36.615,4.484999999999992,78.88999999999996
2021-08-24,0.7,94.32499999999999,0.30000000000000004,36.97500000000001,0.6400000000000077,79.52999999999997
2021-08-25,0.7,95.235,0.30000000000000004,37.755,1.6900000000000048,81.21999999999997
2021-08-26,0.7,95.89999999999999,0.30000000000000004,37.905,0.8149999999999906,82.03499999999997
2021-08-27,0.7,96.705,0.30000000000000004,38.82000000000001,1.720000000000013,83.75499999999998
2021-08-30,0.7,97.64999999999999,0.30000000000000004,39.540000000000006,1.664999999999992,85.41999999999997
2021-08-31,0.7,98.24499999999999,0.30000000000000004,39.93000000000001,0.9849999999999994,86.40499999999997
2021-09-01,0.7,98.69999999999999,0.30000000000000004,40.11,0.6349999999999909,87.03999999999996
2021-09-02,0.7,97.92999999999999,0.30000000000000004,39.31500000000001,-1.5649999999999835,85.47499999999998
2021-09-03,0.7,99.33,0.30000000000000004,40.470000000000006,2.5549999999999997,88.02999999999997
2021-09-06,0.7,99.785,0.30000000000000004,40.245000000000005,0.22999999999999687,88.25999999999996
2021-09-07,0.7,99.33,0.30000000000000004,39.97500000000001,-0.7249999999999943,87.53499999999997
2021-09-08,0.7,98.455,0.30000000000000004,39.120000000000005,-1.730000000000004,85.80499999999996
2021-09-09,0.7,98.21000000000001,0.30000000000000004,39.19500000000001,-0.1699999999999875,85.63499999999998
2021-09-10,0.7,99.36499999999998,0.30000000000000004,40.21500000000001,2.174999999999976,87.80999999999995
2021-09-13,0.7,99.01499999999999,0.30000000000000004,39.96,-0.605000000000004,87.20499999999994
2021-09-14,0.7,99.11999999999999,0.30000000000000004,40.14000000000001,0.2850000000000108,87.48999999999995
2021-09-15,0.7,98.52499999999999,0.30000000000000004,39.735,-1.000000000000007,86.48999999999995
2021-09-16,0.7,98.07,0.30000000000000004,39.300000000000004,-0.8899999999999935,85.59999999999997
2021-09-17,0.7,98.35,0.30000000000000004,39.705000000000005,0.6850000000000023,86.28499999999997
2021-09-22,0.7,96.03999999999999,0.30000000000000004,37.71000000000001,-4.305,81.97999999999996
2021-09-23,0.7,96.6,0.30000000000000004,38.49000000000001,1.3400000000000034,83.31999999999996
2021-09-24,0.7,97.755,0.30000000000000004,39.19500000000001,1.8599999999999994,85.17999999999996
2021-09-27,0.7,98.0,0.30000000000000004,39.39000000000001,0.44000000000000483,85.61999999999998
2021-09-28,0.7,97.3,0.30000000000000004,38.86500000000001,-1.2250000000000014,84.39499999999998
2021-09-29,0.7,95.19999999999999,0.30000000000000004,37.215,-3.750000000000014,80.64499999999997
2021-09-30,0.7,95.935,0.30000000000000004,37.74,1.2600000000000122,81.90499999999997
2021-10-01,0.7,93.76499999999999,0.30000000000000004,35.88,-4.030000000000015,77.87499999999996
2021-10-04,0.7,93.205,0.30000000000000004,35.44500000000001,-0.9949999999999832,76.87999999999997
2021-10-05,0.7,93.06499999999998,0.30000000000000004,35.46000000000001,-0.1250000000000142,76.75499999999995
2021-10-06,0.7,93.1,0.30000000000000004,35.355000000000004,-0.06999999999999318,76.68499999999996
2021-10-07,0.7,94.74499999999999,0.30000000000000004,36.885000000000005,3.174999999999997,79.85999999999996
2021-10-08,0.7,93.93999999999998,0.30000000000000004,36.45,-1.240000000000009,78.61999999999995
2021-10-12,0.7,92.99499999999999,0.30000000000000004,35.565000000000005,-1.8299999999999912,76.78999999999996
2021-10-13,0.7,92.67999999999999,0.30000000000000004,35.23500000000001,-0.644999999999996,76.14499999999997
2021-10-14,0.7,92.925,0.30000000000000004,35.505,0.5150000000000006,76.65999999999997
2021-10-15,0.7,95.375,0.30000000000000004,37.17000000000001,4.115000000000009,80.77499999999998
2021-10-18,0.7,95.09499999999998,0.30000000000000004,36.885000000000005,-0.565000000000019,80.20999999999995
2021-10-19,0.7,95.86499999999998,0.30000000000000004,37.69500000000001,1.5799999999999983,81.78999999999995
2021-10-20,0.7,95.61999999999999,0.30000000000000004,37.650000000000006,-0.28999999999999204,81.49999999999996
2021-10-21,0.7,95.27,0.30000000000000004,37.440000000000005,-0.5599999999999952,80.93999999999997
2021-10-22,0.7,95.55,0.30000000000000004,37.59,0.4299999999999997,81.36999999999998
2021-10-25,0.7,95.48,0.30000000000000004,37.59,-0.06999999999999318,81.29999999999998
2021-10-26,0.7,96.285,0.30000000000000004,38.26500000000001,1.4799999999999969,82.77999999999997
2021-10-27,0.7,96.285,0.30000000000000004,38.415000000000006,0.14999999999999858,82.92999999999998
2021-10-28,0.7,96.005,0.30000000000000004,38.220000000000006,-0.4750000000000014,82.45499999999998
2021-10-29,0.7,95.06,0.30000000000000004,37.785000000000004,-1.3799999999999955,81.07499999999999
2021-11-01,0.7,95.55,0.30000000000000004,38.370000000000005,1.0749999999999957,82.14999999999998
2021-11-02,0.7,95.375,0.30000000000000004,38.08500000000001,-0.45999999999999375,81.68999999999998
2021-11-03,0.7,95.61999999999999,0.30000000000000004,38.415000000000006,0.5749999999999886,82.26499999999997
2021-11-04,0.7,95.30499999999999,0.30000000000000004,38.400000000000006,-0.3299999999999983,81.93499999999997
2021-11-05,0.7,96.66999999999999,0.30000000000000004,39.22500000000001,2.1899999999999977,84.12499999999997
2021-11-08,0.7,97.43999999999998,0.30000000000000004,39.81,1.3549999999999898,85.47999999999996
2021-11-09,0.7,98.48999999999998,0.30000000000000004,40.56,1.7999999999999972,87.27999999999996
2021-11-10,0.7,98.35,0.30000000000000004,40.50000000000001,-0.19999999999998153,87.07999999999998
2021-11-11,0.7,97.475,0.30000000000000004,40.005,-1.3700000000000045,85.70999999999998
2021-11-12,0.7,97.78999999999999,0.30000000000000004,40.32000000000001,0.6300000000000026,86.33999999999997
2021-11-15,0.7,98.66499999999999,0.30000000000000004,40.995000000000005,1.5499999999999972,87.88999999999997
2021-11-16,0.7,98.83999999999999,0.30000000000000004,41.025000000000006,0.2049999999999983,88.09499999999997
2021-11-17,0.7,99.155,0.30000000000000004,41.355000000000004,0.6450000000000102,88.73999999999998
2021-11-18,0.7,99.71499999999999,0.30000000000000004,41.955000000000005,1.1599999999999895,89.89999999999998
2021-11-19,0.7,99.96000000000001,0.30000000000000004,41.88,0.17000000000001592,90.07
2021-11-22,0.7,99.71499999999999,0.30000000000000004,41.86500000000001,-0.2600000000000122,89.80999999999997
2021-11-23,0.7,98.77,0.30000000000000004,40.995000000000005,-1.8149999999999977,87.99499999999998
2021-11-24,0.7,98.35,0.30000000000000004,40.905,-0.5100000000000051,87.48499999999997
2021-11-25,0.7,98.31499999999998,0.30000000000000004,40.905,-0.0350000000000108,87.44999999999996
2021-11-26,0.7,96.705,0.30000000000000004,39.405,-3.109999999999985,84.33999999999997
2021-11-29,0.7,96.705,0.30000000000000004,39.330000000000005,-0.07499999999999574,84.26499999999999
2021-11-30,0.7,96.6,0.30000000000000004,39.510000000000005,0.07499999999999574,84.33999999999997
2021-12-01,0.7,98.21000000000001,0.30000000000000004,40.620000000000005,2.720000000000013,87.05999999999999
2021-12-02,0.7,99.26,0.30000000000000004,41.175000000000004,1.6049999999999969,88.66499999999999
2021-12-03,0.7,99.225,0.30000000000000004,41.28,0.06999999999998607,88.73499999999999
2021-12-06,0.7,98.945,0.30000000000000004,41.10000000000001,-0.45999999999999375,88.27499999999999
2021-12-07,0.7,99.26,0.30000000000000004,41.44500000000001,0.6600000000000108,88.935
2021-12-08,0.7,99.645,0.30000000000000004,41.94000000000001,0.8799999999999955,89.815
2021-12-09,0.7,99.39999999999999,0.30000000000000004,41.955000000000005,-0.23000000000001108,89.58499999999998
2021-12-10,0.7,99.36499999999998,0.30000000000000004,41.775000000000006,-0.21500000000001052,89.36999999999998
2021-12-13,0.7,99.05,0.30000000000000004,41.550000000000004,-0.5399999999999849,88.82999999999998
2021-12-14,0.7,98.07,0.30000000000000004,40.59000000000001,-1.9399999999999977,86.88999999999999
2021-12-15,0.7,98.21000000000001,0.30000000000000004,40.74000000000001,0.29000000000001336,87.18
2021-12-16,0.7,99.435,0.30000000000000004,41.745000000000005,2.2299999999999898,89.41
2021-12-17,0.7,99.33,0.30000000000000004,41.64000000000001,-0.21000000000000085,89.19999999999999
2021-12-20,0.7,98.455,0.30000000000000004,40.92000000000001,-1.5949999999999989,87.60499999999999
2021-12-21,0.7,99.29499999999999,0.30000000000000004,41.835,1.7549999999999812,89.35999999999997
2021-12-22,0.7,99.29499999999999,0.30000000000000004,41.910000000000004,0.07500000000000284,89.43499999999997
2021-12-23,0.7,99.855,0.30000000000000004,42.37500000000001,1.02500000000002,90.46
2021-12-24,0.7,100.135,0.30000000000000004,42.510000000000005,0.41499999999999915,90.875
2021-12-27,0.7,100.905,0.30000000000000004,43.080000000000005,1.3399999999999963,92.215
2021-12-28,0.7,101.71000000000001,0.30000000000000004,43.69500000000001,1.4200000000000088,93.63500000000002
2021-12-29,0.7,102.16499999999999,0.30000000000000004,44.025000000000006,0.7849999999999824,94.42
2021-12-30,0.7,101.85,0.30000000000000004,43.800000000000004,-0.5399999999999991,93.88
2022-01-03,0.7,102.48,0.30000000000000004,43.96500000000001,0.7950000000000159,94.67500000000001
2022-01-04,0.7,104.71999999999998,0.30000000000000004,45.36000000000001,3.6349999999999767,98.30999999999999
2022-01-05,0.7,104.51,0.30000000000000004,45.12000000000001,-0.4499999999999744,97.86000000000001
2022-01-06,0.7,103.53,0.30000000000000004,44.47500000000001,-1.625000000000007,96.23500000000001
2022-01-07,0.7,102.61999999999999,0.30000000000000004,43.57500000000001,-1.8100000000000094,94.42500000000001
2022-01-10,0.7,103.285,0.30000000000000004,44.025000000000006,1.115000000000002,95.54000000000002
2022-01-11,0.7,103.81,0.30000000000000004,44.085,0.5850000000000009,96.12500000000003
2022-01-12,0.7,104.685,0.30000000000000004,44.67000000000001,1.460000000000008,97.58500000000004
2022-01-13,0.7,105.21000000000001,0.30000000000000004,45.04500000000001,0.9000000000000057,98.48500000000004
2022-01-14,0.7,105.21000000000001,0.30000000000000004,44.80500000000001,-0.240000000000002,98.24500000000003
2022-01-17,0.7,106.39999999999999,0.30000000000000004,45.585,1.9699999999999775,100.215
2022-01-18,0.7,105.21000000000001,0.30000000000000004,44.88,-1.8949999999999818,98.32000000000002
2022-01-19,0.7,103.94999999999999,0.30000000000000004,43.90500000000001,-2.2350000000000136,96.08500000000001
2022-01-20,0.7,104.36999999999999,0.30000000000000004,44.25000000000001,0.7650000000000006,96.85000000000001
2022-01-21,0.7,99.855,0.30000000000000004,42.435,-6.329999999999991,90.52000000000001
2022-01-24,0.7,100.8,0.30000000000000004,42.93000000000001,1.4399999999999977,91.96000000000001
2022-01-25,0.7,99.155,0.30000000000000004,41.44500000000001,-3.1299999999999955,88.83000000000001
2022-01-26,0.7,99.08500000000001,0.30000000000000004,41.355000000000004,-0.1599999999999966,88.67000000000002
2022-02-07,0.7,99.61,0.30000000000000004,42.45,1.6199999999999903,90.29
2022-02-08,0.7,100.03,0.30000000000000004,42.870000000000005,0.8400000000000034,91.13000000000001
2022-02-09,0.7,100.38,0.30000000000000004,43.68000000000001,1.1599999999999966,92.29
2022-02-10,0.7,101.535,0.30000000000000004,44.43000000000001,1.9050000000000011,94.19500000000001
2022-02-11,0.7,101.46499999999999,0.30000000000000004,44.26500000000001,-0.23500000000000654,93.96000000000001
2022-02-14,0.7,99.88999999999999,0.30000000000000004,42.93000000000001,-2.9100000000000037,91.05000000000001
2022-02-15,0.7,99.435,0.30000000000000004,42.61500000000001,-0.7699999999999818,90.28000000000003
2022-02-16,0.7,101.08,0.30000000000000004,44.10000000000001,3.1299999999999955,93.41000000000003
2022-02-17,0.7,101.14999999999999,0.30000000000000004,44.205000000000005,0.17499999999999005,93.58500000000001
2022-02-18,0.7,100.86999999999999,0.30000000000000004,44.19000000000001,-0.2949999999999946,93.29000000000002
2022-02-21,0.7,100.66,0.30000000000000004,44.085,-0.31500000000000483,92.97500000000002
2022-02-22,0.7,99.29499999999999,0.30000000000000004,42.55500000000001,-2.895000000000003,90.08000000000001
2022-02-23,0.7,99.57499999999999,0.30000000000000004,43.12500000000001,0.8500000000000014,90.93
2022-02-24,0.7,97.16,0.30000000000000004,40.81500000000001,-4.724999999999987,86.20500000000001
2022-02-25,0.7,96.94999999999999,0.30000000000000004,40.935,-0.09000000000001762,86.115
2022-03-01,0.7,98.31499999999998,0.30000000000000004,42.405,2.8349999999999937,88.94999999999999
2022-03-02,0.7,97.755,0.30000000000000004,42.135000000000005,-0.8299999999999841,88.12
2022-03-03,0.7,97.96499999999999,0.30000000000000004,42.285000000000004,0.3599999999999923,88.47999999999999
2022-03-04,0.7,96.91499999999999,0.30000000000000004,41.385000000000005,-1.9499999999999957,86.53
2022-03-07,0.7,93.8,0.30000000000000004,38.595000000000006,-5.904999999999994,80.625
2022-03-08,0.7,91.80499999999999,0.30000000000000004,36.900000000000006,-3.690000000000005,76.935
2022-03-09,0.7,92.75,0.30000000000000004,37.905,1.9500000000000028,78.885
2022-03-10,0.7,95.445,0.30000000000000004,39.93000000000001,4.719999999999999,83.605
2022-03-11,0.7,94.08,0.30000000000000004,38.94000000000001,-2.3549999999999898,81.25000000000001
2022-03-14,0.7,94.08,0.30000000000000004,39.04500000000001,0.10499999999999687,81.35500000000002
2022-03-15,0.7,92.155,0.30000000000000004,37.455000000000005,-3.5150000000000006,77.84000000000002
2022-03-16,0.7,92.53999999999999,0.30000000000000004,37.77000000000001,0.6999999999999957,78.54000000000002
2022-03-17,0.7,95.48,0.30000000000000004,40.155,5.325000000000003,83.86500000000002
2022-03-18,0.7,95.27,0.30000000000000004,39.855000000000004,-0.5100000000000051,83.35500000000002
2022-03-21,0.7,95.89999999999999,0.30000000000000004,40.36500000000001,1.1400000000000006,84.49500000000002
2022-03-22,0.7,95.76,0.30000000000000004,40.51500000000001,0.010000000000012221,84.50500000000002
2022-03-23,0.7,96.66999999999999,0.30000000000000004,41.31,1.704999999999977,86.21000000000001
2022-03-24,0.7,96.6,0.30000000000000004,41.220000000000006,-0.15999999999998948,86.05000000000001
2022-03-25,0.7,96.73999999999998,0.30000000000000004,41.040000000000006,-0.04000000000001336,86.00999999999999
2022-03-28,0.7,95.68999999999998,0.30000000000000004,40.290000000000006,-1.7999999999999972,84.21
2022-03-29,0.7,95.79499999999999,0.30000000000000004,40.51500000000001,0.3300000000000054,84.53999999999999
2022-03-30,0.7,96.985,0.30000000000000004,41.385000000000005,2.0600000000000094,86.6
2022-03-31,0.7,96.66999999999999,0.30000000000000004,41.085,-0.6150000000000162,85.98499999999999
2022-04-01,0.7,95.86499999999998,0.30000000000000004,40.59000000000001,-1.2999999999999972,84.68499999999999
2022-04-06,0.7,95.375,0.30000000000000004,40.260000000000005,-0.8199999999999861,83.86500000000001
2022-04-07,0.7,93.66,0.30000000000000004,38.7,-3.2750000000000057,80.59
2022-04-08,0.7,94.185,0.30000000000000004,39.285000000000004,1.1100000000000065,81.70000000000002
2022-04-11,0.7,92.71499999999999,0.30000000000000004,37.95,-2.805000000000014,78.89500000000001
2022-04-12,0.7,92.785,0.30000000000000004,38.07000000000001,0.19000000000001194,79.08500000000002
2022-04-13,0.7,94.535,0.30000000000000004,39.345000000000006,3.0249999999999986,82.11000000000001
2022-04-14,0.7,94.185,0.30000000000000004,39.255,-0.4399999999999977,81.67000000000002
2022-04-15,0.7,92.57499999999999,0.30000000000000004,37.89000000000001,-2.9750000000000085,78.69500000000001
2022-04-18,0.7,92.08500000000001,0.30000000000000004,37.440000000000005,-0.9399999999999835,77.75500000000002
2022-04-19,0.7,92.39999999999999,0.30000000000000004,38.010000000000005,0.8849999999999838,78.64000000000001
2022-04-20,0.7,92.855,0.30000000000000004,38.400000000000006,0.8450000000000131,79.48500000000003
2022-04-21,0.7,92.925,0.30000000000000004,38.655,0.32499999999998863,79.81000000000002
2022-04-22,0.7,92.11999999999999,0.30000000000000004,37.980000000000004,-1.480000000000004,78.33000000000001
2022-04-25,0.7,90.475,0.30000000000000004,36.135000000000005,-3.489999999999995,74.84000000000002
2022-04-26,0.7,90.475,0.30000000000000004,36.18000000000001,0.045000000000001705,74.88500000000002
2022-04-27,0.7,88.585,0.30000000000000004,34.905,-3.1650000000000063,71.72000000000001
2022-04-28,0.7,88.96999999999998,0.30000000000000004,35.400000000000006,0.8799999999999955,72.60000000000001
2022-04-29,0.7,90.125,0.30000000000000004,36.150000000000006,1.9050000000000153,74.50500000000002
2022-05-03,0.7,89.46,0.30000000000000004,35.730000000000004,-1.085000000000008,73.42000000000002
2022-05-04,0.7,89.46,0.30000000000000004,35.89500000000001,0.16500000000000625,73.58500000000002
2022-05-05,0.7,90.475,0.30000000000000004,36.60000000000001,1.7199999999999989,75.30500000000002
2022-05-06,0.7,88.655,0.30000000000000004,35.190000000000005,-3.229999999999997,72.07500000000002
2022-05-09,0.7,87.18499999999999,0.30000000000000004,33.705000000000005,-2.9550000000000125,69.12
2022-05-10,0.7,86.8,0.30000000000000004,33.76500000000001,-0.32499999999998863,68.79500000000002
2022-05-11,0.7,86.94,0.30000000000000004,33.64500000000001,0.020000000000003126,68.81500000000003
2022-05-12,0.7,84.875,0.30000000000000004,32.055,-3.6550000000000082,65.16000000000003
2022-05-13,0.7,85.645,0.30000000000000004,32.895,1.6099999999999994,66.77000000000002
2022-05-16,0.7,86.1,0.30000000000000004,33.19500000000001,0.7550000000000026,67.52500000000003
2022-05-17,0.7,87.04499999999999,0.30000000000000004,33.900000000000006,1.6499999999999915,69.17500000000003
2022-05-18,0.7,87.99,0.30000000000000004,34.59,1.6350000000000051,70.81000000000003
2022-05-19,0.7,86.30999999999999,0.30000000000000004,33.510000000000005,-2.760000000000005,68.05000000000003
2022-05-20,0.7,87.255,0.30000000000000004,34.18500000000001,1.6200000000000117,69.67000000000004
2022-05-23,0.7,87.42999999999999,0.30000000000000004,34.260000000000005,0.2499999999999929,69.92000000000004
2022-05-24,0.7,86.44999999999999,0.30000000000000004,33.39,-1.8500000000000085,68.07000000000004
2022-05-25,0.7,87.115,0.30000000000000004,34.080000000000005,1.355000000000011,69.42500000000004
2022-05-26,0.7,86.03,0.30000000000000004,33.39,-1.7749999999999986,67.65000000000003
2022-05-27,0.7,87.85,0.30000000000000004,34.605000000000004,3.0349999999999966,70.68500000000003
2022-05-30,0.7,89.985,0.30000000000000004,36.150000000000006,3.680000000000007,74.36500000000004
2022-05-31,0.7,90.86,0.30000000000000004,36.58500000000001,1.3100000000000023,75.67500000000004
2022-06-01,0.7,90.405,0.30000000000000004,36.36000000000001,-0.6799999999999997,74.99500000000003
2022-06-02,0.7,89.46,0.30000000000000004,35.89500000000001,-1.4100000000000037,73.58500000000004
2022-06-06,0.7,90.08999999999999,0.30000000000000004,36.24,0.9749999999999872,74.56000000000003
2022-06-07,0.7,89.17999999999999,0.30000000000000004,35.61000000000001,-1.539999999999992,73.02000000000004
2022-06-08,0.7,90.16,0.30000000000000004,36.37500000000001,1.7450000000000045,74.76500000000004
2022-06-09,0.7,89.88,0.30000000000000004,36.22500000000001,-0.4299999999999997,74.33500000000004
2022-06-10,0.7,88.96999999999998,0.30000000000000004,35.62500000000001,-1.5100000000000122,72.82500000000002
2022-06-13,0.7,86.485,0.30000000000000004,33.73500000000001,-4.374999999999986,68.45000000000003
2022-06-14,0.7,86.34499999999998,0.30000000000000004,33.660000000000004,-0.21500000000001762,68.23500000000001
2022-06-15,0.7,85.925,0.30000000000000004,33.36000000000001,-0.7199999999999847,67.51500000000003
2022-06-16,0.7,85.75,0.30000000000000004,32.83500000000001,-0.6999999999999957,66.81500000000003
2022-06-17,0.7,84.59499999999998,0.30000000000000004,32.13,-1.8600000000000207,64.95500000000001
2022-06-20,0.7,83.82499999999999,0.30000000000000004,31.080000000000002,-1.8199999999999967,63.13500000000002
2022-06-21,0.7,85.53999999999999,0.30000000000000004,32.655,3.2900000000000027,66.42500000000003
2022-06-22,0.7,83.64999999999999,0.30000000000000004,31.170000000000005,-3.3749999999999964,63.050000000000026
2022-06-23,0.7,82.53,0.30000000000000004,30.645000000000007,-1.644999999999989,61.40500000000004
2022-06-24,0.7,82.705,0.30000000000000004,31.200000000000003,0.7299999999999933,62.13500000000003
2022-06-27,0.7,84.66499999999999,0.30000000000000004,32.385000000000005,3.144999999999996,65.28000000000003
2022-06-28,0.7,83.86,0.30000000000000004,31.800000000000004,-1.3899999999999935,63.890000000000036
2022-06-29,0.7,83.16,0.30000000000000004,31.215000000000003,-1.2850000000000037,62.60500000000003
2022-06-30,0.7,81.05999999999999,0.30000000000000004,29.505000000000003,-3.8100000000000094,58.79500000000002
2022-07-01,0.7,78.085,0.30000000000000004,27.705000000000002,-4.774999999999995,54.020000000000024
2022-07-04,0.7,77.315,0.30000000000000004,27.450000000000003,-1.024999999999995,52.99500000000003
2022-07-05,0.7,77.69999999999999,0.30000000000000004,27.840000000000003,0.7749999999999915,53.770000000000024
2022-07-06,0.7,76.195,0.30000000000000004,26.535000000000004,-2.809999999999995,50.96000000000003
2022-07-07,0.7,78.46999999999998,0.30000000000000004,27.915000000000003,3.6549999999999905,54.61500000000002
2022-07-08,0.7,79.27499999999999,0.30000000000000004,28.440000000000005,1.330000000000009,55.945000000000036
2022-07-11,0.7,78.57499999999999,0.30000000000000004,28.005000000000003,-1.1350000000000051,54.81000000000003
2022-07-12,0.7,76.68499999999999,0.30000000000000004,26.550000000000004,-3.344999999999999,51.46500000000003
2022-07-13,0.7,79.41499999999999,0.30000000000000004,28.140000000000004,4.320000000000004,55.78500000000004
2022-07-14,0.7,79.8,0.30000000000000004,28.575000000000003,0.8200000000000038,56.60500000000005
2022-07-15,0.7,80.85,0.30000000000000004,29.040000000000003,1.514999999999997,58.12000000000005
2022-07-18,0.7,79.94,0.30000000000000004,29.490000000000002,-0.4599999999999973,57.66000000000005
2022-07-19,0.7,80.00999999999999,0.30000000000000004,29.655,0.23499999999999233,57.895000000000046
2022-07-20,0.7,80.535,0.30000000000000004,30.000000000000004,0.8700000000000081,58.76500000000006
2022-07-21,0.7,81.445,0.30000000000000004,30.630000000000003,1.5399999999999956,60.30500000000005
2022-07-22,0.7,81.75999999999999,0.30000000000000004,30.690000000000005,0.375,60.68000000000005
2022-07-25,0.7,81.69,0.30000000000000004,30.78,0.020000000000003126,60.70000000000005
2022-07-26,0.7,80.955,0.30000000000000004,30.300000000000004,-1.2149999999999963,59.485000000000056
2022-07-27,0.7,81.69,0.30000000000000004,30.735000000000007,1.1700000000000017,60.65500000000006
2022-07-28,0.7,81.83,0.30000000000000004,30.795000000000005,0.1999999999999993,60.85500000000006
2022-07-29,0.7,82.6,0.30000000000000004,31.260000000000005,1.2349999999999959,62.09000000000006
2022-08-01,0.7,82.355,0.30000000000000004,31.185000000000006,-0.3199999999999896,61.77000000000007
2022-08-02,0.7,80.88499999999999,0.30000000000000004,30.105000000000004,-2.550000000000015,59.220000000000056
2022-08-03,0.7,81.375,0.30000000000000004,30.300000000000004,0.6850000000000094,59.905000000000065
2022-08-04,0.7,81.585,0.30000000000000004,30.225000000000005,0.13499999999999446,60.04000000000006
2022-08-05,0.7,83.64999999999999,0.30000000000000004,31.800000000000004,3.639999999999997,63.680000000000064
2022-08-08,0.7,83.475,0.30000000000000004,31.635000000000005,-0.3399999999999963,63.34000000000007
2022-08-09,0.7,83.405,0.30000000000000004,31.725000000000005,0.02000000000000668,63.36000000000007
2022-08-10,0.7,82.53,0.30000000000000004,31.200000000000003,-1.4000000000000021,61.960000000000065
2022-08-11,0.7,84.035,0.30000000000000004,32.34,2.644999999999996,64.60500000000006
2022-08-12,0.7,84.55999999999999,0.30000000000000004,32.83500000000001,1.019999999999996,65.62500000000006
2022-08-15,0.7,85.33,0.30000000000000004,33.345000000000006,1.2800000000000082,66.90500000000006
2022-08-16,0.7,85.46999999999998,0.30000000000000004,33.37500000000001,0.1699999999999875,67.07500000000005
2022-08-17,0.7,85.505,0.30000000000000004,33.42000000000001,0.0800000000000125,67.15500000000006
2022-08-18,0.7,84.945,0.30000000000000004,33.120000000000005,-0.8600000000000065,66.29500000000004
2022-08-19,0.7,85.085,0.30000000000000004,33.24,0.259999999999998,66.55500000000004
2022-08-22,0.7,83.86,0.30000000000000004,32.475,-1.9899999999999949,64.56500000000004
2022-08-23,0.7,82.74,0.30000000000000004,31.860000000000007,-1.7349999999999994,62.83000000000004
2022-08-24,0.7,82.53,0.30000000000000004,31.695000000000007,-0.3749999999999929,62.45500000000005
2022-08-25,0.7,83.3,0.30000000000000004,32.34,1.414999999999992,63.87000000000004
2022-08-26,0.7,83.71999999999998,0.30000000000000004,32.64,0.7199999999999847,64.59000000000003
2022-08-29,0.7,81.585,0.30000000000000004,30.930000000000003,-3.844999999999988,60.74500000000005
2022-08-30,0.7,81.725,0.30000000000000004,31.275000000000006,0.485000000000003,61.23000000000005
2022-08-31,0.7,82.32,0.30000000000000004,31.695000000000007,1.0150000000000006,62.24500000000005
2022-09-01,0.7,80.605,0.30000000000000004,30.300000000000004,-3.1099999999999923,59.135000000000055
2022-09-02,0.7,79.73,0.30000000000000004,29.820000000000007,-1.3549999999999969,57.78000000000006
2022-09-05,0.7,79.905,0.30000000000000004,29.865000000000002,0.21999999999999176,58.00000000000005
2022-09-06,0.7,80.42999999999999,0.30000000000000004,29.970000000000006,0.6299999999999955,58.630000000000045
2022-09-07,0.7,78.53999999999999,0.30000000000000004,28.770000000000007,-3.09,55.54000000000005
2022-09-08,0.7,79.1,0.30000000000000004,29.430000000000003,1.2199999999999989,56.76000000000005
2022-09-12,0.7,80.78,0.30000000000000004,30.570000000000007,2.820000000000011,59.580000000000055
2022-09-13,0.7,81.19999999999999,0.30000000000000004,30.855000000000004,0.7049999999999841,60.28500000000004
2022-09-14,0.7,79.55499999999999,0.30000000000000004,29.700000000000003,-2.799999999999997,57.48500000000004
2022-09-15,0.7,79.695,0.30000000000000004,29.895000000000007,0.3350000000000044,57.82000000000005
2022-09-16,0.7,78.785,0.30000000000000004,29.235000000000007,-1.5699999999999967,56.25000000000006
2022-09-19,0.7,78.43499999999999,0.30000000000000004,28.950000000000003,-0.6350000000000122,55.615000000000045
2022-09-20,0.7,79.13499999999999,0.30000000000000004,29.460000000000004,1.2100000000000044,56.825000000000045
2022-09-21,0.7,78.46999999999998,0.30000000000000004,29.010000000000005,-1.1150000000000055,55.710000000000036
2022-09-22,0.7,77.52499999999999,0.30000000000000004,28.260000000000005,-1.6949999999999932,54.01500000000004
2022-09-23,0.7,76.78999999999999,0.30000000000000004,27.810000000000006,-1.1849999999999987,52.83000000000004
2022-09-26,0.7,75.355,0.30000000000000004,26.445000000000007,-2.7999999999999865,50.03000000000006
2022-09-27,0.7,75.25,0.30000000000000004,26.610000000000007,0.05999999999999517,50.09000000000005
2022-09-28,0.7,73.675,0.30000000000000004,25.395000000000007,-2.7900000000000027,47.300000000000054
2022-09-29,0.7,73.42999999999999,0.30000000000000004,25.515000000000004,-0.1250000000000071,47.17500000000005
2022-09-30,0.7,72.41499999999999,0.30000000000000004,24.960000000000004,-1.5700000000000003,45.60500000000005
2022-10-03,0.7,71.53999999999999,0.30000000000000004,24.450000000000003,-1.3850000000000016,44.22000000000004
2022-10-04,0.7,73.36,0.30000000000000004,25.665000000000003,3.0350000000000072,47.25500000000005
2022-10-05,0.7,75.07499999999999,0.30000000000000004,26.490000000000002,2.5399999999999885,49.795000000000044
2022-10-06,0.7,75.6,0.30000000000000004,26.745000000000005,0.7800000000000082,50.57500000000005
2022-10-07,0.7,74.34,0.30000000000000004,26.055000000000003,-1.9499999999999922,48.62500000000006
2022-10-11,0.7,70.49,0.30000000000000004,23.655,-6.250000000000011,42.37500000000004
2022-10-12,0.7,70.14,0.30000000000000004,23.580000000000002,-0.4249999999999936,41.950000000000045
2022-10-13,0.7,69.3,0.30000000000000004,22.680000000000003,-1.740000000000002,40.21000000000004
2022-10-14,0.7,71.29499999999999,0.30000000000000004,23.985000000000003,3.29999999999999,43.51000000000003
2022-10-17,0.7,69.965,0.30000000000000004,23.805000000000003,-1.5099999999999838,42.00000000000005
2022-10-18,0.7,70.77,0.30000000000000004,23.745000000000005,0.7449999999999939,42.74500000000005
2022-10-19,0.7,69.82499999999999,0.30000000000000004,23.340000000000003,-1.3500000000000085,41.39500000000004
2022-10-20,0.7,69.44,0.30000000000000004,23.010000000000005,-0.7149999999999892,40.68000000000005
2022-10-21,0.7,69.23,0.30000000000000004,22.680000000000003,-0.5399999999999956,40.14000000000006
2022-10-24,0.7,69.02,0.30000000000000004,22.875000000000004,-0.015000000000007674,40.12500000000005
2022-10-25,0.7,67.69,0.30000000000000004,22.200000000000003,-2.004999999999999,38.12000000000005
2022-10-26,0.7,68.32,0.30000000000000004,22.44,0.8699999999999939,38.99000000000004
2022-10-27,0.7,69.3,0.30000000000000004,23.085000000000004,1.625000000000007,40.615000000000045
2022-10-28,0.7,68.425,0.30000000000000004,22.470000000000006,-1.4899999999999984,39.12500000000004
2022-10-31,0.7,69.335,0.30000000000000004,23.085000000000004,1.524999999999995,40.650000000000034
2022-11-01,0.7,69.71999999999998,0.30000000000000004,23.460000000000004,0.7599999999999909,41.410000000000025
2022-11-02,0.7,70.0,0.30000000000000004,23.640000000000004,0.46000000000001506,41.87000000000004
2022-11-03,0.7,69.09,0.30000000000000004,23.205000000000002,-1.3449999999999989,40.52500000000004
2022-11-04,0.7,69.195,0.30000000000000004,23.385000000000005,0.28499999999999304,40.81000000000003
2022-11-07,0.7,70.38499999999999,0.30000000000000004,24.090000000000003,1.894999999999996,42.70500000000003
2022-11-08,0.7,71.11999999999999,0.30000000000000004,24.435000000000006,1.0800000000000018,43.785000000000025
2022-11-09,0.7,73.14999999999999,0.30000000000000004,25.560000000000006,3.155000000000001,46.940000000000026
2022-11-10,0.7,72.44999999999999,0.30000000000000004,25.080000000000002,-1.1800000000000068,45.76000000000002
2022-11-11,0.7,76.3,0.30000000000000004,27.195000000000007,5.965000000000014,51.72500000000004
2022-11-14,0.7,77.0,0.30000000000000004,27.660000000000004,1.1649999999999991,52.890000000000036
2022-11-15,0.7,80.28999999999999,0.30000000000000004,29.325000000000003,4.954999999999991,57.84500000000003
2022-11-16,0.7,80.14999999999999,0.30000000000000004,29.340000000000003,-0.125,57.72000000000003
2022-11-17,0.7,80.18499999999999,0.30000000000000004,29.445000000000007,0.14000000000000057,57.86000000000003
2022-11-18,0.7,79.975,0.30000000000000004,29.160000000000004,-0.49499999999999744,57.36500000000003
2022-11-21,0.7,79.695,0.30000000000000004,29.025000000000006,-0.41499999999999915,56.95000000000003
2022-11-22,0.7,80.36,0.30000000000000004,29.355000000000004,0.9950000000000045,57.945000000000036
2022-11-23,0.7,80.91999999999999,0.30000000000000004,29.790000000000003,0.9949999999999868,58.940000000000026
2022-11-24,0.7,81.69,0.30000000000000004,30.465000000000003,1.445000000000011,60.38500000000003
2022-11-25,0.7,81.69,0.30000000000000004,30.240000000000002,-0.22500000000000142,60.16000000000003
2022-11-28,0.7,80.04499999999999,0.30000000000000004,29.355000000000004,-2.5300000000000082,57.630000000000024
2022-11-29,0.7,80.78,0.30000000000000004,29.985000000000007,1.3650000000000162,58.99500000000004
2022-11-30,0.7,81.445,0.30000000000000004,30.630000000000003,1.309999999999988,60.30500000000003
2022-12-01,0.7,82.84499999999998,0.30000000000000004,31.305000000000003,2.074999999999992,62.380000000000024
2022-12-02,0.7,82.11,0.30000000000000004,30.915000000000003,-1.1249999999999858,61.25500000000004
2022-12-05,0.7,82.215,0.30000000000000004,31.065000000000005,0.2550000000000061,61.51000000000005
2022-12-06,0.7,80.71,0.30000000000000004,30.03,-2.5400000000000134,58.970000000000034
2022-12-07,0.7,80.21999999999998,0.30000000000000004,29.730000000000004,-0.7900000000000063,58.18000000000003
2022-12-08,0.7,79.27499999999999,0.30000000000000004,29.250000000000004,-1.4249999999999936,56.75500000000004
2022-12-09,0.7,80.5,0.30000000000000004,30.000000000000004,1.9750000000000085,58.73000000000005
2022-12-12,0.7,79.73,0.30000000000000004,29.520000000000007,-1.249999999999993,57.480000000000054
2022-12-13,0.7,79.38,0.30000000000000004,29.295000000000005,-0.57500000000001,56.905000000000044
2022-12-14,0.7,80.36,0.30000000000000004,30.090000000000003,1.7750000000000021,58.68000000000005
2022-12-15,0.7,80.42999999999999,0.30000000000000004,30.120000000000005,0.09999999999999432,58.780000000000044
2022-12-16,0.7,79.1,0.30000000000000004,29.085000000000004,-2.3649999999999984,56.41500000000005
2022-12-19,0.7,78.645,0.30000000000000004,28.815000000000005,-0.7249999999999979,55.690000000000055
2022-12-20,0.7,77.21,0.30000000000000004,27.750000000000004,-2.5000000000000036,53.190000000000055
2022-12-21,0.7,77.52499999999999,0.30000000000000004,27.960000000000004,0.5249999999999986,53.71500000000005
2022-12-22,0.7,78.82,0.30000000000000004,28.920000000000005,2.2550000000000026,55.970000000000056
2022-12-23,0.7,77.49,0.30000000000000004,28.110000000000007,-2.139999999999997,53.830000000000055
2022-12-26,0.7,77.77,0.30000000000000004,28.305000000000003,0.47499999999999787,54.30500000000005
2022-12-27,0.7,78.11999999999999,0.30000000000000004,28.515000000000004,0.5599999999999952,54.865000000000045
2022-12-28,0.7,77.0,0.30000000000000004,27.720000000000006,-1.9149999999999885,52.95000000000006
2022-12-29,0.7,76.64999999999999,0.30000000000000004,27.510000000000005,-0.5600000000000094,52.39000000000005
2022-12-30,0.7,77.14,0.30000000000000004,27.840000000000003,0.8200000000000074,53.21000000000006
2023-01-03,0.7,77.52499999999999,0.30000000000000004,28.215000000000003,0.7599999999999909,53.97000000000005
2023-01-04,0.7,77.35,0.30000000000000004,28.140000000000004,-0.24999999999999645,53.720000000000056
2023-01-05,0.7,77.91,0.30000000000000004,28.350000000000005,0.7700000000000031,54.49000000000006
2023-01-06,0.7,78.25999999999999,0.30000000000000004,28.770000000000007,0.769999999999996,55.260000000000055
2023-01-09,0.7,81.05999999999999,0.30000000000000004,30.360000000000007,4.389999999999997,59.65000000000005
2023-01-10,0.7,81.375,0.30000000000000004,30.690000000000005,0.6450000000000102,60.29500000000006
2023-01-11,0.7,81.445,0.30000000000000004,30.510000000000005,-0.11000000000000654,60.18500000000005
2023-01-12,0.7,81.09499999999998,0.30000000000000004,30.345000000000006,-0.5150000000000077,59.670000000000044
2023-01-13,0.7,82.03999999999999,0.30000000000000004,30.78,1.3800000000000026,61.05000000000005
2023-01-16,0.7,82.66999999999999,0.30000000000000004,31.200000000000003,1.0499999999999972,62.100000000000044
2023-01-17,0.7,82.66999999999999,0.30000000000000004,31.200000000000003,0.0,62.100000000000044
2023-01-30,0.7,84.49,0.30000000000000004,33.465,4.085000000000008,66.18500000000006
2023-01-31,0.7,82.80999999999999,0.30000000000000004,32.790000000000006,-2.355000000000004,63.830000000000055
2023-02-01,0.7,83.3,0.30000000000000004,33.165000000000006,0.8650000000000091,64.69500000000006
2023-02-02,0.7,84.69999999999999,0.30000000000000004,34.080000000000005,2.3149999999999906,67.01000000000005
2023-02-03,0.7,84.69999999999999,0.30000000000000004,34.065000000000005,-0.015000000000000568,66.99500000000005
2023-02-06,0.7,83.475,0.30000000000000004,33.21000000000001,-2.079999999999991,64.91500000000005
2023-02-07,0.7,83.3,0.30000000000000004,33.21000000000001,-0.17499999999999716,64.74000000000005
2023-02-08,0.7,84.59499999999998,0.30000000000000004,34.095000000000006,2.1799999999999855,66.92000000000004
2023-02-09,0.7,84.63,0.30000000000000004,34.050000000000004,-0.009999999999990905,66.91000000000005
2023-02-10,0.7,84.69999999999999,0.30000000000000004,33.94500000000001,-0.035000000000003695,66.87500000000006
2023-02-13,0.7,84.52499999999999,0.30000000000000004,33.81000000000001,-0.30999999999999517,66.56500000000005
2023-02-14,0.7,85.155,0.30000000000000004,34.35000000000001,1.1700000000000088,67.73500000000007
2023-02-15,0.7,83.195,0.30000000000000004,33.06,-3.250000000000014,64.48500000000006
2023-02-16,0.7,84.21,0.30000000000000004,33.885000000000005,1.8400000000000034,66.32500000000006
2023-02-17,0.7,83.125,0.30000000000000004,33.315000000000005,-1.654999999999994,64.67000000000007
2023-02-20,0.7,83.3,0.30000000000000004,33.60000000000001,0.46000000000000085,65.13000000000008
2023-02-21,0.7,83.265,0.30000000000000004,33.615,-0.020000000000003126,65.11000000000007
2023-02-22,0.7,82.355,0.30000000000000004,32.940000000000005,-1.5849999999999937,63.52500000000008
2023-02-23,0.7,83.58,0.30000000000000004,33.93000000000001,2.2149999999999963,65.74000000000007
2023-02-24,0.7,83.16,0.30000000000000004,33.555,-0.7950000000000088,64.94500000000005
2023-03-01,0.7,83.54499999999999,0.30000000000000004,33.75000000000001,0.5799999999999983,65.52500000000005
2023-03-02,0.7,83.475,0.30000000000000004,33.720000000000006,-0.09999999999999432,65.42500000000005
2023-03-03,0.7,83.54499999999999,0.30000000000000004,33.870000000000005,0.21999999999999176,65.64500000000004
2023-03-06,0.7,84.35,0.30000000000000004,34.635000000000005,1.5700000000000074,67.21500000000005
2023-03-07,0.7,84.91,0.30000000000000004,35.10000000000001,1.0250000000000057,68.24000000000005
2023-03-08,0.7,84.21,0.30000000000000004,34.69500000000001,-1.105000000000004,67.13500000000005
2023-03-09,0.7,84.14,0.30000000000000004,34.50000000000001,-0.26499999999999346,66.87000000000006
2023-03-10,0.7,82.80999999999999,0.30000000000000004,33.300000000000004,-2.5300000000000153,64.34000000000005
2023-03-13,0.7,83.16,0.30000000000000004,33.555,0.605000000000004,64.94500000000005
2023-03-14,0.7,82.25,0.30000000000000004,32.775000000000006,-1.6899999999999906,63.25500000000006
2023-03-15,0.7,82.32,0.30000000000000004,32.940000000000005,0.23499999999999233,63.49000000000005
2023-03-16,0.7,81.93499999999999,0.30000000000000004,32.370000000000005,-0.9550000000000054,62.535000000000046
2023-03-17,0.7,83.265,0.30000000000000004,33.300000000000004,2.260000000000012,64.79500000000006
2023-03-20,0.7,82.66999999999999,0.30000000000000004,33.04500000000001,-0.8500000000000085,63.94500000000005
2023-03-21,0.7,83.05499999999999,0.30000000000000004,33.45,0.7899999999999991,64.73500000000004
2023-03-22,0.7,84.63,0.30000000000000004,34.605000000000004,2.730000000000004,67.46500000000005
2023-03-23,0.7,85.29499999999999,0.30000000000000004,35.10000000000001,1.1599999999999966,68.62500000000004
2023-03-24,0.7,85.53999999999999,0.30000000000000004,35.49,0.634999999999998,69.26000000000005
2023-03-27,0.7,85.015,0.30000000000000004,35.07000000000001,-0.9449999999999861,68.31500000000005
2023-03-28,0.7,84.28,0.30000000000000004,34.35000000000001,-1.4549999999999983,66.86000000000006
2023-03-29,0.7,84.41999999999999,0.30000000000000004,34.635000000000005,0.42499999999998295,67.28500000000004
2023-03-30,0.7,84.84,0.30000000000000004,35.040000000000006,0.825000000000017,68.11000000000006
2023-03-31,0.7,85.11999999999999,0.30000000000000004,35.25000000000001,0.4899999999999878,68.60000000000005
2023-04-06,0.7,84.69999999999999,0.30000000000000004,34.800000000000004,-0.8700000000000045,67.73000000000005
2023-04-07,0.7,84.69999999999999,0.30000000000000004,34.980000000000004,0.17999999999999972,67.91000000000005
2023-04-10,0.7,84.69999999999999,0.30000000000000004,35.205000000000005,0.22500000000000142,68.13500000000005
2023-04-11,0.7,84.59499999999998,0.30000000000000004,35.370000000000005,0.05999999999999517,68.19500000000005
2023-04-12,0.7,84.38499999999999,0.30000000000000004,35.370000000000005,-0.20999999999999375,67.98500000000006
2023-04-13,0.7,83.64999999999999,0.30000000000000004,34.87500000000001,-1.2299999999999969,66.75500000000005
2023-04-14,0.7,84.455,0.30000000000000004,35.535000000000004,1.4650000000000034,68.22000000000006
2023-04-17,0.7,84.24499999999999,0.30000000000000004,35.400000000000006,-0.34500000000000597,67.87500000000006
2023-04-18,0.7,83.965,0.30000000000000004,35.14500000000001,-0.5349999999999824,67.34000000000007
2023-04-19,0.7,83.335,0.30000000000000004,34.830000000000005,-0.9450000000000145,66.39500000000007
2023-04-20,0.7,83.23,0.30000000000000004,34.50000000000001,-0.43499999999998806,65.96000000000008
2023-04-21,0.7,83.02,0.30000000000000004,34.11000000000001,-0.6000000000000085,65.36000000000007
2023-04-24,0.7,82.705,0.30000000000000004,34.14000000000001,-0.2849999999999966,65.07500000000007
2023-04-25,0.7,81.61999999999999,0.30000000000000004,33.06,-2.1650000000000134,62.91000000000006
2023-04-26,0.7,81.27,0.30000000000000004,33.03,-0.37999999999999545,62.530000000000065
2023-04-27,0.7,81.19999999999999,0.30000000000000004,33.09,-0.010000000000005116,62.52000000000006
2023-04-28,0.7,82.17999999999999,0.30000000000000004,33.855000000000004,1.7450000000000045,64.26500000000007
2023-05-02,0.7,82.39,0.30000000000000004,34.12500000000001,0.4800000000000111,64.74500000000009
2023-05-03,0.7,82.03999999999999,0.30000000000000004,33.79500000000001,-0.6800000000000068,64.06500000000008
2023-05-04,0.7,82.25,0.30000000000000004,34.005,0.4200000000000017,64.48500000000008
2023-05-05,0.7,82.46,0.30000000000000004,34.11000000000001,0.3149999999999977,64.80000000000008
2023-05-08,0.7,82.985,0.30000000000000004,34.455000000000005,0.8700000000000045,65.67000000000009
2023-05-09,0.7,83.23,0.30000000000000004,34.575,0.365000000000002,66.03500000000008
2023-05-10,0.7,82.46,0.30000000000000004,33.99,-1.355000000000011,64.68000000000006
2023-05-11,0.7,82.285,0.30000000000000004,33.64500000000001,-0.5199999999999889,64.16000000000008
2023-05-12,0.7,82.03999999999999,0.30000000000000004,33.64500000000001,-0.24500000000000455,63.91500000000008
2023-05-15,0.7,82.03999999999999,0.30000000000000004,33.555,-0.09000000000001052,63.82500000000007
2023-05-16,0.7,83.02,0.30000000000000004,34.410000000000004,1.835000000000008,65.66000000000008
2023-05-17,0.7,84.38499999999999,0.30000000000000004,35.46000000000001,2.414999999999999,68.07500000000007
2023-05-18,0.7,85.505,0.30000000000000004,36.285000000000004,1.9450000000000003,70.02000000000007
2023-05-19,0.7,85.75,0.30000000000000004,36.60000000000001,0.5600000000000094,70.58000000000007
2023-05-22,0.7,85.61,0.30000000000000004,36.540000000000006,-0.20000000000000284,70.38000000000007
2023-05-23,0.7,85.53999999999999,0.30000000000000004,36.63,0.019999999999988916,70.40000000000006
2023-05-24,0.7,85.11999999999999,0.30000000000000004,36.345000000000006,-0.7049999999999983,69.69500000000006
2023-05-25,0.7,86.13499999999999,0.30000000000000004,36.97500000000001,1.6450000000000031,71.34000000000006
2023-05-26,0.7,88.16499999999999,0.30000000000000004,38.10000000000001,3.155000000000001,74.49500000000006
2023-05-29,0.7,88.725,0.30000000000000004,38.730000000000004,1.1899999999999977,75.68500000000006
2023-05-30,0.7,88.725,0.30000000000000004,38.760000000000005,0.030000000000001137,75.71500000000006
2023-05-31,0.7,88.30499999999999,0.30000000000000004,38.47500000000001,-0.7049999999999983,75.01000000000006
2023-06-01,0.7,87.605,0.30000000000000004,38.23500000000001,-0.9399999999999906,74.07000000000008
2023-06-02,0.7,88.725,0.30000000000000004,39.24000000000001,2.124999999999993,76.19500000000008
2023-06-05,0.7,88.445,0.30000000000000004,39.105000000000004,-0.41500000000000625,75.78000000000007
2023-06-06,0.7,88.69,0.30000000000000004,39.330000000000005,0.47000000000000597,76.25000000000009
2023-06-07,0.7,89.66999999999999,0.30000000000000004,40.14000000000001,1.789999999999992,78.04000000000008
2023-06-08,0.7,88.79499999999999,0.30000000000000004,39.24000000000001,-1.7749999999999986,76.26500000000007
2023-06-09,0.7,89.46,0.30000000000000004,39.99000000000001,1.4150000000000063,77.68000000000008
2023-06-12,0.7,90.3,0.30000000000000004,40.425000000000004,1.2749999999999986,78.95500000000007
2023-06-13,0.7,92.08500000000001,0.30000000000000004,41.80500000000001,3.1650000000000134,82.12000000000009
2023-06-14,0.7,92.05,0.30000000000000004,41.760000000000005,-0.0800000000000125,82.04000000000008
2023-06-15,0.7,92.33,0.30000000000000004,42.255,0.7749999999999986,82.81500000000008
2023-06-16,0.7,92.08500000000001,0.30000000000000004,41.955000000000005,-0.5449999999999875,82.2700000000001
2023-06-19,0.7,91.875,0.30000000000000004,41.835,-0.3300000000000125,81.94000000000008
2023-06-20,0.7,91.385,0.30000000000000004,41.535000000000004,-0.789999999999992,81.15000000000009
2023-06-21,0.7,91.385,0.30000000000000004,41.52000000000001,-0.014999999999993463,81.1350000000001
2023-06-26,0.7,90.82499999999999,0.30000000000000004,40.86,-1.2200000000000273,79.91500000000008
2023-06-27,0.7,90.23,0.30000000000000004,40.185,-1.2699999999999818,78.6450000000001
2023-06-28,0.7,90.36999999999999,0.30000000000000004,40.290000000000006,0.24499999999999034,78.89000000000009
2023-06-29,0.7,90.33500000000001,0.30000000000000004,40.335,0.010000000000012221,78.90000000000009
2023-06-30,0.7,90.36999999999999,0.30000000000000004,40.575,0.27499999999998437,79.17500000000007
2023-07-03,0.7,91.48999999999998,0.30000000000000004,41.62500000000001,2.1699999999999946,81.34500000000006
2023-07-04,0.7,91.69999999999999,0.30000000000000004,41.970000000000006,0.5550000000000068,81.90000000000006
2023-07-05,0.7,91.56,0.30000000000000004,41.49000000000001,-0.6199999999999832,81.28000000000009
2023-07-06,0.7,89.53,0.30000000000000004,40.005,-3.5150000000000077,77.76500000000007
2023-07-07,0.7,89.39,0.30000000000000004,39.63,-0.5150000000000006,77.25000000000007
2023-07-10,0.7,89.215,0.30000000000000004,39.480000000000004,-0.32499999999999574,76.92500000000007
2023-07-11,0.7,90.43999999999998,0.30000000000000004,40.69500000000001,2.4399999999999835,79.36500000000005
2023-07-12,0.7,90.61499999999998,0.30000000000000004,40.92000000000001,0.3999999999999986,79.76500000000004
2023-07-13,0.7,91.63,0.30000000000000004,41.775000000000006,1.8700000000000117,81.63500000000005
2023-07-14,0.7,92.57499999999999,0.30000000000000004,42.720000000000006,1.8899999999999935,83.52500000000003
2023-07-17,0.7,92.39999999999999,0.30000000000000004,42.720000000000006,-0.17499999999999716,83.35000000000004
2023-07-18,0.7,90.895,0.30000000000000004,42.39000000000001,-1.8349999999999937,81.51500000000004
2023-07-19,0.7,90.125,0.30000000000000004,41.88,-1.2800000000000011,80.23500000000004
2023-07-20,0.7,90.54499999999999,0.30000000000000004,42.105000000000004,0.6449999999999889,80.88000000000002
2023-07-21,0.7,89.03999999999999,0.30000000000000004,41.31,-2.299999999999997,78.58000000000003
2023-07-24,0.7,89.07499999999999,0.30000000000000004,41.44500000000001,0.1700000000000017,78.75000000000003
2023-07-25,0.7,90.195,0.30000000000000004,42.405,2.0799999999999983,80.83000000000003
2023-07-26,0.7,89.94999999999999,0.30000000000000004,42.09000000000001,-0.5599999999999952,80.27000000000004
2023-07-27,0.7,90.64999999999999,0.30000000000000004,42.720000000000006,1.3299999999999983,81.60000000000004
2023-07-28,0.7,90.64999999999999,0.30000000000000004,42.75000000000001,0.030000000000001137,81.63000000000004
2023-07-31,0.7,90.16,0.30000000000000004,41.955000000000005,-1.2849999999999966,80.34500000000004
2023-08-01,0.7,90.61499999999998,0.30000000000000004,42.45,0.9499999999999815,81.29500000000002
2023-08-02,0.7,89.49499999999999,0.30000000000000004,40.785000000000004,-2.7849999999999895,78.51000000000002
2023-08-04,0.7,89.07499999999999,0.30000000000000004,40.72500000000001,-0.4799999999999969,78.03000000000003
2023-08-07,0.7,89.94999999999999,0.30000000000000004,41.64000000000001,1.7899999999999991,79.82000000000002
2023-08-08,0.7,88.89999999999999,0.30000000000000004,40.785000000000004,-1.9050000000000011,77.91500000000002
2023-08-09,0.7,89.03999999999999,0.30000000000000004,40.77000000000001,0.1250000000000071,78.04000000000002
2023-08-10,0.7,88.48,0.30000000000000004,39.79500000000001,-1.5349999999999895,76.50500000000002
2023-08-11,0.7,88.41,0.30000000000000004,39.76500000000001,-0.10000000000000853,76.40500000000002
2023-08-14,0.7,87.14999999999999,0.30000000000000004,38.44500000000001,-2.5800000000000054,73.82500000000002
2023-08-15,0.7,87.28999999999999,0.30000000000000004,38.85000000000001,0.5450000000000017,74.37000000000002
2023-08-16,0.7,86.835,0.30000000000000004,38.655,-0.6500000000000057,73.72000000000001
2023-08-17,0.7,87.21999999999998,0.30000000000000004,39.135000000000005,0.8649999999999949,74.58500000000001
2023-08-18,0.7,86.695,0.30000000000000004,38.44500000000001,-1.2149999999999892,73.37000000000002
2023-08-21,0.7,86.1,0.30000000000000004,38.400000000000006,-0.6400000000000006,72.73000000000002
2023-08-22,0.7,86.8,0.30000000000000004,38.730000000000004,1.0300000000000011,73.76000000000002
2023-08-23,0.7,87.395,0.30000000000000004,39.435,1.2999999999999972,75.06000000000002
2023-08-24,0.7,88.89999999999999,0.30000000000000004,40.410000000000004,2.479999999999997,77.54000000000002
2023-08-25,0.7,87.18499999999999,0.30000000000000004,38.80500000000001,-3.3200000000000003,74.22000000000003
2023-08-28,0.7,87.74499999999999,0.30000000000000004,39.120000000000005,0.875,75.09500000000003
2023-08-29,0.7,88.235,0.30000000000000004,39.75000000000001,1.1200000000000117,76.21500000000003
2023-08-30,0.7,88.61999999999999,0.30000000000000004,40.185,0.8199999999999861,77.03500000000003
2023-08-31,0.7,87.99,0.30000000000000004,39.705000000000005,-1.1099999999999923,75.92500000000004
2023-09-01,0.7,88.13,0.30000000000000004,39.915000000000006,0.3500000000000014,76.27500000000003
2023-09-04,0.7,88.725,0.30000000000000004,40.335,1.0149999999999935,77.29000000000002
2023-09-05,0.7,88.515,0.30000000000000004,40.36500000000001,-0.1799999999999855,77.11000000000004
2023-09-06,0.7,88.19999999999999,0.30000000000000004,40.14000000000001,-0.5400000000000134,76.57000000000002
2023-09-07,0.7,87.395,0.30000000000000004,39.435,-1.509999999999998,75.06000000000003
2023-09-08,0.7,87.00999999999999,0.30000000000000004,39.31500000000001,-0.5049999999999955,74.55500000000004
2023-09-11,0.7,86.66,0.30000000000000004,38.67000000000001,-0.9949999999999974,73.56000000000003
2023-09-12,0.7,87.535,0.30000000000000004,39.39000000000001,1.5949999999999989,75.15500000000003
2023-09-13,0.7,87.64,0.30000000000000004,39.510000000000005,0.22500000000000142,75.38000000000002
2023-09-14,0.7,88.865,0.30000000000000004,40.71,2.42499999999999,77.805
2023-09-15,0.7,89.145,0.30000000000000004,41.025000000000006,0.595000000000006,78.4
2023-09-18,0.7,88.19999999999999,0.30000000000000004,40.095000000000006,-1.875000000000007,76.525
2023-09-19,0.7,87.815,0.30000000000000004,39.660000000000004,-0.8199999999999932,75.70500000000001
2023-09-20,0.7,87.32499999999999,0.30000000000000004,39.300000000000004,-0.8500000000000085,74.855
2023-09-21,0.7,85.925,0.30000000000000004,38.07000000000001,-2.6299999999999883,72.22500000000002
2023-09-22,0.7,85.855,0.30000000000000004,38.23500000000001,0.09500000000000597,72.32000000000002
2023-09-25,0.7,86.485,0.30000000000000004,38.835,1.2299999999999898,73.55000000000001
2023-09-26,0.7,85.46999999999998,0.30000000000000004,37.93500000000001,-1.9150000000000063,71.635
2023-09-27,0.7,85.505,0.30000000000000004,38.07000000000001,0.1700000000000088,71.805
2023-09-28,0.7,85.855,0.30000000000000004,38.34,0.6200000000000045,72.42500000000001
2023-10-02,0.7,86.975,0.30000000000000004,39.31500000000001,2.094999999999999,74.52000000000001
2023-10-03,0.7,86.44999999999999,0.30000000000000004,38.685,-1.1550000000000153,73.365
2023-10-04,0.7,85.33,0.30000000000000004,37.830000000000005,-1.9749999999999872,71.39000000000001
2023-10-05,0.7,86.55499999999999,0.30000000000000004,38.85000000000001,2.2449999999999974,73.63500000000002
2023-10-06,0.7,86.86999999999999,0.30000000000000004,39.105000000000004,0.5699999999999932,74.20500000000001
2023-10-11,0.7,88.375,0.30000000000000004,39.96,2.3600000000000065,76.56500000000003
2023-10-12,0.7,89.11,0.30000000000000004,40.59000000000001,1.365000000000009,77.93000000000004
2023-10-13,0.7,88.865,0.30000000000000004,40.275000000000006,-0.5600000000000094,77.37000000000003
2023-10-16,0.7,88.375,0.30000000000000004,39.69000000000001,-1.0749999999999886,76.29500000000004
2023-10-17,0.7,88.585,0.30000000000000004,39.64500000000001,0.16499999999999204,76.46000000000004
2023-10-18,0.7,87.36,0.30000000000000004,38.82000000000001,-2.049999999999997,74.41000000000004
2023-10-19,0.7,87.395,0.30000000000000004,38.760000000000005,-0.025000000000005684,74.38500000000003
2023-10-20,0.7,87.78,0.30000000000000004,38.61,0.23499999999999943,74.62000000000003
2023-10-23,0.7,86.695,0.30000000000000004,37.800000000000004,-1.8950000000000031,72.72500000000002
2023-10-24,0.7,86.765,0.30000000000000004,38.175000000000004,0.4450000000000074,73.17000000000003
2023-10-25,0.7,86.94,0.30000000000000004,38.385000000000005,0.384999999999998,73.55500000000004
2023-10-26,0.7,85.225,0.30000000000000004,36.825,-3.2750000000000057,70.28000000000003
2023-10-27,0.7,85.61,0.30000000000000004,37.230000000000004,0.7900000000000063,71.07000000000004
2023-10-30,0.7,85.39999999999999,0.30000000000000004,37.2,-0.2400000000000091,70.83000000000003
2023-10-31,0.7,84.80499999999999,0.30000000000000004,36.540000000000006,-1.2549999999999955,69.57500000000003
2023-11-01,0.7,85.225,0.30000000000000004,36.870000000000005,0.75,70.32500000000003
2023-11-02,0.7,87.14999999999999,0.30000000000000004,38.355000000000004,3.4099999999999966,73.73500000000003
2023-11-03,0.7,87.815,0.30000000000000004,38.88,1.1900000000000048,74.92500000000004
2023-11-06,0.7,88.585,0.30000000000000004,39.675000000000004,1.5649999999999977,76.49000000000004
2023-11-07,0.7,88.55,0.30000000000000004,39.69000000000001,-0.019999999999988916,76.47000000000006
2023-11-08,0.7,89.03999999999999,0.30000000000000004,40.050000000000004,0.8499999999999872,77.32000000000005
2023-11-09,0.7,89.07499999999999,0.30000000000000004,40.095000000000006,0.0799999999999983,77.40000000000005
2023-11-10,0.7,88.725,0.30000000000000004,39.720000000000006,-0.7249999999999943,76.67500000000005
2023-11-13,0.7,90.08999999999999,0.30000000000000004,40.620000000000005,2.2649999999999935,78.94000000000005
2023-11-14,0.7,90.3,0.30000000000000004,40.995000000000005,0.585000000000008,79.52500000000006
2023-11-15,0.7,91.385,0.30000000000000004,41.94000000000001,2.0300000000000153,81.55500000000008
2023-11-16,0.7,91.41999999999999,0.30000000000000004,41.985,0.07999999999996987,81.63500000000005
2023-11-17,0.7,91.69999999999999,0.30000000000000004,42.21,0.5050000000000026,82.14000000000004
2023-11-20,0.7,91.66499999999999,0.30000000000000004,42.135000000000005,-0.10999999999999233,82.03000000000006
2023-11-21,0.7,92.785,0.30000000000000004,43.17000000000001,2.1550000000000082,84.18500000000006
2023-11-22,0.7,91.945,0.30000000000000004,42.55500000000001,-1.4550000000000054,82.73000000000005
2023-11-23,0.7,91.91,0.30000000000000004,42.525000000000006,-0.06499999999999773,82.66500000000005
2023-11-24,0.7,91.83999999999999,0.30000000000000004,42.585,-0.010000000000012221,82.65500000000003
2023-11-27,0.7,91.24499999999999,0.30000000000000004,41.82000000000001,-1.3599999999999923,81.29500000000004
2023-11-28,0.7,91.875,0.30000000000000004,42.855000000000004,1.6650000000000063,82.96000000000005
2023-11-29,0.7,91.80499999999999,0.30000000000000004,42.79500000000001,-0.13000000000000256,82.83000000000004
2023-11-30,0.7,91.945,0.30000000000000004,43.050000000000004,0.394999999999996,83.22500000000004
2023-12-01,0.7,92.26,0.30000000000000004,43.14000000000001,0.40500000000001535,83.63000000000005
2023-12-04,0.7,91.91,0.30000000000000004,43.11,-0.38000000000001677,83.25000000000003
2023-12-05,0.7,91.24499999999999,0.30000000000000004,42.525000000000006,-1.25,82.00000000000003
2023-12-06,0.7,91.56,0.30000000000000004,42.900000000000006,0.6900000000000119,82.69000000000004
2023-12-07,0.7,91.0,0.30000000000000004,42.39000000000001,-1.0700000000000003,81.62000000000003
2023-12-08,0.7,91.735,0.30000000000000004,42.915000000000006,1.259999999999998,82.88000000000002
2023-12-11,0.7,91.83999999999999,0.30000000000000004,43.06500000000001,0.25499999999999545,83.13500000000002
2023-12-12,0.7,92.05,0.30000000000000004,43.275000000000006,0.4200000000000017,83.55500000000002
2023-12-13,0.7,92.08500000000001,0.30000000000000004,43.29000000000001,0.050000000000018474,83.60500000000005
2023-12-14,0.7,93.205,0.30000000000000004,44.31,2.1399999999999793,85.74500000000003
2023-12-15,0.7,93.58999999999999,0.30000000000000004,44.505,0.5799999999999912,86.32500000000002
2023-12-18,0.7,93.73,0.30000000000000004,44.355000000000004,-0.0099999999999838,86.31500000000003
2023-12-19,0.7,93.38,0.30000000000000004,43.89000000000001,-0.8150000000000048,85.50000000000003
2023-12-20,0.7,93.625,0.30000000000000004,44.44500000000001,0.8000000000000043,86.30000000000004
2023-12-21,0.7,92.82,0.30000000000000004,43.71,-1.5400000000000134,84.76000000000002
2023-12-22,0.7,93.06499999999998,0.30000000000000004,43.86000000000001,0.394999999999996,85.15500000000002
2023-12-25,0.7,93.44999999999999,0.30000000000000004,44.14500000000001,0.6700000000000088,85.82500000000002
2023-12-26,0.7,93.975,0.30000000000000004,44.730000000000004,1.1099999999999994,86.93500000000002
2023-12-27,0.7,95.02499999999999,0.30000000000000004,45.42000000000001,1.740000000000002,88.67500000000001
2023-12-28,0.7,95.02499999999999,0.30000000000000004,45.345000000000006,-0.07500000000000284,88.60000000000001
2023-12-29,0.7,94.81499999999998,0.30000000000000004,45.36000000000001,-0.1950000000000074,88.405
2024-01-02,0.7,94.42999999999999,0.30000000000000004,44.98500000000001,-0.7599999999999909,87.64500000000001
2024-01-03,0.7,92.785,0.30000000000000004,43.77000000000001,-2.8599999999999923,84.78500000000003
2024-01-04,0.7,92.75,0.30000000000000004,43.71,-0.09500000000000597,84.69000000000003
2024-01-05,0.7,92.505,0.30000000000000004,43.54500000000001,-0.4099999999999966,84.28000000000003
2024-01-08,0.7,92.925,0.30000000000000004,43.90500000000001,0.7800000000000011,85.06000000000003
2024-01-09,0.7,93.1,0.30000000000000004,43.86000000000001,0.12999999999999545,85.19000000000003
2024-01-10,0.7,92.61,0.30000000000000004,43.335,-1.0150000000000006,84.17500000000003
2024-01-11,0.7,92.99499999999999,0.30000000000000004,43.89000000000001,0.9399999999999977,85.11500000000002
2024-01-12,0.7,92.855,0.30000000000000004,43.57500000000001,-0.4549999999999841,84.66000000000004
2024-01-15,0.7,93.1,0.30000000000000004,43.90500000000001,0.5749999999999886,85.23500000000003
2024-01-16,0.7,92.155,0.30000000000000004,42.900000000000006,-1.9499999999999957,83.28500000000003
2024-01-17,0.7,89.215,0.30000000000000004,42.18000000000001,-3.6599999999999966,79.62500000000003
2024-01-18,0.7,89.81,0.30000000000000004,42.345000000000006,0.759999999999998,80.38500000000002
2024-01-19,0.7,93.03,0.30000000000000004,44.41500000000001,5.290000000000006,85.67500000000003
2024-01-22,0.7,93.66,0.30000000000000004,45.06,1.2749999999999844,86.95000000000002
2024-01-23,0.7,93.83500000000001,0.30000000000000004,45.36000000000001,0.47500000000001563,87.42500000000004
2024-01-24,0.7,93.8,0.30000000000000004,45.42000000000001,0.024999999999991473,87.45000000000003
2024-01-25,0.7,94.955,0.30000000000000004,46.050000000000004,1.7849999999999966,89.23500000000003
2024-01-26,0.7,94.955,0.30000000000000004,45.93000000000001,-0.11999999999999744,89.11500000000004
2024-01-29,0.7,95.55,0.30000000000000004,46.71,1.374999999999993,90.49000000000004
2024-01-30,0.7,95.30499999999999,0.30000000000000004,46.54500000000001,-0.4099999999999966,90.08000000000004
2024-01-31,0.7,94.04499999999999,0.30000000000000004,45.60000000000001,-2.2050000000000054,87.87500000000003
2024-02-01,0.7,94.04499999999999,0.30000000000000004,45.79500000000001,0.19500000000000028,88.07000000000002
2024-02-02,0.7,94.57,0.30000000000000004,46.470000000000006,1.2000000000000028,89.27000000000002
2024-02-05,0.7,95.16499999999999,0.30000000000000004,46.51500000000001,0.6400000000000006,89.91000000000003
2024-02-15,0.7,99.645,0.30000000000000004,49.56,7.524999999999999,97.43500000000003
2024-02-16,0.7,98.91,0.30000000000000004,49.44000000000001,-0.8549999999999898,96.58000000000004
2024-02-19,0.7,98.77,0.30000000000000004,49.50000000000001,-0.0800000000000054,96.50000000000003
2024-02-20,0.7,99.155,0.30000000000000004,49.845000000000006,0.730000000000004,97.23000000000003
2024-02-21,0.7,98.83999999999999,0.30000000000000004,49.56,-0.6000000000000156,96.63000000000002
2024-02-22,0.7,99.96000000000001,0.30000000000000004,50.67000000000001,2.2300000000000253,98.86000000000004
2024-02-23,0.7,100.625,0.30000000000000004,50.835,0.8299999999999841,99.69000000000003
2024-02-26,0.7,100.76499999999999,0.30000000000000004,51.150000000000006,0.4549999999999912,100.14500000000001
2024-02-27,0.7,100.34499999999998,0.30000000000000004,50.65500000000001,-0.9149999999999991,99.23000000000002
2024-02-29,0.7,100.31,0.30000000000000004,51.04500000000001,0.3550000000000182,99.58500000000004
2024-03-01,0.7,99.96000000000001,0.30000000000000004,50.955000000000005,-0.4399999999999977,99.14500000000004
2024-03-04,0.7,102.86499999999998,0.30000000000000004,52.90500000000001,4.854999999999976,104.00000000000001
2024-03-05,0.7,103.705,0.30000000000000004,53.43000000000001,1.3650000000000162,105.36500000000004
2024-03-06,0.7,104.195,0.30000000000000004,54.03000000000001,1.0899999999999963,106.45500000000004
2024-03-07,0.7,106.61,0.30000000000000004,55.260000000000005,3.645000000000003,110.10000000000005
2024-03-08,0.7,108.11499999999998,0.30000000000000004,55.830000000000005,2.0749999999999815,112.17500000000004
2024-03-11,0.7,107.03,0.30000000000000004,55.44000000000001,-1.474999999999973,110.70000000000007
2024-03-12,0.7,108.14999999999999,0.30000000000000004,56.640000000000015,2.319999999999993,113.02000000000007
2024-03-13,0.7,108.675,0.30000000000000004,56.59500000000001,0.480000000000004,113.50000000000007
2024-03-14,0.7,108.57,0.30000000000000004,56.52000000000001,-0.18000000000000682,113.32000000000006
2024-03-15,0.7,107.1,0.30000000000000004,55.605000000000004,-2.385000000000005,110.93500000000006
2024-03-18,0.7,108.08,0.30000000000000004,56.43000000000001,1.8050000000000068,112.74000000000007
2024-03-19,0.7,107.83500000000001,0.30000000000000004,56.265000000000015,-0.4099999999999824,112.33000000000008
2024-03-20,0.7,107.23999999999998,0.30000000000000004,55.81500000000001,-1.0450000000000301,111.28500000000005
2024-03-21,0.7,110.17999999999999,0.30000000000000004,58.230000000000004,5.355000000000004,116.64000000000006
2024-03-22,0.7,110.03999999999999,0.30000000000000004,58.080000000000005,-0.28999999999999915,116.35000000000005
2024-03-25,0.7,110.25,0.30000000000000004,58.24500000000001,0.3750000000000142,116.72500000000007
2024-03-26,0.7,110.32,0.30000000000000004,57.900000000000006,-0.2750000000000128,116.45000000000005
2024-03-27,0.7,110.355,0.30000000000000004,58.30500000000001,0.44000000000001194,116.89000000000006
2024-03-28,0.7,109.83,0.30000000000000004,58.035000000000004,-0.7950000000000088,116.09500000000006
2024-03-29,0.7,110.53,0.30000000000000004,58.410000000000004,1.0750000000000028,117.17000000000006
2024-04-01,0.7,110.17999999999999,0.30000000000000004,58.36500000000001,-0.3950000000000031,116.77500000000006
2024-04-02,0.7,111.755,0.30000000000000004,59.760000000000005,2.969999999999999,119.74500000000006
2024-04-03,0.7,110.985,0.30000000000000004,58.96500000000001,-1.5649999999999906,118.18000000000006
2024-04-08,0.7,111.61499999999998,0.30000000000000004,59.49000000000001,1.1549999999999798,119.33500000000004
2024-04-09,0.7,114.27499999999999,0.30000000000000004,61.890000000000015,5.0600000000000165,124.39500000000005
2024-04-10,0.7,114.1,0.30000000000000004,61.69500000000001,-0.37000000000000455,124.02500000000005
2024-04-11,0.7,113.74999999999999,0.30000000000000004,61.140000000000015,-0.9050000000000011,123.12000000000005
2024-04-12,0.7,113.46999999999998,0.30000000000000004,61.21500000000001,-0.2050000000000054,122.91500000000005
2024-04-15,0.7,112.0,0.30000000000000004,59.74500000000001,-2.9399999999999835,119.97500000000007
2024-04-16,0.7,108.955,0.30000000000000004,56.25000000000001,-6.540000000000006,113.43500000000006
2024-04-17,0.7,110.17999999999999,0.30000000000000004,57.63000000000001,2.604999999999997,116.04000000000005
2024-04-18,0.7,111.26499999999999,0.30000000000000004,58.30500000000001,1.759999999999991,117.80000000000004
2024-04-19,0.7,105.63,0.30000000000000004,53.70000000000001,-10.239999999999988,107.56000000000006
2024-04-22,0.7,105.31499999999998,0.30000000000000004,53.535000000000004,-0.4800000000000182,107.08000000000004
2024-04-23,0.7,106.33,0.30000000000000004,54.510000000000005,1.9900000000000162,109.07000000000005
2024-04-24,0.7,109.445,0.30000000000000004,57.285000000000004,5.8899999999999935,114.96000000000004
2024-04-25,0.7,107.44999999999999,0.30000000000000004,55.50000000000001,-3.780000000000001,111.18000000000004
2024-04-26,0.7,109.19999999999999,0.30000000000000004,57.18000000000001,3.4299999999999997,114.61000000000004
2024-04-29,0.7,111.16,0.30000000000000004,59.25000000000001,4.030000000000008,118.64000000000004
2024-04-30,0.7,110.77499999999999,0.30000000000000004,58.90500000000001,-0.730000000000004,117.91000000000004
2024-05-02,0.7,109.30499999999999,0.30000000000000004,57.93000000000001,-2.4450000000000003,115.46500000000003
2024-05-03,0.7,109.86499999999998,0.30000000000000004,58.20000000000001,0.8299999999999912,116.29500000000002
2024-05-06,0.7,111.43999999999998,0.30000000000000004,59.65500000000001,3.030000000000001,119.32500000000002
2024-05-07,0.7,112.07,0.30000000000000004,60.015000000000015,0.9900000000000162,120.31500000000003
2024-05-08,0.7,112.48999999999998,0.30000000000000004,60.36000000000001,0.7649999999999793,121.08000000000001
2024-05-09,0.7,112.35,0.30000000000000004,59.86500000000001,-0.6349999999999838,120.44500000000002
2024-05-10,0.7,113.155,0.30000000000000004,60.79500000000001,1.7350000000000065,122.18000000000004
2024-05-13,0.7,114.31,0.30000000000000004,61.29000000000001,1.6500000000000057,123.83000000000004
2024-05-14,0.7,115.08,0.30000000000000004,62.11500000000001,1.5949999999999918,125.42500000000004
2024-05-15,0.7,116.655,0.30000000000000004,63.42000000000001,2.8800000000000026,128.30500000000004
2024-05-16,0.7,117.21499999999999,0.30000000000000004,64.245,1.3849999999999838,129.69000000000003
2024-05-17,0.7,117.07499999999999,0.30000000000000004,64.00500000000001,-0.37999999999999545,129.31000000000003
2024-05-20,0.7,117.03999999999998,0.30000000000000004,63.97500000000001,-0.06500000000001194,129.245
2024-05-21,0.7,116.89999999999999,0.30000000000000004,63.73500000000001,-0.37999999999998835,128.865
2024-05-22,0.7,118.99999999999999,0.30000000000000004,65.61,3.974999999999987,132.84
2024-05-23,0.7,119.91,0.30000000000000004,65.86500000000001,1.1650000000000205,134.00500000000002
2024-05-24,0.7,119.41999999999999,0.30000000000000004,65.685,-0.6700000000000159,133.335
2024-05-27,0.7,121.06499999999998,0.30000000000000004,67.36500000000001,3.325000000000003,136.66000000000003
2024-05-28,0.7,121.23999999999998,0.30000000000000004,67.95000000000002,0.7600000000000051,137.42000000000002
2024-05-29,0.7,119.59499999999998,0.30000000000000004,66.58500000000001,-3.010000000000005,134.41000000000003
2024-05-30,0.7,117.53,0.30000000000000004,64.29,-4.359999999999985,130.05000000000004
2024-05-31,0.7,116.19999999999999,0.30000000000000004,63.63000000000001,-1.990000000000009,128.06000000000003
2024-06-03,0.7,118.685,0.30000000000000004,65.86500000000001,4.720000000000013,132.78000000000003
2024-06-04,0.7,116.79499999999999,0.30000000000000004,64.02000000000001,-3.7350000000000136,129.04500000000002
2024-06-05,0.7,117.91499999999998,0.30000000000000004,64.65,1.7499999999999858,130.79500000000002
2024-06-06,0.7,121.93999999999998,0.30000000000000004,67.33500000000001,6.710000000000008,137.50500000000002
2024-06-07,0.7,120.99499999999999,0.30000000000000004,67.11,-1.1700000000000017,136.33500000000004
2024-06-11,0.7,121.31,0.30000000000000004,66.915,0.12000000000001876,136.45500000000004
2024-06-12,0.7,123.47999999999999,0.30000000000000004,68.43,3.684999999999988,140.14000000000004
2024-06-13,0.7,125.26499999999999,0.30000000000000004,70.26,3.614999999999995,143.75500000000005
2024-06-14,0.7,125.99999999999999,0.30000000000000004,71.13000000000001,1.605000000000004,145.36000000000007
2024-06-17,0.7,125.99999999999999,0.30000000000000004,71.13000000000001,0.0,145.36000000000007
2024-06-18,0.7,128.1,0.30000000000000004,73.24500000000002,4.215000000000018,149.5750000000001
2024-06-19,0.7,131.565,0.30000000000000004,76.185,6.404999999999987,155.98000000000008
2024-06-20,0.7,132.825,0.30000000000000004,77.745,2.819999999999993,158.80000000000007
2024-06-21,0.7,132.01999999999998,0.30000000000000004,76.81500000000001,-1.7349999999999994,157.06500000000005
2024-06-24,0.7,128.79999999999998,0.30000000000000004,73.50000000000001,-6.534999999999997,150.53000000000006
2024-06-25,0.7,128.73,0.30000000000000004,73.635,0.06499999999999773,150.59500000000006
2024-06-26,0.7,129.74499999999998,0.30000000000000004,74.49000000000001,1.8699999999999903,152.46500000000003
2024-06-27,0.7,129.71,0.30000000000000004,74.025,-0.4999999999999716,151.96500000000006
2024-06-28,0.7,130.515,0.30000000000000004,75.24000000000001,2.019999999999982,153.98500000000004
2024-07-01,0.7,130.61999999999998,0.30000000000000004,75.24000000000001,0.10499999999998977,154.09000000000003
2024-07-02,0.7,129.74499999999998,0.30000000000000004,74.13000000000001,-1.9849999999999994,152.10500000000002
2024-07-03,0.7,131.32,0.30000000000000004,76.17000000000002,3.6150000000000233,155.72000000000003
2024-07-04,0.7,134.75,0.30000000000000004,79.41000000000001,6.670000000000002,162.39000000000004
2024-07-05,0.7,134.26,0.30000000000000004,78.96000000000001,-0.9400000000000119,161.45000000000005
2024-07-08,0.7,138.49499999999998,0.30000000000000004,81.51,6.784999999999982,168.235
2024-07-09,0.7,138.355,0.30000000000000004,81.25500000000002,-0.3949999999999676,167.84000000000003
2024-07-10,0.7,138.845,0.30000000000000004,81.9,1.134999999999991,168.97500000000002
2024-07-11,0.7,141.92499999999998,0.30000000000000004,84.57000000000001,5.749999999999986,174.72500000000002
2024-07-12,0.7,137.445,0.30000000000000004,80.85000000000001,-8.199999999999989,166.52500000000003
2024-07-15,0.7,137.68999999999997,0.30000000000000004,80.85000000000001,0.24499999999997613,166.77
2024-07-16,0.7,137.795,0.30000000000000004,81.60000000000001,0.8550000000000182,167.62500000000003
2024-07-17,0.7,135.86999999999998,0.30000000000000004,80.49000000000001,-3.035000000000011,164.59000000000003
2024-07-18,0.7,133.42,0.30000000000000004,77.745,-5.194999999999993,159.39500000000004
2024-07-19,0.7,130.375,0.30000000000000004,74.47500000000001,-6.3149999999999835,153.08000000000004
2024-07-22,0.7,126.48999999999998,0.30000000000000004,71.025,-7.335000000000022,145.745
2024-07-23,0.7,130.41,0.30000000000000004,74.22000000000001,7.115000000000023,152.86
2024-07-26,0.7,125.3,0.30000000000000004,69.49500000000002,-9.834999999999994,143.02500000000003
2024-07-29,0.7,126.41999999999999,0.30000000000000004,70.05000000000001,1.674999999999983,144.70000000000002
2024-07-30,0.7,126.41999999999999,0.30000000000000004,70.23,0.1799999999999926,144.88
2024-07-31,0.7,126.59499999999998,0.30000000000000004,70.185,0.12999999999999545,145.01
2024-08-01,0.7,128.79999999999998,0.30000000000000004,72.60000000000001,4.6200000000000045,149.63
2024-08-02,0.7,122.28999999999998,0.30000000000000004,65.7,-13.41000000000001,136.21999999999997
2024-08-05,0.7,111.125,0.30000000000000004,53.07000000000001,-23.794999999999973,112.425
2024-08-06,0.7,117.24999999999999,0.30000000000000004,58.20000000000001,11.254999999999988,123.67999999999998
2024-08-07,0.7,121.905,0.30000000000000004,62.79000000000001,9.245000000000019,132.925
2024-08-08,0.7,119.385,0.30000000000000004,60.105000000000004,-5.205000000000005,127.72
2024-08-09,0.7,123.09499999999998,0.30000000000000004,63.510000000000005,7.114999999999981,134.83499999999998
2024-08-12,0.7,124.635,0.30000000000000004,65.10000000000001,3.130000000000024,137.965
2024-08-13,0.7,124.94999999999999,0.30000000000000004,65.52000000000001,0.7349999999999852,138.7
2024-08-14,0.7,126.52499999999999,0.30000000000000004,66.94500000000001,3.0,141.7
2024-08-15,0.7,125.54499999999999,0.30000000000000004,66.36,-1.565000000000012,140.135
2024-08-16,0.7,128.38,0.30000000000000004,69.27000000000001,5.745000000000019,145.88
2024-08-19,0.7,128.555,0.30000000000000004,69.24000000000001,0.14500000000001023,146.025
2024-08-20,0.7,128.625,0.30000000000000004,69.45000000000002,0.28000000000000114,146.305
2024-08-21,0.7,127.26,0.30000000000000004,68.53500000000001,-2.280000000000001,144.025
2024-08-22,0.7,126.59499999999998,0.30000000000000004,67.65,-1.5500000000000256,142.47499999999997
2024-08-23,0.7,126.66499999999998,0.30000000000000004,67.99500000000002,0.41500000000000625,142.89
2024-08-26,0.7,126.87499999999999,0.30000000000000004,68.25000000000001,0.4650000000000034,143.355
2024-08-27,0.7,126.31499999999998,0.30000000000000004,68.19000000000001,-0.6200000000000045,142.73499999999999
2024-08-28,0.7,128.1,0.30000000000000004,69.51,3.105000000000004,145.83999999999997
2024-08-29,0.7,126.35,0.30000000000000004,68.23500000000001,-3.0249999999999915,142.815
2024-08-30,0.7,126.945,0.30000000000000004,68.97000000000001,1.3299999999999983,144.14499999999998
2024-09-02,0.7,126.59499999999998,0.30000000000000004,68.4,-0.9200000000000159,143.22499999999997
2024-09-03,0.7,126.035,0.30000000000000004,67.57500000000002,-1.3849999999999767,141.83999999999997
2024-09-04,0.7,119.87499999999999,0.30000000000000004,61.06500000000001,-12.670000000000016,129.16999999999996
2024-09-05,0.7,120.61,0.30000000000000004,61.69500000000001,1.365000000000009,130.53499999999997
2024-09-06,0.7,122.32499999999999,0.30000000000000004,63.195000000000014,3.2149999999999963,133.74999999999997
2024-09-09,0.7,120.435,0.30000000000000004,61.515000000000015,-3.569999999999986,130.17999999999998
2024-09-10,0.7,120.64499999999998,0.30000000000000004,61.24500000000001,-0.06000000000002359,130.11999999999995
2024-09-11,0.7,120.29499999999999,0.30000000000000004,60.81,-0.7850000000000037,129.33499999999995
2024-09-12,0.7,124.81,0.30000000000000004,65.025,8.730000000000018,138.06499999999997
2024-09-13,0.7,124.88,0.30000000000000004,65.61,0.6549999999999869,138.71999999999997
2024-09-16,0.7,125.12499999999999,0.30000000000000004,65.88000000000001,0.5150000000000006,139.23499999999996
2024-09-18,0.7,124.49499999999999,0.30000000000000004,64.81500000000001,-1.6949999999999932,137.53999999999996
2024-09-19,0.7,126.10499999999999,0.30000000000000004,67.00500000000001,3.799999999999997,141.33999999999997
2024-09-20,0.7,127.71499999999999,0.30000000000000004,67.81500000000001,2.4200000000000017,143.76
2024-09-23,0.7,128.275,0.30000000000000004,68.76,1.5050000000000097,145.265
2024-09-24,0.7,129.5,0.30000000000000004,69.67500000000001,2.1400000000000006,147.40499999999997
2024-09-25,0.7,131.42499999999998,0.30000000000000004,71.76,4.009999999999977,151.41499999999996
2024-09-26,0.7,132.51,0.30000000000000004,72.54000000000002,1.8650000000000233,153.27999999999997
2024-09-27,0.7,132.23,0.30000000000000004,72.45000000000002,-0.37000000000000455,152.90999999999997
2024-09-30,0.7,128.765,0.30000000000000004,68.685,-7.230000000000018,145.67999999999995
2024-10-01,0.7,128.51999999999998,0.30000000000000004,69.00000000000001,0.07000000000000739,145.74999999999994
2024-10-04,0.7,128.51999999999998,0.30000000000000004,68.43,-0.5700000000000074,145.17999999999995
2024-10-07,0.7,131.70499999999998,0.30000000000000004,71.46000000000001,6.215000000000003,151.39499999999995
2024-10-08,0.7,131.075,0.30000000000000004,70.17000000000002,-1.9199999999999875,149.47499999999997
2024-10-09,0.7,132.29999999999998,0.30000000000000004,70.80000000000001,1.8549999999999898,151.32999999999996
2024-10-11,0.7,134.505,0.30000000000000004,72.46500000000002,3.8700000000000188,155.2
2024-10-14,0.7,134.60999999999999,0.30000000000000004,72.91500000000002,0.5549999999999926,155.755
2024-10-15,0.7,137.48,0.30000000000000004,74.82000000000001,4.7749999999999915,160.52999999999997
2024-10-16,0.7,135.1,0.30000000000000004,73.05000000000001,-4.1499999999999915,156.38
2024-10-17,0.7,135.31,0.30000000000000004,73.53000000000002,0.6900000000000119,157.07
2024-10-18,0.7,138.67,0.30000000000000004,76.17000000000002,5.999999999999986,163.07
2024-10-21,0.7,138.635,0.30000000000000004,76.26,0.05499999999999261,163.125
2024-10-22,0.7,138.10999999999999,0.30000000000000004,76.05000000000001,-0.7349999999999994,162.39
2024-10-23,0.7,137.2,0.30000000000000004,74.91000000000001,-2.049999999999997,160.33999999999997
2024-10-24,0.7,136.35999999999999,0.30000000000000004,74.07000000000001,-1.6800000000000068,158.65999999999997
2024-10-25,0.7,137.48,0.30000000000000004,75.15,2.200000000000003,160.85999999999996
2024-10-28,0.7,137.23499999999999,0.30000000000000004,74.50500000000001,-0.8900000000000006,159.96999999999997
2024-10-29,0.7,134.04999999999998,0.30000000000000004,72.00000000000001,-5.689999999999998,154.27999999999997
2024-10-30,0.7,134.26,0.30000000000000004,71.71500000000002,-0.07499999999998863,154.20499999999998
2024-11-01,0.7,133.35,0.30000000000000004,70.99500000000002,-1.6299999999999955,152.575
2024-11-04,0.7,135.06499999999997,0.30000000000000004,72.58500000000001,3.304999999999964,155.87999999999994
2024-11-05,0.7,135.555,0.30000000000000004,72.9,0.8050000000000352,156.68499999999997
2024-11-06,0.7,136.64,0.30000000000000004,74.025,2.2099999999999795,158.89499999999995
2024-11-07,0.7,138.21499999999997,0.30000000000000004,75.49500000000002,3.0450000000000017,161.93999999999994
2024-11-08,0.7,139.29999999999998,0.30000000000000004,76.24500000000002,1.835000000000008,163.77499999999995
2024-11-11,0.7,139.36999999999998,0.30000000000000004,76.09500000000001,-0.0800000000000125,163.69499999999994
2024-11-12,0.7,135.79999999999998,0.30000000000000004,71.91000000000001,-7.7549999999999955,155.93999999999994
2024-11-13,0.7,134.92499999999998,0.30000000000000004,71.55000000000001,-1.2349999999999994,154.70499999999993
2024-11-14,0.7,133.7,0.30000000000000004,70.23,-2.5450000000000017,152.1599999999999
2024-11-15,0.7,134.64499999999998,0.30000000000000004,71.4,2.114999999999995,154.27499999999992
2024-11-18,0.7,132.755,0.30000000000000004,69.63000000000001,-3.6599999999999824,150.61499999999995
2024-11-19,0.7,134.575,0.30000000000000004,71.52000000000001,3.7099999999999937,154.32499999999993
2024-11-20,0.7,134.015,0.30000000000000004,70.86000000000001,-1.2199999999999989,153.10499999999993
2024-11-21,0.7,132.545,0.30000000000000004,69.75000000000001,-2.5799999999999983,150.52499999999992
2024-11-22,0.7,135.135,0.30000000000000004,72.12000000000002,4.960000000000008,155.48499999999993
2024-11-25,0.7,134.64499999999998,0.30000000000000004,72.30000000000001,-0.3100000000000165,155.1749999999999
2024-11-26,0.7,132.89499999999998,0.30000000000000004,70.09500000000001,-3.9549999999999983,151.2199999999999
2024-11-27,0.7,130.97,0.30000000000000004,68.07000000000001,-3.9499999999999886,147.26999999999992
2024-11-28,0.7,130.76,0.30000000000000004,67.66500000000002,-0.6149999999999949,146.65499999999992
2024-11-29,0.7,131.075,0.30000000000000004,68.17500000000001,0.8249999999999886,147.4799999999999
2024-12-02,0.7,134.19,0.30000000000000004,70.66500000000002,5.605000000000018,153.08499999999992
2024-12-03,0.7,136.01,0.30000000000000004,72.34500000000001,3.499999999999986,156.58499999999992
2024-12-04,0.7,136.81499999999997,0.30000000000000004,73.50000000000001,1.9599999999999795,158.5449999999999
2024-12-05,0.7,137.54999999999998,0.30000000000000004,73.605,0.8400000000000034,159.3849999999999
2024-12-06,0.7,137.02499999999998,0.30000000000000004,73.305,-0.8250000000000028,158.5599999999999
2024-12-09,0.7,137.2,0.30000000000000004,73.26,0.13000000000000966,158.68999999999988
2024-12-10,0.7,136.22,0.30000000000000004,72.435,-1.8049999999999926,156.88499999999988
2024-12-11,0.7,135.03,0.30000000000000004,71.17500000000001,-2.4499999999999886,154.4349999999999
2024-12-12,0.7,136.605,0.30000000000000004,72.42000000000002,2.819999999999993,157.25499999999988
2024-12-13,0.7,136.71,0.30000000000000004,72.105,-0.20999999999999375,157.0449999999999
2024-12-16,0.7,137.26999999999998,0.30000000000000004,71.70000000000002,0.15499999999998693,157.19999999999987
2024-12-17,0.7,137.97,0.30000000000000004,72.525,1.5250000000000057,158.72499999999988
2024-12-18,0.7,137.97,0.30000000000000004,72.525,0.0,158.72499999999988
2024-12-19,0.7,136.07999999999998,0.30000000000000004,70.86000000000001,-3.555000000000007,155.16999999999987
2024-12-20,0.7,134.82,0.30000000000000004,69.525,-2.594999999999999,152.57499999999987
2024-12-23,0.7,138.075,0.30000000000000004,72.87000000000002,6.6000000000000085,159.1749999999999
2024-12-24,0.7,138.46,0.30000000000000004,72.91500000000002,0.43000000000002103,159.6049999999999
2024-12-25,0.7,138.88,0.30000000000000004,73.62000000000002,1.1249999999999858,160.7299999999999
2024-12-26,0.7,138.77499999999998,0.30000000000000004,73.44000000000001,-0.285000000000025,160.44499999999988
2024-12-27,0.7,139.23,0.30000000000000004,73.81500000000001,0.8300000000000125,161.2749999999999
2024-12-30,0.7,138.46,0.30000000000000004,72.66000000000001,-1.924999999999983,159.3499999999999
2024-12-31,0.7,137.02499999999998,0.30000000000000004,72.105,-1.9900000000000375,157.35999999999987
