Date,holdings_0050,position_0050,holdings_00631L,position_00631L,profitfee,cumReturn
2014-10-31,0.7,,0.30000000000000004,,,
2014-11-03,0.7,45.919999999999995,0.30000000000000004,6.1080000000000005,,
2014-11-04,0.7,45.955,0.30000000000000004,6.141000000000001,0.06800000000000406,0.06800000000000406
2014-11-05,0.7,45.849999999999994,0.30000000000000004,6.090000000000001,-0.15600000000000414,-0.08800000000000008
2014-11-06,0.7,45.56999999999999,0.30000000000000004,6.003000000000001,-0.3670000000000009,-0.45500000000000096
2014-11-07,0.7,45.64,0.30000000000000004,6.039000000000001,0.10600000000000698,-0.348999999999994
2014-11-10,0.7,46.305,0.30000000000000004,6.222,0.847999999999999,0.499000000000005
2014-11-11,0.7,46.165,0.30000000000000004,6.207000000000002,-0.15499999999999936,0.34400000000000563
2014-11-12,0.7,45.5,0.30000000000000004,6.030000000000001,-0.8419999999999996,-0.497999999999994
2014-11-13,0.7,45.955,0.30000000000000004,6.090000000000001,0.5149999999999979,0.0170000000000039
2014-11-14,0.7,45.99,0.30000000000000004,6.096000000000001,0.04100000000000392,0.05800000000000782
2014-11-17,0.7,45.56999999999999,0.30000000000000004,6.018000000000001,-0.4980000000000091,-0.4400000000000013
2014-11-18,0.7,45.43,0.30000000000000004,5.970000000000001,-0.1879999999999935,-0.6279999999999948
2014-11-19,0.7,46.09499999999999,0.30000000000000004,6.114000000000001,0.8089999999999922,0.18099999999999739
2014-11-20,0.7,46.61999999999999,0.30000000000000004,6.273000000000001,0.6839999999999984,0.8649999999999958
2014-11-21,0.7,46.655,0.30000000000000004,6.282000000000001,0.04400000000001114,0.9090000000000069
2014-11-24,0.7,46.76,0.30000000000000004,6.306000000000001,0.1289999999999969,1.0380000000000038
2014-11-25,0.7,46.794999999999995,0.30000000000000004,6.330000000000001,0.05899999999999661,1.0970000000000004
2014-11-26,0.7,46.794999999999995,0.30000000000000004,6.3180000000000005,-0.012000000000000455,1.085
2014-11-27,0.7,47.25,0.30000000000000004,6.405000000000001,0.542000000000006,1.627000000000006
2014-11-28,0.7,47.25,0.30000000000000004,6.420000000000001,0.01499999999999968,1.6420000000000057
2014-12-01,0.7,46.76,0.30000000000000004,6.309000000000001,-0.6010000000000018,1.041000000000004
2014-12-02,0.7,46.059999999999995,0.30000000000000004,6.165000000000001,-0.844000000000003,0.19700000000000095
2014-12-03,0.7,46.794999999999995,0.30000000000000004,6.363000000000001,0.9329999999999998,1.1300000000000008
2014-12-04,0.7,46.96999999999999,0.30000000000000004,6.426000000000001,0.23799999999999688,1.3679999999999977
2014-12-05,0.7,46.794999999999995,0.30000000000000004,6.396000000000001,-0.2049999999999974,1.1630000000000003
2014-12-08,0.7,46.44499999999999,0.30000000000000004,6.351000000000002,-0.39500000000000046,0.7679999999999998
2014-12-09,0.7,46.339999999999996,0.30000000000000004,6.276000000000002,-0.17999999999999705,0.5880000000000027
2014-12-10,0.7,45.709999999999994,0.30000000000000004,6.114000000000001,-0.7920000000000034,-0.20400000000000063
2014-12-11,0.7,45.675,0.30000000000000004,6.105000000000001,-0.04399999999999604,-0.24799999999999667
2014-12-12,0.7,45.709999999999994,0.30000000000000004,6.105000000000001,0.03499999999999659,-0.21300000000000008
2014-12-15,0.7,45.56999999999999,0.30000000000000004,6.087000000000001,-0.15800000000000125,-0.37100000000000133
2014-12-16,0.7,45.184999999999995,0.30000000000000004,6.036000000000001,-0.4359999999999973,-0.8069999999999986
2014-12-17,0.7,44.48499999999999,0.30000000000000004,5.871000000000001,-0.8650000000000029,-1.6720000000000015
2014-12-18,0.7,44.589999999999996,0.30000000000000004,5.883000000000001,0.11700000000000355,-1.554999999999998
2014-12-19,0.7,45.64,0.30000000000000004,6.066000000000001,1.233000000000004,-0.32199999999999385
2014-12-22,0.7,46.199999999999996,0.30000000000000004,6.204000000000001,0.6979999999999951,0.3760000000000012
2014-12-23,0.7,46.059999999999995,0.30000000000000004,6.216,-0.128000000000001,0.24800000000000022
2014-12-24,0.7,46.41,0.30000000000000004,6.300000000000001,0.43400000000000194,0.6820000000000022
2014-12-25,0.7,46.41,0.30000000000000004,6.300000000000001,0.0,0.6820000000000022
2014-12-26,0.7,46.515,0.30000000000000004,6.348000000000001,0.15300000000000402,0.8350000000000062
2014-12-27,0.7,46.61999999999999,0.30000000000000004,6.3870000000000005,0.14399999999998947,0.9789999999999957
2014-12-29,0.7,47.04,0.30000000000000004,6.480000000000001,0.5130000000000097,1.4920000000000053
2014-12-30,0.7,46.794999999999995,0.30000000000000004,6.432000000000001,-0.2930000000000046,1.1990000000000007
2014-12-31,0.7,46.794999999999995,0.30000000000000004,6.459000000000001,0.027000000000000135,1.2260000000000009
2015-01-05,0.5459388579714499,36.33223099799999,0.7286362256434253,15.570956142,-1.3508128600000031,-0.12481286000000225
2015-01-06,0.5459388579714499,35.431431882347105,0.7286362256434253,14.827747191843706,-1.6440080658091816,-1.7688209258091838
2015-01-07,0.5459388579714499,35.486025768144245,0.7286362256434253,14.907897176664482,0.13474387061791582,-1.634077055191268
2015-01-08,0.5459388579714499,36.30493405510142,0.7286362256434253,15.46894707040992,1.3799581807026122,-0.2541188744886558
2015-01-09,0.5459388579714499,36.113855454811414,0.7286362256434253,15.403369810102012,-0.25665586059791323,-0.510774735086569
2015-01-12,0.5459388579714499,35.89547991162283,0.7286362256434253,15.235783478204024,-0.38596187508657387,-0.8967366101731429
2015-01-13,0.5459388579714499,36.00466768321712,0.7286362256434253,15.388797085589143,0.2622013789794124,-0.6345352311937305
2015-01-14,0.5459388579714499,35.81358908292711,0.7286362256434253,15.19206530466542,-0.3878103812137361,-1.0223456124074666
2015-01-15,0.5459388579714499,35.9227768545214,0.7286362256434253,15.228497115947588,0.1456195828764617,-0.8767260295310049
2015-01-16,0.5459388579714499,35.75899519712997,0.7286362256434253,15.053624421793167,-0.33865435154585377,-1.2153803810768586
2015-01-19,0.5459388579714499,36.16844934060856,0.7286362256434253,15.26492892722976,0.6207586489151851,-0.5946217321616736
2015-01-20,0.5459388579714499,36.44141876959428,0.7286362256434253,15.527237968461392,0.5352784702173494,-0.059343261944324155
2015-01-21,0.5459388579714499,36.71438819858001,0.7286362256434253,15.731256111641553,0.4769875721658927,0.41764431022156856
2015-01-22,0.5459388579714499,36.90546679887001,0.7286362256434253,15.891556081283106,0.35137856993155125,0.7690228801531198
2015-01-23,0.5459388579714499,37.50599954263861,0.7286362256434253,16.306878729899857,1.0158553923853546,1.7848782725384744
2015-01-26,0.5459388579714499,37.50599954263861,0.7286362256434253,16.299592367643427,-0.007286362256429868,1.7775919102820446
2015-01-27,0.5459388579714499,37.751672028725764,0.7286362256434253,16.452605975028543,0.3986860934722678,2.1762780037543124
2015-01-28,0.5459388579714499,37.751672028725764,0.7286362256434253,16.474465061797847,0.021859086769303815,2.198137090523616
2015-01-29,0.5459388579714499,37.28762399945003,0.7286362256434253,16.161151484771175,-0.77736160630241,1.4207754842212061
2015-01-30,0.5459388579714499,37.123842342058595,0.7286362256434253,16.02999696415536,-0.2949361780072479,1.1258393062139582
2015-02-02,0.5459388579714499,37.205733170754314,0.7286362256434253,16.022710601898922,0.07460446643928265,1.2004437726532409
2015-02-03,0.5459388579714499,37.47870259974004,0.7286362256434253,16.248587831848386,0.4988466589351894,1.6992904315884303
2015-02-04,0.5459388579714499,37.88815674321863,0.7286362256434253,16.518183235336455,0.6790495469666595,2.37833997855509
2015-02-05,0.5459388579714499,37.724375085827184,0.7286362256434253,16.438033250515673,-0.24393164221222818,2.1344083363428616
2015-02-06,0.5459388579714499,37.53329648553718,0.7286362256434253,16.270446918617687,-0.3586649321879918,1.7757434041548699
2015-02-09,0.5459388579714499,37.39681177104432,0.7286362256434253,16.212156020566212,-0.1947756125443334,1.5809677916105365
2015-02-10,0.5459388579714499,37.26032705655146,0.7286362256434253,16.124719673489,-0.22392106157007063,1.3570467300404658
2015-02-11,0.5459388579714499,37.669781200030044,0.7286362256434253,16.365169627951335,0.6499040979409187,2.0069508279813846
2015-02-12,0.5459388579714499,37.669781200030044,0.7286362256434253,16.379742352464202,0.014572724512866841,2.0215235524942514
2015-02-13,0.5459388579714499,37.915453686117196,0.7286362256434253,16.56190140887506,0.4278315424980086,2.44935509499226
2015-02-24,0.5459388579714499,38.35220477249436,0.7286362256434253,16.87521498590173,0.7500646634038368,3.199419758396097
2015-02-25,0.5459388579714499,38.65247114437865,0.7286362256434253,17.071946766825455,0.49699815280801474,3.6964179112041116
2015-02-26,0.5459388579714499,38.37950171539293,0.7286362256434253,16.90436043492747,-0.4405557608837114,3.2558621503204
2015-03-02,0.5459388579714499,38.215720058001494,0.7286362256434253,16.76591955205522,-0.30222254026368134,2.953639610056719
2015-03-03,0.5459388579714499,38.161126172204355,0.7286362256434253,16.780492276568086,-0.040021161284272466,2.9136184487724464
2015-03-04,0.5459388579714499,38.18842311510292,0.7286362256434253,16.816924087850257,0.06372875418073676,2.977347202953183
2015-03-05,0.5459388579714499,38.05193840061006,0.7286362256434253,16.722201378516612,-0.23120742382650405,2.746139779126679
2015-03-06,0.5459388579714499,38.1065322864072,0.7286362256434253,16.795065001080953,0.12745750836148062,2.8735972874881597
2015-03-09,0.5459388579714499,37.724375085827184,0.7286362256434253,16.576474133387926,-0.6007480682730453,2.2728492192151144
2015-03-10,0.5459388579714499,37.64248425713147,0.7286362256434253,16.452605975028543,-0.20575898705509488,2.0670902321600195
2015-03-11,0.5459388579714499,37.69707814292862,0.7286362256434253,16.467178699541414,0.06916661031001681,2.1362568424700363
2015-03-12,0.5459388579714499,38.02464145771149,0.7286362256434253,16.685769567234438,0.5461541824758953,2.6824110249459316
2015-03-13,0.5459388579714499,37.915453686117196,0.7286362256434253,16.6347650314394,-0.16019230738933032,2.5222187175566013
2015-03-16,0.5459388579714499,37.615187314232905,0.7286362256434253,16.452605975028543,-0.4824254282951479,2.0397932892614534
2015-03-17,0.5459388579714499,37.751672028725764,0.7286362256434253,16.510896873080018,0.1947756125443334,2.234568901805787
2015-03-18,0.5459388579714499,38.161126172204355,0.7286362256434253,16.758633189798783,0.6571904601973557,2.8917593620031425
2015-03-19,0.5459388579714499,38.57058031568294,0.7286362256434253,17.173955838415534,0.824776792095335,3.7165361540984776
2015-03-20,0.5459388579714499,38.51598642988579,0.7286362256434253,17.137524027133363,-0.09102569707931707,3.6255104570191605
2015-03-23,0.5459388579714499,38.62517420148008,0.7286362256434253,17.1448103893898,0.1164741338507227,3.741984590869883
2015-03-24,0.5459388579714499,38.48868948698722,0.7286362256434253,17.035514955543285,-0.24578014833937445,3.4962044425305088
2015-03-25,0.5459388579714499,38.35220477249436,0.7286362256434253,16.933505883953202,-0.23849378608294103,3.2577106564475677
2015-03-26,0.5459388579714499,37.88815674321863,0.7286362256434253,16.642051393695834,-0.7555025195330991,2.5022081369144686
2015-03-27,0.5459388579714499,37.53329648553718,0.7286362256434253,16.365169627951335,-0.6317420234259501,1.8704661134885185
2015-03-30,0.5459388579714499,37.56059342843575,0.7286362256434253,16.365169627951335,0.027296942898573207,1.8977630563870918
2015-03-31,0.5459388579714499,37.69707814292862,0.7286362256434253,16.52546959759289,0.29678468413441905,2.194547740521511
2015-04-01,0.5459388579714499,37.47870259974004,0.7286362256434253,16.277733280874124,-0.4661118599073433,1.7284358806141675
2015-04-02,0.5459388579714499,37.94275062901577,0.7286362256434253,16.64933775595227,0.8356525043538774,2.564088384968045
2015-04-07,0.5459388579714499,37.99734451481291,0.7286362256434253,16.70762865400374,0.11288478384861023,2.676973168816655
2015-04-08,0.5459388579714499,37.669781200030044,0.7286362256434253,16.518183235336455,-0.517008733450151,2.159964435366504
2015-04-09,0.5459388579714499,37.724375085827184,0.7286362256434253,16.44531961277211,-0.018269736767205558,2.1416946985992986
2015-04-10,0.5459388579714499,38.02464145771149,0.7286362256434253,16.663910480465137,0.5188572395773328,2.6605519381766314
2015-04-13,0.5459388579714499,38.133829229305775,0.7286362256434253,16.795065001080953,0.2403422922101015,2.900894230386733
2015-04-14,0.5459388579714499,37.94275062901577,0.7286362256434253,16.744060465285916,-0.24208313608504284,2.65881109430169
2015-04-15,0.5459388579714499,37.47870259974004,0.7286362256434253,16.29230600538699,-0.9158024891746557,1.7430086051270344
2015-04-16,0.5459388579714499,38.05193840061006,0.7286362256434253,16.6347650314394,0.915694826922433,2.6587034320494674
2015-04-17,0.5459388579714499,37.69707814292862,0.7286362256434253,16.474465061797847,-0.5151602273229976,2.1435432047264698
2015-04-20,0.5459388579714499,37.64248425713147,0.7286362256434253,16.416174163746373,-0.11288478384862088,2.030658420877849
2015-04-21,0.5459388579714499,37.64248425713147,0.7286362256434253,16.372455990207765,-0.04371817353860763,1.9869402473392412
2015-04-22,0.5459388579714499,38.02464145771149,0.7286362256434253,16.663910480465137,0.6736116908373901,2.6605519381766314
2015-04-23,0.5459388579714499,39.03462834495867,0.7286362256434253,17.4216921551343,1.7677685619163412,4.428320500092973
2015-04-24,0.5459388579714499,39.41678554553869,0.7286362256434253,17.77872390569958,0.739188951145298,5.167509451238271
2015-04-27,0.5459388579714499,39.71705191742298,0.7286362256434253,18.05560567144408,0.577148137628793,5.744657588867064
2015-04-28,0.5459388579714499,39.63516108872726,0.7286362256434253,17.924451150828265,-0.2130453493115354,5.531612239555528
2015-04-29,0.5459388579714499,39.1984100023501,0.7286362256434253,17.64028302282733,-0.7209192143780925,4.810693025177436
2015-04-30,0.5459388579714499,39.007331402060096,0.7286362256434253,17.56013303800655,-0.2712285851107836,4.539464440066652
2015-05-04,0.5459388579714499,39.08922223075581,0.7286362256434253,17.611137573801592,0.13289536449075356,4.672359804557406
2015-05-05,0.5459388579714499,38.87084668756724,0.7286362256434253,17.37068761933926,-0.45882549765090275,4.213534306906503
2015-05-06,0.5459388579714499,38.92544057336438,0.7286362256434253,17.399833068364995,0.08373933482287299,4.297273641729376
2015-05-07,0.5459388579714499,38.461392544088646,0.7286362256434253,17.05008768005615,-0.8137934175845736,3.4834802241448024
2015-05-08,0.5459388579714499,38.48868948698722,0.7286362256434253,17.013655868773984,-0.009134868383593897,3.4743453557612085
2015-05-11,0.5459388579714499,38.679768087277225,0.7286362256434253,17.006369506517547,0.18379223803356837,3.658137593794777
2015-05-12,0.5459388579714499,38.59787725858151,0.7286362256434253,17.020942231030414,-0.06731810418284567,3.590819489611931
2015-05-13,0.5459388579714499,38.816252801770084,0.7286362256434253,17.181242200671967,0.37867551283012446,3.9694950024420557
2015-05-14,0.5459388579714499,38.270313943798634,0.7286362256434253,16.744060465285916,-0.9831205933575013,2.9863744090845543
2015-05-15,0.5459388579714499,38.215720058001494,0.7286362256434253,16.6129059446701,-0.1857484064129551,2.8006260026715992
2015-05-18,0.5459388579714499,38.35220477249436,0.7286362256434253,16.70762865400374,0.2312074238265076,3.031833426498107
2015-05-19,0.5459388579714499,38.92544057336438,0.7286362256434253,17.122951302620496,0.9885584494867707,4.020391875984878
2015-05-20,0.5459388579714499,38.65247114437865,0.7286362256434253,17.020942231030414,-0.37497850057580706,3.6454133754090705
2015-05-21,0.5459388579714499,38.297610886697214,0.7286362256434253,16.6347650314394,-0.7410374572724514,2.904375918136619
2015-05-22,0.5459388579714499,38.59787725858151,0.7286362256434253,16.809637725593824,0.4751390660387216,3.3795149841753407
2015-05-25,0.5459388579714499,38.59787725858151,0.7286362256434253,16.831496812363127,0.021859086769303815,3.4013740709446445
2015-05-26,0.5459388579714499,38.761658915972944,0.7286362256434253,16.955364970722506,0.28764981575081094,3.6890238866954554
2015-05-27,0.5459388579714499,38.843549744668664,0.7286362256434253,17.042801317799718,0.16932717577293133,3.8583510624683868
2015-05-28,0.5459388579714499,39.03462834495867,0.7286362256434253,17.152096751646233,0.30037403413652086,4.158725096604908
2015-05-29,0.5459388579714499,38.816252801770084,0.7286362256434253,17.020942231030414,-0.349530063804405,3.8091950328005026
2015-06-01,0.5459388579714499,38.48868948698722,0.7286362256434253,16.809637725593824,-0.5388678202194548,3.270327212581048
2015-06-02,0.5459388579714499,38.43409560119008,0.7286362256434253,16.722201378516612,-0.14203023287435101,3.128296979706697
2015-06-03,0.5459388579714499,38.18842311510292,0.7286362256434253,16.510896873080018,-0.45697699152375293,2.671319988182944
2015-06-04,0.5459388579714499,37.45140565684146,0.7286362256434253,15.804119734205896,-1.4437945971355841,1.2275253910473598
2015-06-05,0.5459388579714499,37.369514828145746,0.7286362256434253,15.804119734205896,-0.08189082869571251,1.1456345623516473
2015-06-08,0.5459388579714499,37.615187314232905,0.7286362256434253,15.920701530308845,0.3622542821901078,1.507888844541755
2015-06-09,0.5459388579714499,37.3149209423486,0.7286362256434253,15.51995160620496,-0.7010162959881896,0.8068725485535655
2015-06-10,0.5459388579714499,37.47870259974004,0.7286362256434253,15.723969749385118,0.36779980057159634,1.1746723491251618
2015-06-11,0.5459388579714499,37.587890371334325,0.7286362256434253,15.716683387128684,0.1019014093378523,1.2765737584630141
2015-06-12,0.5459388579714499,37.56059342843575,0.7286362256434253,15.680251575846514,-0.06372875418074386,1.2128450042822703
2015-06-15,0.5459388579714499,37.47870259974004,0.7286362256434253,15.578242504256433,-0.18389990028579284,1.0289451039964774
2015-06-16,0.5459388579714499,37.23303011365289,0.7286362256434253,15.366937998819841,-0.45697699152374405,0.5719681124727334
2015-06-17,0.5459388579714499,37.39681177104432,0.7286362256434253,15.461660708153484,0.2585043667250755,0.8304724791978089
2015-06-18,0.5459388579714499,37.34221788524718,0.7286362256434253,15.498092519435657,-0.018162074514966875,0.812310404682842
2015-06-22,0.5459388579714499,37.86085980032005,0.7286362256434253,15.862410632257369,0.8829600278945815,1.6952704325774235
2015-06-23,0.5459388579714499,37.97004757191434,0.7286362256434253,15.971706066103884,0.21848320544080835,1.9137536380182318
2015-06-24,0.5459388579714499,38.02464145771149,0.7286362256434253,15.993565152873186,0.07645297256644845,1.9902066105846803
2015-06-25,0.5459388579714499,38.461392544088646,0.7286362256434253,16.32873781666916,0.7719237501731318,2.762130360757812
2015-06-26,0.5459388579714499,38.461392544088646,0.7286362256434253,16.32873781666916,0.0,2.762130360757812
2015-06-29,0.5459388579714499,37.56059342843575,0.7286362256434253,15.651106126820777,-1.578430805501279,1.183699555256533
2015-06-30,0.5459388579714499,37.88815674321863,0.7286362256434253,15.891556081283106,0.568013269245208,1.751712824501741
2015-07-01,0.5459388579714499,38.24301700090007,0.7286362256434253,16.226728745079082,0.6900329214774139,2.441745745979155
2015-07-02,0.5459388579714499,38.270313943798634,0.7286362256434253,16.212156020566212,0.012724218385695707,2.4544699643648507
2015-07-03,0.5459388579714499,38.270313943798634,0.7286362256434253,16.197583296053345,-0.014572724512866841,2.439897239851984
2015-07-06,0.5459388579714499,37.83356285742148,0.7286362256434253,15.91341516805241,-0.7209192143780925,1.7189780254738913
2015-07-07,0.5459388579714499,37.99734451481291,0.7286362256434253,15.993565152873186,0.24393164221220864,1.9629096676861
2015-07-08,0.5459388579714499,36.85087291307287,0.7286362256434253,15.07548350856247,-2.064553246050755,-0.10164357836465499
2015-07-09,0.5459388579714499,36.632497369884284,0.7286362256434253,14.864179003125876,-0.4296800486251797,-0.5313236269898347
2015-07-13,0.5459388579714499,37.178436227855734,0.7286362256434253,15.170206217896116,0.8519660727416891,0.3206424457518544
2015-07-14,0.5459388579714499,37.178436227855734,0.7286362256434253,15.177492580152549,0.007286362256433421,0.32792880800828783
2015-07-15,0.5459388579714499,37.26032705655146,0.7286362256434253,15.243069840460459,0.1474680890036364,0.4753968970119242
2015-07-16,0.5459388579714499,37.45140565684146,0.7286362256434253,15.381510723332708,0.32951948316224744,0.8049163801741717
2015-07-17,0.5459388579714499,37.39681177104432,0.7286362256434253,15.374224361076276,-0.06188024805357095,0.7430361321206007
2015-07-20,0.5459388579714499,37.123842342058595,0.7286362256434253,15.19206530466542,-0.4551284853965818,0.2879076467240189
2015-07-21,0.5459388579714499,37.47870259974004,0.7286362256434253,15.374224361076276,0.5370193140923014,0.8249269608163203
2015-07-22,0.5459388579714499,37.0146545704643,0.7286362256434253,15.097342595331773,-0.7409297950202411,0.08399716579607919
2015-07-23,0.5459388579714499,36.659794312782864,0.7286362256434253,14.900610814408047,-0.5515920386051629,-0.46759487280908374
2015-07-24,0.5459388579714499,36.44141876959428,0.7286362256434253,14.68201994671502,-0.43696641088161314,-0.9045612836906969
2015-07-27,0.5459388579714499,35.9227768545214,0.7286362256434253,14.171974588764622,-1.0286872730232748,-1.9332485567139717
2015-07-28,0.5459388579714499,35.950073797419975,0.7286362256434253,14.281270022611137,0.13659237674508873,-1.796656179968883
2015-07-29,0.5459388579714499,35.70440131133283,0.7286362256434253,14.069965517174543,-0.4569769915237387,-2.2536331714926217
2015-07-30,0.5459388579714499,36.30493405510142,0.7286362256434253,14.39056545645765,0.921132683051697,-1.3325004884409246
2015-07-31,0.5459388579714499,36.113855454811414,0.7286362256434253,14.259410935841833,-0.3222331209058229,-1.6547336093467475
2015-08-03,0.5459388579714499,35.62251048263711,0.7286362256434253,13.931524634302294,-0.819231273713843,-2.4739648830605905
2015-08-04,0.5459388579714499,35.64980742553568,0.7286362256434253,13.924238272045859,0.020010580642130904,-2.4539543024184596
2015-08-05,0.5459388579714499,35.86818296872426,0.7286362256434253,14.142829139738886,0.43696641088161314,-2.0169878915368464
2015-08-06,0.5459388579714499,35.486025768144245,0.7286362256434253,13.793083751430041,-0.7319025888888628,-2.7488904804257093
2015-08-07,0.5459388579714499,35.32224411075281,0.7286362256434253,13.712933766609265,-0.24393164221220864,-2.992822122637918
2015-08-10,0.5459388579714499,35.24035328205709,0.7286362256434253,13.836801924968647,0.041977329663662744,-2.950844792974255
2015-08-11,0.5459388579714499,35.24035328205709,0.7286362256434253,13.625497419532053,-0.21130450543659407,-3.1621492984108492
2015-08-12,0.5459388579714499,34.6398205382885,0.7286362256434253,13.304897480248949,-0.9211326830517006,-4.08328198146255
2015-08-13,0.5459388579714499,34.69441442408564,0.7286362256434253,13.406906551839025,0.15660295738722319,-3.9266790240753267
2015-08-14,0.5459388579714499,34.55792970959278,0.7286362256434253,13.348615653787553,-0.19477561254433873,-4.121454636619665
2015-08-17,0.5459388579714499,34.3395541664042,0.7286362256434253,13.108165699325221,-0.45882549765090985,-4.580280134270575
2015-08-18,0.5459388579714499,34.14847556611419,0.7286362256434253,12.896861193888627,-0.4023831057265994,-4.982663239997175
2015-08-19,0.5459388579714499,33.62983365104132,0.7286362256434253,12.525256718810482,-0.890246390151022,-5.872909630148197
2015-08-20,0.5459388579714499,33.520645879447024,0.7286362256434253,12.445106733989704,-0.1893377564150711,-6.062247386563268
2015-08-21,0.5098624197716501,30.489772702344677,0.7785304016673985,12.573265986928485,-2.9027139241635656,-8.964961310726833
2015-08-24,0.5098624197716501,29.317089136869882,0.7785304016673985,11.241979000077235,-2.503970552326045,-11.468931863052878
2015-08-25,0.5098624197716501,30.591745186299008,0.7785304016673985,12.145074266011417,2.1777513153633077,-9.29118054768957
2015-08-26,0.5098624197716501,30.770197033219088,0.7785304016673985,12.277424434294874,0.3108020152035369,-8.980378532486034
2015-08-27,0.5098624197716501,30.668224549264757,0.7785304016673985,12.370848082494962,-0.008548835754242035,-8.988927368240276
2015-08-28,0.5098624197716501,31.509497541887978,0.7785304016673985,13.063740139978949,1.534165050107207,-7.454762318133069
2015-08-31,0.5098624197716501,31.764428751773803,0.7785304016673985,13.219446220312427,0.41063729021930406,-7.044125027913765
2015-09-01,0.5098624197716501,31.484004420899396,0.7785304016673985,12.954745883745511,-0.545124667441323,-7.589249695355088
2015-09-02,0.5098624197716501,31.662456267819476,0.7785304016673985,13.24280213236245,0.46650809553701755,-7.12274159981807
2015-09-03,0.5098624197716501,31.687949388808057,0.7785304016673985,13.273943348429144,0.05663433705527687,-7.066107262762793
2015-09-04,0.5098624197716501,31.280059452990738,0.7785304016673985,13.024813619895577,-0.6570196643508872,-7.723126927113681
2015-09-07,0.5098624197716501,31.22907321101357,0.7785304016673985,13.094881356045644,0.019081494172899838,-7.704045432940781
2015-09-08,0.5098624197716501,31.3310456949679,0.7785304016673985,13.094881356045644,0.10197248395433078,-7.60207294898645
2015-09-09,0.5098624197716501,32.70767422835136,0.7785304016673985,14.324959390680132,2.6067065680179446,-4.995366380968505
2015-09-10,0.5098624197716501,32.350770534511206,0.7785304016673985,14.16146800632998,-0.5203950781903046,-5.51576145915881
2015-09-11,0.5098624197716501,32.376263655499784,0.7785304016673985,14.231535742480046,0.09556085713864526,-5.420200602020165
2015-09-14,0.5098624197716501,32.45274301846553,0.7785304016673985,14.130326790263283,-0.024729589251014872,-5.44493019127118
2015-09-15,0.5098624197716501,32.19781180857971,0.7785304016673985,14.044688446079869,-0.34056955406923883,-5.785499745340418
2015-09-16,0.5098624197716501,32.580208623408446,0.7785304016673985,14.239321046496718,0.5770294152455868,-5.208470330094832
2015-09-17,0.5098624197716501,33.14105728515726,0.7785304016673985,14.776507023647223,1.0980346388993194,-4.110435691195512
2015-09-18,0.5098624197716501,33.06457792219151,0.7785304016673985,14.854360063813962,0.001373677200989576,-4.109062013994523
2015-09-21,0.5098624197716501,32.350770534511206,0.7785304016673985,14.169253310346653,-1.398914141147614,-5.507976155142137
2015-09-22,0.5098624197716501,32.529222381431275,0.7785304016673985,14.309388782646783,0.31858731922019956,-5.189388835921937
2015-09-23,0.5098624197716501,31.78992187276239,0.7785304016673985,13.764417501479606,-1.2842717898360636,-6.473660625758001
2015-09-24,0.5098624197716501,31.61147002584231,0.7785304016673985,13.593140813112779,-0.34972853528690706,-6.823389161044908
2015-09-25,0.5098624197716501,31.73893563078522,0.7785304016673985,13.655423245246169,0.18974803707630272,-6.633641123968605
2015-09-30,0.5098624197716501,31.815414993750966,0.7785304016673985,13.756632197462933,0.17768831518250927,-6.455952808786096
2015-10-01,0.5098624197716501,32.42724989747695,0.7785304016673985,14.231535742480046,1.0867384487430947,-5.369214360043001
2015-10-02,0.5098624197716501,32.24879805055687,0.7785304016673985,14.145897398296633,-0.26409019110348986,-5.633304551146491
2015-10-05,0.5098624197716501,32.32527741352262,0.7785304016673985,14.247106350513393,0.17768831518250927,-5.455616235963982
2015-10-06,0.5098624197716501,32.580208623408446,0.7785304016673985,14.449524254946915,0.45734911431934755,-4.998267121644634
2015-10-07,0.5098624197716501,33.06457792219151,0.7785304016673985,14.869930671847312,0.9047757156834617,-4.0934914059611724
2015-10-08,0.5098624197716501,32.98809855922577,0.7785304016673985,14.690868679463811,-0.2555413553492425,-4.349032761310415
2015-10-12,0.5098624197716501,33.42148161603166,0.7785304016673985,15.181342832514272,0.9238572098563544,-3.4251755514540605
2015-10-13,0.5098624197716501,33.29401601108875,0.7785304016673985,15.10348979234753,-0.2053186451096547,-3.630494196563715
2015-10-14,0.5098624197716501,33.16655040614584,0.7785304016673985,14.978924928080746,-0.2520304692096964,-3.8825246657734116
2015-10-15,0.5098624197716501,33.65091970492891,0.7785304016673985,15.33704891284775,0.8424932835500769,-3.0400313822233347
2015-10-16,0.5098624197716501,33.523454099986,0.7785304016673985,15.27476648071436,-0.18974803707630272,-3.2297794192996374
2015-10-19,0.5098624197716501,33.62542658394033,0.7785304016673985,15.31369300079773,0.1408990040377045,-3.088880415261933
2015-10-20,0.5098624197716501,33.62542658394033,0.7785304016673985,15.391546040964467,0.07785304016673678,-3.011027375095196
2015-10-21,0.5098624197716501,33.395988495043085,0.7785304016673985,15.212484048580967,-0.40850008128074755,-3.4195274563759437
2015-10-22,0.5098624197716501,33.395988495043085,0.7785304016673985,15.259195872681012,0.04671182410004526,-3.3728156322758984
2015-10-23,0.5098624197716501,33.599933462951746,0.7785304016673985,15.49275499318123,0.437504088408879,-2.9353115438670194
2015-10-26,0.518618557768178,33.47682790393589,0.6825838442967596,13.788193654794542,-1.8276668974025423,-4.762978441269562
2015-10-27,0.518618557768178,33.295311408717026,0.6825838442967596,13.624373532163322,-0.3453366178500854,-5.108315059119647
2015-10-28,0.518618557768178,33.06193305772135,0.6825838442967596,13.508334278632871,-0.34941760452612947,-5.457732663645777
2015-10-29,0.518618557768178,32.82855470672567,0.6825838442967596,13.296733286900876,-0.4449793427276738,-5.90271200637345
2015-10-30,0.518618557768178,32.77669285094885,0.6825838442967596,13.283081610014941,-0.06551353266275584,-5.968225539036206
2015-11-02,0.518618557768178,32.82855470672567,0.6825838442967596,13.296733286900876,0.06551353266275584,-5.90271200637345
2015-11-03,0.518618557768178,33.34717326449385,0.6825838442967596,13.7131094319219,0.9349947027892025,-4.967717303584248
2015-11-04,0.518618557768178,33.99544646170407,0.6825838442967596,14.218221476701501,1.1533852419898238,-3.814332061594424
2015-11-05,0.518618557768178,33.917653678038846,0.6825838442967596,14.204569799815566,-0.09144446055115907,-3.905776522145583
2015-11-06,0.518618557768178,33.243449552940206,0.6825838442967596,13.67898023970706,-1.1997936852071458,-5.105570207352729
2015-11-09,0.518618557768178,33.01007120194453,0.6825838442967596,13.433250055760228,-0.4791085349425117,-5.584678742295241
2015-11-10,0.518618557768178,32.62110728361839,0.6825838442967596,13.153390679598557,-0.6688232944878045,-6.253502036783045
2015-11-11,0.518618557768178,32.23214336529226,0.6825838442967596,12.83257627277908,-0.70977832514561,-6.963280361928655
2015-11-12,0.518618557768178,32.28400522106908,0.6825838442967596,12.853053788107982,0.07233937110572164,-6.8909409908229335
2015-11-13,0.518618557768178,31.946903158519767,0.6825838442967596,12.580020250389278,-0.6101356002680163,-7.50107659109095
2015-11-16,0.518618557768178,31.713524807524085,0.6825838442967596,12.423025966201024,-0.3903726351839367,-7.8914492262748865
2015-11-17,0.518618557768178,32.3358670768459,0.6825838442967596,12.846227949665016,1.0455442527858079,-6.845904973489079
2015-11-18,0.518618557768178,31.84317944696613,0.6825838442967596,12.504936027516635,-0.8339795520281523,-7.679884525517231
2015-11-19,0.518618557768178,32.30993614895749,0.6825838442967596,12.825750434336111,0.7875711088108375,-6.8923134167063935
2015-11-20,0.518618557768178,32.30993614895749,0.6825838442967596,12.825750434336111,0.0,-6.8923134167063935
2015-11-23,0.518618557768178,32.465521716287945,0.6825838442967596,12.921312172537657,0.25114730553200104,-6.6411661111743925
2015-11-24,0.518618557768178,32.12841965373863,0.6825838442967596,12.696059503919729,-0.5623547311672414,-7.203520842341634
2015-11-25,0.518618557768178,32.12841965373863,0.6825838442967596,12.648278634818956,-0.04778086910077306,-7.251301711442407
2015-11-26,0.518618557768178,32.56924542784158,0.6825838442967596,13.010048072296236,0.8025952115802273,-6.44870649986218
2015-11-27,0.518618557768178,32.12841965373863,0.6825838442967596,12.71653701924863,-0.7343368271505533,-7.183043327012733
2015-11-30,0.518618557768178,31.739455735412495,0.6825838442967596,12.34794174332838,-0.7575591942463866,-7.94060252125912
2015-12-01,0.518618557768178,32.361798004734304,0.6825838442967596,12.80527291900721,1.0796734450006387,-6.860929076258481
2015-12-02,0.518618557768178,32.30993614895749,0.6825838442967596,12.85987962655095,0.0027448517669252936,-6.858184224491556
2015-12-03,0.518618557768178,32.361798004734304,0.6825838442967596,12.900834657208755,0.09281688643461905,-6.765367338056937
2015-12-04,0.518618557768178,32.02469594218499,0.6825838442967596,12.661930311704891,-0.5760064080531766,-7.341373746110113
2015-12-07,0.518618557768178,32.413659860511125,0.6825838442967596,12.894008818765789,0.6210424253870315,-6.720331320723082
2015-12-08,0.518618557768178,31.895041302742946,0.6825838442967596,12.539065219731473,-0.8735621568024943,-7.593893477525576
2015-12-09,0.518618557768178,31.506077384416812,0.6825838442967596,12.266031682012768,-0.6619974560448387,-8.255890933570415
2015-12-10,0.518618557768178,31.40235367286318,0.6825838442967596,12.102211559381548,-0.2675438341848544,-8.523434767755269
2015-12-11,0.518618557768178,31.039320682425455,0.6825838442967596,11.781397152562072,-0.6838473972571997,-9.207282165012469
2015-12-14,0.518618557768178,30.805942331429772,0.6825838442967596,11.658532060588652,-0.3562434429691024,-9.563525607981571
2015-12-15,0.518618557768178,30.831873259318183,0.6825838442967596,11.692661252803491,0.060060120103250014,-9.503465487878321
2015-12-16,0.518618557768178,31.298629961309544,0.6825838442967596,12.01347565962297,0.7875711088108392,-8.715894379067482
2015-12-17,0.518618557768178,31.661662951747264,0.6825838442967596,12.32063838955651,0.670195720371261,-8.045698658696221
2015-12-18,0.518618557768178,31.506077384416812,0.6825838442967596,12.225076651354964,-0.2511473055319975,-8.296845964228218
2015-12-21,0.518618557768178,31.454215528639995,0.6825838442967596,12.266031682012768,-0.010906825119013419,-8.307752789347232
2015-12-22,0.518618557768178,31.53200831230522,0.6825838442967596,12.2387283282409,0.050489429893355364,-8.257263359453876
2015-12-23,0.518618557768178,31.58387016808204,0.6825838442967596,12.32063838955651,0.13377191709243164,-8.123491442361445
2015-12-24,0.518618557768178,31.739455735412495,0.6825838442967596,12.409374289315089,0.24432146708903346,-7.879169975272411
2015-12-25,0.518618557768178,31.946903158519767,0.6825838442967596,12.532239381288505,0.3303125150806885,-7.548857460191723
2015-12-28,0.518618557768178,31.86911037485454,0.6825838442967596,12.54589105817444,-0.0641411067792923,-7.612998566971015
2015-12-29,0.518618557768178,31.635732023858857,0.6825838442967596,12.313812551113541,-0.4654568580565819,-8.078455425027597
2015-12-30,0.518618557768178,31.40235367286318,0.6825838442967596,12.20459913602606,-0.3425917660831601,-8.421047191110757
2015-12-31,0.518618557768178,31.506077384416812,0.6825838442967596,12.266031682012768,0.16515625754034247,-8.255890933570415
2016-01-04,0.518618557768178,30.883735115095,0.6825838442967596,11.733616283461298,-1.154757667873282,-9.410648601443697
2016-01-05,0.518618557768178,30.62442583621091,0.6825838442967596,11.562970322387107,-0.42995523995828044,-9.840603841401977
2016-01-06,0.518618557768178,30.313254701550004,0.6825838442967596,11.35136933065511,-0.522772126392903,-10.36337596779488
2016-01-07,0.518618557768178,29.74277428800501,0.6825838442967596,10.934993185634088,-0.9868565585660178,-11.350232526360898
2016-01-08,0.518618557768178,29.794636143781826,0.6825838442967596,11.07150995449344,0.18837862463616872,-11.16185390172473
2016-01-11,0.518618557768178,29.327879441790465,0.6825838442967596,10.723392193902093,-0.8148744625827078,-11.976728364307437
2016-01-12,0.518618557768178,29.301948513902058,0.6825838442967596,10.634656294143515,-0.11466682764698533,-12.091395191954422
2016-01-13,0.518618557768178,29.63905057645137,0.6825838442967596,10.84625728587551,0.5487030542813081,-11.542692137673114
2016-01-14,0.518618557768178,29.405672225455692,0.6825838442967596,10.634656294143515,-0.4449793427276738,-11.987671480400788
2016-01-15,0.518618557768178,29.405672225455692,0.6825838442967596,10.518617040613066,-0.11603925353044886,-12.103710733931237
2016-01-18,0.518618557768178,29.613119648562964,0.6825838442967596,10.894038154976283,0.582868537470489,-11.520842196460748
2016-01-19,0.518618557768178,29.690912432228192,0.6825838442967596,10.98959989317783,0.17335452186677536,-11.347487674593973
2016-01-20,0.518618557768178,28.99077737924115,0.6825838442967596,10.341145241095907,-1.3485897050689672,-12.69607737966294
2016-01-21,0.518618557768178,28.93891552346433,0.6825838442967596,10.395751948639647,0.0027448517669235173,-12.693332527896017
2016-01-22,0.518618557768178,29.327879441790465,0.6825838442967596,10.682437163244288,0.6756491329307739,-12.017683394965243
2016-01-25,0.518618557768178,29.846497999558643,0.6825838442967596,11.051032439164539,0.8872138336884294,-11.130469561276813
2016-01-26,0.518618557768178,29.561257792786147,0.6825838442967596,10.866734801204412,-0.4695378447326224,-11.600007406009436
2016-01-27,0.518618557768178,29.690912432228192,0.6825838442967596,10.914515670305185,0.17743550854281764,-11.422571897466618
2016-01-28,0.518618557768178,29.846497999558643,0.6825838442967596,11.04420660072157,0.2852764977468354,-11.137295399719783
2016-01-29,0.518618557768178,30.5984949083225,0.6825838442967596,11.549318645501172,1.2571089535434599,-9.880186446176323
2016-01-30,0.518618557768178,30.883735115095,0.6825838442967596,11.829178021662843,0.5650995829341703,-9.315086863242152
2016-02-01,0.518618557768178,30.883735115095,0.6825838442967596,11.788222991005037,-0.04095503065780548,-9.356041893899958
2016-02-02,0.518618557768178,30.780011403541366,0.6825838442967596,11.740442121904264,-0.1515045806544073,-9.507546474554365
2016-02-03,0.518618557768178,30.572563980434094,0.6825838442967596,11.583447837716008,-0.36444170729552816,-9.871988181849893
2016-02-15,0.518618557768178,30.5984949083225,0.6825838442967596,11.624402868373815,0.06688595854621404,-9.80510222330368
2016-02-16,0.518618557768178,31.246768105532723,0.6825838442967596,12.115863236267483,1.1397335651038905,-8.665368658199789
2016-02-17,0.518618557768178,31.091182538202272,0.6825838442967596,12.020301498065935,-0.25114730553199927,-8.916515963731788
2016-02-18,0.518618557768178,31.58387016808204,0.6825838442967596,12.300160874227608,0.7725470060414406,-8.143968957690348
2016-02-19,0.518618557768178,31.557939240193633,0.6825838442967596,12.354767581771348,0.028675779655333855,-8.115293178035014
2016-02-22,0.518618557768178,31.53200831230522,0.6825838442967596,12.368419258657283,-0.01227925100247873,-8.127572429037492
2016-02-23,0.518618557768178,31.557939240193633,0.6825838442967596,12.327464227999476,-0.015024102769393366,-8.142596531806886
2016-02-24,0.518618557768178,31.272699033421134,0.6825838442967596,12.163644105368256,-0.44906032940371965,-8.591656861210605
2016-02-25,0.518618557768178,31.687593879635678,0.6825838442967596,12.4912843506307,0.7425350914769879,-7.8491217697336175
2016-02-26,0.518618557768178,31.7653866633009,0.6825838442967596,12.54589105817444,0.13239949120896455,-7.716722278524653
2016-03-01,0.518618557768178,32.07655779796181,0.6825838442967596,12.83257627277908,0.59785634926555,-7.118865929259103
2016-03-02,0.518618557768178,32.3358670768459,0.6825838442967596,13.00322223385327,0.42995523995827867,-6.688910689300824
2016-03-03,0.518618557768178,32.6470382115068,0.6825838442967596,13.207997387142298,0.5159462879499301,-6.172964401350894
2016-03-04,0.518618557768178,32.724830995172034,0.6825838442967596,13.296733286900876,0.16652868342380955,-6.006435717927085
2016-03-07,0.518618557768178,32.724830995172034,0.6825838442967596,13.296733286900876,0.0,-6.006435717927085
2016-03-08,0.518618557768178,32.698900067283624,0.6825838442967596,13.296733286900876,-0.025930927888410338,-6.032366645815495
2016-03-09,0.518618557768178,32.724830995172034,0.6825838442967596,13.296733286900876,0.025930927888410338,-6.006435717927085
2016-03-10,0.518618557768178,32.80262377883726,0.6825838442967596,13.36499167133055,0.14605116809489793,-5.860384549832187
2016-03-11,0.518618557768178,32.95820934616771,0.6825838442967596,13.576592663062549,0.36718655906245345,-5.493197990769733
2016-03-14,0.518618557768178,33.19158769716339,0.6825838442967596,13.747238624136738,0.40402431206986833,-5.089173678699865
2016-03-15,0.518618557768178,32.698900067283624,0.6825838442967596,13.221649064028233,-1.0182771899882734,-6.107450868688138
2016-03-16,0.518618557768178,32.984140274056124,0.6825838442967596,13.474205086418033,0.5377962291623,-5.569654639525838
2016-03-17,0.518618557768178,33.34717326449385,0.6825838442967596,13.672154401264095,0.560982305283785,-5.008672334242053
2016-03-18,0.518618557768178,33.554620687601115,0.6825838442967596,13.924710423653893,0.4600034454970672,-4.548668888744986
2016-03-21,0.518618557768178,33.502758831824295,0.6825838442967596,13.890581231439057,-0.0859910479916568,-4.634659936736643
2016-03-22,0.518618557768178,33.39903512027067,0.6825838442967596,13.754064462579704,-0.24024048041298052,-4.8749004171496235
2016-03-23,0.518618557768178,33.37310419238225,0.6825838442967596,13.754064462579704,-0.025930927888417443,-4.900831345038041
2016-03-24,0.518618557768178,33.37310419238225,0.6825838442967596,13.774541977908608,0.020477515328904516,-4.8803538297091364
2016-03-25,0.518618557768178,33.2175186250518,0.6825838442967596,13.651676885935192,-0.27845065930386426,-5.158804489013001
2016-03-28,0.518618557768178,33.243449552940206,0.6825838442967596,13.651676885935192,0.025930927888403232,-5.1328735611245975
2016-03-29,0.518618557768178,33.01007120194453,0.6825838442967596,13.419598378874293,-0.4654568580565783,-5.598330419181176
2016-03-30,0.518618557768178,33.554620687601115,0.6825838442967596,13.85645203922422,0.9814031460065156,-4.61692727317466
2016-03-31,0.518618557768178,33.52868975971271,0.6825838442967596,13.815497008566412,-0.06688595854621049,-4.683813231720871
2016-04-01,0.518618557768178,33.13972584138657,0.6825838442967596,13.501508440189905,-0.7029524867026478,-5.3867657184235185
2016-04-06,0.518618557768178,32.361798004734304,0.6825838442967596,12.9963963954103,-1.283039881431872,-6.6698055998553905
2016-04-07,0.518618557768178,32.23214336529226,0.6825838442967596,12.853053788107982,-0.27299724674436376,-6.942802846599754
2016-04-08,0.518618557768178,32.54331449995317,0.6825838442967596,13.00322223385327,0.4613395804061984,-6.481463266193556
2016-04-11,0.518618557768178,32.672969139395214,0.6825838442967596,13.14656484115559,0.27299724674436376,-6.208466019449192
2016-04-12,0.518618557768178,32.6470382115068,0.6825838442967596,13.105609810497784,-0.06688595854621582,-6.275351977995408
2016-04-13,0.518618557768178,33.2175186250518,0.6825838442967596,13.556115147733644,1.0209857507808593,-5.254366227214549
2016-04-14,0.518618557768178,33.32124233660544,0.6825838442967596,13.617547693720352,0.16515625754034247,-5.089209969674206
2016-04-15,0.518618557768178,33.32124233660544,0.6825838442967596,13.719935270364868,0.10238757664451548,-4.986822393029691
2016-04-18,0.518618557768178,33.11379491349817,0.6825838442967596,13.549289309290678,-0.378093384181458,-5.364915777211149
2016-04-19,0.518618557768178,32.984140274056124,0.6825838442967596,13.426424217317262,-0.252519731415461,-5.61743550862661
2016-04-20,0.518618557768178,32.49145264417635,0.6825838442967596,12.989570556967335,-0.929541290229702,-6.546976798856312
2016-04-21,0.518618557768178,32.6470382115068,0.6825838442967596,13.167042356484492,0.333057366847612,-6.2139194320087
2016-04-22,0.518618557768178,32.77669285094885,0.6825838442967596,13.167042356484492,0.12965463944204458,-6.084264792566655
2016-04-25,0.518618557768178,32.80262377883726,0.6825838442967596,13.255778256243072,0.11466682764699065,-5.969597964919664
2016-04-26,0.518618557768178,32.9322784182793,0.6825838442967596,13.36499167133055,0.2388680545295223,-5.730729910390142
2016-04-27,0.518618557768178,32.88041656250248,0.6825838442967596,13.34451415600165,-0.07233937110572164,-5.803069281495864
2016-04-28,0.518618557768178,32.361798004734304,0.6825838442967596,12.88718298032282,-0.975949733447008,-6.779019014942872
2016-04-29,0.518618557768178,31.946903158519767,0.6825838442967596,12.586846088832248,-0.7152317377051087,-7.4942507526479805
2016-05-03,0.518618557768178,31.506077384416812,0.6825838442967596,12.354767581771348,-0.6729042811638539,-8.167155033811834
2016-05-04,0.518618557768178,31.1689753218675,0.6825838442967596,12.01347565962297,-0.6783939846976921,-8.845549018509526
2016-05-05,0.518618557768178,31.220837177644317,0.6825838442967596,12.054430690280775,0.0928168864346226,-8.752732132074904
2016-05-06,0.518618557768178,30.961527898760227,0.6825838442967596,11.897436406092519,-0.4163035630723453,-9.16903569514725
2016-05-09,0.518618557768178,30.961527898760227,0.6825838442967596,11.876958890763616,-0.02047751532890274,-9.189513210476152
2016-05-10,0.518618557768178,31.11711346609068,0.6825838442967596,12.020301498065935,0.29892817463277055,-8.890585035843381
2016-05-11,0.518618557768178,31.039320682425455,0.6825838442967596,11.911088082978454,-0.1870061987527052,-9.077591234596087
2016-05-12,0.518618557768178,31.013389754537044,0.6825838442967596,11.870133052320648,-0.06688595854621582,-9.144477193142302
2016-05-13,0.518618557768178,30.676287691987728,0.6825838442967596,11.603925353044913,-0.6033097618250522,-9.747786954967355
2016-05-16,0.518618557768178,30.90966604298341,0.6825838442967596,11.760919637233167,0.3903726351839367,-9.357414319783418
2016-05-17,0.518618557768178,31.14304439397909,0.6825838442967596,11.986172305851097,0.45863101961360897,-8.898783300169809
2016-05-18,0.518618557768178,31.091182538202272,0.6825838442967596,11.945217275193292,-0.0928168864346226,-8.991600186604431
2016-05-19,0.518618557768178,30.935596970871817,0.6825838442967596,11.781397152562072,-0.31940568996167507,-9.311005876566107
2016-05-20,0.518618557768178,31.11711346609068,0.6825838442967596,11.952043113636261,0.3521624562930512,-8.958843420273055
2016-05-23,0.518618557768178,32.154350581627035,0.6825838442967596,12.655104473261922,1.7402984751620174,-7.218544945111038
2016-05-24,0.518618557768178,31.817248519077722,0.6825838442967596,12.4912843506307,-0.500922185180535,-7.719467130291573
2016-05-25,0.518618557768178,32.154350581627035,0.6825838442967596,12.777969565235338,0.6237872771539514,-7.0956798531376215
2016-05-26,0.518618557768178,32.23214336529226,0.6825838442967596,12.764317888349403,0.06414110677928875,-7.031538746358333
2016-05-27,0.518618557768178,32.465521716287945,0.6825838442967596,12.962267203195463,0.43132766584174576,-6.600211080516587
2016-05-30,0.518618557768178,32.75076192306044,0.6825838442967596,13.167042356484492,0.4900153600615216,-6.110195720455065
2016-05-31,0.518618557768178,32.75076192306044,0.6825838442967596,13.139739002712622,-0.02730335377187032,-6.137499074226936
2016-06-01,0.518618557768178,33.03600212983294,0.6825838442967596,13.37181750977352,0.5173187138333972,-5.6201803603935385
2016-06-02,0.518618557768178,33.03600212983294,0.6825838442967596,13.262604094686038,-0.10921341508748128,-5.72939377548102
2016-06-03,0.518618557768178,33.11379491349817,0.6825838442967596,13.337688317558682,0.1528770065378744,-5.576516768943145
2016-06-04,0.518618557768178,33.16565676927498,0.6825838442967596,13.39912086354539,0.11329440176352179,-5.463222367179624
2016-06-06,0.518618557768178,33.2175186250518,0.6825838442967596,13.392295025102424,0.04503601733385487,-5.418186349845769
2016-06-07,0.518618557768178,33.65834439915476,0.6825838442967596,13.699457755035965,0.7479885040364955,-4.670197845809273
2016-06-08,0.518618557768178,33.839860894373615,0.6825838442967596,13.842800362338284,0.32485910252117733,-4.345338743288096
2016-06-13,0.518618557768178,33.06193305772135,0.6825838442967596,13.180694033370425,-1.4400341656201263,-5.785372908908222
2016-06-14,0.518618557768178,33.26938048082862,0.6825838442967596,13.358165832887584,0.38491922262443445,-5.400453686283788
2016-06-15,0.518618557768178,33.32124233660544,0.6825838442967596,13.467379247975066,0.16107527086429485,-5.239378415419493
2016-06-16,0.518618557768178,32.85448563461408,0.6825838442967596,13.051003102954043,-0.88313284701238,-6.122511262431873
2016-06-17,0.518618557768178,33.2175186250518,0.6825838442967596,13.385469186659455,0.6974990741431348,-5.425012188288738
2016-06-20,0.518618557768178,33.45089697604748,0.6825838442967596,13.617547693720352,0.46545685805657655,-4.9595553302321616
2016-06-21,0.518618557768178,33.580551615489526,0.6825838442967596,13.774541977908608,0.2866489236303007,-4.672906406601861
2016-06-22,0.518618557768178,33.68427532704316,0.6825838442967596,13.760890301022673,0.09007203466769909,-4.582834371934162
2016-06-23,0.518618557768178,33.606482543377936,0.6825838442967596,13.760890301022673,-0.07779278366522391,-4.660627155599386
2016-06-24,0.518618557768178,32.724830995172034,0.6825838442967596,12.907660495651724,-1.734881353576851,-6.395508509176237
2016-06-27,0.518618557768178,33.06193305772135,0.6825838442967596,13.20117154869933,0.630613115596919,-5.764895393579318
2016-06-28,0.518618557768178,33.19158769716339,0.6825838442967596,13.337688317558682,0.2661714083013962,-5.4987239852779215
2016-06-29,0.518618557768178,33.554620687601115,0.6825838442967596,13.549289309290678,0.5746339821697202,-4.924090003108201
2016-06-30,0.518618557768178,33.94358460592725,0.6825838442967596,13.842800362338284,0.6824749713737397,-4.241615031734462
2016-07-01,0.518618557768178,34.35847945214179,0.6825838442967596,14.149963092271825,0.7220575761480852,-3.5195574555863764
2016-07-04,0.518618557768178,34.3844103800302,0.6825838442967596,14.204569799815566,0.08053763543214387,-3.4390198201542326
2016-07-05,0.518618557768178,34.28068666847656,0.6825838442967596,14.143137253828858,-0.16515625754034247,-3.604176077694575
2016-07-06,0.518618557768178,33.65834439915476,0.6825838442967596,13.590244339948482,-1.1752351832021812,-4.779411260896756
2016-07-07,0.518618557768178,34.073239245369294,0.6825838442967596,13.931536262096863,0.7561867683629178,-4.0232244925338385
2016-07-11,0.518618557768178,34.74744337046793,0.6825838442967596,14.491255014420206,1.2339228774219766,-2.789301615111862
2016-07-12,0.518618557768178,35.05861450512883,0.6825838442967596,14.689204329266266,0.5091204495069626,-2.2801811656048994
2016-07-13,0.518618557768178,35.08454543301725,0.6825838442967596,14.716507683038135,0.05323428166028599,-2.2269468839446134
2016-07-14,0.518618557768178,35.11047636090565,0.6825838442967596,14.777940229024843,0.08736347387511145,-2.139583410069502
2016-07-15,0.518618557768178,35.525371207120195,0.6825838442967596,15.13288382805916,0.7698384452488618,-1.3697449648206401
2016-07-18,0.518618557768178,35.862473269669515,0.6825838442967596,15.433220719549734,0.6374389540398937,-0.7323060107807464
2016-07-19,0.518618557768178,35.91433512544633,0.6825838442967596,15.569737488409084,0.1883786246361634,-0.543927386144583
2016-07-20,0.518618557768178,35.88840419755792,0.6825838442967596,15.440046557992702,-0.15562185830479258,-0.6995492444493756
2016-07-21,0.518618557768178,36.069920692776776,0.6825838442967596,15.767686803255147,0.5091567404813038,-0.19039250396807184
2016-07-22,0.518618557768178,35.94026605333473,0.6825838442967596,15.64482171128173,-0.252519731415461,-0.44291223538353286
2016-07-25,0.518618557768178,35.784680486004284,0.6825838442967596,15.453698234878637,-0.34670904373354183,-0.7896212791170747
2016-07-26,0.518618557768178,35.99212790911156,0.6825838442967596,15.6721250650536,0.42587425328223816,-0.36374702583483653
2016-07-27,0.518618557768178,36.14771347644201,0.6825838442967596,15.80864183391295,0.2921023361897994,-0.07164468964503712
2016-07-28,0.518618557768178,35.81061141389269,0.6825838442967596,15.849596864570756,-0.2961470318915147,-0.3677917215365518
2016-07-29,0.518618557768178,35.5513021350086,0.6825838442967596,15.631170034395792,-0.4777361090590535,-0.8455278305956053
2016-08-01,0.518618557768178,35.94026605333473,0.6825838442967596,15.958810279658238,0.7166041635885794,-0.12892366700702595
2016-08-02,0.518618557768178,35.94026605333473,0.6825838442967596,15.938332764329337,-0.020477515328900964,-0.14940118233592692
2016-08-03,0.518618557768178,35.65502584656224,0.6825838442967596,15.658473388167666,-0.5650995829341632,-0.7145007652700901
2016-08-04,0.518618557768178,35.73281863022747,0.6825838442967596,15.706254257268439,0.12557365276600407,-0.588927112504086
2016-08-05,0.518618557768178,36.09585162066519,0.6825838442967596,16.074849533188686,0.7316282663579639,0.14270115385387783
2016-08-08,0.518618557768178,36.329229971660865,0.6825838442967596,16.24549549426288,0.4040243120698719,0.5467254659237497
2016-08-09,0.518618557768178,36.51074646687974,0.6825838442967596,16.361534747793325,0.2975557487493177,0.8442812146730674
2016-08-10,0.518618557768178,36.614470178433365,0.6825838442967596,16.477574001323777,0.21976296508407955,1.064044179757147
2016-08-11,0.518618557768178,36.27736811588405,0.6825838442967596,16.1772371098332,-0.6374389540398901,0.4266052257172568
2016-08-12,0.518618557768178,36.407022755326096,0.6825838442967596,16.334231394021455,0.2866489236302989,0.7132541493475557
2016-08-15,0.518618557768178,36.48481553899132,0.6825838442967596,16.341057232464426,0.08461862210819504,0.7978727714557508
2016-08-16,0.518618557768178,36.27736811588405,0.6825838442967596,16.170411271390236,-0.378093384181458,0.41977938727429276
2016-08-17,0.518618557768178,36.329229971660865,0.6825838442967596,16.14993375606133,0.03138434044790728,0.45116372772220004
2016-08-18,0.518618557768178,36.25143718799565,0.6825838442967596,16.231843817376944,0.00411727765039771,0.45528100537259775
2016-08-19,0.518618557768178,35.88840419755792,0.6825838442967596,15.904203572114499,-0.6906732357001761,-0.2353922303275784
2016-08-22,0.518618557768178,35.62909491867383,0.6825838442967596,15.64482171128173,-0.5186911397168572,-0.7540833700444356
2016-08-23,0.518618557768178,35.99212790911156,0.6825838442967596,15.999765310316045,0.7179765894720447,-0.03610678057239092
2016-08-24,0.518618557768178,35.88840419755792,0.6825838442967596,15.911029410557465,-0.19245961131222167,-0.22856639188461259
2016-08-25,0.518618557768178,36.30329904377246,0.6825838442967596,16.28645052492068,0.790315960577761,0.5617495686931484
2016-08-26,0.518618557768178,36.355160899549276,0.6825838442967596,16.334231394021455,0.09964272487758663,0.661392293570735
2016-08-29,0.518618557768178,36.329229971660865,0.6825838442967596,16.18406294827617,-0.17609937363369355,0.4852929199370415
2016-08-30,0.518618557768178,36.30329904377246,0.6825838442967596,16.225017978933973,0.015024102769398695,0.5003170227064402
2016-08-31,0.518618557768178,35.99212790911156,0.6825838442967596,16.020242825644946,-0.5159462879499301,-0.015629265243489954
2016-09-01,0.518618557768178,35.81061141389269,0.6825838442967596,15.80864183391295,-0.39311748695086735,-0.4087467521943573
2016-09-02,0.518618557768178,35.862473269669515,0.6825838442967596,15.829119349241855,0.0723393711057323,-0.336407381088625
2016-09-05,0.518618557768178,36.45888461110291,0.6825838442967596,16.306928040249588,1.0742200324411275,0.7378126513525025
2016-09-06,0.518618557768178,36.74412481787541,0.6825838442967596,16.61409077018313,0.5924029367060406,1.3302155880585431
2016-09-07,0.518618557768178,37.26274337564359,0.6825838442967596,17.03046691520415,0.9349947027892007,2.265210290847744
2016-09-08,0.518618557768178,37.13308873620154,0.6825838442967596,16.962208530774475,-0.19791302387172038,2.0672972669760235
2016-09-09,0.518618557768178,36.51074646687974,0.6825838442967596,16.491225678209712,-1.0933251218865685,0.973972145089455
2016-09-10,0.518618557768178,35.99212790911156,0.6825838442967596,15.945158602772302,-1.0646856332055883,-0.09071348811613333
2016-09-12,0.518618557768178,35.70688770233905,0.6825838442967596,15.713080095711405,-0.5173187138334043,-0.6080322019495377
2016-09-13,0.518618557768178,35.70688770233905,0.6825838442967596,15.658473388167666,-0.054606707543738864,-0.6626389094932765
2016-09-14,0.518618557768178,35.499440279231784,0.6825838442967596,15.583389165295019,-0.2825316459799154,-0.945170555473192
2016-09-19,0.518618557768178,36.82191760154064,0.6825838442967596,16.607264931740158,2.346353088753995,1.401182533280803
2016-09-20,0.518618557768178,36.77005574576382,0.6825838442967596,16.566309901082356,-0.0928168864346226,1.3083656468461804
2016-09-21,0.518618557768178,36.951572240982685,0.6825838442967596,16.709652508384675,0.32485910252118444,1.6332247493673648
2016-09-22,0.518618557768178,37.02936502464791,0.6825838442967596,16.83934343880106,0.20748371408160793,1.8407084634489728
2016-09-23,0.518618557768178,37.288674303532,0.6825838442967596,17.05777026897602,0.47773610905905173,2.3184445725080245
2016-09-26,0.518618557768178,36.82191760154064,0.6825838442967596,16.709652508384675,-0.8148744625827042,1.5035701099253203
2016-09-29,0.518618557768178,37.288674303532,0.6825838442967596,17.098725299633827,0.8558294932405097,2.35939960316583
2016-09-30,0.518618557768178,36.79598667365223,0.6825838442967596,16.709652508384675,-0.8817604211289201,1.47763918203691
2016-10-03,0.518618557768178,37.05529595253632,0.6825838442967596,16.86664679257293,0.4163035630723435,1.8939427451092534
2016-10-04,0.518618557768178,37.210881519866774,0.6825838442967596,17.105551138076795,0.3944899128343202,2.2884326579435736
2016-10-05,0.518618557768178,37.08122688042473,0.6825838442967596,17.044118592090086,-0.1910871854287528,2.097345472514821
2016-10-06,0.518618557768178,37.184950591978364,0.6825838442967596,17.078247784304924,0.13785290376847215,2.235198376283293
2016-10-07,0.518618557768178,37.15901966408995,0.6825838442967596,17.085073622747892,-0.019105089445442758,2.2160932868378502
2016-10-11,0.518618557768178,37.05529595253632,0.6825838442967596,16.873472631015897,-0.3153247032856292,1.900768583552221
2016-10-12,0.518618557768178,37.47019079875086,0.6825838442967596,17.221590391607243,0.7630126068058907,2.6637811903581117
2016-10-13,0.518618557768178,37.184950591978364,0.6825838442967596,16.941731015445573,-0.5650995829341703,2.0986816074239414
2016-10-14,0.518618557768178,37.05529595253632,0.6825838442967596,16.85982095412996,-0.21156470075765554,1.8871169066662858
2016-10-17,0.518618557768178,37.05529595253632,0.6825838442967596,16.846169277244027,-0.01365167688593516,1.8734652297803507
2016-10-18,0.518618557768178,37.31460523142041,0.6825838442967596,17.044118592090086,0.457258593730149,2.3307238235104997
2016-10-19,0.518618557768178,37.52205265452768,0.6825838442967596,17.242067906936146,0.4053967379533283,2.736120561463828
2016-10-20,0.518618557768178,37.67763822185813,0.6825838442967596,17.37175883735253,0.28527649774683894,3.021397059210667
2016-10-21,0.518618557768178,37.65170729396972,0.6825838442967596,17.358107160466595,-0.0395826047743455,2.9818144544363214
2016-10-24,0.518618557768178,37.70356914974654,0.6825838442967596,17.46049473711111,0.15424943242133438,3.136063886857656
2016-10-25,0.518618557768178,38.066602140184266,0.6825838442967596,17.75400579015872,0.6565440434853329,3.7926079303429887
2016-10-26,0.518618557768178,37.859154717077,0.6825838442967596,17.58335982908453,-0.378093384181458,3.4145145461615307
2016-10-27,0.518618557768178,37.65170729396972,0.6825838442967596,17.378584675795498,-0.41222257639630655,3.002291969765224
2016-10-28,0.518618557768178,37.65170729396972,0.6825838442967596,17.351281322023627,-0.02730335377187032,2.974988615993354
2016-10-31,0.518618557768178,37.65170729396972,0.6825838442967596,17.385410514238465,0.0341291922148379,3.0091178082081917
2016-11-01,0.518618557768178,37.65170729396972,0.6825838442967596,17.34445548358066,-0.04095503065780548,2.9681627775503863
2016-11-02,0.518618557768178,37.210881519866774,0.6825838442967596,16.85982095412996,-0.9254603035536455,2.0427024739967408
2016-11-03,0.518618557768178,36.925641313094275,0.6825838442967596,16.661871639283902,-0.4831895216185593,1.5595129523781814
2016-11-04,0.518618557768178,36.82191760154064,0.6825838442967596,16.559484062639388,-0.20611128819814795,1.3534016641800335
2016-11-07,0.518618557768178,37.34053615930882,0.6825838442967596,17.050944430533054,1.010078925661844,2.3634805898418776
2016-11-08,0.518618557768178,37.52205265452768,0.6825838442967596,17.17380952250647,0.3043815871922746,2.667862177034152
2016-11-09,0.518618557768178,36.30329904377246,0.6825838442967596,16.09532704851759,-2.297236084744096,0.37062609229005616
2016-11-10,0.518618557768178,37.34053615930882,0.6825838442967596,16.996337722989313,1.9382477900080808,2.308873882298137
2016-11-11,0.518618557768178,36.329229971660865,0.6825838442967596,16.143107917618362,-1.8645359930189045,0.44433788927923246
2016-11-14,0.518618557768178,36.355160899549276,0.6825838442967596,16.09532704851759,-0.021849941212362722,0.42248794806686973
2016-11-15,0.518618557768178,36.25143718799565,0.6825838442967596,16.08850121007462,-0.11054954999659472,0.311938398070275
2016-11-16,0.518618557768178,36.30329904377246,0.6825838442967596,16.190888786719135,0.15424943242132727,0.4661878304916023
2016-11-17,0.518618557768178,36.407022755326096,0.6825838442967596,16.1772371098332,0.09007203466769909,0.5562598651593014
2016-11-18,0.518618557768178,36.51074646687974,0.6825838442967596,16.306928040249588,0.23341464197002892,0.7896745071293303
2016-11-21,0.518618557768178,36.56260832265655,0.6825838442967596,16.34788307090739,0.0928168864346155,0.8824913935639458
2016-11-22,0.518618557768178,37.05529595253632,0.6825838442967596,16.81204008502919,0.956844644001567,1.8393360375655128
2016-11-23,0.518618557768178,37.23681244775518,0.6825838442967596,16.94855685388854,0.31803326407820975,2.1573693016437225
2016-11-24,0.518618557768178,37.02936502464791,0.6825838442967596,16.791562569700286,-0.36444170729552283,1.7929275943481997
2016-11-25,0.518618557768178,37.0034340967595,0.6825838442967596,16.83251760035809,0.015024102769395142,1.8079516971175948
2016-11-28,0.518618557768178,37.210881519866774,0.6825838442967596,17.071421945861957,0.4463517686111409,2.2543034657287357
2016-11-29,0.518618557768178,37.15901966408995,0.6825838442967596,17.023641076761184,-0.09964272487759374,2.154660740851142
2016-11-30,0.518618557768178,37.184950591978364,0.6825838442967596,16.996337722989313,-0.0013724258834599823,2.153288314967682
2016-12-01,0.518618557768178,37.34053615930882,0.6825838442967596,17.166983684063503,0.3262315284046444,2.4795198433723264
2016-12-02,0.518618557768178,36.925641313094275,0.6825838442967596,16.75060753904248,-0.8312709912355665,1.64824885213676
2016-12-05,0.518618557768178,36.873779457317454,0.6825838442967596,16.743781700599513,-0.058687694219788256,1.5895611579169717
2016-12-06,0.518618557768178,37.34053615930882,0.6825838442967596,17.180635360949438,0.9036103623412899,2.4931715202582616
2016-12-07,0.518618557768178,37.34053615930882,0.6825838442967596,17.180635360949438,0.0,2.4931715202582616
2016-12-08,0.518618557768178,37.807292861300176,0.6825838442967596,17.51510144465485,0.8012227856967691,3.2943943059550307
2016-12-09,0.518618557768178,37.93694750074222,0.6825838442967596,17.6516182135142,0.2661714083013962,3.560565714256427
2016-12-12,0.518618557768178,37.781361933411766,0.6825838442967596,17.54240479842672,-0.2647989824179362,3.2957667318384907
2016-12-13,0.518618557768178,37.83322378918859,0.6825838442967596,17.617489021299363,0.12694607864946406,3.4227128104879547
2016-12-14,0.518618557768178,37.91101657285381,0.6825838442967596,17.610663182856396,0.07096694522225633,3.493679755710211
2016-12-15,0.518618557768178,37.859154717077,0.6825838442967596,17.576533990641558,-0.08599104799165147,3.4076887077185596
2016-12-16,0.518618557768178,37.49612172663927,0.6825838442967596,17.378584675795498,-0.5609823052837903,2.8467064024347692
2016-12-19,0.518618557768178,37.26274337564359,0.6825838442967596,17.112376976519762,-0.49958605027141445,2.347120352163355
2016-12-20,0.518618557768178,37.210881519866774,0.6825838442967596,17.09189946119086,-0.07233937110571631,2.2747809810576385
2016-12-21,0.518618557768178,37.184950591978364,0.6825838442967596,17.044118592090086,-0.0737117969891834,2.201069184068455
2016-12-22,0.518618557768178,36.718193889987,0.6825838442967596,16.65504580084093,-0.8558294932405204,1.3452396908279347
2016-12-23,0.518618557768178,36.588539250544954,0.6825838442967596,16.55265822419642,-0.23204221608655473,1.11319747474138
2016-12-26,0.518618557768178,36.718193889987,0.6825838442967596,16.61409077018313,0.1910871854287528,1.3042846601701328
2016-12-27,0.518618557768178,36.692262962098596,0.6825838442967596,16.627742447069064,-0.012279251002468072,1.2920054091676647
2016-12-28,0.518618557768178,37.13308873620154,0.6825838442967596,16.969034369217443,0.7821176962513263,2.074123105418991
2016-12-29,0.518618557768178,36.951572240982685,0.6825838442967596,16.85982095412996,-0.29072991030633943,1.7833931951126516
2016-12-30,0.518618557768178,37.23681244775518,0.6825838442967596,17.071421945861957,0.4968411985044874,2.280234393617139
2017-01-03,0.518618557768178,37.288674303532,0.6825838442967596,17.105551138076795,0.08599104799165858,2.3662254416087976
2017-01-04,0.518618557768178,37.26274337564359,0.6825838442967596,17.166983684063503,0.03550161809829788,2.4017270597070954
2017-01-05,0.518618557768178,37.59984543819291,0.6825838442967596,17.3990621911244,0.5691805696102179,2.9709076293173133
2017-01-06,0.518618557768178,37.67763822185813,0.6825838442967596,17.48097225244001,0.15970284498083487,3.130610474298148
2017-01-09,0.518618557768178,37.5739145103045,0.6825838442967596,17.3990621911244,-0.1856337728692452,2.944976701428903
2017-01-10,0.518618557768178,37.54798358241609,0.6825838442967596,17.385410514238465,-0.0395826047743455,2.9053940966545575
2017-01-11,0.518618557768178,37.54798358241609,0.6825838442967596,17.3990621911244,0.01365167688593516,2.9190457735404927
2017-01-12,0.518618557768178,37.93694750074222,0.6825838442967596,17.67892156728607,0.6688232944878045,3.587869068028297
2017-01-13,0.518618557768178,37.65170729396972,0.6825838442967596,17.52192728309782,-0.4422344909607503,3.145634577067547
2017-01-16,0.518618557768178,37.34053615930882,0.6825838442967596,17.194287037835373,-0.6388113799233501,2.5068231971441968
2017-01-17,0.518618557768178,37.49612172663927,0.6825838442967596,17.358107160466595,0.31940568996166974,2.8262288871058665
2017-01-18,0.518618557768178,37.41832894297404,0.6825838442967596,17.28984877603692,-0.1460511680948997,2.680177719010967
2017-01-19,0.518618557768178,37.31460523142041,0.6825838442967596,17.214764553164276,-0.17880793442627763,2.501369784584689
2017-01-20,0.518618557768178,37.41832894297404,0.6825838442967596,17.303500452922854,0.19245961131221279,2.693829395896902
2017-01-23,0.518618557768178,37.72950007763495,0.6825838442967596,17.617489021299363,0.6251597030374185,3.3189890989343205
2017-01-24,0.518618557768178,38.014740284407445,0.6825838442967596,17.78130914393059,0.4490603294037179,3.7680494283380384
2017-02-02,0.518618557768178,37.807292861300176,0.6825838442967596,17.590185667527493,-0.3985708995103643,3.369478528827674
2017-02-03,0.518618557768178,37.781361933411766,0.6825838442967596,17.658444051957172,0.042327456541269015,3.411805985368943
2017-02-06,0.518618557768178,37.98880935651904,0.6825838442967596,17.897348397461034,0.44635176861113735,3.8581577539800804
2017-02-07,0.518618557768178,38.014740284407445,0.6825838442967596,17.951955105004778,0.08053763543214743,3.938695389412228
2017-02-08,0.518618557768178,37.210881519866774,0.6825838442967596,17.938303428118843,-0.8175104414266059,3.121184947985622
2017-02-09,0.518618557768178,37.34053615930882,0.6825838442967596,18.163556096736773,0.3549073080599747,3.4760922560455967
2017-02-10,0.518618557768178,37.755431005523356,0.6825838442967596,18.504848018885152,0.756186768362916,4.232279024408513
2017-02-13,0.518618557768178,37.83322378918859,0.6825838442967596,18.641364787744504,0.2143095525245826,4.446588576933095
2017-02-14,0.518618557768178,37.96287842863063,0.6825838442967596,18.70962317217418,0.19791302387172038,4.644501600804816
2017-02-15,0.518618557768178,38.325911419068355,0.6825838442967596,19.037263417436623,0.6906732357001673,5.335174836504983
2017-02-16,0.518618557768178,38.092533068072676,0.6825838442967596,18.90757248702024,-0.36306928141206285,4.97210555509292
2017-02-17,0.518618557768178,38.040671212295855,0.6825838442967596,18.88026913324837,-0.079165209548691,4.892940345544229
2017-02-18,0.518618557768178,38.118463995961086,0.6825838442967596,18.90757248702024,0.10509613743710133,4.99803648298133
2017-02-20,0.518618557768178,37.91101657285381,0.6825838442967596,18.750578202831985,-0.36444170729552994,4.6335947756858005
2017-02-21,0.518618557768178,37.98880935651904,0.6825838442967596,18.812010748818693,0.13922532965193923,4.77282010533774
2017-02-22,0.518618557768178,38.014740284407445,0.6825838442967596,18.887094971691337,0.10101515076104661,4.873835256098786
2017-02-23,0.518618557768178,37.91101657285381,0.6825838442967596,18.805184910375726,-0.1856337728692452,4.688201483229541
2017-02-24,0.518618557768178,37.93694750074222,0.6825838442967596,18.798359071932758,0.019105089445442758,4.707306572674984
2017-03-01,0.518618557768178,37.52205265452768,0.6825838442967596,18.498022180442184,-0.7152317377051176,3.9920748349698663
2017-03-02,0.518618557768178,37.62577636608131,0.6825838442967596,18.498022180442184,0.10372371155363425,4.0957985465235005
2017-03-03,0.518618557768178,37.39239801508563,0.6825838442967596,18.30007286559612,-0.4313276658417422,3.6644708806817583
2017-03-06,0.518618557768178,37.41832894297404,0.6825838442967596,18.388808765354703,0.11466682764699243,3.7791377083287507
2017-03-07,0.518618557768178,37.5739145103045,0.6825838442967596,18.559454726428893,0.3262315284046444,4.105369236733395
2017-03-08,0.518618557768178,37.781361933411766,0.6825838442967596,18.65501646463044,0.3030091613088146,4.40837839804221
2017-03-09,0.518618557768178,37.36646708719722,0.6825838442967596,18.293247027153157,-0.7766642836918258,3.631714114350384
2017-03-10,0.518618557768178,37.34053615930882,0.6825838442967596,18.252291996495348,-0.06688595854621227,3.5648281558041717
2017-03-13,0.518618557768178,37.59984543819291,0.6825838442967596,18.47754466511328,0.48456194750202286,4.0493901033061945
2017-03-14,0.518618557768178,37.859154717077,0.6825838442967596,18.702797333731212,0.4845619475020193,4.533952050808214
2017-03-15,0.518618557768178,37.781361933411766,0.6825838442967596,18.65501646463044,-0.12557365276600407,4.40837839804221
2017-03-16,0.518618557768178,38.274049563291534,0.6825838442967596,19.091870124980364,0.9295412902296931,5.337919688271903
2017-03-17,0.518618557768178,38.377773274845175,0.6825838442967596,19.25569024761159,0.2675438341848668,5.60546352245677
2017-03-20,0.518618557768178,38.351842346956765,0.6825838442967596,19.317122793598298,0.03550161809829788,5.640965140555068
2017-03-21,0.518618557768178,38.84452997683653,0.6825838442967596,19.610633846645904,0.7861986829273739,6.4271638234824415
2017-03-22,0.518618557768178,38.48149698639881,0.6825838442967596,19.32394863204126,-0.6497182050423653,5.777445618440076
2017-03-23,0.518618557768178,38.559289770064034,0.6825838442967596,19.446813724014678,0.20065787563864035,5.9781034940787166
2017-03-24,0.518618557768178,38.50742791428722,0.6825838442967596,19.33077447048423,-0.16790110930726243,5.810202384771454
2017-03-27,0.518618557768178,38.48149698639881,0.6825838442967596,19.282993601383456,-0.0737117969891834,5.736490587782271
2017-03-28,0.518618557768178,38.50742791428722,0.6825838442967596,19.33077447048423,0.0737117969891834,5.810202384771454
2017-03-29,0.518618557768178,38.377773274845175,0.6825838442967596,19.25569024761159,-0.2047388623146844,5.60546352245677
2017-03-30,0.518618557768178,38.325911419068355,0.6825838442967596,19.21473521695378,-0.09281688643462971,5.51264663602214
2017-03-31,0.518618557768178,38.22218770751472,0.6825838442967596,19.1055218018663,-0.21293712664111553,5.2997095093810245
2017-04-05,0.5385013987576786,40.19912941726071,0.5852949822875443,16.768701242538143,-0.3598788495821701,4.939830659798854
2017-04-06,0.5385013987576786,40.064504067571285,0.5852949822875443,16.60481864749763,-0.29850794472993414,4.64132271506892
2017-04-07,0.5385013987576786,39.902953647943974,0.5852949822875443,16.487759651040122,-0.2786094160848194,4.362713298984101
2017-04-10,0.5385013987576786,39.95680378781975,0.5852949822875443,16.50531850050875,0.07140898934440543,4.434122288328506
2017-04-11,0.5385013987576786,39.79525336819245,0.5852949822875443,16.382406554228364,-0.2844623659076895,4.149659922420817
2017-04-12,0.5385013987576786,39.87602857800609,0.5852949822875443,16.37655360440549,0.07492225999077107,4.224582182411588
2017-04-13,0.5385013987576786,40.064504067571285,0.5852949822875443,16.5170244001545,0.32894628531420267,4.553528467725791
2017-04-14,0.5385013987576786,39.606777878627256,0.5852949822875443,16.148288561313347,-0.8264620277851833,3.7270664399406073
2017-04-17,0.5385013987576786,39.63370294856514,0.5852949822875443,16.177553310427726,0.0561898190522605,3.7832562589928678
2017-04-18,0.5385013987576786,39.63370294856514,0.5852949822875443,16.159994460959098,-0.01755884946862807,3.7656974095242397
2017-04-19,0.5385013987576786,39.202901829558996,0.5852949822875443,15.838082220700947,-0.7527133592642912,3.0129840502599485
2017-04-20,0.5385013987576786,39.202901829558996,0.5852949822875443,15.855641070169575,0.01755884946862807,3.0305428997285766
2017-04-21,0.5385013987576786,39.579852808689374,0.5852949822875443,16.113170862376094,0.6344807713368965,3.665023671065473
2017-04-24,0.5385013987576786,39.660628018503026,0.5852949822875443,16.1834062602506,0.151010607688157,3.81603427875363
2017-04-25,0.5385013987576786,40.037578997633396,0.5852949822875443,16.50531850050875,0.6988632193885209,4.514897498142151
2017-04-26,0.5385013987576786,40.14527927738494,0.5852949822875443,16.59311274785188,0.1954945270946702,4.710392025236821
2017-04-27,0.5385013987576786,40.118354207447055,0.5852949822875443,16.552142099091753,-0.06789571869800781,4.642496306538813
2017-04-28,0.5385013987576786,40.14527927738494,0.5852949822875443,16.60481864749763,0.07960161834375867,4.722097924882572
2017-05-02,0.5385013987576786,40.495305186577426,0.5852949822875443,16.89161318881853,0.6368204505133868,5.358918375395959
2017-05-03,0.5385013987576786,40.68378067614261,0.5852949822875443,16.973554486338784,0.27041678708544126,5.6293351624814
2017-05-04,0.5385013987576786,40.73763081601839,0.5852949822875443,17.008672185276037,0.08896783881302994,5.71830300129443
2017-05-05,0.5385013987576786,40.468380116639544,0.5852949822875443,16.768701242538143,-0.5092216421167386,5.209081359177691
2017-05-08,0.5385013987576786,40.76455588595627,0.5852949822875443,16.973554486338784,0.5010290131173676,5.710110372295059
2017-05-09,0.5385013987576786,40.899181235645685,0.5852949822875443,17.06720168350479,0.22827254685542187,5.938382919150481
2017-05-10,0.5385013987576786,41.06073165527299,0.5852949822875443,17.190113629785177,0.2844623659076895,6.22284528505817
2017-05-11,0.5385013987576786,41.19535700496241,0.5852949822875443,17.31302557606556,0.25753729596980435,6.480382581027975
2017-05-12,0.5385013987576786,41.08765672521087,0.5852949822875443,17.23693722836818,-0.18378862744891933,6.296593953579055
2017-05-15,0.5385013987576786,41.19535700496241,0.5852949822875443,17.400819823408693,0.27158287479205256,6.568176828371108
2017-05-16,0.5385013987576786,41.19535700496241,0.5852949822875443,17.32473147571131,-0.07608834769738237,6.492088480673726
2017-05-17,0.5385013987576786,41.08765672521087,0.5852949822875443,17.248643128013928,-0.18378862744892288,6.308299853224803
2017-05-18,0.5385013987576786,40.8722561657078,0.5852949822875443,17.137437081379296,-0.3266066061376982,5.9816932470871045
2017-05-19,0.5385013987576786,40.845331095769914,0.5852949822875443,17.102319382442044,-0.06204276887514126,5.919650478211963
2017-05-22,0.5385013987576786,40.953031375521455,0.5852949822875443,17.1842606799623,0.18964157727179654,6.10929205548376
2017-05-23,0.5385013987576786,41.11458179514875,0.5852949822875443,17.318878525888437,0.29616826555343323,6.405460321037193
2017-05-24,0.5385013987576786,41.08765672521087,0.5852949822875443,17.34229032517994,-0.0035132706463798513,6.401947050390813
2017-05-25,0.5385013987576786,41.46460770434125,0.5852949822875443,17.675908465083836,0.7105691190342753,7.1125161694250885
2017-05-26,0.5385013987576786,41.437682634403366,0.5852949822875443,17.652496665792334,-0.050336869229383296,7.062179300195705
2017-05-31,0.5385013987576786,41.19535700496241,0.5852949822875443,17.406672773231566,-0.48814952200172357,6.574029778193982
2017-06-01,0.5385013987576786,41.410757564465484,0.5852949822875443,17.552996518803454,0.36172430507496145,6.935754083268943
2017-06-02,0.5385013987576786,41.57230798409279,0.5852949822875443,17.722732063666843,0.3312859644906929,7.267040047759636
2017-06-03,0.5385013987576786,41.68000826384432,0.5852949822875443,17.8280851604786,0.21305337656329115,7.480093424322927
2017-06-05,0.5385013987576786,42.00310910309893,0.5852949822875443,17.99196775551911,0.4869834342951158,7.967076858618043
2017-06-06,0.5385013987576786,41.97618403316105,0.5852949822875443,17.968555956227608,-0.050336869229383296,7.91673998938866
2017-06-07,0.5385013987576786,41.97618403316105,0.5852949822875443,18.009526604987737,0.04097064876012979,7.957710638148789
2017-06-08,0.5385013987576786,42.137734452788344,0.5852949822875443,18.120732651622372,0.2727564662619315,8.230467104410721
2017-06-09,0.5385013987576786,42.00310910309893,0.5852949822875443,18.027085454456365,-0.22827254685542187,8.002194557555299
2017-06-12,0.5385013987576786,41.54538291415491,0.5852949822875443,17.699320264375338,-0.78549137902505,7.216703178530249
2017-06-13,0.5385013987576786,41.59923305403067,0.5852949822875443,17.734437963312594,0.08896783881301928,7.305671017343268
2017-06-14,0.5385013987576786,41.383832494527596,0.5852949822875443,17.512025870043328,-0.43781265277234027,6.867858364570928
2017-06-15,0.5385013987576786,41.410757564465484,0.5852949822875443,17.552996518803454,0.06789571869801492,6.935754083268943
2017-06-16,0.5385013987576786,41.841558683471625,0.5852949822875443,17.898320558353102,0.7761251585557893,7.711879241824732
2017-06-19,0.5385013987576786,42.29928487241565,0.5852949822875443,18.267056397194256,0.8264620277851762,8.538341269609909
2017-06-20,0.5385013987576786,42.783936131297565,0.5852949822875443,18.65335108550404,0.8709459471917,9.409287216801609
2017-06-21,0.5385013987576786,42.83778627117333,0.5852949822875443,18.700174684087038,0.10067373845876304,9.509960955260372
2017-06-22,0.5385013987576786,42.94548655092486,0.5852949822875443,18.86405727912755,0.27158287479204546,9.781543830052417
2017-06-23,0.5385013987576786,42.91856148098698,0.5852949822875443,18.8055277808988,-0.08545456816663233,9.696089261885785
2017-06-26,0.5385013987576786,43.83401385887504,0.5852949822875443,19.502028809820978,1.6119534068102368,11.308042668696022
2017-06-27,0.5385013987576786,43.78016371899926,0.5852949822875443,19.437646361769346,-0.11823258792740887,11.189810080768613
2017-06-28,0.5385013987576786,43.376287669931,0.5852949822875443,19.092322322219694,-0.7492000886179113,10.440609992150701
2017-06-29,0.5385013987576786,43.43013780980678,0.5852949822875443,19.156704770271322,0.11823258792740532,10.558842580078107
2017-06-30,0.5385013987576786,43.29551246011736,0.5852949822875443,19.027939874168062,-0.26339024579268155,10.295452334285425
2017-07-03,0.5385013987576786,43.32243753005524,0.5852949822875443,19.121587071334073,0.12057226710389202,10.416024601389317
2017-07-04,0.5385013987576786,43.080111900614284,0.5852949822875443,18.89332202824193,-0.47059067253309905,9.945433928856218
2017-07-05,0.5385013987576786,43.48398794968254,0.5852949822875443,19.180116569562827,0.690670590389157,10.636104519245375
2017-07-06,0.5385013987576786,43.29551246011736,0.5852949822875443,19.04549872363669,-0.3230933354913219,10.313011183754053
2017-07-07,0.5385013987576786,43.0531868306764,0.5852949822875443,18.84064547983605,-0.44717887324159733,9.865832310512456
2017-07-10,0.5385013987576786,43.26858739017947,0.5852949822875443,18.910880877710557,0.2856359573775755,10.151468267890031
2017-07-11,0.5385013987576786,43.914789068688684,0.5852949822875443,19.531293558935353,1.2666143597340103,11.418082627624042
2017-07-12,0.5385013987576786,43.914789068688684,0.5852949822875443,19.50788175964385,-0.023411799291501723,11.39467082833254
2017-07-13,0.5385013987576786,44.26481497788118,0.5852949822875443,19.829793999902,0.6719381494506464,12.066608977783186
2017-07-14,0.5385013987576786,44.18403976806752,0.5852949822875443,19.70102910379874,-0.20954010591692196,11.857068871866264
2017-07-17,0.5385013987576786,44.26481497788118,0.5852949822875443,19.84149989954775,0.22124600556266927,12.078314877428934
2017-07-18,0.5385013987576786,44.37251525763271,0.5852949822875443,19.86491169883925,0.13111207904303512,12.209426956471969
2017-07-19,0.5385013987576786,44.53406567726002,0.5852949822875443,20.02294134405689,0.31958006484494206,12.529007021316911
2017-07-20,0.5385013987576786,44.507140607322135,0.5852949822875443,20.058059042994145,0.008192628999374563,12.537199650316285
2017-07-21,0.5385013987576786,44.2109648380054,0.5852949822875443,19.84149989954775,-0.5127349127631291,12.024464737553156
2017-07-24,0.5385013987576786,44.31866511775694,0.5852949822875443,19.86491169883925,0.13111207904304223,12.155576816596199
2017-07-25,0.5385013987576786,44.399440327570595,0.5852949822875443,19.941000046536633,0.1568635575110342,12.312440374107233
2017-07-26,0.5385013987576786,44.2378899079433,0.5852949822875443,19.788823351141872,-0.31372711502205775,11.998713259085175
2017-07-27,0.5385013987576786,44.69561609688732,0.5852949822875443,20.24535343732616,0.9142562751283094,12.912969534213484
2017-07-28,0.5385013987576786,44.2109648380054,0.5852949822875443,19.788823351141872,-0.9411813450662052,11.97178818914728
2017-07-31,0.5385013987576786,43.80708878893715,0.5852949822875443,19.84149989954775,-0.35119950066237493,11.620588688484904
2017-08-01,0.5385013987576786,44.049414418378106,0.5852949822875443,19.941000046536633,0.3418257764298396,11.962414464914744
2017-08-02,0.5385013987576786,44.426365397508484,0.5852949822875443,20.26291228679478,0.6988632193885245,12.661277684303268
2017-08-03,0.5385013987576786,44.26481497788118,0.5852949822875443,20.09902969175427,-0.32543301466781216,12.335844669635456
2017-08-04,0.5385013987576786,44.345590187694825,0.5852949822875443,20.17511803945165,0.15686355751102354,12.49270822714648
2017-08-07,0.5385013987576786,44.66869102694944,0.5852949822875443,20.50873617935555,0.6567189791585157,13.149427206304996
2017-08-08,0.5385013987576786,44.64176595701156,0.5852949822875443,20.48532438006405,-0.050336869229383296,13.099090337075612
2017-08-09,0.5385013987576786,44.2378899079433,0.5852949822875443,20.163412139805903,-0.725788289326406,12.373302047749206
2017-08-10,0.5385013987576786,43.941714138626566,0.5852949822875443,19.853205799193503,-0.6063821099291324,11.766919937820074
2017-08-11,0.5385013987576786,43.75323864906138,0.5852949822875443,19.706882053621616,-0.33479923513707277,11.432120702683001
2017-08-14,0.5385013987576786,43.48398794968254,0.5852949822875443,19.478617010529476,-0.4975157424709771,10.934604960212024
2017-08-15,0.5385013987576786,43.78016371899926,0.5852949822875443,19.642499605569988,0.4600583643572307,11.394663324569255
2017-08-16,0.5385013987576786,43.618613299371965,0.5852949822875443,19.548852408403977,-0.255197616793307,11.139465707775948
2017-08-17,0.5385013987576786,43.968639208564454,0.5852949822875443,19.87076464866213,0.6719381494506429,11.81140385722659
2017-08-18,0.5385013987576786,43.69938850918562,0.5852949822875443,19.654205505215735,-0.4858098428252333,11.325594014401357
2017-08-21,0.5385013987576786,43.64553836930985,0.5852949822875443,19.683470254330114,-0.024585390761391324,11.301008623639966
2017-08-22,0.5385013987576786,44.07633948831599,0.5852949822875443,19.97611774547389,0.7234486101499158,12.024457233789882
2017-08-23,0.5385013987576786,44.022489348440224,0.5852949822875443,19.964411845828135,-0.06555603952151756,11.958901194268364
2017-08-24,0.5385013987576786,44.453290467446365,0.5852949822875443,20.28632408608628,0.7527133592642876,12.711614553532652
2017-08-25,0.5385013987576786,44.53406567726002,0.5852949822875443,20.438500781481046,0.23295190520841658,12.944566458741068
2017-08-28,0.5385013987576786,44.453290467446365,0.5852949822875443,20.385824233075166,-0.13345175821953248,12.811114700521536
2017-08-29,0.5385013987576786,44.31866511775694,0.5852949822875443,20.309735885377787,-0.2107136973868009,12.600401003134735
2017-08-30,0.5385013987576786,44.53406567726002,0.5852949822875443,20.48532438006405,0.3909890541893368,12.991390057324072
2017-08-31,0.5385013987576786,44.66869102694944,0.5852949822875443,20.578971577230057,0.22827254685542897,13.2196626041795
2017-09-01,0.5385013987576786,44.69561609688732,0.5852949822875443,20.70773647333332,0.1556899660411446,13.375352570220645
2017-09-04,0.5385013987576786,44.61484088707366,0.5852949822875443,20.61408927616731,-0.17442240697966938,13.200930163240976
2017-09-05,0.5385013987576786,44.66869102694944,0.5852949822875443,20.602383376521562,0.04214424023003005,13.243074403471006
2017-09-06,0.5385013987576786,44.48021553738425,0.5852949822875443,20.438500781481046,-0.35235808460570794,12.890716318865298
2017-09-07,0.5385013987576786,44.29174004781906,0.5852949822875443,20.298029985732036,-0.32894628531419556,12.561770033551102
2017-09-08,0.5385013987576786,44.53406567726002,0.5852949822875443,20.543853878292804,0.48814952200172357,13.049919555552826
2017-09-11,0.5385013987576786,44.453290467446365,0.5852949822875443,20.53800092846993,-0.08662815963652548,12.9632913959163
2017-09-12,0.5385013987576786,44.61484088707366,0.5852949822875443,20.602383376521562,0.22593286767892806,13.189224263595229
2017-09-13,0.5385013987576786,44.31866511775694,0.5852949822875443,20.368265383606538,-0.530293762231743,12.658930501363486
2017-09-14,0.5385013987576786,44.345590187694825,0.5852949822875443,20.43264783165817,0.09130751798951309,12.750238019352999
2017-09-15,0.5385013987576786,44.345590187694825,0.5852949822875443,20.467765530595422,0.035117698937252584,12.785355718290251
2017-09-18,0.5385013987576786,44.77639130670097,0.5852949822875443,20.772118921384948,0.7351545097956738,13.520510228085925
2017-09-19,0.5385013987576786,44.5609907471979,0.5852949822875443,20.514589129178425,-0.4729303517095964,13.047579876376329
2017-09-20,0.5385013987576786,44.26481497788118,0.5852949822875443,20.37411833342942,-0.4366465650657254,12.610933311310603
2017-09-21,0.5385013987576786,44.53406567726002,0.5852949822875443,20.578971577230057,0.47410394317947535,13.085037254490079
2017-09-22,0.5385013987576786,43.941714138626566,0.5852949822875443,20.075617892462766,-1.095705223400742,11.989332031089337
2017-09-25,0.5385013987576786,43.591688229434084,0.5852949822875443,19.712735003444493,-0.7129087982107549,11.276423232878582
2017-09-26,0.5385013987576786,43.24166232024159,0.5852949822875443,19.437646361769346,-0.625114550867643,10.651308682010939
2017-09-27,0.5385013987576786,43.45706287974466,0.5852949822875443,19.671764354684363,0.44951855241809113,11.10082723442903
2017-09-28,0.5385013987576786,43.29551246011736,0.5852949822875443,19.57226420769548,-0.26105056661618775,10.839776667812842
2017-09-29,0.5385013987576786,43.43013780980678,0.5852949822875443,19.61323485645561,0.17559599844955187,11.015372666262394
2017-09-30,0.5385013987576786,43.7263135791235,0.5852949822875443,19.859058749016377,0.5419996618774867,11.55737232813988
2017-10-02,0.5385013987576786,43.8878639987508,0.5852949822875443,20.08732379210852,0.3898154627194472,11.947187790859328
2017-10-03,0.5385013987576786,43.8878639987508,0.5852949822875443,20.122441491045773,0.035117698937252584,11.98230548979658
2017-10-05,0.5385013987576786,44.07633948831599,0.5852949822875443,20.292177035909162,0.3582110344285745,12.340516524225155
2017-10-06,0.5385013987576786,44.2109648380054,0.5852949822875443,20.292177035909162,0.13462534968941497,12.47514187391457
2017-10-11,0.5385013987576786,44.911016656390395,0.5852949822875443,20.801383670499323,1.2092584529751527,13.684400326889723
2017-10-12,0.5385013987576786,45.341817775396535,0.5852949822875443,21.135001810403224,0.764419258910042,14.448819585799765
2017-10-13,0.5385013987576786,45.26104256558288,0.5852949822875443,21.123295910757474,-0.09248110945940269,14.356338476340362
2017-10-16,0.5385013987576786,45.50336819502384,0.5852949822875443,21.316443254912365,0.43547297359584647,14.791811449936208
2017-10-17,0.5385013987576786,45.3956679152723,0.5852949822875443,21.263766706506484,-0.16037682815742116,14.631434621778787
2017-10-18,0.5385013987576786,45.5572183348996,0.5852949822875443,21.34570800402674,0.24349171714755968,14.874926338926347
2017-10-19,0.5385013987576786,45.71876875452691,0.5852949822875443,21.515443548890126,0.33128596449069647,15.206212303417043
2017-10-20,0.5385013987576786,45.53029326496172,0.5852949822875443,21.41594340190125,-0.2879756365540693,14.918236666862974
2017-10-23,0.5385013987576786,45.50336819502384,0.5852949822875443,21.386678652786866,-0.056189819052264056,14.86204684781071
2017-10-24,0.5385013987576786,45.449518055148076,0.5852949822875443,21.35741390367249,-0.08311488899013852,14.778931958820571
2017-10-25,0.5385013987576786,45.42259298521018,0.5852949822875443,21.310590305089484,-0.07374866852090278,14.705183290299669
2017-10-26,0.5385013987576786,45.36874284533442,0.5852949822875443,21.316443254912365,-0.04799719005288239,14.657186100246786
2017-10-27,0.5385013987576786,45.3956679152723,0.5852949822875443,21.187678358809105,-0.1018398261653779,14.555346274081408
2017-10-30,0.5385013987576786,45.745693824464794,0.5852949822875443,21.480325849952877,0.6426734003362675,15.198019674417676
2017-10-31,0.5385013987576786,45.88031917415422,0.5852949822875443,21.644208444993385,0.2985079447299306,15.496527619147606
2017-11-01,0.5385013987576786,45.82646903427844,0.5852949822875443,21.63835549517051,-0.05970308969865101,15.436824529448955
2017-11-02,0.5385013987576786,45.66491861465114,0.5852949822875443,21.538855348181627,-0.26105056661618065,15.175773962832775
2017-11-03,0.5385013987576786,45.61106847477537,0.5852949822875443,21.48617879977575,-0.10652668828164735,15.069247274551127
2017-11-06,0.5385013987576786,45.691843684589024,0.5852949822875443,21.52714944853588,0.12174585857378162,15.190993133124909
2017-11-07,0.5385013987576786,45.93416931402998,0.5852949822875443,21.661767294462013,0.3769434753670886,15.567936608491998
2017-11-08,0.5385013987576786,45.745693824464794,0.5852949822875443,21.609090746056136,-0.24115203797106233,15.326784570520935
2017-11-09,0.5385013987576786,45.449518055148076,0.5852949822875443,21.275472606152235,-0.62979390922062,14.696990661300315
2017-11-10,0.5385013987576786,45.53029326496172,0.5852949822875443,21.32229620473524,0.12759880839664817,14.824589469696964
2017-11-13,0.5385013987576786,45.3956679152723,0.5852949822875443,21.21694310792348,-0.23997844650117983,14.584611023195784
2017-11-14,0.5385013987576786,45.314892705458654,0.5852949822875443,21.181825408986228,-0.1158929087508973,14.468718114444886
2017-11-15,0.5385013987576786,44.857166516514624,0.5852949822875443,20.824795469790825,-0.8147561281394324,13.653961986305454
2017-11-16,0.5385013987576786,45.01871693614192,0.5852949822875443,20.90673676731108,0.24349171714755258,13.897453703453007
2017-11-17,0.5385013987576786,45.42259298521018,0.5852949822875443,21.287178505797986,0.7843177875551639,14.68177149100817
2017-11-20,0.5385013987576786,45.234117495644995,0.5852949822875443,21.08817821182022,-0.38747578354294987,14.29429570746522
2017-11-21,0.5385013987576786,45.637993544713254,0.5852949822875443,21.533002398358754,0.8487002356067919,15.142995943072012
2017-11-22,0.5385013987576786,45.853394104216335,0.5852949822875443,21.714443842867894,0.39684200401222114,15.539837947084234
2017-11-23,0.5385013987576786,45.88031917415422,0.5852949822875443,21.76712039127377,0.07960161834375867,15.619439565427992
2017-11-24,0.5385013987576786,45.853394104216335,0.5852949822875443,21.7846792407424,-0.009366220469253506,15.610073344958739
2017-11-27,0.5385013987576786,45.314892705458654,0.5852949822875443,21.298884405443737,-1.0242962340563437,14.585777110902395
2017-11-28,0.5385013987576786,45.01871693614192,0.5852949822875443,21.058913462705842,-0.5361467120546273,14.049630398847768
2017-11-29,0.5385013987576786,45.0725670760177,0.5852949822875443,21.10573706128885,0.10067373845878436,14.150304137306552
2017-11-30,0.5385013987576786,44.29174004781906,0.5852949822875443,20.491177329886924,-1.3953867596005622,12.75491737770599
2017-12-01,0.5385013987576786,44.48021553738425,0.5852949822875443,20.52629502882418,0.22359318850244136,12.978510566208431
2017-12-04,0.5385013987576786,44.64176595701156,0.5852949822875443,20.719442372979067,0.3546977637821982,13.33320832999063
2017-12-05,0.5385013987576786,44.29174004781906,0.5852949822875443,20.415088982189545,-0.6543792999820184,12.678829030008611
2017-12-06,0.5385013987576786,43.537838089558306,0.5852949822875443,19.75370565220462,-1.4152852882456806,11.26354374176293
2017-12-07,0.5385013987576786,43.564763159496195,0.5852949822875443,19.642499605569988,-0.08428097669674273,11.179262765066188
2017-12-08,0.5385013987576786,43.564763159496195,0.5852949822875443,19.759558602027493,0.11705899645750506,11.296321761523693
2017-12-11,0.5385013987576786,43.8878639987508,0.5852949822875443,20.093176741931394,0.6567189791585086,11.953040740682201
2017-12-12,0.5385013987576786,43.591688229434084,0.5852949822875443,19.81808810025625,-0.5712644109918621,11.38177632969034
2017-12-13,0.5385013987576786,43.618613299371965,0.5852949822875443,19.87076464866213,0.07960161834376223,11.461377948034102
2017-12-14,0.5385013987576786,44.022489348440224,0.5852949822875443,20.198529838743152,0.7316412391492797,12.193019187183381
2017-12-15,0.5385013987576786,43.67246343924773,0.5852949822875443,19.91758824724513,-0.6309675006905167,11.562051686492865
2017-12-18,0.5385013987576786,43.7263135791235,0.5852949822875443,19.99952954476539,0.13579143739602983,11.697843123888894
2017-12-19,0.5385013987576786,43.510913019620425,0.5852949822875443,19.8063822006105,-0.4085479036579649,11.28929522023093
2017-12-20,0.5385013987576786,43.64553836930985,0.5852949822875443,19.987823645119636,0.31606679419855865,11.605362014429488
2017-12-21,0.5385013987576786,43.618613299371965,0.5852949822875443,20.005382494588265,-0.009366220469253506,11.595995793960235
2017-12-22,0.5385013987576786,43.78016371899926,0.5852949822875443,20.075617892462766,0.23178581750179816,11.827781611462033
2017-12-25,0.5385013987576786,43.86093892881292,0.5852949822875443,20.122441491045773,0.12759880839666593,11.955380419858699
2017-12-26,0.5385013987576786,43.43013780980678,0.5852949822875443,19.695176153975865,-0.8580664560760489,11.09731396378265
2017-12-27,0.5385013987576786,43.564763159496195,0.5852949822875443,19.859058749016377,0.29850794472992703,11.395821908512577
2017-12-28,0.5385013987576786,43.995564278502336,0.5852949822875443,20.198529838743152,0.7702722087329157,12.166094117245493
2017-12-29,0.5385013987576786,44.2378899079433,0.5852949822875443,20.467765530595422,0.5115613212932324,12.677655438538725
2018-01-02,0.5385013987576786,44.48021553738425,0.5852949822875443,20.70188352351044,0.4764436223559656,13.15409906089469
2018-01-03,0.5385013987576786,44.884091586452506,0.5852949822875443,21.12914886058035,0.8311413861381709,13.985240447032862
2018-01-04,0.5385013987576786,44.96486679626616,0.5852949822875443,21.19353130863198,0.1451576578652798,14.130398104898141
2018-01-05,0.5385013987576786,45.09949214595558,0.5852949822875443,21.32229620473524,0.26339024579268155,14.393788350690823
2018-01-08,0.5385013987576786,45.287967635520765,0.5852949822875443,21.45691405066137,0.32309333549131836,14.716881686182141
2018-01-09,0.5385013987576786,45.314892705458654,0.5852949822875443,21.48617879977575,0.05618981905226761,14.773071505234409
2018-01-10,0.5385013987576786,45.09949214595558,0.5852949822875443,21.205237208277726,-0.49634215100109813,14.27672935423331
2018-01-11,0.5385013987576786,44.911016656390395,0.5852949822875443,21.06476641252872,-0.328946285314192,13.947783068919119
2018-01-12,0.5385013987576786,45.287967635520765,0.5852949822875443,21.48617879977575,0.7983633663774015,14.74614643529652
2018-01-15,0.5385013987576786,45.58414340483749,0.5852949822875443,21.749561541805143,0.5595585113461183,15.305704946642638
2018-01-16,0.5385013987576786,45.772618894402676,0.5852949822875443,21.854914638616904,0.29382858637694653,15.599533533019585
2018-01-17,0.5385013987576786,45.853394104216335,0.5852949822875443,21.92515003649141,0.1510106076881641,15.750544140707749
2018-01-18,0.5385013987576786,46.47267071278766,0.5852949822875443,22.446062570727324,1.140189142807241,16.89073328351499
2018-01-19,0.5385013987576786,46.93039690173169,0.5852949822875443,22.814798409568475,0.8264620277851797,17.71719531130017
2018-01-22,0.5385013987576786,47.36119802073783,0.5852949822875443,23.13085770000375,0.7468604094414175,18.464055720741587
2018-01-23,0.5385013987576786,47.549673510303016,0.5852949822875443,23.212798997524004,0.2704167870854377,18.734472507827025
2018-01-24,0.5385013987576786,46.95732197166957,0.5852949822875443,22.721151212402468,-1.0839993237549805,17.650473184072045
2018-01-25,0.5385013987576786,47.091947321358994,0.5852949822875443,22.867474957974355,0.2809490952613096,17.931422279333354
2018-01-26,0.5385013987576786,47.118872391296875,0.5852949822875443,22.91429855655736,0.07374866852088502,18.00517094785424
2018-01-29,0.5385013987576786,46.0687946637194,0.5852949822875443,23.07818115159787,-0.8861951325369617,17.118975815317278
2018-01-30,0.5385013987576786,45.53029326496172,0.5852949822875443,22.551415667539082,-1.06526688281647,16.053708932500808
2018-01-31,0.5385013987576786,45.58414340483749,0.5852949822875443,22.639209914882212,0.14164438721889994,16.195353319719707
2018-02-01,0.5576934635276702,47.54336776573389,0.5116752663403135,20.021853171896467,-0.6581323820893452,15.537220937630362
2018-02-02,0.5576934635276702,47.348175053499205,0.5116752663403135,19.858117086667566,-0.3589287974635873,15.178292140166775
2018-02-05,0.5576934635276702,46.62317355091323,0.5116752663403135,19.177588982434948,-1.4055296068185932,13.772762533348182
2018-02-06,0.5576934635276702,44.42028436997894,0.5116752663403135,17.192288949034534,-4.188189214334706,9.584573319013476
2018-02-07,0.5576934635276702,44.97797783350661,0.5116752663403135,17.755131742008878,1.1205362565020138,10.70510957551549
2018-02-08,0.5576934635276702,44.95009316033022,0.5116752663403135,17.796065763316104,0.013049348130838467,10.718158923646328
2018-02-09,0.5576934635276702,44.08566829186233,0.5116752663403135,17.192288949034534,-1.4682016827494557,9.249957240896872
2018-02-12,0.5576934635276702,44.44816904315532,0.5116752663403135,17.44812658220469,0.61833838446314,9.868295625360012
2018-02-21,0.5576934635276702,45.45201727750513,0.5116752663403135,18.307741029656416,1.8634626818015363,11.731758307161549
2018-02-22,0.5576934635276702,45.17317054574129,0.5116752663403135,18.103070923120292,-0.48351683829995906,11.24824146886159
2018-02-23,0.5576934635276702,45.73086400926896,0.5116752663403135,18.578928920816782,1.0335514612241603,12.28179293008575
2018-02-26,0.5576934635276702,45.95394139468003,0.5116752663403135,18.681263974084843,0.32541243867912684,12.607205368764877
2018-02-27,0.5576934635276702,45.92605672150364,0.5116752663403135,18.706847737401862,-0.002300909859368261,12.604904458905509
2018-03-01,0.5576934635276702,45.591440643387045,0.5116752663403135,18.48171062021212,-0.5597531953063388,12.04515126359917
2018-03-02,0.5576934635276702,45.25682456527044,0.5116752663403135,18.190055718398142,-0.626270979930581,11.418880283668589
2018-03-05,0.5576934635276702,45.033747179859375,0.5116752663403135,18.00585262251563,-0.4072804812935793,11.01159980237501
2018-03-06,0.5576934635276702,45.81451802879811,0.5116752663403135,18.573812168153378,1.348730394576485,12.360330196951494
2018-03-07,0.5576934635276702,45.619325316563426,0.5116752663403135,18.37937556694406,-0.3896293134440043,11.97070088350749
2018-03-08,0.5576934635276702,46.149134106914715,0.5116752663403135,18.829649801323534,0.9800830247307637,12.950783908238254
2018-03-09,0.5576934635276702,46.20490345326748,0.5116752663403135,18.906401091274585,0.13252063630381272,13.083304544542067
2018-03-12,0.5576934635276702,46.92990495585345,0.5116752663403135,19.484594142239136,1.3031945535505258,14.386499098092592
2018-03-13,0.5576934635276702,47.376059726675585,0.5116752663403135,19.781365796716518,0.7429264252995154,15.129425523392108
2018-03-14,0.5576934635276702,47.0135589753826,0.5116752663403135,19.47436063691233,-0.669505911097172,14.459919612294936
2018-03-15,0.5576934635276702,46.98567430220622,0.5116752663403135,19.510177905556155,0.007932595467444514,14.46785220776238
2018-03-16,0.5576934635276702,46.790481589971535,0.5116752663403135,19.34132506766385,-0.3640455501269919,14.103806657635388
2018-03-19,0.5576934635276702,46.76259691679515,0.5116752663403135,19.37714233630767,0.007932595467433856,14.111739253102822
2018-03-20,0.5576934635276702,46.734712243618766,0.5116752663403135,19.336208315000444,-0.06881869448360689,14.042920558619215
2018-03-21,0.5576934635276702,46.76259691679515,0.5116752663403135,19.402726099624687,0.09440245780062284,14.137323016419838
2018-03-22,0.5576934635276702,46.59528887773685,0.5116752663403135,19.29015754102982,-0.2798765976531641,13.857446418766674
2018-03-23,0.5576934635276702,45.786633355621724,0.5116752663403135,18.49706087820233,-1.6017521849426153,12.255694233824059
2018-03-26,0.5576934635276702,45.84240270197449,0.5116752663403135,18.732431500718874,0.29113996886931304,12.546834202693372
2018-03-27,0.5576934635276702,46.5116348582077,0.5116752663403135,19.24410676705919,1.1809074225735223,13.727741625266894
2018-03-28,0.5576934635276702,45.87028737515088,0.5116752663403135,18.67614722142144,-1.2093070286945675,12.518434596572327
2018-03-29,0.5576934635276702,45.786633355621724,0.5116752663403135,18.69149747941165,-0.0683037615389459,12.45013083503338
2018-03-30,0.5576934635276702,46.20490345326748,0.5116752663403135,18.988269133889034,0.7150417521231347,13.165172587156516
2018-03-31,0.5576934635276702,46.260672799620245,0.5116752663403135,19.024086402532856,0.09158661499659004,13.256759202153106
2018-04-02,0.5576934635276702,45.87028737515088,0.5116752663403135,18.783599027352906,-0.630872799649314,12.625886402503792
2018-04-03,0.5576934635276702,45.45201727750513,0.5116752663403135,18.54822840483636,-0.6536407201622971,11.972245682341494
2018-04-09,0.5576934635276702,45.84240270197449,0.5116752663403135,18.839883306650343,0.6820403262833459,12.65428600862484
2018-04-10,0.5576934635276702,46.0097107410328,0.5116752663403135,19.008736144542645,0.3361608769506077,12.990446885575448
2018-04-11,0.5576934635276702,46.20490345326748,0.5116752663403135,19.13153820846432,0.31799477615635396,13.308441661731802
2018-04-12,0.5576934635276702,46.0097107410328,0.5116752663403135,18.98315238122563,-0.3435785394733699,12.964863122258432
2018-04-13,0.5576934635276702,46.0097107410328,0.5116752663403135,19.008736144542645,0.02558376331701595,12.990446885575448
2018-04-16,0.5576934635276702,45.89817204832726,0.5116752663403135,18.937101607255,-0.18317322999318364,12.807273655582264
2018-04-17,0.5576934635276702,45.39624793115236,0.5116752663403135,18.49706087820233,-0.9419648462275703,11.865308809354694
2018-04-18,0.5576934635276702,45.50778662385789,0.5116752663403135,18.64032995277762,0.2548077672808198,12.120116576635514
2018-04-19,0.5576934635276702,46.09336476056195,0.5116752663403135,19.11618795047411,1.061436134400548,13.181552711036062
2018-04-20,0.5576934635276702,45.033747179859375,0.5116752663403135,18.343558298300238,-1.832247232876444,11.349305478159618
2018-04-23,0.5576934635276702,44.587592409037235,0.5116752663403135,18.07237040713987,-0.7173426619825065,10.631962816177111
2018-04-24,0.5576934635276702,44.36451502362617,0.5116752663403135,17.816532773969715,-0.47891501858122254,10.153047797595889
2018-04-25,0.5576934635276702,44.22509165774425,0.5116752663403135,17.606745914770183,-0.3492102250814497,9.803837572514439
2018-04-26,0.5576934635276702,44.08566829186233,0.5116752663403135,17.38672555024385,-0.35944373040825184,9.444393842106187
2018-04-27,0.5576934635276702,44.16932231139148,0.5116752663403135,17.570928646126365,0.26785711541166535,9.712250957517853
2018-04-30,0.5576934635276702,44.615477082213616,0.5116752663403135,17.970035353871808,0.8452614785675756,10.557512436085428
2018-05-02,0.5576934635276702,44.28086100409702,0.5116752663403135,17.816532773969715,-0.4881186580186885,10.06939377806674
2018-05-03,0.5576934635276702,43.8068215600985,0.5116752663403135,17.41742606622427,-0.8731461517439669,9.196247626322773
2018-05-04,0.5576934635276702,44.029898945509565,0.5116752663403135,17.499294108838722,0.30494542802551905,9.501193054348292
2018-05-07,0.5576934635276702,44.33663035044978,0.5116752663403135,17.765365247335684,0.5728025434371773,10.07399559778547
2018-05-08,0.5576934635276702,44.615477082213616,0.5116752663403135,17.93933483789139,0.45281632231954205,10.526811920105011
2018-05-09,0.5576934635276702,44.86643914080107,0.5116752663403135,18.05702014914966,0.3686473698457249,10.895459289950736
2018-05-10,0.5576934635276702,44.97797783350661,0.5116752663403135,18.236106492368773,0.2906250359246485,11.186084325875385
2018-05-11,0.5576934635276702,45.50778662385789,0.5116752663403135,18.55846191016317,0.8521642081456804,12.038248534021065
2018-05-14,0.5576934635276702,46.0097107410328,0.5116752663403135,18.916634596601387,0.8600968036131249,12.89834533763419
2018-05-15,0.5576934635276702,45.53567129703428,0.5116752663403135,18.64544670544102,-0.7452273351588872,12.153118002475303
2018-05-16,0.5576934635276702,45.591440643387045,0.5116752663403135,18.64544670544102,0.05576934635276842,12.208887348828071
2018-05-17,0.5576934635276702,45.28470923844682,0.5116752663403135,18.52264464151935,-0.42953346886189436,11.779353879966177
2018-05-18,0.5576934635276702,45.145285872564905,0.5116752663403135,18.435659846241496,-0.22640816115977103,11.552945718806406
2018-05-21,0.5576934635276702,45.75874868244534,0.5116752663403135,18.95245186524521,1.1302548288841514,12.683200547690557
2018-05-22,0.5576934635276702,45.591440643387045,0.5116752663403135,18.80406603800652,-0.3156938662969857,12.367506681393571
2018-05-23,0.5576934635276702,45.36836325797597,0.5116752663403135,18.63521320011422,-0.3919302233033761,11.975576458090195
2018-05-24,0.5576934635276702,45.47990195068151,0.5116752663403135,18.75801526403589,0.23434075662720844,12.209917214717404
2018-05-25,0.5576934635276702,45.64720998973981,0.5116752663403135,18.855233564640553,0.2645263396629609,12.474443554380365
2018-05-28,0.5576934635276702,45.84240270197449,0.5116752663403135,19.00361939187924,0.34357853947337347,12.818022093853738
2018-05-29,0.5576934635276702,45.64720998973981,0.5116752663403135,18.824533048660133,-0.37427905545379403,12.443743038399944
2018-05-30,0.5576934635276702,44.83855446762469,0.5116752663403135,18.302624276993015,-1.3305642937822348,11.11317874461771
2018-05-31,0.5576934635276702,45.033747179859375,0.5116752663403135,18.49194412553893,0.3845125607805997,11.497691305398309
2018-06-01,0.5576934635276702,45.36836325797597,0.5116752663403135,18.722197995392072,0.5648699479697399,12.062561253368049
2018-06-04,0.5576934635276702,46.06548008738556,0.5116752663403135,19.34132506766385,1.3162439016813643,13.378805155049413
2018-06-05,0.5576934635276702,46.0097107410328,0.5116752663403135,19.269690530376202,-0.1274038836404081,13.251401271409005
2018-06-06,0.5576934635276702,46.45586551185493,0.5116752663403135,19.68926424877526,0.8657284892211905,14.117129760630196
2018-06-07,0.5576934635276702,46.53951953138408,0.5116752663403135,19.74043177540929,0.13482154616318098,14.251951306793377
2018-06-08,0.5576934635276702,46.03759541420918,0.5116752663403135,19.372025583644266,-0.870330308939927,13.38162099785345
2018-06-11,0.5576934635276702,46.09336476056195,0.5116752663403135,19.448776873595314,0.13252063630381627,13.514141634157266
2018-06-12,0.5576934635276702,46.0097107410328,0.5116752663403135,19.382259088971075,-0.1501718041533877,13.363969830003878
2018-06-13,0.5576934635276702,46.28855747279663,0.5116752663403135,19.499944400229346,0.39653204302210554,13.760501873025984
2018-06-14,0.5576934635276702,45.591440643387045,0.5116752663403135,18.99850263921584,-1.1985585904230938,12.56194328260289
2018-06-15,0.5576934635276702,45.702979336092575,0.5116752663403135,19.141771713791126,0.2548077672808162,12.816751049883706
2018-06-19,0.5576934635276702,44.95009316033022,0.5116752663403135,18.553345157499766,-1.3413127320537157,11.47543831782999
2018-06-20,0.5576934635276702,45.45201727750513,0.5116752663403135,18.834766553986938,0.7833455136620806,12.258783831492071
2018-06-21,0.5576934635276702,45.31259391162321,0.5116752663403135,18.742665006045684,-0.23152491382317208,12.027258917668899
2018-06-22,0.5576934635276702,45.25682456527044,0.5116752663403135,18.665913716094632,-0.13252063630381983,11.894738281365079
2018-06-25,0.5576934635276702,45.117401199388524,0.5116752663403135,18.51241113619254,-0.29292594578400966,11.60181233558107
2018-06-26,0.5576934635276702,45.00586250668299,0.5116752663403135,18.451010104231706,-0.17293972466637086,11.428872610914699
2018-06-27,0.5576934635276702,44.83855446762469,0.5116752663403135,18.31797453498322,-0.30034360830678253,11.128529002607916
2018-06-28,0.5576934635276702,44.64336175539,0.5116752663403135,18.251456750358983,-0.26171049685892456,10.866818505748991
2018-06-29,0.5576934635276702,45.42413260432874,0.5116752663403135,18.798949285343117,1.3282633839228701,12.195081889671862
2018-07-02,0.5576934635276702,45.20105521891767,0.5116752663403135,18.6096294367972,-0.4123972339569839,11.782684655714878
2018-07-03,0.5576934635276702,45.25682456527044,0.5116752663403135,18.52264464151935,-0.031215448925081546,11.751469206789796
2018-07-04,0.5576934635276702,45.39624793115236,0.5116752663403135,18.67103046875804,0.2878091931206086,12.039278399910405
2018-07-05,0.5576934635276702,45.033747179859375,0.5116752663403135,18.302624276993015,-0.7309069430580095,11.308371456852395
2018-07-06,0.5576934635276702,45.145285872564905,0.5116752663403135,18.440776598904897,0.2496910146174116,11.558062471469807
2018-07-09,0.5576934635276702,45.87028737515088,0.5116752663403135,18.865467069967355,1.1496919736484337,12.70775444511824
2018-07-10,0.5576934635276702,45.98182606785641,0.5116752663403135,19.013852897206046,0.25992451994422083,12.967678965062461
2018-07-11,0.5576934635276702,45.56355597021066,0.5116752663403135,18.681263974084843,-0.7508590207669563,12.216819944295505
2018-07-12,0.5576934635276702,46.09336476056195,0.5116752663403135,19.141771713791126,0.9903165300575729,13.207136474353078
2018-07-13,0.5576934635276702,46.48375018503131,0.5116752663403135,19.443660120931913,0.6922738316101515,13.89941030596323
2018-07-16,0.5576934635276702,46.28855747279663,0.5116752663403135,19.331091562337043,-0.3077612708295483,13.591649035133681
2018-07-17,0.5576934635276702,46.03759541420918,0.5116752663403135,19.14688846645453,-0.43516515446996706,13.156483880663714
2018-07-18,0.5576934635276702,46.316442145973014,0.5116752663403135,19.361792078317464,0.4937503436267683,13.650234224290482
2018-07-19,0.5576934635276702,46.45586551185493,0.5116752663403135,19.418076357614897,0.19570764517935046,13.845941869469833
2018-07-20,0.5576934635276702,47.20875168761729,0.5116752663403135,19.796716054706728,1.131525872854187,14.97746774232402
2018-07-23,0.5576934635276702,47.15298234126452,0.5116752663403135,20.016736419233062,0.1642510181735659,15.141718760497586
2018-07-24,0.5576934635276702,47.23663636079367,0.5116752663403135,20.134421730491336,0.20133933078742317,15.343058091285009
2018-07-25,0.5576934635276702,47.264521033970055,0.5116752663403135,20.113954719837725,0.007417662522776425,15.350475753807785
2018-07-26,0.5576934635276702,47.40394439985197,0.5116752663403135,20.27257405240322,0.2980426984474107,15.648518452255196
2018-07-27,0.5576934635276702,47.794329824321345,0.5116752663403135,20.569345706880604,0.6871570789467576,16.335675531201954
2018-07-30,0.5576934635276702,47.71067580479219,0.5116752663403135,20.477244158939346,-0.17575556747041432,16.15991996373154
2018-07-31,0.5576934635276702,47.71067580479219,0.5116752663403135,20.559112201553795,0.08186804261444891,16.24178800634599
2018-08-01,0.5576934635276702,48.04529188290879,0.5116752663403135,20.79959957673374,0.5751034532965491,16.816891459642537
2018-08-02,0.5576934635276702,47.32029038032282,0.5116752663403135,20.149771988481547,-1.374829090838169,15.442062368804368
2018-08-03,0.5576934635276702,47.71067580479219,0.5116752663403135,20.518178180246572,0.7587916162343973,16.200853985038766
2018-08-06,0.5576934635276702,47.794329824321345,0.5116752663403135,20.564228954217196,0.12970479349977992,16.330558778538546
2018-08-07,0.5576934635276702,47.68279113161581,0.5116752663403135,20.48747766426615,-0.18828998265658115,16.142268795881964
2018-08-08,0.5576934635276702,48.04529188290879,0.5116752663403135,20.820066587387352,0.6950896744141843,16.83735847029615
2018-08-09,0.5576934635276702,48.04529188290879,0.5116752663403135,20.727965039446097,-0.09210154794125458,16.745256922354894
2018-08-10,0.5576934635276702,47.794329824321345,0.5116752663403135,20.53352843823678,-0.44539865979676563,16.29985826255813
2018-08-13,0.5576934635276702,46.818366263147915,0.5116752663403135,19.760898786062903,-1.7485932133473057,14.551265049210823
2018-08-14,0.5576934635276702,47.15298234126452,0.5116752663403135,19.965568892599034,0.5392861846527346,15.090551233863557
2018-08-15,0.5576934635276702,46.706827570442385,0.5116752663403135,19.612512958824215,-0.7992107045969519,14.291340529266606
2018-08-16,0.5576934635276702,46.734712243618766,0.5116752663403135,19.68926424877526,0.10463596312742496,14.39597649239403
2018-08-17,0.5576934635276702,46.65105822408962,0.5116752663403135,19.57157893751699,-0.2013393307874196,14.194637161606611
2018-08-20,0.5576934635276702,46.818366263147915,0.5116752663403135,19.694381001438668,0.29011010297997686,14.484747264586588
2018-08-21,0.5576934635276702,47.15298234126452,0.5116752663403135,19.996269408579447,0.6365044852573831,15.121251749843971
2018-08-22,0.5576934635276702,47.20875168761729,0.5116752663403135,20.016736419233062,0.07623635700638332,15.197488106850354
2018-08-23,0.5576934635276702,47.431829073028354,0.5116752663403135,20.21117302044238,0.41751398662038497,15.61500209347074
2018-08-24,0.5576934635276702,47.292405707146436,0.5116752663403135,20.09348770918411,-0.25710867714018804,15.357893416330551
2018-08-27,0.5576934635276702,47.71067580479219,0.5116752663403135,20.410726374315104,0.735508762776746,16.093402179107297
2018-08-28,0.5576934635276702,48.10106122926156,0.5116752663403135,20.64609699683165,0.6257560469859165,16.719158226093214
2018-08-29,0.5576934635276702,48.65875469278923,0.5116752663403135,21.050320457240495,0.9619169239365171,17.68107515002973
2018-08-30,0.5576934635276702,48.82606273184753,0.5116752663403135,21.096371231211123,0.21335881302892545,17.894433963058656
2018-08-31,0.5576934635276702,48.49144665373093,0.5116752663403135,20.90705138266521,-0.5239359266625101,17.370498036396146
2018-09-03,0.5576934635276702,48.2125999219671,0.5116752663403135,20.640980244168247,-0.5449178702607966,16.82558016613535
2018-09-04,0.5576934635276702,48.51933132690731,0.5116752663403135,20.90705138266521,0.5728025434371773,17.398382709572527
2018-09-05,0.5576934635276702,48.51933132690731,0.5116752663403135,20.820066587387352,-0.08698479527785707,17.31139791429467
2018-09-06,0.5576934635276702,48.24048459514348,0.5116752663403135,20.610279728187827,-0.4886335909633601,16.82276432333131
2018-09-07,0.5576934635276702,48.18471524879071,0.5116752663403135,20.441426890295524,-0.22462218424507086,16.59814213908624
2018-09-10,0.5576934635276702,47.96163786337964,0.5116752663403135,20.18047250446196,-0.4840317712446307,16.114110367841608
2018-09-11,0.5576934635276702,47.76644515114496,0.5116752663403135,20.20605626777898,-0.16960894891766642,15.944501418923942
2018-09-12,0.5576934635276702,47.71067580479219,0.5116752663403135,20.170238999135158,-0.09158661499659004,15.852914803927352
2018-09-13,0.5576934635276702,47.376059726675585,0.5116752663403135,20.05767044054029,-0.4471846367114729,15.405730167215879
2018-09-14,0.5576934635276702,48.24048459514348,0.5116752663403135,20.768899060753323,1.5756534886809277,16.981383655896806
2018-09-17,0.5576934635276702,47.87798384385049,0.5116752663403135,20.426076632305314,-0.7053231797410007,16.276060476155806
2018-09-18,0.5576934635276702,47.62702178526304,0.5116752663403135,20.2418735364228,-0.43516515446995996,15.840895321685846
2018-09-19,0.5576934635276702,48.04529188290879,0.5116752663403135,20.579579212207406,0.7559757734303574,16.596871095116203
2018-09-20,0.5576934635276702,47.905868517026875,0.5116752663403135,20.46701065361254,-0.2519919244767834,16.34487917063942
2018-09-21,0.5576934635276702,48.43567730737816,0.5116752663403135,20.80983308206055,0.8726312187992917,17.21751038943871
2018-09-25,0.5576934635276702,48.575100673260074,0.5116752663403135,20.891701124675,0.22129140849636642,17.438801797935078
2018-09-26,0.5576934635276702,48.463561980554545,0.5116752663403135,20.86100060869458,-0.14223920868594675,17.29656258924913
2018-09-27,0.5576934635276702,48.71452403914199,0.5116752663403135,20.963335661962642,0.3532971118555075,17.64985970110464
2018-09-28,0.5576934635276702,48.463561980554545,0.5116752663403135,20.82518334005076,-0.3891143804993291,17.26074532060531
2018-10-01,0.5576934635276702,48.71452403914199,0.5116752663403135,21.034970199250285,0.46074891778697236,17.72149423839228
2018-10-02,0.5576934635276702,47.989522536556024,0.5116752663403135,20.477244158939346,-1.2827275428969074,16.438766695495374
2018-10-03,0.5576934635276702,47.93375319020326,0.5116752663403135,20.47212740627594,-0.06088609901616593,16.37788059647921
2018-10-04,0.5576934635276702,47.348175053499205,0.5116752663403135,19.899051107974792,-1.1586544350052073,15.219226161474001
2018-10-05,0.5576934635276702,46.53951953138408,0.5116752663403135,19.325974809673642,-1.3817318204162738,13.837494341057727
2018-10-08,0.5576934635276702,46.28855747279663,0.5116752663403135,19.08548743449369,-0.4914494337674,13.346044907290327
2018-10-09,0.5576934635276702,46.42798083867855,0.5116752663403135,19.13665496112772,0.1905908925159494,13.536635799806277
2018-10-11,0.5286967581870902,40.92112908368078,0.5455118380103766,17.26544967302842,-7.378057043097069,6.158578756709208
2018-10-12,0.5286967581870902,42.32217549287657,0.5455118380103766,18.427389887990522,2.5629866241578867,8.721565380867094
2018-10-15,0.5286967581870902,41.87278324841754,0.5455118380103766,17.9582497073016,-0.9185324251479479,7.8030329557191465
2018-10-16,0.5286967581870902,41.925652924236246,0.5455118380103766,18.22009538954658,0.3147153580636832,8.11774831378283
2018-10-17,0.5286967581870902,41.978522600054966,0.5455118380103766,18.23646074468689,0.06923503095903172,8.186983344741861
2018-10-18,0.5286967581870902,41.84634841050819,0.5455118380103766,18.12190325870471,-0.24673167552895592,7.9402516692129055
2018-10-19,0.5286967581870902,41.925652924236246,0.5455118380103766,18.187364679265958,0.1447659342893033,8.085017603502209
2018-10-22,0.5286967581870902,41.87278324841754,0.5455118380103766,18.252826099827203,0.0125917447425401,8.097609348244749
2018-10-23,0.5286967581870902,41.10617294904626,0.5455118380103766,17.532750473653504,-1.486685925544979,6.61092342269977
2018-10-24,0.5286967581870902,40.92112908368078,0.5455118380103766,17.45637881633205,-0.26141552268693147,6.3495079000128385
2018-10-25,0.5286967581870902,39.91660524312531,0.5455118380103766,16.550829165234827,-1.910073491652696,4.4394344083601425
2018-10-26,0.5286967581870902,39.8637355673066,0.5455118380103766,16.458092152773062,-0.14560668828047696,4.2938277200796655
2018-10-29,0.5286967581870902,40.04877943267208,0.5455118380103766,16.621745704176174,0.3486974167685908,4.642525136848256
2018-10-30,0.5286967581870902,40.1545187843095,0.5455118380103766,16.774489018819082,0.258482666280333,4.901007803128589
2018-10-31,0.5286967581870902,41.00043359740884,0.5455118380103766,17.401827632531013,1.4732534268112722,6.3742612299398616
2018-11-01,0.5286967581870902,41.44982584186787,0.5455118380103766,17.72367961695714,0.771244228885152,7.1455054588250135
2018-11-02,0.5286967581870902,41.582000031414644,0.5455118380103766,17.909153641880664,0.31764821447029945,7.463153673295313
2018-11-05,0.5286967581870902,41.37052132813981,0.5455118380103766,17.696404025056616,-0.42422832009888367,7.038925353196429
2018-11-06,0.5286967581870902,41.238347138593035,0.5455118380103766,17.516385118513192,-0.31219309609019774,6.726732257106232
2018-11-07,0.5286967581870902,41.44982584186787,0.5455118380103766,17.903698523500562,0.5987921082622059,7.325524365368437
2018-11-08,0.5286967581870902,41.687739383052055,0.5455118380103766,18.034621364623053,0.36883638230667515,7.694360747675113
2018-11-09,0.5286967581870902,41.13260778695561,0.5455118380103766,17.576391420694335,-1.013361540025162,6.6809992076499505
2018-11-12,0.5286967581870902,41.238347138593035,0.5455118380103766,17.696404025056616,0.225751955999705,6.9067511636496555
2018-11-13,0.5286967581870902,40.76252005622465,0.5455118380103766,17.445468579571845,-0.726762527853154,6.1799886357965015
2018-11-14,0.5286967581870902,40.89469424577142,0.5455118380103766,17.50001976337288,0.1867253733478016,6.366714009144303
2018-11-15,0.5286967581870902,41.02686843531819,0.5455118380103766,17.6745835515362,0.30673797771009603,6.673451986854399
2018-11-16,0.5286967581870902,40.68321554249659,0.5455118380103766,17.527295355273402,-0.4909410890844015,6.182510897769998
2018-11-19,0.5286967581870902,40.55104135294982,0.5455118380103766,17.581846539074437,-0.077623005745739,6.104887892024259
2018-11-20,0.5286967581870902,40.18095362221885,0.5455118380103766,17.32000085682946,-0.6319334129759433,5.472954479048315
2018-11-21,0.5286967581870902,40.18095362221885,0.5455118380103766,17.336366211969768,0.01636535514030868,5.489319834188624
2018-11-22,0.5286967581870902,39.969474918944016,0.5455118380103766,17.232718962747796,-0.31512595249680686,5.174193881691817
2018-11-23,0.5286967581870902,39.83730072939724,0.5455118380103766,17.01996934592375,-0.34492380637081865,4.8292700753209985
2018-11-26,0.5286967581870902,40.26025813594692,0.5455118380103766,17.412737869291224,0.81572592991715,5.6449960052381485
2018-11-27,0.5286967581870902,40.20738846012821,0.5455118380103766,17.39637251415091,-0.06923503095902461,5.575760974279124
2018-11-28,0.5286967581870902,40.656780704587234,0.5455118380103766,17.78368591913828,0.8367056494463938,6.412466623725518
2018-11-29,0.5286967581870902,40.736085218315296,0.5455118380103766,17.805506392658693,0.1011249872484754,6.513591610973993
2018-11-30,0.5286967581870902,40.57747619085917,0.5455118380103766,17.756410327237756,-0.20770509287705963,6.3058865180969335
2018-12-03,0.5286967581870902,41.661304545142706,0.5455118380103766,18.75469699079675,2.0821150178425256,8.388001535939459
2018-12-04,0.5286967581870902,41.37052132813981,0.5455118380103766,18.42193476961042,-0.6235454381892254,7.764456097750234
2018-12-05,0.5286967581870902,40.52460651504047,0.5455118380103766,17.84369222131942,-1.4241573613903427,6.340298736359891
2018-12-06,0.5286967581870902,39.70512653985047,0.5455118380103766,16.998148872403334,-1.665023324106084,4.675275412253807
2018-12-07,0.5286967581870902,39.890170405215954,0.5455118380103766,17.314545738449354,0.5014407314115061,5.176716143665313
2018-12-10,0.5286967581870902,39.361473647028866,0.5455118380103766,16.86177091290074,-0.9814715837357006,4.195244559929613
2018-12-11,0.5286967581870902,39.67869170194111,0.5455118380103766,17.118161476765618,0.5736086187771221,4.768853178706735
2018-12-12,0.5286967581870902,40.28669297385627,0.5455118380103766,17.527295355273402,1.0171351504229413,5.785988329129676
2018-12-13,0.5286967581870902,40.33956264967498,0.5455118380103766,17.609122130974956,0.13469645152026644,5.9206847806499425
2018-12-14,0.5286967581870902,39.83730072939724,0.5455118380103766,17.22726384436769,-0.8841202068850045,5.036564573764938
2018-12-17,0.5286967581870902,40.1545187843095,0.5455118380103766,17.478199289852466,0.5681535003970346,5.604718074161973
2018-12-18,0.5286967581870902,39.810865891487886,0.5455118380103766,17.2381740811279,-0.5836781015461803,5.021039972615792
2018-12-19,0.5286967581870902,40.128083946400146,0.5455118380103766,17.390917395770806,0.46996136955516477,5.491001342170957
2018-12-20,0.5286967581870902,39.67869170194111,0.5455118380103766,17.03633470106406,-0.80397493916578,4.687026403005177
2018-12-21,0.5286967581870902,39.75799621566918,0.5455118380103766,17.085430766484997,0.12840057914900527,4.815426982154182
2018-12-22,0.5286967581870902,39.572952350303694,0.5455118380103766,16.92177721508188,-0.34869741676860144,4.466729565385581
2018-12-24,0.5286967581870902,39.49364783657564,0.5455118380103766,16.992693754023232,-0.008387974786703722,4.458341590598877
2018-12-25,0.5286967581870902,38.9913859162979,0.5455118380103766,16.463547271153168,-1.031408403147804,3.4269331874510733
2018-12-26,0.5286967581870902,38.88564656466048,0.5455118380103766,16.343534666790884,-0.22575195599970144,3.201181231451372
2018-12-27,0.5286967581870902,39.67869170194111,0.5455118380103766,16.965418162122713,1.4149286326124582,4.61610986406383
2018-12-28,0.5286967581870902,39.91660524312531,0.5455118380103766,17.096341003245204,0.36883638230668936,4.984946246370519
2019-01-02,0.5286967581870902,39.149994943754024,0.5455118380103766,16.621745704176174,-1.2412055984403167,3.7437406479302027
2019-01-03,0.5286967581870902,38.77990721302306,0.5455118380103766,16.38717561383171,-0.6046578210754276,3.139082826854775
2019-01-04,0.5286967581870902,38.17190594110791,0.5455118380103766,16.021682682364762,-0.9734942033820992,2.1655886234726758
2019-01-07,0.5286967581870902,39.09712526793532,0.5455118380103766,16.73084807177825,1.6343847162408984,3.799973339713574
2019-01-08,0.5286967581870902,38.938516240479196,0.5455118380103766,16.68720712473742,-0.20224997449695437,3.59772336521662
2019-01-09,0.5286967581870902,39.65225686403176,0.5455118380103766,17.216353607607484,1.2428871064226321,4.840610471639252
2019-01-10,0.5286967581870902,39.546517512394345,0.5455118380103766,17.123616595145723,-0.19847636409917868,4.642134107540073
2019-01-11,0.5286967581870902,39.91660524312531,0.5455118380103766,17.29272526492894,0.5391964005141823,5.1813305080542555
2019-01-14,0.5286967581870902,39.65225686403176,0.5455118380103766,17.07997564810489,-0.47709799591759605,4.7042325121366595
2019-01-15,0.5286967581870902,39.99590975685337,0.5455118380103766,17.467289053092262,0.7309662978089797,5.435198809945639
2019-01-16,0.5286967581870902,39.94304008103466,0.5455118380103766,17.39637251415091,-0.12378621476006302,5.311412595185576
2019-01-17,0.5286967581870902,39.94304008103466,0.5455118380103766,17.412737869291224,0.016365355140312232,5.327777950325888
2019-01-18,0.5286967581870902,40.1545187843095,0.5455118380103766,17.609122130974956,0.407862964958575,5.735640915284463
2019-01-21,0.5286967581870902,40.4453020013124,0.5455118380103766,17.805506392658693,0.4871674786866329,6.222808393971096
2019-01-22,0.5286967581870902,39.149994943754024,0.5455118380103766,17.712769380196928,-1.3880440700201397,4.834764323950957
2019-01-23,0.5286967581870902,38.964951078388545,0.5455118380103766,17.609122130974956,-0.28869111458745067,4.546073209363506
2019-01-24,0.5286967581870902,39.149994943754024,0.5455118380103766,17.745500090477552,0.32142182486807513,4.867495034231581
2019-01-25,0.5286967581870902,39.65225686403176,0.5455118380103766,18.154633968985333,0.9113957987855201,5.778890833017101
2019-01-28,0.5286967581870902,39.73156137775983,0.5455118380103766,18.269191454967515,0.19386199971025064,5.972752832727352
2019-01-29,0.5286967581870902,39.387908484938215,0.5455118380103766,17.94733947054139,-0.6655048772477414,5.30724795547961
2019-01-30,0.5286967581870902,39.308603971210154,0.5455118380103766,17.94733947054139,-0.07930451372806147,5.227943441751549
2019-02-11,0.5286967581870902,39.73156137775983,0.5455118380103766,18.285556810107824,0.7611747461161116,5.9891181878676605
2019-02-12,0.5286967581870902,39.99590975685337,0.5455118380103766,18.52558201883239,0.5043735878181081,6.493491775685769
2019-02-13,0.5286967581870902,39.91660524312531,0.5455118380103766,18.52558201883239,-0.07930451372806147,6.414187261957707
2019-02-14,0.5286967581870902,39.78443105357854,0.5455118380103766,18.476485953411455,-0.18127025496771054,6.232917006989997
2019-02-15,0.5286967581870902,39.67869170194111,0.5455118380103766,18.329197757148656,-0.2530275479002242,5.979889459089772
2019-02-18,0.5286967581870902,39.99590975685337,0.5455118380103766,18.711056043755917,0.6990763415195218,6.678965800609294
2019-02-19,0.5286967581870902,39.91660524312531,0.5455118380103766,18.689235570235503,-0.1011249872484754,6.577840813360819
2019-02-20,0.5286967581870902,40.36599748758433,0.5455118380103766,19.07654897522287,0.8367056494463867,7.4145464628072055
2019-02-21,0.5286967581870902,40.76252005622465,0.5455118380103766,19.360215130988266,0.680188724405717,8.094735187212923
2019-02-22,0.5286967581870902,40.68321554249659,0.5455118380103766,19.272933236906606,-0.16658640780972078,7.928148779403202
2019-02-25,0.5286967581870902,40.97399875949949,0.5455118380103766,19.589330102952623,0.6071800830489131,8.535328862452115
2019-02-26,0.5286967581870902,41.079738111136905,0.5455118380103766,19.572964747812314,0.08937399649710898,8.624702858949224
2019-02-27,0.5286967581870902,41.053303273227556,0.5455118380103766,19.529323800771483,-0.07007578495018052,8.554627073999043
2019-03-04,0.5286967581870902,40.68321554249659,0.5455118380103766,19.332939539087747,-0.5664719924147015,7.988155081584342
2019-03-05,0.5286967581870902,40.57747619085917,0.5455118380103766,19.19656157958515,-0.24211731114001367,7.746037770444328
2019-03-06,0.5286967581870902,40.68321554249659,0.5455118380103766,19.32202930232754,0.2312070743798067,7.977244844824135
2019-03-07,0.5286967581870902,40.52460651504047,0.5455118380103766,19.14746551416422,-0.33317281561944156,7.644072029204693
2019-03-08,0.5286967581870902,40.18095362221885,0.5455118380103766,18.901985187059548,-0.5891332199262891,7.054938809278404
2019-03-11,0.5286967581870902,40.26025813594692,0.5455118380103766,18.983811962761106,0.16113128942962618,7.21607009870803
2019-03-12,0.5286967581870902,40.84182456995271,0.5455118380103766,19.474772616970448,1.0725270882151356,8.288597186923166
2019-03-13,0.5286967581870902,40.76252005622465,0.5455118380103766,19.452952143450027,-0.10112498724848251,8.187472199674684
2019-03-14,0.5286967581870902,40.736085218315296,0.5455118380103766,19.403856078029097,-0.07553090333028578,8.111941296344398
2019-03-15,0.5286967581870902,41.02686843531819,0.5455118380103766,19.692977352174598,0.5799044911483975,8.691845787492795
2019-03-18,0.5286967581870902,41.29121681441174,0.5455118380103766,19.911182087378748,0.48255311429769776,9.174398901790493
2019-03-19,0.5286967581870902,41.44982584186787,0.5455118380103766,20.020284454980825,0.26771139505820685,9.4421102968487
2019-03-20,0.5286967581870902,41.502695517686575,0.5455118380103766,20.04756004688134,0.08014526771922093,9.52225556456792
2019-03-21,0.5286967581870902,41.84634841050819,0.5455118380103766,20.39123250482788,0.6873253507681554,10.209580915336076
2019-03-22,0.5286967581870902,41.9520877621456,0.5455118380103766,20.467604162149332,0.1821110089588629,10.391691924294939
2019-03-25,0.5286967581870902,41.317651652321096,0.5455118380103766,19.867541140337917,-1.2344991316359213,9.157192792659018
2019-03-26,0.5286967581870902,41.582000031414644,0.5455118380103766,20.145752177723207,0.5425594164788379,9.699752209137856
2019-03-27,0.5286967581870902,41.502695517686575,0.5455118380103766,20.11847658582269,-0.10658010562858422,9.593172103509271
2019-03-28,0.5286967581870902,41.502695517686575,0.5455118380103766,20.03664981012113,-0.08182677570156116,9.51134532780771
2019-03-29,0.5286967581870902,41.84634841050819,0.5455118380103766,20.363956912927357,0.6709599956278431,10.182305323435553
2019-04-01,0.5286967581870902,42.21643614123915,0.5455118380103766,20.631257713552444,0.637388531356045,10.819693854791598
2019-04-02,0.5286967581870902,42.37504516869528,0.5455118380103766,20.811276620095867,0.33862793399955393,11.158321788791152
2019-04-03,0.5286967581870902,42.37504516869528,0.5455118380103766,20.805821501715766,-0.005455118380101709,11.15286667041105
2019-04-08,0.5286967581870902,42.771567737335594,0.5455118380103766,21.16585931480261,0.7565603817271587,11.90942705213821
2019-04-09,0.5286967581870902,43.03591611642914,0.5455118380103766,21.411339641907283,0.5098287061982205,12.41925575833643
2019-04-10,0.5286967581870902,43.08878579224785,0.5455118380103766,21.504076654369047,0.14560668828046985,12.5648624466169
2019-04-11,0.5286967581870902,42.90374192688237,0.5455118380103766,21.280416800784792,-0.40870371894973445,12.156158727667165
2019-04-12,0.5286967581870902,42.87730708897301,0.5455118380103766,21.269506564024585,-0.03734507466956316,12.118813652997602
2019-04-15,0.5286967581870902,43.27382965761333,0.5455118380103766,21.656819969011952,0.7838359736276814,12.902649626625283
2019-04-16,0.5286967581870902,43.4060038471601,0.5455118380103766,21.760467218233924,0.2358214387687454,13.138471065394029
2019-04-17,0.5286967581870902,43.74965673998171,0.5455118380103766,22.082319202660045,0.6655048772477308,13.80397594264176
2019-04-18,0.5286967581870902,43.72322190207236,0.5455118380103766,21.96230659829776,-0.14644744227163287,13.657528500370127
2019-04-19,0.5286967581870902,43.776091577891066,0.5455118380103766,22.0168577820988,0.10742085961974368,13.76494935998987
2019-04-22,0.5286967581870902,43.72322190207236,0.5455118380103766,22.065953847519737,-0.0037736103977685787,13.761175749592102
2019-04-23,0.5286967581870902,43.90826576743784,0.5455118380103766,22.213242043782536,0.33233206162827855,14.09350781122038
2019-04-24,0.5286967581870902,43.9875702811659,0.5455118380103766,22.20778692540243,0.0738493953479562,14.167357206568337
2019-04-25,0.5286967581870902,44.093309632803326,0.5455118380103766,22.333254648144816,0.23120707437981025,14.398564280948147
2019-04-26,0.5286967581870902,43.59104771252559,0.5455118380103766,21.864114467455895,-0.9714021009666602,13.427162179981487
2019-04-29,0.5286967581870902,43.776091577891066,0.5455118380103766,21.951396361537554,0.27232575944713844,13.699487939428625
2019-04-30,0.5286967581870902,43.776091577891066,0.5455118380103766,22.02776801885901,0.0763716573214559,13.775859596750081
2019-05-02,0.5286967581870902,43.88183092952848,0.5455118380103766,22.115049912940666,0.19302124571907342,13.968880842469154
2019-05-03,0.5286967581870902,44.2783534981688,0.5455118380103766,22.573279856869387,0.8547525125690356,14.82363335503819
2019-05-06,0.5286967581870902,43.51174319879752,0.5455118380103766,21.68409556091247,-1.6557945953281958,13.167838759709994
2019-05-07,0.5286967581870902,43.96113544325655,0.5455118380103766,22.125960149700877,0.8912568332474393,14.059095592957433
2019-05-08,0.5286967581870902,43.64391738834429,0.5455118380103766,21.875024704216102,-0.5681535003970346,13.490942092560399
2019-05-09,0.5286967581870902,43.115220630157204,0.5455118380103766,21.23132073536386,-1.1724007270393315,12.318541365521067
2019-05-10,0.5286967581870902,43.08878579224785,0.5455118380103766,21.17131443318272,-0.0864411400904963,12.232100225430571
2019-05-13,0.5286967581870902,42.37504516869528,0.5455118380103766,20.593071884891717,-1.2919831718435688,10.940117053587002
2019-05-14,0.5286967581870902,42.11069678960173,0.5455118380103766,20.4239632151085,-0.4334570488767646,10.506660004710238
2019-05-15,0.5286967581870902,42.16356646542044,0.5455118380103766,20.571251411371303,0.20015787208150826,10.706817876791746
2019-05-16,0.5286967581870902,41.79347873468948,0.5455118380103766,20.183938006383936,-0.7574011357183252,9.94941674107342
2019-05-17,0.5286967581870902,41.37052132813981,0.5455118380103766,19.867541140337917,-0.7393542725956905,9.21006246847773
2019-05-20,0.5286967581870902,41.34408649023045,0.5455118380103766,19.88390649547823,-0.010069482769043958,9.199992985708686
2019-05-21,0.5286967581870902,41.44982584186787,0.5455118380103766,20.04210492850124,0.2639377846604276,9.463930770369114
2019-05-22,0.5286967581870902,41.44982584186787,0.5455118380103766,20.020284454980825,-0.02182047352041394,9.4421102968487
2019-05-23,0.5286967581870902,40.68321554249659,0.5455118380103766,19.36567024936837,-1.4212245049837335,8.020885791864966
2019-05-24,0.5286967581870902,40.89469424577142,0.5455118380103766,19.42567655154951,0.2714850054559683,8.292370797320935
2019-05-27,0.5286967581870902,40.78895489413401,0.5455118380103766,19.4093111964092,-0.12210470677772278,8.170266090543212
2019-05-28,0.5286967581870902,40.76252005622465,0.5455118380103766,19.392945841268887,-0.04280019304966842,8.127465897493543
2019-05-29,0.5286967581870902,40.57747619085917,0.5455118380103766,19.229292289865775,-0.3486974167685908,7.778768480724953
2019-05-30,0.5286967581870902,40.92112908368078,0.5455118380103766,19.523868682391377,0.6382292853472116,8.416997766072164
2019-05-31,0.5286967581870902,41.476260679777226,0.5455118380103766,19.905726968998643,0.9369898827037098,9.353987648775874
2019-06-03,0.5286967581870902,41.52913035559593,0.5455118380103766,19.971188389559888,0.11833109637995065,9.472318745155825
2019-06-04,0.5286967581870902,41.264781976502384,0.5455118380103766,19.76934900949605,-0.46618775915738553,9.006130985998439
2019-06-05,0.5286967581870902,41.39695616604916,0.5455118380103766,19.88390649547823,0.24673167552895237,9.252862661527391
2019-06-06,0.5286967581870902,41.079738111136905,0.5455118380103766,19.556599392672002,-0.6445251577184798,8.608337503808912
2019-06-10,0.5286967581870902,41.79347873468948,0.5455118380103766,20.238489190184975,1.3956304210655475,10.003967924874459
2019-06-11,0.5286967581870902,41.978522600054966,0.5455118380103766,20.418508096728395,0.36506277190890657,10.369030696783366
2019-06-12,0.5286967581870902,42.13713162751109,0.5455118380103766,20.429418333488606,0.16951926421633345,10.538549960999699
2019-06-13,0.5286967581870902,41.79347873468948,0.5455118380103766,20.151207296103312,-0.6218639302069029,9.916686030792796
2019-06-14,0.5286967581870902,41.71417422096142,0.5455118380103766,20.16211753286352,-0.0683942769678545,9.848291753824942
2019-06-17,0.5286967581870902,41.608434869324,0.5455118380103766,20.194848243144143,-0.07300864135679319,9.775283112468149
2019-06-18,0.5286967581870902,41.71417422096142,0.5455118380103766,20.167572651243624,0.07846375973689845,9.853746872205047
2019-06-19,0.5286967581870902,42.69226322360753,0.5455118380103766,21.089487657481158,1.9000040088836485,11.753750881088695
2019-06-20,0.5286967581870902,42.74513289942624,0.5455118380103766,21.17131443318272,0.13469645152026644,11.888447332608962
2019-06-21,0.5286967581870902,42.74513289942624,0.5455118380103766,21.138583722902094,-0.032730710280624464,11.855716622328337
2019-06-24,0.5286967581870902,42.930176764791725,0.5455118380103766,21.30769239268531,0.35415253514870315,12.20986915747704
2019-06-25,0.5286967581870902,42.69226322360753,0.5455118380103766,21.007660881779604,-0.5379450520898992,11.671924105387141
2019-06-26,0.5286967581870902,42.48078452033269,0.5455118380103766,20.860372685516804,-0.35876689953764185,11.3131572058495
2019-06-27,0.5286967581870902,43.08878579224785,0.5455118380103766,21.324057747825623,1.0716863342239762,12.384843540073476
2019-06-28,0.5286967581870902,42.771567737335594,0.5455118380103766,21.138583722902094,-0.5026920798357821,11.882151460237694
2019-07-01,0.5286967581870902,43.696787064163004,0.5455118380103766,21.96230659829776,1.748942202223077,13.63109366246077
2019-07-02,0.5286967581870902,43.59104771252559,0.5455118380103766,21.875024704216102,-0.19302124571907697,13.438072416741694
2019-07-03,0.5286967581870902,43.08878579224785,0.5455118380103766,21.46043570732822,-0.9168509171656218,12.521221499576072
2019-07-04,0.5286967581870902,43.353134171341395,0.5455118380103766,21.629544377111433,0.43345704887676106,12.954678548452833
2019-07-05,0.5286967581870902,43.30026449552269,0.5455118380103766,21.68409556091247,0.0016815079823331303,12.956360056435166
2019-07-08,0.5286967581870902,43.14165546806655,0.5455118380103766,21.44952547056801,-0.39317911780059944,12.563180938634567
2019-07-09,0.5286967581870902,43.08878579224785,0.5455118380103766,21.40588452352718,-0.09651062285953316,12.466670315775033
2019-07-10,0.5286967581870902,43.45887352297881,0.5455118380103766,21.782287691754338,0.7464908989581218,13.213161214733155
2019-07-11,0.5286967581870902,43.802526415800415,0.5455118380103766,22.08777432104015,0.649139522107415,13.86230073684057
2019-07-12,0.5286967581870902,43.74965673998171,0.5455118380103766,22.055043610759526,-0.08560038609932974,13.77670035074124
2019-07-15,0.5286967581870902,43.9875702811659,0.5455118380103766,22.240517635683055,0.42338756610772066,14.200087916848961
2019-07-16,0.5286967581870902,44.06687479489396,0.5455118380103766,22.333254648144816,0.1720415261898225,14.372129443038784
2019-07-17,0.5286967581870902,43.776091577891066,0.5455118380103766,22.07140896589984,-0.5526288992478747,13.819500543790909
2019-07-18,0.5286967581870902,43.72322190207236,0.5455118380103766,22.044133373999315,-0.08014526771922803,13.73935527607168
2019-07-19,0.5286967581870902,43.88183092952848,0.5455118380103766,22.42053654222648,0.5350121956832865,14.274367471754967
2019-07-22,0.5286967581870902,44.093309632803326,0.5455118380103766,22.633286159050527,0.4242283200988908,14.698595791853858
2019-07-23,0.5286967581870902,44.199048984440736,0.5455118380103766,22.660561750951043,0.1330149435379262,14.831610735391784
2019-07-24,0.5286967581870902,44.17261414653138,0.5455118380103766,22.671471987711254,-0.015524601149145667,14.816086134242639
2019-07-25,0.5286967581870902,44.304788336078154,0.5455118380103766,22.786029473693432,0.24673167552895237,15.062817809771591
2019-07-26,0.5286967581870902,44.01400511907526,0.5455118380103766,22.58419009362959,-0.49262259706673817,14.570195212704853
2019-07-29,0.5286967581870902,44.119744470712675,0.5455118380103766,22.63874127743063,0.16029053543845606,14.730485748143309
2019-07-30,0.5286967581870902,43.9875702811659,0.5455118380103766,22.52418379144845,-0.24673167552895237,14.483754072614357
2019-07-31,0.5286967581870902,43.776091577891066,0.5455118380103766,22.311434174624402,-0.42422832009888367,14.059525752515473
2019-08-01,0.5286967581870902,43.51174319879752,0.5455118380103766,22.011402663718698,-0.5643798899992518,13.495145862516221
2019-08-02,0.5286967581870902,42.79800257524495,0.5455118380103766,21.345878221346037,-1.3792650659252281,12.115880796590993
2019-08-05,0.5286967581870902,42.37504516869528,0.5455118380103766,20.94765457959846,-0.8211810482972481,11.294699748293745
2019-08-06,0.5286967581870902,42.34861033078592,0.5455118380103766,20.914923869317843,-0.059165548189980655,11.235534200103764
2019-08-07,0.5286967581870902,42.13713162751109,0.5455118380103766,20.77309079143514,-0.3533117811575295,10.882222418946235
2019-08-08,0.5286967581870902,42.63939354778883,0.5455118380103766,21.242230972124066,0.9714021009666638,11.853624519912898
2019-08-12,0.5286967581870902,42.612958709879464,0.5455118380103766,21.23677585374396,-0.03188995628946856,11.82173456362343
2019-08-13,0.5286967581870902,42.13713162751109,0.5455118380103766,20.83309709361628,-0.8795058424960551,10.942228721127375
2019-08-14,0.5286967581870902,42.45434968242334,0.5455118380103766,21.111308131001575,0.5954290922975467,11.537657813424921
2019-08-15,0.5286967581870902,41.978522600054966,0.5455118380103766,20.663988423833068,-0.923146789536883,10.614511023888038
2019-08-16,0.5286967581870902,42.48078452033269,0.5455118380103766,21.056756947200537,0.8950304436451937,11.509541467533232
2019-08-19,0.5286967581870902,42.71869806151688,0.5455118380103766,21.33496798458583,0.5161245785694852,12.025666046102717
2019-08-20,0.5286967581870902,42.82443741315431,0.5455118380103766,21.4386152338078,0.20938660085939276,12.23505264696211
2019-08-21,0.5286967581870902,42.87730708897301,0.5455118380103766,21.487711299228735,0.10196574123964197,12.337018388201752
2019-08-22,0.5286967581870902,42.771567737335594,0.5455118380103766,21.40588452352718,-0.1875661273389717,12.14945226086278
2019-08-23,0.5286967581870902,42.82443741315431,0.5455118380103766,21.46589082570832,0.1128759779998525,12.262328238862633
2019-08-26,0.5286967581870902,42.11069678960173,0.5455118380103766,20.794911264955555,-1.3847201843053405,10.877608054557292
2019-08-27,0.5286967581870902,42.21643614123915,0.5455118380103766,20.909468750937734,0.22029683761959618,11.097904892176889
2019-08-28,0.5286967581870902,42.507219358242054,0.5455118380103766,21.16040419642251,0.5417186624876784,11.639623554664567
2019-08-29,0.5286967581870902,42.58652387197011,0.5455118380103766,21.214955380223547,0.13385569752909277,11.77347925219366
2019-08-30,0.5286967581870902,43.27382965761333,0.5455118380103766,21.79865304689465,1.2710034523143214,13.044482704507981
2019-09-02,0.5286967581870902,43.30026449552269,0.5455118380103766,21.951396361537554,0.179178152552268,13.22366085706025
2019-09-03,0.5286967581870902,42.930176764791725,0.5455118380103766,21.66773020577216,-0.6537538864963608,12.569906970563888
2019-09-04,0.5286967581870902,43.43243868506946,0.5455118380103766,22.065953847519737,0.9004855620253096,13.470392532589198
2019-09-05,0.5286967581870902,43.88183092952848,0.5455118380103766,22.43690189736679,0.8203402943060816,14.29073282689528
2019-09-06,0.5286967581870902,44.14617930862203,0.5455118380103766,22.622375922290317,0.4498224040170733,14.740555230912353
2019-09-09,0.5286967581870902,44.304788336078154,0.5455118380103766,22.720568053132187,0.25680115829799277,14.997356389210346
2019-09-10,0.5286967581870902,44.093309632803326,0.5455118380103766,22.540549146588763,-0.3914976098182521,14.605858779392094
2019-09-11,0.5286967581870902,44.119744470712675,0.5455118380103766,22.62783104067042,0.11371673199100485,14.719575511383098
2019-09-12,0.5286967581870902,44.357658011896866,0.5455118380103766,22.86785624939499,0.4779387499087626,15.197514261291861
2019-09-16,0.5286967581870902,44.622006390990414,0.5455118380103766,23.04242003755831,0.4389121672568663,15.636426428548727
2019-09-17,0.5286967581870902,44.542701877262346,0.5455118380103766,23.036964919178203,-0.08475963210817383,15.551666796440553
2019-09-18,0.5286967581870902,44.91278960799331,0.5455118380103766,23.298810601423185,0.6319334129759469,16.1836002094165
2019-09-19,0.5286967581870902,44.64844122889976,0.5455118380103766,23.140612168400178,-0.4225468121165541,15.761053397299946
2019-09-20,0.5286967581870902,44.78061541844654,0.5455118380103766,23.282445246282872,0.274007267429468,16.035060664729414
2019-09-23,0.5286967581870902,44.67487606680912,0.5455118380103766,23.222438944101732,-0.16574565381855777,15.869315010910857
2019-09-24,0.5286967581870902,44.75418058053719,0.5455118380103766,23.287900364662978,0.14476593428931395,16.01408094520017
2019-09-25,0.5286967581870902,44.46339736353428,0.5455118380103766,22.976958616997063,-0.6017249646688256,15.412355980531345
2019-09-26,0.5286967581870902,44.5691367151717,0.5455118380103766,22.993323972137375,0.122104706777737,15.534460687309082
2019-09-27,0.5286967581870902,44.727745742627825,0.5455118380103766,23.009689327277684,0.1749743825964316,15.709435069905513
2019-10-01,0.5562478787369435,47.80950517744029,0.4636044519817624,20.17142970572648,0.24349981326126624,15.95293488316678
2019-10-02,0.5562478787369435,47.64263081381921,0.4636044519817624,20.05552859273104,-0.2827754766165249,15.670159406550255
2019-10-03,0.5562478787369435,47.16982011689281,0.4636044519817624,19.758821743462715,-0.7695175461947272,14.900641860355528
2019-10-04,0.5562478787369435,47.36450687445074,0.4636044519817624,19.84227054481943,0.2781355589146486,15.178777419270176
2019-10-07,0.5562478787369435,47.53138123807182,0.4636044519817624,19.967443746854507,0.2920475656561585,15.470824984926335
2019-10-08,0.5562478787369435,48.11544151074561,0.4636044519817624,20.347599397479552,0.9642159232988341,16.43504090822517
2019-10-09,0.5562478787369435,47.72606799562975,0.4636044519817624,19.990623969453594,-0.7463489431418218,15.688691965083347
2019-10-14,0.5562478787369435,48.6995017834194,0.4636044519817624,20.662850424827152,1.64566024316321,17.334352208246557
2019-10-15,0.5562478787369435,48.782938965229945,0.4636044519817624,20.792659671382044,0.21324642836543717,17.547598636611994
2019-10-16,0.5562478787369435,49.00543811672472,0.4636044519817624,20.950285185055844,0.380124665168573,17.927723301780567
2019-10-17,0.5562478787369435,49.033250510661574,0.4636044519817624,21.05227816449183,0.12980537337284304,18.05752867515341
2019-10-18,0.5562478787369435,48.92200093491418,0.4636044519817624,21.01518980833329,-0.14833793190593525,17.909190743247475
2019-10-21,0.5562478787369435,48.866376147040484,0.4636044519817624,21.03373398641256,-0.03708060979442607,17.87211013345305
2019-10-22,0.5562478787369435,49.339186843966885,0.4636044519817624,21.358257102799794,0.7973338133136352,18.669443946766684
2019-10-23,0.5562478787369435,49.20012487428265,0.4636044519817624,21.23308390076472,-0.2642351717193101,18.405208775047374
2019-10-24,0.5562478787369435,49.39481163184058,0.4636044519817624,21.413889637037606,0.3754924938308193,18.780701268878193
2019-10-25,0.5562478787369435,49.39481163184058,0.4636044519817624,21.432433815116877,0.01854417807927078,18.799245446957464
2019-10-28,0.5562478787369435,49.61731078333536,0.4636044519817624,21.60396746235013,0.3940327987280341,19.193278245685498
2019-10-29,0.5562478787369435,49.7563727530196,0.4636044519817624,21.65959999658794,0.1946945039220438,19.387972749607542
2019-10-30,0.5562478787369435,49.97887190451437,0.4636044519817624,21.729140664385202,0.29203981929203593,19.680012568899578
2019-10-31,0.5562478787369435,50.117933874198606,0.4636044519817624,21.826497599301373,0.2364189046004057,19.916431473499983
2019-11-01,0.5562478787369435,50.117933874198606,0.4636044519817624,21.923854534217543,0.0973569349161707,20.013788408416154
2019-11-04,0.5562478787369435,51.28605441954619,0.4636044519817624,22.744434414225264,1.9887004253553044,22.00248883377146
2019-11-05,0.5562478787369435,51.67542793466205,0.4636044519817624,23.068957530612497,0.713896631503097,22.716385465274556
2019-11-06,0.5562478787369435,51.92573948009367,0.4636044519817624,23.20340282168721,0.38475683650632675,23.101142301780882
2019-11-07,0.5562478787369435,51.6476155407252,0.4636044519817624,22.980872684735964,-0.5006540763197158,22.600488225461167
2019-11-08,0.5562478787369435,51.480741177104115,0.4636044519817624,22.88815179433961,-0.2595952540174373,22.34089297144373
2019-11-11,0.5562478787369435,50.7019941468724,0.4636044519817624,22.299374140322772,-1.3675246842485507,20.97336828719518
2019-11-12,0.5562478787369435,51.1748048437988,0.4636044519817624,22.614625167670372,0.7880617242740016,21.76143001146918
2019-11-13,0.5562478787369435,50.868868510493485,0.4636044519817624,22.378186897159672,-0.5423746038160182,21.219055407653162
2019-11-14,0.5562478787369435,50.841056116556636,0.4636044519817624,22.387458986199306,-0.01854030489721481,21.200515102755947
2019-11-15,0.5562478787369435,51.34167920741988,0.4636044519817624,22.71661814710636,0.8297822517702969,22.030297354526244
2019-11-18,0.5562478787369435,51.67542793466205,0.4636044519817624,22.971600595696327,0.588731175832141,22.619028530358385
2019-11-19,0.5562478787369435,52.0648014497779,0.4636044519817624,23.296123712083563,0.7138966315030864,23.33292516186147
2019-11-20,0.5562478787369435,51.87011469221998,0.4636044519817624,23.06432148609268,-0.4264889835488077,22.906436178312664
2019-11-21,0.5562478787369435,51.45292878316727,0.4636044519817624,22.837155304621614,-0.6443520905237712,22.262084087788892
2019-11-22,0.5562478787369435,51.480741177104115,0.4636044519817624,22.841791349141435,0.03244843845666168,22.294532526245554
2019-11-25,0.5562478787369435,51.50855357104096,0.4636044519817624,22.87424366078016,0.060264705575573174,22.354797231821127
2019-11-26,0.5562478787369435,51.6476155407252,0.4636044519817624,23.06432148609268,0.32913979499675605,22.683937026817883
2019-11-27,0.5562478787369435,51.84230229828314,0.4636044519817624,23.170950510048485,0.3013157815137433,22.985252808331627
2019-11-28,0.5562478787369435,51.703240328598895,0.4636044519817624,23.078229619652134,-0.23178286008059246,22.753469948251034
2019-11-29,0.5562478787369435,50.896680904430326,0.4636044519817624,22.429183386877668,-1.4556056569430353,21.297864291308
2019-12-02,0.5562478787369435,51.202617237735645,0.4636044519817624,22.57753681151183,0.4542897579394811,21.75215404924748
2019-12-03,0.5562478787369435,51.202617237735645,0.4636044519817624,22.633169345749643,0.05563253423781234,21.807786583485292
2019-12-04,0.5562478787369435,51.00793048017772,0.4636044519817624,22.535812410833472,-0.29204369247409545,21.515742891011197
2019-12-05,0.5562478787369435,51.67542793466205,0.4636044519817624,23.00405290733505,1.135737950985913,22.65148084199711
2019-12-06,0.5562478787369435,51.75886511647259,0.4636044519817624,23.050413352533226,0.12979762700871333,22.781278469005823
2019-12-09,0.5562478787369435,52.09261384371476,0.4636044519817624,23.34248415728174,0.625819531990679,23.407098000996502
2019-12-10,0.5562478787369435,51.73105272253574,0.4636044519817624,23.101409842251222,-0.6026354362095319,22.80446256478697
2019-12-11,0.5562478787369435,52.14823863158845,0.4636044519817624,23.412024825079,0.7278008918804844,23.532263456667454
2019-12-12,0.5562478787369435,53.31635917693603,0.4636044519817624,24.246512838646172,2.002608558914755,25.53487201558221
2019-12-13,0.5562478787369435,53.90041944960983,0.4636044519817624,24.68693706802885,1.024484502056474,26.559356517638683
2019-12-16,0.5562478787369435,53.87260705567297,0.4636044519817624,24.663756845429763,-0.050992616535943114,26.50836390110274
2019-12-17,0.5562478787369435,54.595729298031,0.4636044519817624,25.28962285560514,1.348988252533406,27.857352153636146
2019-12-18,0.5562478787369435,54.62354169196785,0.4636044519817624,25.335983300803317,0.07417283913502715,27.931524992771173
2019-12-19,0.5562478787369435,54.31760535866253,0.4636044519817624,24.988279961816993,-0.6536396722916429,27.27788532047953
2019-12-20,0.5562478787369435,53.92823184354667,0.4636044519817624,24.826018403623376,-0.5516350733094804,26.72625024717005
2019-12-23,0.5562478787369435,54.03948141929406,0.4636044519817624,24.872378848821555,0.15761002094557242,26.883860268115622
2019-12-24,0.5562478787369435,54.06729381323091,0.4636044519817624,24.872378848821555,0.027812393936848423,26.91167266205247
2019-12-25,0.5562478787369435,54.15073099504144,0.4636044519817624,24.96509973921791,0.17615807220688495,27.087830734259356
2019-12-26,0.5562478787369435,54.15073099504144,0.4636044519817624,24.895559071420642,-0.06954066779726631,27.01829006646209
2019-12-27,0.5562478787369435,54.51229211622046,0.4636044519817624,25.28962285560514,0.7556249053635113,27.7739149718256
2019-12-30,0.5562478787369435,54.40104254047307,0.4636044519817624,25.127361297411525,-0.2735111339409997,27.5004038378846
2019-12-31,0.5562478787369435,53.92823184354667,0.4636044519817624,24.826018403623376,-0.7741535907145511,26.72625024717005
2020-01-02,0.5562478787369435,54.31760535866253,0.4636044519817624,25.220082187807876,0.7834372993003633,27.509687546470413
2020-01-03,0.5562478787369435,54.31760535866253,0.4636044519817624,25.127361297411525,-0.09272089039635034,27.416966656074063
2020-01-06,0.5562478787369435,53.62229551024136,0.4636044519817624,24.64057662283067,-1.1820945230020286,26.234872133072034
2020-01-07,0.5562478787369435,53.45542114662027,0.4636044519817624,24.29287328384435,-0.5145777026074114,25.720294430464623
2020-01-08,0.5562478787369435,53.205109601188646,0.4636044519817624,24.061071057853468,-0.48211377142250456,25.23818065904212
2020-01-09,0.5562478787369435,53.92823184354667,0.4636044519817624,24.756477735826113,1.4185289203306688,26.656709579372787
2020-01-10,0.5562478787369435,54.1229186011046,0.4636044519817624,24.895559071420642,0.3337680931524609,26.990477672525248
2020-01-13,0.5562478787369435,54.51229211622046,0.4636044519817624,25.28962285560514,0.7834372993003527,27.7739149718256
2020-01-14,0.5562478787369435,54.846040843462625,0.4636044519817624,25.567785526794196,0.611911398431225,28.385826370256826
2020-01-15,0.5562478787369435,54.28979296472568,0.4636044519817624,25.173721742609697,-0.9503116629214468,27.43551470733538
2020-01-16,0.5562478787369435,54.1229186011046,0.4636044519817624,25.104181074812434,-0.23641503141833908,27.19909967591704
2020-01-17,0.5562478787369435,54.1229186011046,0.4636044519817624,25.127361297411525,0.023180222599091138,27.22227989851613
2020-01-20,0.5562478787369435,54.34541775259938,0.4636044519817624,25.31280307820423,0.4079409322874845,27.630220830803616
2020-01-30,0.5562478787369435,51.25824202560934,0.4636044519817624,22.36891480812004,-6.031063997074231,21.599156833729385
2020-01-31,0.5562478787369435,50.03449669238807,0.4636044519817624,22.656349568348727,-0.9363105729925856,20.6628462607368
2020-02-03,0.5562478787369435,49.53387360152482,0.4636044519817624,22.211289294446235,-0.9456833647657419,19.717162895971057
2020-02-04,0.5562478787369435,50.396057813567076,0.4636044519817624,22.89278783885943,1.5436827564554534,21.26084565242651
2020-02-05,0.5562478787369435,50.53511978325131,0.4636044519817624,22.94842037309724,0.1946945039220438,21.455540156348555
2020-02-06,0.5562478787369435,51.34167920741988,0.4636044519817624,23.69018749626806,1.5483265473393892,23.003866703687944
2020-02-07,0.5562478787369435,50.72980654080925,0.4636044519817624,23.11995402033049,-1.1821061425482,21.821760561139744
2020-02-10,0.5562478787369435,50.618556965061856,0.4636044519817624,23.06432148609268,-0.16688210998520248,21.65487845115454
2020-02-11,0.5562478787369435,51.03574287411456,0.4636044519817624,23.481565492876268,0.8344299158362922,22.489308366990834
2020-02-12,0.5562478787369435,51.53636596497782,0.4636044519817624,23.85244905446168,0.8715066524486694,23.360815019439503
2020-02-13,0.5562478787369435,51.61980314678836,0.4636044519817624,23.85244905446168,0.08343718181053816,23.44425220125004
2020-02-14,0.5562478787369435,51.703240328598895,0.4636044519817624,24.037890835254384,0.2688789626032424,23.713131163853284
2020-02-17,0.5562478787369435,51.34167920741988,0.4636044519817624,23.85244905446168,-0.5470029019717195,23.166128261881564
2020-02-18,0.5562478787369435,50.646369358998705,0.4636044519817624,23.249763266885385,-1.29799563599747,21.868132625884094
2020-02-19,0.5562478787369435,51.23042963167249,0.4636044519817624,23.8060886092635,1.1403856150519047,23.008518240936
2020-02-20,0.5562478787369435,51.00793048017772,0.4636044519817624,23.597466605871706,-0.43112115488656855,22.57739708604943
2020-02-21,0.5562478787369435,50.75761893474609,0.4636044519817624,23.45838527027718,-0.3893928810261542,22.188004205023276
2020-02-24,0.5562478787369435,50.117933874198606,0.4636044519817624,22.81397508202253,-1.284095248802135,20.90390895622114
2020-02-25,0.5562478787369435,50.25699584388284,0.4636044519817624,22.929876195017968,0.25496308267967294,21.158872038900814
2020-02-26,0.5562478787369435,49.7563727530196,0.4636044519817624,22.503360099194747,-0.927139186686464,20.23173285221435
2020-02-27,0.5562478787369435,49.311374450030044,0.4636044519817624,21.90994640065809,-1.0384120015262113,19.19332085068814
2020-03-02,0.5562478787369435,48.58825220767201,0.4636044519817624,21.501974482914143,-1.1310941601019842,18.062226690586154
2020-03-03,0.5562478787369435,49.28356205609319,0.4636044519817624,22.016575424613897,1.2099107901209365,19.27213748070709
2020-03-04,0.5562478787369435,49.61731078333536,0.4636044519817624,22.160292804728243,0.47746610735651984,19.74960358806361
2020-03-05,0.5562478787369435,50.1735586620723,0.4636044519817624,22.679529790947818,1.0754848649565147,20.825088453020125
2020-03-06,0.5562478787369435,49.144500086408954,0.4636044519817624,21.85431386642028,-1.8542745001908862,18.97081395282924
2020-03-09,0.5562478787369435,47.753880389566596,0.4636044519817624,20.570129534430798,-2.67480402883184,16.2960099239974
2020-03-10,0.5562478787369435,48.00419193499822,0.4636044519817624,20.732391092624415,0.41257310362523825,16.708583027622637
2020-03-11,0.5562478787369435,47.44794405626128,0.4636044519817624,20.129705305048127,-1.158933666313228,15.54964936130941
2020-03-12,0.5562478787369435,45.69576323823991,0.4636044519817624,18.27992354164089,-3.6019625814286016,11.947686779880808
2020-03-13,0.5562478787369435,45.05607817769242,0.4636044519817624,17.450071572593536,-1.4695370295948464,10.478149750285962
2020-03-16,0.5562478787369435,42.99796102636573,0.4636044519817624,16.054622172128433,-3.453566551791795,7.024583198494167
2020-03-17,0.5562478787369435,41.63515372346021,0.4636044519817624,15.24331438116035,-2.174115093873599,4.8504681046205675
2020-03-18,0.5562478787369435,40.494845572049485,0.4636044519817624,14.214112497760835,-2.1695100348102425,2.680958069810325
2020-03-19,0.5562478787369435,38.130792087417475,0.4636044519817624,12.239157532318528,-4.339008450074317,-1.658050380263992
2020-03-20,0.5562478787369435,41.16234302653382,0.4636044519817624,14.116755562844665,4.90914896964248,3.251098589378488
2020-03-23,0.5562478787369435,39.3823498145756,0.4636044519817624,13.096825768484788,-2.7999230063180978,0.4511755830603903
2020-03-24,0.5562478787369435,41.301404996218054,0.4636044519817624,14.55717979222734,3.3794092053850076,3.830584788445398
2020-03-25,0.5562478787369435,42.7476494809341,0.4636044519817624,15.489024740710681,2.3780894331993885,6.208674221644786
2020-03-26,0.5562478787369435,42.94233623849204,0.4636044519817624,15.90163270297445,0.6072947198217076,6.815968941466494
2020-03-27,0.5562478787369435,42.608587511249866,0.4636044519817624,15.757915322860105,-0.47746610735651807,6.338502834109976
2020-03-30,0.5562478787369435,42.19140160219716,0.4636044519817624,15.623470031785395,-0.5516312001274155,5.78687163398256
2020-03-31,0.5562478787369435,42.35827596581825,0.4636044519817624,15.734735100261016,0.27813943209671166,6.065011066079272
2020-04-01,0.5562478787369435,42.219213996134016,0.4636044519817624,15.748643233820468,-0.1251538361247828,5.939857229954489
2020-04-06,0.5562478787369435,42.858899056681494,0.4636044519817624,16.369873199476032,1.2609150262030422,7.200772256157531
2020-04-07,0.5562478787369435,43.66545848085006,0.4636044519817624,16.986467120611774,1.4231533453043106,8.623925601461842
2020-04-08,0.5562478787369435,44.2773311474607,0.4636044519817624,17.53815641847007,1.1635619644689328,9.787487565930775
2020-04-09,0.5562478787369435,44.08264438990277,0.4636044519817624,17.352714637677366,-0.3801285383506361,9.407359027580139
2020-04-10,0.5562478787369435,44.110456783839616,0.4636044519817624,17.50570410683135,0.18080186309083146,9.58816089067097
2020-04-13,0.5562478787369435,43.832332844471146,0.4636044519817624,17.278537925360286,-0.5052901208395326,9.082870769831437
2020-04-14,0.5562478787369435,45.02826578375558,0.4636044519817624,18.32628398683907,2.2436790007632155,11.326549770594653
2020-04-15,0.5562478787369435,45.167327753439814,0.4636044519817624,18.483909500512866,0.2966874833580313,11.623237253952684
2020-04-16,0.5562478787369435,44.944828601945034,0.4636044519817624,18.432913010794874,-0.27349564121277226,11.349741612739912
2020-04-17,0.5562478787369435,46.30763590485054,0.4636044519817624,19.262764979842228,2.192659271952863,13.542400884692775
2020-04-20,0.5562478787369435,46.16857393516631,0.4636044519817624,19.137591777807152,-0.2642351717193101,13.278165712973465
2020-04-21,0.5562478787369435,44.83357902619764,0.4636044519817624,17.987852736892382,-2.484733949883438,10.793431763090027
2020-04-22,0.5562478787369435,44.83357902619764,0.4636044519817624,18.113025938927457,0.1251732020350751,10.918604965125102
2020-04-23,0.5562478787369435,45.00045338981873,0.4636044519817624,18.386552565596695,0.4404009902903283,11.35900595541543
2020-04-24,0.5562478787369435,45.00045338981873,0.4636044519817624,18.27992354164089,-0.10662902395580431,11.252376931459626
2020-04-27,0.5562478787369435,45.918262389734686,0.4636044519817624,19.272037068881865,1.9099225271569296,13.162299458616555
2020-04-28,0.5562478787369435,45.918262389734686,0.4636044519817624,19.387938181877306,0.11590111299544148,13.278200571611997
2020-04-29,0.5562478787369435,46.55794745028217,0.4636044519817624,19.916447257136515,1.1681941358066936,14.44639470741869
2020-04-30,0.5562478787369435,47.559193632008665,0.4636044519817624,20.71848295906496,1.8032818836549396,16.24967659107363
2020-05-04,0.5562478787369435,46.16857393516631,0.4636044519817624,19.55483578459074,-2.554266871316578,13.695409719757052
2020-05-05,0.5562478787369435,46.39107308666109,0.4636044519817624,19.814454277700527,0.48211764460456763,14.17752736436162
2020-05-06,0.5562478787369435,46.44669787453478,0.4636044519817624,19.85154263385907,0.0927131440322313,14.27024050839385
2020-05-07,0.5562478787369435,46.64138463209271,0.4636044519817624,20.222426195444477,0.5655703191433403,14.835810827537191
2020-05-08,0.5562478787369435,46.91950857146118,0.4636044519817624,20.398595887197548,0.45429363112154064,15.290104458658732
2020-05-11,0.5562478787369435,47.30888208657704,0.4636044519817624,20.801931760421677,0.7927093883399934,16.082813846998725
2020-05-12,0.5562478787369435,46.752634207840096,0.4636044519817624,20.301238952281377,-1.0569406868772475,15.025873160121478
2020-05-13,0.5562478787369435,46.89169617752433,0.4636044519817624,20.4913167775939,0.3291397949967596,15.355012955118237
2020-05-14,0.5562478787369435,46.33544829878739,0.4636044519817624,19.86545076741852,-1.1821138889123226,14.172899066205915
2020-05-15,0.5562478787369435,46.64138463209271,0.4636044519817624,20.10188903792922,0.5423746038160182,14.715273670021933
2020-05-18,0.5562478787369435,46.25201111697685,0.4636044519817624,19.88399494549779,-0.6072676075472856,14.108006062474647
2020-05-19,0.5562478787369435,46.66919702602956,0.4636044519817624,20.31514708584083,0.8483380493957462,14.956344111870393
2020-05-20,0.5562478787369435,46.61357223815586,0.4636044519817624,20.398595887197548,0.027824013483019883,14.984168125353413
2020-05-21,0.5562478787369435,47.002945753271725,0.4636044519817624,20.81583989398113,0.8066175218994474,15.79078564725286
2020-05-22,0.5562478787369435,46.140761541229466,0.4636044519817624,19.944263524255422,-1.7337605817679673,14.057025065484893
2020-05-25,0.5562478787369435,46.44669787453478,0.4636044519817624,20.32905521940028,0.6907280284501702,14.747753093935064
2020-05-26,0.5562478787369435,46.975133359334876,0.4636044519817624,20.88074451725858,1.0801247826583982,15.827877876593462
2020-05-27,0.5562478787369435,46.91950857146118,0.4636044519817624,20.801931760421677,-0.13443754471060032,15.693440331882861
2020-05-28,0.5562478787369435,46.64138463209271,0.4636044519817624,20.542313267311894,-0.5377424324782538,15.155697899404608
2020-05-29,0.5562478787369435,46.975133359334876,0.4636044519817624,20.709210870025327,0.5006463299556003,15.656344229360208
2020-06-01,0.5562478787369435,47.225444904766505,0.4636044519817624,21.121818832289097,0.6629195076953991,16.319263737055607
2020-06-02,0.5562478787369435,47.44794405626128,0.4636044519817624,21.302624568561985,0.4033048877676606,16.722568624823268
2020-06-03,0.5562478787369435,48.282315874366695,0.4636044519817624,22.02584751365353,1.5575947631969633,18.28016338802023
2020-06-04,0.5562478787369435,48.72731417735625,0.4636044519817624,22.32255436292186,0.7417051522578824,19.021868540278113
2020-06-05,0.5562478787369435,49.144500086408954,0.4636044519817624,22.739798369705447,0.8344299158362922,19.856298456114406
2020-06-08,0.5562478787369435,49.78418514695644,0.4636044519817624,23.157042376489034,1.0569290673310725,20.913227523445478
2020-06-09,0.5562478787369435,49.839809934830136,0.4636044519817624,23.296123712083563,0.1947061234682259,21.107933646913704
2020-06-10,0.5562478787369435,50.31262063175654,0.4636044519817624,23.713367718867147,0.8900547037099855,21.99798835062369
2020-06-11,0.5562478787369435,49.53387360152482,0.4636044519817624,22.809339037502713,-1.682775711596154,20.315212639027536
2020-06-12,0.5562478787369435,49.088875298535264,0.4636044519817624,22.48017987659566,-0.7741574638966071,19.54105517513093
2020-06-15,0.5562478787369435,48.39356545011408,0.4636044519817624,21.89603826709864,-1.2794514579182028,18.261603717212726
2020-06-16,0.5562478787369435,49.45043641971428,0.4636044519817624,22.957692462136876,2.1185251646384344,20.38012888185116
2020-06-17,0.5562478787369435,49.50606120758797,0.4636044519817624,22.994780818295418,0.0927131440322313,20.47284202588339
2020-06-18,0.5562478787369435,49.45043641971428,0.4636044519817624,23.14313424292958,0.09272863676047294,20.565570662643864
2020-06-19,0.5562478787369435,49.422624025777424,0.4636044519817624,23.180222599088122,0.00927596222168603,20.57484662486555
2020-06-22,0.5562478787369435,49.53387360152482,0.4636044519817624,23.249763266885385,0.18079024354465645,20.755636868410207
2020-06-23,0.5562478787369435,49.7563727530196,0.4636044519817624,23.412024825079,0.38476070968839693,21.140397578098604
2020-06-24,0.5562478787369435,50.062309086324916,0.4636044519817624,23.667007273668972,0.560918781895289,21.701316359993893
2020-06-29,0.5562478787369435,49.56168599546166,0.4636044519817624,23.04577730801341,-1.1218530565188196,20.579463303475073
2020-06-30,0.5562478787369435,50.00668429845122,0.4636044519817624,23.55110616067353,0.9503271556496813,21.529790459124754
2020-07-01,0.5562478787369435,50.340433025693386,0.4636044519817624,23.875629277060764,0.6582718436294002,22.188062302754155
2020-07-02,0.5562478787369435,50.896680904430326,0.4636044519817624,24.455134842037968,1.1357534437141439,23.3238157464683
2020-07-03,0.5562478787369435,51.480741177104115,0.4636044519817624,24.988279961816993,1.1172053924528136,24.441021138921112
2020-07-06,0.5562478787369435,52.37073778308323,0.4636044519817624,25.93866908837961,1.8403857325417299,26.281406871462842
2020-07-07,0.5562478787369435,52.56542454064116,0.4636044519817624,25.93866908837961,0.19468675755793186,26.476093629020774
2020-07-08,0.5562478787369435,52.926985661820176,0.4636044519817624,26.28637242736593,0.7092644601653362,27.18535808918611
2020-07-09,0.5562478787369435,53.09386002544126,0.4636044519817624,26.42545376296046,0.3059556992156125,27.491313788401722
2020-07-10,0.5562478787369435,52.648861722451706,0.4636044519817624,25.822767975384167,-1.0476840905658449,26.443629697835878
2020-07-13,0.5562478787369435,53.42760875268342,0.4636044519817624,26.657255988951338,1.613235043798884,28.05686474163476
2020-07-14,0.5562478787369435,53.76135747992559,0.4636044519817624,26.634075766352254,0.31056850464308994,28.36743324627785
2020-07-15,0.5562478787369435,53.983856631420366,0.4636044519817624,26.842697769744042,0.43112115488656144,28.798554401164413
2020-07-16,0.5562478787369435,53.45542114662027,0.4636044519817624,26.448633985559546,-0.9224992689845948,27.87605513217982
2020-07-17,0.5562478787369435,54.06729381323091,0.4636044519817624,26.77315710194678,0.9363957829978773,28.812450915177696
2020-07-20,0.5562478787369435,53.983856631420366,0.4636044519817624,26.77315710194678,-0.08343718181054527,28.72901373336715
2020-07-21,0.5562478787369435,54.90166563133632,0.4636044519817624,27.95534845450027,2.100000352469447,30.829014085836597
2020-07-22,0.5562478787369435,55.040727601020556,0.4636044519817624,28.094429790094804,0.2781433052787676,31.107157391115365
2020-07-23,0.5562478787369435,54.98510281314686,0.4636044519817624,28.00170889969845,-0.14834567827005074,30.958811712845314
2020-07-24,0.5562478787369435,54.790416055588935,0.4636044519817624,27.468563779919425,-0.7278318773369499,30.230979835508364
2020-07-27,0.5562478787369435,57.46040587352626,0.4636044519817624,29.253440920049208,4.454866958067111,34.68584679357548
2020-07-28,0.5562478787369435,57.62728023714734,0.4636044519817624,29.09117936185559,0.004612805427459676,34.690459599002935
2020-07-29,0.5562478787369435,57.04321996447355,0.4636044519817624,28.928917803661975,-0.7463218308674051,33.94413776813553
2020-07-30,0.5562478787369435,57.87759178257897,0.4636044519817624,29.647504704233707,1.55295871867715,35.49709648681268
2020-07-31,0.5562478787369435,57.73852981289473,0.4636044519817624,29.647504704233707,-0.139061969684235,35.358034517128445
2020-08-03,0.5562478787369435,56.73728363116823,0.4636044519817624,28.789836468067445,-1.8589144178927626,33.49912009923568
2020-08-04,0.5562478787369435,57.46040587352626,0.4636044519817624,29.670684926832795,1.6039707011233801,35.10309080035906
2020-08-05,0.5562478787369435,58.0166537522632,0.4636044519817624,30.180649824012733,1.0662127759168776,36.16930357627594
2020-08-06,0.5562478787369435,58.62852641887385,0.4636044519817624,30.71379494379176,1.1450177863896727,37.31432136266561
2020-08-07,0.5562478787369435,58.21134050982114,0.4636044519817624,30.319731159607265,-0.8112496932372011,36.50307166942841
2020-08-10,0.5562478787369435,58.739775994621226,0.4636044519817624,30.852876279386287,1.061580604579106,37.564652274007514
2020-08-11,0.5562478787369435,58.29477769163167,0.4636044519817624,30.29655093700817,-1.0013236453676697,36.563328628639844
2020-08-12,0.5562478787369435,57.432593479589414,0.4636044519817624,29.647504704233707,-1.5112304448167215,35.05209818382312
2020-08-13,0.5562478787369435,57.988841358326354,0.4636044519817624,30.180649824012733,1.0893929985159652,36.14149118233908
2020-08-14,0.5562478787369435,58.127903328010596,0.4636044519817624,30.389271827404524,0.34768397307603394,36.48917515541511
2020-08-17,0.5562478787369435,58.739775994621226,0.4636044519817624,31.177399395773524,1.400000234979629,37.88917539039474
2020-08-18,0.5562478787369435,58.406027267379066,0.4636044519817624,30.783335611589028,-0.7278125114266558,37.161362878968085
2020-08-19,0.5562478787369435,57.988841358326354,0.4636044519817624,30.36609160480544,-0.8344299158362993,36.32693296313178
2020-08-20,0.5562478787369435,55.95853660093651,0.4636044519817624,28.14079023529298,-4.255606126902304,32.071326836229474
2020-08-21,0.5562478787369435,57.182281934157785,0.4636044519817624,29.392522255643737,2.475477353572032,34.546804189801506
2020-08-24,0.5562478787369435,57.34915629777887,0.4636044519817624,29.57796403643644,0.35231614441378767,34.8991203342153
2020-08-25,0.5562478787369435,57.79415460076843,0.4636044519817624,30.180649824012733,1.047684090565852,35.94680442478115
2020-08-26,0.5562478787369435,58.0166537522632,0.4636044519817624,30.435632272602707,0.47748160008474727,36.42428602486589
2020-08-27,0.5562478787369435,58.15571572194744,0.4636044519817624,30.342911382206353,0.046341079287881115,36.47062710415378
2020-08-28,0.5562478787369435,57.57165544927365,0.4636044519817624,29.902487152823678,-1.0244845020564632,35.44614260209731
2020-08-31,0.5562478787369435,56.626034055420845,0.4636044519817624,29.299801365247387,-1.5483071814290952,33.897835420668216
2020-09-01,0.5562478787369435,57.488218267463104,0.4636044519817624,29.94884759802185,1.5112304448167215,35.40906586548493
2020-09-02,0.5562478787369435,57.29353150990518,0.4636044519817624,29.94884759802185,-0.19468675755792475,35.21437910792701
2020-09-03,0.5562478787369435,57.46040587352626,0.4636044519817624,30.134289378814557,0.3523161444137912,35.5666952523408
2020-09-04,0.5562478787369435,57.04321996447355,0.4636044519817624,29.57796403643644,-0.9735112514308284,34.59318400090997
2020-09-07,0.5562478787369435,56.95978278266301,0.4636044519817624,29.415702478242828,-0.24569874000415126,34.34748526090582
2020-09-08,0.5562478787369435,57.29353150990518,0.4636044519817624,29.786586039828236,0.7046322888275753,35.052117549733396
2020-09-09,0.5562478787369435,56.904157994789315,0.4636044519817624,29.50842336863918,-0.6675361863049218,34.384581363428474
2020-09-10,0.5562478787369435,57.404781085652566,0.4636044519817624,29.856126707625503,0.8483264298495747,35.232907793278045
2020-09-11,0.5562478787369435,57.432593479589414,0.4636044519817624,29.856126707625503,0.027812393936848423,35.26072018721489
2020-09-14,0.5562478787369435,58.15571572194744,0.4636044519817624,30.876056501985374,1.743052036717895,37.003772223932785
2020-09-15,0.5562478787369435,58.37821487344222,0.4636044519817624,30.852876279386287,0.1993189288956927,37.20309115282848
2020-09-16,0.5562478787369435,59.268211479421325,0.4636044519817624,31.478742289561673,1.515862616154493,38.71895376898297
2020-09-17,0.5562478787369435,58.62852641887385,0.4636044519817624,30.829696056787203,-1.2887312933219484,37.430222475661026
2020-09-18,0.5562478787369435,58.57290163100015,0.4636044519817624,30.94559716978264,0.06027632512174108,37.49049880078277
2020-09-21,0.5562478787369435,58.10009093407375,0.4636044519817624,30.319731159607265,-1.0986767071017773,36.391822093680986
2020-09-22,0.5562478787369435,57.34915629777887,0.4636044519817624,29.392522255643737,-1.6781435402584073,34.71367855342258
2020-09-23,0.5562478787369435,57.26571911596833,0.4636044519817624,29.554783813837354,0.07882437638307849,34.792502929805664
2020-09-24,0.5562478787369435,55.875099419125974,0.4636044519817624,27.88580778670301,-3.0595957239767024,31.732907205828962
2020-09-25,0.5562478787369435,55.98634899487337,0.4636044519817624,28.048069344896625,0.27351113394101034,32.00641833976997
2020-09-28,0.5562478787369435,56.904157994789315,0.4636044519817624,29.02163869405833,1.8913783490776517,33.89779668884762
2020-09-29,0.5562478787369435,57.04321996447355,0.4636044519817624,29.044818916657416,0.1622421922833226,34.06003888113094
2020-09-30,0.5562478787369435,57.29353150990518,0.4636044519817624,29.34616181044556,0.5516544392197744,34.61169332035072
2020-10-05,0.5835350365103125,60.1332855123877,0.4010454878666483,25.546597577105498,-0.959810230857542,33.651883089493175
2020-10-06,0.5835350365103125,60.833527556200075,0.4010454878666483,26.108061260118802,1.261705726825678,34.91358881631885
2020-10-07,0.5835350365103125,61.15447182628075,0.4010454878666483,26.388793101625456,0.6016761115873273,35.51526492790617
2020-10-08,0.5835350365103125,61.97142087739518,0.4010454878666483,26.930204510245435,1.3583604597344134,36.87362538764059
2020-10-12,0.5835350365103125,62.46742565842895,0.4010454878666483,27.13072725417876,0.6965275249670917,37.57015291260768
2020-10-13,0.5835350365103125,62.49660241025446,0.4010454878666483,27.210936351752085,0.10938584939883711,37.679538762006516
2020-10-14,0.5835350365103125,62.26318839565034,0.4010454878666483,26.99036133342543,-0.4539890329307781,37.22554972907574
2020-10-15,0.5835350365103125,61.679653359140026,0.4010454878666483,26.709629491918772,-0.86426687801697,36.36128285105877
2020-10-16,0.5835350365103125,61.41706259271039,0.4010454878666483,26.32863627844546,-0.6435839799029495,35.71769887115582
2020-10-19,0.5835350365103125,62.204834891999305,0.4010454878666483,27.09062270539209,1.5497587262355452,37.26745759739136
2020-10-20,0.5835350365103125,61.85471387009312,0.4010454878666483,26.82994313827877,-0.610800589019501,36.656657008371866
2020-10-21,0.5835350365103125,61.825537118267604,0.4010454878666483,26.950256784638768,0.09113689453447904,36.747793902906345
2020-10-22,0.5835350365103125,61.91306737374415,0.4010454878666483,27.050518156605428,0.18779162744320388,36.93558553034955
2020-10-23,0.5835350365103125,61.91306737374415,0.4010454878666483,27.07057043099876,0.02005227439333268,36.95563780474288
2020-10-26,0.5835350365103125,61.91306737374415,0.4010454878666483,27.15077952857209,0.08020909757333072,37.03584690231621
2020-10-27,0.5835350365103125,61.562946351837965,0.4010454878666483,26.950256784638768,-0.5506437658395065,36.4852031364767
2020-10-28,0.5835350365103125,61.27117883358281,0.4010454878666483,26.529159022378785,-0.712865280515139,35.77233785596156
2020-10-29,0.5835350365103125,60.600113541595945,0.4010454878666483,26.027852162545475,-1.1723721518201735,34.59996570414138
2020-10-30,0.5835350365103125,60.104108760562184,0.4010454878666483,25.466388479532167,-1.0574684640470693,33.54249724009431
2020-11-02,0.5835350365103125,60.33752277516631,0.4010454878666483,25.66691122346549,0.4339367585374525,33.97643399863176
2020-11-03,0.5835350365103125,61.03776481897868,0.4010454878666483,26.428897650412125,1.4622284707590012,35.43866246939076
2020-11-04,0.5835350365103125,61.94224412556967,0.4010454878666483,27.351302272505414,1.826883928684282,37.265546398075045
2020-11-05,0.5835350365103125,61.88389062191864,0.4010454878666483,27.311197723718745,-0.098458052437703,37.16708834563734
2020-11-06,0.5835350365103125,62.26318839565034,0.4010454878666483,27.49166819325874,0.5597682432716944,37.72685658890903
2020-11-09,0.5835350365103125,63.08013744676477,0.4010454878666483,28.313811443385365,1.6390923012410603,39.365948890150094
2020-11-10,0.5835350365103125,62.49660241025446,0.4010454878666483,28.053131876272047,-0.8442146036236302,38.52173428652647
2020-11-11,0.5835350365103125,63.45943522049648,0.4010454878666483,28.875275126398677,1.784976060368649,40.306710346895116
2020-11-12,0.5835350365103125,63.488611972322,0.4010454878666483,28.63464783367869,-0.21145054089446802,40.09525980600065
2020-11-13,0.5835350365103125,63.75120273875164,0.4010454878666483,28.875275126398677,0.5032180591496243,40.59847786515027
2020-11-16,0.5835350365103125,65.82275211836324,0.4010454878666483,30.599770724225262,3.7960449774381892,44.39452284258846
2020-11-17,0.5835350365103125,66.2895801475715,0.4010454878666483,30.51956162665193,0.3866189316349278,44.781141774223386
2020-11-18,0.5835350365103125,66.72723142495423,0.4010454878666483,31.121129858451905,1.0392195091827006,45.820361283406086
2020-11-19,0.5835350365103125,66.61052441765217,0.4010454878666483,31.101077584058572,-0.13675928169538665,45.683602001710696
2020-11-20,0.5835350365103125,66.52299416217562,0.4010454878666483,31.081025309665243,-0.10758252986988026,45.576019471840816
2020-11-23,0.5835350365103125,67.36911996511557,0.4010454878666483,31.822959462218538,1.5880599554932466,47.16407942733406
2020-11-24,0.5835350365103125,67.0481756950349,0.4010454878666483,31.48207079753189,-0.6618329347673217,46.50224649256674
2020-11-25,0.5835350365103125,66.4938174103501,0.4010454878666483,30.940659388911918,-1.0957696933047671,45.406476799261974
2020-11-26,0.5835350365103125,67.01899894320938,0.4010454878666483,31.682593541465216,1.267115685412577,46.67359248467455
2020-11-27,0.5835350365103125,66.90229193590733,0.4010454878666483,31.782854913431876,-0.016445635335394115,46.657146849339156
2020-11-30,0.5835350365103125,66.1145196366184,0.4010454878666483,31.000816212091912,-1.5698110006288957,45.08733584871026
2020-12-01,0.5835350365103125,66.69805467312871,0.4010454878666483,31.762802639038547,1.3455214634569472,46.43285731216721
2020-12-02,0.5835350365103125,67.33994321329006,0.4010454878666483,32.18390040129852,1.0629863024213222,47.49584361458853
2020-12-03,0.5835350365103125,67.33994321329006,0.4010454878666483,32.22400495008519,0.04010454878666536,47.535948163375195
2020-12-04,0.5835350365103125,68.44865978265965,0.4010454878666483,33.08625274899848,1.9709643682828855,49.50691253165808
2020-12-07,0.5835350365103125,69.090548322821,0.4010454878666483,33.38703686489847,0.9426726560613332,50.449585187719414
2020-12-08,0.5835350365103125,70.05338113306301,0.4010454878666483,34.10891874305844,1.6847146884019892,52.1342998761214
2020-12-09,0.5835350365103125,70.05338113306301,0.4010454878666483,34.32949376138509,0.22057501832664883,52.35487489444805
2020-12-10,0.5835350365103125,69.20725533012306,0.4010454878666483,33.54745506004513,-1.6281645042799084,50.726710390168144
2020-12-11,0.5835350365103125,69.29478558559961,0.4010454878666483,33.54745506004513,0.08753025547655113,50.814240645644695
2020-12-14,0.5835350365103125,69.00301806734444,0.4010454878666483,33.48729823686513,-0.35192434143517204,50.46231630420952
2020-12-15,0.5835350365103125,68.30277602353208,0.4010454878666483,32.584945889165176,-1.6025943915123193,48.8597219126972
2020-12-16,0.5835350365103125,69.58655310385475,0.4010454878666483,33.76803007837179,2.4668612695292893,51.32658318222649
2020-12-17,0.5835350365103125,69.20725533012306,0.4010454878666483,33.687820980798456,-0.4595068713050239,50.86707631092147
2020-12-18,0.5835350365103125,68.97384131551894,0.4010454878666483,33.527402785651795,-0.3938322097507836,50.473244101170685
2020-12-21,0.5835350365103125,69.64490660750579,0.4010454878666483,34.249284663811764,1.3929471701468188,51.866191271317504
2020-12-22,0.5835350365103125,68.85713430821687,0.4010454878666483,33.26672321853847,-1.7703337445622083,50.095857526755296
2020-12-23,0.5835350365103125,68.94466456369342,0.4010454878666483,33.607611883225125,0.42841892016320315,50.5242764469185
2020-12-24,0.5835350365103125,69.32396233742512,0.4010454878666483,33.98860509669844,0.7602909872050105,51.28456743412351
2020-12-25,0.5835350365103125,69.41149259290167,0.4010454878666483,34.2091801150251,0.30810527380320707,51.59267270792672
2020-12-28,0.5835350365103125,70.0242043812375,0.4010454878666483,34.9511142675784,1.354645940889128,52.947318648815845
2020-12-29,0.5835350365103125,69.96585087758646,0.4010454878666483,34.91100971879173,-0.09845805243769945,52.848860596378145
2020-12-30,0.5835350365103125,70.957860439654,0.4010454878666483,35.87351888967169,1.9545187329474984,54.803379329325644
2020-12-31,0.5835350365103125,71.33715821338569,0.4010454878666483,36.09409390799834,0.599872792058342,55.403252121383986
2021-01-04,0.5835350365103125,72.56258179005735,0.4010454878666483,37.237073548418294,2.368403217091611,57.7716553384756
2021-01-05,0.5835350365103125,72.70846554918494,0.4010454878666483,37.47770084113829,0.3865110518475774,58.158166390323174
2021-01-06,0.5835350365103125,73.49623784847385,0.4010454878666483,37.437596292351614,0.7476677505022451,58.90583414082542
2021-01-07,0.5835350365103125,75.21766620617927,0.4010454878666483,39.08188279260488,3.365714857958686,62.271548998784105
2021-01-08,0.5835350365103125,76.55979679015299,0.4010454878666483,40.244914707418154,2.505162498786987,64.77671149757109
2021-01-11,0.5835350365103125,77.20168533031435,0.4010454878666483,40.6459601952848,1.0429340280280073,65.8196455255991
2021-01-12,0.5835350365103125,77.08497832301228,0.4010454878666483,40.405332902564815,-0.35733430002205324,65.46231122557705
2021-01-13,0.5835350365103125,78.95229043984529,0.4010454878666483,42.08972395160474,3.5517031658729294,69.01401439144999
2021-01-14,0.5835350365103125,78.22287164420739,0.4010454878666483,41.70873073813142,-1.110412009111215,67.90360238233878
2021-01-15,0.5835350365103125,78.48546241063703,0.4010454878666483,41.307685250264775,-0.13845472143700732,67.76514766090176
2021-01-18,0.5835350365103125,78.42710890698599,0.4010454878666483,41.06705795754479,-0.29898079637101915,67.46616686453075
2021-01-19,0.5835350365103125,80.4986582865976,0.4010454878666483,43.03218084809136,4.036672270158178,71.50283913468893
2021-01-20,0.5835350365103125,80.64454204572517,0.4010454878666483,42.290246695538066,-0.5960503934257204,70.9067887412632
2021-01-21,0.5835350365103125,83.44551022097468,0.4010454878666483,44.576205976377956,5.0869274560893984,75.9937161973526
2021-01-22,0.5835350365103125,80.20689076834245,0.4010454878666483,43.91448092139799,-3.9003445076122034,72.0933716897404
2021-01-25,0.5835350365103125,79.12735095079837,0.4010454878666483,43.312912689598015,-1.6811080493440471,70.41226364039635
2021-01-26,0.5835350365103125,77.522629600395,0.4010454878666483,41.64857391495142,-3.269060125049961,67.14320351534639
2021-01-27,0.5835350365103125,77.63933660769708,0.4010454878666483,41.90925348206475,0.3773865744153966,67.52059008976178
2021-01-28,0.5835350365103125,76.06379200911923,0.4010454878666483,40.36522835377815,-3.119569726864448,64.40102036289733
2021-01-29,0.5835350365103125,74.80919168062205,0.4010454878666483,38.94151687185155,-2.6783118104237786,61.72270855247355
2021-02-01,0.5835350365103125,76.29720602372336,0.4010454878666483,40.28501925620482,2.8315167274545843,64.55422527992813
2021-02-02,0.5835350365103125,78.45628565881151,0.4010454878666483,42.230089872358064,4.104150251241393,68.65837553116953
2021-02-03,0.5835350365103125,78.39793215516048,0.4010454878666483,42.47071716507806,0.18227378906895808,68.84064932023848
2021-02-04,0.5835350365103125,77.93110412595223,0.4010454878666483,41.86914893327808,-1.0683962610082176,67.77225305923027
2021-02-05,0.5835350365103125,78.66052292159013,0.4010454878666483,42.59103081143805,1.451300673797867,69.22355373302813
2021-02-17,0.5835350365103125,82.01584938152442,0.4010454878666483,45.87960381194457,6.643899460440807,75.86745319346893
2021-02-18,0.5835350365103125,81.89914237422235,0.4010454878666483,46.320753848597874,0.3244430293512366,76.19189622282016
2021-02-19,0.5835350365103125,81.02383981945688,0.4010454878666483,45.69913334240457,-1.4969230609587711,74.69497316186138
2021-02-22,0.5835350365103125,80.99466306763138,0.4010454878666483,45.95981290951789,0.23150281528781846,74.92647597714921
2021-02-23,0.5835350365103125,80.81960255667828,0.4010454878666483,46.26059702541788,0.1257236049468844,75.0521995820961
2021-02-24,0.5835350365103125,79.62335573183213,0.4010454878666483,44.67646734834462,-2.780376501919399,72.27182308017669
2021-02-25,0.5835350365103125,80.26524427199348,0.4010454878666483,45.81944698876457,1.7848681805812916,74.05669126075799
2021-02-26,0.5835350365103125,77.84357387047568,0.4010454878666483,42.9920762993047,-5.24904109097767,68.80765016978032
2021-03-02,0.5835350365103125,77.8727506223012,0.4010454878666483,43.01212857369803,0.04922902621884617,68.85687919599917
2021-03-03,0.5835350365103125,79.0106439434963,0.4010454878666483,44.63636279955795,2.76212754705503,71.6190067430542
2021-03-04,0.5835350365103125,77.46427609674399,0.4010454878666483,43.11238994566469,-3.0703407006455805,68.54866604240863
2021-03-05,0.5835350365103125,76.99744806753573,0.4010454878666483,42.61108308583138,-0.9681348890415649,67.58053115336706
2021-03-08,0.5835350365103125,76.9390945638847,0.4010454878666483,42.490769439471386,-0.17866715001103017,67.40186400335602
2021-03-09,0.5835350365103125,76.64732704562954,0.4010454878666483,42.45066489068472,-0.3318720670418216,67.06999193631421
2021-03-10,0.5835350365103125,76.96827131571021,0.4010454878666483,42.71134445779804,0.5816238371939946,67.65161577350821
2021-03-11,0.5835350365103125,78.60216941793908,0.4010454878666483,44.51604915319796,3.438602797628789,71.090218571137
2021-03-12,0.5835350365103125,78.92311368801975,0.4010454878666483,44.71657189713128,0.521467014013993,71.611685585151
2021-03-15,0.5835350365103125,78.71887642524115,0.4010454878666483,44.67646734834462,-0.24434181156526336,71.36734377358573
2021-03-16,0.5835350365103125,78.98146719167079,0.4010454878666483,45.117617384997935,0.7037408030829511,72.07108457666868
2021-03-17,0.5835350365103125,78.31040189968392,0.4010454878666483,44.45589233001796,-1.3327903469668385,70.73829422970184
2021-03-18,0.5835350365103125,78.71887642524115,0.4010454878666483,45.117617384997935,1.0701995805371993,71.80849381023904
2021-03-19,0.5835350365103125,77.4934528485695,0.4010454878666483,43.734010451858,-2.609030509811582,69.19946330042745
2021-03-22,0.5835350365103125,77.84357387047568,0.4010454878666483,44.45589233001796,1.0720029000661384,70.27146620049359
2021-03-23,0.5835350365103125,77.96028087777775,0.4010454878666483,44.3556309580513,0.016445635335408326,70.287911835829
2021-03-24,0.5835350365103125,76.73485730110609,0.4010454878666483,43.493383159138006,-2.0876713755849536,68.20024046024403
2021-03-25,0.5835350365103125,76.99744806753573,0.4010454878666483,43.81421954943133,0.5834271567229621,68.783667616967
2021-03-26,0.5835350365103125,78.39793215516048,0.4010454878666483,45.17777420817793,2.764038746371348,71.54770636333834
2021-03-29,0.5835350365103125,79.03982069532182,0.4010454878666483,45.91970836073123,1.383822692714645,72.93152905605298
2021-03-30,0.5835350365103125,79.30241146175146,0.4010454878666483,46.5212765925312,0.8641589982296125,73.79568805428259
2021-03-31,0.5835350365103125,78.63134616976461,0.4010454878666483,45.859551537551226,-1.3327903469668243,72.46289770731576
2021-04-01,0.6429149886079155,87.27570970352453,0.3211481552195671,37.25318600546978,0.03799800167846712,72.50089570899422
2021-04-06,0.6429149886079155,88.49724818187957,0.3211481552195671,38.21663047112848,2.184982944013747,74.68587865300796
2021-04-07,0.6429149886079155,88.59368543017077,0.3211481552195671,38.37720454873826,0.25701132590097586,74.94288997890894
2021-04-08,0.6429149886079155,88.88299717504432,0.3211481552195671,38.95527122813348,0.8673784242687788,75.81026840317772
2021-04-09,0.6429149886079155,88.69012267846193,0.3211481552195671,38.6501804806749,-0.49796524404097653,75.31230315913675
2021-04-12,0.6429149886079155,88.17579068757561,0.3211481552195671,38.521721218587075,-0.642791252974142,74.6695119061626
2021-04-13,0.6429149886079155,88.17579068757561,0.3211481552195671,38.4253767720212,-0.09634444656587249,74.57316745959673
2021-04-14,0.6429149886079155,88.65797692903155,0.3211481552195671,38.56989344187001,0.62670291130474,75.19987037090146
2021-04-15,0.6429149886079155,89.39732916593066,0.3211481552195671,39.51728049976773,1.6867392947968298,76.8866096656983
2021-04-16,0.6429149886079155,89.52591216365224,0.3211481552195671,39.870543470509254,0.4818459684631051,77.3684556341614
2021-04-19,0.6429149886079155,89.68664091080421,0.3211481552195671,40.33620829557762,0.6263935722203442,77.99484920638176
2021-04-20,0.6429149886079155,89.52591216365224,0.3211481552195671,40.51283978094839,0.015902738218791512,78.01075194460054
2021-04-21,0.6429149886079155,88.72226842789235,0.3211481552195671,39.9829453248361,-1.3335381918721794,76.67721375272836
2021-04-22,0.6429149886079155,88.65797692903155,0.3211481552195671,39.709969392899474,-0.33726743079742505,76.33994632193094
2021-04-23,0.6429149886079155,89.46162066479145,0.3211481552195671,40.49678237318741,1.5904567160478393,77.93040303797878
2021-04-26,0.6429149886079155,90.77959639143766,0.3211481552195671,41.797432401826654,2.618625755285457,80.54902879326423
2021-04-27,0.6429149886079155,90.81174214086806,0.3211481552195671,41.94194907167546,0.17666241927920368,80.72569121254344
2021-04-28,0.6429149886079155,90.26526440055135,0.3211481552195671,41.74926017854372,-0.7391666334484555,79.98652457909498
2021-04-29,0.6429149886079155,90.39384739827292,0.3211481552195671,41.89377684839252,0.27309966757037785,80.25962424666535
2021-05-03,0.6429149886079155,88.88299717504432,0.3211481552195671,40.30409348005567,-3.1005335915654513,77.1590906550999
2021-05-04,0.6429149886079155,88.11149918871483,0.3211481552195671,39.03555826693838,-2.040033199446782,75.11905745565312
2021-05-05,0.6429149886079155,87.27570970352453,0.3211481552195671,38.32903232545533,-1.5423154266733548,73.57674202897977
2021-05-06,0.6429149886079155,88.04720768985402,0.3211481552195671,39.08373049022131,1.5261961510954762,75.10293818007524
2021-05-07,0.6429149886079155,89.62234941194343,0.3211481552195671,40.609184227514255,3.1005954593823546,78.20353363945759
2021-05-10,0.6429149886079155,89.01158017276589,0.3211481552195671,40.239863849011755,-0.9800896176800435,77.22344402177754
2021-05-11,0.6429149886079155,85.66842223200474,0.3211481552195671,37.02838229681608,-6.554639492956817,70.66880452882071
2021-05-12,0.6429149886079155,83.19319952586427,0.3211481552195671,33.7526711135765,-5.7509338893800575,64.91787063944065
2021-05-13,0.6429149886079155,81.97166104750923,0.3211481552195671,32.94980072552758,-2.0244088664039595,62.89346177303669
2021-05-14,0.6429149886079155,82.9038877809907,0.3211481552195671,33.784785929098454,1.7672119370523447,64.66067371008904
2021-05-17,0.6429149886079155,81.32874605890132,0.3211481552195671,31.825782182259097,-3.5341454689287417,61.1265282411603
2021-05-18,0.6429149886079155,85.05765299282723,0.3211481552195671,35.37446929743532,7.2775940491021345,68.40412229026244
2021-05-19,0.6429149886079155,84.4790295030801,0.3211481552195671,35.149665588781616,-0.8034271984008328,67.60069509186161
2021-05-20,0.6429149886079155,83.90040601333297,0.3211481552195671,34.68400076371324,-1.0442883148155033,66.5564067770461
2021-05-21,0.6429149886079155,85.08979874225761,0.3211481552195671,35.87224893802564,2.377640903237044,68.93404768028316
2021-05-24,0.6429149886079155,84.96121574453603,0.3211481552195671,36.129167462201295,0.1283355264540731,69.06238320673722
2021-05-25,0.6429149886079155,86.40777446890385,0.3211481552195671,37.397702675318584,2.7150939374851077,71.77747714422233
2021-05-26,0.6429149886079155,86.47206596776464,0.3211481552195671,37.38164526755761,0.048234091099807586,71.82571123532213
2021-05-27,0.6429149886079155,85.86129672858712,0.3211481552195671,37.15684155890391,-0.83557294783121,70.99013828749092
2021-05-28,0.6429149886079155,87.30785545295494,0.3211481552195671,38.53777862634805,2.8274957918119554,73.81763407930288
2021-05-31,0.6429149886079155,88.14364493814521,0.3211481552195671,39.180074936787186,1.4780857956294113,75.29571987493229
2021-06-01,0.6429149886079155,88.52939393130995,0.3211481552195671,39.709969392899474,0.9156434492770273,76.21136332420932
2021-06-02,0.6429149886079155,88.52939393130995,0.3211481552195671,39.501223092006754,-0.20874630089272017,76.00261702331659
2021-06-03,0.6429149886079155,88.46510243244917,0.3211481552195671,40.11140458692393,0.5458899960563954,76.54850701937298
2021-06-04,0.6429149886079155,88.04720768985402,0.3211481552195671,39.64573976185556,-0.8835595676635251,75.66494745170945
2021-06-07,0.6429149886079155,88.27222793586681,0.3211481552195671,39.581510130811644,0.16079061496887448,75.82573806667833
2021-06-08,0.6429149886079155,87.75789594498046,0.3211481552195671,39.27641938335305,-0.8194227383449402,75.00631532833339
2021-06-09,0.6429149886079155,87.11498095637255,0.3211481552195671,38.81075455828468,-1.108579813676286,73.8977355146571
2021-06-10,0.6429149886079155,88.46510243244917,0.3211481552195671,39.870543470509254,2.409910388301199,76.3076459029583
2021-06-11,0.6429149886079155,88.78655992675313,0.3211481552195671,40.07928977140197,0.5302037951966696,76.83784969815497
2021-06-15,0.6429149886079155,89.26874616820906,0.3211481552195671,40.83398793616796,1.2368844062219253,78.07473410437689
2021-06-16,0.6429149886079155,89.17230891991788,0.3211481552195671,40.67341385855817,-0.25701132590096876,77.81772277847591
2021-06-17,0.6429149886079155,88.91514292447472,0.3211481552195671,40.85004534392893,-0.08053451007239687,77.73718826840351
2021-06-18,0.6429149886079155,88.72226842789235,0.3211481552195671,40.70552867408013,-0.33739116643118194,77.39979710197233
2021-06-21,0.6429149886079155,86.60064896548622,0.3211481552195671,39.19613234454816,-3.631015791938097,73.76878131003423
2021-06-22,0.6429149886079155,86.69708621377741,0.3211481552195671,39.42093605320186,0.32124095694489085,74.09002226697912
2021-06-23,0.6429149886079155,88.11149918871483,0.3211481552195671,40.76975830512404,2.7632352268596065,76.85325749383873
2021-06-24,0.6429149886079155,87.88647894270204,0.3211481552195671,41.026676829299696,0.03189827816286339,76.88515577200158
2021-06-25,0.6429149886079155,88.04720768985402,0.3211481552195671,41.315710168997306,0.4497620868495886,77.33491785885117
2021-06-28,0.6429149886079155,88.207936437006,0.3211481552195671,41.845604625109594,0.6906232032642663,78.02554106211544
2021-06-29,0.6429149886079155,88.46510243244917,0.3211481552195671,41.78137499406567,0.19293636439925166,78.21847742651468
2021-06-30,0.6429149886079155,89.33303766706986,0.3211481552195671,42.7287620519634,1.8153222925184167,80.0337997190331
2021-07-01,0.6582090645787284,91.03031363123814,0.29599285845525114,38.967459815633816,-2.0640262721613,77.9697734468718
2021-07-02,0.6582090645787284,91.03031363123814,0.29599285845525114,39.07105731609315,0.1035975004593368,78.07337094733114
2021-07-05,0.6582090645787284,91.88598541519048,0.29599285845525114,40.22542946406863,2.010043931927811,80.08341487925895
2021-07-06,0.6582090645787284,91.9847167748773,0.29599285845525114,40.15143124945482,0.02473314507300728,80.10814802433197
2021-07-07,0.6582090645787284,91.49105997644325,0.29599285845525114,39.618644104235365,-1.0264439436534971,79.08170408067846
2021-07-08,0.6582090645787284,91.39232861675643,0.29599285845525114,39.81103946223128,0.09366399830908989,79.17536807898756
2021-07-09,0.6582090645787284,90.66829864571984,0.29599285845525114,38.92306088686553,-1.6120085464023362,77.56335953258522
2021-07-12,0.6582090645787284,91.49105997644325,0.29599285845525114,39.87023803392233,1.769938477780208,79.33329801036544
2021-07-13,0.6582090645787284,92.24800040070879,0.29599285845525114,39.914636962690615,0.8013393530338249,80.13463736339926
2021-07-14,0.6582090645787284,92.47837357331134,0.29599285845525114,39.914636962690615,0.23037317260255463,80.36501053600182
2021-07-15,0.6582090645787284,93.33404535726369,0.29599285845525114,40.802615538056365,1.7436503593180959,82.10866089531991
2021-07-16,0.6582090645787284,92.08344813456411,0.29599285845525114,40.136631606532056,-1.9165811542238913,80.19207974109602
2021-07-19,0.6582090645787284,91.03031363123814,0.29599285845525114,39.54464588962155,-1.6451202202364712,78.54695952085956
2021-07-20,0.6582090645787284,90.30628366020153,0.29599285845525114,38.36067445580055,-1.9080014048576146,76.63895811600194
2021-07-21,0.6582090645787284,89.97717912791217,0.29599285845525114,38.10908052611359,-0.5806984619763256,76.05825965402562
2021-07-22,0.6582090645787284,90.60247773926197,0.29599285845525114,38.804663743483424,1.3208818287196422,77.37914148274527
2021-07-23,0.6582090645787284,90.60247773926197,0.29599285845525114,38.834263029328945,0.02959928584552074,77.40874076859079
2021-07-26,0.6582090645787284,89.81262686176748,0.29599285845525114,38.03508231149977,-1.589031595323661,75.81970917326713
2021-07-27,0.6582090645787284,89.77971640853856,0.29599285845525114,37.857486596426625,-0.21050616830206792,75.60920300496505
2021-07-28,0.6582090645787284,88.36456691969428,0.29599285845525114,36.777112663064955,-2.495523422205949,73.1136795827591
2021-07-29,0.6582090645787284,89.84553731499643,0.29599285845525114,38.419873027491604,3.123730759728801,76.2374103424879
2021-07-30,0.6582090645787284,89.549343235936,0.29599285845525114,37.67989088135347,-1.0361762251985596,75.20123411728935
2021-08-02,0.6582090645787284,90.76703000540665,0.29599285845525114,38.967459815633816,2.50525570375099,77.70648982104034
2021-08-03,0.6582090645787284,91.12904499092494,0.29599285845525114,39.15985517362973,0.5544103435141992,78.26090016455453
2021-08-04,0.6582090645787284,91.65561224258794,0.29599285845525114,39.58904481838984,0.9557568964231038,79.21665706097764
2021-08-05,0.6582090645787284,91.49105997644325,0.29599285845525114,39.3670501745484,-0.38654690998611585,78.83011015099152
2021-08-06,0.6582090645787284,91.35941816352751,0.29599285845525114,39.041458030247625,-0.4572339572165234,78.372876193775
2021-08-09,0.6582090645787284,91.09613453769602,0.29599285845525114,38.760264814715136,-0.5444768413639807,77.82839935241103
2021-08-10,0.6582090645787284,90.60247773926197,0.29599285845525114,38.242277312418445,-1.0116443007307367,76.81675505168029
2021-08-11,0.6582090645787284,90.30628366020153,0.29599285845525114,37.81308766765833,-0.7253837238205563,76.09137132785973
2021-08-12,0.6582090645787284,90.14173139405685,0.29599285845525114,37.73908945304452,-0.23855048075849083,75.85282084710124
2021-08-13,0.6582090645787284,89.28605961010452,0.29599285845525114,36.851110877678764,-1.7436503593180888,74.10917048778316
2021-08-16,0.6582090645787284,89.08859689073088,0.29599285845525114,36.34792301830484,-0.7006505787475561,73.4085199090356
2021-08-17,0.6582090645787284,88.43038782615216,0.29599285845525114,35.51914301463014,-1.486989068253429,71.92153084078217
2021-08-18,0.6582090645787284,88.79240281167047,0.29599285845525114,36.33312337538208,1.1759953462702555,73.09752618705242
2021-08-19,0.6582090645787284,86.75195471147642,0.29599285845525114,34.33517158080913,-4.038399894767004,69.05912629228541
2021-08-20,0.6582090645787284,86.06083519366874,0.29599285845525114,34.187175151581506,-0.8391159470353031,68.2200103452501
2021-08-23,0.6582090645787284,88.43038782615216,0.29599285845525114,36.1259283744634,4.308305855365312,72.52831620061542
2021-08-24,0.6582090645787284,88.69367145198365,0.29599285845525114,36.481119804609705,0.6184750559777967,73.14679125659322
2021-08-25,0.6582090645787284,89.549343235936,0.29599285845525114,37.25070123659336,1.625253215936013,74.77204447252923
2021-08-26,0.6582090645787284,90.1746418472858,0.29599285845525114,37.39869766582098,0.7732950405774162,75.54533951310665
2021-08-27,0.6582090645787284,90.93158227155133,0.29599285845525114,38.3014758841095,1.6597186425540542,77.20505815566071
2021-08-30,0.6582090645787284,91.82016450873262,0.29599285845525114,39.011858744402105,1.5989650974738865,78.8040232531346
2021-08-31,0.6582090645787284,92.37964221362454,0.29599285845525114,39.396649460393924,0.9442684208837377,79.74829167401833
2021-09-01,0.6582090645787284,92.80747810560071,0.29599285845525114,39.57424517546708,0.6054316070493257,80.35372328106766
2021-09-02,0.6582090645787284,92.08344813456411,0.29599285845525114,38.78986410056066,-1.5084110459430136,78.84531223512465
2021-09-03,0.6582090645787284,93.39986626372156,0.29599285845525114,39.92943660561338,2.455990634210174,81.30130286933482
2021-09-06,0.6582090645787284,93.82770215569774,0.29599285845525114,39.70744196177194,0.2058412481347318,81.50714411746955
2021-09-07,0.6582090645787284,93.39986626372156,0.29599285845525114,39.44104838916221,-0.6942294645859022,80.81291465288365
2021-09-08,0.6582090645787284,92.57710493299815,0.29599285845525114,38.59746874256475,-1.6663409773208713,79.14657367556278
2021-09-09,0.6582090645787284,92.3467317603956,0.29599285845525114,38.671466957178566,-0.15637495798873857,78.99019871757403
2021-09-10,0.6582090645787284,93.43277671695049,0.29599285845525114,39.67784267592642,2.0924206753027406,81.08261939287678
2021-09-13,0.6582090645787284,93.10367218466112,0.29599285845525114,39.42624874623945,-0.5806984619763327,80.50192093090044
2021-09-14,0.6582090645787284,93.20240354434794,0.29599285845525114,39.603844461312605,0.2763270747599762,80.77824800566042
2021-09-15,0.6582090645787284,92.64292583945603,0.29599285845525114,39.20425410239801,-0.9590680638065123,79.8191799418539
2021-09-16,0.6582090645787284,92.21508994747984,0.29599285845525114,38.775064457637896,-0.8570255367363018,78.9621544051176
2021-09-17,0.6582090645787284,92.47837357331134,0.29599285845525114,39.17465481655249,0.6628739847460992,79.6250283898637
2021-09-22,0.6582090645787284,90.30628366020153,0.29599285845525114,37.20630230782507,-4.1404424218372355,75.48458596802647
2021-09-23,0.6582090645787284,90.83285091186453,0.29599285845525114,37.97588373980872,1.2961486836466491,76.78073465167311
2021-09-24,0.6582090645787284,91.91889586841943,0.29599285845525114,38.671466957178566,1.7816281739247444,78.56236282559786
2021-09-27,0.6582090645787284,92.14926904102198,0.29599285845525114,38.86386231517448,0.42276853059846786,78.98513135619632
2021-09-28,0.6582090645787284,91.49105997644325,0.29599285845525114,38.34587481287779,-1.1761965668754186,77.8089347893209
2021-09-29,0.6582090645787284,89.51643278270706,0.29599285845525114,36.717914091373906,-3.602587915240079,74.20634687408082
2021-09-30,0.6582090645787284,90.20755230051473,0.29599285845525114,37.23590159367059,1.209107020104362,75.41545389418519
2021-10-01,0.6582090645787284,88.16710420032067,0.29599285845525114,35.400745871248034,-3.8756038226166254,71.53985007156857
2021-10-04,0.6582090645787284,87.6405369486577,0.29599285845525114,34.97155622648793,-0.9557568964230754,70.58409317514548
2021-10-05,0.6582090645787284,87.50889513574194,0.29599285845525114,34.98635586941069,-0.11684216999299935,70.46725100515249
2021-10-06,0.6582090645787284,87.54180558897087,0.29599285845525114,34.88275836895134,-0.07068704723040753,70.39656395792208
2021-10-07,0.6582090645787284,89.08859689073088,0.29599285845525114,36.39232194707313,3.0563548798817948,73.45291883780388
2021-10-08,0.6582090645787284,88.33165646646535,0.29599285845525114,35.963132302313014,-1.1861300690256513,72.26678876877823
2021-10-12,0.6582090645787284,87.44307422928406,0.29599285845525114,35.089953369870024,-1.7617611696242719,70.50502759915395
2021-10-13,0.6582090645787284,87.14688015022365,0.29599285845525114,34.764361225569246,-0.621786223361191,69.88324137579275
2021-10-14,0.6582090645787284,87.37725332282619,0.29599285845525114,35.03075479817897,0.4967667452122626,70.380008121005
2021-10-15,0.6582090645787284,89.68098504885175,0.29599285845525114,36.67351516260562,3.9464920904522103,74.32650021145722
2021-10-18,0.6582090645787284,89.41770142302025,0.29599285845525114,36.39232194707313,-0.5444768413639949,73.78202337009321
2021-10-19,0.6582090645787284,90.14173139405685,0.29599285845525114,37.19150266490231,1.523210688865781,75.305234058959
2021-10-20,0.6582090645787284,89.9113582214543,0.29599285845525114,37.14710373613402,-0.27477210137084285,75.03046195758816
2021-10-21,0.6582090645787284,89.58225368916493,0.29599285845525114,36.93990873521534,-0.5362995332080445,74.49416242438011
2021-10-22,0.6582090645787284,89.84553731499643,0.29599285845525114,37.087905164442965,0.41128005505913023,74.90544247943924
2021-10-25,0.6582090645787284,89.77971640853856,0.29599285845525114,37.087905164442965,-0.06582090645787275,74.83962157298137
2021-10-26,0.6582090645787284,90.5366568328041,0.29599285845525114,37.75388909596728,1.4229243557898528,76.26254592877123
2021-10-27,0.6582090645787284,90.5366568328041,0.29599285845525114,37.90188552519491,0.14799642922763212,76.41054235799886
2021-10-28,0.6582090645787284,90.27337320697261,0.29599285845525114,37.709490167199,-0.45567898382740424,75.95486337417145
2021-10-29,0.6582090645787284,89.38479096979133,0.29599285845525114,37.28030052243888,-1.317771881941404,74.63709149223004
2021-11-01,0.6582090645787284,89.84553731499643,0.29599285845525114,37.857486596426625,1.037932419192856,75.6750239114229
2021-11-02,0.6582090645787284,89.68098504885175,0.29599285845525114,37.576293380894136,-0.44574548167717154,75.22927842974573
2021-11-03,0.6582090645787284,89.9113582214543,0.29599285845525114,37.90188552519491,0.5559653169033183,75.78524374664906
2021-11-04,0.6582090645787284,89.61516414239388,0.29599285845525114,37.887085882272146,-0.31099372198318065,75.47425002466588
2021-11-05,0.6582090645787284,90.89867181832238,0.29599285845525114,38.70106624302409,2.0974880366804456,77.57173806134632
2021-11-08,0.6582090645787284,91.62270178935898,0.29599285845525114,39.27825231701182,1.3012160450243329,78.87295410637066
2021-11-09,0.6582090645787284,92.61001538622708,0.29599285845525114,40.01823446314995,1.7272957430062235,80.60024984937688
2021-11-10,0.6582090645787284,92.47837357331134,0.29599285845525114,39.9590358914589,-0.19084038460677988,80.4094094647701
2021-11-11,0.6582090645787284,91.65561224258794,0.29599285845525114,39.47064767500774,-1.3111495471745727,79.09825991759553
2021-11-12,0.6582090645787284,91.95180632164835,0.29599285845525114,39.78144017638576,0.6069865804384307,79.70524649803396
2021-11-15,0.6582090645787284,92.77456765237176,0.29599285845525114,40.44742410791007,1.4887452622477184,81.19399176028168
2021-11-16,0.6582090645787284,92.93911991851644,0.29599285845525114,40.477023393755594,0.19415155199020973,81.3881433122719
2021-11-17,0.6582090645787284,93.23531399757688,0.29599285845525114,40.802615538056365,0.6217862233612124,82.0099295356331
2021-11-18,0.6582090645787284,93.76188124923985,0.29599285845525114,41.39460125496687,1.118552968573475,83.12848250420657
2021-11-19,0.6582090645787284,93.99225442184242,0.29599285845525114,41.320603040353056,0.15637495798875278,83.28485746219533
2021-11-22,0.6582090645787284,93.76188124923985,0.29599285845525114,41.3058033974303,-0.2451728155253221,83.03968464667001
2021-11-23,0.6582090645787284,92.87329901205858,0.29599285845525114,40.44742410791007,-1.7469615267015044,81.29272311996851
2021-11-24,0.6582090645787284,92.47837357331134,0.29599285845525114,40.35862625037349,-0.48372329628381294,80.8089998236847
2021-11-25,0.6582090645787284,92.4454631200824,0.29599285845525114,40.35862625037349,-0.03291045322895059,80.77608937045575
2021-11-26,0.6582090645787284,90.93158227155133,0.29599285845525114,38.87866195809723,-2.9938451408073163,77.78224422964843
2021-11-29,0.6582090645787284,90.93158227155133,0.29599285845525114,38.804663743483424,-0.07399821461380895,77.70824601503462
2021-11-30,0.6582090645787284,90.83285091186453,0.29599285845525114,38.98225945855657,0.07886435538633663,77.78711037042095
2021-12-01,0.6582090645787284,92.3467317603956,0.29599285845525114,40.07743303484101,2.609054424815511,80.39616479523646
2021-12-02,0.6582090645787284,93.33404535726369,0.29599285845525114,40.62501982298322,1.5349003850103031,81.93106518024676
2021-12-03,0.6582090645787284,93.30113490403475,0.29599285845525114,40.728617323442556,0.07068704723040042,82.00175222747717
2021-12-06,0.6582090645787284,93.03785127820326,0.29599285845525114,40.5510216083694,-0.44087934090464387,81.56087288657253
2021-12-07,0.6582090645787284,93.33404535726369,0.29599285845525114,40.89141339559295,0.6365858662839727,82.1974587528565
2021-12-08,0.6582090645787284,93.69606034278199,0.29599285845525114,41.37980161204411,0.8504032019694634,83.04786195482598
2021-12-09,0.6582090645787284,93.46568717017944,0.29599285845525114,41.39460125496687,-0.21557352967979426,82.83228842514617
2021-12-10,0.6582090645787284,93.43277671695049,0.29599285845525114,41.21700553989372,-0.21050616830210345,82.62178225684407
2021-12-13,0.6582090645787284,93.13658263789007,0.29599285845525114,40.995010896052285,-0.5181887229018471,82.10359353394222
2021-12-14,0.6582090645787284,92.21508994747984,0.29599285845525114,40.04783374899548,-1.8686698374670385,80.23492369647518
2021-12-15,0.6582090645787284,92.3467317603956,0.29599285845525114,40.195830178223105,0.27963824214338473,80.51456193861856
2021-12-16,0.6582090645787284,93.49859762340837,0.29599285845525114,41.1874062540482,2.143441938837867,82.65800387745642
2021-12-17,0.6582090645787284,93.39986626372156,0.29599285845525114,41.08380875358886,-0.20232886014614593,82.45567501731028
2021-12-20,0.6582090645787284,92.57710493299815,0.29599285845525114,40.37342589329626,-1.5331441910160137,80.92253082629426
2021-12-21,0.6582090645787284,93.36695581049263,0.29599285845525114,41.27620411158477,1.6926290957829835,82.61515992207725
2021-12-22,0.6582090645787284,93.36695581049263,0.29599285845525114,41.350202326198584,0.07399821461381606,82.68915813669108
2021-12-23,0.6582090645787284,93.89352306215561,0.29599285845525114,41.80899125680423,0.9853561822686245,83.6745143189597
2021-12-24,0.6582090645787284,94.1568066879871,0.29599285845525114,41.942188043109084,0.39648041213634855,84.07099473109605
2021-12-27,0.6582090645787284,94.8808366590237,0.29599285845525114,42.50457447417406,1.2864164021015796,85.35741113319763
2021-12-28,0.6582090645787284,95.63777708328925,0.29599285845525114,43.11135983400733,1.3637257840988184,86.72113691729645
2021-12-29,0.6582090645787284,96.06561297526541,0.29599285845525114,43.4369519783081,0.7534280362769294,87.47456495357338
2021-12-30,0.6582090645787284,95.76941889620498,0.29599285845525114,43.21495733446667,-0.5181887229018614,86.95637623067151
2022-01-03,0.6582090645787284,96.36180705432584,0.29599285845525114,43.37775340661706,0.7551842302712473,87.71156046094276
2022-01-04,0.6582090645787284,98.46807606097776,0.29599285845525114,44.75412019843397,3.4826357984688343,91.1941962594116
2022-01-05,0.6582090645787284,98.27061334160416,0.29599285845525114,44.51732591166977,-0.4342570061377984,90.7599392532738
2022-01-06,0.6582090645787284,97.34912065119394,0.29599285845525114,43.880941265990984,-1.5578773360890068,89.20206191718479
2022-01-07,0.6582090645787284,96.49344886724158,0.29599285845525114,42.99296269062523,-1.7436503593181172,87.45841155786667
2022-01-10,0.6582090645787284,97.11874747859139,0.29599285845525114,43.4369519783081,1.0692878990326804,88.52769945689934
2022-01-11,0.6582090645787284,97.61240427702543,0.29599285845525114,43.49615054999915,0.5528553701250942,89.08055482702443
2022-01-12,0.6582090645787284,98.43516560774884,0.29599285845525114,44.0733366239869,1.3999474047111562,90.48050223173558
2022-01-13,0.6582090645787284,98.92882240618289,0.29599285845525114,44.44332769705596,0.8636478715031117,91.34415010323869
2022-01-14,0.6582090645787284,98.92882240618289,0.29599285845525114,44.206533410291755,-0.23679428676420855,91.10735581647448
2022-01-17,0.6582090645787284,100.04777781596673,0.29599285845525114,44.97611484227541,1.8885368417674897,92.99589265824197
2022-01-18,0.6582090645787284,98.92882240618289,0.29599285845525114,44.28053162490557,-1.8145386271536736,91.18135403108829
2022-01-19,0.6582090645787284,97.74404608994116,0.29599285845525114,43.318554834926005,-2.14675310622129,89.034600924867
2022-01-20,0.6582090645787284,98.1389715286884,0.29599285845525114,43.65894662214954,0.7353172259707748,89.76991815083777
2022-01-21,0.6582090645787284,93.89352306215561,0.29599285845525114,41.86818982849527,-6.036205260187067,83.73371289065071
2022-01-24,0.6582090645787284,94.78210529933689,0.29599285845525114,42.35657804494644,1.3769704536324525,85.11068334428316
2022-01-25,0.6582090645787284,93.23531399757688,0.29599285845525114,40.89141339559295,-3.0119559511134995,82.09872739316967
2022-01-26,0.6582090645787284,93.16949309111901,0.29599285845525114,40.802615538056365,-0.1546187639944563,81.94410862917522
2022-02-07,0.6582090645787284,93.66314988955305,0.29599285845525114,41.882989471418036,1.574030731795716,83.51813936097093
2022-02-08,0.6582090645787284,94.05807532830029,0.29599285845525114,42.29737947325539,0.8093154405845908,84.32745480155552
2022-02-09,0.6582090645787284,94.38717986058965,0.29599285845525114,43.09656019108456,1.1282852501185374,85.45574005167406
2022-02-10,0.6582090645787284,95.47322481714457,0.29599285845525114,43.836542337222696,1.8260271026930468,87.2817671543671
2022-02-11,0.6582090645787284,95.40740391068668,0.29599285845525114,43.67374626507231,-0.22861697860827235,87.05315017575883
2022-02-14,0.6582090645787284,93.92643351538453,0.29599285845525114,42.35657804494644,-2.798138615428023,84.25501156033081
2022-02-15,0.6582090645787284,93.49859762340837,0.29599285845525114,42.04578554356843,-0.7386283933541691,83.51638316697665
2022-02-16,0.6582090645787284,95.04538892516838,0.29599285845525114,43.51095019292192,3.0119559511134995,86.52833911809014
2022-02-17,0.6582090645787284,95.11120983162625,0.29599285845525114,43.614547693381255,0.16941840691720955,86.69775752500735
2022-02-18,0.6582090645787284,94.84792620579476,0.29599285845525114,43.599748050458494,-0.2780832687542514,86.4196742562531
2022-02-21,0.6582090645787284,94.65046348642116,0.29599285845525114,43.49615054999915,-0.30106021983294795,86.11861403642015
2022-02-22,0.6582090645787284,93.36695581049263,0.29599285845525114,41.98658697187737,-2.793071254050311,83.32554278236984
2022-02-23,0.6582090645787284,93.63023943632412,0.29599285845525114,42.54897340294235,0.8256700568964703,84.15121283926631
2022-02-24,0.6582090645787284,91.35941816352751,0.29599285845525114,40.26982839283692,-4.549966282902041,79.60124655636426
2022-02-25,0.6582090645787284,91.16195544415389,0.29599285845525114,40.38822553621902,-0.07906557599152109,79.52218098037274
2022-03-01,0.6582090645787284,92.4454631200824,0.29599285845525114,41.83859054264975,2.733872682359234,82.25605366273197
2022-03-02,0.6582090645787284,91.91889586841943,0.29599285845525114,41.57219697004002,-0.7929608242726971,81.46309283845927
2022-03-03,0.6582090645787284,92.11635858779303,0.29599285845525114,41.72019339926764,0.34545914860122906,81.8085519870605
2022-03-04,0.6582090645787284,91.12904499092494,0.29599285845525114,40.83221482390189,-1.8752921722338414,79.93325981482666
2022-03-07,0.6582090645787284,88.2000146535496,0.29599285845525114,38.07948124026806,-5.681763921009171,74.25149589381749
2022-03-08,0.6582090645787284,86.32411881950023,0.29599285845525114,36.40712158999589,-3.548255484321544,70.70324040949595
2022-03-09,0.6582090645787284,87.21270105668151,0.29599285845525114,37.39869766582098,1.8801583130063761,72.58339872250232
2022-03-10,0.6582090645787284,89.74680595530961,0.29599285845525114,39.396649460393924,4.532056693201042,77.11545541570337
2022-03-11,0.6582090645787284,88.4632982793811,0.29599285845525114,38.419873027491604,-2.260284108830824,74.85517130687253
2022-03-14,0.6582090645787284,88.4632982793811,0.29599285845525114,38.523470527950934,0.1035975004593297,74.95876880733186
2022-03-15,0.6582090645787284,86.65322335178959,0.29599285845525114,36.9547083781381,-3.3788370774043486,71.57993172992752
2022-03-16,0.6582090645787284,87.01523833730789,0.29599285845525114,37.26550087951612,0.6728074868963176,72.25273921682384
2022-03-17,0.6582090645787284,89.77971640853856,0.29599285845525114,39.618644104235365,5.117621295949917,77.37036051277376
2022-03-18,0.6582090645787284,89.58225368916493,0.29599285845525114,39.322651245780115,-0.4934555778288825,76.87690493494487
2022-03-21,0.6582090645787284,90.1746418472858,0.29599285845525114,39.825839105154046,1.0955760174947997,77.97248095243967
2022-03-22,0.6582090645787284,90.04300003437005,0.29599285845525114,39.97383553438167,0.01635461631187951,77.98883556875154
2022-03-23,0.6582090645787284,90.89867181832238,0.29599285845525114,40.75821660928808,1.6400528588587377,79.62888842761028
2022-03-24,0.6582090645787284,90.83285091186453,0.29599285845525114,40.66941875175151,-0.15461876399442787,79.47426966361584
2022-03-25,0.6582090645787284,90.96449272478026,0.29599285845525114,40.49182303667836,-0.04595390215741446,79.42831576145844
2022-03-28,0.6582090645787284,89.97717912791217,0.29599285845525114,39.75184089054023,-1.7272957430062235,77.70102001845221
2022-03-29,0.6582090645787284,90.07591048759897,0.29599285845525114,39.97383553438167,0.3207260035282502,78.02174602198046
2022-03-30,0.6582090645787284,91.19486589738283,0.29599285845525114,40.83221482390189,1.9773346993040732,79.99908072128454
2022-03-31,0.6582090645787284,90.89867181832238,0.29599285845525114,40.53622196544664,-0.5921869375156916,79.40689378376885
2022-04-01,0.6582090645787284,90.14173139405685,0.29599285845525114,40.04783374899548,-1.2453286407167,78.16156514305214
2022-04-06,0.6582090645787284,89.68098504885175,0.29599285845525114,39.7222416046947,-0.7863384895058729,77.37522665354626
2022-04-07,0.6582090645787284,88.06837284063387,0.29599285845525114,38.183078740727396,-3.1517750721851883,74.22345158136108
2022-04-08,0.6582090645787284,88.56202963906792,0.29599285845525114,38.760264814715136,1.0708428724217853,75.29429445378287
2022-04-11,0.6582090645787284,87.17979060345257,0.29599285845525114,37.44309659458927,-2.6994072557412068,72.59488719804166
2022-04-12,0.6582090645787284,87.24561150991046,0.29599285845525114,37.56149373797137,0.18421804983998413,72.77910524788165
2022-04-13,0.6582090645787284,88.89113417135728,0.29599285845525114,38.81946338640619,2.903492309881642,75.68259755776329
2022-04-14,0.6582090645787284,88.56202963906792,0.29599285845525114,38.73066552886961,-0.4179023898259473,75.26469516793733
2022-04-15,0.6582090645787284,87.04814879053683,0.29599285845525114,37.383898022898215,-2.86064835450248,72.40404681343486
2022-04-18,0.6582090645787284,86.58740244533173,0.29599285845525114,36.93990873521534,-0.9047356328879701,71.4993111805469
2022-04-19,0.6582090645787284,86.88359652439215,0.29599285845525114,37.50229516628032,0.8585805101253925,72.35789169067229
2022-04-20,0.6582090645787284,87.31143241636833,0.29599285845525114,37.887085882272146,0.8126266079680136,73.1705182986403
2022-04-21,0.6582090645787284,87.37725332282619,0.29599285845525114,38.13867981195911,0.31741483614482036,73.48793313478512
2022-04-22,0.6582090645787284,86.62031289856066,0.29599285845525114,37.47269588043479,-1.4229243557898528,72.06500877899526
2022-04-25,0.6582090645787284,85.07352159680065,0.29599285845525114,35.652339800935,-3.367147381259798,68.69786139773547
2022-04-26,0.6582090645787284,85.07352159680065,0.29599285845525114,35.696738729703284,0.04439892876828111,68.74226032650375
2022-04-27,0.6582090645787284,83.29635712243808,0.29599285845525114,34.43876908126847,-3.0351341227973805,65.70712620370637
2022-04-28,0.6582090645787284,83.65837210795638,0.29599285845525114,34.92715729771963,0.8504032019694634,66.55752940567584
2022-04-29,0.6582090645787284,84.74441706451128,0.29599285845525114,35.667139443857764,1.8260271026930326,68.38355650836887
2022-05-03,0.6582090645787284,84.11911845316149,0.29599285845525114,35.25274944202041,-1.0396886131871454,67.34386789518172
2022-05-04,0.6582090645787284,84.11911845316149,0.29599285845525114,35.4155455141708,0.1627960721503925,67.50666396733212
2022-05-05,0.6582090645787284,85.07352159680065,0.29599285845525114,36.11112873154064,1.6499863610089918,69.1566503283411
2022-05-06,0.6582090645787284,83.36217802889595,0.29599285845525114,34.71996229680096,-3.1025100026443724,66.05414032569672
2022-05-09,0.6582090645787284,81.97993899328063,0.29599285845525114,33.25479764744746,-2.8474036849688247,63.2067366407279
2022-05-10,0.6582090645787284,81.61792400776233,0.29599285845525114,33.31399621913852,-0.30281641382724445,62.90392022690065
2022-05-11,0.6582090645787284,81.74956582067807,0.29599285845525114,33.19559907575642,0.013244669533648334,62.9171648964343
2022-05-12,0.6582090645787284,79.80784908017083,0.29599285845525114,31.626836925943582,-3.5104788903200834,59.406686006114214
2022-05-13,0.6582090645787284,80.53187905120741,0.29599285845525114,32.45561692961829,1.5528099747112911,60.95949598082551
2022-05-16,0.6582090645787284,80.9597149431836,0.29599285845525114,32.75160978807354,0.7238287504314371,61.683324731256945
2022-05-17,0.6582090645787284,81.84829718036488,0.29599285845525114,33.44719300544338,1.5841654545511261,63.26749018580807
2022-05-18,0.6582090645787284,82.73687941754616,0.29599285845525114,34.12797657989046,1.5693658116283586,64.83685599743643
2022-05-19,0.6582090645787284,81.15717766255722,0.29599285845525114,33.062402289451555,-2.645276045427849,62.19157995200858
2022-05-20,0.6582090645787284,82.0457598997385,0.29599285845525114,33.72838622097587,1.5545661687055983,63.74614612071418
2022-05-23,0.6582090645787284,82.21031216588318,0.29599285845525114,33.80238443558968,0.23855048075849083,63.98469660147267
2022-05-24,0.6582090645787284,81.28881947547296,0.29599285845525114,32.94400514606945,-1.7798719799304479,62.20482462154222
2022-05-25,0.6582090645787284,81.91411808682275,0.29599285845525114,33.62478872051653,1.3060821857968676,63.51090680733909
2022-05-26,0.6582090645787284,80.89389403672573,0.29599285845525114,32.94400514606945,-1.7010076245441041,61.809899182794986
2022-05-27,0.6582090645787284,82.60523760463042,0.29599285845525114,34.14277622281322,2.910114644648459,64.72001382744344
2022-05-30,0.6582090645787284,84.61277525159555,0.29599285845525114,35.667139443857764,3.5319008680096786,68.25191469545311
2022-05-31,0.6582090645787284,85.43553658231896,0.29599285845525114,36.09632908861788,1.251950975483524,69.50386567093663
2022-06-01,0.6582090645787284,85.00770069034277,0.29599285845525114,35.87433444477644,-0.6498305358176282,68.854035135119
2022-06-02,0.6582090645787284,84.11911845316149,0.29599285845525114,35.4155455141708,-1.3473711677869176,67.50666396733209
2022-06-06,0.6582090645787284,84.71150661128235,0.29599285845525114,35.75593730139434,0.932779945344393,68.43944391267648
2022-06-07,0.6582090645787284,83.85583482733,0.29599285845525114,35.13435229863831,-1.4772567867083737,66.96218712596811
2022-06-08,0.6582090645787284,84.77732751774023,0.29599285845525114,35.8891340876992,1.6762744794711182,68.63846160543923
2022-06-09,0.6582090645787284,84.51404389190873,0.29599285845525114,35.74113765847157,-0.41128005505913023,68.2271815503801
2022-06-10,0.6582090645787284,83.65837210795638,0.29599285845525114,35.14915194156107,-1.4476575008628458,66.77952404951725
2022-06-13,0.6582090645787284,81.3217299287019,0.29599285845525114,33.28439693329299,-4.201397187522566,62.57812686199468
2022-06-14,0.6582090645787284,81.19008811578614,0.29599285845525114,33.21039871867918,-0.20564002752956867,62.372486834465114
2022-06-15,0.6582090645787284,80.79516267703892,0.29599285845525114,32.91440586022393,-0.6909182972024723,61.68156853726264
2022-06-16,0.6582090645787284,80.63061041089423,0.29599285845525114,32.39641835792724,-0.682539768441373,60.99902876882127
2022-06-17,0.6582090645787284,79.54456545433932,0.29599285845525114,31.700835140557395,-1.7816281739247586,59.21740059489651
2022-06-20,0.6582090645787284,78.82053548330272,0.29599285845525114,30.664860135964016,-1.760004975629979,57.457395619266535
2022-06-21,0.6582090645787284,80.43314769152062,0.29599285845525114,32.218822642854086,3.1665747151079664,60.623970334374505
2022-06-22,0.6582090645787284,78.65598321715804,0.29599285845525114,30.753657993500596,-3.2423291237160683,57.38164121065844
2022-06-23,0.6582090645787284,77.60284871383209,0.29599285845525114,30.235670491203905,-1.571122005622641,55.810519205035796
2022-06-24,0.6582090645787284,77.76740097997677,0.29599285845525114,30.783257279346117,0.7121390542868937,56.52265825932269
2022-06-27,0.6582090645787284,79.61038636079721,0.29599285845525114,31.95242907024436,3.0121571717186804,59.534815431041366
2022-06-28,0.6582090645787284,78.85344593653166,0.29599285845525114,31.37524299625662,-1.3341264982532905,58.200688932788076
2022-06-29,0.6582090645787284,78.19523687195293,0.29599285845525114,30.79805692226888,-1.2353951385664672,56.96529379422161
2022-06-30,0.6582090645787284,76.22060967821675,0.29599285845525114,29.110897629073946,-3.661786486931117,53.30350730729049
2022-07-01,0.6582090645787284,73.42322115375715,0.29599285845525114,27.334940478342443,-4.573345675191096,48.730161632099396
2022-07-04,0.6582090645787284,72.69919118272055,0.29599285845525114,27.08334654865548,-0.9756239007235621,47.754537731375834
2022-07-05,0.6582090645787284,73.06120616823885,0.29599285845525114,27.468137264647304,0.746805701510123,48.50134343288596
2022-07-06,0.6582090645787284,71.64605667939459,0.29599285845525114,26.180568330366963,-2.7027184231246046,45.79862500976135
2022-07-07,0.6582090645787284,73.78523613927545,0.29599285845525114,27.542135479261116,3.5007466087750174,49.29937161853637
2022-07-08,0.6582090645787284,74.54217656354099,0.29599285845525114,28.060122981557807,1.2749279265622278,50.5742995450986
2022-07-11,0.6582090645787284,73.88396749896226,0.29599285845525114,27.630933336797693,-1.0873987093388422,49.486900835759755
2022-07-12,0.6582090645787284,72.1068030245997,0.29599285845525114,26.195367973289727,-3.21272983787053,46.27417099788923
2022-07-13,0.6582090645787284,74.67381837645674,0.29599285845525114,27.764130123102557,4.1357775016698675,50.40994849955909
2022-07-14,0.6582090645787284,75.03583336197504,0.29599285845525114,28.193319767862672,0.7912046302784148,51.20115312983751
2022-07-15,0.6582090645787284,76.02314695884313,0.29599285845525114,28.65210869846831,1.4461025274737302,52.647255657311234
2022-07-18,0.6582090645787284,75.16747517489078,0.29599285845525114,29.096097986151186,-0.41168249626947073,52.23557316104176
2022-07-19,0.6582090645787284,75.23329608134866,0.29599285845525114,29.258894058301575,0.2286169786082617,52.46419013965003
2022-07-20,0.6582090645787284,75.7269528797827,0.29599285845525114,29.599285845525113,0.8340485856575839,53.29823872530761
2022-07-21,0.6582090645787284,76.58262466373505,0.29599285845525114,30.22087084828114,1.4772567867083737,54.775495512015986
2022-07-22,0.6582090645787284,76.87881874279547,0.29599285845525114,30.28006941997219,0.35539265075147597,55.13088816276746
2022-07-25,0.6582090645787284,76.8129978363376,0.29599285845525114,30.368867277508766,0.022976951078703678,55.153865113846166
2022-07-26,0.6582090645787284,76.12187831852994,0.29599285845525114,29.895278703980367,-1.1647080913360632,53.9891570225101
2022-07-27,0.6582090645787284,76.8129978363376,0.29599285845525114,30.32446834874048,1.1203091625677786,55.10946618507788
2022-07-28,0.6582090645787284,76.94463964925336,0.29599285845525114,30.38366692043153,0.1908403846068083,55.300306569684686
2022-07-29,0.6582090645787284,77.66866962028995,0.29599285845525114,30.84245585103717,1.182818901642225,56.483125471326915
2022-08-01,0.6582090645787284,77.4382964476874,0.29599285845525114,30.768457636423356,-0.30437138721635293,56.178754084110565
2022-08-02,0.6582090645787284,76.05605741207206,0.29599285845525114,29.70288334598445,-2.4478133260542485,53.73094075805632
2022-08-03,0.6582090645787284,76.51680375727717,0.29599285845525114,29.895278703980367,0.653141703201026,54.38408246125735
2022-08-04,0.6582090645787284,76.71426647665079,0.29599285845525114,29.82128048936655,0.1234645047598022,54.50754696601715
2022-08-05,0.6582090645787284,78.65598321715804,0.29599285845525114,31.37524299625662,3.495679247397316,58.003226213414464
2022-08-08,0.6582090645787284,78.49143095101336,0.29599285845525114,31.212446924106235,-0.32734833829506726,57.6758778751194
2022-08-09,0.6582090645787284,78.4256100445555,0.29599285845525114,31.301244781642808,0.022976951078714336,57.698854826198115
2022-08-10,0.6582090645787284,77.60284871383209,0.29599285845525114,30.783257279346117,-1.3407488330201005,56.358105993178015
2022-08-11,0.6582090645787284,79.01799820267634,0.29599285845525114,31.908030141476072,2.539922350974205,58.89802834415222
2022-08-12,0.6582090645787284,79.51165500111038,0.29599285845525114,32.39641835792724,0.9820450148852125,59.88007335903744
2022-08-15,0.6582090645787284,80.235684972147,0.29599285845525114,32.89960621730117,1.2272178304105452,61.107291189447984
2022-08-16,0.6582090645787284,80.36732678506273,0.29599285845525114,32.92920550314669,0.16124109876125203,61.26853228820924
2022-08-17,0.6582090645787284,80.40023723829168,0.29599285845525114,32.97360443191498,0.0773093819972388,61.345841670206475
2022-08-18,0.6582090645787284,79.87366998662868,0.29599285845525114,32.67761157345973,-0.8225601101182463,60.52328156008823
2022-08-19,0.6582090645787284,80.00531179954443,0.29599285845525114,32.796008716841826,0.2500389562978427,60.77332051638607
2022-08-22,0.6582090645787284,78.85344593653166,0.29599285845525114,32.04122692778093,-1.9066476520736657,58.866672864312406
2022-08-23,0.6582090645787284,77.8003114332057,0.29599285845525114,31.434441567947673,-1.6599198631592103,57.206753001153196
2022-08-24,0.6582090645787284,77.60284871383209,0.29599285845525114,31.271645495797284,-0.3602587915240072,56.846494209629185
2022-08-25,0.6582090645787284,78.32687868486867,0.29599285845525114,31.908030141476072,1.3604146167153743,58.20690882634456
2022-08-26,0.6582090645787284,78.72180412361591,0.29599285845525114,32.204022999931325,0.6909182972024901,58.897827123547046
2022-08-29,0.6582090645787284,76.71426647665079,0.29599285845525114,30.51686370673639,-3.6946969401600533,55.20313018338699
2022-08-30,0.6582090645787284,76.84590828956654,0.29599285845525114,30.857255493959933,0.4720336001392873,55.67516378352627
2022-08-31,0.6582090645787284,77.40538599445846,0.29599285845525114,31.271645495797284,0.9738677067292691,56.64903149025554
2022-09-01,0.6582090645787284,75.79277378624057,0.29599285845525114,29.895278703980367,-2.9889790000347993,53.660052490220735
2022-09-02,0.6582090645787284,74.97001245551716,0.29599285845525114,29.421690130451964,-1.2963499042518123,52.36370258596892
2022-09-05,0.6582090645787284,75.13456472166185,0.29599285845525114,29.46608905922025,0.20895119491296654,52.57265378088189
2022-09-06,0.6582090645787284,75.62822152009589,0.29599285845525114,29.56968655967959,0.597254298893386,53.16990807977528
2022-09-07,0.6582090645787284,73.85105704573333,0.29599285845525114,28.385715125858585,-2.961135908183568,50.20877217159172
2022-09-08,0.6582090645787284,74.37762429739631,0.29599285845525114,29.036899414460134,1.1777515402645307,51.38652371185625
2022-09-12,0.6582090645787284,75.95732605238526,0.29599285845525114,30.161672276590092,2.7044746171189047,54.090998328975154
2022-09-13,0.6582090645787284,76.35225149113249,0.29599285845525114,30.44286549212258,0.6761186542797226,54.76711698325488
2022-09-14,0.6582090645787284,74.80546018937248,0.29599285845525114,29.303292987069863,-2.686363806812725,52.08075317644216
2022-09-15,0.6582090645787284,74.93710200228823,0.29599285845525114,29.495688345065776,0.32403717091165873,52.40479034735382
2022-09-16,0.6582090645787284,74.08143021833588,0.29599285845525114,28.844504056464224,-1.506856072553898,50.89793427479992
2022-09-19,0.6582090645787284,73.75232568604652,0.29599285845525114,28.563310840931734,-0.6102977478218534,50.28763652697807
2022-09-20,0.6582090645787284,74.41053475062525,0.29599285845525114,29.06649870030566,1.1613969239526547,51.44903345093073
2022-09-21,0.6582090645787284,73.78523613927545,0.29599285845525114,28.622509412622787,-1.0692878990326662,50.37974555189806
2022-09-22,0.6582090645787284,72.89665390209417,0.29599285845525114,27.882527266484658,-1.6285643833194108,48.751181168578654
2022-09-23,0.6582090645787284,72.20553438428651,0.29599285845525114,27.438537978801783,-1.135108805490539,47.616072363088115
2022-09-26,0.6582090645787284,70.85620580190012,0.29599285845525114,26.09177047283039,-2.696096088357784,44.91997627473033
2022-09-27,0.6582090645787284,70.75747444221331,0.29599285845525114,26.254566544980776,0.06406471246357626,44.98404098719391
2022-09-28,0.6582090645787284,69.27650404691117,0.29599285845525114,25.05579546823701,-2.679741472045901,42.304299515148
2022-09-29,0.6582090645787284,69.04613087430862,0.29599285845525114,25.17419261161911,-0.11197602922045746,42.192323485927545
2022-09-30,0.6582090645787284,68.09172773066946,0.29599285845525114,24.626605823476897,-1.5019899317813667,40.69033355414618
2022-10-03,0.6582090645787284,67.26896639994605,0.29599285845525114,24.123417964102966,-1.3259491900973401,39.36438436404884
2022-10-04,0.6582090645787284,68.98030996785073,0.29599285845525114,25.322189040846734,2.910114644648445,42.27449900869728
2022-10-05,0.6582090645787284,70.59292217606863,0.29599285845525114,26.136169401598675,2.4265925689698378,44.70109157766712
2022-10-06,0.6582090645787284,71.08657897450267,0.29599285845525114,26.38776333128564,0.745250728121011,45.446342305788136
2022-10-07,0.6582090645787284,69.90180265826096,0.29599285845525114,25.70697975683856,-1.8655598906887896,43.58078241509935
2022-10-11,0.6582090645787284,66.28165280307795,0.29599285845525114,23.33903688919655,-5.9880927228250265,37.59268969227432
2022-10-12,0.6582090645787284,65.95254827078858,0.29599285845525114,23.265038674582737,-0.40310274690317627,37.18958694537115
2022-10-13,0.6582090645787284,65.16269739329411,0.29599285845525114,22.377060099216983,-1.6778294528602267,35.511757492510924
2022-10-14,0.6582090645787284,67.03859322734348,0.29599285845525114,23.66462903349733,3.163464768329721,38.67522226084064
2022-10-17,0.6582090645787284,65.7879960046439,0.29599285845525114,23.487033318424178,-1.4281929377727351,37.247029323067906
2022-10-18,0.6582090645787284,66.54493642890944,0.29599285845525114,23.42783474673313,0.6977418525744881,37.944771175642394
2022-10-19,0.6582090645787284,65.65635419172816,0.29599285845525114,23.02824438781854,-1.2881725960958725,36.656598579546525
2022-10-20,0.6582090645787284,65.29433920620986,0.29599285845525114,22.702652243517765,-0.6876071298190745,35.968991449727454
2022-10-21,0.6582090645787284,65.09687648683624,0.29599285845525114,22.377060099216983,-0.5230548636743997,35.44593658605305
2022-10-24,0.6582090645787284,64.89941376746262,0.29599285845525114,22.5694554572129,-0.005067361377701474,35.44086922467535
2022-10-25,0.6582090645787284,63.64881654476304,0.29599285845525114,21.903471525688584,-1.9165811542238984,33.524288070451455
2022-10-26,0.6582090645787284,64.24120470288389,0.29599285845525114,22.140265812452785,0.8291824448850562,34.35347051533651
2022-10-27,0.6582090645787284,65.16269739329411,0.29599285845525114,22.776650458131577,1.5578773360890104,35.91134785142552
2022-10-28,0.6582090645787284,64.3399360625707,0.29599285845525114,22.169865098298313,-1.4295466905566734,34.48180116086884
2022-10-31,0.6582090645787284,65.19560784652305,0.29599285845525114,22.776650458131577,1.4624571437856098,35.944258304654454
2022-11-01,0.6157140051661553,61.32511491454906,0.3359119394399383,26.268313664203177,-0.37882972590238495,35.56542857875207
2022-11-02,0.6157140051661553,61.571400516615526,0.3359119394399383,26.469860827867137,0.44783276573042485,36.013261344482494
2022-11-03,0.6157140051661553,60.77097230989953,0.3359119394399383,25.982788515679225,-1.2875005189039115,34.72576082557858
2022-11-04,0.6157140051661553,60.863329410674446,0.3359119394399383,26.184335679343192,0.2939042644388863,35.01966509001747
2022-11-07,0.6157140051661553,61.91004321945691,0.3359119394399383,26.973728737027045,1.8361068664663165,36.855771956483785
2022-11-08,0.6157140051661553,62.55654292488137,0.3359119394399383,27.360027467382977,1.0327984357803928,37.88857039226418
2022-11-09,0.6157140051661553,64.34211353986322,0.3359119394399383,28.619697240282743,3.0452403878816163,40.93381078014579
2022-11-10,0.6157140051661553,63.72639953469707,0.3359119394399383,28.08223813717884,-1.1531731082700496,39.78063767187574
2022-11-11,0.6157140051661553,67.11282656311093,0.3359119394399383,30.45041731023041,5.754606201465425,45.53524387334116
2022-11-14,0.6157140051661553,67.72854056827708,0.3359119394399383,30.971080816362313,1.1363775112980576,46.67162138463922
2022-11-15,0.6157140051661553,70.62239639255802,0.3359119394399383,32.83539208025397,4.758167088172588,51.42978847281181
2022-11-16,0.6157140051661553,70.49925359152478,0.3359119394399383,32.85218767722596,-0.10634720406124387,51.323441268750564
2022-11-17,0.6157140051661553,70.53003929178308,0.3359119394399383,32.969756856029946,0.14835487906228906,51.47179614781285
2022-11-18,0.6157140051661553,70.34532509023325,0.3359119394399383,32.650640513562,-0.5038305440177808,50.96796560379507
2022-11-21,0.6157140051661553,70.09903948816677,0.3359119394399383,32.49948014081403,-0.39744597481445254,50.57051962898062
2022-11-22,0.6157140051661553,70.68396779307463,0.3359119394399383,32.86898327419796,0.9544314382917918,51.52495106727241
2022-11-23,0.6157140051661553,71.17653899720754,0.3359119394399383,33.35605558638587,0.9796435163208272,52.50459458359324
2022-11-24,0.6292112958180717,73.42895822196897,0.3091841220742934,31.397647596644497,0.2940112350200508,52.79860581861329
2022-11-25,0.6292112958180717,73.42895822196897,0.3091841220742934,31.165759505088776,-0.23188809155572088,52.566717727057565
2022-11-28,0.6292112958180717,71.95031167679649,0.3091841220742934,30.25366634496961,-2.3907397052916473,50.175978021765914
2022-11-29,0.6292112958180717,72.61098353740547,0.3091841220742934,30.902953001325628,1.309958516965004,51.48593653873092
2022-11-30,0.6292112958180717,73.20873426843264,0.3091841220742934,31.567698863785356,1.2624965934868904,52.74843313221781
2022-12-01,0.6292112958180717,74.46715686006878,0.3091841220742934,32.26336313845252,1.9540868663033102,54.702519998521126
2022-12-02,0.6292112958180717,73.80648499945981,0.3091841220742934,31.861423779755935,-1.0626112193055555,53.639908779215574
2022-12-05,0.6292112958180717,73.90086669383253,0.3091841220742934,32.01601584079308,0.24897375540986033,53.88888253462544
2022-12-06,0.6292112958180717,72.54806240782366,0.3091841220742934,30.94933061963677,-2.4194895071651743,51.469393027460264
2022-12-07,0.6292112958180717,72.10761450075101,0.3091841220742934,30.640146497562476,-0.7496320291469445,50.71976099831332
2022-12-08,0.6292112958180717,71.25817925139661,0.3091841220742934,30.145451902243607,-1.3441298446732688,49.37563115364005
2022-12-09,0.6292112958180717,72.35929901907824,0.3091841220742934,30.91841220742934,1.8740800728673577,51.24971122650741
2022-12-12,0.6292112958180717,71.66716659367836,0.3091841220742934,30.423717612110472,-1.186827020718745,50.06288420578866
2022-12-13,0.6292112958180717,71.35256094576933,0.3091841220742934,30.19182952055475,-0.5464937394647542,49.51639046632391
2022-12-14,0.6292112958180717,72.23345675991463,0.3091841220742934,31.01116744405163,1.7002337376421828,51.21662420396609
2022-12-15,0.6292112958180717,72.29637788949644,0.3091841220742934,31.04208585625906,0.09383954178924014,51.31046374575533
2022-12-16,0.6292112958180717,71.1008764274421,0.3091841220742934,29.975400635102748,-2.2621866832106505,49.04827706254468
2022-12-19,0.6292112958180717,70.69188908516035,0.3091841220742934,29.697134925235883,-0.6872530521486127,48.361024010396065
2022-12-20,0.6292112958180717,69.4020059287333,0.3091841220742934,28.59953129187214,-2.3874867897907954,45.973537220605266
2022-12-21,0.6292112958180717,69.68515101185143,0.3091841220742934,28.815960177324147,0.4995739685701359,46.4731111891754
2022-12-22,0.6292112958180717,70.84919190911486,0.3091841220742934,29.805349367961888,2.1534300879011745,48.62654127707657
2022-12-23,0.6292112958180717,69.65369044706054,0.3091841220742934,28.970552238361293,-2.030298591654919,46.59624268542165
2022-12-26,0.6292112958180717,69.90537496538776,0.3091841220742934,29.171521917709583,0.45265419767551407,47.048896883097164
2022-12-27,0.6292112958180717,70.2199806132968,0.3091841220742934,29.387950803161587,0.5310345333610371,47.5799314164582
2022-12-28,0.6292112958180717,69.21324253998789,0.3091841220742934,28.568612879664713,-1.826075996805784,45.75385541965242
2022-12-29,0.6292112958180717,68.89863689207884,0.3091841220742934,28.352183994212705,-0.5310345333610549,45.22282088629136
2022-12-30,0.6292112958180717,69.3390847991515,0.3091841220742934,28.692286528494428,0.7805504413543751,46.00337132764574
2023-01-03,0.6292112958180717,69.68515101185143,0.3091841220742934,29.078766681087295,0.732546365292805,46.73591769293854
2023-01-04,0.6292112958180717,69.52784818789692,0.3091841220742934,29.00147065056872,-0.23459885447308437,46.50131883846546
2023-01-05,0.6292112958180717,70.03121722455137,0.3091841220742934,29.217899536020727,0.719797922106455,47.22111676057192
2023-01-06,0.6292112958180717,70.34582287246042,0.3091841220742934,29.65075730692474,0.7474634188130587,47.96858017938497
2023-01-09,0.6292112958180717,72.8626680557327,0.3091841220742934,31.289433153918495,4.155521030266037,52.12410120965101
2023-01-10,0.6292112958180717,73.14581313885083,0.3091841220742934,31.629535688200214,0.6232476173998478,52.74734882705086
2023-01-11,0.6292112958180717,73.20873426843264,0.3091841220742934,31.44402521495564,-0.12258934366276364,52.62475948338809
2023-01-12,0.6292112958180717,72.8941286205236,0.3091841220742934,31.27397394781478,-0.48465691504989294,52.14010256833819
2023-01-13,0.6292112958180717,73.743563869878,0.3091841220742934,31.722290924822502,1.297752226362121,53.437854794700314
2023-01-16,0.6292112958180717,74.30985403611426,0.3091841220742934,32.15514869572652,0.9991479371402718,54.437002731840586
2023-01-17,0.6292112958180717,74.30985403611426,0.3091841220742934,32.15514869572652,0.0,54.437002731840586
2023-01-30,0.6292112958180717,75.94580340524125,0.3091841220742934,34.48948881738743,3.9702894907879056,58.40729222262849
2023-01-31,0.6292112958180717,74.43569629527788,0.3091841220742934,33.793824542720266,-2.2057713846305376,56.201520837997954
2023-02-01,0.6292112958180717,74.87614420235053,0.3091841220742934,34.18030469531313,0.8269280596655193,57.02844889766347
2023-02-02,0.6292112958180717,76.13456679398668,0.3091841220742934,35.12331626763973,2.2014341639627446,59.22988306162622
2023-02-03,0.6292112958180717,76.13456679398668,0.3091841220742934,35.107857061536016,-0.015459206103713541,59.214423855522504
2023-02-06,0.6292112958180717,75.03344702630504,0.3091841220742934,34.22668231362428,-1.9822945155933738,57.23212933992913
2023-02-07,0.6292112958180717,74.87614420235053,0.3091841220742934,34.22668231362428,-0.15730282395450956,57.07482651597462
2023-02-08,0.6292112958180717,76.04018509961396,0.3091841220742934,35.13877547374345,2.0761340573826033,59.150960573357224
2023-02-09,0.6292112958180717,76.07164566440487,0.3091841220742934,35.0923978554323,-0.014917053520242973,59.13604351983698
2023-02-10,0.6292112958180717,76.13456679398668,0.3091841220742934,34.9841834127063,-0.04529331314419238,59.09075020669279
2023-02-13,0.6292112958180717,75.97726397003215,0.3091841220742934,34.845050557772865,-0.29643567888795985,58.79431452780483
2023-02-14,0.6292112958180717,76.54355413626843,0.3091841220742934,35.401581977506595,1.1228215859700015,59.91713611377483
2023-02-15,0.6292112958180717,74.78176250797782,0.3091841220742934,34.07209025258714,-3.0912833532100663,56.825852760564764
2023-02-16,0.6292112958180717,75.69411888691403,0.3091841220742934,34.92234658829144,1.762612714640511,58.588465475205275
2023-02-17,0.6292112958180717,74.71884137839601,0.3091841220742934,34.33489675635028,-1.5627273404591762,57.0257381347461
2023-02-20,0.6292112958180717,74.87614420235053,0.3091841220742934,34.62862167232086,0.45102773992510237,57.4767658746712
2023-02-21,0.6292112958180717,74.84468363755963,0.3091841220742934,34.644080878424575,-0.016001358687191214,57.46076451598401
2023-02-22,0.6292112958180717,74.02670895299613,0.3091841220742934,33.948416603757416,-1.5136389592306543,55.947125556753356
2023-02-23,0.6292112958180717,75.12782872067775,0.3091841220742934,34.96872420660258,2.1214273705267885,58.068552927280145
2023-02-24,0.6292112958180717,74.75030194318691,0.3091841220742934,34.58224405400971,-0.7640069300837098,57.304545997196435
2023-03-01,0.6292112958180717,75.09636815588685,0.3091841220742934,34.78321373335801,0.5470358920482354,57.85158188924467
2023-03-02,0.6292112958180717,75.03344702630504,0.3091841220742934,34.752295321150584,-0.09383954178923659,57.757742347455434
2023-03-03,0.6292112958180717,75.09636815588685,0.3091841220742934,34.906887382187726,0.21751319061895202,57.975255538074386
2023-03-06,0.6292112958180717,75.81996114607763,0.3091841220742934,35.695306893477174,1.5120125014802284,59.487268039554614
2023-03-07,0.6292112958180717,76.3233301827321,0.3091841220742934,36.17454228269233,0.9826044258696172,60.46987246542423
2023-03-08,0.6292112958180717,75.69411888691403,0.3091841220742934,35.757143717892035,-1.0466098606183607,59.42326260480587
2023-03-09,0.6292112958180717,75.63119775733222,0.3091841220742934,35.556174038543745,-0.26389080893009975,59.15937179587577
2023-03-10,0.6292112958180717,74.43569629527788,0.3091841220742934,34.31943755024657,-2.4322379503515137,56.72713384552426
2023-03-13,0.6292112958180717,74.75030194318691,0.3091841220742934,34.58224405400971,0.5774121516721777,57.304545997196435
2023-03-14,0.6292112958180717,73.93232725862342,0.3091841220742934,33.77836533661655,-1.6218534019566562,55.68269259523978
2023-03-15,0.6292112958180717,73.99524838820523,0.3091841220742934,33.948416603757416,0.23297239672267267,55.91566499196245
2023-03-16,0.6292112958180717,73.64918217550529,0.3091841220742934,33.36096677181626,-0.9335160446410953,54.982148947321356
2023-03-17,0.6292112958180717,74.84468363755963,0.3091841220742934,34.31943755024657,2.1539722404846486,57.136121187806005
2023-03-20,0.6292112958180717,74.30985403611426,0.3091841220742934,34.05663104648342,-0.7976361052085181,56.33848508259749
2023-03-21,0.6292112958180717,74.65592024881421,0.3091841220742934,34.47402961128372,0.7634647775002534,57.10194986009774
2023-03-22,0.6292112958180717,76.07164566440487,0.3091841220742934,35.66438848126975,2.606084285576685,59.708034145674425
2023-03-23,0.6292112958180717,76.66939639543203,0.3091841220742934,36.17454228269233,1.1079045324497443,60.81593867812417
2023-03-24,0.6292112958180717,76.88962034896836,0.3091841220742934,36.57648164138891,0.6221633122329138,61.43810199035708
2023-03-27,0.6292112958180717,76.41771187710481,0.3091841220742934,36.1436238704849,-0.9047662427675647,60.53333574758952
2023-03-28,0.6292112958180717,75.75704001649584,0.3091841220742934,35.401581977506595,-1.4027137535872782,59.13062199400224
2023-03-29,0.6292112958180717,75.88288227565944,0.3091841220742934,35.695306893477174,0.4195671751341834,59.550189169136424
2023-03-30,0.6292112958180717,76.26040905315028,0.3091841220742934,36.11270545827747,0.7949253422911369,60.34511451142756
2023-03-31,0.6292112958180717,76.51209357147751,0.3091841220742934,36.32913434372948,0.4681134037792347,60.813227915206795
2023-04-06,0.6292112958180717,76.13456679398668,0.3091841220742934,35.86535816061804,-0.8413029606022704,59.971924954604525
2023-04-07,0.6292112958180717,76.13456679398668,0.3091841220742934,36.05086863386261,0.1855104732445767,60.1574354278491
2023-04-10,0.6292112958180717,76.13456679398668,0.3091841220742934,36.28275672541833,0.23188809155571732,60.38932351940482
2023-04-11,0.6292112958180717,76.04018509961396,0.3091841220742934,36.452807992559194,0.0756695727681489,60.46499309217297
2023-04-12,0.6292112958180717,75.85142171086854,0.3091841220742934,36.452807992559194,-0.18876338874542853,60.27622970342754
2023-04-13,0.6292112958180717,75.19074985025956,0.3091841220742934,35.94265419113661,-1.1708256620315538,59.105404041395985
2023-04-14,0.6292112958180717,75.91434284045035,0.3091841220742934,36.62285925970006,1.4037980587542265,60.50920210015021
2023-04-17,0.6292112958180717,75.72557945170492,0.3091841220742934,36.48372640476662,-0.3278962436788646,60.18130585647135
2023-04-18,0.6292112958180717,75.4738949333777,0.3091841220742934,36.22091990100348,-0.5144910220903682,59.66681483438098
2023-04-19,0.6292112958180717,74.90760476714144,0.3091841220742934,35.896276572825464,-0.8909334944142699,58.77588133996671
2023-04-20,0.6292112958180717,74.81322307276872,0.3091841220742934,35.556174038543745,-0.4344842286544335,58.341397111312276
2023-04-21,0.6292112958180717,74.6244596840233,0.3091841220742934,35.154234679847164,-0.590702747442009,57.75069436387027
2023-04-24,0.6292112958180717,74.34131460090516,0.3091841220742934,35.18515309205459,-0.2522266709107015,57.498467692959565
2023-04-25,0.6292112958180717,73.36603709238716,0.3091841220742934,34.07209025258714,-2.088340347985458,55.41012734497411
2023-04-26,0.6292112958180717,73.05143144447811,0.3091841220742934,34.041171840379704,-0.34552406011648173,55.064603284857625
2023-04-27,0.6292112958180717,72.98851031489632,0.3091841220742934,34.103008664794565,-0.0010843051669340298,55.06351897969069
2023-04-28,0.6292112958180717,73.86940612904162,0.3091841220742934,34.89142817608401,1.6693153254347521,56.732834305125444
2023-05-02,0.6431175532169798,75.69493601363853,0.28484602436793216,32.401235271852286,-0.6646630196348227,56.06817128549062
2023-05-03,0.6431175532169798,75.37337723703004,0.28484602436793216,32.08790464504756,-0.6348894034132115,55.43328188207741
2023-05-04,0.6431175532169798,75.56631250299513,0.28484602436793216,32.28729686210511,0.3923274830226404,55.82560936510005
2023-05-05,0.6431175532169798,75.75924776896022,0.28484602436793216,32.38699297063389,0.29263137449387244,56.11824073959392
2023-05-08,0.6431175532169798,76.24158593387295,0.28484602436793216,32.71456589865701,0.8099110929358488,56.92815183252977
2023-05-09,0.6431175532169798,76.4666770774989,0.28484602436793216,32.828504308404185,0.33902955337312335,57.267181385902894
2023-05-10,0.6431175532169798,75.75924776896022,0.28484602436793216,32.27305456088671,-1.2628790560561498,56.004302329846745
2023-05-11,0.6431175532169798,75.59846838065597,0.28484602436793216,31.945481632863594,-0.48835231632736864,55.51595001351937
2023-05-12,0.6431175532169798,75.37337723703004,0.28484602436793216,31.945481632863594,-0.22509114362593152,55.29085886989344
2023-05-15,0.6431175532169798,75.37337723703004,0.28484602436793216,31.86002782555321,-0.08545380731038321,55.205405062583054
2023-05-16,0.6431175532169798,76.27374181153381,0.28484602436793216,32.67183899500182,1.712175743952379,56.91758080653543
2023-05-17,0.6431175532169798,77.52782104030692,0.28484602436793216,33.66880008028958,2.251040314060866,59.1686211205963
2023-05-18,0.6431175532169798,78.5568091254541,0.28484602436793216,34.4521266473014,1.812314652158996,60.980935772755295
2023-05-19,0.6431175532169798,78.78190026908003,0.28484602436793216,34.75121497288772,0.5241794692122568,61.50511524196755
2023-05-22,0.6431175532169798,78.65327675843663,0.28484602436793216,34.694245768014135,-0.1855927155169823,61.31952252645057
2023-05-23,0.6431175532169798,78.58896500311494,0.28484602436793216,34.779699575324514,0.02114205198868291,61.34066457843925
2023-05-24,0.6431175532169798,78.20309447118474,0.28484602436793216,34.50909585217498,-0.6564742550797291,60.68419032335952
2023-05-25,0.6431175532169798,79.13561492334937,0.28484602436793216,35.10727250334764,1.5306971033372818,62.214887426696805
2023-05-26,0.6431175532169798,81.00065582767861,0.28484602436793216,36.17544509472739,2.9332134957089977,65.1481009224058
2023-05-29,0.6431175532169798,81.51514987025219,0.28484602436793216,36.77362174590004,1.1126706937462245,66.26077161615203
2023-05-30,0.6431175532169798,81.51514987025219,0.28484602436793216,36.802106348336835,0.028484602436797957,66.28925621858883
2023-05-31,0.6431175532169798,81.12927933832201,0.28484602436793216,36.5315026251873,-0.6564742550797149,65.63278196350912
2023-06-01,0.6431175532169798,80.48616178510503,0.28484602436793216,36.30362580569295,-0.8709943727113298,64.76178759079778
2023-06-02,0.6431175532169798,81.51514987025219,0.28484602436793216,37.25785998732553,1.983222266779741,66.74500985757751
2023-06-05,0.6431175532169798,81.2579028489654,0.28484602436793216,37.12967927635996,-0.38542773225236004,66.35958212532515
2023-06-06,0.6431175532169798,81.48299399259135,0.28484602436793216,37.343313794635904,0.43872566190189133,66.79830778722703
2023-06-07,0.6431175532169798,82.38335856709512,0.28484602436793216,38.11239806042933,1.6694488402971928,68.46775662752422
2023-06-08,0.6431175532169798,81.57946162557388,0.28484602436793216,37.25785998732553,-1.6584350146250273,66.8093216128992
2023-06-09,0.6431175532169798,82.19042330113002,0.28484602436793216,37.96997504824536,1.3230767364759686,68.13239834937517
2023-06-12,0.6431175532169798,82.9621643649904,0.28484602436793216,38.383001783578855,1.184767799193871,69.31716614856904
2023-06-13,0.6431175532169798,84.6021141256937,0.28484602436793216,39.69329349567135,2.9502414727957955,72.26740762136484
2023-06-14,0.6431175532169798,84.56995824803285,0.28484602436793216,39.650566592016155,-0.07488278131604886,72.19252484004879
2023-06-15,0.6431175532169798,84.82720526931965,0.28484602436793216,40.120562532223246,0.7272429614938929,72.91976780154269
2023-06-16,0.6431175532169798,84.6021141256937,0.28484602436793216,39.83571650785531,-0.5099371679938827,72.40983063354881
2023-06-19,0.6431175532169798,84.4091788597286,0.28484602436793216,39.72177809810814,-0.306873675712275,72.10295695783654
2023-06-20,0.6431175532169798,83.95899657247672,0.28484602436793216,39.4369320737402,-0.7350283116198142,71.36792864621673
2023-06-21,0.6431175532169798,83.95899657247672,0.28484602436793216,39.422689772521814,-0.01424230121838832,71.35368634499834
2023-06-26,0.6431175532169798,83.44450252990313,0.28484602436793216,38.79602851891236,-1.1411552961830438,70.2125310488153
2023-06-27,0.6431175532169798,82.8978526096687,0.28484602436793216,38.15512496408451,-1.1875534750622805,69.024977573753
2023-06-28,0.6431175532169798,83.0264761203121,0.28484602436793216,38.25482107261329,0.2283196191721757,69.25329719292517
2023-06-29,0.6431175532169798,82.99432024265126,0.28484602436793216,38.297547976268476,0.010571025994345007,69.26386821891953
2023-06-30,0.6431175532169798,83.0264761203121,0.28484602436793216,38.525424795762824,0.2600326971551894,69.52390091607472
2023-07-03,0.6431175532169798,84.05546420545926,0.28484602436793216,39.52238588105059,2.0259491704349273,71.54985008650965
2023-07-04,0.6570367962541426,86.07182030929268,0.2636076857689477,36.87871523907579,-0.627314538141384,70.92253554836827
2023-07-05,0.6570367962541426,85.94041295004186,0.2636076857689477,36.456942941845476,-0.5531796564811273,70.36935589188715
2023-07-06,0.6570367962541426,84.03500624090483,0.2636076857689477,35.15208489728918,-3.2102647536933233,67.15909113819383
2023-07-07,0.6570367962541426,83.903598881654,0.2636076857689477,34.82257529007799,-0.4609169664620154,66.69817417173181
2023-07-10,0.6570367962541426,83.73933968259047,0.2636076857689477,34.69077144719352,-0.2960630419480097,66.4021111297838
2023-07-11,0.6570367962541426,84.88915407603521,0.2636076857689477,35.75838257455776,2.2174255208089804,68.61953665059278
2023-07-12,0.6570367962541426,85.05341327509875,0.2636076857689477,35.95608833888447,0.36196496339024975,68.98150161398303
2023-07-13,0.6570367962541426,86.00611662966726,0.2636076857689477,36.70737024332597,1.703985259010011,70.68548687299304
2023-07-14,0.6570367962541426,86.89311630461036,0.2636076857689477,37.53773445349815,1.717363885115283,72.40285075810831
2023-07-17,0.6570367962541426,86.72885710554682,0.2636076857689477,37.53773445349815,-0.1642591990635367,72.23859155904478
2023-07-18,0.6570367962541426,85.3162279936004,0.2636076857689477,37.247765999152314,-1.7025975662922548,70.53599399275252
2023-07-19,0.6570367962541426,84.59348751772086,0.2636076857689477,36.7996329333451,-1.1708735416867597,69.36512045106576
2023-07-20,0.6570367962541426,84.98770959547333,0.2636076857689477,36.99733869767181,0.5919278420791798,69.95704829314494
2023-07-21,0.6570367962541426,83.57508048352693,0.2636076857689477,36.298778330384096,-2.1111894792341133,67.84585881391082
2023-07-24,0.6570367962541426,83.60793232333964,0.2636076857689477,36.41740178898013,0.15147529840874085,67.99733411231956
2023-07-25,0.6570367962541426,84.65919119734626,0.2636076857689477,37.26094638344076,1.8948034684672521,69.89213758078682
2023-07-26,0.6570367962541426,84.42922831865732,0.2636076857689477,36.98415831338337,-0.5067509487463298,69.3853866320405
2023-07-27,0.6570367962541426,85.08626511491147,0.2636076857689477,37.53773445349815,1.210612936368932,70.59599956840943
2023-07-28,0.6570367962541426,85.08626511491147,0.2636076857689477,37.56409522207505,0.026360768576900284,70.62236033698633
2023-07-31,0.6570367962541426,84.62633935753357,0.2636076857689477,36.865534854787334,-1.1584861246656217,69.46387421232072
2023-08-01,0.6570367962541426,85.05341327509875,0.2636076857689477,37.3004875363061,0.8620265990839471,70.32590081140467
2023-08-02,0.6570367962541426,84.00215440109213,0.2636076857689477,35.83746488028844,-2.5142815300242845,67.81161928138039
2023-08-04,0.6570367962541426,83.60793232333964,0.2636076857689477,35.78474334313465,-0.44694361490627443,67.36467566647411
2023-08-07,0.6570367962541426,84.42922831865732,0.2636076857689477,36.58874678472995,1.6252994369129823,68.9899751033871
2023-08-08,0.6570367962541426,83.4436731242761,0.2636076857689477,35.83746488028844,-1.7368370988227326,67.25313800456436
2023-08-09,0.6570367962541426,83.57508048352693,0.2636076857689477,35.824284496,0.11822697496238987,67.37136497952676
2023-08-10,0.6570367962541426,83.04945104652363,0.2636076857689477,34.96755951725092,-1.3823544157523813,65.98901056377437
2023-08-11,0.6570367962541426,82.9837473668982,0.2636076857689477,34.941198748674026,-0.09206444820232207,65.89694611557205
2023-08-14,0.6570367962541426,81.80108113364075,0.2636076857689477,33.781324931290655,-2.342540050640821,63.55440606493123
2023-08-15,0.6570367962541426,81.93248849289158,0.2636076857689477,34.13719530707873,0.4872777350389015,64.04168379997013
2023-08-16,0.6570367962541426,81.50541457532638,0.2636076857689477,33.965850311328914,-0.5984189133150082,63.44326488665512
2023-08-17,0.6570367962541426,81.86678481326616,0.2636076857689477,34.38762260855923,0.7831425351700929,64.22640742182521
2023-08-18,0.6570367962541426,81.37400721607555,0.2636076857689477,33.781324931290655,-1.0990752744591816,63.12733214736603
2023-08-21,0.6570367962541426,80.81552593925953,0.2636076857689477,33.74178377842531,-0.5980224296813716,62.52930971768466
2023-08-22,0.6570367962541426,81.47256273551368,0.2636076857689477,34.03175223277115,0.947005250599986,63.47631496828465
2023-08-23,0.6570367962541426,82.0310440123297,0.2636076857689477,34.65123029432817,1.17795933837305,64.6542743066577
2023-08-24,0.6570367962541426,83.4436731242761,0.2636076857689477,35.50795527307726,2.2693540906954865,66.92362839735318
2023-08-25,0.6570367962541426,81.83393297345346,0.2636076857689477,34.09765415421339,-3.0200412696865158,63.90358712766667
2023-08-28,0.6570367962541426,82.35956241045677,0.2636076857689477,34.37444222427079,0.8024175070607171,64.70600463472738
2023-08-29,0.6570367962541426,82.81948816783466,0.2636076857689477,34.92801836438557,1.0135018974926737,65.71950653222005
2023-08-30,0.6570367962541426,83.18085840577444,0.2636076857689477,35.310249508750545,0.7436013823047531,66.46310791452481
2023-08-31,0.6570367962541426,82.58952528914573,0.2636076857689477,34.88847721152023,-1.01310541385903,65.45000250066579
2023-09-01,0.6570367962541426,82.72093264839656,0.2636076857689477,35.0730025915585,0.3159327392890958,65.76593523995489
2023-09-04,0.6570367962541426,83.27941392521257,0.2636076857689477,35.44205335163502,0.9275320368925293,66.69346727684741
2023-09-05,0.6570367962541426,83.08230288633634,0.2636076857689477,35.46841412021192,-0.17075027029932954,66.52271700654808
2023-09-06,0.6570367962541426,82.78663632802197,0.2636076857689477,35.270708355885205,-0.4933723226410791,66.029344683907
2023-09-07,0.6570367962541426,82.0310440123297,0.2636076857689477,34.65123029432817,-1.3750703772493011,64.6542743066577
2023-09-08,0.6570367962541426,81.66967377438992,0.2636076857689477,34.5457872200206,-0.46681331224735345,64.18746099441034
2023-09-11,0.6570367962541426,81.34115537626285,0.2636076857689477,33.97903069561736,-0.8952749225303123,63.29218607188003
2023-09-12,0.6570367962541426,82.16245137158053,0.2636076857689477,34.61168914146284,1.4539544411631624,64.7461405130432
2023-09-13,0.6570367962541426,82.26100689101865,0.2636076857689477,34.71713221577041,0.20399859374569473,64.9501391067889
2023-09-14,0.6570367962541426,83.4108212844634,0.2636076857689477,35.771562958846204,2.2042451365205338,67.15438424330944
2023-09-15,0.6570367962541426,83.67363600296505,0.2636076857689477,36.0483510289036,0.5396027885590584,67.69398703186849
2023-09-18,0.6570367962541426,82.78663632802197,0.2636076857689477,35.231167203019865,-1.7041835008268222,65.98980353104167
2023-09-19,0.6570367962541426,82.42526609008219,0.2636076857689477,34.848936058654886,-0.7436013823047603,65.24620214873691
2023-09-20,0.6570367962541426,81.96534033270429,0.2636076857689477,34.53260683573215,-0.7762549803006351,64.46994716843628
2023-09-21,0.6570367962541426,80.65126674019601,0.2636076857689477,33.45181532407947,-2.3948651041609637,62.075082064275314
2023-09-22,0.6570367962541426,80.58556306057059,0.2636076857689477,33.59679955125239,0.07928054754750491,62.15436261182282
2023-09-25,0.6570367962541426,81.17689617719931,0.2636076857689477,34.12401492279028,1.11854848816661,63.27291109998943
2023-09-26,0.6570367962541426,80.2241928226308,0.2636076857689477,33.33319186548344,-1.7435264118753508,61.52938468811408
2023-09-27,0.6570367962541426,80.25704466244352,0.2636076857689477,33.45181532407947,0.15147529840874796,61.680859986522826
2023-09-28,0.6570367962541426,80.58556306057059,0.2636076857689477,33.689062241271515,0.5657653153191191,62.246625301841945
2023-10-02,0.6570367962541426,81.63682193457721,0.2636076857689477,34.5457872200206,1.9079838527557058,64.15460915459765
2023-10-03,0.6570367962541426,81.1440443373866,0.2636076857689477,33.99221107990581,-1.0463537373054024,63.10825541729225
2023-10-04,0.6570367962541426,80.09278546337998,0.2636076857689477,33.24092917546431,-1.8025407784481189,61.30571463884413
2023-10-05,0.6570367962541426,81.24259985682474,0.2636076857689477,34.13719530707873,2.0460805250591747,63.351795163903304
2023-10-06,0.6570367962541426,81.53826641513909,0.2636076857689477,34.36126183998233,0.5197330912179581,63.87152825512126
2023-10-11,0.6570367962541426,82.9508955270855,0.2636076857689477,35.11254374442383,2.163911016387914,66.03543927150918
2023-10-12,0.6570367962541426,83.64078416315235,0.2636076857689477,35.66611988453863,1.2434647761816393,67.27890404769082
2023-10-13,0.6570367962541426,83.4108212844634,0.2636076857689477,35.38933181448123,-0.5067509487463511,66.77215309894447
2023-10-16,0.6570367962541426,82.9508955270855,0.2636076857689477,34.875296827231786,-0.973960744627334,65.79819235431714
2023-10-17,0.6570367962541426,83.14800656596174,0.2636076857689477,34.835755674366446,0.15756988601089006,65.95576224032803
2023-10-18,0.6570367962541426,81.998192172517,0.2636076857689477,34.110834538501834,-1.8747355293093548,64.08102671101867
2023-10-19,0.6570367962541426,82.0310440123297,0.2636076857689477,34.05811300134804,-0.019869697341086123,64.06115701367759
2023-10-20,0.6570367962541426,82.39241425026948,0.2636076857689477,33.92630915846357,0.22956639505530774,64.2907234087329
2023-10-23,0.6570367962541426,81.37400721607555,0.2636076857689477,33.214568406887416,-1.7301477857700789,62.56057562296282
2023-10-24,0.6570367962541426,81.43971089570097,0.2636076857689477,33.544078014098595,0.3952132868365936,62.955788909799416
2023-10-25,0.6570367962541426,81.6039700947645,0.2636076857689477,33.72860339413686,0.34878457910180316,63.30457348890122
2023-10-26,0.6570367962541426,79.99422994394186,0.2636076857689477,32.35784342813833,-2.980500116821176,60.32407337208004
2023-10-27,0.6570367962541426,80.35560018188164,0.2636076857689477,32.71371380392641,0.71724061372786,61.0413139858079
2023-10-30,0.6570367962541426,80.1584891430054,0.2636076857689477,32.68735303534952,-0.22347180745313722,60.817842178354766
2023-10-31,0.6570367962541426,79.60000786618937,0.2636076857689477,32.10741612665783,-1.1384181855077102,59.679423992847056
2023-11-01,0.6570367962541426,79.99422994394186,0.2636076857689477,32.39738458100368,0.6841905320983344,60.36361452494539
2023-11-02,0.6570367962541426,81.80108113364075,0.2636076857689477,33.70224262555996,3.111709234255173,63.47532375920056
2023-11-03,0.6570367962541426,82.42526609008219,0.2636076857689477,34.16355607565562,1.0854984065370985,64.56082216573766
2023-11-06,0.6570367962541426,83.14800656596174,0.2636076857689477,34.86211644294334,1.4213008431672662,65.98212300890492
2023-11-07,0.6570367962541426,83.11515472614903,0.2636076857689477,34.875296827231786,-0.01967145552426075,65.96245155338066
2023-11-08,0.6570367962541426,83.57508048352693,0.2636076857689477,35.19162605015452,0.7762549803006351,66.7387065336813
2023-11-09,0.6570367962541426,83.60793232333964,0.2636076857689477,35.231167203019865,0.07239299267805421,66.81109952635936
2023-11-10,0.6570367962541426,83.27941392521257,0.2636076857689477,34.90165759580868,-0.6580280053382594,66.1530715210211
2023-11-13,0.6570367962541426,84.56063567790814,0.2636076857689477,35.692480653115524,2.072044810002417,68.22511633102351
2023-11-14,0.6570367962541426,84.7577467167844,0.2636076857689477,36.02199026032671,0.5266206460874443,68.75173697711097
2023-11-15,0.6570367962541426,85.77615375097832,0.2636076857689477,36.852354470498895,1.8487712443661124,70.60050822147707
2023-11-16,0.6570367962541426,85.80900559079102,0.2636076857689477,36.89189562336423,0.07239299267802579,70.6729012141551
2023-11-17,0.6570367962541426,86.07182030929268,0.2636076857689477,37.08960138769094,0.46052048282837177,71.13342169698348
2023-11-20,0.6570367962541426,86.03896846947997,0.2636076857689477,37.0236994662487,-0.09875376125494739,71.03466793572852
2023-11-21,0.6570367962541426,87.0902273434866,0.2636076857689477,37.93314598215158,1.9607053899095135,72.99537332563804
2023-11-22,0.6570367962541426,86.30178318798163,0.2636076857689477,37.392750226325234,-1.3288399113313218,71.66653341430671
2023-11-23,0.6570367962541426,86.26893134816893,0.2636076857689477,37.36638945774834,-0.05921260838958631,71.60732080591713
2023-11-24,0.6570367962541426,86.2032276685435,0.2636076857689477,37.41911099490213,-0.012982142471642533,71.59433866344548
2023-11-27,0.6570367962541426,85.64474639172748,0.2636076857689477,36.746911396191315,-1.2306808755268364,70.36365778791864
2023-11-28,0.6570367962541426,86.23607950835621,0.2636076857689477,37.65635791209418,1.5007796325315965,71.86443742045023
2023-11-29,0.6570367962541426,86.1703758287308,0.2636076857689477,37.60363637494039,-0.11842521677920104,71.74601220367103
2023-11-30,0.6570367962541426,86.30178318798163,0.2636076857689477,37.827702907844,0.3554738921544356,72.10148609582546
2023-12-01,0.6570367962541426,86.597449746296,0.2636076857689477,37.906785213574686,0.3747488640450527,72.47623495987051
2023-12-04,0.6570367962541426,86.26893134816893,0.2636076857689477,37.880424444997786,-0.35487916670395947,72.12135579316654
2023-12-05,0.6570367962541426,85.64474639172748,0.2636076857689477,37.36638945774834,-1.138219943690899,70.98313584947564
2023-12-06,0.6570367962541426,85.94041295004186,0.2636076857689477,37.69589906495953,0.6251761655255663,71.60831201500122
2023-12-07,0.6570367962541426,85.41478351303853,0.2636076857689477,37.247765999152314,-0.9737625028105441,70.63454951219067
2023-12-08,0.6570367962541426,86.1046721491054,0.2636076857689477,37.70907944924797,1.1512020861625274,71.7857515983532
2023-12-11,0.6570367962541426,86.2032276685435,0.2636076857689477,37.840883292132446,0.2303593623225808,72.01611096067577
2023-12-12,0.6570367962541426,86.40033870741975,0.2636076857689477,38.025408672170705,0.3816364189145034,72.39774737959027
2023-12-13,0.6570367962541426,86.43319054723246,0.2636076857689477,38.03858905645916,0.046032224101161034,72.44377960369144
2023-12-14,0.6570367962541426,87.48444942123909,0.2636076857689477,38.93485518807358,1.9475250056210527,74.3913046093125
2023-12-15,0.6570367962541426,87.84581965917886,0.2636076857689477,39.10620018382339,0.5327152336895793,74.92401984300207
2023-12-18,0.6570367962541426,87.9772270184297,0.2636076857689477,38.97439634093892,-0.00039648363362942973,74.92362335936843
2023-12-19,0.6570367962541426,87.64870862030263,0.2636076857689477,38.56580442799705,-0.737110311068939,74.1865130482995
2023-12-20,0.6570367962541426,87.87867149899157,0.2636076857689477,39.0534786466696,0.7176370973614894,74.90415014566099
2023-12-21,0.6570367962541426,87.1230791832993,0.2636076857689477,38.40763981653568,-1.4014311458261943,73.5027189998348
2023-12-22,0.6570367962541426,87.35304206198825,0.2636076857689477,38.53944365942015,0.3617667215734244,73.86448572140822
2023-12-25,0.6570367962541426,87.71441229992803,0.2636076857689477,38.78987096090066,0.6117975394202873,74.4762832608285
2023-12-26,0.6570367962541426,88.20718989711864,0.2636076857689477,39.3039059481501,1.0068125844400555,75.48309584526855
2023-12-27,0.6570367962541426,89.19274509149986,0.2636076857689477,39.91020362541869,1.591852871649806,77.07494871691836
2023-12-28,0.6570367962541426,89.19274509149986,0.2636076857689477,39.84430170397645,-0.06590192144224005,77.00904679547611
2023-12-29,0.6570367962541426,88.9956340526236,0.2636076857689477,39.857482088264895,-0.18393065458781166,76.8251161408883
2024-01-02,0.6570367962541426,88.63426381468383,0.2636076857689477,39.52797248105371,-0.6908798451509526,76.13423629573734
2024-01-03,0.6570367962541426,87.0902273434866,0.2636076857689477,38.46036135368947,-2.6116475985614684,73.52258869717588
2024-01-04,0.6570367962541426,87.0573755036739,0.2636076857689477,38.40763981653568,-0.0855733769665008,73.43701532020938
2024-01-05,0.6570367962541426,86.82741262498494,0.2636076857689477,38.262655589362765,-0.37494710586186386,73.06206821434752
2024-01-08,0.6570367962541426,87.22163470273743,0.2636076857689477,38.5789848122855,0.7105513006752204,73.77261951502274
2024-01-09,0.6570367962541426,87.38589390180097,0.2636076857689477,38.53944365942015,0.12471804619818982,73.89733756122092
2024-01-10,0.6570367962541426,86.92596814442307,0.2636076857689477,38.07813020932449,-0.9212392074735618,72.97609835374736
2024-01-11,0.6570367962541426,87.28733838236283,0.2636076857689477,38.56580442799705,0.8490444566123259,73.8251428103597
2024-01-12,0.6570367962541426,87.15593102311202,0.2636076857689477,38.28901635793966,-0.40819542930820774,73.41694738105149
2024-01-15,0.6570367962541426,87.38589390180097,0.2636076857689477,38.5789848122855,0.5199313330347906,73.93687871408628
2024-01-16,0.6570367962541426,86.49889422685787,0.2636076857689477,37.69589906495953,-1.7700854222690694,72.16679329181721
2024-01-17,0.6570367962541426,83.73933968259047,0.2636076857689477,37.06324061911405,-3.3922129901128812,68.77458030170433
2024-01-18,0.6570367962541426,84.2978209594065,0.2636076857689477,37.208224846286974,0.7034655039889515,69.47804580569328
2024-01-19,0.6570367962541426,87.32019022217555,0.2636076857689477,39.02711787809271,4.841262294574797,74.31930810026807
2024-01-22,0.6570367962541426,87.91152333880429,0.2636076857689477,39.59387440249594,1.1580896410319639,75.47739774130004
2024-01-23,0.6570367962541426,88.07578253786782,0.2636076857689477,39.857482088264895,0.4278668848324898,75.90526462613252
2024-01-24,0.6570367962541426,88.0429306980551,0.2636076857689477,39.91020362541869,0.019869697341071912,75.9251343234736
2024-01-25,0.6570367962541426,89.12704141187444,0.2636076857689477,40.463779765533474,1.6376868539341274,77.56282117740773
2024-01-26,0.6570367962541426,89.12704141187444,0.2636076857689477,40.358336691225894,-0.10544307430757982,77.45737810310015
2024-01-29,0.6570367962541426,89.68552268869045,0.2636076857689477,41.04371667422516,1.2438612598152758,78.70123936291543
2024-01-30,0.6570367962541426,89.45555981000152,0.2636076857689477,40.89873244705224,-0.37494710586185676,78.32629225705358
2024-01-31,0.6570367962541426,88.27289357674405,0.2636076857689477,40.068368236880055,-2.013030443429649,76.31326181362394
2024-02-01,0.6570367962541426,88.27289357674405,0.2636076857689477,40.23971323262987,0.17134499574981277,76.48460680937376
2024-02-02,0.6570367962541426,88.76567117393466,0.2636076857689477,40.83283052561001,1.0858948901707492,77.57050169954451
2024-02-05,0.6570367962541426,89.32415245075067,0.2636076857689477,40.872371678475346,0.5980224296813503,78.16852412922586
2024-02-15,0.6570367962541426,93.52918794677718,0.2636076857689477,43.54798968903016,6.880653506581325,85.04917763580718
2024-02-16,0.6570367962541426,92.83929931071036,0.2636076857689477,43.44254661472259,-0.7953317103743984,84.25384592543278
2024-02-19,0.6570367962541426,92.70789195145952,0.2636076857689477,43.495268151876374,-0.07868582209705721,84.17516010333573
2024-02-20,0.6570367962541426,93.0692621893993,0.2636076857689477,43.79841699051067,0.6645190765740736,84.83967917990981
2024-02-21,0.6570367962541426,92.77359563108493,0.2636076857689477,43.54798968903016,-0.5460938597948726,84.29358532011494
2024-02-22,0.6570367962541426,93.82485450509157,0.2636076857689477,44.52333812637527,2.0266073113517464,86.32019263146668
2024-02-23,0.6570367962541426,94.44903946153299,0.2636076857689477,44.66832235354819,0.7691691836143448,87.08936181508102
2024-02-26,0.6570367962541426,94.58044682078382,0.2636076857689477,44.945110423605584,0.40819542930822195,87.49755724438924
2024-02-27,0.6570367962541426,94.18622474303133,0.2636076857689477,44.51015774208682,-0.829174759271254,86.66838248511799
2024-02-29,0.6570367962541426,94.15337290321864,0.2636076857689477,44.85284773358646,0.3098381516869466,86.97822063680493
2024-03-01,0.6570367962541426,93.82485450509157,0.2636076857689477,44.77376542785577,-0.40760070385776004,86.57061993294718
2024-03-04,0.6570367962541426,96.55155720954625,0.2636076857689477,46.48721538535393,4.440152661952837,91.01077259490002
2024-03-05,0.6570367962541426,97.34000136505122,0.2636076857689477,46.948528835449586,1.2497576056006352,92.26053020050065
2024-03-06,0.6570367962541426,97.79992712242912,0.2636076857689477,47.475744206987486,0.9871411289158019,93.24767132941645
2024-03-07,0.6570367962541426,100.06670406950592,0.2636076857689477,48.55653571864017,3.3475684587294765,96.59523978814593
2024-03-08,0.6570367962541426,101.47933318145232,0.2636076857689477,49.05739032160117,1.9134837149074002,98.50872350305333
2024-03-11,0.6570367962541426,100.4609261472584,0.2636076857689477,48.71470033010154,-1.3610970256935389,97.1476264773598
2024-03-12,0.6570367962541426,101.51218502126503,0.2636076857689477,49.769131073177334,2.1056896170824118,99.2533160944422
2024-03-13,0.6570367962541426,102.00496261845564,0.2636076857689477,49.72958992031199,0.4532364443252632,99.70655253876745
2024-03-14,0.6570367962541426,101.90640709901751,0.2636076857689477,49.663687998869754,-0.16445744088035497,99.5420950978871
2024-03-15,0.6570367962541426,100.52662982688382,0.2636076857689477,48.859684557274456,-2.183780713728993,97.3583143841581
2024-03-18,0.6570367962541426,101.44648134163961,0.2636076857689477,49.58460569313907,1.6447726506204035,99.0030870347785
2024-03-19,0.6570367962541426,101.21651846295067,0.2636076857689477,49.43962146596615,-0.37494710586185676,98.62813992891665
2024-03-20,0.6570367962541426,100.65803718613464,0.2636076857689477,49.04420993731273,-0.953892805469458,97.6742471234472
2024-03-21,0.6570367962541426,103.41759173040205,0.2636076857689477,51.16625180775275,4.881596414707438,102.55584353815465
2024-03-22,0.6570367962541426,103.28618437115121,0.2636076857689477,51.03444796486828,-0.26321120213531657,102.29263233601932
2024-03-25,0.6570367962541426,103.48329541002745,0.2636076857689477,51.179432192041205,0.34209526604917073,102.6347276020685
2024-03-26,0.6570367962541426,103.54899908965287,0.2636076857689477,50.87628335340691,-0.2374451590088782,102.39728244305962
2024-03-27,0.6570367962541426,103.58185092946557,0.2636076857689477,51.23215372919499,0.38872221560078657,102.7860046586604
2024-03-28,0.6570367962541426,103.08907333227498,0.2636076857689477,50.99490681200293,-0.7300245143826558,102.05598014427775
2024-03-29,0.6570367962541426,103.74611012852911,0.2636076857689477,51.32441641921412,0.9865464034653186,103.04252654774308
2024-04-01,0.6826084001247795,107.4425621796403,0.23677594336622282,46.06475978189865,-1.5632045862042716,101.4793219615388
2024-04-02,0.6826084001247795,108.97843107992105,0.23677594336622282,47.16576791855158,2.636877036933676,104.11619899847247
2024-04-03,0.6826084001247795,108.2275618397838,0.23677594336622282,46.538311668631096,-1.3783254900577333,102.73787350841474
2024-04-08,0.6826084001247795,108.84190939989608,0.23677594336622282,46.95266956952199,1.0287054610031703,103.7665789694179
2024-04-09,0.6826084001247795,111.43582132037025,0.23677594336622282,48.84687711645177,4.488119467403955,108.25469843682185
2024-04-10,0.6826084001247795,111.26516922033906,0.23677594336622282,48.692972753263724,-0.32455646321923837,107.93014197360262
2024-04-11,0.6826084001247795,110.92386502027668,0.23677594336622282,48.254937258036215,-0.7793396952898917,107.15080227831272
2024-04-12,0.6826084001247795,110.65082166022675,0.23677594336622282,48.31413124387777,-0.21384937420837247,106.93695290410434
2024-04-15,0.6826084001247795,109.21734401996473,0.23677594336622282,47.15392912138328,-2.5936797627565156,104.34327314134782
2024-04-16,0.6826084001247795,106.24799747942194,0.23677594336622282,44.395489381166776,-5.72778628075929,98.61548686058853
2024-04-17,0.6826084001247795,107.4425621796403,0.23677594336622282,45.4846587206514,2.283734039702992,100.89922090029152
2024-04-18,0.6826084001247795,108.5006051998337,0.23677594336622282,46.0174045932254,1.5907888927673923,102.49000979305892
2024-04-19,0.6826084001247795,103.00560757882923,0.23677594336622282,42.382893862553885,-9.129508351675987,93.36050144138292
2024-04-22,0.6826084001247795,102.69843379877307,0.23677594336622282,42.252667093702456,-0.43740054890758984,92.92310089247533
2024-04-23,0.6826084001247795,103.68821597895402,0.23677594336622282,43.022188909642686,1.759303996121183,94.68240488859652
2024-04-24,0.6826084001247795,106.72582335950928,0.23677594336622282,45.21236638578024,5.227784856692814,99.91018974528933
2024-04-25,0.6826084001247795,104.78038941915365,0.23677594336622282,43.80354952275122,-3.3542508033846516,96.55593894190469
2024-04-26,0.6826084001247795,106.4869104194656,0.23677594336622282,45.129494805602064,3.0324662831627975,99.58840522506748
2024-04-29,0.6826084001247795,108.398213939815,0.23677594336622282,46.763248814829005,3.545057529576333,103.1334627546438
2024-04-30,0.6826084001247795,108.02277931974636,0.23677594336622282,46.49095647995785,-0.6477269549397846,102.48573579970402
2024-05-02,0.6826084001247795,106.58930167948432,0.23677594336622282,45.72143466401762,-2.202999456202271,100.28273634350174
2024-05-03,0.6826084001247795,107.13538839958414,0.23677594336622282,45.93453301304723,0.7591850691294297,101.04192141263117
2024-05-06,0.6826084001247795,108.67125729986489,0.23677594336622282,47.08289633837341,2.6842322256069266,103.72615363823809
2024-05-07,0.6826084001247795,109.2856048599772,0.23677594336622282,47.36702747041288,0.8984786921517767,104.62463233038986
2024-05-08,0.6826084001247795,109.69516990005206,0.23677594336622282,47.63931980528403,0.68185737494602,105.30648970533588
2024-05-09,0.6826084001247795,109.55864822002711,0.23677594336622282,47.248639498729766,-0.5272019865792217,104.77928771875665
2024-05-10,0.6826084001247795,110.34364788017061,0.23677594336622282,47.982644923165054,1.5190050845787866,106.29829280333544
2024-05-13,0.6826084001247795,111.4699517403765,0.23677594336622282,48.37332522971933,1.5169841667601673,107.81527697009561
2024-05-14,0.6826084001247795,112.22082098051376,0.23677594336622282,49.02445907397644,1.402003084394373,109.21728005448998
2024-05-15,0.6826084001247795,113.75668988079451,0.23677594336622282,50.054434427619505,2.5658442539238138,111.78312430841379
2024-05-16,0.6826084001247795,114.30277660089432,0.23677594336622282,50.705568271876615,1.1972205643569183,112.9803448727707
2024-05-17,0.6826084001247795,114.16625492086938,0.23677594336622282,50.51614751718364,-0.3259424347179163,112.65440243805278
2024-05-20,0.6826084001247795,114.13212450086313,0.23677594336622282,50.492469922847015,-0.05780801434287497,112.59659442370992
2024-05-21,0.6826084001247795,113.99560282083819,0.23677594336622282,50.30304916815403,-0.3259424347179234,112.270651988992
2024-05-22,0.6826084001247795,116.04342802121252,0.23677594336622282,51.782898814192926,3.527674846413227,115.79832683540522
2024-05-23,0.6826084001247795,116.93081894137474,0.23677594336622282,51.984158366054224,1.0886504720235166,116.88697730742874
2024-05-24,0.6826084001247795,116.45299306128739,0.23677594336622282,51.842092800034486,-0.6198914461070899,116.26708586132165
2024-05-27,0.6826084001247795,118.0571228015806,0.23677594336622282,53.16803808288534,2.93007502314407,119.19716088446572
2024-05-28,0.6826084001247795,118.22777490161181,0.23677594336622282,53.62975117244947,0.6323651895953333,119.82952607406105
2024-05-29,0.6826084001247795,116.62364516131858,0.23677594336622282,52.55242063013315,-2.6814602826095495,117.1480657914515
2024-05-30,0.6826084001247795,114.60995038095048,0.23677594336622282,50.74108466338155,-3.8250307471196976,113.3230350443318
2024-05-31,0.6826084001247795,113.3129944207134,0.23677594336622282,50.22017758797586,-1.8178630356427732,111.50517200868903
2024-06-03,0.6826084001247795,115.73625424115637,0.23677594336622282,51.984158366054224,4.187240598521342,115.69241260721037
2024-06-04,0.6826084001247795,113.89321156081947,0.23677594336622282,50.52798631435195,-3.2992147320391823,112.39319787517118
2024-06-05,0.6826084001247795,114.9853850010191,0.23677594336622282,51.02521579542102,1.5894029212687002,113.98260079643988
2024-06-06,0.6826084001247795,118.91038330173659,0.23677594336622282,53.144360488548706,6.044142993845178,120.02674379028505
2024-06-07,0.6826084001247795,117.98886196156813,0.23677594336622282,52.96677853102404,-1.0991032976931194,118.92764049259193
2024-06-11,0.6826084001247795,118.2960357416243,0.23677594336622282,52.812874167836,0.15326941686812035,119.08090990946005
2024-06-12,0.6826084001247795,120.41212178201111,0.23677594336622282,54.008592681835424,3.311804554386242,122.39271446384629
2024-06-13,0.6826084001247795,122.15277320232929,0.23677594336622282,55.45292593636938,3.1849846748521315,125.57769913869842
2024-06-14,0.6826084001247795,122.86951202246031,0.23677594336622282,56.13957617213143,1.4033890558930722,126.98108819459149
2024-06-17,0.6826084001247795,122.86951202246031,0.23677594336622282,56.13957617213143,0.0,126.98108819459149
2024-06-18,0.6826084001247795,124.91733722283465,0.23677594336622282,57.8088465728633,3.717095601106209,130.6981837956977
2024-06-19,0.6826084001247795,128.2962488034523,0.23677594336622282,60.12925081785228,5.699315825606632,136.39749962130435
2024-06-20,0.6826084001247795,129.52494392367691,0.23677594336622282,61.36048572335664,2.4599300257289727,138.8574296470333
2024-06-21,0.6826084001247795,128.7399442635334,0.23677594336622282,60.62648029892136,-1.5190050845787937,137.33842456245452
2024-06-24,0.6826084001247795,125.59994562295944,0.23677594336622282,58.010106124724594,-5.756372814770728,131.5820517476838
2024-06-25,0.6826084001247795,125.53168478294695,0.23677594336622282,58.11665529923939,0.03828833450231173,131.62034008218612
2024-06-26,0.6826084001247795,126.52146696312788,0.23677594336622282,58.791466737833126,1.66459361877466,133.28493370096078
2024-06-27,0.6826084001247795,126.48733654312166,0.23677594336622282,58.42446402561548,-0.4011331322238689,132.88380056873692
2024-06-28,0.6826084001247795,127.27233620326514,0.23677594336622282,59.38340659624868,1.743942230776689,134.6277427995136
2024-07-01,0.6826084001247795,127.37472746328386,0.23677594336622282,59.38340659624868,0.10239126001872023,134.73013405953233
2024-07-02,0.6826084001247795,126.52146696312788,0.23677594336622282,58.507335605793656,-1.7293314906110098,133.00080256892133
2024-07-03,0.6826084001247795,128.05733586340864,0.23677594336622282,60.11741202068397,3.145945315171076,136.1467478840924
2024-07-04,0.6826084001247795,131.40211702402007,0.23677594336622282,62.674592209039176,5.901961348966637,142.04870923305904
2024-07-05,0.6826084001247795,130.92429114393272,0.23677594336622282,62.319428293989844,-0.8329897951366831,141.21571943792236
2024-07-08,0.6826084001247795,135.05407196468764,0.23677594336622282,64.33202381260274,6.142376339367814,147.35809577729017
2024-07-09,0.6826084001247795,134.91755028466267,0.23677594336622282,64.13076426074146,-0.33778123188625386,147.02031454540392
2024-07-10,0.6826084001247795,135.39537616475002,0.23677594336622282,64.63983253897882,0.9868941583247164,148.00720870372862
2024-07-11,0.6826084001247795,138.39885312529904,0.23677594336622282,66.74713843493821,5.110782856508408,153.11799156023704
2024-07-12,0.6826084001247795,134.03015936450046,0.23677594336622282,63.81111673719705,-7.304715458539739,145.8132761016973
2024-07-15,0.6826084001247795,134.26907230454412,0.23677594336622282,63.81111673719705,0.2389129400436616,146.05218904174097
2024-07-16,0.6826084001247795,134.37146356456284,0.23677594336622282,64.40305659561261,0.6943311184342846,146.74652016017527
2024-07-17,0.6826084001247795,132.4942904642197,0.23677594336622282,63.526985605157584,-2.7532440907981837,143.9932760693771
2024-07-18,0.6826084001247795,130.105161063783,0.23677594336622282,61.36048572335664,-4.555629282237646,139.43764678713944
2024-07-19,0.6826084001247795,127.13581452324019,0.23677594336622282,58.77962794066482,-5.550204323234624,133.88744246390482
2024-07-22,0.6826084001247795,123.34733790254765,0.23677594336622282,56.05670459195325,-6.511399969404103,127.37604249450072
2024-07-23,0.6826084001247795,127.16994494324643,0.23677594336622282,58.578368388803526,6.344270837549061,133.72031333204978
2024-07-26,0.6826084001247795,122.18690362233554,0.23677594336622282,54.849147280785516,-8.71226242892891,125.00805090312087
2024-07-29,0.6826084001247795,123.27907706253518,0.23677594336622282,55.287182776013026,1.5302089354271544,126.53825983854803
2024-07-30,0.6826084001247795,123.27907706253518,0.23677594336622282,55.42924834203276,0.1420655660197312,126.68032540456775
2024-07-31,0.6826084001247795,123.44972916256637,0.23677594336622282,55.39373195052782,0.13513570852625634,126.81546111309402
2024-08-01,0.6826084001247795,125.59994562295944,0.23677594336622282,57.29977829462592,4.056262804491169,130.8717239175852
2024-08-02,0.6826084001247795,119.25168750179897,0.23677594336622282,51.853931597202795,-11.794104818583598,119.0776190990016
2024-08-05,0.6570437576489593,104.30569652677228,0.2530136366991499,44.75811233207962,-22.041810240149864,97.03580885885174
2024-08-06,0.6570437576489593,110.05482940620068,0.2530136366991499,49.08464551963508,10.075666066983864,107.11147492583561
2024-08-07,0.6570437576489593,114.42417039456626,0.2530136366991499,52.95575416113208,8.240449629862574,115.35192455569819
2024-08-08,0.6570437576489593,112.05881286703001,0.2530136366991499,50.69128211267468,-4.6298295759936465,110.72209497970454
2024-08-09,0.6570437576489593,115.54114478256949,0.2530136366991499,53.56298688921003,6.354036692074828,117.07613167177936
2024-08-12,0.6570437576489593,116.9866410493972,0.2530136366991499,54.90395916371553,2.786468541333214,119.86260021311259
2024-08-13,0.6717472382143538,119.90688202126215,0.2354266907482389,51.41718925941538,-0.5665289324352045,119.29607128067738
2024-08-14,0.6717472382143538,121.41831330724445,0.2354266907482389,52.535466040469515,2.6297080670364323,121.92577934771381
2024-08-15,0.6717472382143538,120.47786717374434,0.2354266907482389,52.07638399351045,-1.3995281804591713,120.52625116725464
2024-08-16,0.6717472382143538,123.19844348851248,0.2354266907482389,54.36002289376837,5.004215215026058,125.53046638228071
2024-08-19,0.6717472382143538,123.36638029806608,0.2354266907482389,54.336480224693545,0.14439414047877364,125.67486052275947
2024-08-20,0.6717472382143538,123.43355502188751,0.2354266907482389,54.50127890821731,0.2319734073452011,125.90683393010468
2024-08-21,0.6717472382143538,122.12364790736953,0.2354266907482389,53.78322750143518,-2.027958521300114,123.87887540880456
2024-08-22,0.6717472382143538,121.48548803106588,0.2354266907482389,53.088718763727876,-1.3326686140109487,122.54620679479362
2024-08-23,0.6717472382143538,121.55266275488731,0.2354266907482389,53.35945945808835,0.3379154181819004,122.88412221297551
2024-08-26,0.6717472382143538,121.75418692635162,0.2354266907482389,53.55957214522435,0.4016368586003125,123.28575907157582
2024-08-27,0.6717472382143538,121.21678913578013,0.2354266907482389,53.51248680707471,-0.5844831287211321,122.70127594285469
2024-08-28,0.6717472382143538,122.92974459322674,0.2354266907482389,54.54836424636695,2.748832896738854,125.45010883959355
2024-08-29,0.6717472382143538,121.25037649769085,0.2354266907482389,53.54780081068694,-2.6799315312159067,122.77017730837764
2024-08-30,0.6717472382143538,121.82136165017306,0.2354266907482389,54.124596203020126,1.1477805448153973,123.91795785319303
2024-09-02,0.6717472382143538,121.48548803106588,0.2354266907482389,53.67728549059847,-0.7831843315288296,123.1347735216642
2024-09-03,0.6717472382143538,120.94809024049441,0.2354266907482389,53.02986209104081,-1.184821190129135,121.94995233153506
2024-09-04,0.6717472382143538,115.03671454420808,0.2354266907482389,47.92110290180403,-11.020134885523106,110.92981744601195
2024-09-05,0.6717472382143538,115.74204914433317,0.2354266907482389,48.41549895237533,1.199730650696381,112.12954809670833
2024-09-06,0.6717472382143538,117.38782987795832,0.2354266907482389,49.59263240611653,2.822914187366358,114.9524622840747
2024-09-09,0.6717472382143538,115.57411233477957,0.2354266907482389,48.27424293792639,-3.1321070113688947,111.8203552727058
2024-09-10,0.6717472382143538,115.77563650624387,0.2354266907482389,48.062358916252975,-0.01035985020911312,111.80999542249668
2024-09-11,0.6717472382143538,115.4397628871367,0.2354266907482389,47.72099021466802,-0.6772423206921303,111.13275310180455
2024-09-12,0.6717472382143538,119.77253257361929,0.2354266907482389,51.02873521968078,7.640514691495355,118.77326779329991
2024-09-13,0.6717472382143538,119.83970729744073,0.2354266907482389,51.487817266639844,0.526256770780499,119.2995245640804
2024-09-16,0.6717472382143538,120.07481883081574,0.2354266907482389,51.699701288313264,0.4469955550484386,119.74652011912883
2024-09-18,0.6717472382143538,119.47024631642282,0.2354266907482389,50.86393653615702,-1.4403372665491716,118.30618285257967
2024-09-19,0.6717472382143538,121.01526496431583,0.2354266907482389,52.58255137861916,3.2636334903551543,121.56981634293481
2024-09-20,0.6717472382143538,122.56028361220883,0.2354266907482389,53.21820344363941,2.1806707129132548,123.75048705584807
2024-09-23,0.6717472382143538,123.09768140278032,0.2354266907482389,53.959797519496355,1.2789918664284343,125.0294789222765
2024-09-24,0.6717472382143538,124.27323906965545,0.2354266907482389,54.677848926278486,1.8936090736572524,126.92308799593374
2024-09-25,0.6717472382143538,126.12054397474492,0.2354266907482389,56.314064426978746,3.483520405789733,130.40660840172347
2024-09-26,0.6717472382143538,127.16175219397718,0.2354266907482389,56.92617382292417,1.6533176151776843,132.05992601690116
2024-09-27,0.6717472382143538,126.89305329869143,0.2354266907482389,56.8555458156997,-0.3393269025102228,131.72059911439095
2024-09-30,0.6717472382143538,123.56790446953038,0.2354266907482389,53.9009408468093,-6.279753798051452,125.4408453163395
2024-10-01,0.6717472382143538,123.33279293615536,0.2354266907482389,54.14813887209495,0.012086491910629604,125.45293180825013
2024-10-04,0.6717472382143538,123.33279293615536,0.2354266907482389,53.70082815967329,-0.447310712421654,125.00562109582847
2024-10-07,0.6717472382143538,126.38924287003067,0.2354266907482389,56.078637736230505,5.4342595104325255,130.439880606261
2024-10-08,0.6717472382143538,125.78467035563774,0.2354266907482389,55.06630296601308,-1.616907284610349,128.82297332165064
2024-10-09,0.6717472382143538,126.96022802251287,0.2354266907482389,55.56069901658438,1.6699537174464183,130.49292703909705
2024-10-11,0.6717472382143538,129.07623182288808,0.2354266907482389,56.86731715023711,3.4226219340279442,133.915548973125
2024-10-14,0.6717472382143538,129.17699390862023,0.2354266907482389,57.22045718635947,0.4539021218545116,134.36945109497952
2024-10-15,0.6717472382143538,131.93115758529908,0.2354266907482389,58.715416672610786,4.249123162930161,138.6185742579097
2024-10-16,0.6717472382143538,129.64721697537027,0.2354266907482389,57.326399197196174,-3.672958085343417,134.94561617256628
2024-10-17,0.6717472382143538,129.84874114683458,0.2354266907482389,57.70308190239336,0.578206876661497,135.52382304922776
2024-10-18,0.6717472382143538,133.0731278902635,0.2354266907482389,59.77483678097786,5.296141622013408,140.81996467124117
2024-10-21,0.6717472382143538,133.03954052835277,0.2354266907482389,59.84546478820233,0.03704064531375195,140.85700531655493
2024-10-22,0.6717472382143538,132.53573009969202,0.2354266907482389,59.680666104678565,-0.6686091121845195,140.1883962043704
2024-10-23,0.6717472382143538,131.66245869001335,0.2354266907482389,58.78604467983525,-1.7678928345219802,138.42050336984843
2024-10-24,0.6717472382143538,130.85636200415613,0.2354266907482389,58.12684994574019,-1.4652914199522868,136.95521194989615
2024-10-25,0.6717472382143538,131.93115758529908,0.2354266907482389,58.97438603243385,1.922331667836609,138.87754361773275
2024-10-28,0.6717472382143538,131.69604605192407,0.2354266907482389,58.46821864732513,-0.7412789184837223,138.13626469924904
2024-10-29,0.6717472382143538,128.63959611804876,0.2354266907482389,56.50240577957734,-5.022262801623107,133.11400189762594
2024-10-30,0.6717472382143538,128.84112028951307,0.2354266907482389,56.27875042336652,-0.022131184746505994,133.09187071287943
2024-11-01,0.6717472382143538,127.96784887983439,0.2354266907482389,55.713726365570736,-1.438295467474461,131.65357524540497
2024-11-04,0.6717472382143538,129.61362961345955,0.2354266907482389,56.9614878265364,2.8935421945908217,134.5471174399958
2024-11-05,0.6717472382143538,130.08385268020962,0.2354266907482389,57.208685851822054,0.7174210920357211,135.2645385320315
2024-11-06,0.6717472382143538,131.12506089944185,0.2354266907482389,58.09153594212795,1.9240583095381254,137.18859684156962
2024-11-07,0.6717472382143538,132.63649218542415,0.2354266907482389,59.245126726794325,2.665022070648675,139.85361891221828
2024-11-08,0.6717472382143538,133.6777004046564,0.2354266907482389,59.83369345366492,1.629774946102856,141.48339385832114
2024-11-11,0.6717472382143538,133.74487512847784,0.2354266907482389,59.7159801082908,-0.05053862155268263,141.43285523676846
2024-11-12,0.6717472382143538,130.31896421358462,0.2354266907482389,56.431777772352866,-6.7101132508311565,134.72274198593732
2024-11-13,0.6717472382143538,129.4792801658167,0.2354266907482389,56.14926574345498,-1.1221960766658015,133.60054590927152
2024-11-14,0.6717472382143538,128.30372249894157,0.2354266907482389,55.113388304162726,-2.211435106167393,131.38911080310413
2024-11-15,0.6717472382143538,129.21058127053095,0.2354266907482389,56.03155239808086,1.8250228655075205,133.21413366861165
2024-11-18,0.6717472382143538,127.3968637273522,0.2354266907482389,54.64253492266625,-3.2027350185933656,130.0113986500183
2024-11-19,0.6717472382143538,129.1434065467095,0.2354266907482389,56.125723074380154,3.22973097107122,133.2411296210895
2024-11-20,0.6717472382143538,128.606008756138,0.2354266907482389,55.60778435473403,-1.0553365102176286,132.18579311087188
2024-11-21,0.6717472382143538,127.19533955588788,0.2354266907482389,54.73670559896555,-2.281747956018606,129.9040451548533
2024-11-22,0.6717472382143538,129.68080433728102,0.2354266907482389,56.59657645587664,4.3453356383042205,134.2493807931575
2024-11-25,0.6717472382143538,129.21058127053095,0.2354266907482389,56.73783247032558,-0.3289670523011239,133.9204137408564
2024-11-26,0.6717472382143538,127.53121317499506,0.2354266907482389,55.00744629332602,-3.4097542725354515,130.51065946832094
2024-11-27,0.6717472382143538,125.68390826990559,0.2354266907482389,53.41831613077541,-3.436435067640083,127.07422440068086
2024-11-28,0.6717472382143538,125.4823840984413,0.2354266907482389,53.10049009826529,-0.5193502039744047,126.55487419670646
2024-11-29,0.6717472382143538,125.78467035563774,0.2354266907482389,53.500715472537294,0.7025116314684468,127.2573858281749
2024-12-02,0.6717472382143538,128.7739455656916,0.2354266907482389,55.45475700574768,4.943316743264248,132.20070257143914
2024-12-03,0.6717472382143538,130.52048838504894,0.2354266907482389,56.773146473937814,3.064932287547464,135.2656348589866
2024-12-04,0.6717472382143538,131.29299770899544,0.2354266907482389,57.679539233318536,1.6789020833272303,136.94453694231385
2024-12-05,0.6717472382143538,131.9983323091205,0.2354266907482389,57.761938575080414,0.7877339418869482,137.7322708842008
2024-12-06,0.6717472382143538,131.49452188045976,0.2354266907482389,57.52651188433217,-0.7392371194089975,136.9930337647918
2024-12-09,0.6717472382143538,131.66245869001335,0.2354266907482389,57.49119788071994,0.13262280594135945,137.12565657073316
2024-12-10,0.6717472382143538,130.72201255651325,0.2354266907482389,56.843774481162285,-1.5878695330577557,135.5377870376754
2024-12-11,0.6717472382143538,129.58004225154886,0.2354266907482389,55.854982380019685,-2.1307624061069887,133.40702463156842
2024-12-12,0.6717472382143538,131.09147353753116,0.2354266907482389,56.83200314662487,2.4884520525874834,135.8954766841559
2024-12-13,0.6717472382143538,131.19223562326331,0.2354266907482389,56.58480512133922,-0.14643593955349132,135.7490407446024
2024-12-16,0.6717472382143538,131.72963341383476,0.2354266907482389,56.266979088829096,0.21957175806132057,135.96861250266375
2024-12-17,0.6717472382143538,132.4013806520491,0.2354266907482389,56.914402488386756,1.319170637772011,137.28778314043575
2024-12-18,0.6717472382143538,132.4013806520491,0.2354266907482389,56.914402488386756,0.0,137.28778314043575
2024-12-19,0.6717472382143538,130.58766310887037,0.2354266907482389,55.60778435473403,-3.1203356768314663,134.16744746360428
2024-12-20,0.6717472382143538,129.37851808008455,0.2354266907482389,54.560135580904365,-2.2567938026154906,131.91065366098877
2024-12-23,0.6717472382143538,132.50214273778127,0.2354266907482389,57.18514318274723,5.7486322595395905,137.65928592052836
2024-12-24,0.6717472382143538,132.87160371879918,0.2354266907482389,57.22045718635947,0.4047749846301443,138.0640609051585
2024-12-25,0.6717472382143538,133.2746520617278,0.2354266907482389,57.77370990961783,0.9563010661869882,139.0203619713455
2024-12-26,0.6717472382143538,133.17388997599565,0.2354266907482389,57.63245389516889,-0.24201810018109882,138.7783438711644
2024-12-27,0.6717472382143538,133.61052568083497,0.2354266907482389,57.926737258604184,0.7309190682746163,139.509262939439
2024-12-30,0.6717472382143538,132.87160371879918,0.2354266907482389,57.02034449922346,-1.6453147214165114,137.86394821802247
2024-12-31,0.6717472382143538,131.49452188045976,0.2354266907482389,56.58480512133922,-1.8126212162236612,136.05132700179882
