bootstrap_id,delta_svm_minus_mnir
0,0.0777503369982821
1,0.06760305911619552
2,0.08544211681976871
3,0.08389357272978648
4,0.09000012911042898
5,0.08515141376017349
6,0.07402224625625486
7,0.065577401900338
8,0.05321780180997315
9,0.07276303859089561
10,0.068969546360992
11,0.05037959896774069
12,0.08184895040008272
13,0.06328183561152684
14,0.09934205487262965
15,0.06821951975989693
16,0.06508510050205207
17,0.0886983883186458
18,0.08482439096896005
19,0.08876941431427526
20,0.07551520915755272
21,0.07136565701835212
22,0.05578703922623518
23,0.07388872010121417
24,0.06785602014971476
25,0.07826668168108186
26,0.08232836405440502
27,0.05909706422565614
28,0.06213864360153459
29,0.05048193582968846
30,0.07217042868850787
31,0.10033177721977726
32,0.09733802700094873
33,0.04384300484589482
34,0.10225728865894318
35,0.07114561242935591
36,0.05993475681972349
37,0.07823747421089977
38,0.0765344775620807
39,0.06108975369867564
40,0.08098200513838966
41,0.09523959086775474
42,0.07892155634549552
43,0.08628416795319538
44,0.0456945911334814
45,0.048864629471182364
46,0.07335833713003537
47,0.09927157057225183
48,0.0800901044510351
49,0.0724783171292604
50,0.06674249925237652
51,0.05160634604171377
52,0.07910372878003791
53,0.0725043286364041
54,0.06767957941430236
55,0.05629031565243664
56,0.05937581585416224
57,0.08518449347109391
58,0.09591902721487255
59,0.07397002785212003
60,0.11795736423508896
61,0.06002969169586858
62,0.09468400639181385
63,0.07249127504072378
64,0.0834848771483565
65,0.07134011655817107
66,0.08080469930785222
67,0.0692904033460362
68,0.09163460846876215
69,0.07592567880450146
70,0.06435598640484758
71,0.06877363176270418
72,0.06458667951578156
73,0.06820565814472063
74,0.06840950800218254
75,0.09984435187186985
76,0.0741949759607411
77,0.08323278408186957
78,0.09384288499927784
79,0.06514229339017735
80,0.05262963536109688
81,0.05360508773021744
82,0.057297823618031374
83,0.08265454480982809
84,0.07250181980283693
85,0.09940406962419901
86,0.10016102555347939
87,0.09758056912288082
88,0.055766273891012186
89,0.069922832320717
90,0.06966697402713223
91,0.11249301269135303
92,0.07556759624134096
93,0.05992784773176374
94,0.06217991131680384
95,0.10374161808605636
96,0.07625623305657242
97,0.067344851908053
98,0.07251031857337975
99,0.07163457464851014
100,0.07605720013389478
101,0.07527874909153748
102,0.06267596942955406
103,0.06502924362997603
104,0.10559319242525322
105,0.07579734028998747
106,0.0781751902218521
107,0.08580992349066463
108,0.08381286356029993
109,0.08606620816547905
110,0.06306677784146475
111,0.04500772530023489
112,0.08751576941478223
113,0.09318798991938404
114,0.09094873812261872
115,0.07562128577795957
116,0.07040268434207836
117,0.060549867981097516
118,0.08753827960919636
119,0.10464018020650562
120,0.08681944378044543
121,0.05492254033375871
122,0.090273558692755
123,0.09377481559399475
124,0.0821927125959081
125,0.08487751736622651
126,0.10266558362077266
127,0.057434484014856846
128,0.07830390097523798
129,0.09799469476753941
130,0.09688672481157407
131,0.09338162045439136
132,0.1043120790246807
133,0.07338771518600767
134,0.07885959587677016
135,0.09572577698004137
136,0.10367502223658126
137,0.0724638600778923
138,0.07762905478010651
139,0.04509667103468645
140,0.09595705117078801
141,0.08839557731881265
142,0.05116373900290372
143,0.08359007439454852
144,0.05165899045756306
145,0.07690112541917127
146,0.059770460907133005
147,0.11383998426709568
148,0.07267472659276863
149,0.0805126241902906
150,0.06251587149688975
151,0.10201812386729175
152,0.07521886640697512
153,0.05104278750445279
154,0.09720696281994101
155,0.08475825068357762
156,0.06748292885569013
157,0.0767678650081004
158,0.09327542951459178
159,0.09219637260533292
160,0.05570324335368776
161,0.07145308372824954
162,0.07808645736180181
163,0.07792163782447964
164,0.07971025427769995
165,0.09907080314761435
166,0.07285019643760121
167,0.0988664593693116
168,0.0769420857528294
169,0.07873337486719567
170,0.08187019601982237
171,0.07088816331267489
172,0.058296807169603004
173,0.0787843154837563
174,0.05447300822191359
175,0.0329465968522995
176,0.08800543820621592
177,0.06671852501110032
178,0.05091322701223533
179,0.0705743112478775
180,0.08380471774060433
181,0.06961489712964808
182,0.07801418510630492
183,0.07089398748900894
184,0.08012742592696359
185,0.0864719438882518
186,0.10312850755375186
187,0.08395572284365982
188,0.05548831097519591
189,0.08843837600777488
190,0.06782104939031375
191,0.09596047564264143
192,0.07211630708440347
193,0.07629812388318663
194,0.0649243513416477
195,0.061250921934606295
196,0.09309715680775976
197,0.06260745621419267
198,0.08891077688121368
199,0.09986247881075022
200,0.06627124526162625
201,0.09724066639100692
202,0.07824014982810468
203,0.06688765565725574
204,0.0709064068613171
205,0.0718084845742698
206,0.08353118159761147
207,0.06663109459514727
208,0.055385997067635306
209,0.06801488998131128
210,0.1065832051482668
211,0.08827662806503983
212,0.08552941485310345
213,0.08361265932918915
214,0.06761694553571479
215,0.05409881808622202
216,0.08876109817779843
217,0.0771923905143016
218,0.10210404979676091
219,0.0818891447845368
220,0.04687863375832724
221,0.07263157865694758
222,0.09109386323182289
223,0.07171809717138955
224,0.09786273312940463
225,0.08464712983519301
226,0.06539875925784994
227,0.0795294078976489
228,0.08547178658127313
229,0.07166662392812984
230,0.0830781303387107
231,0.0627223432256736
232,0.07072060620477005
233,0.09170690622337607
234,0.09163145633145159
235,0.04615012918107686
236,0.07975464808276639
237,0.03984846802744518
238,0.07361652809811048
239,0.07538870728538294
240,0.058703003629646644
241,0.05018606139450671
242,0.1042148867677235
243,0.04017394261788432
244,0.0730518793834467
245,0.09807748484428319
246,0.06464346242519359
247,0.06925170271837683
248,0.07521065842673269
249,0.0838430571032579
250,0.06323451492818588
251,0.08253068144114206
252,0.06568446276390533
253,0.047220999765828
254,0.07154853440987252
255,0.08812891080647117
256,0.08448943721047653
257,0.06863096009073244
258,0.06965362361703431
259,0.06220061039838182
260,0.06867462380144473
261,0.04129416440173023
262,0.08136280120644018
263,0.08592032496116342
264,0.07738707142834872
265,0.06621877542954491
266,0.10958244358092811
267,0.06343365897113584
268,0.0777895329719584
269,0.08038447980311764
270,0.048235675333675176
271,0.05992634063512525
272,0.053546165493147724
273,0.06370066587098377
274,0.07988665307308046
275,0.07820068389283341
276,0.06815232788980546
277,0.08442251543604562
278,0.08230355608917805
279,0.08912261527190984
280,0.09530566314293692
281,0.08769751138865889
282,0.08089811104571232
283,0.09225879586284247
284,0.04921691937389139
285,0.04823490567140737
286,0.08187976903673944
287,0.09296679101200939
288,0.05120620268467979
289,0.10309114708369604
290,0.06228443292410668
291,0.035811362638930255
292,0.07430062760878176
293,0.08589342252929338
294,0.082195220292474
295,0.07128821879861147
296,0.04559707722992651
297,0.08348357997879868
298,0.07101722681082201
299,0.09357156100927005
300,0.06836762660484286
301,0.07076828763215937
302,0.0808684358475864
303,0.07409691589269979
304,0.058855163016067025
305,0.07441315845920887
306,0.05954757636896396
307,0.08047158451943764
308,0.054194609737465094
309,0.060630774401182086
310,0.07155161736036658
311,0.042069935451976515
312,0.05881272568526258
313,0.0686217129871739
314,0.08522814836619325
315,0.07973723412429407
316,0.06915636059799668
317,0.08531856581677955
318,0.050957958144702276
319,0.0860844074560767
320,0.07035130751796109
321,0.11787166144139294
322,0.07647410420309331
323,0.06351120308389135
324,0.06982045149122745
325,0.09279653832313317
326,0.097137523152587
327,0.06948298957712146
328,0.08162616436767856
329,0.09251105824801814
330,0.08972738979727712
331,0.10963862498856392
332,0.08376122142473125
333,0.0748574631819875
334,0.08101085479900422
335,0.06418831065284564
336,0.06993145707182902
337,0.08904942731771093
338,0.08627931980704695
339,0.07484434809333979
340,0.08043245391695975
341,0.08320238525142082
342,0.06534669286648392
343,0.07493486249860543
344,0.0584485182987623
345,0.06149666933044612
346,0.0585955765368249
347,0.08005704635180777
348,0.05473098428576889
349,0.09231877309057801
350,0.07236915491664875
351,0.08157214187069795
352,0.051693496691327945
353,0.045978332271715605
354,0.07498503140190371
355,0.09791110384913038
356,0.06477056872799075
357,0.0661723330812426
358,0.06109276444986833
359,0.09684625498390675
360,0.06396378663942609
361,0.08053572818401328
362,0.09427898650116506
363,0.06856120158058049
364,0.0839460978205624
365,0.07376082364201403
366,0.09439446739056084
367,0.0375439328678841
368,0.09468688078765963
369,0.07942314686813184
370,0.0685131247230053
371,0.0951128902898864
372,0.049350256534356485
373,0.07767924332573106
374,0.0722154806390728
375,0.08141053050946107
376,0.08490957044295039
377,0.05526733453566596
378,0.11443843636902545
379,0.09328555843581943
380,0.08032866473485939
381,0.08813012852155544
382,0.05073223968694085
383,0.07413097460665408
384,0.06536634556319454
385,0.07517224398816597
386,0.07857050703240243
387,0.09691807917325884
388,0.08631679355083105
389,0.067497394853897
390,0.07845449261168835
391,0.10138329758627851
392,0.05594444809257049
393,0.08443808382032564
394,0.06407136709879474
395,0.08256935377374297
396,0.06061720075081234
397,0.08198598973612509
398,0.08356556952156918
399,0.06455341720162627
400,0.06253357209229782
401,0.10636730500180058
402,0.11576952995843726
403,0.07394374053143599
404,0.06977488328678388
405,0.04805444357244154
406,0.08862087566183147
407,0.08009256276256221
408,0.058214920711668616
409,0.08249474769243997
410,0.08253973146805899
411,0.05187857186334888
412,0.07727082861638007
413,0.06764471342272049
414,0.03524456891623684
415,0.07758246617997544
416,0.08941036933232338
417,0.058343678729620374
418,0.07248941285723515
419,0.07341243061810282
420,0.04877656608431147
421,0.06730972909042165
422,0.07354865002692529
423,0.08933931458134042
424,0.09375934014186049
425,0.09031804828272677
426,0.04864878238746667
427,0.06933557740741797
428,0.08577156677745817
429,0.06570828749487445
430,0.04926353156485502
431,0.08392961994828113
432,0.07743581825599971
433,0.08505585726062442
434,0.07097018525247722
435,0.06867507147000723
436,0.07169236938028278
437,0.0671789016325397
438,0.08074057520837336
439,0.08425790768720681
440,0.09573975893936121
441,0.07471968318782818
442,0.09129197679063639
443,0.07544890932739073
444,0.055193938744275084
445,0.05927871866002654
446,0.09545111828214048
447,0.06519624470571139
448,0.061513621218493464
449,0.07800461452679064
450,0.04510170754613646
451,0.06376370327822739
452,0.06887881694422393
453,0.09498723246830498
454,0.0865102447485257
455,0.07720251760448643
456,0.0895212261585655
457,0.05349686201351245
458,0.05792261720514247
459,0.08847419865415107
460,0.08437551493327716
461,0.0911444827078916
462,0.06004215452668782
463,0.08537523964791532
464,0.06397158019507404
465,0.0672170174853291
466,0.07239627775487939
467,0.07185546624795192
468,0.07354365312824673
469,0.10378070980872228
470,0.09329077809998387
471,0.04875201995649919
472,0.06620934314687799
473,0.11800198854443911
474,0.0610580438601373
475,0.06082547129349836
476,0.051828778013351895
477,0.05955612883412853
478,0.06281682015634177
479,0.07109714043076726
480,0.07574674587470354
481,0.09462041429465057
482,0.05875741239469823
483,0.0580890170634904
484,0.09053924135942709
485,0.06336627218420432
486,0.0866298204369052
487,0.09591006191549123
488,0.0730591779854276
489,0.06364954484942953
490,0.07321446270631471
491,0.041504503013914174
492,0.08384633294627808
493,0.11687101582724674
494,0.06604095910114821
495,0.09779882970351639
496,0.053532257386984805
497,0.08612312595802474
498,0.09882521088518498
499,0.07023307490241654
500,0.07512158459637236
501,0.07630555828522007
502,0.0823914590343039
503,0.08382733573460138
504,0.02930237958234083
505,0.07241523949698803
506,0.0633514120226108
507,0.03325957168858734
508,0.09979074014637207
509,0.08787780759980335
510,0.05603687250724354
511,0.09700682731042892
512,0.08266390041585625
513,0.07923101049848785
514,0.07102935680359734
515,0.07141649648383969
516,0.050895827940379834
517,0.09458170717642933
518,0.08593809819400094
519,0.030681804206717345
520,0.07332252947303391
521,0.09961532204689727
522,0.06180773601442335
523,0.0840563333045164
524,0.07278247831405171
525,0.04765833123540625
526,0.059513897645623426
527,0.074162957788178
528,0.06097044122330636
529,0.07172062096769921
530,0.08014858825362087
531,0.06661259966866556
532,0.0967886068241367
533,0.06230253152387377
534,0.10880237515081792
535,0.08469576778216148
536,0.0645704180036123
537,0.07142874184450781
538,0.07657222410158832
539,0.06573940072489609
540,0.07500062739338542
541,0.08766102128771791
542,0.08101430572041085
543,0.07825638799809681
544,0.05153538927374052
545,0.05117945010175745
546,0.08758648112349865
547,0.1082076387599401
548,0.09434189157912881
549,0.0765183372743789
550,0.07055522606849263
551,0.07823746285827526
552,0.07982763720689834
553,0.0989772211207669
554,0.1160142632197323
555,0.07575583731244107
556,0.0655129298238859
557,0.05583212512018665
558,0.06401632516550959
559,0.0793741261458007
560,0.06726467326401364
561,0.06557112114740965
562,0.09140189640623314
563,0.0718430682865675
564,0.08259276040032154
565,0.0824639038222661
566,0.07153878833114236
567,0.09882451131462766
568,0.07718648997940836
569,0.08247723709679167
570,0.06523598192332802
571,0.0638970474643133
572,0.09977850409334199
573,0.07883646900495156
574,0.09643891179348607
575,0.0771964370362031
576,0.08188037758048955
577,0.05904779752326217
578,0.0717344705348637
579,0.08296323180580278
580,0.07936617832788967
581,0.06282055172833984
582,0.05965133293035613
583,0.07941241280904882
584,0.05340350959374779
585,0.0916570017677617
586,0.09128392057307205
587,0.0708735364907851
588,0.05857605304676422
589,0.09471299440118935
590,0.05132573883730335
591,0.08294056266151872
592,0.09040206033763859
593,0.04051295909493613
594,0.051936278667430225
595,0.10319439659889557
596,0.061282505489335226
597,0.07306818584282804
598,0.05998165580462084
599,0.07710920123134551
600,0.09006288948299512
601,0.09084288002813717
602,0.10727683792165887
603,0.0856071055130106
604,0.07209027608726115
605,0.04436958158961607
606,0.058553124456495964
607,0.05704374828675446
608,0.06907212830785814
609,0.058551604657073764
610,0.08233710214356005
611,0.07988101333803127
612,0.07424056778104765
613,0.09639461262414828
614,0.07443220514449606
615,0.08588388762420296
616,0.06783979471424328
617,0.08359838741540221
618,0.08476610943422763
619,0.06559422333637155
620,0.0817366607231903
621,0.07349278008119431
622,0.05267903946816477
623,0.05651209076784264
624,0.0838128664112005
625,0.07037710318674001
626,0.09445515012861166
627,0.06742615272079444
628,0.05699130961040505
629,0.08066366543477338
630,0.06789685744665386
631,0.06397064406108532
632,0.08836327987711007
633,0.07874582486504489
634,0.04862924448970202
635,0.04901576490869558
636,0.06879856312420829
637,0.07522868864034088
638,0.05408450966135536
639,0.09158064158226087
640,0.07875292669809142
641,0.08926441443219368
642,0.06864213026994004
643,0.07634603205182677
644,0.09083780352835136
645,0.09153483003104335
646,0.06866384288721833
647,0.0903048577590132
648,0.08288947169772032
649,0.06620304494868512
650,0.05277237247330613
651,0.051866892441258305
652,0.07087142282830744
653,0.10035348475456896
654,0.07934419219125083
655,0.06821123186012423
656,0.08350132888660827
657,0.07994245222035928
658,0.09445803309313877
659,0.06991364177797788
660,0.07704122356248327
661,0.09124925220162822
662,0.07302187686197414
663,0.08904315774548843
664,0.07580565275993673
665,0.09585739974303631
666,0.08151432357943261
667,0.05719226364392205
668,0.044052948265175695
669,0.09748011081894664
670,0.09818516781646536
671,0.053972315929903536
672,0.07682222644524161
673,0.06860609346266577
674,0.0892989438247705
675,0.052851249040351544
676,0.08664373041675244
677,0.06188466490083128
678,0.074402231175901
679,0.07716868580653347
680,0.08985313617648694
681,0.07004908219360695
682,0.0636131225503902
683,0.0724964658177506
684,0.04455281031079367
685,0.06744327266282674
686,0.05804819908241626
687,0.08811437346357265
688,0.06026125457437809
689,0.05700671665065271
690,0.08077213661569482
691,0.07106676064066342
692,0.08731490220433663
693,0.08514317450271947
694,0.07323230201607916
695,0.06636768585561936
696,0.06018293861995938
697,0.06079801589378131
698,0.06998925939949263
699,0.06226340542752262
700,0.050094936995816464
701,0.07539954718117475
702,0.07000641651904393
703,0.09884249719874671
704,0.10597398216830761
705,0.07629378735935854
706,0.05381624104315935
707,0.07194539446658493
708,0.07873277465386785
709,0.07835165540083461
710,0.0839199197902572
711,0.08790084150667987
712,0.0772152207779288
713,0.05452790703803356
714,0.06186582780628763
715,0.08692672320090494
716,0.11622568552089241
717,0.06233055757556294
718,0.0687604221920759
719,0.08520160505948277
720,0.09967615722984446
721,0.06845610803490038
722,0.07694405809686805
723,0.09860705787176643
724,0.059858304466647916
725,0.07144326425971165
726,0.04682722391966593
727,0.06019733459847393
728,0.08207009787690583
729,0.06403509193572493
730,0.06095169857733451
731,0.10185786868252772
732,0.07535513297029306
733,0.09962838182099182
734,0.07263230968816725
735,0.08226401292562147
736,0.07132152053459229
737,0.06134469533465042
738,0.07804446481007293
739,0.04739835074799292
740,0.04858351453011622
741,0.06883400449787036
742,0.07742603997180608
743,0.0687446762008409
744,0.06971653729645716
745,0.05789939497052654
746,0.07010927928148492
747,0.079569723538991
748,0.06042607969447594
749,0.06767622471955759
750,0.055444490179285266
751,0.08003028152911096
752,0.08734760940167108
753,0.05347648004751959
754,0.053470462781551764
755,0.08062879754083124
756,0.07657758871275644
757,0.07578161448173387
758,0.08194659582078645
759,0.09133846144295432
760,0.08853541166443657
761,0.09399560248651129
762,0.05111703799318773
763,0.09267459549105378
764,0.08926033439167047
765,0.047018375969764714
766,0.03920264282815544
767,0.053328409502265806
768,0.08431059112022127
769,0.08686811957151874
770,0.08178848474204437
771,0.06896068517329385
772,0.07928351367476305
773,0.045839417240981506
774,0.07959441898707925
775,0.08309485997477883
776,0.0811348292455561
777,0.07429161684089952
778,0.061466058809506785
779,0.07339039299764966
780,0.09108989389106337
781,0.08710315959512582
782,0.07134683470705866
783,0.059380546031974846
784,0.06807308294494951
785,0.058995064636170214
786,0.0733045263632483
787,0.06148397398116645
788,0.04083980394899844
789,0.0681067511450606
790,0.08264921442415035
791,0.07252550583975115
792,0.07742126063923638
793,0.06730574613919738
794,0.06396178888927112
795,0.05643872171936193
796,0.07365663166703396
797,0.05583332530605467
798,0.05750263872315642
799,0.04663702204527226
800,0.0788121611626394
801,0.08645217866049726
802,0.06732144222664077
803,0.09162620392813975
804,0.041837328802524165
805,0.07048056665835761
806,0.06530108035566223
807,0.07191712780217435
808,0.08543617630935713
809,0.04466597041812642
810,0.07499942738145582
811,0.0810427818402602
812,0.07391098952748171
813,0.07139751402361594
814,0.07453158581576141
815,0.05216002427169519
816,0.10117454643835744
817,0.08778367520804192
818,0.08169064199565584
819,0.0792067176238514
820,0.06261235104641605
821,0.07848249001628477
822,0.05639039100346749
823,0.046483785242096454
824,0.052619094769508656
825,0.06451851800174141
826,0.05271089397536677
827,0.07696099450010335
828,0.0983778066389766
829,0.07009052775676117
830,0.0780521042661384
831,0.07078332678259952
832,0.08347430904623965
833,0.0877758507047054
834,0.07287635606655546
835,0.06076700543585206
836,0.06655101963956389
837,0.08130630641780412
838,0.08169653559186918
839,0.07471645014541539
840,0.056795289004687555
841,0.09348448310988272
842,0.05970493834769808
843,0.06526285557543843
844,0.07596459888935625
845,0.0740024065882744
846,0.06917873479711661
847,0.07508974804448976
848,0.07170159983376467
849,0.07121875695359153
850,0.08379410714377922
851,0.07708413058651636
852,0.05607963010544659
853,0.04615859928860261
854,0.05976784751155623
855,0.09073850324056915
856,0.09945017523762517
857,0.07072545470669028
858,0.11734196134153074
859,0.07674442292512124
860,0.05463214226552149
861,0.051266489628842504
862,0.07964888453888552
863,0.06153668120782091
864,0.07385934100575686
865,0.041497590900715864
866,0.05823752949654254
867,0.08363880249249683
868,0.06977908085740864
869,0.0655380598205581
870,0.0732035341877626
871,0.07508781530904662
872,0.0860866026068079
873,0.05210485367421064
874,0.06861538041646847
875,0.06636369014093507
876,0.09613933365042521
877,0.0526127766892624
878,0.0770949826143657
879,0.06358961354763193
880,0.0908678702747141
881,0.08818354317576282
882,0.0826076144148371
883,0.05805839994386558
884,0.07783689435354835
885,0.09020523502893829
886,0.0831925219226789
887,0.059344739795882395
888,0.0768900866881595
889,0.0805913651405617
890,0.056729489725695026
891,0.07281289497810817
892,0.07879670371858971
893,0.08281233081726558
894,0.06775872846939912
895,0.06777816083294924
896,0.07429486801743779
897,0.0773842702185692
898,0.0685402170868471
899,0.09851983053385394
900,0.06489340580631264
901,0.095488811755222
902,0.05813512727892489
903,0.06866430438397109
904,0.09140351307752115
905,0.08277416090069739
906,0.08162821959562239
907,0.0673648411887176
908,0.07405530012113187
909,0.07202741166528748
910,0.06462235919325265
911,0.05817168189350019
912,0.07363655402741792
913,0.06296206981398234
914,0.07897172592052154
915,0.07289857939851618
916,0.08166327538331059
917,0.10779109937607673
918,0.08137842990284544
919,0.07302183161883213
920,0.10434146389461613
921,0.075134112489116
922,0.0894417430621054
923,0.09458706473214479
924,0.08170976552813364
925,0.07705222742070572
926,0.05791274225161025
927,0.05784494755274777
928,0.07874331665019146
929,0.08734216994027694
930,0.06529983142968893
931,0.07349235174255292
932,0.09024419412949164
933,0.05369826774557113
934,0.07294995393286857
935,0.09261558263921277
936,0.06474024582479715
937,0.04804338720192225
938,0.07092586363989567
939,0.05170810985623908
940,0.09772354492124824
941,0.06985789633519957
942,0.07658118156061433
943,0.07658854985379837
944,0.08283673296414273
945,0.10389685206897703
946,0.07840383224469966
947,0.05365312627817881
948,0.06510478990455693
949,0.08481642813479834
950,0.04957523544425757
951,0.096725888856252
952,0.0673070470023151
953,0.07349997830810207
954,0.06654758970513908
955,0.07065240073930174
956,0.09178042252866314
957,0.06560995897399413
958,0.07115927884402784
959,0.07578406849672864
960,0.09129727200486387
961,0.07386700777948862
962,0.06652941355915681
963,0.0815001568213734
964,0.08857474476287364
965,0.05980697877070884
966,0.0822940713082963
967,0.0966770826817897
968,0.0774413139224489
969,0.10257551698056133
970,0.10881216609098338
971,0.05601956296306598
972,0.05731536432356288
973,0.056632067051188895
974,0.07419045888055453
975,0.059657262988581816
976,0.05694099224215521
977,0.07450964465816118
978,0.09913093984872107
979,0.07481548712830488
980,0.07357723566409408
981,0.06303769925094194
982,0.06871492014988922
983,0.07285381827447573
984,0.07235119763316811
985,0.08516918434166676
986,0.08134593277410407
987,0.07754852113140032
988,0.06548980859174403
989,0.1006893044953866
990,0.07831980306788394
991,0.058392074189822174
992,0.04927236230534621
993,0.07421242177861864
994,0.09664738396876216
995,0.07677876882134665
996,0.04226914339724169
997,0.06978677666928307
998,0.06191903717182384
999,0.08986137504654912
1000,0.08428781297484572
1001,0.06696609743120718
1002,0.08958034102795809
1003,0.07175110930447404
1004,0.07252365298967345
1005,0.06876237738056956
1006,0.10410462068160847
1007,0.07854623114809745
1008,0.05562546559888448
1009,0.06027244088892009
1010,0.07203718157446592
1011,0.09124358345414652
1012,0.06612152768957852
1013,0.052984579815513244
1014,0.059389913092367685
1015,0.1154576550628173
1016,0.04860051389225689
1017,0.1003744131902361
1018,0.061658114028587285
1019,0.07141022118222407
1020,0.05550321841453998
1021,0.09931189614729236
1022,0.08086554572890198
1023,0.07383890178368685
1024,0.06083726814999513
1025,0.09738315871372594
1026,0.07902232056136499
1027,0.054597678586663256
1028,0.10285271814018482
1029,0.060655303746959544
1030,0.06634473693460269
1031,0.07605394070890797
1032,0.0747099096975602
1033,0.08291047136478413
1034,0.08829094077071653
1035,0.08638949572706434
1036,0.056371272733224176
1037,0.07840784250703597
1038,0.08897161101657325
1039,0.08804988798697705
1040,0.06982445214980598
1041,0.07870361690801897
1042,0.08176934213743259
1043,0.06569546725953895
1044,0.055772416726808105
1045,0.06678430018405523
1046,0.0774118807831522
1047,0.06152980004878539
1048,0.06810849716830875
1049,0.0521688263457914
1050,0.04619457403132737
1051,0.06678837067483928
1052,0.05600087710199214
1053,0.07527395731044284
1054,0.03404636455856308
1055,0.09171402242155224
1056,0.06117568540871493
1057,0.07513391992797258
1058,0.07786872928111255
1059,0.07157020430708538
1060,0.09097189823130813
1061,0.02999363461368665
1062,0.10009306945122881
1063,0.08025951704697865
1064,0.07261955712292945
1065,0.033752342778234856
1066,0.06925545628968843
1067,0.06768858148461543
1068,0.06782946852236377
1069,0.06321556882412693
1070,0.07542184460787787
1071,0.07919926053448456
1072,0.06683268078165827
1073,0.047848489015164974
1074,0.07441336921760527
1075,0.04465211704724931
1076,0.059941592599568605
1077,0.0883486182262232
1078,0.09300033395463003
1079,0.06851044420236763
1080,0.07120100242730881
1081,0.06666625826681533
1082,0.06389417141854808
1083,0.0783450971106367
1084,0.06117592250148207
1085,0.05510373276191827
1086,0.07639966972238188
1087,0.06076497334339698
1088,0.08450261635800493
1089,0.07236904462762522
1090,0.08880195656747147
1091,0.0612973232601553
1092,0.06363996108905617
1093,0.06681114094470364
1094,0.1063131677900262
1095,0.10005372189508566
1096,0.07593148701294755
1097,0.08439531922755639
1098,0.05845103045766603
1099,0.0715986789855797
1100,0.07766299110733388
1101,0.07510934555199622
1102,0.0819911631268998
1103,0.08513160839337736
1104,0.06444168726502908
1105,0.07720568296458286
1106,0.06976267133128133
1107,0.06602126131086572
1108,0.05930550090005643
1109,0.03948043562750159
1110,0.08283180975172166
1111,0.064397787925359
1112,0.06784149259190059
1113,0.0618087362054584
1114,0.05771509601821945
1115,0.07490786974528252
1116,0.0632266573994596
1117,0.060758476611906864
1118,0.05363261613765652
1119,0.046306047420809016
1120,0.08095523644555719
1121,0.08324265575795076
1122,0.06412204765823715
1123,0.1053977347064422
1124,0.07897868348992354
1125,0.0814503550940508
1126,0.07625895208193001
1127,0.08470733087269505
1128,0.0806522374170014
1129,0.09189323714312392
1130,0.054602257700340884
1131,0.06969387465354082
1132,0.07152495984155088
1133,0.07170984126213814
1134,0.09361504387650466
1135,0.05081955359253976
1136,0.07130724438146091
1137,0.05475939058980922
1138,0.05973918083231905
1139,0.09432370689024622
1140,0.07439219871724839
1141,0.08186459479959723
1142,0.07708786782274946
1143,0.06528935108324702
1144,0.062393687226560524
1145,0.0892484121028978
1146,0.08302383915250677
1147,0.055832990396133764
1148,0.07687391528287407
1149,0.0975649336507266
1150,0.056886375729417515
1151,0.04811083574909214
1152,0.07217860069378679
1153,0.07960669735031972
1154,0.08697013967332251
1155,0.08087096057181853
1156,0.07784798956841532
1157,0.07920385476948977
1158,0.07621027975024941
1159,0.10075656321789028
1160,0.07612430665971515
1161,0.09145251989162029
1162,0.07438262068781737
1163,0.05927608191442174
1164,0.08969114331920547
1165,0.09357186253125016
1166,0.04461827321419376
1167,0.06888691653454626
1168,0.09112352888344483
1169,0.07806921911275772
1170,0.07015268370258482
1171,0.06309977503119835
1172,0.056818121924795184
1173,0.047075654802868405
1174,0.05358134690989497
1175,0.05773185294701255
1176,0.06610190673856636
1177,0.08699122297528117
1178,0.06892580716856045
1179,0.08867443727176771
1180,0.06696349275052782
1181,0.05591228403683074
1182,0.0824266017641872
1183,0.09526812356575703
1184,0.07258842649425629
1185,0.06448266110599721
1186,0.05711487392045983
1187,0.06356198331057589
1188,0.061920929357795806
1189,0.08617104413239901
1190,0.06541240054899639
1191,0.06099505935616384
1192,0.04036331431241219
1193,0.08149740117928572
1194,0.06635181800276141
1195,0.06861589239199001
1196,0.0731695798840854
1197,0.06428686792704091
1198,0.08258229623606023
1199,0.06320463357169881
1200,0.07635383193769163
1201,0.06222496054754234
1202,0.08568153013612223
1203,0.06924518532932827
1204,0.05769949907030919
1205,0.06973095010236963
1206,0.08588562538530614
1207,0.06259675106318657
1208,0.06380838424107993
1209,0.08847362081435489
1210,0.05636071453210195
1211,0.06083403295625234
1212,0.06791849420717755
1213,0.061773345074600416
1214,0.09794306050130447
1215,0.08884889638104981
1216,0.04146301154390403
1217,0.05263786901378936
1218,0.09071480080706384
1219,0.09812698246186408
1220,0.08913548378066727
1221,0.0703261769451401
1222,0.06771910840146456
1223,0.059965668275255624
1224,0.05789374383136614
1225,0.052623846944002906
1226,0.05074862882910158
1227,0.08196300082815117
1228,0.058187211351300894
1229,0.07752273915999547
1230,0.05503653575355383
1231,0.09081778151671682
1232,0.04235748095047043
1233,0.09930662826631659
1234,0.08359759352624879
1235,0.08195811511143647
1236,0.05523020611697549
1237,0.07364617721882949
1238,0.0704335346743078
1239,0.05766265697522249
1240,0.07298093003778583
1241,0.07109204858439411
1242,0.06465834718970842
1243,0.06118608616783988
1244,0.0779720328688403
1245,0.107881409512539
1246,0.06765825636711315
1247,0.07889024345723428
1248,0.056619291658713766
1249,0.08047955511316601
1250,0.10094766303017544
1251,0.06872178360325432
1252,0.10695365105400007
1253,0.04229722220163579
1254,0.06462887934531886
1255,0.09250469275676165
1256,0.07894453344265073
1257,0.08649809810452347
1258,0.06464201987278817
1259,0.10144721918494465
1260,0.10043953455938848
1261,0.07237868003545667
1262,0.07188090614889237
1263,0.07610015889126115
1264,0.0763939009350873
1265,0.07798651009082291
1266,0.06603545134238453
1267,0.06345825286561457
1268,0.06670846750200055
1269,0.08110533634746236
1270,0.08159198162560644
1271,0.05766938753172801
1272,0.09685984000353726
1273,0.08494338255654077
1274,0.08194966175561519
1275,0.08336681885660818
1276,0.05588453049829056
1277,0.059534851618702866
1278,0.07316117054259919
1279,0.05738452907274966
1280,0.08156759246111744
1281,0.10097259508147999
1282,0.046236236089403304
1283,0.05735163624703149
1284,0.09081400260180011
1285,0.061890749814028645
1286,0.07234024755742763
1287,0.06355802229235563
1288,0.09261168530409386
1289,0.064870894386646
1290,0.0777590542964256
1291,0.06421119082941223
1292,0.06783501879055354
1293,0.09027914852237778
1294,0.06336559036807388
1295,0.08651200127508057
1296,0.08710505307736632
1297,0.07942627178189654
1298,0.06217653231132475
1299,0.0697188385159268
1300,0.06774816911772996
1301,0.09743737146747711
1302,0.08340381799519025
1303,0.053633214221601444
1304,0.10086605445465069
1305,0.0453024607249794
1306,0.08475593877369741
1307,0.0874841269847082
1308,0.08114347366677216
1309,0.08348182829526796
1310,0.0644739904820788
1311,0.06702426392969563
1312,0.08074101473733691
1313,0.07346164735591715
1314,0.074772020351066
1315,0.05335348092622333
1316,0.06701406722873765
1317,0.05954665884261784
1318,0.07099668766396194
1319,0.08975690848400536
1320,0.07192526669887184
1321,0.07576670857105994
1322,0.09063138796213976
1323,0.064269895296593
1324,0.07490943170932385
1325,0.059117669058328826
1326,0.0567872831402681
1327,0.08660875964291997
1328,0.08029398732168569
1329,0.07233124561548443
1330,0.07054378428115793
1331,0.06433888522854658
1332,0.061751053683595736
1333,0.0642727641396279
1334,0.0996085822499449
1335,0.05972369452675075
1336,0.069241299548358
1337,0.0692903057291635
1338,0.09544307936874807
1339,0.09081989055128781
1340,0.07932151091945094
1341,0.07147996523297984
1342,0.05760354669304063
1343,0.058072059556527
1344,0.07148368453561155
1345,0.10153617265112602
1346,0.043494805183999896
1347,0.05306771212076683
1348,0.07887189297951686
1349,0.04805725266159511
1350,0.08332225461501386
1351,0.0666163114322616
1352,0.06649447124009344
1353,0.07833597371682433
1354,0.08192972279403765
1355,0.04972736737127298
1356,0.07955620188702434
1357,0.10585674358973196
1358,0.1039666495735373
1359,0.08886944694439014
1360,0.08279654051279711
1361,0.06939795080150624
1362,0.06328733147398546
1363,0.05599491363635972
1364,0.07866126514995891
1365,0.06561633209947082
1366,0.10058961759087759
1367,0.11553219084533878
1368,0.088584633640305
1369,0.06833661392058776
1370,0.06258853686112287
1371,0.05885012396459616
1372,0.07716494530034934
1373,0.08545014223907654
1374,0.0491555237034389
1375,0.07073919552121316
1376,0.08991244147885569
1377,0.0707593236709056
1378,0.09469092588914957
1379,0.09919238678684655
1380,0.07955625767826036
1381,0.07084662347673981
1382,0.05721158688961936
1383,0.05612864796523187
1384,0.07443221831199692
1385,0.06812973635724967
1386,0.08274900203660063
1387,0.08389829498414253
1388,0.0533073085792094
1389,0.06894428141944214
1390,0.07735790574373236
1391,0.06704042234205676
1392,0.08466936307555256
1393,0.06304336864861393
1394,0.060745717615110106
1395,0.049423326162334025
1396,0.08281080423372555
1397,0.0722283855685461
1398,0.057864632252077
1399,0.060994811644954405
1400,0.07510792287388507
1401,0.047794901288859326
1402,0.0843874514789143
1403,0.06207233432905013
1404,0.0503633161463401
1405,0.10426158769879129
1406,0.03736850382222312
1407,0.09139944353031132
1408,0.07363589325415337
1409,0.07986805042126516
1410,0.056509380905090056
1411,0.0672282546962154
1412,0.08539225047023319
1413,0.06692707192637226
1414,0.0826766882324863
1415,0.07053543612186752
1416,0.06457206935001858
1417,0.09073750465842789
1418,0.09831800595426371
1419,0.07608283091188617
1420,0.07630860366610231
1421,0.08023889804977952
1422,0.0864351402957173
1423,0.07967501681556582
1424,0.09274505404413186
1425,0.05718426390183662
1426,0.07087522540382307
1427,0.057221262929127714
1428,0.08814638987098761
1429,0.06915103406425199
1430,0.08416478767321744
1431,0.06454110223996756
1432,0.05965853255107578
1433,0.07645797508476476
1434,0.05724493270610559
1435,0.09861432522528757
1436,0.11853989420850958
1437,0.06984458450354941
1438,0.07920344515396799
1439,0.055746127267942924
1440,0.11222853571810792
1441,0.059213333062496265
1442,0.05660463637575702
1443,0.07016623096634783
1444,0.09634229775781905
1445,0.08735401387830061
1446,0.0738737373757945
1447,0.07991097598557595
1448,0.06989848908909502
1449,0.07311480563313305
1450,0.07457752852519717
1451,0.07653234500209993
1452,0.07602298813598174
1453,0.09335853164470997
1454,0.080347222926896
1455,0.0754782799023993
1456,0.0948748058907416
1457,0.08196440638580083
1458,0.07176811199950583
1459,0.04640000828374796
1460,0.08148994738500476
1461,0.07825758278217176
1462,0.060968727424679625
1463,0.08984352809459856
1464,0.05280716532526569
1465,0.03617599942731803
1466,0.0659707128900966
1467,0.09949594713165899
1468,0.08345749939922065
1469,0.07175329325382918
1470,0.06525424424217974
1471,0.08044690396815202
1472,0.07054197791066996
1473,0.06923130884049933
1474,0.045719998930098094
1475,0.08865370397186129
1476,0.10375990626387688
1477,0.07353501851669042
1478,0.09266636107301207
1479,0.08125835440378176
1480,0.09092211720388144
1481,0.0433910749302866
1482,0.08316696796111578
1483,0.07916868282988249
1484,0.05828175088192805
1485,0.09192300281649218
1486,0.05154379491556538
1487,0.05376820799553633
1488,0.06425304736648635
1489,0.0704591213759222
1490,0.07488508735459898
1491,0.07000841299481037
1492,0.04274460946207442
1493,0.09779222890592232
1494,0.053037807131064374
1495,0.0796886419749841
1496,0.06308152670842587
1497,0.0451015379878415
1498,0.050043154944738266
1499,0.06843373283235893
1500,0.053553033013725104
1501,0.08607301282300955
1502,0.06652437827417262
1503,0.06329305755171055
1504,0.07495842675031483
1505,0.07840983162201498
1506,0.06294042102950687
1507,0.05630196629504408
1508,0.07848915088239816
1509,0.07063647300776477
1510,0.07161808783733858
1511,0.056826789307806935
1512,0.08172798384793728
1513,0.08525128468146514
1514,0.0591727189216561
1515,0.0603276367710644
1516,0.0751380242515663
1517,0.0929285107386279
1518,0.08181087030796996
1519,0.04662062820114199
1520,0.037886992889620774
1521,0.078810375488163
1522,0.053964284467429124
1523,0.060777786138594914
1524,0.07984265453713435
1525,0.07245058204738536
1526,0.07311172717154174
1527,0.0973908178547227
1528,0.0738031164367759
1529,0.08720235579854435
1530,0.08996926976831343
1531,0.08993191588316812
1532,0.06781447564251786
1533,0.1001109747662507
1534,0.07006139912941955
1535,0.07700342844139246
1536,0.07894668689844031
1537,0.05863056990706339
1538,0.05100288546121068
1539,0.07255267929989778
1540,0.09228489296114184
1541,0.05999871679812879
1542,0.05466019485963863
1543,0.09893878133855044
1544,0.04516842309749991
1545,0.07153980832062523
1546,0.07159756812813711
1547,0.07047272801021282
1548,0.058956195975665926
1549,0.0813723368796162
1550,0.07525326755278133
1551,0.06384325248203554
1552,0.0708699474314265
1553,0.06025541931338829
1554,0.08741048602496826
1555,0.07971966109249967
1556,0.06819162419702329
1557,0.07144784046676744
1558,0.07503960904395257
1559,0.10794748695169754
1560,0.09437012920026677
1561,0.07545171712223003
1562,0.07827001646129383
1563,0.051593970637341224
1564,0.06153812837958972
1565,0.07295458020653905
1566,0.0660085215606454
1567,0.08138290545089188
1568,0.038850622729940665
1569,0.09513693007152774
1570,0.0629031908042254
1571,0.07086825770002769
1572,0.051651091220894896
1573,0.0993486738369711
1574,0.09632264768690268
1575,0.09107211604883908
1576,0.09509121974837809
1577,0.06485409480327892
1578,0.0865673925270492
1579,0.08860942307830716
1580,0.06928876526888961
1581,0.07270243819354694
1582,0.06739893295991228
1583,0.060774792046685566
1584,0.05827747607458611
1585,0.06069782468389756
1586,0.08282607851581186
1587,0.05879298878348643
1588,0.07483929963762337
1589,0.06428537308457694
1590,0.05667555969428717
1591,0.051814616881389164
1592,0.05088393121601409
1593,0.099634052335138
1594,0.10143106320293205
1595,0.07767704216355714
1596,0.06920310929348678
1597,0.07854443123319477
1598,0.08662018976115982
1599,0.051731778012525764
1600,0.07840858899114245
1601,0.051161393189288806
1602,0.06555570473546662
1603,0.09247069753038223
1604,0.08512245069431806
1605,0.06707350039238208
1606,0.0887891951020931
1607,0.07281439545698926
1608,0.06872133151689269
1609,0.10029601081754003
1610,0.09276222177817778
1611,0.05720310696408304
1612,0.06351908020151653
1613,0.08837086268915245
1614,0.06764751607343145
1615,0.08015878998450449
1616,0.04403931225964125
1617,0.050721188253716354
1618,0.06904495085060525
1619,0.08255737895521364
1620,0.07922357614442638
1621,0.09873687090875355
1622,0.06760706824402152
1623,0.0785301696928637
1624,0.07351609394059977
1625,0.0661817745039271
1626,0.07974392386214751
1627,0.06800551277001676
1628,0.06679770988482636
1629,0.05046644642345782
1630,0.05457076631296709
1631,0.08576417978394929
1632,0.08362490785574578
1633,0.08712972315166945
1634,0.06667316822983899
1635,0.07120055729916003
1636,0.04616554110106125
1637,0.0664816893826452
1638,0.07787998037966848
1639,0.0816332238232505
1640,0.09289052706286666
1641,0.06388320577580336
1642,0.0919545738078354
1643,0.08410513652351054
1644,0.08879575143100632
1645,0.06727708048424164
1646,0.08147563996435925
1647,0.0658786831291307
1648,0.07184783914405429
1649,0.062193034883885334
1650,0.10459633141170499
1651,0.09708333497563726
1652,0.056883379941095547
1653,0.06917161208337647
1654,0.06516959710585013
1655,0.08622114684395438
1656,0.07871128772515218
1657,0.055859291749494444
1658,0.06818162033663272
1659,0.08455265267067147
1660,0.06801428264852644
1661,0.07649450108442407
1662,0.0785643582964417
1663,0.07368756080132088
1664,0.05169141176797992
1665,0.07312841290624555
1666,0.12472286071973332
1667,0.08070539799961501
1668,0.08668315775958318
1669,0.07969497858775615
1670,0.10307505875928569
1671,0.05597901811465611
1672,0.06865674739386085
1673,0.06716550231538387
1674,0.06828759955724073
1675,0.09995237198486229
1676,0.07171306305744712
1677,0.060125813088513724
1678,0.08154422404515538
1679,0.05389018834081488
1680,0.08777738324176759
1681,0.09731405657004522
1682,0.11512612269962835
1683,0.08148292053633588
1684,0.052930868337292714
1685,0.07527688154950624
1686,0.06543834355034406
1687,0.07391877621216786
1688,0.05621850749958063
1689,0.060838340712077166
1690,0.05629449181261781
1691,0.07716466148228801
1692,0.07373705185486179
1693,0.054421874855081376
1694,0.07337766815619917
1695,0.05790431350894282
1696,0.04595039689596525
1697,0.044920027882081326
1698,0.07187488978149259
1699,0.04918100262116509
1700,0.08724213731285602
1701,0.06688709537126131
1702,0.04918261341068936
1703,0.04795982405484467
1704,0.044541844858714374
1705,0.06161750157490947
1706,0.07668627125831956
1707,0.09168695495060797
1708,0.0732424730899402
1709,0.09142836807981813
1710,0.047400859099579806
1711,0.0812758903174971
1712,0.057609441990163435
1713,0.054878978950177126
1714,0.09204364622982342
1715,0.07171396403510916
1716,0.07089536018205722
1717,0.07127096370150898
1718,0.05944664785197934
1719,0.07379691044828957
1720,0.07726882660140366
1721,0.08762656194806112
1722,0.08646696247042696
1723,0.07686774664709589
1724,0.042037503450707725
1725,0.0702041048864428
1726,0.07494168142447227
1727,0.05966498743798715
1728,0.068099121726864
1729,0.063961813630531
1730,0.08892985483900617
1731,0.06673356267523867
1732,0.09457156663457678
1733,0.07788322919135543
1734,0.04256869632641441
1735,0.07041494995043424
1736,0.07389915749936732
1737,0.053776631105596384
1738,0.06217613110755521
1739,0.09083807654585152
1740,0.04755693808639444
1741,0.07243031050770027
1742,0.050807408451776115
1743,0.061707358402443346
1744,0.06643252414557799
1745,0.07186539437735695
1746,0.08970062085669506
1747,0.06340852308565209
1748,0.046799013992876004
1749,0.06414957671843624
1750,0.05795726976968796
1751,0.07144162656815917
1752,0.09416879872795547
1753,0.03822272138742472
1754,0.0890673270064482
1755,0.09571439691319272
1756,0.10424651880571628
1757,0.0631300570210887
1758,0.08496302152178337
1759,0.08068580689229027
1760,0.07082500575681594
1761,0.06539643551275415
1762,0.07077689115524316
1763,0.06078163337297471
1764,0.05844841732539685
1765,0.05718448139758864
1766,0.08064035506174949
1767,0.07707220343594406
1768,0.0774531888753161
1769,0.06351294341140007
1770,0.05940273328406809
1771,0.062477236419199944
1772,0.09904812662422224
1773,0.08499119916221543
1774,0.059215177245332484
1775,0.08269410470425476
1776,0.049625527950689585
1777,0.06300844635753378
1778,0.06467432201338896
1779,0.07147694015255296
1780,0.07661174320039543
1781,0.07661521657531772
1782,0.08431126162617164
1783,0.056500213191915394
1784,0.08858744094106236
1785,0.055912851557094745
1786,0.08839425079515484
1787,0.07045242894921144
1788,0.07846058618508917
1789,0.06096601248472383
1790,0.05357061451826828
1791,0.05246347241376259
1792,0.07029607056478504
1793,0.08295948550435772
1794,0.06747846390487339
1795,0.0714887941833387
1796,0.08317921195964773
1797,0.050296891447267955
1798,0.05682738557349176
1799,0.061162194706936956
1800,0.06258987930785398
1801,0.09461730802433804
1802,0.08352578454243431
1803,0.06696189570556221
1804,0.06883770608467671
1805,0.09431217242759837
1806,0.06870002520046176
1807,0.04867912795208296
1808,0.07230602879722414
1809,0.06524460904308343
1810,0.07775289877682973
1811,0.06545378196628027
1812,0.04293834741982955
1813,0.0551566780052114
1814,0.06157436151247775
1815,0.08833931998572647
1816,0.07289250261479913
1817,0.08458670531397677
1818,0.08010763678111793
1819,0.08037871846920641
1820,0.07278369129102774
1821,0.08367232313022543
1822,0.08393825001666977
1823,0.07247472823521428
1824,0.06129757955738169
1825,0.041323913855666694
1826,0.09599710882191231
1827,0.08023648568326436
1828,0.09297453994893773
1829,0.08532806171303953
1830,0.12327319198056519
1831,0.09682279768969676
1832,0.05724945580388019
1833,0.08034393189640637
1834,0.06039000641147263
1835,0.0871845876784948
1836,0.06037917703501783
1837,0.08042318677992327
1838,0.06130332074149181
1839,0.07175252132837706
1840,0.07092518365010425
1841,0.06924560202623264
1842,0.06353382020735193
1843,0.06589576603226299
1844,0.08745698729687551
1845,0.10796902186462187
1846,0.05652801596119883
1847,0.06732795084296284
1848,0.11632976740661571
1849,0.04904888585959144
1850,0.06326592831768602
1851,0.0874845190019341
1852,0.07532729220751139
1853,0.07896007279155182
1854,0.06210336527735716
1855,0.08069941722662877
1856,0.05643970846664487
1857,0.07566088153832862
1858,0.06841338225985644
1859,0.05154583694661058
1860,0.04885766663428215
1861,0.05794356779391968
1862,0.07770731988075269
1863,0.09516743915424747
1864,0.08737629896488142
1865,0.06599502045070177
1866,0.08184681786036585
1867,0.0703189312114898
1868,0.06775959959277039
1869,0.06007356160271121
1870,0.09325851308143618
1871,0.0911472260275572
1872,0.07573466826324377
1873,0.03429682043650922
1874,0.09236390493510532
1875,0.09845794199775731
1876,0.07295654020596909
1877,0.0649812013371655
1878,0.09250967744705563
1879,0.08081205139905345
1880,0.07955768850489225
1881,0.10231449273512677
1882,0.08048095816648382
1883,0.10697779931559054
1884,0.05995560890088264
1885,0.06917692578364404
1886,0.04928972681309263
1887,0.08024300027403108
1888,0.07359760007925209
1889,0.05624661373854983
1890,0.0732257686558005
1891,0.07595423577069327
1892,0.0952599308589337
1893,0.05029102298217869
1894,0.10677856113250606
1895,0.05701224749258649
1896,0.09211430924598746
1897,0.04928100232250171
1898,0.06754367367308722
1899,0.0860734925508968
1900,0.07606730674100054
1901,0.052508548770236085
1902,0.07075484897102569
1903,0.08066725859995572
1904,0.05838100443775712
1905,0.043190632587869815
1906,0.06922154861540714
1907,0.07669609730191068
1908,0.09085328639445694
1909,0.0830621845085654
1910,0.06392115871439641
1911,0.09282941241779147
1912,0.04044311403045131
1913,0.08769737018186341
1914,0.05736530772092746
1915,0.06228932915943347
1916,0.09390939012126387
1917,0.057157889118082006
1918,0.06384101285107213
1919,0.07961860471605198
1920,0.06290202663115141
1921,0.06799871566392152
1922,0.08160609503350957
1923,0.07579404051189348
1924,0.07283637410328697
1925,0.08241210952336375
1926,0.06575546822976874
1927,0.05648697344463832
1928,0.056495583662427684
1929,0.07000105334291806
1930,0.06667869968958962
1931,0.045233721626833145
1932,0.04794772768632927
1933,0.0726100675247523
1934,0.10208267600203963
1935,0.038789195114800334
1936,0.06285961435557641
1937,0.07085047398305805
1938,0.07966854149820246
1939,0.08472611774978572
1940,0.06645697180647075
1941,0.080986041854892
1942,0.06423094932102819
1943,0.09327685422844029
1944,0.04474039045557998
1945,0.08753584729899577
1946,0.0781714387514475
1947,0.0580370819053449
1948,0.07527619847218303
1949,0.09239467437324383
1950,0.08167277669374917
1951,0.06878218967696803
1952,0.07333353927368119
1953,0.07733637391608916
1954,0.0825323745301586
1955,0.05396969682480701
1956,0.03711198872733479
1957,0.059933360212335474
1958,0.0636168422130668
1959,0.08600692560634948
1960,0.06088555313564786
1961,0.057582762021729406
1962,0.04965284441763684
1963,0.09248782169173464
1964,0.06570606835045201
1965,0.07412369253386569
1966,0.055572594430579214
1967,0.09020025064688103
1968,0.08175529379767721
1969,0.08794168404748415
1970,0.03958928281026475
1971,0.08274810165035995
1972,0.05415323557628382
1973,0.0717869430740396
1974,0.05685602778032928
1975,0.06792864805405935
1976,0.07747079410073698
1977,0.06835092519407943
1978,0.08179198520245334
1979,0.06933384541569299
1980,0.056019198447650076
1981,0.08564059172887584
1982,0.07942391702586221
1983,0.07010128091864132
1984,0.0530063044446662
1985,0.05016396973499826
1986,0.06742486099990203
1987,0.07376909729539038
1988,0.056915483486548624
1989,0.08953664260211353
1990,0.08574994261933516
1991,0.06744957605901292
1992,0.08288622501964277
1993,0.0654939106824231
1994,0.059413466033662765
1995,0.08473685177321594
1996,0.06751396202180238
1997,0.06469610381560037
1998,0.07899872309627975
1999,0.060903572760803715
2000,0.0696266021415432
2001,0.05538113463833805
2002,0.07109474987165237
2003,0.054096729491423745
2004,0.052601877954324916
2005,0.09112011047630542
2006,0.06384841025438664
2007,0.06988106316630183
2008,0.0769826059767239
2009,0.08158716500517765
2010,0.08239517008914338
2011,0.06841401498076871
2012,0.0901530540741935
2013,0.0752695446033691
2014,0.07410246696481515
2015,0.050239490377808504
2016,0.06841638431404201
2017,0.08687535161474491
2018,0.0830756516434904
2019,0.09419779219654373
2020,0.078316160580027
2021,0.09739683276220923
2022,0.08047292196139266
2023,0.055701155868157604
2024,0.08023350773327337
2025,0.06633808049106227
2026,0.07295110707072738
2027,0.058582563737102356
2028,0.06405734558838855
2029,0.06006562187824421
2030,0.06428611473428864
2031,0.09020033398671995
2032,0.0739055755040971
2033,0.0919113259330045
2034,0.09405497647561573
2035,0.0696539961785188
2036,0.06702071085641564
2037,0.0914726676203686
2038,0.07166246865490061
2039,0.04818941991738085
2040,0.10336993865414018
2041,0.0949072411884776
2042,0.0454679583312122
2043,0.05917019987720007
2044,0.06182383196880248
2045,0.086905081706798
2046,0.07997521676711433
2047,0.06933828514456308
2048,0.07362030759535881
2049,0.07193773508134216
2050,0.09570803732870953
2051,0.07441292750372408
2052,0.06574036370215997
2053,0.0867688159548623
2054,0.0809950099326065
2055,0.07893164374767192
2056,0.0877772642456231
2057,0.06147233584450251
2058,0.06949230557088215
2059,0.08755249668677467
2060,0.07687289556953569
2061,0.04197352230948431
2062,0.0949312061839323
2063,0.04830585026134104
2064,0.08424523318752375
2065,0.059652822866168576
2066,0.0563385374685374
2067,0.0556432933146595
2068,0.07458381178787876
2069,0.04666031016506739
2070,0.08428954633329433
2071,0.07437670028869614
2072,0.07186498856783502
2073,0.04750156463594768
2074,0.05747286381853034
2075,0.0888465726063733
2076,0.07064592692755267
2077,0.06564600151533068
2078,0.06356126883908875
2079,0.03980277285420758
2080,0.08619495244963005
2081,0.07271328757763179
2082,0.04947478476361239
2083,0.05349627931800682
2084,0.10063321634429817
2085,0.08627720275953366
2086,0.07130092105934671
2087,0.06948724914565074
2088,0.05790923068749998
2089,0.09132267344035505
2090,0.08162462671764509
2091,0.09361294193238534
2092,0.06290961492731273
2093,0.07406666369165682
2094,0.09038006350761763
2095,0.06008565748370143
2096,0.05191770891610514
2097,0.06592111796009437
2098,0.06860168125123689
2099,0.06877209039563292
2100,0.08565095581167048
2101,0.08095671946123117
2102,0.10589984143306264
2103,0.06992098289773385
2104,0.04896378201284168
2105,0.06366102060981416
2106,0.09442023893480878
2107,0.08337125779375343
2108,0.08332750165387814
2109,0.06844171407944172
2110,0.06787586285098218
2111,0.07935433744424658
2112,0.06355704830825887
2113,0.07498947994300925
2114,0.08184036687112778
2115,0.08919001422636202
2116,0.06935718832934046
2117,0.03194241480994653
2118,0.07298636591061314
2119,0.057921705839271476
2120,0.0568432474097878
2121,0.04463380893557456
2122,0.05825001164327975
2123,0.06069749057519369
2124,0.08562168973589818
2125,0.07826613995670534
2126,0.05628891429493782
2127,0.09344574261366445
2128,0.09231601232978798
2129,0.07998911729503322
2130,0.05670299354907343
2131,0.0914529296344348
2132,0.08948755583957152
2133,0.044253201601978986
2134,0.0831190186387511
2135,0.07553127684527833
2136,0.0768433974274132
2137,0.040837560672887074
2138,0.04382889826660441
2139,0.07857047609281309
2140,0.09468599124391586
2141,0.0898274239751245
2142,0.07239510311897746
2143,0.07997613258189135
2144,0.08872173233992903
2145,0.08553924687091596
2146,0.05107858607276483
2147,0.07969937672031158
2148,0.09356489174113708
2149,0.07586052961887368
2150,0.05043585989420646
2151,0.07139130169245206
2152,0.1008416246094036
2153,0.061485561174642045
2154,0.043241987721821085
2155,0.07951349551222875
2156,0.0674877105049263
2157,0.07146710729911926
2158,0.07641407623501667
2159,0.09941628470519104
2160,0.062479939674829565
2161,0.08316175455162145
2162,0.07475114963190899
2163,0.07640599844782248
2164,0.06371284495153323
2165,0.07445975124189519
2166,0.0831187801632915
2167,0.08510308703055569
2168,0.05313589341261482
2169,0.07484396228894685
2170,0.0786868378423517
2171,0.055519272731387403
2172,0.08880321976909739
2173,0.057659552817590554
2174,0.05848688342603331
2175,0.07827470552710075
2176,0.06959519489923383
2177,0.06536481897529017
2178,0.0876567884039528
2179,0.0598874318865264
2180,0.06554424427476241
2181,0.06792033349755389
2182,0.07605905680740455
2183,0.07827452347881869
2184,0.07915312823412607
2185,0.07087476919983043
2186,0.05058202519578525
2187,0.06322441504167098
2188,0.0882628373812746
2189,0.06974798763270129
2190,0.06725477234496563
2191,0.07196724695244561
2192,0.08064226071845088
2193,0.08147244146897431
2194,0.06641655975054539
2195,0.06811756248419076
2196,0.07920756871533774
2197,0.06504532516648881
2198,0.04546808832187349
2199,0.07665660234231475
2200,0.06741346123662972
2201,0.0661769422324554
2202,0.07587514220939051
2203,0.09533903554946255
2204,0.08108392755591326
2205,0.0525758908465086
2206,0.09583709634330895
2207,0.08991517581915087
2208,0.06041373186481569
2209,0.08365742449242858
2210,0.06128470771554312
2211,0.06208413524230222
2212,0.0720952741088568
2213,0.0755147332982552
2214,0.08412025757855313
2215,0.071105093543744
2216,0.06476100124908102
2217,0.07113844715614315
2218,0.07563118886461107
2219,0.06191282570286194
2220,0.07394281956716814
2221,0.07784262791542623
2222,0.06394996288608418
2223,0.03788013535013979
2224,0.07670244203752435
2225,0.029631685032571686
2226,0.08484618981192421
2227,0.06454317247893471
2228,0.07847405700530108
2229,0.07654644739157496
2230,0.0722733550327726
2231,0.08593481904144501
2232,0.050435756026512735
2233,0.07808437519370087
2234,0.06915667368645512
2235,0.08540483934168147
2236,0.09061798670026094
2237,0.07712978347665517
2238,0.11038028756505697
2239,0.04995566021525477
2240,0.07865973790865216
2241,0.07781464084974715
2242,0.05220030192275016
2243,0.06850840149578563
2244,0.06209404742058461
2245,0.0740225076852169
2246,0.06608714151419776
2247,0.06894184179898727
2248,0.08920546831996073
2249,0.04810349475472353
2250,0.06177556332244727
2251,0.08214749015256184
2252,0.06724176417633188
2253,0.07435994810875995
2254,0.04389571702471873
2255,0.05273316330758154
2256,0.09136100401198899
2257,0.05048484698539407
2258,0.08049487622574442
2259,0.08192080914674177
2260,0.08722268569368591
2261,0.08370547290143115
2262,0.05537957296239415
2263,0.06747727853039803
2264,0.06192392063341229
2265,0.08925967410864821
2266,0.07038435287645939
2267,0.07299856658265691
2268,0.07403817025695336
2269,0.09847980515759419
2270,0.07554497631670343
2271,0.08730217252789307
2272,0.09686916997053613
2273,0.05547467454417421
2274,0.07041682310897812
2275,0.06904256484671895
2276,0.06072831807329804
2277,0.05448972321940404
2278,0.07300362506509228
2279,0.08362154706966529
2280,0.08499806189433384
2281,0.07863452308508284
2282,0.027586258474921577
2283,0.06963526449668861
2284,0.061809718511526
2285,0.0782314939776726
2286,0.09610685647782136
2287,0.05607442934841339
2288,0.06261844142812412
2289,0.06509335891436896
2290,0.09740715539483374
2291,0.06875425263333507
2292,0.08620790116240012
2293,0.0627318399685774
2294,0.06036088827694863
2295,0.09339459355135776
2296,0.05595024351303296
2297,0.07132133876226726
2298,0.05839253103667913
2299,0.0516552014836793
2300,0.062487946387980164
2301,0.07616345847535216
2302,0.0386933039054268
2303,0.0757244959316083
2304,0.06263481780363384
2305,0.04076600953127829
2306,0.0693780620259582
2307,0.09749697087901193
2308,0.06311466209034167
2309,0.08721095670598605
2310,0.05688744504833476
2311,0.07252182745803831
2312,0.0758637123726919
2313,0.055101823320936716
2314,0.07378444170098336
2315,0.09460356659115932
2316,0.07238355386586193
2317,0.06745612003368368
2318,0.07197046131856866
2319,0.07689551467936973
2320,0.0656366819933561
2321,0.0675865504711019
2322,0.06069115028009353
2323,0.02902218051667904
2324,0.06749674780746862
2325,0.06641221092254163
2326,0.04918654320445387
2327,0.08137232520489573
2328,0.05089455041352903
2329,0.08759663389897482
2330,0.06580999111798747
2331,0.06409980282524336
2332,0.053445982189829155
2333,0.07898241439386999
2334,0.07715591522852527
2335,0.0951071748580215
2336,0.0721592182927997
2337,0.03692823323447875
2338,0.06533560404661976
2339,0.06754668100978639
2340,0.07840001272723152
2341,0.06531385784670346
2342,0.09168104570276825
2343,0.07730899932736013
2344,0.09245688662071394
2345,0.07251216490545237
2346,0.0925968768038109
2347,0.07544031235479359
2348,0.07465149564130275
2349,0.06579102924643643
2350,0.057035818151493
2351,0.0774487547921926
2352,0.0739496341678002
2353,0.09259502571842193
2354,0.09305264406306063
2355,0.06275927277021215
2356,0.050270607893813046
2357,0.05954751295490279
2358,0.037249716366541064
2359,0.08297526462453836
2360,0.06516373808066628
2361,0.08333817806631538
2362,0.08419317525649866
2363,0.09445244849687445
2364,0.08026481925456597
2365,0.06302883709647172
2366,0.08421755311936185
2367,0.06830386084878565
2368,0.04320230185338114
2369,0.06361568216688634
2370,0.05136044776140247
2371,0.07968932154367653
2372,0.05403757809562976
2373,0.04785731425971129
2374,0.08014365314404792
2375,0.09462133977727272
2376,0.0779169884752472
2377,0.056161523062458585
2378,0.06252468709618442
2379,0.07698347218897544
2380,0.09630770265012784
2381,0.06463896711413614
2382,0.08108105768378077
2383,0.10431739970142762
2384,0.08911362333610395
2385,0.058601269007117096
2386,0.08366210367252314
2387,0.08557284121771552
2388,0.04675640353389615
2389,0.09378379410693205
2390,0.053985373303442885
2391,0.07057812972858174
2392,0.07836189490497314
2393,0.10961038034224307
2394,0.051609195519910334
2395,0.070658795596234
2396,0.09520333958197952
2397,0.10545519679984844
2398,0.0986659435316748
2399,0.08727794151197948
2400,0.07868850096175611
2401,0.08329372687885839
2402,0.0746675872718986
2403,0.061101550596010135
2404,0.07359007642877519
2405,0.07321891202843583
2406,0.08154738237098874
2407,0.049584878238520924
2408,0.10579535559943382
2409,0.07498073021666857
2410,0.07859472707143922
2411,0.07420067493153182
2412,0.08738709102987141
2413,0.06872263003309143
2414,0.0700554747408591
2415,0.05185098600094451
2416,0.0808063247187451
2417,0.05639897831852203
2418,0.08246478371986138
2419,0.09356631628351614
2420,0.08335698099692246
2421,0.07197160753785309
2422,0.06269618705559254
2423,0.08702876182708552
2424,0.04436707792978317
2425,0.09302729069062904
2426,0.09096832792919518
2427,0.05585018783427409
2428,0.09042954940647602
2429,0.06292143795601318
2430,0.07606594830493513
2431,0.06365476119650954
2432,0.05724821350838716
2433,0.06735897137272667
2434,0.09285175606312362
2435,0.07036058333854656
2436,0.056042261383944414
2437,0.053599623812645714
2438,0.06566216600036956
2439,0.09272354766935209
2440,0.06702226630277386
2441,0.08561922712103115
2442,0.05891688933262207
2443,0.046565556839774314
2444,0.06781462783204373
2445,0.0827047188368909
2446,0.05164654825032183
2447,0.08021772976423774
2448,0.06999687033580426
2449,0.06960554019865123
2450,0.060761727737317306
2451,0.06517760313692011
2452,0.06561560011167522
2453,0.05060634992546259
2454,0.07616893694216909
2455,0.06975229086712792
2456,0.04508753209003763
2457,0.06243220327867066
2458,0.06139516546598045
2459,0.09508366515562727
2460,0.08497712359349557
2461,0.06626396152753217
2462,0.06146435320520177
2463,0.06202100903611191
2464,0.052817309175140825
2465,0.06952613171550182
2466,0.08527267130210076
2467,0.037176915922518594
2468,0.07425169662895348
2469,0.06866365241718791
2470,0.07641772020220738
2471,0.06135278820616907
2472,0.08685032002940846
2473,0.09525584333020476
2474,0.07057652598839498
2475,0.043785321005091526
2476,0.09511065315972073
2477,0.06644363257678337
2478,0.1018140788855596
2479,0.08173955438789743
2480,0.07446782580755795
2481,0.07815088926485225
2482,0.054618246037687335
2483,0.08553275143950823
2484,0.09047222990898718
2485,0.0770128326168929
2486,0.054954521812174195
2487,0.08052967368646502
2488,0.10014375756227178
2489,0.06759247261394874
2490,0.06257949708401239
2491,0.05119610391972401
2492,0.07060779781671356
2493,0.06692633853467472
2494,0.07618579812877019
2495,0.07369815454585515
2496,0.10163053428206453
2497,0.09179218258877486
2498,0.09873212314538271
2499,0.08610582214358298
2500,0.07736396754290986
2501,0.054319612588810406
2502,0.0777139426554504
2503,0.06581444055420382
2504,0.0565472633312229
2505,0.09068334692121954
2506,0.07593948553334029
2507,0.06920039113265775
2508,0.10227779075280136
2509,0.05906259224275129
2510,0.05990017640203399
2511,0.08973291869021854
2512,0.0896407504722786
2513,0.09767397753487694
2514,0.08608782374350188
2515,0.05604329297257282
2516,0.052801406601866496
2517,0.07887925567152876
2518,0.10164840326195357
2519,0.07128977873114617
2520,0.06745511011475869
2521,0.07790492488272716
2522,0.06671365490019104
2523,0.0696907283832765
2524,0.08961221988279111
2525,0.09560558636606337
2526,0.06017153986670215
2527,0.08717102856202918
2528,0.06040701455809511
2529,0.11147641914071904
2530,0.06949817436339967
2531,0.05302838118642028
2532,0.0865298229436332
2533,0.06098211592694086
2534,0.05613389838817712
2535,0.05001255127347748
2536,0.06636626247477401
2537,0.07523001156926357
2538,0.06314140209097113
2539,0.05675883832189338
2540,0.07195618285997868
2541,0.0723384704355019
2542,0.047890377561377206
2543,0.06693784837589772
2544,0.06358095029271343
2545,0.05620351670758161
2546,0.0687029757642158
2547,0.039256974073062834
2548,0.044281836155311116
2549,0.11501407692749571
2550,0.0717513483674545
2551,0.08469493797582922
2552,0.066196089087729
2553,0.07532551756454436
2554,0.10884494228404162
2555,0.07783009769462901
2556,0.05843217295054426
2557,0.07265746777963289
2558,0.0591589494007454
2559,0.050394492575019656
2560,0.08489105001532232
2561,0.05659264460160174
2562,0.05642155744013333
2563,0.07845496445967154
2564,0.0843064273712682
2565,0.0726031893194955
2566,0.07003932214856562
2567,0.07843415493878375
2568,0.07605724910874562
2569,0.06339003998428477
2570,0.06602817703044034
2571,0.07398917926854653
2572,0.08698879079788024
2573,0.05206945321704343
2574,0.07154443870347776
2575,0.06774814984529265
2576,0.08299642849575739
2577,0.08890178179306174
2578,0.06610900527356683
2579,0.051592717947375466
2580,0.07488050630893278
2581,0.06787461680691348
2582,0.11078071531604855
2583,0.07399972452329295
2584,0.05653431393209912
2585,0.08614591296076768
2586,0.08078053255522322
2587,0.05842021722031682
2588,0.07906456068940004
2589,0.07497724074960044
2590,0.0959718224391895
2591,0.060165812671665486
2592,0.08428375619565104
2593,0.07449838052732827
2594,0.0732104002546104
2595,0.038692966216378855
2596,0.09094076114688066
2597,0.06507000553669312
2598,0.07714999181813054
2599,0.08187627988180507
2600,0.09069585414259645
2601,0.08296724975725528
2602,0.06674732078652462
2603,0.1025243056764285
2604,0.07619410827110201
2605,0.10203084928287709
2606,0.05828974934662684
2607,0.05779755755948551
2608,0.08820642712034044
2609,0.04916012151624993
2610,0.056946542849789006
2611,0.0810345667611706
2612,0.09653297568423613
2613,0.08492095602051891
2614,0.07023535072171633
2615,0.08244023420972979
2616,0.06648735499445468
2617,0.060539382524702645
2618,0.056878507898704855
2619,0.07332083109846704
2620,0.06012016866305553
2621,0.07166753580318491
2622,0.09568216435316412
2623,0.0720494692987646
2624,0.058189004458454985
2625,0.0855936309367415
2626,0.09911289715380356
2627,0.07457965528030575
2628,0.09284675891661265
2629,0.056970858627174936
2630,0.06996001832984122
2631,0.07543114514752003
2632,0.0786387713784506
2633,0.07879604111140648
2634,0.06646519872084511
2635,0.06267443882995216
2636,0.08178529498318232
2637,0.06099622576155217
2638,0.08252154101151105
2639,0.055256829781961225
2640,0.05492227467515598
2641,0.0823874578227996
2642,0.05309892806919314
2643,0.06835184119205867
2644,0.06990817786454578
2645,0.08454592938926198
2646,0.04755475147295485
2647,0.0732526407178114
2648,0.06340148152174496
2649,0.08329440253601056
2650,0.06053546389638731
2651,0.07837874118385724
2652,0.056074882614657096
2653,0.05345135686070668
2654,0.05806330690489353
2655,0.07199903473737279
2656,0.07464524201169748
2657,0.06812609909259137
2658,0.09977290493949664
2659,0.06579630308875883
2660,0.09020534028328497
2661,0.05868014021071
2662,0.07518503999894655
2663,0.09469584195654557
2664,0.0747154596367241
2665,0.08312073415856042
2666,0.0639324537415244
2667,0.0795459914087438
2668,0.05509316585909341
2669,0.09190264665859388
2670,0.06966150653651004
2671,0.05966411098436869
2672,0.09020498063744947
2673,0.07369953110504956
2674,0.08581769390219657
2675,0.07543433547141459
2676,0.08556672099402396
2677,0.054037339468094026
2678,0.0571044520193178
2679,0.07426512564827847
2680,0.06947130354032055
2681,0.04925628925720921
2682,0.06623601766594095
2683,0.07371632170686093
2684,0.042624559682685914
2685,0.08937693272495173
2686,0.07751013911262888
2687,0.0692841871181687
2688,0.07102296560629068
2689,0.0710468745061209
2690,0.10131543002876198
2691,0.08611254554162051
2692,0.065046595115962
2693,0.07263774777059595
2694,0.06190038433058764
2695,0.10046108568274276
2696,0.05834949348072371
2697,0.07494351380281689
2698,0.07121090744171515
2699,0.07522084684845781
2700,0.05341464873675805
2701,0.0797225687841504
2702,0.0622702360113464
2703,0.07355883257062423
2704,0.06510199204359618
2705,0.0542257931619739
2706,0.060586987820285654
2707,0.0826853188075351
2708,0.04653986628381557
2709,0.08203914599501982
2710,0.05717920123208753
2711,0.0937175543100438
2712,0.07026644922275632
2713,0.07565389797284722
2714,0.09853845483405982
2715,0.05803363187640631
2716,0.04187463380913553
2717,0.08056037597582444
2718,0.05966890405288211
2719,0.08547696945403677
2720,0.06907956833617535
2721,0.08368086945975173
2722,0.0930015948634102
2723,0.052353119461952424
2724,0.09560249636443241
2725,0.07154108128588021
2726,0.04967627741417735
2727,0.060837950998416934
2728,0.07530131715891192
2729,0.07684051694270538
2730,0.06945785238041102
2731,0.06805186852354361
2732,0.07535690309995335
2733,0.06962085338129187
2734,0.07206992494682707
2735,0.058296017620472096
2736,0.07596884861459702
2737,0.044786509457599766
2738,0.040955857559631104
2739,0.0712414319868172
2740,0.121451307800228
2741,0.07030911376356996
2742,0.08783405521663001
2743,0.07764760668049508
2744,0.09616747783103147
2745,0.06826256278778164
2746,0.08413640523896271
2747,0.06938339097126167
2748,0.08823668656283323
2749,0.06835615496312125
2750,0.0715907946208546
2751,0.07999610125880041
2752,0.07281123162905112
2753,0.0437708862567045
2754,0.08337500138527282
2755,0.07455296198083983
2756,0.07593986049314133
2757,0.06255550715449903
2758,0.07819595646400557
2759,0.056826535809049894
2760,0.07736390968846374
2761,0.08084889173358367
2762,0.04148868355794966
2763,0.047703643150254604
2764,0.07281276169133538
2765,0.07460616699386219
2766,0.07061319884228984
2767,0.08192743913164507
2768,0.09647644656977472
2769,0.08867505249835383
2770,0.07080485372322692
2771,0.06971732638456674
2772,0.07404839786575607
2773,0.08112176120227815
2774,0.08553250490823205
2775,0.06911325532454143
2776,0.04478886885402511
2777,0.08972609419934324
2778,0.06206892029176081
2779,0.07029211190415335
2780,0.07451490150026036
2781,0.0757629404895151
2782,0.07353824392241431
2783,0.06954622953115325
2784,0.05386122172419855
2785,0.0696365334777242
2786,0.07257658458663974
2787,0.10248716999998281
2788,0.07275094052948017
2789,0.08827967991058944
2790,0.09537598437277278
2791,0.06672136757248098
2792,0.052298614858366455
2793,0.05825538967749905
2794,0.046444488308547804
2795,0.07000114090816584
2796,0.04509787532119203
2797,0.05972537592296978
2798,0.07617505572964173
2799,0.05969860368922836
2800,0.05238096662208963
2801,0.09105005249978587
2802,0.08078523838215645
2803,0.09781553376869617
2804,0.08489980667230096
2805,0.045035770302294054
2806,0.0794521221708171
2807,0.05634788135474489
2808,0.07940848263192157
2809,0.06714057566412407
2810,0.0761517255484685
2811,0.06329260636174
2812,0.09244791137493907
2813,0.058186915245206694
2814,0.048894805539181574
2815,0.07859173483292359
2816,0.046528643751937326
2817,0.09459502427034244
2818,0.06606728646974258
2819,0.08022763270093763
2820,0.08633441879637338
2821,0.05417500442649559
2822,0.07228182902817504
2823,0.11626844050215568
2824,0.11372701810861569
2825,0.08183123435407713
2826,0.07732090954574261
2827,0.08113952907189326
2828,0.06991540130570423
2829,0.0867365833269852
2830,0.0617519744439306
2831,0.06028691602843578
2832,0.044444167071706064
2833,0.05157918598469735
2834,0.05116782847666662
2835,0.04848411551253795
2836,0.0810606462287099
2837,0.10523402851589958
2838,0.08627900287409429
2839,0.08350792251255529
2840,0.07455122993127705
2841,0.059659985570180485
2842,0.07706843766197069
2843,0.06953783987727757
2844,0.06620869934348927
2845,0.05698502389385285
2846,0.08308300493198628
2847,0.07236444056712188
2848,0.06802879587835298
2849,0.0503303875211063
2850,0.06774051730281438
2851,0.044193616210882636
2852,0.06941886565701205
2853,0.08675347075337919
2854,0.06926699995803426
2855,0.07431942547376497
2856,0.08267169135256919
2857,0.06236476677770447
2858,0.08309138833120194
2859,0.10433337082104105
2860,0.059271870591744547
2861,0.08678737806122805
2862,0.056318450085027394
2863,0.07431306201134252
2864,0.10091987844886391
2865,0.10635137141949114
2866,0.07036140449078437
2867,0.09516097681024416
2868,0.0803847447161985
2869,0.09098347072627455
2870,0.07640840442418723
2871,0.053281085548985196
2872,0.07003177901841806
2873,0.11056468523317403
2874,0.07348108059978631
2875,0.09937688833282143
2876,0.07696647507424442
2877,0.06916013776892105
2878,0.06022755345309799
2879,0.07887896416567414
2880,0.05446431744900748
2881,0.06810493931338463
2882,0.11307270864338742
2883,0.0676732427833786
2884,0.07516668020139916
2885,0.08216313861921815
2886,0.060674696145695595
2887,0.06385437428141899
2888,0.09223363031294224
2889,0.07550337009369112
2890,0.054918344387440865
2891,0.09512065726966162
2892,0.051562139312904154
2893,0.08686419401097373
2894,0.08431876680946032
2895,0.044056032785550536
2896,0.09332416505625774
2897,0.07820768323881089
2898,0.03928323359125685
2899,0.06593543254324874
2900,0.08225385041599759
2901,0.08737518061495458
2902,0.06820181670492553
2903,0.09750849307398046
2904,0.08078140592365818
2905,0.044012832605935415
2906,0.07884982384627726
2907,0.06453569804713594
2908,0.06040281292253469
2909,0.05361059161740589
2910,0.06373161976570674
2911,0.08359051123319916
2912,0.08991510874695258
2913,0.10651593700414919
2914,0.09429436374200467
2915,0.056331665578601975
2916,0.09395266920923578
2917,0.08609015807455866
2918,0.09343875323477613
2919,0.07620132269268803
2920,0.04426436416372537
2921,0.07375771282959376
2922,0.07346109316536881
2923,0.06912704187427043
2924,0.06276027285938673
2925,0.05720669611291879
2926,0.07902113253523296
2927,0.04551375582368655
2928,0.07783936938736513
2929,0.07070858937125662
2930,0.06924413457542644
2931,0.07178042147364472
2932,0.07233701402378367
2933,0.037007073376334854
2934,0.06128512919065465
2935,0.06755719027910168
2936,0.08097986100576132
2937,0.07483827143627814
2938,0.0743567373869844
2939,0.07597904576109504
2940,0.0648699456082753
2941,0.06285530211356632
2942,0.07020056769497535
2943,0.05010104802064258
2944,0.06968409578932105
2945,0.07232684012711399
2946,0.05544439170017018
2947,0.07636645043304557
2948,0.05116603812245285
2949,0.0682335338787638
2950,0.055230118958279395
2951,0.08808674391401938
2952,0.06683782914472741
2953,0.06770494229453305
2954,0.06115332361857567
2955,0.05921557547169992
2956,0.07530832853598363
2957,0.09434105351956434
2958,0.07154539946617577
2959,0.09194272225898831
2960,0.09919435177973818
2961,0.06529322716152736
2962,0.061409038062096244
2963,0.05803844046476164
2964,0.1017664162842119
2965,0.06833620445961314
2966,0.04598751829803027
2967,0.06656913698232197
2968,0.07213306307424788
2969,0.08952465691285816
2970,0.07456222420057845
2971,0.07007361833607684
2972,0.045909843253411964
2973,0.06476632940743354
2974,0.061380529200537326
2975,0.07991199650255881
2976,0.06227564882188652
2977,0.06285979256655516
2978,0.09910126452253182
2979,0.08273663129085762
2980,0.1061991512608979
2981,0.07682575188036433
2982,0.09035101997020856
2983,0.07553196031985471
2984,0.08667528761405324
2985,0.07541956281676121
2986,0.07775673044974851
2987,0.05747711785956766
2988,0.04451642940627454
2989,0.07866076755823359
2990,0.07400641323631235
2991,0.07646729057222307
2992,0.09054488368918506
2993,0.08371550683591478
2994,0.08067361511663013
2995,0.10611259453822625
2996,0.06590492134532916
2997,0.09142456517920772
2998,0.08033222134873896
2999,0.048334656151588884
3000,0.08656111678770284
3001,0.05237617203613004
3002,0.09940727703037872
3003,0.05217958397815492
3004,0.08687770089902741
3005,0.08690680528791106
3006,0.09368333808815643
3007,0.0956978476500413
3008,0.06585393606321555
3009,0.060113817067083186
3010,0.0750037013165471
3011,0.1187289832365731
3012,0.08191436732108687
3013,0.09613470108692912
3014,0.0703655753676885
3015,0.07579809963373768
3016,0.06744766197659269
3017,0.08176515187625366
3018,0.08953487939756233
3019,0.046971302868826115
3020,0.06541132229521712
3021,0.08135085781656126
3022,0.06206791784973176
3023,0.09683691092365676
3024,0.08336758039365788
3025,0.07136164432184144
3026,0.05963484613975295
3027,0.055835272713934125
3028,0.07072086887346818
3029,0.07363075034176192
3030,0.06504632241039415
3031,0.07516024810452837
3032,0.0854260280396194
3033,0.059248708967656105
3034,0.07558107581781709
3035,0.06970105969434975
3036,0.08455783879833856
3037,0.06567009619441405
3038,0.10187326919615847
3039,0.05161250617164248
3040,0.07244724286159904
3041,0.07824272311421937
3042,0.07926340946504673
3043,0.07021335527793382
3044,0.0779419154186643
3045,0.07169656472699965
3046,0.08420203172775476
3047,0.08167856585166905
3048,0.06619503696930568
3049,0.06161401963190821
3050,0.06536288706688531
3051,0.07525384041103561
3052,0.06701191032291065
3053,0.08300431470713182
3054,0.04978800383748222
3055,0.06237911953462444
3056,0.05051253514448256
3057,0.07954338426949098
3058,0.0632380744815994
3059,0.08965680531730574
3060,0.07340079991688275
3061,0.042633018169869585
3062,0.1042690812923095
3063,0.08004644052693427
3064,0.0987916230933717
3065,0.0481892417259443
3066,0.07675286001437887
3067,0.07236306435909667
3068,0.07300158704119919
3069,0.06774374789772442
3070,0.06305295982071973
3071,0.06143511361404125
3072,0.06301617640245127
3073,0.06718163873791938
3074,0.07297597961417501
3075,0.03599322401821475
3076,0.09372694303588014
3077,0.0695030355404902
3078,0.058193546451045686
3079,0.050100863898705494
3080,0.07187533708550226
3081,0.07291956939788091
3082,0.10275441856021716
3083,0.06806699580870829
3084,0.10837137265335856
3085,0.05562860807825498
3086,0.05663267113984616
3087,0.06922274778467907
3088,0.08521925519179036
3089,0.08025361524837449
3090,0.07408006413888735
3091,0.06737451749463241
3092,0.08379390188603059
3093,0.08796035546057668
3094,0.08014791763435253
3095,0.05693348465871784
3096,0.09329966009921048
3097,0.0887565296406968
3098,0.09588652397721348
3099,0.07781141903940703
3100,0.07687626172208972
3101,0.07955832637954663
3102,0.07797738623971606
3103,0.10485609117638295
3104,0.079140188185707
3105,0.07438731658506342
3106,0.07657575291602914
3107,0.09395488423963183
3108,0.08424022145600901
3109,0.05382736255366949
3110,0.07108851991383808
3111,0.08337177413659524
3112,0.04254681976436303
3113,0.09703618828119098
3114,0.10226175200914178
3115,0.09436884393756473
3116,0.08646536364887653
3117,0.03016348232631183
3118,0.06773457516178866
3119,0.07461900824457157
3120,0.05926175917394638
3121,0.06971114846308302
3122,0.08793321753088157
3123,0.07133914923439333
3124,0.07747087753865545
3125,0.06056524139555103
3126,0.05226384303648818
3127,0.0908620663970901
3128,0.07158657991001677
3129,0.06612741012178669
3130,0.05899285190742948
3131,0.0848011247824898
3132,0.04805333600836592
3133,0.07080292725228088
3134,0.07935142756172386
3135,0.059607695419018225
3136,0.050343371036419726
3137,0.08820039716401429
3138,0.06297956837354007
3139,0.08466864025427145
3140,0.07510119343987959
3141,0.05916736337219497
3142,0.07925622642401692
3143,0.053169876248397197
3144,0.09527312616952782
3145,0.05824545663016217
3146,0.08827202029250664
3147,0.06337248156124514
3148,0.08297016860528444
3149,0.0749358399395782
3150,0.06846265239479554
3151,0.06819057657177519
3152,0.0662834368571606
3153,0.06515781895896533
3154,0.05032479480504837
3155,0.05438294533327881
3156,0.06920312486554975
3157,0.0518018830515351
3158,0.05281314397895115
3159,0.07465852794188199
3160,0.07517420546266157
3161,0.07448714645698273
3162,0.062123162991210956
3163,0.06845252703025834
3164,0.0817053946868137
3165,0.082465803310879
3166,0.07812621981208845
3167,0.06004353524267386
3168,0.057196500811197815
3169,0.046923964057786316
3170,0.09393928596649864
3171,0.06779268863703403
3172,0.08859887711404385
3173,0.0686241849437707
3174,0.06178687860602661
3175,0.07376162522654922
3176,0.057152042899814015
3177,0.0950720818234626
3178,0.07800628864253578
3179,0.06194263618099016
3180,0.0694308353156779
3181,0.04991168643568361
3182,0.04644449557889152
3183,0.0751492223651481
3184,0.0872561921010725
3185,0.048387899802261436
3186,0.10111083422221151
3187,0.08305496429153841
3188,0.07128945652475088
3189,0.07109652857821741
3190,0.08654877219320462
3191,0.07334544332766024
3192,0.04103608052093044
3193,0.04431932444044895
3194,0.08333407228284445
3195,0.0806114630615769
3196,0.07192846658805452
3197,0.05236742662850585
3198,0.07824288130609225
3199,0.08072348356534548
3200,0.07702788675420269
3201,0.08723268313629817
3202,0.06622318408480427
3203,0.07919318503635941
3204,0.07382139180185049
3205,0.07523244849371885
3206,0.07104687151217542
3207,0.07661801755744901
3208,0.07278573993008108
3209,0.0723365717862165
3210,0.07590294437730033
3211,0.05879394013910039
3212,0.07518119414123747
3213,0.04499284789267566
3214,0.07164267632088228
3215,0.0450591103509671
3216,0.06856927070318763
3217,0.08930196940462126
3218,0.07953605982693335
3219,0.0625986191961041
3220,0.0767049438053477
3221,0.053269866660466736
3222,0.04997330806789663
3223,0.06812568303908512
3224,0.07902199580937308
3225,0.08345915247836233
3226,0.061485551485844614
3227,0.06179136274758018
3228,0.08195338945898173
3229,0.08978269380255838
3230,0.08522344072832855
3231,0.05800905842119447
3232,0.09653486901190556
3233,0.06060314191342214
3234,0.08148909037715751
3235,0.06157874715010947
3236,0.07885576384625581
3237,0.05129301108686901
3238,0.06569580109477319
3239,0.0802537069796867
3240,0.05209715262432896
3241,0.07141528102676131
3242,0.07831211724901532
3243,0.08940761951225795
3244,0.0632352433989462
3245,0.053100395603271344
3246,0.05680119277100715
3247,0.05014580858151352
3248,0.0714250299373273
3249,0.07327284575023058
3250,0.08208105868255716
3251,0.08200162468140021
3252,0.07248954684695302
3253,0.07870853646898385
3254,0.06998250009168511
3255,0.08284923104934089
3256,0.07050386139632658
3257,0.07919682210009904
3258,0.07801983393334894
3259,0.07577038625200089
3260,0.0854593844651822
3261,0.10733123634505087
3262,0.07379143561336493
3263,0.11737260819704148
3264,0.06915033231648765
3265,0.07624112423403812
3266,0.08433685381143508
3267,0.049319842563580796
3268,0.08181256028886646
3269,0.05701163180867008
3270,0.09015163863533437
3271,0.09165870993077768
3272,0.07104954501636174
3273,0.07084706907225119
3274,0.08032083397141171
3275,0.057013389716479734
3276,0.08453873621509689
3277,0.09008360396614057
3278,0.07088088303690604
3279,0.09783416571487547
3280,0.09734669801169726
3281,0.06280891905131675
3282,0.0732787126286994
3283,0.03658629438881983
3284,0.07662918298529081
3285,0.07777707926437688
3286,0.08932663214021941
3287,0.05033372677774217
3288,0.0793494908304142
3289,0.07210461779818333
3290,0.07868163974740489
3291,0.06591646277309371
3292,0.07657177459235892
3293,0.05253124265143727
3294,0.07267753082773554
3295,0.07615775974584865
3296,0.06161132289986321
3297,0.09367377214315376
3298,0.049787919062580954
3299,0.058615424818554085
3300,0.07851363893089303
3301,0.05200809316596161
3302,0.07814888735712144
3303,0.05056383820163218
3304,0.06435409119421603
3305,0.05726738926368413
3306,0.08492081279907732
3307,0.07067987444968626
3308,0.06602394327333982
3309,0.06356086220475016
3310,0.0795473120010744
3311,0.04608425359604562
3312,0.07374241706994206
3313,0.0467370914920216
3314,0.029737142023295915
3315,0.07339702223692712
3316,0.09177657681873436
3317,0.04472859114800487
3318,0.08518181230417365
3319,0.10172108854312811
3320,0.06717742172690333
3321,0.04952832959653031
3322,0.09148628258844177
3323,0.04644637342897634
3324,0.06939697396976391
3325,0.06067749930864097
3326,0.09919082262338824
3327,0.0899111234766436
3328,0.051650957357012084
3329,0.07590480482401163
3330,0.06836231798525522
3331,0.0595294445082839
3332,0.05675992029628485
3333,0.06175370514423961
3334,0.05930404602498929
3335,0.05876231932372822
3336,0.0826888814386158
3337,0.07674646862650225
3338,0.08158545583766891
3339,0.0855375806617138
3340,0.09551960986196462
3341,0.07968654241906725
3342,0.05230371918126758
3343,0.06409065719951479
3344,0.08701507231578387
3345,0.07196242973537226
3346,0.06416938361251695
3347,0.07307188448494373
3348,0.09164634157956214
3349,0.09491060325980866
3350,0.06882014961220684
3351,0.05312517456555155
3352,0.09823579980735164
3353,0.07150681842649964
3354,0.040681614865008264
3355,0.07393786502699506
3356,0.06464416443511184
3357,0.03312646993762863
3358,0.0742285106604394
3359,0.07543285193473381
3360,0.08504773419183381
3361,0.07782035368485518
3362,0.08421300217808003
3363,0.09403230403651197
3364,0.07970327708415642
3365,0.11350208332569195
3366,0.060818033842542696
3367,0.051007874872883274
3368,0.063678178383125
3369,0.07588751433393892
3370,0.05132056264224788
3371,0.05290657896693973
3372,0.06500150609143795
3373,0.0947924131339683
3374,0.06060697276971633
3375,0.0529383161387007
3376,0.06562780088538672
3377,0.06668425612748458
3378,0.0632392394876583
3379,0.10025596888084093
3380,0.0643492754764356
3381,0.04188633788875745
3382,0.10374003060942316
3383,0.06571717608916805
3384,0.049749194186583856
3385,0.06064126475963466
3386,0.05465433044670992
3387,0.08425071716418259
3388,0.04903627858336612
3389,0.09741831509582471
3390,0.06315815800176922
3391,0.044530874122522324
3392,0.08842502309113792
3393,0.07663865430537375
3394,0.07105355250921691
3395,0.08123338599096497
3396,0.06446475229756127
3397,0.06562435879442191
3398,0.045723432825038435
3399,0.0933429664978358
3400,0.03962715831988334
3401,0.0778973535917678
3402,0.05689588115772354
3403,0.08689836596683187
3404,0.05219146864747226
3405,0.07596269792069876
3406,0.05951076875686273
3407,0.10785750481787792
3408,0.08159724343458219
3409,0.07879360059822005
3410,0.089667963053633
3411,0.07960466179782594
3412,0.1005676347158036
3413,0.08098961125515536
3414,0.06559667736281727
3415,0.07578777745517001
3416,0.07564215707482197
3417,0.06232179895831058
3418,0.09177145597289749
3419,0.05225802904689392
3420,0.049171603529802044
3421,0.1113328978409791
3422,0.06342787123352489
3423,0.07560652157027675
3424,0.09283376955076217
3425,0.08149372028015911
3426,0.07687236698970512
3427,0.050997884345083344
3428,0.06707750481396851
3429,0.059715006409169435
3430,0.05140001524797977
3431,0.09037327008759943
3432,0.06012773107265901
3433,0.08548777451783485
3434,0.08036186507998033
3435,0.06781268739679663
3436,0.06334378509887034
3437,0.1158206601443032
3438,0.05955750167428858
3439,0.06881033803939934
3440,0.07777743752963134
3441,0.05610121849307709
3442,0.07209781654446856
3443,0.08528366572703439
3444,0.06286596749763224
3445,0.08756886638951361
3446,0.0625575186314159
3447,0.08599728275439655
3448,0.06863051441169793
3449,0.08426614107861902
3450,0.056506909068051
3451,0.06776145881970835
3452,0.075283641983307
3453,0.09767271610429323
3454,0.08740049466746891
3455,0.07723053958032111
3456,0.09223885562612283
3457,0.08055518427354302
3458,0.05513714264411934
3459,0.12077685911639102
3460,0.07076767927144334
3461,0.07586230920451298
3462,0.08882640052820007
3463,0.08050027477796717
3464,0.07944411857790162
3465,0.06434707596943101
3466,0.08516565186180902
3467,0.07767608831275385
3468,0.07473197854096597
3469,0.07875737297678576
3470,0.057895138734208984
3471,0.07416131004497617
3472,0.06971095705495539
3473,0.051485182565673304
3474,0.08446433119569391
3475,0.07119993585050577
3476,0.07777751912797964
3477,0.11307479831491041
3478,0.09544489252253363
3479,0.10667535047305604
3480,0.07981616319648005
3481,0.13362481970725248
3482,0.05095004411007026
3483,0.07236115756553657
3484,0.06622744414244786
3485,0.08858741297291423
3486,0.07490943170932385
3487,0.0572995899085022
3488,0.08753037371151662
3489,0.06989850940610026
3490,0.06948160244224866
3491,0.08008564198783519
3492,0.06905707017997753
3493,0.06935138362752846
3494,0.0827141134117168
3495,0.07929588404370774
3496,0.07081986455524814
3497,0.0704372595784461
3498,0.06336921700372145
3499,0.09331078123794623
3500,0.08414379611831307
3501,0.06311302835876681
3502,0.07751410065695469
3503,0.06412309202240835
3504,0.08345289297020686
3505,0.08494636103483955
3506,0.07601207839534424
3507,0.10941444395431427
3508,0.07771605322066705
3509,0.06463141929902311
3510,0.07248230274108786
3511,0.03934802472896465
3512,0.08657317203368026
3513,0.05938986960912418
3514,0.06056817192527775
3515,0.10023633013162025
3516,0.08852442707232944
3517,0.10154389271850739
3518,0.07321088786955593
3519,0.06309729627691324
3520,0.07235638821722867
3521,0.054772683546263246
3522,0.06967381485171126
3523,0.07558874865951759
3524,0.09062648718493238
3525,0.06937352321024842
3526,0.08512931471565605
3527,0.06740371782790561
3528,0.060149009189536584
3529,0.06028583558614531
3530,0.07000373551938699
3531,0.06914532697195735
3532,0.07517593469354822
3533,0.05623043566579078
3534,0.07138402785198256
3535,0.08547290485725534
3536,0.06414280247596515
3537,0.05115985200198031
3538,0.07254331839841094
3539,0.07733594801420934
3540,0.06449668956639026
3541,0.08370785805739434
3542,0.10934607557915754
3543,0.05017132550144299
3544,0.09704102376245077
3545,0.0742795323250785
3546,0.06541356849929741
3547,0.06825758308824664
3548,0.07200983848024345
3549,0.10212849005319008
3550,0.08017140024524999
3551,0.09481911073440247
3552,0.06545713162717925
3553,0.06889425614028111
3554,0.08334298036419041
3555,0.07251346879211784
3556,0.08541632555093437
3557,0.04929732324384434
3558,0.08029831694119505
3559,0.07985415101099569
3560,0.05751469533031717
3561,0.036226713159688506
3562,0.055763516910322775
3563,0.048912612975527736
3564,0.03546136839328651
3565,0.10006105292362966
3566,0.04980608754446231
3567,0.0675934596812428
3568,0.08906346752407218
3569,0.10190035111535944
3570,0.06942128940798825
3571,0.06179393565711161
3572,0.08401457770886134
3573,0.057729355580610486
3574,0.05246304371858579
3575,0.08817455052294504
3576,0.08426386106894485
3577,0.08710203541182093
3578,0.05701014260822074
3579,0.0555348245171326
3580,0.06665708505131179
3581,0.06879191648198779
3582,0.0707383744730889
3583,0.07977065250631282
3584,0.057737453479144996
3585,0.08583739292874987
3586,0.0755054906019782
3587,0.04420606388775722
3588,0.07065721601843733
3589,0.07215741513264778
3590,0.0870817449467497
3591,0.05775875104563566
3592,0.0787998640752875
3593,0.09708128402268379
3594,0.0724892885403372
3595,0.08333112671110693
3596,0.06430428873823596
3597,0.07357681283147982
3598,0.10811801238939212
3599,0.07924765410439549
3600,0.06058239249399783
3601,0.05018948257583927
3602,0.09932247421119944
3603,0.08761633072268488
3604,0.08295320162291347
3605,0.0760075074289076
3606,0.056831481159415664
3607,0.06268992536176599
3608,0.04223615058351182
3609,0.08721137424006237
3610,0.05560188685628964
3611,0.08056765688144107
3612,0.08936305824915952
3613,0.08653485524583449
3614,0.06322337474089101
3615,0.08112311235410097
3616,0.07807608013946177
3617,0.06093209615542433
3618,0.08033478263104082
3619,0.09814986346589133
3620,0.09594994606073953
3621,0.09790492786783067
3622,0.06379309070597244
3623,0.06772793122362392
3624,0.10788931172841287
3625,0.0968274834659732
3626,0.06620855527458108
3627,0.11738807316571542
3628,0.061672521412212244
3629,0.08829688898789018
3630,0.0923716321331175
3631,0.09335822675997552
3632,0.07659802004654948
3633,0.10254361397801082
3634,0.07737241866319888
3635,0.07125597239319392
3636,0.06613066673997964
3637,0.10864088218612905
3638,0.09296503145005547
3639,0.05899802825664979
3640,0.07163229067198934
3641,0.0808526037121085
3642,0.09406971071248288
3643,0.057826897608241334
3644,0.05841272505107803
3645,0.07867245147782409
3646,0.05077562326551688
3647,0.0857992120265294
3648,0.09123139438429051
3649,0.07390497663757262
3650,0.07061462598637719
3651,0.08216280672930926
3652,0.07820743153218018
3653,0.07137285550509909
3654,0.04765383136399293
3655,0.11392229849170021
3656,0.09555210387560625
3657,0.05561847266159037
3658,0.061852804385710614
3659,0.10220743643747743
3660,0.07129131080583229
3661,0.04650552654891227
3662,0.0692572844845194
3663,0.08208241962612706
3664,0.07584202976499116
3665,0.07737336748972823
3666,0.05537498213045311
3667,0.06203155182363751
3668,0.07389835216542101
3669,0.08888237152761691
3670,0.09997771680733059
3671,0.06669134902979523
3672,0.06330901156909202
3673,0.06477467717530433
3674,0.07295618961088812
3675,0.06754498817392524
3676,0.05132406087392416
3677,0.0563632801064376
3678,0.07721070306688355
3679,0.05274509301656277
3680,0.06007808557801142
3681,0.057326885023157304
3682,0.08169764015736664
3683,0.08855955898167822
3684,0.08176790846999527
3685,0.08360139175411074
3686,0.08846974264680008
3687,0.05865853059991494
3688,0.0640881701533878
3689,0.07747771754332494
3690,0.06769860411837947
3691,0.07621171584497438
3692,0.05077240242779357
3693,0.098607076921912
3694,0.055887974695858045
3695,0.06712631819086234
3696,0.10942295993826212
3697,0.05963926466090674
3698,0.06683810591274969
3699,0.0855991551167265
3700,0.05595102879522901
3701,0.05806217348939152
3702,0.0744987836335878
3703,0.07732855168826358
3704,0.062189508987120556
3705,0.09040916243541991
3706,0.0711499195458864
3707,0.07079405307365966
3708,0.07258629991008103
3709,0.06929469215297573
3710,0.07707862971713497
3711,0.06755324559874137
3712,0.045856871581378966
3713,0.07780898944408943
3714,0.08732691435050538
3715,0.05506611062716166
3716,0.06947379399090964
3717,0.09090188625473367
3718,0.07127046595444136
3719,0.08445694636599127
3720,0.05994996643234307
3721,0.07400525425850724
3722,0.05557161044597558
3723,0.09000005852918663
3724,0.058803819190055284
3725,0.08049903446511408
3726,0.05626483046664299
3727,0.06961371561764962
3728,0.07413867301464044
3729,0.06784780527391637
3730,0.07056874285656084
3731,0.10134059419990593
3732,0.06342815396461543
3733,0.09172818240724134
3734,0.07882180684891282
3735,0.13587734931510026
3736,0.09573917717636621
3737,0.06698308999842267
3738,0.0818963246861909
3739,0.04700764655604944
3740,0.11602420761914223
3741,0.07789066971312802
3742,0.06724983416734198
3743,0.0962505567242854
3744,0.09767548903108492
3745,0.05183536767296604
3746,0.04838901592254907
3747,0.06300863460464556
3748,0.05730433993931555
3749,0.058208041953315026
3750,0.08544730017601943
3751,0.06514325961814615
3752,0.06034147942566376
3753,0.07044229976881738
3754,0.08120384360992144
3755,0.10775485214451741
3756,0.06308747459994585
3757,0.08817904663540405
3758,0.04825502576566981
3759,0.06796342982037296
3760,0.08533573204912104
3761,0.06745678880998901
3762,0.06299622092283053
3763,0.08256029388507874
3764,0.053777245782085814
3765,0.0611967412785151
3766,0.05908699929239852
3767,0.07911437970686924
3768,0.06310801015040357
3769,0.07931607616210257
3770,0.06397142333449946
3771,0.10908368941682522
3772,0.0839730436431248
3773,0.062196512482798005
3774,0.06424023918794608
3775,0.09526525887656817
3776,0.11843128474913739
3777,0.089765001991566
3778,0.0722563072009183
3779,0.07636856822545662
3780,0.05660516726041648
3781,0.07334388854039614
3782,0.061051593021273554
3783,0.0675161578446587
3784,0.08261540122265498
3785,0.09504833888397002
3786,0.05118945616413739
3787,0.04431280692819567
3788,0.07272537445613525
3789,0.06861595692679462
3790,0.07766129932998228
3791,0.08298837283417537
3792,0.0848004749427908
3793,0.09396086026577516
3794,0.06447948578472318
3795,0.08804356773955024
3796,0.062172037975726846
3797,0.06617663966382265
3798,0.07172060977180889
3799,0.07086158186024505
3800,0.0600674666364972
3801,0.08637031980261028
3802,0.09315754135416243
3803,0.0803745137704146
3804,0.09225583312946867
3805,0.0793646879329093
3806,0.07710648216531096
3807,0.0791403950955048
3808,0.1075332991565976
3809,0.055778176945751046
3810,0.0869805390052169
3811,0.040463809014984586
3812,0.07227641766188075
3813,0.06534658868119675
3814,0.04042269805510673
3815,0.04249579027223538
3816,0.06326852790192122
3817,0.08172777036972811
3818,0.07423773559102476
3819,0.06339212561350421
3820,0.06286002463991625
3821,0.09603391829599323
3822,0.05889616014574012
3823,0.10355580815715187
3824,0.04853175863910142
3825,0.0725255395913591
3826,0.07493142250000612
3827,0.06819017306063391
3828,0.0693134621089404
3829,0.0688372909674359
3830,0.07704121955981069
3831,0.07030828728560679
3832,0.0701762108599257
3833,0.03132914668252029
3834,0.07575011782928598
3835,0.07263098166906418
3836,0.052907215418304065
3837,0.06835339034395421
3838,0.10848366257662934
3839,0.08056031026749583
3840,0.0819868148941264
3841,0.04896099347121191
3842,0.07420592381742458
3843,0.08081715633695952
3844,0.06550610374622173
3845,0.06032631165787894
3846,0.058451272073722305
3847,0.05935812936636742
3848,0.05714366016444683
3849,0.10566192974700211
3850,0.07117260714097362
3851,0.08596793159840588
3852,0.0734322361334846
3853,0.08531839033668642
3854,0.0811488536974439
3855,0.08067117770024718
3856,0.06110748303642688
3857,0.07396060114069647
3858,0.06875573503198212
3859,0.07338155789409545
3860,0.062323626972162594
3861,0.0944413231417029
3862,0.06102997594465398
3863,0.059967364570111203
3864,0.06544644678918432
3865,0.06908896454639119
3866,0.0540419974709716
3867,0.09104123305157774
3868,0.09844112357551904
3869,0.07133544770378719
3870,0.05573280156130056
3871,0.051271728602809874
3872,0.10209581310180305
3873,0.07736995196318658
3874,0.06217597285367499
3875,0.0784138565818463
3876,0.0697466000214631
3877,0.06774406499614449
3878,0.09384137531331521
3879,0.08340610696317141
3880,0.07425156855419957
3881,0.11249875445552776
3882,0.05023640771277582
3883,0.08068849795968186
3884,0.06744451192707679
3885,0.07841549855744184
3886,0.07227786424246413
3887,0.06479792777429738
3888,0.0869479004044919
3889,0.09671683472327419
3890,0.0678147267734831
3891,0.08126753963493405
3892,0.08578427278408174
3893,0.06898184143828057
3894,0.07194852372029342
3895,0.05767616873212866
3896,0.07125072930131615
3897,0.07699845354899981
3898,0.04956984266891684
3899,0.0684821592630398
3900,0.07739565059892856
3901,0.07152667256675238
3902,0.07046262708191103
3903,0.08906316836367695
3904,0.07111025647752112
3905,0.07062763776124231
3906,0.06045414919670278
3907,0.10494828369137077
3908,0.11533198355528979
3909,0.09521135722523622
3910,0.06602743620111484
3911,0.06152204757699259
3912,0.07167865003469653
3913,0.08022475360390419
3914,0.0775002653528436
3915,0.06677723683112496
3916,0.0849080108294254
3917,0.07347189639691948
3918,0.056727171015693245
3919,0.09474517806155558
3920,0.07675324200640499
3921,0.08929447071634011
3922,0.08024969689453226
3923,0.09053808923648915
3924,0.06262379677321606
3925,0.07301740811465668
3926,0.09877220063653197
3927,0.0731833302891487
3928,0.05986735936359305
3929,0.08872496934485158
3930,0.07814847498611971
3931,0.08130501684869224
3932,0.0771491354280896
3933,0.06585219713698753
3934,0.08953235353537142
3935,0.06215009715410569
3936,0.07507225561490172
3937,0.0829636416578497
3938,0.07609027935229995
3939,0.07983239954338478
3940,0.06494659798582303
3941,0.07488454956570456
3942,0.07371820299988363
3943,0.09149067651629783
3944,0.04577412184013774
3945,0.0746092199587538
3946,0.09800384295046377
3947,0.08252775968869297
3948,0.1181650018095799
3949,0.06539851698940796
3950,0.06166037647652134
3951,0.04695934801205065
3952,0.05737567563194562
3953,0.0719458303893139
3954,0.07156652479890635
3955,0.05822799535480533
3956,0.04167550847533641
3957,0.1208456604681149
3958,0.07037341163609429
3959,0.04906288227273836
3960,0.0743099448913398
3961,0.07646754335493078
3962,0.08938066465283834
3963,0.07676486754008255
3964,0.06260104538939126
3965,0.058474934129033374
3966,0.09205246415857349
3967,0.09290035660795531
3968,0.05465079126452982
3969,0.0454247025711626
3970,0.08449017310999574
3971,0.06245827122161368
3972,0.09544392252884437
3973,0.07968128294906701
3974,0.0817722156932682
3975,0.06854448302924288
3976,0.07062988358878447
3977,0.07991520230045163
3978,0.05906148050763105
3979,0.05725197421178063
3980,0.1000247034923884
3981,0.0908896460211136
3982,0.07237284438548286
3983,0.06622160280866207
3984,0.07335457786524513
3985,0.07146102514411784
3986,0.06799272420973101
3987,0.06882730769863005
3988,0.07926870617493342
3989,0.07554830097943616
3990,0.07328366837634054
3991,0.09453715697296838
3992,0.06563873825217215
3993,0.06086409714667784
3994,0.0863142502569334
3995,0.09896059323028766
3996,0.08110910502208218
3997,0.08244174534152093
3998,0.08711814663612366
3999,0.09190813235883738
4000,0.0786099921467368
4001,0.07214191659051089
4002,0.0952212162842635
4003,0.07688321109049351
4004,0.05132006916784371
4005,0.0810611392558262
4006,0.08971903490375399
4007,0.06002334489207689
4008,0.07978447342790779
4009,0.09358773379069096
4010,0.07510293356220371
4011,0.07076833000447785
4012,0.0793348376997749
4013,0.0504559188515043
4014,0.09082295445924043
4015,0.05962938667459905
4016,0.07951207717693787
4017,0.0716893637505217
4018,0.08651131126563594
4019,0.06379020191941343
4020,0.07920323973053389
4021,0.06412789605099217
4022,0.05379636876310517
4023,0.07807535700345519
4024,0.057535316116130164
4025,0.0710985749399638
4026,0.08720600604441575
4027,0.07499566623623233
4028,0.07590096229331655
4029,0.04430688586774045
4030,0.0660069290990899
4031,0.046017325355090066
4032,0.07016955911785777
4033,0.10123967682303603
4034,0.056972541005360866
4035,0.08858643741368588
4036,0.09006001954431597
4037,0.053269441949392426
4038,0.06892670673308177
4039,0.06904107716284175
4040,0.05815792468957204
4041,0.06793732451012041
4042,0.07288699165550949
4043,0.05554887542930825
4044,0.09241623406751276
4045,0.06752600657990165
4046,0.0635151835064805
4047,0.05715008744611988
4048,0.06901362954177831
4049,0.065553494257301
4050,0.05589843420199181
4051,0.07028185642946866
4052,0.07407735037279145
4053,0.11490076579043806
4054,0.07586263743967653
4055,0.06473232362331782
4056,0.04765303830500556
4057,0.07520245465536368
4058,0.07432615743856802
4059,0.07738503921586048
4060,0.09052774698361743
4061,0.05040738717273785
4062,0.07010619681403013
4063,0.056780461953210626
4064,0.07439541521449788
4065,0.05877791702459839
4066,0.057069486081862686
4067,0.07422841310943845
4068,0.08232560499217706
4069,0.06464250545589584
4070,0.05194297110318147
4071,0.07632177713736954
4072,0.08602700843606093
4073,0.0780392285389579
4074,0.07907335702972734
4075,0.07267705033694166
4076,0.0791107114140785
4077,0.07431592123519726
4078,0.06680909127643297
4079,0.06392138517259272
4080,0.060607751591045034
4081,0.07662725864758319
4082,0.0731382472009206
4083,0.05671271723378912
4084,0.06365824304752504
4085,0.06830121220494234
4086,0.09369684802847078
4087,0.07676655630347357
4088,0.041009252251542117
4089,0.05975870968978092
4090,0.07785007011919409
4091,0.0664533090209436
4092,0.08862308353156706
4093,0.07917123807416732
4094,0.06533751745785277
4095,0.07369493599618893
4096,0.07175672763469626
4097,0.0820908364918384
4098,0.047157857039757445
4099,0.07828843133410335
4100,0.07187241583565884
4101,0.05120064918719058
4102,0.09160673482347476
4103,0.0831014699039283
4104,0.061417764622160975
4105,0.07548845162811768
4106,0.07175717382140034
4107,0.08133840736147246
4108,0.07288439066619556
4109,0.06321198986293325
4110,0.06480587697493895
4111,0.07315473499702296
4112,0.1096525477498661
4113,0.08896175215600655
4114,0.09101679620050446
4115,0.05423875244820331
4116,0.06557796634542695
4117,0.08567250990169234
4118,0.05862908494149505
4119,0.08348076794060205
4120,0.08171757036550598
4121,0.09027060621161953
4122,0.08296931068100899
4123,0.07925970211189626
4124,0.06042187509060476
4125,0.09145411614356413
4126,0.08614057643496853
4127,0.0780914339438547
4128,0.07435421488092187
4129,0.05019541140559136
4130,0.06646134662360104
4131,0.08373956851519287
4132,0.05595892050693502
4133,0.056592871935001954
4134,0.059060736685913495
4135,0.07127655830697383
4136,0.05666118367431605
4137,0.06812953938709876
4138,0.06087335616863376
4139,0.0774990109433561
4140,0.06454091528807088
4141,0.08147069765848436
4142,0.0707514097890794
4143,0.07395604530400501
4144,0.06188948343871409
4145,0.0934237373930048
4146,0.09413459071416391
4147,0.05203903803864174
4148,0.06967004267931243
4149,0.06389518134682537
4150,0.06176875922398578
4151,0.09333203626774683
4152,0.051233029092024096
4153,0.06602717135788566
4154,0.05718711201006571
4155,0.07300816912109437
4156,0.08862173265117684
4157,0.08607382493830801
4158,0.06235698579396548
4159,0.07514747706661074
4160,0.06635938178059808
4161,0.06463855215804615
4162,0.06450406628247696
4163,0.0935000431103129
4164,0.08871510711479058
4165,0.06621126223361123
4166,0.0698935031339385
4167,0.068047904424275
4168,0.08454056558561451
4169,0.11967777111220085
4170,0.0672995985589055
4171,0.08534479788512878
4172,0.057456113809860654
4173,0.06822759897680608
4174,0.07569738787717739
4175,0.07862581758017884
4176,0.0919110397856236
4177,0.04563297366896096
4178,0.09167476741327818
4179,0.08282428100949735
4180,0.0663668409382247
4181,0.07354053712728204
4182,0.07217147968954785
4183,0.058376390898433606
4184,0.07563189063066561
4185,0.07403285216322458
4186,0.07977397981192541
4187,0.0514023853782809
4188,0.06435912237625391
4189,0.08351655019865795
4190,0.08437231541915435
4191,0.04652807310238777
4192,0.06697222014904541
4193,0.0954601209318191
4194,0.057494817632607886
4195,0.07976596052100876
4196,0.0855572995412276
4197,0.05011167654359178
4198,0.06314353847441012
4199,0.05740940420832974
4200,0.09370523031167205
4201,0.06752469346744144
4202,0.06768267022842744
4203,0.06219115694342653
4204,0.08511467386401922
4205,0.03854932074541301
4206,0.050986722848150756
4207,0.07001305305744732
4208,0.07912549180987588
4209,0.06733774385707797
4210,0.1046629151480758
4211,0.1138581219789982
4212,0.07089242858888378
4213,0.0780579732152753
4214,0.07856416114655401
4215,0.06320889760460208
4216,0.06700203776772673
4217,0.06785817324870141
4218,0.07589117832035408
4219,0.09377645086154152
4220,0.07263436613957253
4221,0.07147232160652683
4222,0.047884458796323526
4223,0.06500086111876763
4224,0.0490087975535588
4225,0.07533275369007425
4226,0.05921515486620038
4227,0.07380409618280437
4228,0.10007775785308393
4229,0.09235046736443436
4230,0.06327264311002506
4231,0.09281317017182372
4232,0.06214116842529083
4233,0.08140448627754604
4234,0.07034744323028219
4235,0.0559784785965079
4236,0.07046509723040761
4237,0.10156182515795237
4238,0.0583553045505007
4239,0.0627369584123274
4240,0.06735415825962121
4241,0.10141289211269283
4242,0.06648443625633255
4243,0.0955570279680758
4244,0.07141996746168106
4245,0.08761549425495496
4246,0.07689752290627366
4247,0.07705322292395295
4248,0.06979413279526425
4249,0.06981145147796675
4250,0.06837655096993722
4251,0.10750090300319393
4252,0.07406568188837254
4253,0.08666126153557291
4254,0.05941681458206999
4255,0.061926184241094195
4256,0.0804221891475872
4257,0.08338994782485515
4258,0.06897146720334674
4259,0.05571114419882717
4260,0.08444969229875537
4261,0.08987492532555119
4262,0.06844930067162891
4263,0.07437431724487598
4264,0.08645879245381033
4265,0.10340826098760314
4266,0.08621830250440898
4267,0.061089344289180336
4268,0.09090368220191464
4269,0.07828624368181675
4270,0.08164438883141378
4271,0.05502570319897543
4272,0.07146983162137405
4273,0.09339735015232442
4274,0.06084706088771996
4275,0.049668618078123006
4276,0.0942848235789942
4277,0.07788233662590943
4278,0.04201411262263749
4279,0.10546974418534899
4280,0.057952448144363344
4281,0.05283435925506785
4282,0.0620585434881879
4283,0.06504268655024342
4284,0.06511072162008158
4285,0.07888999143490277
4286,0.08392636533463826
4287,0.05978847010105237
4288,0.0557548833817037
4289,0.03650646928204426
4290,0.07660164714594936
4291,0.04302921518808539
4292,0.04730547160476717
4293,0.05592793107678107
4294,0.09143412585235688
4295,0.09904434677638307
4296,0.07438755530430302
4297,0.08639861991923725
4298,0.06844752816444416
4299,0.07490495917995338
4300,0.0423163914673349
4301,0.07664760772379442
4302,0.07156734214230198
4303,0.08785827633912047
4304,0.11154141333389211
4305,0.07199928469851147
4306,0.048340809942259366
4307,0.06856594884874784
4308,0.0794628501479549
4309,0.06996412955574272
4310,0.08846537290947176
4311,0.05756397484385495
4312,0.07396769580237533
4313,0.07590633571233152
4314,0.07572339656455346
4315,0.06482774445668865
4316,0.06906548629124426
4317,0.07184635999973743
4318,0.05318773216056566
4319,0.05425045343924273
4320,0.07411746770791439
4321,0.0905169662877306
4322,0.06614156776824759
4323,0.06458377837332924
4324,0.06649352308051115
4325,0.08164933224813814
4326,0.07399463214191826
4327,0.09941571894218432
4328,0.06448886683482685
4329,0.046567173553821006
4330,0.07279795356392477
4331,0.06990642100583017
4332,0.08172357048535234
4333,0.0667498145412746
4334,0.07279203456975042
4335,0.06460999990260463
4336,0.055344508189512365
4337,0.08681655553495815
4338,0.05764156359298783
4339,0.0860046827175362
4340,0.06292330739871527
4341,0.053036781986430304
4342,0.05912443023989822
4343,0.07684802837436355
4344,0.06732944543215719
4345,0.10322898176852713
4346,0.053603358987775185
4347,0.08881340940879512
4348,0.09659591067773787
4349,0.06477303109240767
4350,0.05979293542168862
4351,0.05489324603870199
4352,0.09812202872297032
4353,0.0601530115609028
4354,0.08079518529952096
4355,0.07255278640516172
4356,0.06093931264566688
4357,0.0639006426121459
4358,0.07374560611287562
4359,0.03696309799201841
4360,0.08357761961687238
4361,0.07186601541795345
4362,0.048773050819281794
4363,0.05972538579581549
4364,0.0729293456839179
4365,0.05564963331972156
4366,0.07830605772390115
4367,0.07385486282192066
4368,0.07248416291278292
4369,0.0822885284693251
4370,0.0509572814287908
4371,0.06881009053350068
4372,0.061171137427233735
4373,0.08161148510233601
4374,0.08971508738093437
4375,0.12002842665696645
4376,0.05195740674657978
4377,0.05014869735983696
4378,0.07725956414239099
4379,0.0823630131161247
4380,0.08789309703643311
4381,0.055552497656309374
4382,0.09977063157589144
4383,0.08139927015862308
4384,0.06994801716286275
4385,0.08692743186239699
4386,0.0995669897757479
4387,0.04597274040798155
4388,0.0769077119848876
4389,0.07862267571186177
4390,0.059239077337129686
4391,0.06946777974885271
4392,0.05228226604166558
4393,0.06800092294974885
4394,0.05415626807943391
4395,0.06952201880935038
4396,0.0604617010774931
4397,0.0899480207930845
4398,0.09550398457486342
4399,0.09625943480178178
4400,0.050688046449373136
4401,0.1027313132520491
4402,0.05619342697425572
4403,0.08893316285424874
4404,0.08109183325880409
4405,0.06836623583558216
4406,0.0783736119788998
4407,0.0648712583481445
4408,0.06620163499610443
4409,0.06688895937833234
4410,0.05126816759169828
4411,0.06378508722951942
4412,0.04735291855305157
4413,0.07992043568918888
4414,0.079152095680044
4415,0.06909432888342937
4416,0.05693830197380839
4417,0.08016272754082254
4418,0.09584829061901984
4419,0.07564113448341886
4420,0.06433735075684294
4421,0.06339816600694365
4422,0.07676012570181118
4423,0.060649283068343385
4424,0.07213543887597523
4425,0.07922834833264963
4426,0.06480550768852761
4427,0.08645998755442241
4428,0.09155211473928798
4429,0.08631790567629116
4430,0.0819683769483649
4431,0.0604241140593097
4432,0.042525490774182995
4433,0.0706367605804642
4434,0.075470715761919
4435,0.09520919535851519
4436,0.06308105904043054
4437,0.0865458122465575
4438,0.07817980064208407
4439,0.06110535671107947
4440,0.06828206587369945
4441,0.059818651232497966
4442,0.07306425686876905
4443,0.06119745043228708
4444,0.08805360230729659
4445,0.053349594049116045
4446,0.06221228365154652
4447,0.07764772978664858
4448,0.07185845949488973
4449,0.06437213000645003
4450,0.05325805578627085
4451,0.07178352580564556
4452,0.05435881376891327
4453,0.07000506991084499
4454,0.054686196374099216
4455,0.05308187100186562
4456,0.09359268076619481
4457,0.057055173650782776
4458,0.06950758053758088
4459,0.0763772091329934
4460,0.06387410580047842
4461,0.05375557616497029
4462,0.07922468648102049
4463,0.07508593415878217
4464,0.07981726312013482
4465,0.06725719429116128
4466,0.06929979749015425
4467,0.09238968650229368
4468,0.07411063459791994
4469,0.08815359342146195
4470,0.06544934338404756
4471,0.0905526629458081
4472,0.06346662287291321
4473,0.07834329153377179
4474,0.08063617812296398
4475,0.07641473049075859
4476,0.10667561328619868
4477,0.08117870862196974
4478,0.07640290966785496
4479,0.08086498914483614
4480,0.07272593087020568
4481,0.06433204125387226
4482,0.09190640356187024
4483,0.0733175042034298
4484,0.05039569577054975
4485,0.08167590852850332
4486,0.03735080413489089
4487,0.08121587383854417
4488,0.05730369590462542
4489,0.04681826245956955
4490,0.045741371403935194
4491,0.062452053469808366
4492,0.09024925753136387
4493,0.09545498705174266
4494,0.07357666920640704
4495,0.07517575358646705
4496,0.06993206694929383
4497,0.0878853794796215
4498,0.04251628099078125
4499,0.09389877631996868
4500,0.07872661828710581
4501,0.06449508983403873
4502,0.06994992629087932
4503,0.051718309611699154
4504,0.0804569192250118
4505,0.08773861081251932
4506,0.07174603261937329
4507,0.029020821141815145
4508,0.08653008855152333
4509,0.08262581172677169
4510,0.08685941803300912
4511,0.07209109669707342
4512,0.07084648918201181
4513,0.06275330875458274
4514,0.07335300492266061
4515,0.043137395728395034
4516,0.06948167757764329
4517,0.07189269997051595
4518,0.046294049370365964
4519,0.05167210453990162
4520,0.06509505002759208
4521,0.07010527330439004
4522,0.06751273869253721
4523,0.07075617922066418
4524,0.0683605331249389
4525,0.07279992886908698
4526,0.0476548159511172
4527,0.06099762235331829
4528,0.07949673140524405
4529,0.049139334311879224
4530,0.07214753415495029
4531,0.05920807750434243
4532,0.09297999357028736
4533,0.06228785551777183
4534,0.05614318827324327
4535,0.06959782295232209
4536,0.07260817975422562
4537,0.09610891181336095
4538,0.07139390904152138
4539,0.07628529312076232
4540,0.09366702502382912
4541,0.09039528125206153
4542,0.05143853515006214
4543,0.07334239334893228
4544,0.06906812643516091
4545,0.04969486888936003
4546,0.08426929652379528
4547,0.07898747894127833
4548,0.07654617613860082
4549,0.03686979500563414
4550,0.07787277733689901
4551,0.07151179072108915
4552,0.06535924398381043
4553,0.039703327508413655
4554,0.053735589170605336
4555,0.04986073830510185
4556,0.06826159907068213
4557,0.05856719118791187
4558,0.0542313534836486
4559,0.06597907790554153
4560,0.08733126910856631
4561,0.0891835416224877
4562,0.03583168938058656
4563,0.07115301066404633
4564,0.06377179460505239
4565,0.03944574839625348
4566,0.05418433938033401
4567,0.08838352943681055
4568,0.08848512106403117
4569,0.07602431491938105
4570,0.07374626992567884
4571,0.06832960987445774
4572,0.06244740626229717
4573,0.08783519716442806
4574,0.0935506959792563
4575,0.08115288836115486
4576,0.08102541377474737
4577,0.0426391406283278
4578,0.07091156443502222
4579,0.0800409529073306
4580,0.10940015721887869
4581,0.08509431281225749
4582,0.08777380750334268
4583,0.07471050887560815
4584,0.07996659565118136
4585,0.09276383911551245
4586,0.06865455095771877
4587,0.09026110524206221
4588,0.08280805913567968
4589,0.10023862278309764
4590,0.07555759189123434
4591,0.06357669495431639
4592,0.04773555589806755
4593,0.08968296680700161
4594,0.05122485434199253
4595,0.09408217226419557
4596,0.08319272643474807
4597,0.07129798189433312
4598,0.09429895647565384
4599,0.05503126586580159
4600,0.06487531192599838
4601,0.0722110960269437
4602,0.07079663236208539
4603,0.08221995178089636
4604,0.1070815766027185
4605,0.07597238352004798
4606,0.0644929795999658
4607,0.07641141706482601
4608,0.08029629359018958
4609,0.08171814494716662
4610,0.09041444341100391
4611,0.07997996807245572
4612,0.09556163140712598
4613,0.05765582207662634
4614,0.05588336268175126
4615,0.07183160148816653
4616,0.052951101743526796
4617,0.0442549805348505
4618,0.1196341451979045
4619,0.08615818750987769
4620,0.06893244705126089
4621,0.08547157099330566
4622,0.09264231323098504
4623,0.04940232740571365
4624,0.05133221256981335
4625,0.0824934606360242
4626,0.06265016251705746
4627,0.09543172462009819
4628,0.06454984521444157
4629,0.07992609826541847
4630,0.05366851453515986
4631,0.078095034834672
4632,0.07214592894667732
4633,0.07906739579604427
4634,0.056534454647045596
4635,0.07900493353615456
4636,0.07796832906523465
4637,0.06329740953661495
4638,0.07349424532501081
4639,0.06478759468007927
4640,0.08492831277270363
4641,0.07923089377783399
4642,0.058001576186918424
4643,0.0665897875080938
4644,0.08429527246354568
4645,0.06479444859896555
4646,0.08908683793190203
4647,0.08776975517092939
4648,0.072102744823201
4649,0.08586437357067289
4650,0.06418622646047817
4651,0.07581890009848463
4652,0.07136983307081013
4653,0.08789720602430745
4654,0.09740432287661871
4655,0.07228219465060604
4656,0.07544014101467816
4657,0.08537649178844797
4658,0.07847683951721285
4659,0.08970205136727183
4660,0.09091301868130774
4661,0.07942462985217669
4662,0.07017665889517954
4663,0.08884336206516752
4664,0.07606636062017369
4665,0.06276122326518463
4666,0.0641067783648342
4667,0.09583721245033622
4668,0.08221168615429797
4669,0.05067625138486054
4670,0.057997916354554924
4671,0.058432502512562046
4672,0.05709447747762625
4673,0.07910329617421347
4674,0.04242033620912106
4675,0.05824348376377686
4676,0.07827730276327555
4677,0.08716807921335279
4678,0.059060184646218594
4679,0.07949278143489119
4680,0.054156032076863925
4681,0.07601749769008126
4682,0.07323857278674367
4683,0.07536119636053884
4684,0.06764421529239406
4685,0.11287924653757664
4686,0.09133081266297727
4687,0.09151180572409218
4688,0.057898958894844144
4689,0.07976523518683665
4690,0.055502226633762586
4691,0.05603551924709027
4692,0.0652535106822486
4693,0.07549998650398365
4694,0.08412855054405799
4695,0.08573670033442077
4696,0.12083369036677788
4697,0.08175973329758679
4698,0.09906020503518054
4699,0.06160242242568925
4700,0.06577747988095922
4701,0.07683486548785345
4702,0.10349780286047428
4703,0.06935513183725323
4704,0.06910408398442763
4705,0.07433783480234818
4706,0.11064002120010874
4707,0.06918585237917019
4708,0.08099289153631972
4709,0.050546511075592715
4710,0.07950796054088455
4711,0.07875478483064369
4712,0.06734548497243198
4713,0.07874541349491143
4714,0.06781353096434806
4715,0.06343433898895118
4716,0.06347804068040025
4717,0.10685622199256495
4718,0.06654738249494979
4719,0.09451407115190735
4720,0.08478253729968932
4721,0.07062944209345134
4722,0.09837934484798688
4723,0.07948895357508123
4724,0.06871678075445753
4725,0.07901859728333188
4726,0.07685703400754079
4727,0.08291889813005288
4728,0.09402778477052759
4729,0.08177258608687832
4730,0.06303767479695804
4731,0.08090360035470484
4732,0.07204044947425436
4733,0.06424354525139148
4734,0.10158452680099128
4735,0.09438293402625764
4736,0.08563888329643643
4737,0.07259649807670748
4738,0.06837539574940638
4739,0.07389919601137507
4740,0.08314995019665922
4741,0.06622433511391246
4742,0.05785807403299209
4743,0.07442299773781352
4744,0.07592134790775573
4745,0.07428813526620215
4746,0.051096318714944466
4747,0.0689468543547157
4748,0.08129475627931043
4749,0.06491810135933002
4750,0.09160548580935163
4751,0.0875055607958043
4752,0.06022889383397978
4753,0.09311098496091452
4754,0.06233293607859941
4755,0.07876832690777713
4756,0.0589309026639116
4757,0.09137990043129873
4758,0.08937921802262777
4759,0.0689652231158262
4760,0.06593864392285709
4761,0.10780307580608184
4762,0.09182989482179471
4763,0.09996167579364729
4764,0.06359470574613063
4765,0.05254850695968333
4766,0.07332301412609515
4767,0.08045401942314023
4768,0.07191240987774739
4769,0.08098249978882127
4770,0.0900930072161748
4771,0.10969248470377324
4772,0.0572673304884489
4773,0.06926465607919885
4774,0.08126730276722877
4775,0.08274906584141556
4776,0.035968903008351705
4777,0.08228398504336021
4778,0.04989888807021903
4779,0.08379198357274098
4780,0.06187397015064583
4781,0.09688292227342116
4782,0.06790549832023568
4783,0.07267158734619938
4784,0.05745483601320289
4785,0.0615341863545294
4786,0.08981635767004215
4787,0.101672054059041
4788,0.0766530664164361
4789,0.07083935559835852
4790,0.08037718906544772
4791,0.08988000045206634
4792,0.07618915791219855
4793,0.10089599248851605
4794,0.06480104821471983
4795,0.07148071092818337
4796,0.04390675984420256
4797,0.06465630982469706
4798,0.0768031067958051
4799,0.08599487291225016
4800,0.09639616939487067
4801,0.07634681649571678
4802,0.09159339786689841
4803,0.062163764313717285
4804,0.0843228288997796
4805,0.08470190711493264
4806,0.07338742016811517
4807,0.07051789834785827
4808,0.05469715588864166
4809,0.109957938306601
4810,0.07336261249558312
4811,0.06446418932766546
4812,0.09422134198236698
4813,0.07890630173148705
4814,0.08850203976445586
4815,0.0789174684584098
4816,0.04236507508506315
4817,0.08768686977502038
4818,0.11177240027710489
4819,0.08258052671837207
4820,0.08786515191282906
4821,0.061883188348202056
4822,0.07558891259228961
4823,0.09629836997070235
4824,0.08485108641826122
4825,0.07318365103570379
4826,0.04645985829158428
4827,0.0862174964862169
4828,0.05393593930575069
4829,0.058380374313443506
4830,0.08721254096329839
4831,0.08655942299110014
4832,0.0655228959819032
4833,0.0702815873557085
4834,0.08273332666827588
4835,0.060485150849123315
4836,0.08486289261110669
4837,0.08296016589621968
4838,0.08745364836775804
4839,0.0737308141817219
4840,0.0696800323216007
4841,0.10813064830569091
4842,0.08764409392518197
4843,0.07126988883166785
4844,0.11852350448373555
4845,0.059615579128021456
4846,0.06672737035321641
4847,0.05020265825312903
4848,0.0789376532068683
4849,0.04074130391352815
4850,0.059465287926654675
4851,0.04494855872663944
4852,0.08091571141265419
4853,0.05654570300310213
4854,0.06631225709582528
4855,0.07511250559314209
4856,0.07462073086573279
4857,0.06869612142984183
4858,0.04750197264689471
4859,0.02649252958220849
4860,0.06816625894231454
4861,0.09532486054085076
4862,0.06836726333407234
4863,0.06195016098790879
4864,0.08424428076135171
4865,0.07451918607068264
4866,0.043722235055072556
4867,0.07130109748450275
4868,0.08415591395723054
4869,0.07866536148071196
4870,0.08540103689930978
4871,0.08773673396625714
4872,0.07125855465098307
4873,0.07760255216691958
4874,0.06355508896596263
4875,0.08282241224055092
4876,0.06668997652395492
4877,0.0914421766524614
4878,0.040053453852398946
4879,0.0807104987671643
4880,0.05446275291278213
4881,0.09290054379157003
4882,0.06404237114627326
4883,0.059676699200959304
4884,0.06753617650347976
4885,0.06184494039098887
4886,0.05966741628553418
4887,0.06873907004932522
4888,0.05079065860106191
4889,0.05334396550285181
4890,0.07940590558378818
4891,0.09554206535629306
4892,0.07788134948623093
4893,0.07831034418543759
4894,0.08139180009407704
4895,0.0897412723549687
4896,0.07202024303375265
4897,0.08451881472124129
4898,0.08421325479200209
4899,0.09339633984490564
4900,0.08241119680706
4901,0.08294270772928508
4902,0.07560623813763018
4903,0.06522568149634844
4904,0.10384245315233726
4905,0.04241388527438156
4906,0.07130399358529665
4907,0.07715031390412092
4908,0.04403154393990488
4909,0.03669442351116292
4910,0.08731892260560059
4911,0.06651248242802194
4912,0.0751619409717354
4913,0.06562007921033897
4914,0.040351253823859456
4915,0.06373274965757408
4916,0.057544060276295494
4917,0.059157274619346
4918,0.10319300189563846
4919,0.07138285836967118
4920,0.07916604222432788
4921,0.08448204041115909
4922,0.06724519065128975
4923,0.07445222765504472
4924,0.04017794164509342
4925,0.05766361829201444
4926,0.08165254012595996
4927,0.06772598432946259
4928,0.06300249109269662
4929,0.07656998024041123
4930,0.07519924080496321
4931,0.07696796856748866
4932,0.049283349693451495
4933,0.08273543126583222
4934,0.0946760154503341
4935,0.07477194570275136
4936,0.0702157421141546
4937,0.057708271303701875
4938,0.09116889284713686
4939,0.06655322446020784
4940,0.05684133494005972
4941,0.06635540023154446
4942,0.059468395334118906
4943,0.057094402188446025
4944,0.1094883071124812
4945,0.08462122652018123
4946,0.07006559432088705
4947,0.08415436037245794
4948,0.07516185679220166
4949,0.08465261723756357
4950,0.07957443853761614
4951,0.07347989237311181
4952,0.06867662972298105
4953,0.06641692640458846
4954,0.10453770669321061
4955,0.08536004484031784
4956,0.08371888843652131
4957,0.05380063257878448
4958,0.10739914287019353
4959,0.06144915591334732
4960,0.0726948941954142
4961,0.07029976427451806
4962,0.09075267474005766
4963,0.0765065190454351
4964,0.07417727585132528
4965,0.07879751972544036
4966,0.08852477405201237
4967,0.07207372946374246
4968,0.07597825531732189
4969,0.09598277169810471
4970,0.05441356378492712
4971,0.06748615538586211
4972,0.07265508940867488
4973,0.06168855123420047
4974,0.10143166666571624
4975,0.07607960214707893
4976,0.09264129253512848
4977,0.08170143917212047
4978,0.07766326716457056
4979,0.08080051050639553
4980,0.06468181100907411
4981,0.07999508499237429
4982,0.059549023504767484
4983,0.08017034522945993
4984,0.08968294408098304
4985,0.07159692184465194
4986,0.08843908445224885
4987,0.09138470708076007
4988,0.05205465235724038
4989,0.06522869351757898
4990,0.08998809020016962
4991,0.08778674709557649
4992,0.0705408626000873
4993,0.08461114243168416
4994,0.07480801903793716
4995,0.06787440840222903
4996,0.06323328260647182
4997,0.0721589355337951
4998,0.08599340274926731
4999,0.09002836780902351
