bootstrap_id,delta_svm_minus_mnir
0,0.110596475132545
1,0.11455481679075097
2,0.10433269857614003
3,0.054430098303909435
4,0.06873466585318672
5,0.0629223278817817
6,0.06276965514712723
7,0.0940061433425165
8,0.057224288447251415
9,0.04346591558289903
10,0.0937677441915199
11,0.07598040945396295
12,0.03521244219599856
13,0.07386803789882251
14,0.09650235651599115
15,0.11721096811175602
16,0.07114733287320024
17,0.06686484166892448
18,0.08520891850356316
19,0.060854228478454564
20,0.08982254088853803
21,0.05247127020047937
22,0.1040083801309204
23,0.07211394202227406
24,0.07697256918111584
25,0.09282587876553539
26,0.08428198188490932
27,0.09252287490689143
28,0.07941430016294293
29,0.05429993673336364
30,0.04858541618619511
31,0.05427185039244875
32,0.054404830488290534
33,0.08348566658845413
34,0.10132661279330674
35,0.052324387655337645
36,0.05968301397601011
37,0.07137372829647898
38,0.05218401085722385
39,0.056724470359043155
40,0.09153959094354847
41,0.06343689323641094
42,0.05638874825866691
43,0.06443371698234518
44,0.06960349959545015
45,0.08036445234243783
46,0.055770877977968314
47,0.0803263629588285
48,0.08658971069061616
49,0.10238616891375085
50,0.06156678366033197
51,0.0655342674114196
52,0.0692168708788653
53,0.0785820342530783
54,0.05089453024027679
55,0.06022704531846779
56,0.06835488871015116
57,0.0853088428112298
58,0.06535622961502607
59,0.08553376573641963
60,0.06237965754972041
61,0.05548803536053332
62,0.07202308644619565
63,0.0603786331853447
64,0.11642638626323137
65,0.09548861647736723
66,0.09144062452337814
67,0.06758197917377773
68,0.06574907874585567
69,0.0745595774500003
70,0.09952260896919585
71,0.07784891983381237
72,0.07655583268879251
73,0.08158263825732831
74,0.010076637228384977
75,0.0914230478813658
76,0.10246619606336421
77,0.05793934662232403
78,0.09811800776577706
79,0.06051431371430899
80,0.05171441912699781
81,0.058737656970799745
82,0.0711894536544031
83,0.048925438073694705
84,0.08583268997494731
85,0.07284972634763132
86,0.111136602765181
87,0.06398906056663939
88,0.06840402186860728
89,0.04901398503381105
90,0.06126317659594327
91,0.06629508974565068
92,0.03761559071923737
93,0.09503380187900146
94,0.06503907676880732
95,0.09462527605222942
96,0.06060649435566012
97,0.10114075756960128
98,0.061392466885476005
99,0.02236639999305995
100,0.10669592602291655
101,0.0874764276658293
102,0.05956466509780278
103,0.04825528789508876
104,0.05912576602580877
105,0.11093919348304038
106,0.051409646416404164
107,0.03429091582576094
108,0.0611193286992614
109,0.08955565705364837
110,0.0669172572417342
111,0.08400378635563643
112,0.046887089493304335
113,0.05393934580187004
114,0.06848968977686232
115,0.0704344972153097
116,0.04533763516200073
117,0.07953334213774865
118,0.058452113648255755
119,0.05149618569264325
120,0.06424051276304715
121,0.055015957189870235
122,0.08632134130667568
123,0.07841383847526001
124,0.09573222454169239
125,0.0609632388966746
126,0.06054974125032203
127,0.026357586438236213
128,0.053233297801954405
129,0.0693959266465633
130,0.08298863464765172
131,0.085392510303547
132,0.09415684604559066
133,0.06871182433165124
134,0.049381839361633484
135,0.0855394875415707
136,0.09524319248305946
137,0.07631162978888079
138,0.0727980638072665
139,0.07641471236420544
140,0.04935929494918462
141,0.09564225015353456
142,0.07584692203252485
143,0.05678646484957195
144,0.07794595355275735
145,0.04768335151339814
146,0.06649608340100793
147,0.10072199065450493
148,0.053916574578918075
149,0.09549694692418931
150,0.05606619989269657
151,0.09463685987588838
152,0.081118424509173
153,0.08859350889395484
154,0.10097349147817147
155,0.06736348979246659
156,0.11971573464712032
157,0.06490792293219222
158,0.06630120604518402
159,0.08141674683713407
160,0.06462373229668328
161,0.07113676462306434
162,0.05147422801483431
163,0.05942972835924881
164,0.06420066878103892
165,0.07677604048370029
166,0.08975881444617373
167,0.044701793776727006
168,0.06614802766044064
169,0.09885358943464473
170,0.0552242963589506
171,0.07400228613242921
172,0.09677577405587129
173,0.07422258507577117
174,0.08244614066321887
175,0.07102018451323411
176,0.09899157966460892
177,0.08677464044531263
178,0.06997707504910483
179,0.08553468593156888
180,0.05142938427911803
181,0.050654734854328476
182,0.05166006801360068
183,0.06546414642128129
184,0.07428795816710826
185,0.08944759120159818
186,0.07720766782708893
187,0.06970677352268972
188,0.04479264674479283
189,0.06088125120833471
190,0.06437997224341069
191,0.029738984268298074
192,0.06725470797639777
193,0.07386484347785338
194,0.03615144748744231
195,0.07448700401356129
196,0.0491099713672109
197,0.04051729889743155
198,0.0590263411932227
199,0.05332088668778717
200,0.07223862709984868
201,0.06128811793656791
202,0.07288159414366546
203,0.06277814952900385
204,0.07881205508431482
205,0.06721941311934843
206,0.03528393727871937
207,0.08851745073882034
208,0.05899435161986355
209,0.039964735538208396
210,0.061193029587243986
211,0.09756341118958911
212,0.10429416799371893
213,0.095635543739849
214,0.06113275663412471
215,0.09283269618469192
216,0.03490982551834615
217,0.0552848281597354
218,0.10202509392104825
219,0.05545225843751289
220,0.041821319703014115
221,0.05884723331291647
222,0.08484151785271238
223,0.0709874650571467
224,0.04626650634233348
225,0.07731899862177244
226,0.10160628641750269
227,0.052945365177611614
228,0.07878351965046093
229,0.08491009512460818
230,0.04286859405954008
231,0.09805806097630337
232,0.06796939187316625
233,0.05927920877680859
234,0.11007453542245199
235,0.05967127834385377
236,0.09611383410315799
237,0.07457291874019034
238,0.05376635122449119
239,0.08064108238028034
240,0.0686304263789762
241,0.06720354714281929
242,0.07505451462960278
243,0.07758851607703143
244,0.07507783667820012
245,0.09421658098350028
246,0.04079232278408035
247,0.053844631308706314
248,0.06622891138778292
249,0.09252230745881906
250,0.07632178329254075
251,0.06878827831187317
252,0.08212156353726602
253,0.07001369336361202
254,0.09057666067269987
255,0.09078158120960206
256,0.08734598974382235
257,0.0542429651007722
258,0.10400755393739036
259,0.0884053728086252
260,0.07675145854366588
261,0.09674539263546345
262,0.06430034742173152
263,0.08400411795592166
264,0.09339444617409204
265,0.049006965978987904
266,0.07070985257786871
267,0.06490966420185801
268,0.05254644663219871
269,0.09973000512000718
270,0.07907833452767782
271,0.06667507967082864
272,0.07550447717630387
273,0.06980462260041059
274,0.09171714188063407
275,0.08835627641903332
276,0.09825924321475349
277,0.07427614635337604
278,0.05518554909549922
279,0.08670397013607761
280,0.10478656436165523
281,0.07347352741317731
282,0.08652803862924158
283,0.06302331036718184
284,0.07519149940038194
285,0.08614328202291527
286,0.10539159097880774
287,0.04108692536846714
288,0.0925566005908785
289,0.06037280223128433
290,0.034376587928902524
291,0.09896209187113275
292,0.03844140996400203
293,0.06293126480995725
294,0.06865162052304247
295,0.07025133996674465
296,0.06322678598826287
297,0.11727817237978416
298,0.09889521356876468
299,0.09092446528896914
300,0.07490219233766549
301,0.0648703047815698
302,0.03667251403878968
303,0.09269579644272208
304,0.0725567460579894
305,0.06328146464306983
306,0.05031852191432451
307,0.09335951222680305
308,0.061059071943437904
309,0.06427481118154538
310,0.05240854343446366
311,0.07124884766496836
312,0.10812969231353314
313,0.07051631233484057
314,0.08519822002860966
315,0.06964026318948024
316,0.09004027947596849
317,0.07874955793193084
318,0.10398264211974384
319,0.10086336781908678
320,0.063583533906439
321,0.08020092390747124
322,0.06411186365055016
323,0.056603019271369126
324,0.06520776716640331
325,0.055726005264018275
326,0.06538253078772199
327,0.07170526110513697
328,0.05153334836484258
329,0.015514947339141494
330,0.06407522792918174
331,0.06332851629225933
332,0.06972147519250455
333,0.08176041158358366
334,0.09202825631626987
335,0.09292602040142928
336,0.056551855536927154
337,0.056634752781220266
338,0.0710823029585762
339,0.09943507469921764
340,0.12077100811826441
341,0.08237682377984357
342,0.07238750304913616
343,0.10852629284270743
344,0.0809574355991709
345,0.10199154403771127
346,0.06301881173753543
347,0.06914525066163324
348,0.07806571744595842
349,0.07726278906057304
350,0.07733082027264704
351,0.043705584736032255
352,0.06981003280204101
353,0.03128127384792323
354,0.10465521449967202
355,0.06475495414046273
356,0.07619672958756846
357,0.12977348624336488
358,0.06720880471490487
359,0.08696497308258966
360,0.09133019453537422
361,0.04056748067844168
362,0.06663859730408617
363,0.10353517313939742
364,0.045879404012236336
365,0.039256157622339916
366,0.08247694614486234
367,0.0823159740776489
368,0.058310371257660476
369,0.07439358691937636
370,0.08727919906602333
371,0.06648548512944363
372,0.06420410950865862
373,0.09798236417515
374,0.08719669453314294
375,0.07890584497803366
376,0.07691492001550732
377,0.11983223008830679
378,0.095416463866218
379,0.090352019778565
380,0.11403011240503375
381,0.07492480876680285
382,0.08781641710693272
383,0.08604391814212847
384,0.07061421396819512
385,0.045138901185450164
386,0.08355349672926993
387,0.05102009371725219
388,0.0758701053993015
389,0.06150561592713405
390,0.06755529267301741
391,0.08745617290197305
392,0.1151263324861691
393,0.06652322735342242
394,0.0949188314529964
395,0.06917631296604282
396,0.04425316563928583
397,0.08472188841628864
398,0.060896901541426685
399,0.08549891750027955
400,0.0682143454959645
401,0.06946029514685959
402,0.09786133768236688
403,0.07898515647858462
404,0.0943059721968943
405,0.08611571944889362
406,0.07188884905976084
407,0.07088998078099407
408,0.09290843519339137
409,0.06678090522556684
410,0.10106117017501509
411,0.0730516926108774
412,0.07526917222723406
413,0.08256399408417181
414,0.08568027348390522
415,0.06646367230878963
416,0.090547713929649
417,0.05495233896678575
418,0.10485173766939837
419,0.05999249729501982
420,0.0820534281215517
421,0.09346390688033518
422,0.09034362822605552
423,0.1290360063603188
424,0.06859098247764189
425,0.056849876684089085
426,0.051610389858754546
427,0.05933394961804406
428,0.06330069580140679
429,0.09614177770328952
430,0.10081585449570934
431,0.046645356550004624
432,0.0874723738485248
433,0.07265297215038713
434,0.09914781712131376
435,0.06879626538616368
436,0.10520109917293546
437,0.054883124421689466
438,0.021385784413982145
439,0.07682759790104576
440,0.10130433915744047
441,0.08867448006839562
442,0.06947121750713103
443,0.043531361445272865
444,0.05646834271580731
445,0.08934915203256039
446,0.10903658783239228
447,0.03816262983481655
448,0.06833767159779308
449,0.05414821347842347
450,0.07941224733820401
451,0.08453509589315927
452,0.0606114714105091
453,0.08185753341745872
454,0.08753814538137478
455,0.09076851575980688
456,0.08724848797969587
457,0.08339188719659102
458,0.04667697737219895
459,0.08228858828067043
460,0.06086629550318001
461,0.07310797183692519
462,0.0790184908854153
463,0.07913664574209733
464,0.07752766522160792
465,0.05639616733322439
466,0.0725252947324957
467,0.0616783461265612
468,0.09750060499222135
469,0.08182605657560571
470,0.0811379230085616
471,0.08280377950737983
472,0.060962996475291575
473,0.08082851850933592
474,0.08131465311794561
475,0.07772348172295679
476,0.1139521149695395
477,0.041385354918188844
478,0.04861045576532752
479,0.04926320882117258
480,0.10458230954097175
481,0.07478721400531996
482,0.052872848556249186
483,0.05317240000605339
484,0.09408538168559599
485,0.018931089990541328
486,0.09763074610604339
487,0.0865334509664602
488,0.09142579236505338
489,0.0859653007418768
490,0.06711604627181772
491,0.08703234246090519
492,0.06888062691247171
493,0.08389133149110856
494,0.07668765993177473
495,0.11460397245303627
496,0.0843439761993014
497,0.082483118450076
498,0.03690040673292383
499,0.09639625947718744
500,0.05815164633961695
501,0.08945846226918519
502,0.06852119611448221
503,0.10150995337255625
504,0.07132932580460433
505,0.07346472677608856
506,0.09040479027157944
507,0.07622958594320361
508,0.09082700119189535
509,0.05872784449167434
510,0.11558352103253
511,0.08121675574863996
512,0.047841171805414084
513,0.07786045912929446
514,0.0736602673002601
515,0.09325919708638475
516,0.06960040886974062
517,0.06947520455757628
518,0.10889778175776293
519,0.09237099151840333
520,0.05439317875150507
521,0.06103646687058517
522,0.10252487471368438
523,0.11943102103583764
524,0.072962150062855
525,0.08415966665507818
526,0.05806654904043779
527,0.08931979748046648
528,0.13011314708923977
529,0.07849334417535941
530,0.057037588478585866
531,0.06360801219096929
532,0.10837094711772782
533,0.07947761378424478
534,0.09628023578508171
535,0.053424741941455745
536,0.048399825570318855
537,0.08651707482151266
538,0.10197650713170653
539,0.0880779189911034
540,0.0361268930981829
541,0.0833662337863097
542,0.12828332981802082
543,0.06295540846794029
544,0.08244503752201687
545,0.034442896896092534
546,0.09451817763908338
547,0.09204533050266328
548,0.08023299140575019
549,0.12248321791850741
550,0.09024493479910733
551,0.06906507146274904
552,0.059761586576328796
553,0.09278351984264821
554,0.04272337088012795
555,0.09343062212474301
556,0.05963892936364218
557,0.06126077310529965
558,0.10124388670704715
559,0.04854129904420312
560,0.030214472483513832
561,0.06897404175779992
562,0.0847570768115471
563,0.0749294018605986
564,0.055876655378924056
565,0.043813605554283874
566,0.0704406154024873
567,0.06442834140619685
568,0.04913930732543981
569,0.04846992176621806
570,0.11217739369496477
571,0.07861360894780839
572,0.06442694530921167
573,0.08147472048167126
574,0.08184892753478745
575,0.07789501253508341
576,0.0476025971447519
577,0.11691303747577697
578,0.1084728379877421
579,0.06830081400998106
580,0.07124713969410451
581,0.07245418800273096
582,0.05955839850343747
583,0.0654382370153031
584,0.08808484759510937
585,0.10000069415916246
586,0.0754007601107674
587,0.047055464857109985
588,0.048953646415950125
589,0.08396745788640103
590,0.03362462052268855
591,0.08973444936556058
592,0.04864964963272722
593,0.06708929454956525
594,0.05585995108722891
595,0.08170606633065242
596,0.04543435018644659
597,0.050091877463096846
598,0.09116587914078161
599,0.056547007034219554
600,0.05759580846495538
601,0.06779715696894384
602,0.0676623927146695
603,0.057354364883229036
604,0.08318721469242107
605,0.0663188850940799
606,0.0957634633129632
607,0.07719497389246349
608,0.11274888048534004
609,0.05146592050028248
610,0.0637443238499264
611,0.05473932539311732
612,0.06616110763587885
613,0.08251890026962772
614,0.08297891868389162
615,0.08532021253822714
616,0.0856429937426385
617,0.07245287636178377
618,0.08279052148858596
619,0.08999707746735264
620,0.09845689978116273
621,0.05594677444226409
622,0.050925932103930815
623,0.05948986867753836
624,0.104477847945886
625,0.08107245461948315
626,0.07649842218045816
627,0.11026427292074764
628,0.0625177880648205
629,0.03551331178120054
630,0.0909844961020202
631,0.07961300558380069
632,0.06924574625890695
633,0.06741193902319498
634,0.08124307413456205
635,0.11179971162921565
636,0.09087932071629506
637,0.04393657422169195
638,0.07757142126168592
639,0.05176943889090385
640,0.05002506790032063
641,0.09387281672947917
642,0.07498714169575926
643,0.10020618198935849
644,0.13770019194577
645,0.06869388844021551
646,0.058924722472663005
647,0.03483742200557993
648,0.07592019785645754
649,0.08255230415469628
650,0.12043790470069632
651,0.08065307925492421
652,0.07484964283489792
653,0.08957703152304153
654,0.07301248975329477
655,0.09897973944241073
656,0.07517467459033628
657,0.08699249809167081
658,0.09152470192506973
659,0.05792808141254158
660,0.06829469817555206
661,0.1246185313979763
662,0.085356712925299
663,0.05413865957134978
664,0.10404774476967837
665,0.08200266772880077
666,0.09347581219732753
667,0.050565744442160276
668,0.09771659870150434
669,0.07318026821519591
670,0.06356665119790966
671,0.04690116046965165
672,0.06596442782460399
673,0.06424284919806844
674,0.07234940316816219
675,0.08966536962473542
676,0.07366994392363779
677,0.06946006885374306
678,0.06510317646702135
679,0.08572406455038711
680,0.08435035970308452
681,0.08785952229941535
682,0.08738278404774008
683,0.051919988916270254
684,0.061551927151828945
685,0.0696080498127114
686,0.10206475684439803
687,0.09705779533650816
688,0.07796943708814369
689,0.04936120458852489
690,0.06953499797176727
691,0.09586150508301267
692,0.07213253696371674
693,0.09489521458080263
694,0.0894087921129052
695,0.06291372668936707
696,0.07925345443830462
697,0.10254569422204934
698,0.061843999127089766
699,0.09982648194035176
700,0.06902336586275437
701,0.05535066237903702
702,0.053212660577652504
703,0.09938934197285493
704,0.08159052079711215
705,0.07674609456039405
706,0.06812250007854737
707,0.08178354117752495
708,0.07769797672209111
709,0.10339295377860458
710,0.07038393727494818
711,0.06307913167233253
712,0.06297151354682651
713,0.10207142556121912
714,0.08512345876053362
715,0.0783387185356198
716,0.07657585823539026
717,0.08408101405350066
718,0.08556875472998088
719,0.0747490007889427
720,0.08107647549615316
721,0.07623177318366103
722,0.047332421717276474
723,0.10259313491861188
724,0.08140937631642814
725,0.08500799168235096
726,0.08685297438644685
727,0.0659811909871394
728,0.0810848006868185
729,0.07968350080967679
730,0.07027491744950637
731,0.09015195973045992
732,0.06790859341334671
733,0.0743602406249042
734,0.10117406995663103
735,0.08240426472188889
736,0.08656595204907203
737,0.09689667103672628
738,0.054851657736867954
739,0.10474671763570509
740,0.08489687343183183
741,0.11216591824862143
742,0.06276924598973466
743,0.09582826771699199
744,0.07964229544554247
745,0.12315041085396472
746,0.08632478314991054
747,0.07215309624118693
748,0.08822616422266799
749,0.08507620638631863
750,0.10626979740343279
751,0.06680017988648401
752,0.08713119694503857
753,0.03994222391967478
754,0.08752846479177134
755,0.08392202401475712
756,0.0795696806195132
757,0.12069559317471096
758,0.04453633829292791
759,0.04257002983974867
760,0.09150809955559552
761,0.06361342600202824
762,0.05633387087504599
763,0.049464518067711793
764,0.08075548920003256
765,0.05722919819205807
766,0.05456762677845789
767,0.062029948941280055
768,0.06241052120654894
769,0.11462741874407223
770,0.10281525345712078
771,0.0705819146304853
772,0.0722947649862396
773,0.10220605057639359
774,0.0977235604323553
775,0.06550492120771018
776,0.07826503328245504
777,0.061559607669071426
778,0.08598137312135018
779,0.07288703544140634
780,0.09719487896519902
781,0.09872329543476166
782,0.07622356465746655
783,0.08550900081570317
784,0.10477991232346429
785,0.059948146301876504
786,0.056921685182554804
787,0.05564378789375585
788,0.06681553049536926
789,0.0814050973902774
790,0.11423350416630268
791,0.08128802066076496
792,0.09487256198692978
793,0.056572360685722745
794,0.05681857174318811
795,0.06548902416927488
796,0.07169377404681682
797,0.05405790731450999
798,0.06255258747476666
799,0.05662252231026127
800,0.10231470465330539
801,0.046892771302774305
802,0.039072754974974866
803,0.06353836130400187
804,0.0826746807718643
805,0.06612759967010873
806,0.09385821314196985
807,0.06942130390237944
808,0.05450714499454773
809,0.06037669522773781
810,0.06315247081952902
811,0.04219681054867219
812,0.10270384513459346
813,0.09498309303779051
814,0.07621224219974582
815,0.08687183073264937
816,0.08987886144757373
817,0.0696972392207394
818,0.05616328806772175
819,0.07354873340668622
820,0.04778567802403666
821,0.05514667657557476
822,0.12188436635262351
823,0.08221218433744998
824,0.0508312139427215
825,0.08489640236358498
826,0.09130528178880809
827,0.0578276834104372
828,0.05335688451308568
829,0.05018739160195024
830,0.06629205718373188
831,0.07026021500824042
832,0.06661550917854964
833,0.07759454634683244
834,0.0721056314586559
835,0.05741438377740793
836,0.07182803649779906
837,0.08181404290348793
838,0.059568013510958195
839,0.07013880280400553
840,0.09420743323202896
841,0.09420418878303166
842,0.06084816280466898
843,0.07414018179542059
844,0.06896772531594109
845,0.06733640637341964
846,0.05441781213156388
847,0.059977189168222256
848,0.09879881758308762
849,0.05251682714335232
850,0.0813149720021864
851,0.07544092543246145
852,0.08630153034888954
853,0.06370077667285312
854,0.08696726932792898
855,0.06843164334424717
856,0.05371445980019196
857,0.09950033746619147
858,0.05040836275117877
859,0.08490475477659754
860,0.07113776175044312
861,0.08452092353723423
862,0.09677795434496594
863,0.11487568283947108
864,0.038476403931524294
865,0.09558242006608675
866,0.05926700013538483
867,0.10932484898523542
868,0.11146232281926399
869,0.11597806148712086
870,0.1027675700339048
871,0.04559101726602999
872,0.12471201078552735
873,0.06709855570906226
874,0.06081667220236853
875,0.13541421715774993
876,0.09849310836342262
877,0.10871394369888249
878,0.04565129727835182
879,0.07636240894462692
880,0.06963028864609222
881,0.05108763501463637
882,0.07399530419761402
883,0.06094703857781425
884,0.0896470271050192
885,0.0756538186287744
886,0.06754240783314885
887,0.11354278100869197
888,0.07039985538361865
889,0.04844607708748261
890,0.06524639306925922
891,0.06343440269649325
892,0.07623556836075385
893,0.0498014601508347
894,0.09375843281410723
895,0.09472679836603493
896,0.09597929310486542
897,0.0924717651690411
898,0.06658253953617255
899,0.05444868333093128
900,0.11459894437607693
901,0.06837401541449012
902,0.067666959498207
903,0.07398478118660301
904,0.08453542656307672
905,0.05783932855838758
906,0.06180439443201585
907,0.09403148733535249
908,0.08330335424654867
909,0.10647511192791037
910,0.07074505191988084
911,0.04341165823687371
912,0.06498141500263988
913,0.08553237197129698
914,0.02993283191836199
915,0.049589583602337894
916,0.04551762690203459
917,0.09492256918051067
918,0.08936222331935528
919,0.06606007748826692
920,0.09164259143759279
921,0.06422768096221293
922,0.07944857533035371
923,0.06964486044420354
924,0.03925682556686283
925,0.07365676183398062
926,0.10203645917649684
927,0.04642134497026501
928,0.06911562871273336
929,0.10648850073826904
930,0.08665652059843326
931,0.1028729123513043
932,0.07689259836780538
933,0.05374098827743051
934,0.06364352776886728
935,0.0388221883240461
936,0.07815290362786975
937,0.05184610778172516
938,0.08599985828702161
939,0.07087240430795932
940,0.057016345453456574
941,0.07303649156022735
942,0.040693598296485944
943,0.06020613456563023
944,0.07593200795812255
945,0.08490126448975316
946,0.0680798325326441
947,0.09129739406527404
948,0.05224502932769193
949,0.05246918242187093
950,0.06341591459570523
951,0.08961485900439492
952,0.08319447923631673
953,0.0760396858039929
954,0.084208193966471
955,0.08781530329053072
956,0.050146441757978666
957,0.07637467688841049
958,0.0970519159403197
959,0.044027943828834404
960,0.051202638758996555
961,0.07496772525306084
962,0.07965927301534942
963,0.0918463849305915
964,0.0946282472402375
965,0.07776687047568509
966,0.03294674410141929
967,0.09401293529453231
968,0.06306632047787447
969,0.07328194051106157
970,0.05479578762877607
971,0.08409779746863388
972,0.05293622462089892
973,0.06565085377261048
974,0.06387211529860237
975,0.06822666758622109
976,0.06503462649547065
977,0.05577299490589066
978,0.08442813436808327
979,0.0990027619067998
980,0.10017554792280664
981,0.11595910303947826
982,0.08616024859111382
983,0.07042168311665886
984,0.06290292828075056
985,0.08599661819977356
986,0.0888687865151036
987,0.08471455722910742
988,0.08966047527537413
989,0.07008635956325232
990,0.09828056341949959
991,0.054408540726510246
992,0.06296498717147281
993,0.06205356357857017
994,0.07278524433671568
995,0.0720614746660233
996,0.07763841344367117
997,0.09196987692565273
998,0.07626305043327375
999,0.07086100142142981
1000,0.06485158650877137
1001,0.09370852569479554
1002,0.054356287131013536
1003,0.08431460620841846
1004,0.07581320929702684
1005,0.06574535574150492
1006,0.1108977802108636
1007,0.08873354811362894
1008,0.09690032353370664
1009,0.06392584670746126
1010,0.0847441804535532
1011,0.07580561209420633
1012,0.06122403821322664
1013,0.11103511683636719
1014,0.0354979441371453
1015,0.06815899257398916
1016,0.06109042944287557
1017,0.06339640679627728
1018,0.05601077374737651
1019,0.05449746894073898
1020,0.0844499129574231
1021,0.1047056053607831
1022,0.10015318622071318
1023,0.0660359678283921
1024,0.052899294556234544
1025,0.10213359076501322
1026,0.08043013027086149
1027,0.09403029690638887
1028,0.09376900389352455
1029,0.10566613817101778
1030,0.06206884893061809
1031,0.07224711344496693
1032,0.08141161179238532
1033,0.06462980047330497
1034,0.09614727229799946
1035,0.08520117769291619
1036,0.062162508943877315
1037,0.07109637639099498
1038,0.09023332466198486
1039,0.07325069323621142
1040,0.08219552919743672
1041,0.05640161376023528
1042,0.08342825526809083
1043,0.059222513493111306
1044,0.08120518946728694
1045,0.07792093813360917
1046,0.050017846171016234
1047,0.04747038397583514
1048,0.0832973372894914
1049,0.06631909742926478
1050,0.09273940284280219
1051,0.07855371040639414
1052,0.089114934651632
1053,0.06010598370826409
1054,0.0722140812058531
1055,0.07639721564195223
1056,0.09076199664487494
1057,0.052154008153805886
1058,0.07447298442232214
1059,0.08661434408829133
1060,0.08446757150594286
1061,0.05720527197816355
1062,0.1006813171914066
1063,0.09306829998620558
1064,0.07135115135876963
1065,0.08458083981840753
1066,0.07460416208888832
1067,0.11412285921668164
1068,0.05809436021263675
1069,0.07630394232283011
1070,0.06879565897639667
1071,0.08006521005805184
1072,0.09095558363912115
1073,0.0720415650157199
1074,0.05576604926380718
1075,0.07962358576126066
1076,0.07076187322158756
1077,0.08788039916749102
1078,0.08538667473508249
1079,0.05293861436064018
1080,0.0906246360934228
1081,0.07644055615877837
1082,0.06606391013430812
1083,0.09827177778461954
1084,0.08193991836739611
1085,0.06058372432628001
1086,0.10229085601251903
1087,0.06398347720573488
1088,0.09026496236759496
1089,0.06702823980640488
1090,0.05970630792693443
1091,0.09008327377071007
1092,0.06547094664817577
1093,0.10555659387450683
1094,0.07374783974385363
1095,0.09668444826893963
1096,0.07300024954776019
1097,0.05550665334839727
1098,0.05960699066733405
1099,0.05762493854049361
1100,0.0918474358496249
1101,0.07562996794305304
1102,0.02957090426334713
1103,0.06422292254610323
1104,0.04465686824720372
1105,0.0878081197618027
1106,0.061997730148585395
1107,0.10831283604997477
1108,0.09242699005635568
1109,0.06538973175935558
1110,0.06759904935758132
1111,0.05611970022327789
1112,0.08407525635454116
1113,0.04369663266571755
1114,0.07155609752227893
1115,0.10104364965729618
1116,0.07424662506266588
1117,0.06804254169512264
1118,0.11347257639606284
1119,0.06827080723841933
1120,0.06158765532996008
1121,0.07838105776383286
1122,0.05637068313622934
1123,0.06426949560782086
1124,0.07635949480675036
1125,0.0800678634156971
1126,0.051801329807654506
1127,0.07555190078694557
1128,0.09258716730696753
1129,0.1074272674009708
1130,0.078159033206396
1131,0.07341962268153379
1132,0.10032645038492832
1133,0.10873124125669853
1134,0.05718570228330577
1135,0.055883220258084676
1136,0.11493105600761866
1137,0.06359827637992388
1138,0.11211405626894
1139,0.09324995092328475
1140,0.0472061412727548
1141,0.08513020687744322
1142,0.09641322812018754
1143,0.07959687172140023
1144,0.07592590718513315
1145,0.08042473698423153
1146,0.07318949654170459
1147,0.09512831346891043
1148,0.05961965562760785
1149,0.06389836522577436
1150,0.10207013297300133
1151,0.07150584788533243
1152,0.09191867599536785
1153,0.10078586762425867
1154,0.05254436260193979
1155,0.07227689886603522
1156,0.05888162884562864
1157,0.03719258851200574
1158,0.06316450865085033
1159,0.057789831588121066
1160,0.08129075001494007
1161,0.0832148411040406
1162,0.08046944124740002
1163,0.05247976677183308
1164,0.06561136341008961
1165,0.06671131462083191
1166,0.06570092552663909
1167,0.05294578879210937
1168,0.06226019490092827
1169,0.07678762591689636
1170,0.09533439085372775
1171,0.046259078631841255
1172,0.10111763406068885
1173,0.07449455040511971
1174,0.07888883565936489
1175,0.06448843985460595
1176,0.056495881517579616
1177,0.05582626812001329
1178,0.05881133298203428
1179,0.105572948611238
1180,0.08147602784846725
1181,0.09094281596626352
1182,0.08583833311129363
1183,0.09094800944063536
1184,0.07206473885228304
1185,0.09253746325698403
1186,0.03232734199593973
1187,0.09367025007757279
1188,0.053504267872454214
1189,0.0487496565697928
1190,0.06279161955951862
1191,0.060506942106341555
1192,0.07817762821171126
1193,0.05860578349956641
1194,0.10374450015801329
1195,0.046735809913823756
1196,0.0958436225206431
1197,0.0790069074548872
1198,0.07600408309087181
1199,0.066632046384768
1200,0.055857299991636244
1201,0.07446332415347817
1202,0.08719278577388023
1203,0.059189183397614475
1204,0.09611140615974467
1205,0.08227719400396505
1206,0.08892801845447962
1207,0.05751656168552166
1208,0.061175274003194835
1209,0.05912225409836647
1210,0.07048705330547483
1211,0.08469851841292791
1212,0.06957713991936043
1213,0.07727551010232764
1214,0.07967774192042837
1215,0.09929854903928714
1216,0.05551887568355224
1217,0.06978311414049693
1218,0.06682849676902913
1219,0.1312365685476753
1220,0.0645209617217441
1221,0.05511026171470429
1222,0.0874590146537142
1223,0.07866025863303261
1224,0.0882159656062278
1225,0.10666503327911231
1226,0.09979074714204994
1227,0.08847672228486764
1228,0.05143385870818101
1229,0.05024672740180214
1230,0.05961517805744432
1231,0.048118176665264134
1232,0.10319989273751806
1233,0.09595666463788971
1234,0.07715572301077134
1235,0.061760986107537164
1236,0.09086908544137179
1237,0.05307575831767858
1238,0.08289253891204656
1239,0.12061154577900263
1240,0.05485105011158836
1241,0.07726542231001748
1242,0.08541895139565625
1243,0.10658692551578802
1244,0.10062128636594042
1245,0.049945125186240724
1246,0.0864743131862391
1247,0.08762311798474726
1248,0.05670474884095866
1249,0.1065520234028533
1250,0.12059646630033649
1251,0.07413310954027907
1252,0.07744222810594842
1253,0.0714077643752466
1254,0.06814118968169824
1255,0.09143400033497973
1256,0.07162321514059866
1257,0.05132069298373643
1258,0.08759549200413858
1259,0.03187972702225417
1260,0.060308508826707685
1261,0.08358413117005536
1262,0.08862402381167367
1263,0.07568678737235551
1264,0.06258810283896094
1265,0.059550250772924085
1266,0.06320101940705058
1267,0.10478931045814427
1268,0.07978512745227917
1269,0.11275162013171419
1270,0.055752143399335985
1271,0.078788277842056
1272,0.08553516784397763
1273,0.089694763180177
1274,0.05595668738545406
1275,0.03591267797221365
1276,0.09455677248782879
1277,0.10654469171658792
1278,0.07819071660978738
1279,0.10632212533061924
1280,0.08699507285564545
1281,0.06610158894428725
1282,0.06749910620389737
1283,0.08315852983387773
1284,0.0782113041645966
1285,0.05121734215930557
1286,0.09490507154612848
1287,0.10159905525086571
1288,0.06125215699817088
1289,0.11311583601460201
1290,0.1016446748136593
1291,0.07678837793935006
1292,0.08109811984300891
1293,0.07771439882377573
1294,0.056946554195530075
1295,0.09977179671016823
1296,0.08394621384690387
1297,0.06841286578504957
1298,0.12779780435604365
1299,0.08364216358900062
1300,0.12371740909283935
1301,0.06641542145900942
1302,0.04071684313080021
1303,0.13583713837119965
1304,0.07652934891586954
1305,0.07803113813094881
1306,0.041108304098691095
1307,0.039896268227957055
1308,0.06970823231673151
1309,0.071345125218916
1310,0.06357381570112708
1311,0.06476576629330993
1312,0.08122775821200928
1313,0.08413936937325717
1314,0.07648189229788
1315,0.08102388244419112
1316,0.10392678308842934
1317,0.063384972557265
1318,0.05413783107647019
1319,0.06693125513988951
1320,0.05041711347570471
1321,0.06081224534563584
1322,0.06588471905698312
1323,0.07190104324871344
1324,0.0938642397204788
1325,0.040586962699296236
1326,0.025749285514575282
1327,0.04384607096927717
1328,0.061778631588526645
1329,0.05704151006711661
1330,0.08971878557827456
1331,0.09967655128168545
1332,0.07763598784450554
1333,0.08239770387183071
1334,0.07186498028241273
1335,0.05796942488149559
1336,0.047248065689943775
1337,0.07977939050240002
1338,0.030898294195409626
1339,0.06907537797208896
1340,0.10674656426696799
1341,0.04404182405306273
1342,0.08144535550046472
1343,0.051369861673429384
1344,0.11984937289725756
1345,0.04593467541002094
1346,0.06023768934607149
1347,0.05024103386338358
1348,0.07964250716201593
1349,0.08169181620595706
1350,0.0450719045519708
1351,0.11316023396879987
1352,0.08902500484672882
1353,0.10346250509726407
1354,0.07268081084895217
1355,0.07349447204208526
1356,0.10454045170293563
1357,0.03376474429675147
1358,0.06924123068796995
1359,0.08348143298142252
1360,0.09410266902079562
1361,0.09231736495758386
1362,0.06738220853865906
1363,0.028120582005699835
1364,0.06676449386035505
1365,0.04817929071781957
1366,0.04910061226963458
1367,0.05800433610982142
1368,0.10016456061364565
1369,0.11845972095528284
1370,0.04734287444143098
1371,0.08396534592562999
1372,0.07499071476697589
1373,0.060995331713398215
1374,0.10697007112112855
1375,0.09043295594586087
1376,0.0938274728607208
1377,0.08880803814077004
1378,0.0788282926551605
1379,0.0710424875099071
1380,0.11717679942768972
1381,0.08426073771607312
1382,0.07626646534212789
1383,0.05766407118420769
1384,0.05652463878349473
1385,0.06438603026250794
1386,0.08104770245403231
1387,0.06441459855395054
1388,0.047772926905948476
1389,0.06515791019978673
1390,0.07682779629258102
1391,0.1175589266448212
1392,0.0837570329204827
1393,0.07012639508367324
1394,0.05221056500061305
1395,0.08294870649684494
1396,0.08306226245534643
1397,0.08196909689765386
1398,0.07506897259097606
1399,0.06982906203887473
1400,0.06122112547770964
1401,0.05458378389266888
1402,0.049096046266909
1403,0.07749466549300044
1404,0.07811486996269784
1405,0.10466407448101195
1406,0.06913986232059205
1407,0.06785041265305902
1408,0.07915918146142448
1409,0.06693820295824526
1410,0.09094060749636634
1411,0.07767854672682001
1412,0.104253884305955
1413,0.10388966861363391
1414,0.08432670989525654
1415,0.09502669367255429
1416,0.07413978404063365
1417,0.052629891524525574
1418,0.05460986848916671
1419,0.07321199268456646
1420,0.10416851478199829
1421,0.10369950348627027
1422,0.07407226667110062
1423,0.06056683004115393
1424,0.09111602652107076
1425,0.08601068283423868
1426,0.0827596625438945
1427,0.06246339135534873
1428,0.08638652515656642
1429,0.08251208917549063
1430,0.048425603889397484
1431,0.11707661024663457
1432,0.08917298346637459
1433,0.07301697968315796
1434,0.059904722218808715
1435,0.09502697291395268
1436,0.08656598531036375
1437,0.05132153531151651
1438,0.11324511727372033
1439,0.08603354591718104
1440,0.09893471904246204
1441,0.07669840689594182
1442,0.0816470584636273
1443,0.04714732939991967
1444,0.07967661042183427
1445,0.09509549124490424
1446,0.09859646443802672
1447,0.08287005742456821
1448,0.06481204486167297
1449,0.10317939570708917
1450,0.09610831594251146
1451,0.0882734140997361
1452,0.07293210901652603
1453,0.10317024349507237
1454,0.10655477877798708
1455,0.07221782266650928
1456,0.08900532058380639
1457,0.09555956224694451
1458,0.06269528501990401
1459,0.111289404138674
1460,0.056159626575884636
1461,0.08975675836002855
1462,0.08969946197491202
1463,0.060877832613762506
1464,0.09031099713447632
1465,0.06427604653411101
1466,0.07521724766005433
1467,0.08578587401544335
1468,0.11423645158842777
1469,0.0530697038531055
1470,0.07390025728348704
1471,0.05896037804434756
1472,0.059501977184154786
1473,0.06671237803639496
1474,0.05744139752318511
1475,0.09763581238338215
1476,0.11807074053307282
1477,0.0948025655444742
1478,0.09023196726127275
1479,0.0752143821690891
1480,0.09745264825909938
1481,0.08008611507293545
1482,0.07929144329597071
1483,0.07066114152190373
1484,0.07732617776970607
1485,0.06571538216882694
1486,0.061537065555756
1487,0.09171164919238706
1488,0.09900232063108805
1489,0.09707696490425377
1490,0.04606387455441702
1491,0.07036175331629557
1492,0.06723138581651511
1493,0.07840607464393884
1494,0.09629247944467145
1495,0.06501908410634027
1496,0.07271200314625237
1497,0.08148031255562421
1498,0.06837850369347898
1499,0.06593299183745682
1500,0.07775245916324047
1501,0.07647867702712902
1502,0.07201629594890896
1503,0.0865629532732905
1504,0.07724725409947764
1505,0.06640650755468785
1506,0.03229144939720613
1507,0.081352649610268
1508,0.07520199651694948
1509,0.07536303786118309
1510,0.058071530903038904
1511,0.060417365466321815
1512,0.03339961987804135
1513,0.07265117663410547
1514,0.07005048412903486
1515,0.13162648424240792
1516,0.09403985358368305
1517,0.07600097996230015
1518,0.031831052992249254
1519,0.08344630472685488
1520,0.05251965479494264
1521,0.05807426533693455
1522,0.06355655621946754
1523,0.06639056651760189
1524,0.08392910868806575
1525,0.07370516436142455
1526,0.10492214280387385
1527,0.036948457503837795
1528,0.059496997543827757
1529,0.07718121595308886
1530,0.06847380276758097
1531,0.09670964357977496
1532,0.04941578151156639
1533,0.033080122936607226
1534,0.04669655766609321
1535,0.09240403330158109
1536,0.09175244076818095
1537,0.06695139586439464
1538,0.06682696403970673
1539,0.0826148979485759
1540,0.08351134572762631
1541,0.11479378117624767
1542,0.060944756189965255
1543,0.08746090010547336
1544,0.07238780514482496
1545,0.07039847118250736
1546,0.09228140377135768
1547,0.09300770414128845
1548,0.07775178890385614
1549,0.08253504629097064
1550,0.05267133562215215
1551,0.07282250940369045
1552,0.06248768841063462
1553,0.05731283991013841
1554,0.09000205894937108
1555,0.06825438239513049
1556,0.05714470703858793
1557,0.06506307513554144
1558,0.059894521266867395
1559,0.07239279298781143
1560,0.04498917877794889
1561,0.0731891599580472
1562,0.08546168183285979
1563,0.11227770059934677
1564,0.0714774107147258
1565,0.0713850462626962
1566,0.075572660155721
1567,0.0790427674725791
1568,0.0839712445804372
1569,0.037780446000646006
1570,0.08294420403536967
1571,0.10508568169855448
1572,0.06784456169137398
1573,0.048868734167963224
1574,0.053922834554147925
1575,0.07918214999429424
1576,0.045115484275840334
1577,0.08972799086183258
1578,0.039399558321710215
1579,0.10098516562451781
1580,0.09994148943388431
1581,0.08252355132069639
1582,0.09400362250037653
1583,0.035285641611438656
1584,0.06259941717393402
1585,0.08997345205289903
1586,0.09548136170521987
1587,0.08455979763074606
1588,0.05177552578516659
1589,0.10693477044076749
1590,0.07104547712165893
1591,0.06472923176262901
1592,0.09231427892073141
1593,0.10479669229047806
1594,0.05005039652523541
1595,0.10099304505135698
1596,0.04216949845228901
1597,0.0716886801092218
1598,0.0738603445203232
1599,0.09384770273356419
1600,0.05470787036257935
1601,0.05806544288040161
1602,0.08235612227179345
1603,0.10545873416434015
1604,0.09691243690441076
1605,0.05337276642401789
1606,0.07072952521224923
1607,0.039409504820306585
1608,0.05512837742946908
1609,0.04238944064390082
1610,0.06762714985704421
1611,0.08320186465220702
1612,0.10284519692466015
1613,0.06436989024608014
1614,0.04914500441747105
1615,0.06519138872364622
1616,0.07691180628853744
1617,0.10342084312336608
1618,0.0411854881758168
1619,0.06216308484213012
1620,0.1184011454812518
1621,0.09688832825210297
1622,0.11204395303519132
1623,0.07387769659069643
1624,0.08806295828851973
1625,0.06009425506693261
1626,0.0820758513939861
1627,0.11135308336072597
1628,0.09230232679226114
1629,0.07975968448646781
1630,0.0878361506710712
1631,0.08423515527913394
1632,0.04017202170154599
1633,0.05903710578891469
1634,0.08592104676860868
1635,0.059523226052581646
1636,0.048190171169845974
1637,0.10510338637363353
1638,0.10261221887317729
1639,0.0880496257991576
1640,0.09985956726001333
1641,0.07466175986638496
1642,0.08703492301385712
1643,0.04912988726909945
1644,0.08444067831649632
1645,0.06765508128970699
1646,0.04712816805199671
1647,0.10175018782719913
1648,0.04797707658244499
1649,0.08731394030678352
1650,0.04647338170792964
1651,0.06070001107214856
1652,0.09230474377172349
1653,0.0569910926844443
1654,0.06355022792859738
1655,0.09661490837594922
1656,0.08739746982261676
1657,0.0489266741748951
1658,0.09716143506711383
1659,0.05061247985839473
1660,0.04982232458877539
1661,0.07781176941957241
1662,0.07217758834192878
1663,0.07585128620127779
1664,0.06555286247726283
1665,0.0771070229052726
1666,0.06729978533587905
1667,0.06787895963303697
1668,0.04606552310630718
1669,0.04994089291853232
1670,0.09442353306632945
1671,0.10506322544893315
1672,0.03669875921169846
1673,0.05502342040360669
1674,0.07778922597095056
1675,0.12382080855586369
1676,0.09428817613115104
1677,0.0685950749557186
1678,0.053186307755407725
1679,0.09178064896513671
1680,0.09753789825308717
1681,0.08536576995031608
1682,0.10760639400742761
1683,0.03981796870983123
1684,0.08970887592277293
1685,0.05584395918379964
1686,0.0473605478649321
1687,0.06929717203145991
1688,0.08433117589972916
1689,0.053258286274636246
1690,0.057280139080417125
1691,0.08345908230822541
1692,0.10656658942327518
1693,0.09322247573698211
1694,0.05366019205587086
1695,0.1076294930801216
1696,0.055072927957098505
1697,0.09174342541096947
1698,0.06222955873752872
1699,0.054590711702524275
1700,0.06688775586858908
1701,0.05231703769575652
1702,0.06466118005949234
1703,0.08855361548451829
1704,0.07549146042336446
1705,0.09538486657157175
1706,0.04571862459695891
1707,0.06475549856206808
1708,0.07203666843612117
1709,0.05309083254777658
1710,0.04598785383982695
1711,0.08620229641438248
1712,0.08694437535235128
1713,0.11177463581740904
1714,0.04957585307188955
1715,0.07536918713574287
1716,0.09506911145921615
1717,0.07849947815296832
1718,0.0999240868213001
1719,0.04396593026191803
1720,0.06631038916511034
1721,0.04757774623988126
1722,0.06788269259773205
1723,0.04636312160834316
1724,0.10412050498707681
1725,0.07260861984029343
1726,0.0690012760901964
1727,0.08514390514831488
1728,0.05658207311717883
1729,0.06571398815226537
1730,0.08235248688202557
1731,0.04818535958299308
1732,0.09749385268193517
1733,0.08918082834434998
1734,0.10866839176413046
1735,0.06642719673832315
1736,0.10307635174674323
1737,0.062302705861620344
1738,0.06181730928058943
1739,0.08653565561729931
1740,0.09745323980808823
1741,0.10102775321539031
1742,0.0637803456372455
1743,0.06097753765126346
1744,0.08479330322985901
1745,0.10842633941811891
1746,0.1086826764111582
1747,0.07696775389107058
1748,0.06611672635346244
1749,0.05561198052744809
1750,0.0975289537425818
1751,0.07472162853609049
1752,0.06679369524056439
1753,0.10765885318028962
1754,0.08661216068954858
1755,0.06795929255069333
1756,0.09132414003413464
1757,0.07789353895296552
1758,0.12223592999083138
1759,0.09784839617134855
1760,0.08558024755147897
1761,0.0410022286965922
1762,0.0657590511712377
1763,0.06099056301213335
1764,0.06323916672421714
1765,0.06730465864856156
1766,0.14403693481323498
1767,0.07656488818182705
1768,0.11231395838269637
1769,0.03902073665227057
1770,0.07349117993170368
1771,0.07325226697552861
1772,0.08713372596654584
1773,0.08133682310949386
1774,0.06282289992743151
1775,0.07918404524341571
1776,0.0383545060529919
1777,0.06903334822204688
1778,0.09175625012801142
1779,0.06806458115810654
1780,0.0830205171312779
1781,0.0882457242833315
1782,0.08588358830263298
1783,0.06955214789878938
1784,0.06518240716223667
1785,0.053857952331894166
1786,0.06574096798126827
1787,0.08159230291904168
1788,0.08777078122455317
1789,0.11223215846521889
1790,0.05839020124649685
1791,0.0696706603849307
1792,0.11773503347674075
1793,0.05120187393944636
1794,0.03969985016481953
1795,0.09036004733623448
1796,0.06236532427061048
1797,0.042042555048722285
1798,0.05028363880358888
1799,0.06492728051084923
1800,0.10969093084318482
1801,0.04536927596443885
1802,0.06427404210151139
1803,0.06425576541675726
1804,0.057480080101854236
1805,0.07861282306827755
1806,0.05315624909386596
1807,0.036878572773278995
1808,0.08887325363600618
1809,0.06348900662958634
1810,0.09538701555118012
1811,0.05053704723314528
1812,0.11215161438726584
1813,0.06814181492313748
1814,0.04280193069517768
1815,0.07180469912540505
1816,0.07552318844540484
1817,0.05032684899114237
1818,0.05262065231059143
1819,0.08906237417198809
1820,0.06548866947001858
1821,0.04370286972168341
1822,0.04124660536389346
1823,0.08739328222181625
1824,0.07115642930622379
1825,0.07789796396378007
1826,0.08268288745182406
1827,0.06906577770954969
1828,0.07647515288373097
1829,0.08641472079567802
1830,0.0972405440223929
1831,0.07966312120002006
1832,0.09247873897774428
1833,0.06470838401982865
1834,0.05695850029454086
1835,0.05719669921969034
1836,0.06758201113313433
1837,0.08357107432080113
1838,0.09999299756547397
1839,0.06602442093616179
1840,0.09751003646378686
1841,0.032094890691349465
1842,0.06414609037095353
1843,0.06775533808378131
1844,0.06197081785452352
1845,0.05929482994222057
1846,0.0821035477878801
1847,0.04297184990239683
1848,0.09011671793664539
1849,0.05098399318574354
1850,0.08755558638168487
1851,0.09373316264513948
1852,0.08764405739662623
1853,0.06386054649933365
1854,0.09213332345189534
1855,0.06437116993910125
1856,0.0867450567719169
1857,0.09514865280870466
1858,0.09082499392258514
1859,0.05669368630056937
1860,0.060840643263259664
1861,0.07563555058856308
1862,0.06838317315186049
1863,0.09406951000849961
1864,0.07165193088316296
1865,0.02810912904200058
1866,0.09397678736644227
1867,0.0718172225217783
1868,0.03929127822122924
1869,0.08241810001609723
1870,0.06268001122222894
1871,0.07139159588846766
1872,0.12671746748179413
1873,0.04316926037544899
1874,0.09749244673360469
1875,0.06967909076901607
1876,0.07223063875735969
1877,0.05251449429275379
1878,0.08677986931841208
1879,0.07839954409504368
1880,0.07659501654262962
1881,0.07360397763548332
1882,0.07582051627122421
1883,0.04653376970050083
1884,0.07468102929722142
1885,0.0959078690586096
1886,0.10932904701303564
1887,0.05210698838610556
1888,0.07573610030240135
1889,0.046997369602974404
1890,0.07996844216194404
1891,0.08670914425813275
1892,0.05297070680634397
1893,0.11625958242620005
1894,0.07730507579214013
1895,0.11351730846257096
1896,0.09978072635967383
1897,0.05112714658592632
1898,0.07503328719105345
1899,0.07304646276278193
1900,0.11053842288740551
1901,0.10920493882933735
1902,0.07162487572781395
1903,0.07459827413561032
1904,0.09180404746245019
1905,0.08537389633386772
1906,0.08622081737807441
1907,0.059094461503606366
1908,0.06955055654549708
1909,0.07464854898424339
1910,0.08806994525090273
1911,0.08930180556924999
1912,0.061852993334693795
1913,0.06067517252172511
1914,0.05230704236198913
1915,0.0917478116792938
1916,0.0745640926238893
1917,0.092897228680281
1918,0.0671578608191194
1919,0.050458917720609675
1920,0.08238540603737093
1921,0.07654264413855116
1922,0.07278831381771106
1923,0.09955985594374245
1924,0.06793841393723687
1925,0.07370890447781986
1926,0.07947862846936582
1927,0.0773474830867506
1928,0.07916971429643577
1929,0.07220058459881717
1930,0.06436108994619383
1931,0.08376004851296004
1932,0.10353010971930915
1933,0.10146746110053723
1934,0.08674909539707865
1935,0.10159964060294002
1936,0.055898948849175734
1937,0.08848159441914716
1938,0.1008422462841509
1939,0.06393236134576696
1940,0.0756282355241743
1941,0.08226457906775375
1942,0.06580580509988143
1943,0.029219188210340752
1944,0.07412046955397622
1945,0.061100843692225126
1946,0.10907354436030325
1947,0.11446495046759847
1948,0.05168582436248004
1949,0.06383877644572605
1950,0.045257067015371855
1951,0.07990667645062066
1952,0.10481376743029763
1953,0.08475683426356995
1954,0.07415100072995962
1955,0.09367448691604441
1956,0.07219603475548153
1957,0.07179199762466948
1958,0.08852217419665642
1959,0.050269165249613834
1960,0.0698810731898476
1961,0.10524467645991492
1962,0.03829557870434208
1963,0.10852905028298881
1964,0.04757013658696979
1965,0.047331637495144185
1966,0.07635143863100913
1967,0.047580868275166
1968,0.08374037496137293
1969,0.07347354208403539
1970,0.09994076777051802
1971,0.07225786743118623
1972,0.05381247765037622
1973,0.08154878760580653
1974,0.0656344727636392
1975,0.07042275619124877
1976,0.03753063026159281
1977,0.08820208014901948
1978,0.055691942014785945
1979,0.0561263169224418
1980,0.08246491915153364
1981,0.08109463669892447
1982,0.08691880598855012
1983,0.060722995054502016
1984,0.0777509984106618
1985,0.09421898065063228
1986,0.0798467450781089
1987,0.1143635608757454
1988,0.07940562418886238
1989,0.0858090092952139
1990,0.10604085716904421
1991,0.09087508303408959
1992,0.07931814952185551
1993,0.07303442200701643
1994,0.0783276967891739
1995,0.054835191907530056
1996,0.049029330185606956
1997,0.09194392296054632
1998,0.08467152855361382
1999,0.1289681239791471
2000,0.08677272309064227
2001,0.06846068632495622
2002,0.09271154164048023
2003,0.08173927884445226
2004,0.10215853515353152
2005,0.08969907640832608
2006,0.058975514634514614
2007,0.013923235714916216
2008,0.07316767703584248
2009,0.07319336253118253
2010,0.08740847214717196
2011,0.07949680059646486
2012,0.10061403504802435
2013,0.07354444426791118
2014,0.08013557951116052
2015,0.020007346950051685
2016,0.05788238749743457
2017,0.08837945666609542
2018,0.06888561422131562
2019,0.06475702777202863
2020,0.06653137079729649
2021,0.0717309929881273
2022,0.05122443012221917
2023,0.06934725403232739
2024,0.06569568099827688
2025,0.07552628151568447
2026,0.05170421040255413
2027,0.05097300337221938
2028,0.09039458150227248
2029,0.05724643571805088
2030,0.10741972593993765
2031,0.11576324331907983
2032,0.07833823201648166
2033,0.043490027462491754
2034,0.08609651856374745
2035,0.07418923565378899
2036,0.06440254177246901
2037,0.06403589232137796
2038,0.08449106704159948
2039,0.05620703447112613
2040,0.08250285641179156
2041,0.06337845978528639
2042,0.09749071859493635
2043,0.11477705379758257
2044,0.063973734359767
2045,0.05020255770143334
2046,0.08668411537868875
2047,0.07071902903288962
2048,0.05821650366762671
2049,0.041568428404660074
2050,0.10780898520156446
2051,0.08194224598318678
2052,0.09119580136800481
2053,0.06789711564212647
2054,0.05634153923951335
2055,0.10792354403112892
2056,0.04994972442193496
2057,0.09983499372157179
2058,0.08243325498378162
2059,0.06048673109641656
2060,0.046221334516896584
2061,0.1168767645023151
2062,0.09916421739890924
2063,0.08625864290865037
2064,0.13435931905878268
2065,0.0652071882825151
2066,0.11136553407708522
2067,0.08283633829820714
2068,0.051442021188520926
2069,0.13650752281031286
2070,0.07400137612702906
2071,0.0837271266475435
2072,0.039227818728847064
2073,0.09068926264682742
2074,0.08847139468342613
2075,0.05347194064702304
2076,0.1104953022857234
2077,0.06587848313720102
2078,0.11604129554650322
2079,0.09949234306764931
2080,0.04481145796296865
2081,0.06055483288269381
2082,0.08638793176979542
2083,0.06824018742921178
2084,0.1157997401066927
2085,0.12224704422838967
2086,0.025973882609895194
2087,0.06639668560259826
2088,0.09044873268886172
2089,0.06764778997589299
2090,0.09625268958607736
2091,0.08382339339113765
2092,0.06584176122874091
2093,0.0761645970082987
2094,0.08425353545213565
2095,0.06554146753118484
2096,0.08066373575133601
2097,0.058574204768653715
2098,0.08440113261671411
2099,0.0617927536093027
2100,0.10412018901571396
2101,0.06558997250810339
2102,0.031277842178317916
2103,0.06522575246764456
2104,0.07278412072302942
2105,0.05305482371912945
2106,0.08551418009612094
2107,0.056294392323936904
2108,0.05433838187358947
2109,0.053661968640497326
2110,0.09283102228096562
2111,0.07658307525713398
2112,0.04817053313320191
2113,0.08288786502686268
2114,0.09235551616865356
2115,0.07936509917266049
2116,0.0792391473431564
2117,0.0698009148431522
2118,0.04839487565461226
2119,0.03500779969477308
2120,0.027004835127111992
2121,0.046413390252508346
2122,0.07805711763705281
2123,0.07038157099987519
2124,0.06792197623002783
2125,0.07284677852512161
2126,0.08450811058887875
2127,0.10523921825251215
2128,0.09287281982858114
2129,0.07720457837178463
2130,0.054190524102898985
2131,0.10731985299422364
2132,0.05730943787865039
2133,0.10395319913748319
2134,0.06777526086263264
2135,0.05333372427261296
2136,0.09774763964283795
2137,0.06601886410760055
2138,0.07211579273051305
2139,0.08161065156251612
2140,0.037566547275442064
2141,0.09323781605927045
2142,0.06528749915360738
2143,0.09521748857923956
2144,0.08636449381369321
2145,0.10679211643242875
2146,0.0636695700806797
2147,0.07387475178328029
2148,0.0843178199803094
2149,0.06659536601311544
2150,0.08303657039658907
2151,0.09516683708443169
2152,0.026379263516717044
2153,0.06886785890756675
2154,0.046359821870200824
2155,0.06367029019785098
2156,0.08373645132558794
2157,0.06520004476515784
2158,0.11947149980829808
2159,0.03596285663318072
2160,0.10513665080351892
2161,0.06800390310371951
2162,0.06369140659378902
2163,0.08274503023697272
2164,0.0667423610674226
2165,0.09261296220928067
2166,0.0477664029277759
2167,0.09090567043850051
2168,0.06255369858353615
2169,0.06838627715342449
2170,0.036026848328543915
2171,0.09643333689861366
2172,0.10367253824550304
2173,0.07082863024560487
2174,0.05095784892162292
2175,0.08652682545203683
2176,0.08460242886938579
2177,0.09805112938617194
2178,0.11451211122835853
2179,0.060394579352546884
2180,0.06258171812741908
2181,0.0511983065601781
2182,0.08228525683280119
2183,0.09792201598951616
2184,0.07511622914223026
2185,0.06477262729310984
2186,0.08289415733713668
2187,0.06518992337510693
2188,0.11931512798334354
2189,0.0864224145729009
2190,0.0456720944326392
2191,0.03637825003573475
2192,0.08120186449059041
2193,0.07236387557412238
2194,0.05154632478357524
2195,0.06543667598794495
2196,0.06372629195567914
2197,0.06075541763448755
2198,0.07166103764881532
2199,0.026234967745303817
2200,0.07927723543467291
2201,0.049336501266567634
2202,0.07834151811445123
2203,0.06500934857699853
2204,0.08777214063657612
2205,0.051330079065085965
2206,0.10753740387886723
2207,0.0699272321050845
2208,0.08298291985213319
2209,0.04209474916652611
2210,0.042930138406753915
2211,0.06325401167656614
2212,0.10497141672295318
2213,0.07746159760456256
2214,0.08892196926218071
2215,0.09464658206079629
2216,0.07065098964401678
2217,0.1041143377388164
2218,0.08259710708368129
2219,0.06837510825870285
2220,0.04810687360404797
2221,0.10137078915939962
2222,0.0711647239325639
2223,0.05174546664102303
2224,0.08061617978163993
2225,0.061524169400975215
2226,0.061958700928105126
2227,0.06468231536345342
2228,0.06729078142930445
2229,0.09349074269833457
2230,0.07115473328780614
2231,0.08503810184068644
2232,0.07668182844277915
2233,0.0880086151290626
2234,0.07660668131509918
2235,0.03703361422231821
2236,0.08194718089885228
2237,0.055694519623317285
2238,0.03693951801664719
2239,0.08972672957830363
2240,0.06537739484501198
2241,0.04977686083396593
2242,0.04796606986952506
2243,0.031963571202082985
2244,0.09439006713171882
2245,0.08133298798624145
2246,0.0680662109170897
2247,0.06602741013303354
2248,0.03883454236333672
2249,0.0636444327227434
2250,0.10200324082911805
2251,0.0748459769597245
2252,0.058974781709802804
2253,0.09229474635908197
2254,0.04235305680548179
2255,0.05935515270825864
2256,0.0682780545152144
2257,0.11218468861753944
2258,0.05531408412929212
2259,0.07314518656538588
2260,0.09795278483520631
2261,0.0850091014506622
2262,0.046155851964341965
2263,0.04701810653731253
2264,0.09753477372478536
2265,0.052009828765578636
2266,0.08668220194297632
2267,0.10494974060204698
2268,0.0904524608020163
2269,0.1039079238270384
2270,0.05731855968212568
2271,0.06526956019195546
2272,0.07300736543897424
2273,0.0824604384701203
2274,0.07679107775391952
2275,0.10364075079243273
2276,0.051517480860920284
2277,0.07475181323425267
2278,0.06373768921345047
2279,0.07875937145846085
2280,0.0443929342726051
2281,0.06328715438307236
2282,0.10942677940996492
2283,0.1194552126989038
2284,0.11170477836167869
2285,0.06263663575368761
2286,0.08803875553422563
2287,0.10463357207309476
2288,0.08190944181293369
2289,0.07648192302850315
2290,0.11663511307301122
2291,0.13500064397541012
2292,0.07429565358437995
2293,0.07497320637586913
2294,0.08711295652384243
2295,0.07302912812002149
2296,0.08223345573400159
2297,0.037914918249626506
2298,0.10132882766478113
2299,0.06322555277694736
2300,0.07006347034050558
2301,0.0673328066311073
2302,0.0845472040019018
2303,0.06835127572576283
2304,0.05672057724896651
2305,0.0957177346635516
2306,0.052818458719057104
2307,0.08113371969173022
2308,0.07792689141302306
2309,0.06257092022059751
2310,0.092096693668481
2311,0.06827824317585862
2312,0.08785387903016317
2313,0.08106363619953949
2314,0.08662598121981269
2315,0.0992517738739841
2316,0.08045373611680534
2317,0.07739862181134
2318,0.11017225623848048
2319,0.08952713023616732
2320,0.06828350159067059
2321,0.08777623441559407
2322,0.08167010515295375
2323,0.06933054168536656
2324,0.11113163388601727
2325,0.10953914941680476
2326,0.0531913390395915
2327,0.04509240095958661
2328,0.08574449032605835
2329,0.044903734792465455
2330,0.10333715652108899
2331,0.10192410667382434
2332,0.09928995361396686
2333,0.05994843922588672
2334,0.044496628355795764
2335,0.056463959692910404
2336,0.06784789754934167
2337,0.09106420700843315
2338,0.07919476915310686
2339,0.05784405132133297
2340,0.04661081857757421
2341,0.05871275149665972
2342,0.061470220275314735
2343,0.0567882460678828
2344,0.06650363713096857
2345,0.04412034866060566
2346,0.08148940641800806
2347,0.10050685796003106
2348,0.09285702832493942
2349,0.05818136413840169
2350,0.05777005135730423
2351,0.0679268408318151
2352,0.07040411644613531
2353,0.05184484411359319
2354,0.08011612833641629
2355,0.06796721429653446
2356,0.09119962780100621
2357,0.04238658684710739
2358,0.10816971334934367
2359,0.061074767046039924
2360,0.05912757135687341
2361,0.0665650175028184
2362,0.09135948778491554
2363,0.07634549418667835
2364,0.07863422821745947
2365,0.06986544756582153
2366,0.08462398990128284
2367,0.05581689710608023
2368,0.061358145927750685
2369,0.07682234033459534
2370,0.06443412444560864
2371,0.07493903455070444
2372,0.054159218969639045
2373,0.10083256199134771
2374,0.07521132372445433
2375,0.07921343115462004
2376,0.09800134700031504
2377,0.0595774885780862
2378,0.0654469102779105
2379,0.0898627588569636
2380,0.08658765499445792
2381,0.09405077246370047
2382,0.08215311994793861
2383,0.06566242201672245
2384,0.10681468094548424
2385,0.0974900306636739
2386,0.05837000887296967
2387,0.0997900330971046
2388,0.0700873742506487
2389,0.08069694044809772
2390,0.06264585962912889
2391,0.07887612096872915
2392,0.06176268376519772
2393,0.09325111925182095
2394,0.11347096528326012
2395,0.07232194589789437
2396,0.07697566938984907
2397,0.1121585720814815
2398,0.09984878989055934
2399,0.08979134403059535
2400,0.04489608590015154
2401,0.06524843709968936
2402,0.04508930623140811
2403,0.08545735681282951
2404,0.07594235845425057
2405,0.060676606706511316
2406,0.09799781848318889
2407,0.0764156638238418
2408,0.10246855842949787
2409,0.04609820842026613
2410,0.07359730138491538
2411,0.06991912885805374
2412,0.06148458078719221
2413,0.07028626154953599
2414,0.05619337585352746
2415,0.12954929905398482
2416,0.0889451608031881
2417,0.05997424645502625
2418,0.06646271215858657
2419,0.055920781526947905
2420,0.06789076506319325
2421,0.06612659556282596
2422,0.07840964228746611
2423,0.06376009671384086
2424,0.05879546064009755
2425,0.07426664044031162
2426,0.06271797238052851
2427,0.10263151990314856
2428,0.05851869255071401
2429,0.07692952218886051
2430,0.11251553219087085
2431,0.07129811051964974
2432,0.09584377606823097
2433,0.07283463329767165
2434,0.05398202019596926
2435,0.08656695943730175
2436,0.07804396681577491
2437,0.07546787098673147
2438,0.097044614998472
2439,0.06442547292882683
2440,0.07993354349479309
2441,0.058901104920560665
2442,0.056881044960719274
2443,0.10428820020219731
2444,0.0762959726580828
2445,0.07253703560457564
2446,0.03614484778139887
2447,0.06345250186801094
2448,0.05546881223271155
2449,0.04795794418826588
2450,0.09583029615180017
2451,0.07851855722954615
2452,0.0740777933121251
2453,0.04061127358129213
2454,0.08211521128857391
2455,0.04693526013683463
2456,0.08395523191620285
2457,0.0693165073212843
2458,0.07975334209337992
2459,0.08437464265893174
2460,0.030002200800179457
2461,0.09757287645819024
2462,0.11332605224375197
2463,0.1192947424444104
2464,0.10094351598887497
2465,0.06860609119002214
2466,0.07223359487127401
2467,0.09173638183355803
2468,0.06405378635576164
2469,0.08317363743914119
2470,0.07638858250847297
2471,0.08186610674363937
2472,0.08903058209367853
2473,0.08122112012584515
2474,0.06006849014071314
2475,0.11936734351818584
2476,0.0717729711670867
2477,0.07754332402113001
2478,0.06643890593404006
2479,0.0823179023711384
2480,0.08355713947284815
2481,0.07680360870907443
2482,0.07666256715698133
2483,0.059379936240610054
2484,0.07260996869245201
2485,0.08203946281036578
2486,0.08996263591815495
2487,0.07947568476868905
2488,0.09343645153566221
2489,0.06179458884936356
2490,0.07780514456527132
2491,0.09121147657148948
2492,0.09217251978690966
2493,0.07631749687463202
2494,0.07791316073344451
2495,0.06623108533462735
2496,0.04014107958960961
2497,0.0660563806206898
2498,0.0538054250875617
2499,0.08965760315501292
2500,0.06346806096550944
2501,0.06927465841218367
2502,0.0867904047034867
2503,0.1061477434231814
2504,0.05590940979137837
2505,0.08298614708470686
2506,0.05394639065605977
2507,0.09983336502629586
2508,0.07648881504029459
2509,0.0667968397316725
2510,0.060644604850196016
2511,0.08721269477460036
2512,0.06853362491248671
2513,0.08421230182224532
2514,0.04078085339644305
2515,0.0741641304264769
2516,0.07728800132733604
2517,0.06611422564938696
2518,0.0611944434504747
2519,0.0899366640888109
2520,0.060128145782397946
2521,0.06381461996691595
2522,0.07491534658293736
2523,0.06520729054543051
2524,0.08530593111995538
2525,0.10388144352276824
2526,0.07951694785052654
2527,0.07253883105759451
2528,0.08862992399833197
2529,0.08378945790654907
2530,0.05195579973900283
2531,0.07075079109455373
2532,0.10266680635267011
2533,0.07296067588739458
2534,0.1164224766095765
2535,0.07624674783608176
2536,0.07446548902751882
2537,0.13831308736493897
2538,0.07261994922105047
2539,0.10783781103582113
2540,0.09899959175570333
2541,0.09923660397682921
2542,0.07190160582613875
2543,0.06528772300479818
2544,0.07050353350703287
2545,0.06438155859089911
2546,0.08739540301674326
2547,0.09370009295443893
2548,0.0930116648939675
2549,0.09628688178163164
2550,0.0626735135475796
2551,0.10081341180637704
2552,0.08843815065989297
2553,0.0851061842246249
2554,0.07310588728053163
2555,0.08405757219246235
2556,0.07660216649459939
2557,0.09413877851091379
2558,0.06151440753675719
2559,0.08141689715039474
2560,0.09523314359075485
2561,0.08612162203109508
2562,0.06023034924890147
2563,0.05456227746234965
2564,0.11973321454916541
2565,0.03875524822344867
2566,0.07121520167741047
2567,0.09626019020926846
2568,0.02791161655201324
2569,0.09023870800783257
2570,0.0824682059216888
2571,0.06571574803000013
2572,0.07087959132610677
2573,0.05144789810143047
2574,0.054195767736316736
2575,0.0855766715662547
2576,0.09609182672832672
2577,0.04627719279448039
2578,0.07990919186735362
2579,0.06982648706360273
2580,0.07099792747997247
2581,0.07167368191830492
2582,0.0580633958919089
2583,0.10154444199758833
2584,0.11303924215396988
2585,0.08721918540899093
2586,0.07400778302176386
2587,0.09768344963391479
2588,0.08865537113940491
2589,0.05682538733526871
2590,0.06267703127684099
2591,0.08550351380659027
2592,0.06663629140305188
2593,0.08675117179511105
2594,0.06891487322077611
2595,0.08896217990531541
2596,0.06872156056677237
2597,0.06341796003989708
2598,0.07998239199100182
2599,0.06727204868733871
2600,0.068003438272493
2601,0.06091670631235874
2602,0.07101160027245729
2603,0.06481936692907375
2604,0.05574713137155163
2605,0.06880725561146206
2606,0.06774972091090858
2607,0.03155050579992169
2608,0.09603346176190569
2609,0.11478278980366746
2610,0.09585878461899444
2611,0.10355374176088855
2612,0.0708787871193069
2613,0.09601667672811282
2614,0.08185152183841504
2615,0.10571810612222055
2616,0.11919601586850026
2617,0.06743442671498306
2618,0.08886850934401058
2619,0.05577618774741766
2620,0.0887549611743157
2621,0.06697654814605986
2622,0.11555998208278984
2623,0.1269128580477718
2624,0.10775250217096838
2625,0.06260688057068764
2626,0.07942598049207028
2627,0.049776910463258994
2628,0.05410717234233342
2629,0.07826744997955881
2630,0.0845562922913411
2631,0.07971649285495319
2632,0.08307212388663665
2633,0.10588424370568128
2634,0.050254659546281555
2635,0.048817173585130325
2636,0.07680340476396391
2637,0.0472637006944468
2638,0.08097239404427503
2639,0.0774576048305009
2640,0.09338730127118011
2641,0.06277261695300451
2642,0.05845359648277615
2643,0.06891676094317045
2644,0.0980356826731199
2645,0.035056881899664216
2646,0.10411743659718042
2647,0.07892337146097955
2648,0.08091451599952632
2649,0.07100651862374835
2650,0.07834035409363216
2651,0.08245586631814811
2652,0.10700676859575659
2653,0.04451751560463307
2654,0.049943209572200165
2655,0.0731776260822698
2656,0.06913171362139947
2657,0.09318610622001172
2658,0.02884673285078959
2659,0.07297575949323404
2660,0.06306099374023927
2661,0.0952105966018546
2662,0.07168491121380705
2663,0.058204337532370476
2664,0.05851417206074194
2665,0.06574249214370748
2666,0.07414742164173593
2667,0.1174535884688711
2668,0.06790518210142582
2669,0.09725677942935579
2670,0.0925220033467582
2671,0.05519701958943918
2672,0.06124749968516835
2673,0.10473241693242419
2674,0.08435434368798456
2675,0.11132442270232296
2676,0.12389738767721781
2677,0.06191657900964215
2678,0.059832232159348075
2679,0.08919410938907452
2680,0.11242845927260803
2681,0.0676381717670207
2682,0.1015423929422849
2683,0.07277664884369128
2684,0.07195023521732546
2685,0.06748187666623712
2686,0.07826305168794201
2687,0.06191668181098331
2688,0.05899755552177788
2689,0.08283761261724992
2690,0.06863585949804119
2691,0.05438574380174549
2692,0.06367324474610836
2693,0.05517047311816936
2694,0.07146177595125736
2695,0.06171528139893695
2696,0.04450610877653893
2697,0.07798908881948213
2698,0.07875497004710624
2699,0.08772421004350478
2700,0.07415294437009884
2701,0.124121935728293
2702,0.07218561428148884
2703,0.06663080500251967
2704,0.08144453017366171
2705,0.030924873346994508
2706,0.0854354174430344
2707,0.07278907867380813
2708,0.07716379710135068
2709,0.07966743724050634
2710,0.07482769853577542
2711,0.039269728783110414
2712,0.031520643949964344
2713,0.07999815372031582
2714,0.07729459168441233
2715,0.10245139849809726
2716,0.05724401576672711
2717,0.09138137082041142
2718,0.08471505651115824
2719,0.07697616681346803
2720,0.04993477364999899
2721,0.10209542419448497
2722,0.07665148818548001
2723,0.06262102804963615
2724,0.06597274632591593
2725,0.09337462334117619
2726,0.03563560497150231
2727,0.07901414273901264
2728,0.07899524798359542
2729,0.13138687078582784
2730,0.06305613465437859
2731,0.07043439223992887
2732,0.05773641539598512
2733,0.09202551261374792
2734,0.08170660273791741
2735,0.07821814081417017
2736,0.1332255315996922
2737,0.10643222354824061
2738,0.08590349586177498
2739,0.050557944307784264
2740,0.06493933070271407
2741,0.0676329591761276
2742,0.06924084532486213
2743,0.056420331363824294
2744,0.0620590873598339
2745,0.08459455109348646
2746,0.07397484138885219
2747,0.0634975430328395
2748,0.07423795501974323
2749,0.07113243119443657
2750,0.041720848320592474
2751,0.08234205021975505
2752,0.0637201449903777
2753,0.06867959939812635
2754,0.10427730575024652
2755,0.053228267311570876
2756,0.06574762231805675
2757,0.06896570032995086
2758,0.07974399039429503
2759,0.045965510767237316
2760,0.06501199061489316
2761,0.0762900824350849
2762,0.04831705381677209
2763,0.05600780098195557
2764,0.08341968816305473
2765,0.1003576523043484
2766,0.050396289305529196
2767,0.08183155815199683
2768,0.02638444525114858
2769,0.06690680156314233
2770,0.0684721769612322
2771,0.08494560392182282
2772,0.040341781928687925
2773,0.06486209983831237
2774,0.06788832030644093
2775,0.06688156848572135
2776,0.05519826451726961
2777,0.0723213360644604
2778,0.06464213584320438
2779,0.04868838379646706
2780,0.0993865317204563
2781,0.0671088429412543
2782,0.08818120805326196
2783,0.10792173957215351
2784,0.07399437653200075
2785,0.05984288483038003
2786,0.06918502484426625
2787,0.05921538895207201
2788,0.06407745260409925
2789,0.0815508968814469
2790,0.08548786661383345
2791,0.07962650634379631
2792,0.07636469138588275
2793,0.07328569205093644
2794,0.0512562994954644
2795,0.060398640328161224
2796,0.07472424258990529
2797,0.040319273485424745
2798,0.07705587550151871
2799,0.09402797446087857
2800,0.051009874190661
2801,0.0341630793565294
2802,0.07179719685514119
2803,0.048863382301865266
2804,0.053358236382057056
2805,0.0750328825829209
2806,0.09822317792473056
2807,0.05903245375909277
2808,0.08393001758047736
2809,0.10635244750200812
2810,0.07870114000456363
2811,0.06934521745138211
2812,0.09702205871730862
2813,0.03695167036716751
2814,0.08002303232338492
2815,0.1259363948014801
2816,0.09093572267229344
2817,0.0486254075200217
2818,0.07576576434509419
2819,0.100027917575495
2820,0.07684719274360519
2821,0.06785870750348089
2822,0.06187301754679653
2823,0.011747809810877474
2824,0.03338688552065139
2825,0.10595522950804637
2826,0.08896035514818118
2827,0.08174372453209527
2828,0.07594075580050053
2829,0.12341108771849063
2830,0.07012354744430715
2831,0.08957457623357268
2832,0.07838444074016271
2833,0.1052557689994828
2834,0.07391660699956831
2835,0.06952731814673296
2836,0.08939232525728774
2837,0.05963874377730172
2838,0.08520830846073263
2839,0.06679153402094906
2840,0.05910812672017762
2841,0.09684699519422774
2842,0.0744781044540494
2843,0.09851349947803945
2844,0.06477055057954373
2845,0.05869659208607053
2846,0.06825140854780648
2847,0.09035092713886272
2848,0.0677420597094211
2849,0.06203140454663786
2850,0.06959532554171166
2851,0.07913345655224091
2852,0.07292318821573274
2853,0.059452223679669736
2854,0.06562552529160609
2855,0.07981853310801351
2856,0.09106797060662802
2857,0.06830054198469776
2858,0.0656419124062349
2859,0.08147252929196025
2860,0.08460895590908973
2861,0.0691440671697845
2862,0.09242943481140009
2863,0.07124614978548638
2864,0.04363114566188653
2865,0.07446947847433577
2866,0.062010980038741836
2867,0.10226602471384472
2868,0.08869610223362367
2869,0.07984835633972376
2870,0.04874373313893687
2871,0.06806890714887054
2872,0.0721323219345466
2873,0.06759833995959835
2874,0.09329268314212258
2875,0.04839892224283243
2876,0.07315750040819302
2877,0.0946247700572147
2878,0.08403945739048302
2879,0.07810336120222222
2880,0.03389385074325679
2881,0.11354784269404788
2882,0.05837333899939612
2883,0.08753171825270623
2884,0.05854074139328841
2885,0.06290986901451723
2886,0.028089969722099817
2887,0.0775363513671593
2888,0.06755964543916915
2889,0.08971012470686424
2890,0.05080382620425339
2891,0.04933260039568793
2892,0.10785356556069287
2893,0.06642176925542714
2894,0.024185292810192438
2895,0.08658520922663976
2896,0.03323487945407111
2897,0.061915085055333385
2898,0.03941684885081109
2899,0.08350534800456111
2900,0.07452302223804508
2901,0.06669038435574698
2902,0.0844004899233427
2903,0.07079676981497063
2904,0.08891049743138568
2905,0.06722801038473608
2906,0.0944692598933054
2907,0.08545403527847473
2908,0.06815860992928596
2909,0.09688626679810608
2910,0.06612854092323173
2911,0.11081757633159506
2912,0.07025497306964018
2913,0.08750219625420297
2914,0.08316899197176686
2915,0.1056609195418764
2916,0.07118959559321808
2917,0.09456680358137826
2918,0.09340926835109531
2919,0.05290249857641449
2920,0.06679061755250637
2921,0.07309391456642367
2922,0.08210533200601994
2923,0.08206223893927733
2924,0.08771889576552927
2925,0.08884186912991177
2926,0.04644774142418112
2927,0.03894752741249641
2928,0.06945930682831425
2929,0.09022959577440542
2930,0.10029820701442438
2931,0.05059344789695519
2932,0.05982729819085231
2933,0.0882188326312493
2934,0.09855432842918721
2935,0.06046072853532253
2936,0.0731911257168344
2937,0.0656020880084704
2938,0.04236069370404111
2939,0.07983556023871358
2940,0.06913799673303689
2941,0.039870365843226896
2942,0.10211374504891058
2943,0.08434990510508111
2944,0.08053703256386674
2945,0.019364049198477784
2946,0.02746280623084857
2947,0.04710278747836294
2948,0.07624824798316249
2949,0.1003474565749296
2950,0.09836972536235433
2951,0.09578444715692869
2952,0.08927167673139313
2953,0.09316335208747956
2954,0.08536600134301237
2955,0.08188991106935078
2956,0.06757026757455187
2957,0.053307243687692185
2958,0.056848346870669475
2959,0.08115063492262947
2960,0.1000887236243298
2961,0.057507089486013685
2962,0.054281109077104706
2963,0.049300859915467454
2964,0.08165439087594906
2965,0.04996808445616868
2966,0.10897473140902614
2967,0.10119138538573574
2968,0.08321373769289031
2969,0.05300051410929285
2970,0.03714869224785827
2971,0.0659786684483138
2972,0.06969538353986776
2973,0.09428435180762668
2974,0.07801860054467669
2975,0.09474829665224216
2976,0.08239306439752586
2977,0.08873671954563345
2978,0.07048970948982747
2979,0.10828212583062097
2980,0.0765688984036999
2981,0.0687431952987213
2982,0.08107851483433398
2983,0.07970453384335807
2984,0.07184773829396407
2985,0.06006723743909037
2986,0.07623021849611944
2987,0.07419578340861005
2988,0.06733476713730002
2989,0.09915025143206718
2990,0.0642627108863355
2991,0.07977944204156928
2992,0.1302561230625363
2993,0.09410269078346006
2994,0.09197523824488335
2995,0.06789132619749738
2996,0.11445476341474692
2997,0.034092587796291485
2998,0.07177877137682587
2999,0.04032423882505798
3000,0.051757745595173654
3001,0.062169345219416305
3002,0.10244569935569114
3003,0.10464269941386367
3004,0.10832947259189646
3005,0.0969480743508161
3006,0.06930478343859225
3007,0.0856366906656092
3008,0.057546338218860404
3009,0.07759655100504781
3010,0.07305400212429491
3011,0.09259041561061077
3012,0.07972006719842739
3013,0.10581160611451029
3014,0.03483925502356244
3015,0.08736490857795975
3016,0.0878104241390742
3017,0.11164100281310102
3018,0.10897855906138654
3019,0.07916068253777642
3020,0.06229188812076886
3021,0.09503263155728492
3022,0.08891069428603138
3023,0.07191605486124247
3024,0.11873666364586516
3025,0.06552929949391872
3026,0.07700200163412496
3027,0.07455956115676693
3028,0.0733199927632116
3029,0.07298641882152535
3030,0.0819777680071857
3031,0.07989639275562271
3032,0.08917474336206721
3033,0.10456980734154953
3034,0.05574802481115643
3035,0.040247825093816525
3036,0.09359587880728804
3037,0.08248544161100568
3038,0.09090516104265056
3039,0.10059798626814381
3040,0.06650974032407203
3041,0.06572211009186235
3042,0.08329413598324015
3043,0.06436857376468513
3044,0.09348679159280837
3045,0.06817387060644159
3046,0.09016275850558997
3047,0.08685369253079889
3048,0.09097803314841857
3049,0.09866547633993994
3050,0.09145054391726543
3051,0.08275980124523158
3052,0.05870025524234723
3053,0.09596354749047492
3054,0.10145964471523883
3055,0.0888733146814994
3056,0.09051134643251774
3057,0.06920625810371622
3058,0.08010300867557962
3059,0.07294984246245534
3060,0.07524191048394518
3061,0.07582535308457317
3062,0.08619145646976117
3063,0.0552800220123848
3064,0.056515664223689976
3065,0.09601090678976998
3066,0.02454473512272537
3067,0.07535776956436346
3068,0.072593829030136
3069,0.0422659513914867
3070,0.05844473482817969
3071,0.05728118309855934
3072,0.0632447704384792
3073,0.09135757956675011
3074,0.06526068707425825
3075,0.10842489815781065
3076,0.06488210817207352
3077,0.06424786542106409
3078,0.06132231239217223
3079,0.07656203242287535
3080,0.06026440477837275
3081,0.06817048616727006
3082,0.08830456666396569
3083,0.08707244811631942
3084,0.05120294497664363
3085,0.08496983708882572
3086,0.0586867629752425
3087,0.0840869973631308
3088,0.09528029173348562
3089,0.05486927562363797
3090,0.030388707002550752
3091,0.06674898076471403
3092,0.08465880344988408
3093,0.10433461987196996
3094,0.07359592620988864
3095,0.11002003327665938
3096,0.09127789760469934
3097,0.07167917660700812
3098,0.09175903964616627
3099,0.09036769166737468
3100,0.09535881657191458
3101,0.0883025996552862
3102,0.07170473608200195
3103,0.07023334712183305
3104,0.07473366063540304
3105,0.06489708374481928
3106,0.051158177535174265
3107,0.13612440976536128
3108,0.05337944340816775
3109,0.08690706307944529
3110,0.10198450389534708
3111,0.08437258237530698
3112,0.08173000588127277
3113,0.03509111294820111
3114,0.0761684465293056
3115,0.08142151566001105
3116,0.06432294128628796
3117,0.11244843084950007
3118,0.0942540059806729
3119,0.09303566448569
3120,0.05232229621046036
3121,0.06680031168267059
3122,0.08257565039012338
3123,0.08633000102480831
3124,0.07311467361581409
3125,0.08186709814735099
3126,0.06134064871935685
3127,0.06692475575158341
3128,0.0735954666378209
3129,0.10205041548822019
3130,0.09567090033123404
3131,0.07312876937938573
3132,0.0864971920911844
3133,0.04143469847846665
3134,0.07990374051235238
3135,0.09099426661224419
3136,0.062271759947321814
3137,0.0631553185505912
3138,0.0800418264972601
3139,0.037460559567445095
3140,0.07302101665199279
3141,0.10401298049208046
3142,0.042118835143385436
3143,0.08341793673796594
3144,0.05436244983657007
3145,0.07278134064142971
3146,0.09755988890396872
3147,0.10088126474079873
3148,0.10837812417242848
3149,0.11237295691995963
3150,0.09305411534010205
3151,0.052993165466945324
3152,0.12476635568564931
3153,0.09676183036501473
3154,0.04971384095667236
3155,0.05225109101677444
3156,0.07644869653745046
3157,0.07208020189099473
3158,0.06683141665249381
3159,0.06597623058113544
3160,0.07583421264441054
3161,0.0656790716890584
3162,0.12984603194889865
3163,0.05060511284163782
3164,0.07834667982509025
3165,0.09244809238434837
3166,0.06725886254479496
3167,0.07758707381467717
3168,0.0645764414264372
3169,0.06688266032779638
3170,0.0645856252341101
3171,0.09818595909533162
3172,0.06387513184795501
3173,0.06269436472871498
3174,0.10960056655809797
3175,0.0825228987918954
3176,0.054021209234624334
3177,0.09424625779230467
3178,0.03939424274628439
3179,0.07658411730165982
3180,0.06484900705595392
3181,0.10951475177743936
3182,0.07146229215050981
3183,0.06491192819443697
3184,0.07422265838548614
3185,0.06110069590965728
3186,0.08389444558209269
3187,0.07319755916832954
3188,0.08000240371899725
3189,0.07049625741303162
3190,0.07207648425632662
3191,0.072595681885259
3192,0.09946925653654765
3193,0.06641232194671232
3194,0.05990191783210752
3195,0.07611782387562305
3196,0.06415418336097711
3197,0.08563330841147465
3198,0.07443144925648842
3199,0.11699101679261426
3200,0.08918155683163348
3201,0.0908755877954881
3202,0.07407140991843641
3203,0.0651672789919322
3204,0.09150928197007918
3205,0.09904833665784568
3206,0.09487748066835122
3207,0.06178588334625834
3208,0.050458092088855266
3209,0.05964620590284847
3210,0.09042469346362225
3211,0.04251688960049205
3212,0.06787948038430863
3213,0.10199776863852278
3214,0.06772221583259774
3215,0.04184809864701955
3216,0.09743104423167964
3217,0.0676325661243607
3218,0.08792531571995277
3219,0.0612567960713577
3220,0.060514663145359915
3221,0.08184741725506478
3222,0.06782141613515374
3223,0.08612299102975024
3224,0.059491628073354674
3225,0.053820454080656666
3226,0.05091289653138664
3227,0.08207215525247147
3228,0.09563127889069478
3229,0.03937189062259233
3230,0.05869854290081922
3231,0.06074928443136268
3232,0.07547091932593558
3233,0.04541985496402956
3234,0.017078128345097643
3235,0.04384886831264917
3236,0.04580973626698165
3237,0.06974660718394698
3238,0.08989534845027741
3239,0.0682775485128655
3240,0.0898236157907975
3241,0.08867797853404297
3242,0.06163482176390567
3243,0.09738099268969819
3244,0.07833610988030482
3245,0.08564625062625114
3246,0.061987052124748976
3247,0.10991883440606443
3248,0.08674718828254835
3249,0.08490050294528806
3250,0.06169121677180439
3251,0.051305502752631627
3252,0.0833734595930713
3253,0.07538562949811384
3254,0.10216853984673763
3255,0.08954634042582005
3256,0.10241066742711985
3257,0.0655298193115526
3258,0.09171499194090088
3259,0.08410796538477211
3260,0.0865956558044167
3261,0.06604167548039347
3262,0.08445735077739785
3263,0.07263926994246
3264,0.09536094016393282
3265,0.06378692533490782
3266,0.04328396162665027
3267,0.055346649036022266
3268,0.07493355068391971
3269,0.08454257029212381
3270,0.060890928856639104
3271,0.1025381945012569
3272,0.073925409819254
3273,0.06503747246228198
3274,0.0657341789169259
3275,0.09782500055814092
3276,0.06468781192282369
3277,0.08692375626618576
3278,0.09545241829284112
3279,0.07654671637425614
3280,0.083698002449422
3281,0.08305181125736394
3282,0.08442519497110063
3283,0.10259568748545078
3284,0.0911343710272437
3285,0.07141552234201959
3286,0.11901745270813957
3287,0.04156562172167272
3288,0.09392271212013115
3289,0.05760086936753317
3290,0.07174790227851857
3291,0.09498490500401346
3292,0.10987610277454196
3293,0.07279814116651068
3294,0.08275303363397735
3295,0.07540209822551164
3296,0.054624738530623274
3297,0.04647289690349976
3298,0.07121693045181599
3299,0.11220892949129074
3300,0.09920492230737049
3301,0.05064351352796692
3302,0.07689485174462146
3303,0.04078139231709066
3304,0.04503022452433497
3305,0.054332875832184546
3306,0.07877519884740292
3307,0.06387035340863578
3308,0.0946047880548127
3309,0.10486709187561638
3310,0.11638080708239551
3311,0.06571955877820573
3312,0.07529664976074502
3313,0.07320823242694219
3314,0.06771395628083715
3315,0.06227145607110762
3316,0.039470435145948335
3317,0.10233808120301968
3318,0.06780973602683327
3319,0.07438497201168565
3320,0.09305548945539549
3321,0.03704565646522606
3322,0.04162073581056591
3323,0.07919901777909705
3324,0.0642710684868697
3325,0.08181190308511954
3326,0.051224121256002175
3327,0.07846689296074738
3328,0.06039836458968589
3329,0.09964984029027718
3330,0.0935870644711449
3331,0.08573546993548514
3332,0.07869677723379043
3333,0.07293437161304012
3334,0.08670460454612028
3335,0.07607142078427387
3336,0.06411430510354332
3337,0.09964283878614738
3338,0.09520123975341976
3339,0.08515814737942418
3340,0.06783057608247878
3341,0.07193729038913044
3342,0.0896308456566528
3343,0.07621411632924902
3344,0.09823134673468353
3345,0.09483752228027242
3346,0.07640831544376692
3347,0.13176803258806602
3348,0.07770908733083914
3349,0.07592537369503305
3350,0.04925878045527021
3351,0.03480849326284624
3352,0.08012995256938871
3353,0.03457361605267939
3354,0.06023852820190301
3355,0.026924135739543387
3356,0.04692543677274025
3357,0.06398987846170745
3358,0.09408540228202206
3359,0.051882725842880006
3360,0.09171525322946666
3361,0.08937384361639356
3362,0.06408453983617857
3363,0.06410629241471733
3364,0.07573131948672074
3365,0.06225948019737876
3366,0.08512966772466135
3367,0.06619006779959935
3368,0.09739102119426735
3369,0.04189185266263329
3370,0.09813622190053317
3371,0.08339473212055609
3372,0.08587357466945789
3373,0.07661110093221463
3374,0.08559167378040478
3375,0.07346703287493395
3376,0.05430789262932717
3377,0.06201425062884841
3378,0.06278297615760814
3379,0.06656197343135267
3380,0.06882921313839024
3381,0.08760987891802952
3382,0.07630451391159027
3383,0.10264414666385363
3384,0.03625744996507013
3385,0.07433506101738646
3386,0.07448964740156555
3387,0.08076801056538302
3388,0.030640769982370974
3389,0.05893034598764152
3390,0.03819803032840979
3391,0.08338751780618092
3392,0.05771435160721056
3393,0.07630954014022556
3394,0.07085701354540236
3395,0.05971467392195223
3396,0.07252594345343932
3397,0.06794810167927778
3398,0.08613835048146146
3399,0.07960117874814837
3400,0.07170313099917053
3401,0.062384880229408635
3402,0.07097568962374107
3403,0.05411365253811412
3404,0.0836987370226197
3405,0.08045616128623084
3406,0.1058274995589632
3407,0.08327970097751969
3408,0.08364709222321454
3409,0.08797459730353074
3410,0.08726980734485679
3411,0.055207023146371936
3412,0.08157460363602631
3413,0.05387528697174482
3414,0.04690994808679194
3415,0.06532991138117805
3416,0.07449391655079951
3417,0.07832305504430409
3418,0.1091148149278775
3419,0.07506357284783943
3420,0.05125646368159159
3421,0.08714657369167139
3422,0.029753637779261433
3423,0.0803489806668129
3424,0.09467119441674143
3425,0.03908529928671389
3426,0.07263697754832998
3427,0.08556277969544712
3428,0.08001099383153448
3429,0.07595142755858897
3430,0.05687900180573324
3431,0.08523670882280321
3432,0.07137938025481094
3433,0.1013140349849464
3434,0.04302975435986045
3435,0.06644334711945094
3436,0.0405667509258541
3437,0.062293513368626874
3438,0.08368975564737302
3439,0.07980527565001266
3440,0.1353976105305148
3441,0.05559202022485277
3442,0.032265835931213294
3443,0.08365831996436252
3444,0.06084387072209446
3445,0.06661007131921909
3446,0.06097485830100058
3447,0.07321014992361163
3448,0.0519557695848184
3449,0.05313206165592449
3450,0.07560697219935597
3451,0.058186118375684326
3452,0.07046701120264737
3453,0.06527537008472256
3454,0.07342571263618841
3455,0.06544237236373518
3456,0.06763374388951676
3457,0.06509226331677326
3458,0.048015313742011234
3459,0.07234733483619571
3460,0.09804328856260097
3461,0.057856065292413106
3462,0.07548382431824335
3463,0.04340238795903023
3464,0.06231676280909898
3465,0.09966412005791558
3466,0.06830092566520429
3467,0.03362180121542108
3468,0.07370378272931105
3469,0.08148112370253535
3470,0.018443880918376232
3471,0.050891153194173366
3472,0.0833208641279044
3473,0.07059475771236495
3474,0.04854774909030246
3475,0.11315234597460638
3476,0.07603140782667184
3477,0.10763965723098262
3478,0.06629127752259106
3479,0.10350939608409881
3480,0.10578802359451395
3481,0.08389876730978957
3482,0.02268668636141913
3483,0.039235580234561696
3484,0.07517859042071529
3485,0.08862332394639877
3486,0.08477209966837834
3487,0.059126881505896345
3488,0.0594751300291223
3489,0.07085740781392952
3490,0.09197171285749939
3491,0.10072826337880053
3492,0.1075175017914321
3493,0.08379800740323584
3494,0.07800977390109254
3495,0.07340117945881702
3496,0.12001924697376909
3497,0.06255402265947096
3498,0.07607081773373503
3499,0.09216922931067428
3500,0.057466056050306136
3501,0.04070086411076568
3502,0.04897609855360069
3503,0.04138477758189718
3504,0.08438727807750546
3505,0.06657906902736938
3506,0.08560676095497444
3507,0.11453792982033106
3508,0.09409780636800091
3509,0.0673812929762625
3510,0.10453807921252856
3511,0.0912377609358207
3512,0.040404889389541065
3513,0.09105709086475056
3514,0.06478984099477902
3515,0.0633254880687878
3516,0.10874958301671539
3517,0.06370298682173026
3518,0.07155783672486343
3519,0.0645551888299965
3520,0.06353115410927523
3521,0.06647178295153755
3522,0.09318568104867225
3523,0.054360666139788016
3524,0.047619642349715385
3525,0.06272620731986228
3526,0.07337934473320273
3527,0.09710986211671196
3528,0.0371626167797367
3529,0.09586135450243877
3530,0.069066854839335
3531,0.113240834462626
3532,0.09429522890632408
3533,0.08559005958292298
3534,0.046623560764572025
3535,0.0693086735038253
3536,0.06548257578952477
3537,0.08079508901230847
3538,0.06566347741090456
3539,0.08671054833491648
3540,0.11105266200343183
3541,0.09634719070534059
3542,0.08399530312843939
3543,0.05003628620817546
3544,0.06665778096704761
3545,0.09485026268812635
3546,0.08939038211832584
3547,0.06438424794657932
3548,0.11544949679505273
3549,0.0981340942113254
3550,0.04073947431540326
3551,0.07388301494957783
3552,0.040245978988911524
3553,0.10418442736663935
3554,0.0952237275197747
3555,0.04533326672481053
3556,0.09393006112373142
3557,0.09375434255998877
3558,0.05303038429381762
3559,0.09406014519873257
3560,0.09651544491458752
3561,0.07111862329335561
3562,0.03712287953844018
3563,0.09658088450156327
3564,0.05303055966171294
3565,0.08067905731256314
3566,0.07852515072434191
3567,0.0633842783588861
3568,0.04292581024756398
3569,0.0729505300974454
3570,0.07298364627966353
3571,0.04614053839567528
3572,0.06467382808361666
3573,0.060158910465857085
3574,0.057363863874413556
3575,0.04202345831631399
3576,0.09102011881725947
3577,0.06748297290609107
3578,0.09936456954831963
3579,0.06712493004343567
3580,0.07969516945389699
3581,0.08146720852500833
3582,0.053036803504957875
3583,0.10923785317877033
3584,0.04266398420354017
3585,0.057595605692212726
3586,0.08300602761275028
3587,0.09525124064936696
3588,0.057242663337539246
3589,0.08784777992091558
3590,0.08644634390653638
3591,0.050801228176394375
3592,0.09574406737646712
3593,0.1016563249118031
3594,0.07578438521324132
3595,0.05745041236511372
3596,0.1101206321674813
3597,0.06284539217227808
3598,0.08473824627361748
3599,0.09420222729832206
3600,0.08864061110842525
3601,0.07524816146999064
3602,0.06975858791009765
3603,0.07674408293985635
3604,0.05495035195629766
3605,0.07157504149462679
3606,0.09497002376631342
3607,0.049521780516191716
3608,0.08952925222877284
3609,0.04955958584105746
3610,0.04455002842770889
3611,0.04413592028701696
3612,0.06785915647602425
3613,0.037884441065563434
3614,0.10728390702251484
3615,0.07840641430467288
3616,0.06626751680087856
3617,0.05055445122742935
3618,0.07423315688067555
3619,0.051089461975940775
3620,0.06581258654771249
3621,0.09216150117172578
3622,0.0764174437198697
3623,0.06509357697145479
3624,0.06069637680794404
3625,0.10166970270295644
3626,0.09504815178082793
3627,0.10626121752002066
3628,0.07835464758713656
3629,0.08866342824494855
3630,0.06285668274205325
3631,0.08545184234845249
3632,0.06556322564007044
3633,0.07049714488806119
3634,0.057900468812730144
3635,0.06593810546966017
3636,0.08278014026001146
3637,0.0636205722023756
3638,0.08675979348401691
3639,0.08963304039875652
3640,0.07190091929182552
3641,0.09365189728423773
3642,0.06398715527215826
3643,0.07013034456327755
3644,0.05101524876609381
3645,0.0862813320372599
3646,0.08808395399732921
3647,0.09466704634677181
3648,0.05174095494623354
3649,0.04640963678032556
3650,0.07034274953937025
3651,0.03796870824731036
3652,0.056162792442502274
3653,0.08347482510033927
3654,0.05480241172625322
3655,0.0590394254926257
3656,0.01893528839675468
3657,0.06940358899303489
3658,0.07843711680671872
3659,0.07984241643207418
3660,0.07173280225361267
3661,0.07529741889856423
3662,0.13793677244622726
3663,0.07027762205847066
3664,0.06334869273569904
3665,0.08542605959150973
3666,0.07150424966922664
3667,0.08447636951030252
3668,0.03026671504569689
3669,0.059642855695487274
3670,0.08336791912580976
3671,0.10255797210037243
3672,0.09638153292105273
3673,0.13178492690660526
3674,0.07328152444332131
3675,0.08775628256851159
3676,0.11708224793712807
3677,0.09989994191247975
3678,0.0874076425642491
3679,0.13908683998718657
3680,0.0585813789117422
3681,0.06389047269211923
3682,0.09850718902797428
3683,0.015826450812743642
3684,0.09245055542090819
3685,0.045567105785854045
3686,0.08886837011972726
3687,0.09219035877668164
3688,0.09096109897409116
3689,0.09643263989876111
3690,0.06269238693925117
3691,0.08134956960295636
3692,0.08565484726724382
3693,0.1148155019260772
3694,0.03633676569660893
3695,0.08441825482822546
3696,0.07332184929941454
3697,0.0994279917708642
3698,0.08466326640444682
3699,0.0623997774432703
3700,0.10394973855183659
3701,0.05806224215027944
3702,0.08842218835284693
3703,0.08692669187413454
3704,0.09015482407976028
3705,0.07077965450745988
3706,0.06740223375803672
3707,0.07485197661415777
3708,0.06299505343854644
3709,0.08266895413931896
3710,0.05609894408496241
3711,0.1174808953107917
3712,0.042419873383769235
3713,0.06368068305302726
3714,0.1112368187305367
3715,0.09051679057956286
3716,0.04247844704899839
3717,0.10228676545307686
3718,0.013332156601159939
3719,0.09097685480005069
3720,0.0818269870215429
3721,0.0444158491639437
3722,0.0521941389353584
3723,0.08116233055483196
3724,0.1112811402671201
3725,0.04955773512056466
3726,0.09435946620451097
3727,0.05797186697074924
3728,0.048612468293814104
3729,0.08190607623009982
3730,0.10007590671630184
3731,0.042000059783810995
3732,0.0833168357240856
3733,0.04869355554637922
3734,0.08363597197484424
3735,0.07721279267669628
3736,0.08853538502013691
3737,0.07956184032697106
3738,0.07818478923189703
3739,0.07279283161750427
3740,0.05765916913962155
3741,0.06387453386776515
3742,0.04997510268289296
3743,0.11545058823886922
3744,0.0536957455353167
3745,0.0863591812226916
3746,0.06093181389914354
3747,0.08031943979556733
3748,0.0699506578146043
3749,0.048378433517727415
3750,0.055707837100581914
3751,0.053966863865516745
3752,0.046016372432599595
3753,0.04926051345930493
3754,0.034220066137598315
3755,0.07661247802764293
3756,0.06981636167636379
3757,0.08650294649982976
3758,0.14094182702585806
3759,0.05002118021803714
3760,0.06683609984071709
3761,0.08299984101669233
3762,0.08760327119022465
3763,0.10314364623020494
3764,0.056810574932491975
3765,0.10108837125262737
3766,0.08815833967923115
3767,0.08417682501319812
3768,0.07174680813521916
3769,0.0641021065652671
3770,0.07114453414426747
3771,0.1231162900786954
3772,0.07465793779311675
3773,0.0735590728819519
3774,0.10608092326952218
3775,0.11014199776439748
3776,0.08750922219318019
3777,0.081470525942612
3778,0.09272756009728939
3779,0.09232240094124111
3780,0.06232554973589527
3781,0.019299181078684724
3782,0.09391849868827329
3783,0.039775831331754
3784,0.08618870448438426
3785,0.03288455261195572
3786,0.051349615014385175
3787,0.09185478197425972
3788,0.10463339621873602
3789,0.05755131500320376
3790,0.046441484155091584
3791,0.08150646067312728
3792,0.09025620624437797
3793,0.07713551349999004
3794,0.053540487029835826
3795,0.0817085605317664
3796,0.06996042159375371
3797,0.09703159515235255
3798,0.0211925508717673
3799,0.07328229667506853
3800,0.07791720933964003
3801,0.05766423585041863
3802,0.04040636290000876
3803,0.06499528854995618
3804,0.07257004399336153
3805,0.11534106524929466
3806,0.04506224716935758
3807,0.07881951026506145
3808,0.04998835683285441
3809,0.06542567405752947
3810,0.0714245603999365
3811,0.0502159377758466
3812,0.10185206998432261
3813,0.08621989020006293
3814,0.09374226696592503
3815,0.11533437974395283
3816,0.04474334930012264
3817,0.049272722408018055
3818,0.04618531632464784
3819,0.08968901634198045
3820,0.0911827211221572
3821,0.06940325406195069
3822,0.04428390346779437
3823,0.08613429415996693
3824,0.0912207547742156
3825,0.08328172792726929
3826,0.1129484214074567
3827,0.0958109806989052
3828,0.05080652068829017
3829,0.05294239046013288
3830,0.10559141423127394
3831,0.0900393525898196
3832,0.07726110034287154
3833,0.09531723903298334
3834,0.09178001566608923
3835,0.0753347614387192
3836,0.07067783621330881
3837,0.07803016455333545
3838,0.04365765758535395
3839,0.0670246050562846
3840,0.06533183314780289
3841,0.06684278680186412
3842,0.061717474223361324
3843,0.06865321970625349
3844,0.07979481787231413
3845,0.07088978701750448
3846,0.06978143657665098
3847,0.049721625386336454
3848,0.06770299569628657
3849,0.07893051984327215
3850,0.07003000073846904
3851,0.09509591938284268
3852,0.0587106290369972
3853,0.059531770595348366
3854,0.0650577486922444
3855,0.040693725738569886
3856,0.08980075992078618
3857,0.0922924515864827
3858,0.04233637961450437
3859,0.0740075534525163
3860,0.05035833730723782
3861,0.07854907862642263
3862,0.07661341589021253
3863,0.05946654135701529
3864,0.10198411218585274
3865,0.08727453551492309
3866,0.08814643833597824
3867,0.047361227056975486
3868,0.012926093738191424
3869,0.06789801566986542
3870,0.03380933580853068
3871,0.08595669461413502
3872,0.06886916023876327
3873,0.08671892172641343
3874,0.05966463270514977
3875,0.11325146397314834
3876,0.04807233614756168
3877,0.07002213851708061
3878,0.10809789743894249
3879,0.06491838956948975
3880,0.09067162918345989
3881,0.08824615189938484
3882,0.06539677267905802
3883,0.06874269037375008
3884,0.06973234044054666
3885,0.0717201119370457
3886,0.07834059687159356
3887,0.04410197455993298
3888,0.06249669307962347
3889,0.10305011261632913
3890,0.07137189419168066
3891,0.05000616196544949
3892,0.04198907226701942
3893,0.05266177149980178
3894,0.053523918253685965
3895,0.08077589473390845
3896,0.0972989679470263
3897,0.07654284586630161
3898,0.09591991000164085
3899,0.08861967707261698
3900,0.07029583957804192
3901,0.08306016001792105
3902,0.05865885110190355
3903,0.08688145666737757
3904,0.062394520036506584
3905,0.07301428569228041
3906,0.07594625514899617
3907,0.06816718243833175
3908,0.054977130165904164
3909,0.06545557926480577
3910,0.060016991670852726
3911,0.07673989203119108
3912,0.06660647941243081
3913,0.05343649647116305
3914,0.07148409680210221
3915,0.06466885263367583
3916,0.06413549849639089
3917,0.058403787347783176
3918,0.14620400266800404
3919,0.07896817476671963
3920,0.06242410299164014
3921,0.05030683834260574
3922,0.052902295420991896
3923,0.08327715030375549
3924,0.0849292128124447
3925,0.05164248238666269
3926,0.07558634357926997
3927,0.033744326778185396
3928,0.037367699696413514
3929,0.05413361618522994
3930,0.06944992377445591
3931,0.10656760339872462
3932,0.07035172801559125
3933,0.04997709202562006
3934,0.11928436377019191
3935,0.07240332879401323
3936,0.05707382743049272
3937,0.06587867926809932
3938,0.0920618886358589
3939,0.06118203023129709
3940,0.06914842446826003
3941,0.0834873239388711
3942,0.10686911259425214
3943,0.0946474225891547
3944,0.07550866905034415
3945,0.06228140866569731
3946,0.0608446241874423
3947,0.05975413711019012
3948,0.081741035081076
3949,0.0787030879828553
3950,0.09351006953226637
3951,0.05832480654048572
3952,0.11912476212583789
3953,0.07783728014185576
3954,0.05335334498958716
3955,0.06463618441407393
3956,0.06461169456527055
3957,0.07489674307903765
3958,0.07251472152640925
3959,0.11780812807055163
3960,0.10600339613679377
3961,0.05959499361403503
3962,0.03617395869161749
3963,0.09795546941113181
3964,0.0703258475458613
3965,0.07251793180867577
3966,0.05252294265046248
3967,0.0633367450387019
3968,0.07399058544657544
3969,0.08290184812820395
3970,0.08898566364306187
3971,0.0722542799676762
3972,0.062161131911090295
3973,0.09854051948488496
3974,0.05928366718298811
3975,0.08156029409698112
3976,0.06681564737270607
3977,0.10110481709006458
3978,0.08653145692255326
3979,0.07064366810284578
3980,0.09025165775451216
3981,0.06755168631272285
3982,0.07004830684069924
3983,0.08824326417629047
3984,0.03859214206235817
3985,0.11209728731433233
3986,0.09917018053889703
3987,0.09515649221539524
3988,0.061494758826220075
3989,0.08931479132930581
3990,0.0704414724543374
3991,0.09227958482060283
3992,0.11044489778336342
3993,0.05709232625110933
3994,0.05872809222166492
3995,0.07893495759490138
3996,0.06245490435948797
3997,0.06659684630460377
3998,0.08816682885894395
3999,0.0768751692862728
4000,0.09483826058713518
4001,0.05522804996749647
4002,0.05072323794082717
4003,0.031955305068914364
4004,0.0573457495474039
4005,0.07463417866282973
4006,0.054533570785380625
4007,0.10357035277314075
4008,0.06593822740933586
4009,0.09154510241760128
4010,0.08304120664789394
4011,0.0880675307415259
4012,0.10209668600654209
4013,0.11454774253936034
4014,0.09070507850500209
4015,0.07952326220170836
4016,0.03725538622175528
4017,0.08986888611596022
4018,0.0899879687426014
4019,0.0857756355504109
4020,0.042226680028031316
4021,0.07669545807470307
4022,0.08215425321646225
4023,0.07099972032996765
4024,0.01384489824819296
4025,0.07272965796036246
4026,0.10412823025169987
4027,0.062148094498128525
4028,0.03988361774159138
4029,0.06515030833710961
4030,0.03389683232242313
4031,0.08516161352310808
4032,0.08564393474853871
4033,0.06027729027823647
4034,0.08311916103995343
4035,0.0753770513245337
4036,0.054819047071165306
4037,0.06451499941620192
4038,0.04048217249447905
4039,0.09210578735172764
4040,0.05905515608665768
4041,0.09122035168207682
4042,0.06521452943703304
4043,0.07215822091903223
4044,0.06554391743046889
4045,0.06755683671369511
4046,0.049934744333217373
4047,0.07577716588323913
4048,0.06483267765251555
4049,0.10120222256951861
4050,0.06397412076683151
4051,0.11026253204439279
4052,0.08549129137694989
4053,0.05597530890292224
4054,0.07334173224758467
4055,0.08630665123927289
4056,0.056224971261936874
4057,0.08767761036953098
4058,0.07592726548385442
4059,0.07611213183260002
4060,0.07776589182130778
4061,0.09931981569578835
4062,0.0335587912489172
4063,0.07808773632215915
4064,0.06753516152328898
4065,0.08424629741803069
4066,0.08161468211815004
4067,0.08820082090155457
4068,0.05036679515954395
4069,0.0670897430344295
4070,0.06838469626461857
4071,0.058335379870612325
4072,0.10065404333244365
4073,0.04580357839286753
4074,0.05354401617052423
4075,0.06643082086985291
4076,0.10004397985301744
4077,0.0653737957420647
4078,0.09002021171852875
4079,0.08896945827661568
4080,0.07657598020775286
4081,0.03841814305291047
4082,0.09814825962849555
4083,0.07773340657921268
4084,0.07198685519172648
4085,0.060408240287591175
4086,0.09779647734145863
4087,0.08458766019152653
4088,0.10678073379383018
4089,0.10403374020086681
4090,0.09988548936159575
4091,0.0930906495104446
4092,0.07683787010802273
4093,0.07652955154694085
4094,0.10512467068955011
4095,0.059700583887481895
4096,0.09870801463592294
4097,0.07338350520983972
4098,0.09066489667141109
4099,0.05652068044247155
4100,0.07354347080603046
4101,0.09443017624753625
4102,0.10899172644299793
4103,0.09244509130518852
4104,0.05364076661493278
4105,0.11496930688263102
4106,0.06998862084123864
4107,0.029600511049657274
4108,0.029044963055691597
4109,0.064596980461749
4110,0.03610411899344673
4111,0.04072126539496629
4112,0.0876901869262039
4113,0.11459114513040458
4114,0.10500898078339893
4115,0.0698580591424055
4116,0.07282799377028965
4117,0.09940901827258491
4118,0.06772403808431599
4119,0.10842266398675571
4120,0.07971476431300273
4121,0.08426905166099208
4122,0.05414070277832295
4123,0.07621707474750794
4124,0.0872561019611705
4125,0.06235873152352539
4126,0.10336955528320546
4127,0.08614311885141063
4128,0.1182615636200886
4129,0.05147227406662025
4130,0.12632726074730743
4131,0.06063536031211303
4132,0.07516907767070424
4133,0.07647629395253475
4134,0.07830297372365641
4135,0.08376658630770994
4136,0.1150374375803423
4137,0.08023170221937004
4138,0.09471499325348492
4139,0.0768483064228545
4140,0.06491372483568214
4141,0.09971349398291124
4142,0.06310008162436598
4143,0.07831791021275003
4144,0.10227001260440505
4145,0.06842850067047745
4146,0.04854804483544278
4147,0.09025545414509595
4148,0.08146428252326515
4149,0.06603095233152295
4150,0.04524455687583051
4151,0.0961632686234491
4152,0.06876454880772642
4153,0.051522600364427074
4154,0.055051093591264366
4155,0.10465397885965999
4156,0.06502396288821521
4157,0.06713362797632727
4158,0.08065076887842826
4159,0.0615815820714678
4160,0.07111290402631915
4161,0.08987668236478763
4162,0.06291092894741185
4163,0.08272858860786592
4164,0.0989237990355929
4165,0.0574728760720809
4166,0.07785180409134052
4167,0.04789092677085727
4168,0.10353373497734153
4169,0.08746876319996477
4170,0.05264587816569555
4171,0.05984735855587209
4172,0.05864893237284108
4173,0.10211997589778787
4174,0.0814486413980241
4175,0.06132901838417443
4176,0.11435484293531711
4177,0.0998365968448483
4178,0.055248313553533546
4179,0.1294981644064317
4180,0.07094739853747989
4181,0.05062124245003058
4182,0.07632454355315765
4183,0.10968842607687262
4184,0.08873130767965642
4185,0.06980785101408943
4186,0.06671639741295299
4187,0.08056845743360075
4188,0.0897151620321569
4189,0.08506237852592502
4190,0.09185479053232459
4191,0.09525819001278729
4192,0.04879889209844657
4193,0.1168819251292903
4194,0.08349480715828506
4195,0.0834703677012032
4196,0.0901894061044679
4197,0.04166302683593737
4198,0.07790368788839053
4199,0.11106295894144252
4200,0.07656183635255631
4201,0.060893110867681954
4202,0.09404957991204221
4203,0.033871905062651475
4204,0.08386564150920539
4205,0.04471317150997689
4206,0.08276269876454534
4207,0.061453486309394734
4208,0.08322504607664821
4209,0.01853167603760625
4210,0.06042403397023627
4211,0.05655614596419262
4212,0.08633539459295769
4213,0.07896974217401537
4214,0.06093323839189557
4215,0.0862342427996759
4216,0.06399206959006043
4217,0.08308464429131324
4218,0.045731001328364274
4219,0.07353100179824013
4220,0.07293788760962405
4221,0.09873534024169217
4222,0.08091026843576204
4223,0.08007512751916318
4224,0.06508042426303667
4225,0.08276481175650785
4226,0.06718051443371437
4227,0.05875710575909965
4228,0.11824582389750898
4229,0.06907786300994523
4230,0.06019565455944692
4231,0.05804649277764784
4232,0.08465220415576208
4233,0.0560832609911317
4234,0.09339053696795435
4235,0.08146104107426311
4236,0.07552359924311541
4237,0.06300017812818498
4238,0.08515297283312706
4239,0.09776724326647279
4240,0.086486076190607
4241,0.06232540360545835
4242,0.10068922106036238
4243,0.09172046903235659
4244,0.08611658271611466
4245,0.04891760795311617
4246,0.09273873269671545
4247,0.03674663973126763
4248,0.061147125411256886
4249,0.0368881501803453
4250,0.07239618259907526
4251,0.032656144827598044
4252,0.06269634082097192
4253,0.07692524407103052
4254,0.08708710228533678
4255,0.05946813074700513
4256,0.07100020151435554
4257,0.08632202799414351
4258,0.11050983819604365
4259,0.06326824854331609
4260,0.09744537438980355
4261,0.11227727305669921
4262,0.0705817994703497
4263,0.08116552428956914
4264,0.08463230837764374
4265,0.07003188332048044
4266,0.11828287004261245
4267,0.06811474148458696
4268,0.1041500725365821
4269,0.05430099097397606
4270,0.031453233500212674
4271,0.08123142863216737
4272,0.08813829089463665
4273,0.12731304776886865
4274,0.04840129699353857
4275,0.0856895588068104
4276,0.05949204384723861
4277,0.06299609282339014
4278,0.08988796265960586
4279,0.06984171472425377
4280,0.126536399544958
4281,0.06881194271754132
4282,0.0812800647962062
4283,0.09725435070203936
4284,0.0804033037616062
4285,0.07168451781758
4286,0.06408435184637856
4287,0.05524279913790903
4288,0.04926985971818576
4289,0.08314974590475077
4290,0.06411124688349878
4291,0.06435220537509778
4292,0.09846660541427388
4293,0.09095654042478346
4294,0.09274307209615479
4295,0.07469159383979063
4296,0.07300490102682033
4297,0.05023580094493463
4298,0.08308332006300961
4299,0.03897407456343693
4300,0.0682327191498811
4301,0.054488943759416486
4302,0.08590018773433833
4303,0.08067704235452655
4304,0.05648778693785095
4305,0.07642693416202434
4306,0.08591118118484886
4307,0.06554564992990147
4308,0.05443531401257684
4309,0.05441525582488227
4310,0.09743965404642307
4311,0.07916032011492652
4312,0.06654121309382416
4313,0.10229980567972585
4314,0.0914908491738809
4315,0.07645301206185667
4316,0.1110187448611098
4317,0.053245777464760946
4318,0.06573307337924322
4319,0.05046848929237874
4320,0.08229009080743532
4321,0.1200307536127565
4322,0.06984148237177695
4323,0.07147999786290105
4324,0.071000354240912
4325,0.07380945198457572
4326,0.1076892568829581
4327,0.07839859796950904
4328,0.0702051722704129
4329,0.02766268020415158
4330,0.0707716874250407
4331,0.05656181636393054
4332,0.0992561232999658
4333,0.04439539307676327
4334,0.052577444584851696
4335,0.0694344385369065
4336,0.057360033456400616
4337,0.06042440954631684
4338,0.08405567357387128
4339,0.08185627432817277
4340,0.08672809711532031
4341,0.11024203275248218
4342,0.0789082160581171
4343,0.06203650289093082
4344,0.07417016400715087
4345,0.06703114121683384
4346,0.06557237525372173
4347,0.0724682376342532
4348,0.09452680911539096
4349,0.06738443586288428
4350,0.05369703946329729
4351,0.05989296416612988
4352,0.11151720043468039
4353,0.06785872987848274
4354,0.0683236361019447
4355,0.0414691074934167
4356,0.11103872461135916
4357,0.07953890412212611
4358,0.05376956396856475
4359,0.04055085783550427
4360,0.03987844090868797
4361,0.08284431028925521
4362,0.06666479500206574
4363,0.11469578694441607
4364,0.08828474455091412
4365,0.07505307331740213
4366,0.06632840730268963
4367,0.10013706851818183
4368,0.06645341733749349
4369,0.08680543193968049
4370,0.04410094726201502
4371,0.0916146643360814
4372,0.04780887242545118
4373,0.06446530296836755
4374,0.060183021186003105
4375,0.05108229349935023
4376,0.06104130493907789
4377,0.07074883124752873
4378,0.05780505353264953
4379,0.10780358887308078
4380,0.07244848395145231
4381,0.07902644553142979
4382,0.09970817259622167
4383,0.12894190789738386
4384,0.07131876679637061
4385,0.04495036411658759
4386,0.10515381594155859
4387,0.04962766450316225
4388,0.0483191992471762
4389,0.050519420824984174
4390,0.08392041257468702
4391,0.08050185254280268
4392,0.08965788662853519
4393,0.09157597975745957
4394,0.08676518479434625
4395,0.05851743738708309
4396,0.0634919659652528
4397,0.05725830701142476
4398,0.0442846348244349
4399,0.06421830415880053
4400,0.07711203818889473
4401,0.07811512355823275
4402,0.05867638308764905
4403,0.09333666695707904
4404,0.07243642649131976
4405,0.07016793665672438
4406,0.028781259374621282
4407,0.06412584611875727
4408,0.11113917132358164
4409,0.06275118826453663
4410,0.06527285123137844
4411,0.07077539436590813
4412,0.04674050867882651
4413,0.05015026678032397
4414,0.05273612950227147
4415,0.08836024672361698
4416,0.1052883895430951
4417,0.08579212588823293
4418,0.07471892893753174
4419,0.12723796370208967
4420,0.0929571105066761
4421,0.07350105537434787
4422,0.06482485194779114
4423,0.07938897294745872
4424,0.052549796804057136
4425,0.06478708201952554
4426,0.07864099487746035
4427,0.07180959419416472
4428,0.05467092529987416
4429,0.10325439581466134
4430,0.08083864457705403
4431,0.0850477556701063
4432,0.06634370303714693
4433,0.04719821660362766
4434,0.05940990316240452
4435,0.08903891572330203
4436,0.07291652650854957
4437,0.0963853951069722
4438,0.08449580093670855
4439,0.0863183079987071
4440,0.08262013984749811
4441,0.07953773885560428
4442,0.058452369667390425
4443,0.08621203726623505
4444,0.09977198423472217
4445,0.10367785642655258
4446,0.032730342455167705
4447,0.07590778450739966
4448,0.04379456978975299
4449,0.08101485807675635
4450,0.047994403865714574
4451,0.08238799167477923
4452,0.08352828217375441
4453,0.05941882863777681
4454,0.05899842193418903
4455,0.05862480149621213
4456,0.08010987919699675
4457,0.0991693426234952
4458,0.06933710305397894
4459,0.06014961254571083
4460,0.06951265604028123
4461,0.03625674919668759
4462,0.06870832724689507
4463,0.09059149828021695
4464,0.07301070497191692
4465,0.10016715966217699
4466,0.06171979516048559
4467,0.09906995360660387
4468,0.0848465833446892
4469,0.06440241996000146
4470,0.05837532186835859
4471,0.08259213160689094
4472,0.05222147696838947
4473,0.06787194503719624
4474,0.033175352459180685
4475,0.0630056426757506
4476,0.10517605066817215
4477,0.0743673405476396
4478,0.10131752928351911
4479,0.0888209963720798
4480,0.06592788951918249
4481,0.1004049358927942
4482,0.07428272795841168
4483,0.04970703368462992
4484,0.07237224482422844
4485,0.07605620659909512
4486,0.08865061779654165
4487,0.05336548517426737
4488,0.09897098398605314
4489,0.06147151077932489
4490,0.05121369218900346
4491,0.09072895467012021
4492,0.050365859219845044
4493,0.07368947810388715
4494,0.06865882168446008
4495,0.06889262438338739
4496,0.08160339604619171
4497,0.0705393554642958
4498,0.06482794514156304
4499,0.08335090922469635
4500,0.09161939662817203
4501,0.08363227143801816
4502,0.08004556064104967
4503,0.10017619838071234
4504,0.059382989669505115
4505,0.06642030485181205
4506,0.07604232260764754
4507,0.08063549512892759
4508,0.07071238725412504
4509,0.06811092983834977
4510,0.0300123269211256
4511,0.1125910662545403
4512,0.09983669560054309
4513,0.06007212719828542
4514,0.06986541238644939
4515,0.11657478900949308
4516,0.0721471258051663
4517,0.09137649372754042
4518,0.04963953766610407
4519,0.08839146792518249
4520,0.07950172984355114
4521,0.06757781666258467
4522,0.07927103450545098
4523,0.06682579417085943
4524,0.07488262851508787
4525,0.0502810096760668
4526,0.097072660465914
4527,0.05540942127682713
4528,0.1253101724691183
4529,0.08641324569595099
4530,0.10369704125273338
4531,0.05065343846320708
4532,0.059591229076396024
4533,0.07439094359610038
4534,0.06959689870469815
4535,0.07308589176604707
4536,0.08772756508889906
4537,0.05369733794458176
4538,0.060898167177316775
4539,0.06676475618394917
4540,0.09161451839528534
4541,0.06868107630067666
4542,0.04304149725316453
4543,0.05968901996697934
4544,0.08563828204187324
4545,0.05073636041081381
4546,0.07813634397529423
4547,0.08107389523464076
4548,0.07122463710421817
4549,0.0889959572660523
4550,0.09911098548672803
4551,0.05696453883598701
4552,0.06842053778357193
4553,0.06969494704291068
4554,0.07453641918257031
4555,0.06093736929953614
4556,0.06041232308053851
4557,0.08370374511445022
4558,0.074396277100377
4559,0.06368848727141607
4560,0.08022067317068227
4561,0.06250869993582153
4562,0.04690580116801474
4563,0.06923928197256801
4564,0.10979349899814306
4565,0.05780646106154702
4566,0.10502847843578239
4567,0.1325908166216409
4568,0.04551547556414559
4569,0.09009891088207195
4570,0.08612220038325474
4571,0.0761500155825019
4572,0.07507055755302566
4573,0.056816877205386807
4574,0.08151951924976297
4575,0.08684495415460175
4576,0.07593873765144665
4577,0.09050822666233765
4578,0.06956714527546659
4579,0.07115996080788345
4580,0.04057426020316418
4581,0.07816948662190615
4582,0.09616637687439977
4583,0.0929162246933865
4584,0.07412113240942392
4585,0.09223377625307383
4586,0.10573279774395566
4587,0.07963055050925799
4588,0.09584538212020477
4589,0.08551469608174167
4590,0.05299855157360506
4591,0.02921016316215308
4592,0.054082192877426716
4593,0.08847879993977609
4594,0.11227771606878179
4595,0.06366484497997021
4596,0.04587362539933104
4597,0.07031015113226469
4598,0.07294416689629474
4599,0.09711766956403184
4600,0.06136422558123239
4601,0.05801861606999248
4602,0.07268584906549974
4603,0.07892525560125563
4604,0.03511687113162887
4605,0.07703607780700295
4606,0.10841577339285224
4607,0.09826811891040815
4608,0.10707492835543347
4609,0.11023510389124697
4610,0.07623336016689186
4611,0.08249822142656366
4612,0.07270994731709174
4613,0.04712736208332019
4614,0.07438621241262866
4615,0.08760275166205639
4616,0.0686824644454111
4617,0.0677309181542648
4618,0.04853905513246748
4619,0.07991549771483175
4620,0.05765793982898354
4621,0.06413084814227982
4622,0.07064889085980958
4623,0.06553301224367974
4624,0.09547801017079954
4625,0.09780155992868123
4626,0.07176208325674377
4627,0.047448539801685785
4628,0.08287919312135122
4629,0.06876444048291608
4630,0.055800313455815875
4631,0.04790966618667669
4632,0.13270164512712257
4633,0.08094892555259325
4634,0.07762810928138875
4635,0.09521590283355824
4636,0.07007824969463655
4637,0.09776829796722053
4638,0.0650813358883347
4639,0.11415940026431504
4640,0.05803064888161463
4641,0.10464519325276661
4642,0.08524375706179599
4643,0.07636927108615732
4644,0.0955708728235185
4645,0.07399254953889695
4646,0.08018790957693311
4647,0.058388962555309565
4648,0.07388854691346541
4649,0.08928502454352283
4650,0.055720991102433726
4651,0.1003155153681139
4652,0.0874240390967666
4653,0.059566323024078216
4654,0.06158900788201366
4655,0.07637713028632737
4656,0.08385434578758383
4657,0.07062768106868533
4658,0.10616523565419761
4659,0.08362718509247247
4660,0.08128390473967384
4661,0.06682087236356682
4662,0.04630884979692712
4663,0.06569958292238526
4664,0.08663124694245916
4665,0.06600638644133738
4666,0.07498351341298892
4667,0.06869070850586967
4668,0.08493826982228458
4669,0.1391176955154222
4670,0.06357848996576065
4671,0.0894343084305616
4672,0.07291484762780215
4673,0.05463989483810405
4674,0.05706233621180906
4675,0.06478739891033158
4676,0.06832513008981883
4677,0.036969140504444276
4678,0.08177410118638867
4679,0.075941777009702
4680,0.09794630289864564
4681,0.07389826079443207
4682,0.07850816753011802
4683,0.06665590009153277
4684,0.07823133358589707
4685,0.07825363510770267
4686,0.06553838095662312
4687,0.07172022912726078
4688,0.09635898573773849
4689,0.061027206122864386
4690,0.053753792428585356
4691,0.051919681598775635
4692,0.082401025281091
4693,0.07108574234220383
4694,0.05002031614090369
4695,0.036938385561702924
4696,0.1089541615017049
4697,0.11147777075884902
4698,0.08209108607496707
4699,0.09980106757558416
4700,0.053210237734916455
4701,0.09923016648258409
4702,0.05476554133870315
4703,0.043916645717246405
4704,0.06709450117164961
4705,0.060943701210796286
4706,0.05666170657814312
4707,0.03872538310992879
4708,0.05984783607130573
4709,0.05912518133448735
4710,0.08787434068121658
4711,0.07750366219916333
4712,0.0933691874999889
4713,0.09034028830277929
4714,0.07504976012762371
4715,0.07333567517131817
4716,0.05356809361554804
4717,0.09206325553227107
4718,0.13504124955862445
4719,0.07819827066141238
4720,0.08630183668535235
4721,0.08709874531387907
4722,0.033217280637568014
4723,0.0994946626570089
4724,0.06849379744344292
4725,0.07170569947771233
4726,0.049943400367517266
4727,0.07483957640098177
4728,0.061156298895492456
4729,0.08386693872707301
4730,0.0665805548837568
4731,0.11783059913074179
4732,0.06965120667397423
4733,0.07320337752115663
4734,0.05529677992989113
4735,0.046430217774983906
4736,0.0874680951658301
4737,0.07608625790660539
4738,0.07514131980325739
4739,0.07859477890011857
4740,0.06013446101956199
4741,0.05356580595883226
4742,0.06296192138785262
4743,0.02291527774577734
4744,0.06397551125612855
4745,0.09987841788061641
4746,0.06850397229877458
4747,0.07647515679176164
4748,0.05278884082469948
4749,0.06228066991427439
4750,0.07070313721931976
4751,0.06624626774511094
4752,0.06602835923388028
4753,0.08933780690509724
4754,0.07153512314640809
4755,0.08553166756327579
4756,0.08276768696050463
4757,0.08825702955139153
4758,0.0783106284592523
4759,0.06853997681152169
4760,0.07159326031683982
4761,0.05389918128891602
4762,0.0684583925882053
4763,0.0965292216133452
4764,0.08099483785971606
4765,0.07375334741942025
4766,0.06745734303138762
4767,0.10928896530111021
4768,0.07150833895828096
4769,0.08017546432943717
4770,0.10867616003438557
4771,0.06652066753901109
4772,0.07958047311036043
4773,0.08133456344847872
4774,0.03386977411868142
4775,0.07876186063772522
4776,0.1029501733496695
4777,0.09234236634229132
4778,0.10506064212644056
4779,0.0711105372783658
4780,0.08177144607324771
4781,0.09708988486935782
4782,0.04065454420813047
4783,0.0708052864962243
4784,0.09442319956958534
4785,0.06852136444301266
4786,0.08931832511445231
4787,0.08924412985637947
4788,0.026673285818390458
4789,0.05859863404001636
4790,0.06265142610832686
4791,0.05968772803386574
4792,0.11237595210755241
4793,0.08478408602932985
4794,0.0859058537717739
4795,0.06810436305064088
4796,0.08818141635578636
4797,0.05948513224868268
4798,0.07141555688884377
4799,0.07415966586969891
4800,0.11911989227728548
4801,0.05724157260835777
4802,0.07875064283640809
4803,0.06881387073587703
4804,0.09175282306848775
4805,0.05178092838244097
4806,0.08726752327863352
4807,0.07480669666936052
4808,0.0708100184906319
4809,0.06396459110116359
4810,0.07250115888409109
4811,0.08370292959026226
4812,0.06637461844775205
4813,0.062061819332924206
4814,0.08218182661770557
4815,0.07060820355737107
4816,0.06833059001001701
4817,0.10689616910143579
4818,0.10528964792259277
4819,0.061852456732874594
4820,0.10233551761718851
4821,0.08231797826913939
4822,0.057119882422569435
4823,0.04683725073469558
4824,0.03609219087602039
4825,0.10599866888699849
4826,0.0502386810178902
4827,0.07333480161285277
4828,0.07078373178081859
4829,0.042195186199848966
4830,0.09507817594666257
4831,0.06947617088366198
4832,0.0741589654633133
4833,0.0194378685271695
4834,0.049869816679091794
4835,0.0914013265274618
4836,0.10956578273971046
4837,0.07656928783514438
4838,0.09978559746622434
4839,0.10097099695862805
4840,0.10515479366801833
4841,0.08278999947992777
4842,0.06805736519953443
4843,0.0746203747884841
4844,0.08347014986257628
4845,0.08267420968148564
4846,0.0775141409138374
4847,0.0395365583028357
4848,0.08945792143565678
4849,0.1101510558637902
4850,0.09215836089772461
4851,0.09839912320140509
4852,0.09634217609272056
4853,0.10118013208662202
4854,0.07207606663554617
4855,0.04406308878679138
4856,0.06344378775100479
4857,0.10566641980880115
4858,0.062137600229427936
4859,0.0878689212162499
4860,0.07129534048468861
4861,0.07609664118798215
4862,0.06308569859971747
4863,0.08272153602722593
4864,0.1074621603935163
4865,0.11533665452083897
4866,0.05310786345525498
4867,0.06665777458675842
4868,0.08106182029646442
4869,0.08952170367579165
4870,0.0498695886315636
4871,0.08477397433711154
4872,0.09394085088930876
4873,0.07961879450178078
4874,0.0766053543971934
4875,0.04092376792245872
4876,0.06252290510154207
4877,0.07835756498555829
4878,0.06847095944077286
4879,0.039367660988655406
4880,0.07960869675126447
4881,0.08571464087305192
4882,0.07073544980575724
4883,0.059901609402068456
4884,0.09488851335585297
4885,0.07435421688628674
4886,0.09665528019225622
4887,0.05446666471924122
4888,0.08378271753383837
4889,0.0379455426358547
4890,0.04217658094847382
4891,0.06834111604594845
4892,0.08604980555108432
4893,0.04851092053211481
4894,0.06421866086011896
4895,0.05162266703229812
4896,0.06785498044068111
4897,0.07991875256874548
4898,0.044418754707772345
4899,0.04633804002465286
4900,0.09691368458279492
4901,0.10517348460153264
4902,0.031849264480501294
4903,0.09321440823715471
4904,0.0724043903701781
4905,0.05638206175313376
4906,0.07497462502791835
4907,0.05065165559133533
4908,0.0700534081452095
4909,0.08143966214614479
4910,0.0732385159811621
4911,0.12172885627450458
4912,0.08519395772950278
4913,0.06426633632901563
4914,0.05229086163732438
4915,0.08966128499551168
4916,0.055166271438412906
4917,0.08143761335850014
4918,0.11840538604080458
4919,0.0927292687111787
4920,0.11301774448396884
4921,0.08808849571489541
4922,0.045824751053882506
4923,0.0820353658966817
4924,0.05110120041579563
4925,0.07093823799625404
4926,0.037924753628588936
4927,0.11859512520182608
4928,0.12594910731739456
4929,0.05749857032641792
4930,0.030275236683541873
4931,0.07765578746412555
4932,0.08217432750602383
4933,0.1007526787026427
4934,0.06153050901293744
4935,0.05350008815753876
4936,0.053888103572019286
4937,0.08493960292918784
4938,0.09960302883096295
4939,0.06442357017355144
4940,0.06386482322666659
4941,0.09929703971355308
4942,0.04482635219063086
4943,0.09839126376893037
4944,0.04387000386599288
4945,0.051909892711326455
4946,0.05648045369734922
4947,0.05699333915315785
4948,0.0707348651007913
4949,0.05486876391065887
4950,0.05329507402093209
4951,0.07532388402828105
4952,0.08749499042696796
4953,0.06563433809879865
4954,0.0837719376294096
4955,0.10970071911375906
4956,0.09189385267696948
4957,0.03832922633110164
4958,0.07552266225513005
4959,0.0642988030152456
4960,0.0683600586397472
4961,0.07474349144537412
4962,0.06847188357940137
4963,0.11551250883476172
4964,0.06616859136442832
4965,0.07746233873244074
4966,0.07972366767375316
4967,0.08749717369557364
4968,0.07625253210581118
4969,0.08540355293260338
4970,0.09072833492913818
4971,0.06415545668635309
4972,0.09583219796357162
4973,0.0728099774706279
4974,0.06533529482734679
4975,0.09018849679463053
4976,0.059896001433679624
4977,0.06946179225773141
4978,0.08126518722073395
4979,0.05415164003182882
4980,0.06719212379201939
4981,0.10444033769145072
4982,0.11073318867894089
4983,0.08522700444879777
4984,0.09170100052412383
4985,0.06604842509066217
4986,0.06693729769602358
4987,0.06078292313770761
4988,0.06883959744168128
4989,0.05164121384188192
4990,0.07233732950128602
4991,0.06116605371060341
4992,0.08613691439119042
4993,0.07543107502941765
4994,0.09516756892228462
4995,0.040086169442226705
4996,0.06254159827472766
4997,0.0639931298191439
4998,0.07330152042434535
4999,0.060916634403597625
