bootstrap_id,delta_svm_minus_mnir
0,0.1343289077184071
1,0.2175988264135839
2,0.20234987846098057
3,0.22337020547772923
4,0.14685597720048743
5,0.1802327618936243
6,0.16235262711450582
7,0.17694168090126322
8,0.1461326322957845
9,0.18594571353028067
10,0.17906209084907865
11,0.12351546833305571
12,0.1680950438416708
13,0.20290510945104417
14,0.2179473582755872
15,0.19630781342078285
16,0.14296354800360372
17,0.13323206408664978
18,0.19711442993729905
19,0.19320157215240324
20,0.2290365740001849
21,0.18421028050649363
22,0.15518162811641684
23,0.14210922114898183
24,0.1574832088610481
25,0.25959359900181767
26,0.147254931289659
27,0.12456675523560706
28,0.15275966267031232
29,0.19632188932596378
30,0.2588473047495909
31,0.24132495952212268
32,0.2013075324539984
33,0.17703456680142765
34,0.23226078432505293
35,0.19892767083043544
36,0.14863749435102885
37,0.19446174377681336
38,0.155377870991324
39,0.16866020499745943
40,0.17762832690547514
41,0.19915879428189182
42,0.21115384374371032
43,0.22053256373925334
44,0.16046748429684765
45,0.26362332023848495
46,0.18507879705205793
47,0.2783148979097642
48,0.17022936747309297
49,0.1609971976442664
50,0.2170799604548222
51,0.17055045109669387
52,0.20564122508281424
53,0.21253272012066704
54,0.24474608026796246
55,0.1710681477838737
56,0.22888285199110214
57,0.1898468850727837
58,0.21256628620467027
59,0.22189840186248783
60,0.12107395507197649
61,0.16393960875541358
62,0.19590174178686248
63,0.13462683810163117
64,0.17809841369839324
65,0.19945491384291753
66,0.150045221808427
67,0.22255793083519543
68,0.1655392466161747
69,0.23835741646069125
70,0.20742642763878189
71,0.15693908954194874
72,0.15522447632950243
73,0.2230688471008932
74,0.28938159112982
75,0.15792649416858023
76,0.16532089207736195
77,0.22833472024513612
78,0.2924947340049184
79,0.14627085980771815
80,0.1689937273979914
81,0.12373170103207903
82,0.19735444847680977
83,0.2932039070270021
84,0.16395111657980943
85,0.2294460814146465
86,0.23959630040569985
87,0.16513670203846542
88,0.20901992748728532
89,0.18913064803848528
90,0.12617134823324133
91,0.1914634919606803
92,0.2032016920571013
93,0.2523469974772986
94,0.19676141630604882
95,0.17450368543523437
96,0.21668444566452522
97,0.1488919233794011
98,0.23286764881584082
99,0.22220433783806642
100,0.16959473842933076
101,0.20917696639303146
102,0.22806461473161044
103,0.2329840984948191
104,0.15509248763937267
105,0.141475560385388
106,0.15480202508079516
107,0.23510002388490175
108,0.2027143943537374
109,0.24145361686108702
110,0.2104170438234031
111,0.17141447750763233
112,0.15762829595216427
113,0.26326217527191126
114,0.23681426573230818
115,0.17810580197667053
116,0.24156461415535968
117,0.1862199956690056
118,0.26825699520624197
119,0.192811966764172
120,0.2000466717366437
121,0.1953673097746696
122,0.17061755182181637
123,0.23163217426210186
124,0.2570294238023964
125,0.26492415843717537
126,0.22206733929938632
127,0.1925117241677472
128,0.213059591565178
129,0.20041774466071016
130,0.16964226346256522
131,0.12766013412152027
132,0.194715103642986
133,0.15503440416184333
134,0.17831295563135702
135,0.20826614127740223
136,0.20173226631770808
137,0.16942188121969576
138,0.20339204241789804
139,0.16759534744316013
140,0.18203734764189855
141,0.23787730571866444
142,0.1971910967883856
143,0.15961670480929369
144,0.22575818814839554
145,0.18278594068581144
146,0.19955869390069508
147,0.15263426435771843
148,0.1326160823101455
149,0.2213867466143094
150,0.16054818460100256
151,0.22292282524656948
152,0.2176137766286948
153,0.1357236347514632
154,0.17961560964543727
155,0.15211204371746812
156,0.1983768252457495
157,0.19654721022918797
158,0.14332078673688553
159,0.19660896889209178
160,0.13319091035477348
161,0.2421802383946961
162,0.13889755460428455
163,0.15829755367437232
164,0.206982956462811
165,0.21220169677658002
166,0.1470430149765412
167,0.15068043447364615
168,0.1264928369121841
169,0.14425780540837696
170,0.1601126863235573
171,0.18943033334850218
172,0.17016778010562594
173,0.2157117959382419
174,0.17124737657839667
175,0.1582909199737354
176,0.20235127213297222
177,0.1958291823296498
178,0.16137932960064266
179,0.23668848399036485
180,0.22290888544935528
181,0.17974189854997719
182,0.21413848788744733
183,0.13250142530378906
184,0.16759151761389335
185,0.19095908176806453
186,0.17326283875309334
187,0.13118413792958783
188,0.19519011607363718
189,0.18462362229012524
190,0.16188365137922173
191,0.1721788953825098
192,0.19119959345903825
193,0.11822468045252926
194,0.23526479329774075
195,0.2500470199266817
196,0.18951000665798717
197,0.19338254940855376
198,0.21371306640458715
199,0.172468481412059
200,0.15828919159185406
201,0.14882917400962004
202,0.19680920950522324
203,0.19175024125005097
204,0.13715784262545322
205,0.1182646426019644
206,0.22172208417885553
207,0.17424509860179155
208,0.15709274910452437
209,0.20511559327197798
210,0.1910348094121383
211,0.20314306018864953
212,0.21992151877146643
213,0.26887213761833145
214,0.1729348351066622
215,0.20961044575251997
216,0.16585195229057964
217,0.25156614156060036
218,0.18229747156059894
219,0.19865608306254223
220,0.20204413340078614
221,0.19054507006075766
222,0.171864367652178
223,0.16563852405977847
224,0.2050347270843042
225,0.24760870173964722
226,0.21542144555117265
227,0.19209427707006904
228,0.1470213710301963
229,0.19919188861761739
230,0.1576617724880029
231,0.1860140514306064
232,0.19727881359484817
233,0.1780170243876546
234,0.18316463530862653
235,0.21760995765750824
236,0.18509614156927234
237,0.1267485383693241
238,0.21378161868659556
239,0.21696864105327107
240,0.21293863755889492
241,0.19061565241937067
242,0.1719298659965705
243,0.1431649536868685
244,0.16964869787585762
245,0.1884915986407722
246,0.23619292284984544
247,0.1337699404796176
248,0.18021538081953492
249,0.13684380721539152
250,0.19231429451066
251,0.16475101077312632
252,0.1694027542489175
253,0.1806422804364763
254,0.1364405200339911
255,0.14469685742456478
256,0.12955870647705658
257,0.16910321866199896
258,0.1881684424233731
259,0.2424866370049531
260,0.19322977295073573
261,0.15128900756434976
262,0.15555280216044104
263,0.20854998025370136
264,0.1796716314241648
265,0.2436551156394881
266,0.12901497881946578
267,0.14620937308248227
268,0.20328646121112132
269,0.1603839668164591
270,0.2459283511031426
271,0.15970533717928853
272,0.18507717386975148
273,0.18744897575463648
274,0.1578886005104675
275,0.21386685804352362
276,0.16704731029086323
277,0.18434924172624445
278,0.21524966165677706
279,0.17219756825528076
280,0.2543653193822056
281,0.16631663764615456
282,0.1385339143632236
283,0.19582595976428196
284,0.22692499995884324
285,0.1708060065860041
286,0.1890285494606781
287,0.13367660360083938
288,0.18330655408010937
289,0.16217485944781262
290,0.16513178077328278
291,0.21733052636062616
292,0.1362638585308628
293,0.14135586836959274
294,0.23377394826191938
295,0.20600421606913494
296,0.12080903678937432
297,0.1839956851741314
298,0.2130566140902896
299,0.18904929019693378
300,0.18521351687844906
301,0.18862694681920006
302,0.1608364483089963
303,0.24747254607921026
304,0.22118553006022446
305,0.1925276315881594
306,0.25875826240436833
307,0.18006508103199426
308,0.17849186225011932
309,0.18165934546047646
310,0.1677926886724977
311,0.242425819931613
312,0.18102935824974448
313,0.18170760539068398
314,0.20612007997659243
315,0.21169909541891657
316,0.1834138627656441
317,0.23973842988984523
318,0.1758476347342987
319,0.12966609562366788
320,0.1839389752447375
321,0.22885727193008015
322,0.17840379702114034
323,0.21418244635896694
324,0.19406766006628134
325,0.15624275682618632
326,0.2555974693336871
327,0.2262860914618937
328,0.21854199187239348
329,0.1896210976540646
330,0.19358409342399702
331,0.14603725940816248
332,0.17736538861308232
333,0.23826163802614203
334,0.15433711212091372
335,0.2029209330038967
336,0.1810754941351404
337,0.14572110440116343
338,0.16169154096438987
339,0.15396469805802088
340,0.17616825929279317
341,0.1639210448388156
342,0.1911626988274669
343,0.14704919700951985
344,0.1815608425024478
345,0.1830924094853057
346,0.2156927587795356
347,0.2382818520180201
348,0.22729839724051376
349,0.24152501762314366
350,0.22428623234399747
351,0.2244070051072823
352,0.1698182917182423
353,0.14502468994387363
354,0.15150970822773419
355,0.18454053110882845
356,0.23152210026392284
357,0.18680331587134363
358,0.23298442063122182
359,0.21594182241015736
360,0.15886495999766748
361,0.14340487527042728
362,0.23021264114078377
363,0.19846796810012074
364,0.1443196704230953
365,0.22508142015106697
366,0.21213533591589773
367,0.18545615957693234
368,0.19754587288592157
369,0.19419605238367083
370,0.13934652744616943
371,0.12633159802111243
372,0.1867645633899388
373,0.1410253517710659
374,0.2929733004278817
375,0.11261930544799192
376,0.11862529514495113
377,0.20093768502316112
378,0.17504662255347814
379,0.22537260793715103
380,0.1253376698900825
381,0.17096934855111434
382,0.1508122099122549
383,0.20947105740080846
384,0.20542560584949704
385,0.15281783338637744
386,0.20065281427568976
387,0.2181971604361565
388,0.23164426237739805
389,0.12645864190905926
390,0.1312192917313037
391,0.23835918933689265
392,0.18273741658091852
393,0.1261846137647477
394,0.15925357558614495
395,0.19789439754413418
396,0.19944301241914525
397,0.17458668143677947
398,0.172859884080297
399,0.19556720537963296
400,0.19799885716786875
401,0.18986560301576982
402,0.18207111036221407
403,0.22868402638701385
404,0.12864788180853132
405,0.19674483671656812
406,0.16648803265915746
407,0.15725269325863966
408,0.16099037208893613
409,0.13393322867403218
410,0.14242515697336466
411,0.14635688710780598
412,0.19316934070824038
413,0.18711500947203646
414,0.19603161082085374
415,0.19965259482736736
416,0.21140208911922215
417,0.21580565213763986
418,0.2028324598369885
419,0.18095942123404446
420,0.22245557539322025
421,0.16905864149997585
422,0.12207566805702014
423,0.24630133146676486
424,0.17180392622478596
425,0.21164045885724975
426,0.17642433469045854
427,0.1567951239142294
428,0.1947367651100836
429,0.1802316448535521
430,0.13884845903314402
431,0.18848890833323834
432,0.18912956514790918
433,0.13178030077342612
434,0.17913727231286086
435,0.12314946191758297
436,0.2130671720052434
437,0.15280781065229715
438,0.1606964566782041
439,0.20509433024291857
440,0.19285032789646428
441,0.19736440870683886
442,0.21293710680839217
443,0.19905813550376877
444,0.24720454173413675
445,0.17955871237578486
446,0.1617508088419647
447,0.1632138388088008
448,0.21524762653732454
449,0.1756994124004862
450,0.14774193629279325
451,0.20477378647026706
452,0.1819257666844175
453,0.17346441901523507
454,0.16196567743298657
455,0.14535082895366164
456,0.18880901387524535
457,0.20532805733980147
458,0.1197164577960691
459,0.2039524220070988
460,0.22261344230121582
461,0.1269266675076281
462,0.16661872637971437
463,0.13071148296822527
464,0.22840790692155183
465,0.17186384629084012
466,0.17217314932766686
467,0.15599684902492789
468,0.18325439373284186
469,0.18818274392082185
470,0.11911900060472136
471,0.19666642971984616
472,0.13050701546479176
473,0.1649261852008767
474,0.2142627420881576
475,0.19328485746080676
476,0.17959168110208706
477,0.15389341903736325
478,0.16532066080169733
479,0.15284649197333938
480,0.21982236433255414
481,0.2062616418207529
482,0.13734314633950062
483,0.15132443903779252
484,0.22231200317443017
485,0.2217953222165237
486,0.2295051281546357
487,0.22107577415676422
488,0.21707697593238745
489,0.18765753658709838
490,0.20814414883542337
491,0.2383199867921672
492,0.21620157334310053
493,0.14008602505534357
494,0.21005121402025367
495,0.21098530220144524
496,0.11451720110976027
497,0.18724477188936445
498,0.1932637147643947
499,0.16886334681670107
500,0.2161744732925332
501,0.19327511947686327
502,0.19816276550385864
503,0.275400246717323
504,0.20426680517579238
505,0.2022519917466289
506,0.1756068678218426
507,0.1601836076699386
508,0.20766975279411776
509,0.2191769009469428
510,0.17909731221892472
511,0.18808097443446475
512,0.15671450133932613
513,0.15888204786425036
514,0.23696249595447838
515,0.24173177536332713
516,0.1893975209795314
517,0.1776360273361796
518,0.15581457686386585
519,0.1598214060328974
520,0.19040796796920711
521,0.18519878864847356
522,0.17721702622738317
523,0.19360054911152497
524,0.14638798695562638
525,0.18968792992545358
526,0.21467293925240705
527,0.19632858711334866
528,0.18713992163235932
529,0.20164587240269455
530,0.1826500397565584
531,0.24109960270819225
532,0.25028484783824234
533,0.19519904534915022
534,0.23139332280689573
535,0.2294143235960689
536,0.14665218996306162
537,0.12231918041932777
538,0.15719176837051202
539,0.1760304300202472
540,0.2132493980178543
541,0.15465504839424477
542,0.20109066072286091
543,0.13499166524277317
544,0.19627543864950936
545,0.25230272770552387
546,0.2082832645555444
547,0.1418534901729281
548,0.18357046912079417
549,0.16878627512040528
550,0.18014113842728868
551,0.24072188201725803
552,0.18821047164734872
553,0.22062289750018615
554,0.1595148903309263
555,0.17217097132517878
556,0.22444565299577474
557,0.2357550700638386
558,0.19360725419803504
559,0.14903811470511968
560,0.19477120515006952
561,0.1523556086512527
562,0.19493463735037603
563,0.26701370980754646
564,0.15869810251392974
565,0.18322765673306646
566,0.1898135637838752
567,0.23602086800791244
568,0.19666134236884258
569,0.19849330928950643
570,0.19467048422754274
571,0.20374135307875257
572,0.14566881288806072
573,0.1279481360295101
574,0.22673300249904066
575,0.16018017325347322
576,0.12051628536675135
577,0.2182060750396616
578,0.20532653558106878
579,0.21379298144654607
580,0.23716490968910753
581,0.17365804846209765
582,0.14453476173271118
583,0.22413426405552772
584,0.17833106208401556
585,0.15246406273883217
586,0.11857954178856439
587,0.21162347897307682
588,0.20951442103525159
589,0.18254479000384694
590,0.18559745094697178
591,0.23596158352706192
592,0.25968011123773305
593,0.21084936319547992
594,0.2508517609006278
595,0.19343823606811916
596,0.19781687057573372
597,0.18178686339476335
598,0.19231354140765938
599,0.16199192200051676
600,0.20037987450200445
601,0.17524493472972913
602,0.20386022554251937
603,0.19028971251257526
604,0.16958475523317834
605,0.14316246972826824
606,0.21125186892394648
607,0.22272990161831252
608,0.20145643205361813
609,0.20168554618918028
610,0.15871624544376717
611,0.14630795700770777
612,0.15884383546974734
613,0.18252666046159388
614,0.13989768589043555
615,0.1938294553134317
616,0.12741397985061942
617,0.16281549146990987
618,0.15867619638779323
619,0.16101819024305314
620,0.17511140806150882
621,0.18001865256708055
622,0.21757737133015492
623,0.12964656023406523
624,0.15316417708022467
625,0.19442768955145573
626,0.20352851438232517
627,0.19647504697851054
628,0.18222663075631185
629,0.19116483373840537
630,0.2047621215540194
631,0.15469030751126706
632,0.18063938915518724
633,0.1587024000633222
634,0.17113166319427142
635,0.20318509107525873
636,0.23743609889930473
637,0.15702982887978978
638,0.18547747067031256
639,0.188454097831323
640,0.16616789958154193
641,0.15471534385012392
642,0.15997345447449618
643,0.1376895432217809
644,0.2112081750171455
645,0.1758101863171858
646,0.12463256344237106
647,0.14110910541686505
648,0.19493746470176
649,0.20371639435570799
650,0.2051366591448674
651,0.1718277215912925
652,0.18867210683385344
653,0.1789820552961413
654,0.1960867861388143
655,0.12268065767961783
656,0.1107508739277489
657,0.12700757080365027
658,0.1889033140783522
659,0.18346471445978313
660,0.16515301836817814
661,0.16941569414757046
662,0.1633455656666108
663,0.15769054209989308
664,0.186311878227237
665,0.17713853172979144
666,0.24720798048036147
667,0.12108087770497516
668,0.2557363787902696
669,0.12883074267108974
670,0.1855644824702855
671,0.12488388201952444
672,0.19470321679309605
673,0.17740334725420442
674,0.23992489350656904
675,0.17167987527422351
676,0.1913265484219162
677,0.18791635364104275
678,0.22427632639915585
679,0.21121405895094209
680,0.15842680545530335
681,0.2652938676050948
682,0.25263213645896515
683,0.19919680896020864
684,0.1708259457947066
685,0.20113078637423187
686,0.20260541494832285
687,0.20628227470793437
688,0.16539589231484497
689,0.15948395967190127
690,0.16939263577788666
691,0.16560497767570953
692,0.12898357096899588
693,0.1924732572856332
694,0.18841820300708434
695,0.15350807266565475
696,0.20979208208925143
697,0.20736320828497373
698,0.18520077727130585
699,0.1588587311041798
700,0.18586756469501797
701,0.11612901808192205
702,0.18384676018233054
703,0.1462374657498386
704,0.16578726591763449
705,0.2225077561919137
706,0.21170281143307518
707,0.21388776922792807
708,0.15472489047054266
709,0.12639819838923472
710,0.12154607672118184
711,0.28458558668570993
712,0.18128640553022646
713,0.16350178905267937
714,0.12048425712817273
715,0.12596442308393968
716,0.1751155419446465
717,0.23666906137045224
718,0.16062991941356147
719,0.20750593530784728
720,0.25657770858386286
721,0.17696604782006242
722,0.12414775709366516
723,0.20377685347252078
724,0.18983334309579358
725,0.21734880073631713
726,0.139690732061847
727,0.20090570711192396
728,0.23408268342387872
729,0.16986655836427705
730,0.15830583681392796
731,0.25096661960378636
732,0.15550385379044668
733,0.144216244832174
734,0.12356656705974223
735,0.18856073636796483
736,0.13607773329029021
737,0.2676427696781541
738,0.2001244909499807
739,0.1778746097965661
740,0.15966267720655614
741,0.21375353797472368
742,0.23802505983585842
743,0.10694238812441775
744,0.22587416974659258
745,0.21237879336360932
746,0.21436536673113576
747,0.1383921731625276
748,0.1787379083790791
749,0.13856229506757206
750,0.19680937331444265
751,0.21089351324184974
752,0.21151960540677228
753,0.1518082354411111
754,0.15081854023968877
755,0.2285430693532447
756,0.19013241794633962
757,0.18593578128995103
758,0.16829411368453678
759,0.2223635941091081
760,0.20759054271317623
761,0.22308357654293248
762,0.20465906780602355
763,0.20433567865826135
764,0.1649325412251289
765,0.13330723144636586
766,0.22130892888402792
767,0.14124682000738015
768,0.15363264362451234
769,0.17953888170842697
770,0.19431670578331767
771,0.1376947115154264
772,0.1610951541627516
773,0.13786934535673495
774,0.2828479369907129
775,0.1639495539028814
776,0.2534149946600566
777,0.1950362304356596
778,0.25977400442503207
779,0.2092980443568454
780,0.18370772769148142
781,0.1628998692806154
782,0.1550497725024797
783,0.1874318044572808
784,0.20537324032690213
785,0.1812138657019154
786,0.15698308280042855
787,0.16116237977650377
788,0.14750485416266856
789,0.13448039917325738
790,0.1264911644133188
791,0.13286844877452808
792,0.17765875411053272
793,0.2299068470940362
794,0.26126153362391585
795,0.14713756045278353
796,0.15079743553390385
797,0.153673195821513
798,0.2514062452382428
799,0.2405843886907672
800,0.16454296913623134
801,0.21977150294563425
802,0.20504004658006775
803,0.13669539611815523
804,0.17069231008953867
805,0.2256752976116031
806,0.1254586982449587
807,0.1880335593426844
808,0.14689551025122144
809,0.18753730983791123
810,0.1811193121147619
811,0.2240364751228091
812,0.13723040632283534
813,0.17646728015726804
814,0.22020561829706164
815,0.18569014233384856
816,0.24427890473493558
817,0.18270444994850193
818,0.15330711007660514
819,0.24392278612635127
820,0.18482851218787927
821,0.15399019795298957
822,0.21960826981150422
823,0.17984115755821078
824,0.18384496585295224
825,0.20475048592340245
826,0.2031344904002395
827,0.15209065267300625
828,0.20401099090035368
829,0.15366951889288888
830,0.11498124513332109
831,0.24152230246037615
832,0.2339503321521304
833,0.21044764232926266
834,0.200484813209666
835,0.13590033580174649
836,0.12514626944680846
837,0.2042879868892556
838,0.22072233015478054
839,0.12172903594242696
840,0.16466501085787116
841,0.2475924795438494
842,0.18330043983157868
843,0.2031092753023795
844,0.2420663195036294
845,0.15826793968703162
846,0.18661870293501243
847,0.22607460037688176
848,0.20396492223070517
849,0.18459571535754027
850,0.1299612557790848
851,0.1925905819739579
852,0.18355859960672333
853,0.20479519214739994
854,0.1792246376271726
855,0.18861805893318812
856,0.20543086197774263
857,0.19428905577039207
858,0.17673082775082655
859,0.1443569156661691
860,0.1596116201402385
861,0.28251640022473357
862,0.12309224825797882
863,0.19422226956980732
864,0.21975909213329475
865,0.15706453429136985
866,0.1687959725893084
867,0.2050945961081136
868,0.14852238284338376
869,0.21305248057412646
870,0.12990937179580836
871,0.2228865693348006
872,0.16717729592925734
873,0.18970365232431335
874,0.16805233742844944
875,0.21110071043141881
876,0.1854611713495088
877,0.24692924848876358
878,0.1747563120600723
879,0.21972571123194262
880,0.1630974190374997
881,0.15281281787162904
882,0.17773996900468775
883,0.2641886437765835
884,0.17733925848158621
885,0.15862454662384062
886,0.13914501633617288
887,0.2256385449886234
888,0.22173952868602542
889,0.21036991354215806
890,0.13624368356756833
891,0.16186310196699427
892,0.21172363351463913
893,0.19215433040385105
894,0.18999620926901317
895,0.18601107239696846
896,0.17417583283554533
897,0.19327186985710704
898,0.15993303470466835
899,0.19804799778190557
900,0.19474983269402923
901,0.11847835133041745
902,0.2574987369145892
903,0.12983828667032477
904,0.2068046323710559
905,0.19273037136488658
906,0.2281793710380236
907,0.14233549133765744
908,0.18498062898647777
909,0.20766977233169598
910,0.1857236353731821
911,0.1753227763323404
912,0.20166842178066163
913,0.18912047570377083
914,0.15219592462482995
915,0.16197449200830422
916,0.13298259902464915
917,0.2119380748917305
918,0.15892605034860469
919,0.14643526779815114
920,0.19111445922446252
921,0.19808842252836267
922,0.2410115312156334
923,0.15967838047924077
924,0.21872314208993632
925,0.17669458381861658
926,0.2178353219834036
927,0.21440906775132995
928,0.1352730447485186
929,0.16345068114166306
930,0.162979871882672
931,0.19893021719087567
932,0.1856742193739907
933,0.1772274210218126
934,0.22071060357281702
935,0.24454656792225687
936,0.2344337295180864
937,0.21095282091628625
938,0.16177984437594456
939,0.1365275680979643
940,0.15014781282304107
941,0.17789980238895536
942,0.12710378595766098
943,0.17249847908636318
944,0.19245082136614045
945,0.11250830924788496
946,0.22344986086473118
947,0.17190814084225836
948,0.20781269653613277
949,0.2203715324105232
950,0.1562675802651431
951,0.1880130916886622
952,0.1860529124621727
953,0.1919729485689619
954,0.18295762744747418
955,0.15598861831872968
956,0.15816688676796625
957,0.17303790891338494
958,0.21238826178595416
959,0.12011232264648758
960,0.17601209143932
961,0.14378897098801047
962,0.13499908553235734
963,0.21553942069932785
964,0.20681174766486038
965,0.15824522819748515
966,0.19313066690636205
967,0.2297079229202928
968,0.18894180413755252
969,0.1891902511799045
970,0.16161651262732485
971,0.17146779866994943
972,0.24486152092960162
973,0.18812193109599656
974,0.14027696421573638
975,0.13139645850201387
976,0.17550421146328893
977,0.2001023580559379
978,0.12482002097440631
979,0.2216530656739461
980,0.2180708829275239
981,0.20804910568897084
982,0.1794889099055927
983,0.170856733879871
984,0.1573241371375046
985,0.1949777895098137
986,0.1543946130919484
987,0.16317319679744674
988,0.19035696891558246
989,0.18677564394241186
990,0.17014594507209108
991,0.16260841326196535
992,0.19065015701136356
993,0.23731379816049253
994,0.15578813226690602
995,0.1752489447552743
996,0.21007136698017298
997,0.1732783040991115
998,0.19946063019985766
999,0.1643406748846054
1000,0.17707886368363784
1001,0.20011897733815315
1002,0.23292014005435874
1003,0.17711225304399275
1004,0.20649537332097928
1005,0.19729451816571214
1006,0.22312695816631312
1007,0.18732809434062198
1008,0.23238795480781843
1009,0.23319236344033734
1010,0.22985156658080302
1011,0.2581615778029091
1012,0.1904754870778863
1013,0.17864747104601403
1014,0.1345929159909111
1015,0.19802356010644678
1016,0.15506091155794394
1017,0.15723556896013374
1018,0.19445905696520505
1019,0.18046436728137588
1020,0.18327321605979813
1021,0.19587643120765325
1022,0.158019701774393
1023,0.11832862619156831
1024,0.2036889020611813
1025,0.2653115318159468
1026,0.1680960919741335
1027,0.17517171164539697
1028,0.18461848414390708
1029,0.19966117798727917
1030,0.13347204606118757
1031,0.18876843719109615
1032,0.19852038220082924
1033,0.15398105369729415
1034,0.23501900550217497
1035,0.22142902518309482
1036,0.1605885363305804
1037,0.1733239915566644
1038,0.1457667499668503
1039,0.19199592731002468
1040,0.2235716703415273
1041,0.15824775690451603
1042,0.19738531109295898
1043,0.1789121928022283
1044,0.21403855510179232
1045,0.21070252761575742
1046,0.17344922096246074
1047,0.15720415008660032
1048,0.2119880221923925
1049,0.12728901728254643
1050,0.2131909175120954
1051,0.16547572844703373
1052,0.1656164078465635
1053,0.13976150627797612
1054,0.16262569870265392
1055,0.16242481735154363
1056,0.1897562791233232
1057,0.15024917280741917
1058,0.13906308602119
1059,0.21115584487610073
1060,0.2564919389309442
1061,0.1909807295304417
1062,0.14603638627275756
1063,0.25466193455718905
1064,0.1593532546387158
1065,0.23798902420893714
1066,0.14955092790131191
1067,0.1669688242188047
1068,0.17610129869601499
1069,0.17109451075782872
1070,0.20041106811357945
1071,0.1534524225026756
1072,0.1454511206076663
1073,0.1963851313784853
1074,0.19588067123534408
1075,0.16390098267366393
1076,0.15516718609043623
1077,0.1519156520610364
1078,0.16851057416614829
1079,0.1574748040894985
1080,0.1649764280272002
1081,0.1916322083547909
1082,0.16847805664898025
1083,0.12631421980587526
1084,0.22491895475158236
1085,0.13524336943484555
1086,0.12030727952862291
1087,0.16942975792015486
1088,0.1407033515596735
1089,0.24885839986597164
1090,0.21572014377444726
1091,0.21541697223803735
1092,0.16498616613236233
1093,0.19058611341816667
1094,0.16669685081367697
1095,0.14770103591909933
1096,0.16533817296566516
1097,0.16179213092857625
1098,0.1543752922062675
1099,0.1493575942384346
1100,0.17859912275022177
1101,0.13900759319210126
1102,0.17333988705014053
1103,0.15170773629382533
1104,0.18224605725889015
1105,0.1768967429078509
1106,0.19309094056712323
1107,0.22949006597785665
1108,0.18280048780044184
1109,0.2087483443825519
1110,0.16187659120002873
1111,0.14615745012080744
1112,0.2323466453548927
1113,0.14255722772705287
1114,0.11605607696015546
1115,0.17436515297357774
1116,0.16670836515407145
1117,0.17883497142364052
1118,0.21152986714931749
1119,0.1332079680646276
1120,0.16083642554578959
1121,0.14523743066205264
1122,0.19668002819357316
1123,0.15548334018278864
1124,0.21759135427039683
1125,0.1556250178346562
1126,0.17808397733398934
1127,0.12716960844025937
1128,0.1571379158686576
1129,0.24331694479366323
1130,0.2657578656915356
1131,0.17811768888552826
1132,0.16063491903450255
1133,0.18783030806347328
1134,0.20984629058729992
1135,0.18859643890835226
1136,0.21677832530701152
1137,0.24479071637742295
1138,0.16549579161084754
1139,0.2812929824207073
1140,0.16502493384933586
1141,0.19997489042442568
1142,0.16022856999976326
1143,0.16448646835170105
1144,0.18451758832910792
1145,0.19639894790466683
1146,0.2318382638077538
1147,0.18987646647258843
1148,0.1540742132538701
1149,0.16487153508268865
1150,0.1591270796062077
1151,0.22857089824739424
1152,0.16193830001607895
1153,0.22553242069780333
1154,0.21871646384458038
1155,0.24809286555605187
1156,0.1912538380862579
1157,0.1570673901314132
1158,0.1929041647711725
1159,0.17402737891269976
1160,0.21289488587568528
1161,0.21332844253606226
1162,0.14231568997382887
1163,0.1708807282532488
1164,0.14323364648083653
1165,0.19362456653764926
1166,0.16475265661579785
1167,0.2337048781385032
1168,0.24807618628279765
1169,0.18550335536696455
1170,0.2114258358676454
1171,0.18394268944527226
1172,0.15362657045312517
1173,0.18958314745572086
1174,0.15984137178177
1175,0.2076280364744374
1176,0.15364132497064226
1177,0.18905392921487135
1178,0.19432751127015485
1179,0.14131900356300942
1180,0.20995725338936216
1181,0.16306346866269472
1182,0.1541733196273432
1183,0.15800565754794954
1184,0.16757696895333807
1185,0.20480002177656204
1186,0.19972585924512504
1187,0.11280416534573001
1188,0.1544890478041685
1189,0.1564344754153601
1190,0.2028763484419413
1191,0.16990415705379924
1192,0.14302342439570442
1193,0.18411948410139195
1194,0.16018158277279382
1195,0.19003681256158905
1196,0.18177705039555847
1197,0.15074356461729
1198,0.19854310914456352
1199,0.17557915164756105
1200,0.22973713778311267
1201,0.1604275068674434
1202,0.15910408663253112
1203,0.1422241788740587
1204,0.16029688235142003
1205,0.13221579263373706
1206,0.14416918552535246
1207,0.19959859659764495
1208,0.2239050086376207
1209,0.1638644895366987
1210,0.13439901302556456
1211,0.2527881430118144
1212,0.19652435435723314
1213,0.1744614813502659
1214,0.19657623312520783
1215,0.12876973454515306
1216,0.20928458286266155
1217,0.1949725299865242
1218,0.134700139124437
1219,0.17500829582871752
1220,0.19425932799220313
1221,0.1566770930195574
1222,0.22952587472083175
1223,0.13223576376592455
1224,0.16660607655266307
1225,0.14543987751974236
1226,0.180783389476406
1227,0.15595767470483907
1228,0.1481787052004348
1229,0.18550634064439692
1230,0.18390563776647012
1231,0.1705444549386657
1232,0.22376596917603803
1233,0.12028945123753826
1234,0.1731943004824682
1235,0.22846817803039304
1236,0.23287842212290072
1237,0.23393718975088568
1238,0.1666031658970193
1239,0.19934913212212108
1240,0.12854769753321987
1241,0.1430789213529392
1242,0.21554300755049782
1243,0.24487223621542803
1244,0.14000141788270254
1245,0.19848437967814697
1246,0.15963885230262992
1247,0.1412548269467922
1248,0.18466165079547964
1249,0.1910603450818517
1250,0.2515784543455611
1251,0.17750205344688125
1252,0.20334042627776666
1253,0.2074629227382107
1254,0.2541606672289716
1255,0.20266714554867776
1256,0.18384279738069653
1257,0.2260493604052491
1258,0.23957345719511886
1259,0.1738883712535625
1260,0.1850492189142926
1261,0.2604351941584472
1262,0.18416050332144318
1263,0.22499154941058153
1264,0.13762269602967508
1265,0.21602007021057779
1266,0.15773600275324495
1267,0.18478227992193824
1268,0.1961224419312178
1269,0.14791035476945513
1270,0.19860854919762316
1271,0.1699706660190206
1272,0.20164416675922708
1273,0.16207808803399953
1274,0.16706457577145578
1275,0.19729764887282225
1276,0.13835339776285188
1277,0.16095057651699646
1278,0.20902177081010992
1279,0.1973035578262355
1280,0.2199590286525292
1281,0.21301918021454386
1282,0.2027729731783498
1283,0.24069487707809267
1284,0.13607881051166765
1285,0.21138393676908374
1286,0.22838799085388917
1287,0.18871471998832
1288,0.16420539438722864
1289,0.24644239543454832
1290,0.15513085411048688
1291,0.15997308333196508
1292,0.1868743522133819
1293,0.2169784090431166
1294,0.2716090572225756
1295,0.22807577589168354
1296,0.23178896441405866
1297,0.19315809371422205
1298,0.23796450367484784
1299,0.19670574742935648
1300,0.1857747178931718
1301,0.1827465498843558
1302,0.14073732328937716
1303,0.15297631465834305
1304,0.21024549416225818
1305,0.18786211043528073
1306,0.1609777634553931
1307,0.2519900925419217
1308,0.1261790502829187
1309,0.18722870370433264
1310,0.13281351555096438
1311,0.1760938388589109
1312,0.21143774452610425
1313,0.15714048785501705
1314,0.2420689581413299
1315,0.1313224527263987
1316,0.2051074435094098
1317,0.1622351448079093
1318,0.24277172419907778
1319,0.21208089126488155
1320,0.20420026893899196
1321,0.1254030683797392
1322,0.16790108683398536
1323,0.16728575423640757
1324,0.21559619133689129
1325,0.13272988057506735
1326,0.17913960887524455
1327,0.19423969460723572
1328,0.17328252960395812
1329,0.22564906862158302
1330,0.15793244026185888
1331,0.17156674874039562
1332,0.16236209168684484
1333,0.18400793298570478
1334,0.16621936811207433
1335,0.1858155931877042
1336,0.1534942130792431
1337,0.17664495676322428
1338,0.14993351283305045
1339,0.1993265849416866
1340,0.20173338604291707
1341,0.20519771144637644
1342,0.2731985478576351
1343,0.2688803735633977
1344,0.1859449281780684
1345,0.18176439522280358
1346,0.205844431339824
1347,0.11510992003028969
1348,0.19394251340776691
1349,0.18910774269194752
1350,0.19554217320192796
1351,0.21674419396854455
1352,0.1709087350327848
1353,0.12973471519190172
1354,0.131951074263766
1355,0.1372409815640963
1356,0.21016528005882312
1357,0.1804526517907013
1358,0.16071829243011865
1359,0.15536936126450746
1360,0.18481328385078422
1361,0.16540678838401984
1362,0.16847849382015856
1363,0.17296586038180106
1364,0.1230545423995078
1365,0.1555414061759664
1366,0.1536524745038192
1367,0.14358827480092756
1368,0.16615012347193864
1369,0.20486773888858562
1370,0.17769093752827664
1371,0.1649572829612274
1372,0.16910320695435527
1373,0.17086027760361228
1374,0.21070400669993122
1375,0.2115795667113734
1376,0.20471893083140275
1377,0.22431793821922608
1378,0.18076951155467036
1379,0.24664219713223712
1380,0.14660148612809748
1381,0.1387808164754224
1382,0.11854155394527971
1383,0.16257133288693532
1384,0.18492993913356154
1385,0.21738283532710528
1386,0.16608130193220322
1387,0.252948705662214
1388,0.1771979819106968
1389,0.16729413511111452
1390,0.12304371347958964
1391,0.20316903387102614
1392,0.19290361781241744
1393,0.18095624632430274
1394,0.1698148034551128
1395,0.18152450909978396
1396,0.2086403643155711
1397,0.23437549092278503
1398,0.15954267894646462
1399,0.17890698405242994
1400,0.1759813480515468
1401,0.13352716954511518
1402,0.17215198707466922
1403,0.143772508515646
1404,0.17697724820862365
1405,0.2172480437975554
1406,0.1921626015481676
1407,0.17760551433821525
1408,0.19527625305054402
1409,0.1719954159080127
1410,0.19498475834808998
1411,0.18516889083722848
1412,0.24423567727453965
1413,0.16827237175488924
1414,0.16748753426343943
1415,0.1695194051082498
1416,0.19183428183367524
1417,0.2501218314365569
1418,0.24979866595109568
1419,0.1724592068011533
1420,0.16381091443237084
1421,0.22940784764912464
1422,0.1590687771144726
1423,0.14381709758156452
1424,0.2895135493116848
1425,0.1711577825595591
1426,0.14415987280598852
1427,0.13836162192805107
1428,0.18628488332206256
1429,0.21862036771082455
1430,0.19887961454622022
1431,0.20359138732089554
1432,0.18114905973426615
1433,0.21778586695741786
1434,0.22065800054546558
1435,0.16495175851418592
1436,0.1591957613685902
1437,0.17622067138056635
1438,0.19408380945815557
1439,0.21269045287693067
1440,0.2250396410891638
1441,0.24298617429605007
1442,0.21305293417822557
1443,0.18232503560252156
1444,0.13221223564623757
1445,0.14375872466106082
1446,0.1633769219682794
1447,0.20972922353226991
1448,0.1813080236232883
1449,0.12822055005362154
1450,0.12508371394269463
1451,0.17655349158218653
1452,0.16833156863672633
1453,0.2284336296891612
1454,0.12854693289524327
1455,0.19657960258880008
1456,0.17769077202493866
1457,0.15267428494986962
1458,0.1599503082201424
1459,0.15677029051301988
1460,0.14372666426719038
1461,0.22936169480488566
1462,0.21364624221807704
1463,0.17563714922738566
1464,0.25084319911260505
1465,0.13600234256992716
1466,0.21858375971081812
1467,0.20279949218272703
1468,0.20886347800611832
1469,0.18520108652003792
1470,0.21119414288923816
1471,0.1288641985535361
1472,0.23153820569671874
1473,0.19859629728879974
1474,0.23775450779639667
1475,0.1589029036787225
1476,0.1949898455870655
1477,0.19836799742403471
1478,0.17459727429829358
1479,0.21295956322511816
1480,0.200144289089834
1481,0.19143523994716044
1482,0.25969048993859484
1483,0.2068643056055703
1484,0.18321596622633762
1485,0.14904575046245977
1486,0.23207821716532168
1487,0.21232365364269745
1488,0.2022728085718028
1489,0.1407942926025137
1490,0.16065188533895575
1491,0.19176695669887622
1492,0.20989123483111533
1493,0.11533356406229445
1494,0.13484405585327225
1495,0.20097673810243272
1496,0.1969748456507926
1497,0.22688525230682893
1498,0.13378359141535284
1499,0.2082193577190351
1500,0.1956252759939564
1501,0.27403802922669945
1502,0.19025745102222086
1503,0.24160217148360968
1504,0.18673337050955002
1505,0.16198449511318708
1506,0.13103885334554616
1507,0.1686369901156889
1508,0.1491229488032802
1509,0.12628742005841703
1510,0.21357761383267027
1511,0.19166551422156852
1512,0.15065439763491079
1513,0.17475919971655068
1514,0.2789039199342452
1515,0.2164429740009825
1516,0.1781182130776241
1517,0.1809667808479254
1518,0.1890788320232158
1519,0.17561468047720874
1520,0.15100197260364706
1521,0.11693533047685384
1522,0.20370500072848224
1523,0.15422931807729723
1524,0.2899011913122783
1525,0.12799551941773846
1526,0.1928197620999857
1527,0.25116313092909087
1528,0.1965482620803703
1529,0.22475015878514665
1530,0.18729941770461378
1531,0.24825902723841564
1532,0.1706280689994496
1533,0.1925164383916595
1534,0.13638285679953432
1535,0.2066310270015541
1536,0.168366059563682
1537,0.16221924168570462
1538,0.18841528348432773
1539,0.20262529937965773
1540,0.12416737421147822
1541,0.2360167143543716
1542,0.21095641891174982
1543,0.20804565325358887
1544,0.21456731259925427
1545,0.2100138396463025
1546,0.18626421936819948
1547,0.19611740349457957
1548,0.1718277927894754
1549,0.20974592497856964
1550,0.19598813870369558
1551,0.1643620251072076
1552,0.1694087387472133
1553,0.19808863555185136
1554,0.1601930351037219
1555,0.19091047289142538
1556,0.13162273516109002
1557,0.17897495453137546
1558,0.14752695082654277
1559,0.1470522406054448
1560,0.19014004530896028
1561,0.2164936313431371
1562,0.18749901576248723
1563,0.2131273888542045
1564,0.19931608413288465
1565,0.24265532694029995
1566,0.1680027419409479
1567,0.2542115248970544
1568,0.20084615273416567
1569,0.1328615346858904
1570,0.18622054237452207
1571,0.22615805143910833
1572,0.2090506854343871
1573,0.18849498676607895
1574,0.16064742816258387
1575,0.21691075673359467
1576,0.12594992506085156
1577,0.18354481520560983
1578,0.13444417368814132
1579,0.15061486478200176
1580,0.17198550844077054
1581,0.251890162931341
1582,0.18724061662257951
1583,0.19907182235854903
1584,0.21499007338988385
1585,0.17360803083254728
1586,0.19073269354643402
1587,0.19062268192291043
1588,0.2592760668451461
1589,0.1778444379360845
1590,0.2778386310764768
1591,0.16706128492639344
1592,0.1957883042757445
1593,0.1251211725467209
1594,0.2584397178090356
1595,0.179801962386675
1596,0.194672610370014
1597,0.13525865722183256
1598,0.18477270033979237
1599,0.19206920409851452
1600,0.23533444456100117
1601,0.13123368485808823
1602,0.2074132109196477
1603,0.21948431628275694
1604,0.17090301307602307
1605,0.2656798984300203
1606,0.20755922436706326
1607,0.19042864006085308
1608,0.12857415791847898
1609,0.16815512746064698
1610,0.21166923929683762
1611,0.16315154271693416
1612,0.2431744098094039
1613,0.16301622858693166
1614,0.1665529427367508
1615,0.20769160913349355
1616,0.1336295806120179
1617,0.19192870095277897
1618,0.190726594407771
1619,0.1745557974824708
1620,0.1643218238040522
1621,0.13578276841332765
1622,0.17428033495656936
1623,0.16077394554240426
1624,0.21895666636104072
1625,0.14656902502107422
1626,0.21364392661989645
1627,0.17686140229894626
1628,0.22547673804235258
1629,0.15978497234605593
1630,0.19391953965268044
1631,0.22074890834615168
1632,0.12944905222292857
1633,0.1645920257548134
1634,0.22274683794866507
1635,0.1500405310943253
1636,0.1934561592856472
1637,0.20652383809347186
1638,0.2248317031001043
1639,0.2041411830199638
1640,0.15395880748409652
1641,0.22345961936808062
1642,0.24807956694839856
1643,0.21303658242226364
1644,0.1350451095438197
1645,0.19817397811897441
1646,0.1942252134303396
1647,0.2199102912650049
1648,0.21130814003280862
1649,0.16563386224963478
1650,0.2064150605792625
1651,0.20403859052656365
1652,0.2067968445966134
1653,0.1799702878705966
1654,0.18035376748778653
1655,0.19090988261655578
1656,0.18787728979408252
1657,0.17847699458572447
1658,0.19278547641785676
1659,0.23766600270219512
1660,0.15132144539554448
1661,0.24844285097272695
1662,0.17728391221550704
1663,0.2309034954908875
1664,0.2756148027944036
1665,0.18454337489230777
1666,0.17474456812863387
1667,0.13648017281780972
1668,0.16189090100244535
1669,0.1356193494993837
1670,0.18695944141555765
1671,0.1902132437928733
1672,0.18466527014991407
1673,0.2335268069100755
1674,0.20747602172428076
1675,0.1656209849898736
1676,0.24561338594200127
1677,0.16793905039830376
1678,0.20126918772855368
1679,0.17999791989156838
1680,0.12505145763837372
1681,0.19011109288797684
1682,0.235573344610713
1683,0.22671056688070418
1684,0.23897410014165626
1685,0.1731733565297503
1686,0.1722534326985422
1687,0.1955905035710564
1688,0.16765005191526272
1689,0.19578709127154614
1690,0.2088631121848082
1691,0.1799769951145221
1692,0.11521026818126678
1693,0.17615831376249852
1694,0.2669531344869485
1695,0.20311910749602263
1696,0.24553106915516282
1697,0.17292109930870253
1698,0.14396573513135308
1699,0.2089029770807086
1700,0.18725141309055787
1701,0.21190590982001767
1702,0.1621105201430274
1703,0.12009985217132085
1704,0.2050649541106726
1705,0.25621075214383326
1706,0.1643393483507959
1707,0.18104990013603767
1708,0.20138325786492306
1709,0.17763480013508925
1710,0.13454657743374743
1711,0.24474375172953927
1712,0.21504219624675425
1713,0.18245102359097048
1714,0.149646739474676
1715,0.20100829184412305
1716,0.16134923114676386
1717,0.19427117014804351
1718,0.14896763752026093
1719,0.1723404964017095
1720,0.21111256667474465
1721,0.18160839885298802
1722,0.18091102811510268
1723,0.11567178808659523
1724,0.17279901784545748
1725,0.21510799246442924
1726,0.16758637136569737
1727,0.2656209667182195
1728,0.2008620150174148
1729,0.22072496137019132
1730,0.1629372847477244
1731,0.17864427794334115
1732,0.17548612563367388
1733,0.11861347751207646
1734,0.16087607659029213
1735,0.18426789737889687
1736,0.1469332543598897
1737,0.19296333380511593
1738,0.17199273360239115
1739,0.1281012976168256
1740,0.19196281526409859
1741,0.13550206067550336
1742,0.20401732428269975
1743,0.18924832564705535
1744,0.1643067476669658
1745,0.19925817417119523
1746,0.18468485508213278
1747,0.23873241251649385
1748,0.205703585318798
1749,0.13636610592077875
1750,0.15299144853170943
1751,0.1532116012105646
1752,0.19524564182650123
1753,0.2444871009563031
1754,0.14309992116484876
1755,0.2031833656073294
1756,0.16071095957457132
1757,0.20332047134808967
1758,0.17876614857706302
1759,0.24403627778057252
1760,0.19977407271940767
1761,0.119357691086105
1762,0.14968034313956774
1763,0.14732976680788273
1764,0.20944845440252674
1765,0.18948832796773835
1766,0.16367021331070758
1767,0.2515257550468541
1768,0.1991303207049937
1769,0.20059232038585256
1770,0.22688829469121213
1771,0.14606645450283468
1772,0.2296770374409533
1773,0.14891593938815745
1774,0.15612456249189904
1775,0.1583580199319723
1776,0.24105765858019362
1777,0.17472850291971626
1778,0.20729533956841278
1779,0.16179368552568368
1780,0.2456281432354649
1781,0.16576024974115044
1782,0.19970505265192762
1783,0.21280865681265942
1784,0.20987872493291565
1785,0.16086144606029978
1786,0.19875001023476963
1787,0.27139852894512023
1788,0.1625072483373976
1789,0.17133811084845485
1790,0.1708971667872533
1791,0.10986037440951357
1792,0.1840487983482924
1793,0.23582786806350792
1794,0.13928951139743356
1795,0.24204510548645702
1796,0.12407660359553341
1797,0.1906319726103453
1798,0.1340658034440778
1799,0.18886714218098077
1800,0.16119672826381087
1801,0.21176355710727263
1802,0.148934205422171
1803,0.2274352003408786
1804,0.1841255539474434
1805,0.2164216356044647
1806,0.1998829695063028
1807,0.188539499322341
1808,0.1445326039100508
1809,0.1887305429181979
1810,0.1933717466916523
1811,0.19738528598095179
1812,0.14162255881596214
1813,0.16534170639871731
1814,0.20591004726556827
1815,0.17251378494292952
1816,0.15842696834695807
1817,0.18291450075641158
1818,0.14109405059487445
1819,0.19604114903196862
1820,0.20101040134801323
1821,0.2347049010935987
1822,0.1557417262381488
1823,0.19944253033869025
1824,0.17298342219608093
1825,0.15841280376128325
1826,0.2158880985690933
1827,0.20475887905934548
1828,0.17618308495016727
1829,0.1897911170033436
1830,0.16930513033735856
1831,0.237342335211907
1832,0.18402312638252455
1833,0.14714290447864625
1834,0.1467561390225346
1835,0.22709009409966796
1836,0.18604020445829478
1837,0.1849780535967716
1838,0.15834876287646038
1839,0.16301126426967022
1840,0.21719460200011403
1841,0.18143634880626214
1842,0.20001832519844703
1843,0.18028379846190962
1844,0.2094766869981115
1845,0.1890288779779591
1846,0.1936434179167124
1847,0.2305135313371786
1848,0.16285670681342773
1849,0.17977186936971884
1850,0.26648723810103264
1851,0.16666540923662654
1852,0.12153572012294034
1853,0.1772395035531779
1854,0.16854257566874675
1855,0.24179447981555668
1856,0.22296043381864172
1857,0.1651050276813884
1858,0.19940350712118288
1859,0.22705630370741303
1860,0.19709021051369396
1861,0.21881841070466118
1862,0.25805227017538485
1863,0.1713840778306358
1864,0.1885937961042244
1865,0.16590933390917556
1866,0.19859261812814377
1867,0.18961562132065896
1868,0.14646330026463017
1869,0.12104342851520816
1870,0.17336424968530445
1871,0.19274240559868067
1872,0.2550135975392101
1873,0.18963636863467964
1874,0.19461968952746844
1875,0.20204404682691474
1876,0.14818553140739338
1877,0.16403359004733992
1878,0.1722230884413259
1879,0.13944088485485773
1880,0.2656221875336003
1881,0.18410122075204088
1882,0.1555639602222177
1883,0.18151456026240737
1884,0.1942997421813531
1885,0.15259859044195306
1886,0.16665290679948397
1887,0.12417428000465003
1888,0.1513547881635962
1889,0.16938356586346642
1890,0.1226572024446203
1891,0.21328407276017802
1892,0.18989509784392905
1893,0.19538871000837832
1894,0.16117909195790442
1895,0.23824191297405484
1896,0.23174710338999616
1897,0.20791124166434505
1898,0.20372150795544292
1899,0.17992638421132218
1900,0.22642645128926192
1901,0.23108137716940252
1902,0.2156601326958572
1903,0.139820662266311
1904,0.19419224239475646
1905,0.12129503798131286
1906,0.12236650294982904
1907,0.2098733065701212
1908,0.2140957773439297
1909,0.20514209110658949
1910,0.15348891376834523
1911,0.1707031734330347
1912,0.18558598929345466
1913,0.20841908180493807
1914,0.21567750163614097
1915,0.20129566355232098
1916,0.16779109296052336
1917,0.11796943129277399
1918,0.18379072224587867
1919,0.1987906520345456
1920,0.1559422819152549
1921,0.18145957319786515
1922,0.18234420336528673
1923,0.2578684663199543
1924,0.13876997381411343
1925,0.2348019111669864
1926,0.18589413667918825
1927,0.2647252730386124
1928,0.21683075728090223
1929,0.30033255720005464
1930,0.18826397447396948
1931,0.2148926048832112
1932,0.1593066834698607
1933,0.2020898561274161
1934,0.16156950455458952
1935,0.20912677525862328
1936,0.22859913869354526
1937,0.1753107136166075
1938,0.16468079402354563
1939,0.14912784311696953
1940,0.14526486871234995
1941,0.2142823581159653
1942,0.2049731886804435
1943,0.19243674415113327
1944,0.19101940804142242
1945,0.18874400638990657
1946,0.22080651455850325
1947,0.23066489378116467
1948,0.16324018519493794
1949,0.21172599135200737
1950,0.20772303797430186
1951,0.1585998539606181
1952,0.16117416491425135
1953,0.1323340497923779
1954,0.18492972470196134
1955,0.21131308675211086
1956,0.18390447763047685
1957,0.17318084672871065
1958,0.26506664316071465
1959,0.1744128628515576
1960,0.2075678132185333
1961,0.18750398020797276
1962,0.15869088378044588
1963,0.2038889580939986
1964,0.13964106145474997
1965,0.20090643124288027
1966,0.13995842261934893
1967,0.19140017907391005
1968,0.16434081526755734
1969,0.20355084739399282
1970,0.29565634357229226
1971,0.23769597926869973
1972,0.12467988964510496
1973,0.15910193129302386
1974,0.12666126115730209
1975,0.19279806935051963
1976,0.19080312589928583
1977,0.1578337835743991
1978,0.19431226683004305
1979,0.23591230636118693
1980,0.24728779249530858
1981,0.22408617891361693
1982,0.11880070550957339
1983,0.1950218229154312
1984,0.20371297734077903
1985,0.16721507165101157
1986,0.2149420264522383
1987,0.25121568533044975
1988,0.1544691801533618
1989,0.24561887375764319
1990,0.18997026098828934
1991,0.1810765103766822
1992,0.16741396656760504
1993,0.1779605526984393
1994,0.2487318984061297
1995,0.1663728505609306
1996,0.17364622190330886
1997,0.15266948730349628
1998,0.22455827447585602
1999,0.18140465859590776
2000,0.1351947448594803
2001,0.19131309473670827
2002,0.17907493047772377
2003,0.20919389716325482
2004,0.21663670530154394
2005,0.2003630639500002
2006,0.16813334246969786
2007,0.19772497315224752
2008,0.15343841648349715
2009,0.25426353198348023
2010,0.22861849594179662
2011,0.2015527243576355
2012,0.16472958089963924
2013,0.21242028729170448
2014,0.16060872054609587
2015,0.17369761242256443
2016,0.16141032533431654
2017,0.1233165314730934
2018,0.17442220924222995
2019,0.1884902369019666
2020,0.1451183327532361
2021,0.19222129403388305
2022,0.16346676367089225
2023,0.24708693596360604
2024,0.118498290596528
2025,0.14943698011919604
2026,0.22944069856570393
2027,0.15735767982368293
2028,0.1221855961107538
2029,0.18845218905219568
2030,0.16384388165653674
2031,0.20646521285195135
2032,0.20671611393790446
2033,0.1810192378170346
2034,0.21564385184251417
2035,0.1621387615052966
2036,0.16427723813182776
2037,0.17766536774275815
2038,0.22441730440094604
2039,0.17475840985598828
2040,0.24831189581151702
2041,0.1452303534703177
2042,0.15010519155751922
2043,0.1677879310516558
2044,0.1250152137864433
2045,0.16540169344159994
2046,0.172029654592933
2047,0.1930946176666245
2048,0.1852489547445349
2049,0.14169630128367872
2050,0.1438597565115295
2051,0.2669927189105131
2052,0.18817533169106154
2053,0.1680532277541396
2054,0.14470734861785667
2055,0.2070297289512011
2056,0.21387182622497541
2057,0.15361574062409372
2058,0.19422851210749825
2059,0.2070776977358097
2060,0.2413937056979179
2061,0.193114078119546
2062,0.17662765303073014
2063,0.2174842936623198
2064,0.19422118434608954
2065,0.13354144476692997
2066,0.17651927487876934
2067,0.11230623416863189
2068,0.12166288217070204
2069,0.1529200915784738
2070,0.24732763640895705
2071,0.1810968326112608
2072,0.23641369120546524
2073,0.1939728691197356
2074,0.1623360479870139
2075,0.14184174487565526
2076,0.2674553770308924
2077,0.19806423782182897
2078,0.12965000456006143
2079,0.14832329033861302
2080,0.24208434869339407
2081,0.15851338670906473
2082,0.16290984472816872
2083,0.1921194045081583
2084,0.2269041966160777
2085,0.2015356705565678
2086,0.15494094328560387
2087,0.21032596560207917
2088,0.22059892418223753
2089,0.18061611501234204
2090,0.2021711760495581
2091,0.15057312430570335
2092,0.2043017800784806
2093,0.18722959051841986
2094,0.16588509009900748
2095,0.2502745295075951
2096,0.12266903977235505
2097,0.18562649412248555
2098,0.1900455286761245
2099,0.19518632221628013
2100,0.14907207371855985
2101,0.125332408027303
2102,0.18659669000410917
2103,0.22439598258647836
2104,0.1413868384819401
2105,0.1623505138536253
2106,0.13028827935975607
2107,0.15064877581792385
2108,0.18975387369146307
2109,0.16520516449758899
2110,0.16741378591747275
2111,0.1636922765571973
2112,0.1611794860258668
2113,0.15399990198771457
2114,0.11528566236646232
2115,0.1864542430999671
2116,0.18249368270665028
2117,0.17522593103576906
2118,0.17929144293786908
2119,0.20495764873711841
2120,0.19920518648883073
2121,0.19345725915771111
2122,0.13198179516188147
2123,0.1636956770022872
2124,0.17935069679802945
2125,0.17160309280183633
2126,0.15749770761562293
2127,0.15962438715782729
2128,0.17568021783319238
2129,0.19049855788574493
2130,0.16794504088337986
2131,0.12960234474206406
2132,0.18151661125578183
2133,0.22226200887060005
2134,0.18436173536768552
2135,0.17846406930842512
2136,0.1927608389900174
2137,0.1226598461841984
2138,0.18907178749253378
2139,0.17114558793011342
2140,0.1511091462426225
2141,0.21458022517936215
2142,0.1462740525541017
2143,0.18159475568012268
2144,0.18716623465635285
2145,0.16017884603453975
2146,0.21354894665552154
2147,0.12121342183429973
2148,0.22432892016806172
2149,0.20867553456026616
2150,0.1590783826240066
2151,0.18024402851770555
2152,0.1691986566955443
2153,0.16031205955414307
2154,0.13066121463251928
2155,0.19487064336705634
2156,0.1807745941588103
2157,0.17463557187596218
2158,0.2312096725224561
2159,0.14669511938768792
2160,0.12548037194504252
2161,0.12771185055010031
2162,0.1903968902710495
2163,0.25085286986124455
2164,0.17475754556027628
2165,0.16504893184550823
2166,0.16846838159342198
2167,0.18437594440819466
2168,0.21050004355005053
2169,0.1191440629503912
2170,0.14757795990002315
2171,0.18416164506779825
2172,0.18534592979541692
2173,0.17859920022366832
2174,0.16217874230132595
2175,0.23694680037849464
2176,0.18674564429397478
2177,0.21290467558135684
2178,0.19332212910444796
2179,0.17616202207128745
2180,0.20217401066408758
2181,0.18267341919360253
2182,0.20603040786491522
2183,0.13263818966218405
2184,0.19306757708628108
2185,0.20638902608261828
2186,0.11947363621519241
2187,0.14598273106681847
2188,0.13877438519982987
2189,0.1986084906161762
2190,0.18025864843297618
2191,0.18614728402393654
2192,0.22169509424456496
2193,0.2188997131448483
2194,0.13397212996321156
2195,0.14886088777833023
2196,0.17629870619057664
2197,0.132582228431736
2198,0.20905406572911278
2199,0.2319111544563292
2200,0.1578354694243987
2201,0.19619830370849795
2202,0.16506280218279773
2203,0.1837462126256852
2204,0.16740862669855222
2205,0.15325487674250732
2206,0.1798325727315892
2207,0.13856346484509702
2208,0.1792785403348262
2209,0.17021585341046613
2210,0.18184546895398918
2211,0.21376062486482678
2212,0.16279342550428705
2213,0.1628202237245861
2214,0.23473913575332483
2215,0.2566546985376549
2216,0.14041545174971715
2217,0.15283740323610523
2218,0.23281309657225685
2219,0.2063560098520686
2220,0.17478870737787416
2221,0.12090934863318425
2222,0.1417109147213304
2223,0.12647940875019065
2224,0.1552402091639839
2225,0.14638307057913474
2226,0.15219027324486994
2227,0.16748247899525692
2228,0.16782459489243584
2229,0.16252318106639957
2230,0.2353413256816278
2231,0.16886774498286916
2232,0.21056844777029576
2233,0.15049786224968548
2234,0.18405826769910577
2235,0.13748406789320372
2236,0.16860585468352635
2237,0.18124144809131554
2238,0.23343141344232426
2239,0.20527186410137988
2240,0.19863598089289214
2241,0.14359689349272015
2242,0.1909605412205258
2243,0.13349132157031957
2244,0.12762721188454057
2245,0.14983168506241523
2246,0.17300154417691788
2247,0.15519392228130652
2248,0.21723396405430756
2249,0.1306113299193607
2250,0.18276970030704864
2251,0.18773155048579232
2252,0.12640258622098421
2253,0.12933092792018658
2254,0.16552365218918197
2255,0.20190823750108333
2256,0.1542351661128814
2257,0.18456629387686913
2258,0.20504013255618087
2259,0.1742468478480545
2260,0.12442771873017272
2261,0.14121886946427714
2262,0.17918774013859812
2263,0.19304889894536253
2264,0.19630674296993889
2265,0.15294219220768984
2266,0.20505066262347094
2267,0.16511241761441137
2268,0.18086170715089905
2269,0.15457240071451211
2270,0.17927637395799972
2271,0.178331538649814
2272,0.23031120893134638
2273,0.1913103786780413
2274,0.16505633568502004
2275,0.18974431200833686
2276,0.14518133537361227
2277,0.13026272634882913
2278,0.14858131299348787
2279,0.20555074629666775
2280,0.2558566672897044
2281,0.1585214483760064
2282,0.16920109724237242
2283,0.1682956009677054
2284,0.23873352194101632
2285,0.1880557440191391
2286,0.1831062221911247
2287,0.2063677691709347
2288,0.22411365460582683
2289,0.1988099427661258
2290,0.1939665982628675
2291,0.1637576782524579
2292,0.16150094986141977
2293,0.22793843796991037
2294,0.24234808615619913
2295,0.233923517301314
2296,0.13061341625635764
2297,0.16994967273235068
2298,0.1983265767004666
2299,0.16450697859211566
2300,0.12171579283507294
2301,0.17917737546790985
2302,0.13586810482446127
2303,0.16963841415730874
2304,0.16600784713336025
2305,0.18439660852146672
2306,0.18467860375339812
2307,0.19059103528470328
2308,0.16278750780889656
2309,0.17330631697746918
2310,0.21636508548556355
2311,0.22735354493334614
2312,0.16108376100383343
2313,0.24752423735082874
2314,0.1890565735662414
2315,0.1478879327551656
2316,0.17727120930653412
2317,0.14098691385657985
2318,0.19811551806443656
2319,0.19330705326952552
2320,0.12896826937215317
2321,0.2139809451471048
2322,0.18904192300894435
2323,0.19736359758131472
2324,0.18711022542650463
2325,0.20322176662311914
2326,0.14231157720126397
2327,0.2256786892856602
2328,0.20869504872114025
2329,0.19680279675855006
2330,0.21499079296324924
2331,0.15856065822380744
2332,0.15701879997020907
2333,0.17586977618395122
2334,0.16900510661898543
2335,0.17503997635410623
2336,0.1541440847146321
2337,0.20874200627822714
2338,0.1559265070443222
2339,0.25114562747904556
2340,0.16418575371226957
2341,0.16687085818601688
2342,0.24609771418351595
2343,0.1828112002517997
2344,0.1484878124890575
2345,0.2535529016711649
2346,0.18628184326524116
2347,0.14882671507919581
2348,0.16124097821284578
2349,0.11151308980694508
2350,0.1873563724576333
2351,0.1965939776989601
2352,0.16573475405742272
2353,0.16406689523633872
2354,0.19784626139357625
2355,0.16997501577226998
2356,0.1912221558671952
2357,0.22863066077590222
2358,0.17952271610123072
2359,0.2805956967930595
2360,0.15056355178561304
2361,0.2999793160116585
2362,0.25265322142392427
2363,0.24722625120150926
2364,0.22816726197736187
2365,0.15441837164835792
2366,0.17152577697805615
2367,0.15721544698685624
2368,0.1753585719475128
2369,0.2643234297102119
2370,0.18314038470266208
2371,0.13662323599759058
2372,0.17462810367635628
2373,0.19787847033877587
2374,0.16128078021231962
2375,0.23911754178639616
2376,0.19327126694889146
2377,0.15884915296145702
2378,0.18865414744944986
2379,0.14183950893593378
2380,0.2525139924825193
2381,0.1406804713307402
2382,0.13040540368697534
2383,0.2153988023461259
2384,0.17334434670545407
2385,0.20131352541937553
2386,0.17044130989928014
2387,0.1500008549195434
2388,0.2117709063373961
2389,0.18308605838810282
2390,0.1760065098474488
2391,0.1895213001443623
2392,0.20740302991251036
2393,0.18421923420191694
2394,0.17240407158783505
2395,0.18219223796741824
2396,0.2734296617473158
2397,0.21044657550323614
2398,0.2022388456302362
2399,0.14581722685494763
2400,0.15680194020609012
2401,0.16482478541535522
2402,0.1349710360207812
2403,0.188348033782351
2404,0.23569253163834525
2405,0.12538164958469816
2406,0.244753125722326
2407,0.21638885470672925
2408,0.14787383385577896
2409,0.20349391331134936
2410,0.2012372930277776
2411,0.23527500492124037
2412,0.2148488805068796
2413,0.2493978600335044
2414,0.13890175485664258
2415,0.22480461212011676
2416,0.19605748441361154
2417,0.23151697474724275
2418,0.15714323815681858
2419,0.20141495751555816
2420,0.21035827838405063
2421,0.19999755992452167
2422,0.27050131224095714
2423,0.12959553026485382
2424,0.17227652637887086
2425,0.14294516776430505
2426,0.1633409146482318
2427,0.10609215532462113
2428,0.16391133478934722
2429,0.17358592431960335
2430,0.2195382737763597
2431,0.16378720827250703
2432,0.20106519840182668
2433,0.20271973272473387
2434,0.15264229371800453
2435,0.17005392715324402
2436,0.20896151975762117
2437,0.23726779183351165
2438,0.14792238439785105
2439,0.1560744314792496
2440,0.17427652987641856
2441,0.285001663342474
2442,0.19288841545109686
2443,0.20913087060027985
2444,0.17689961801691945
2445,0.13696339728380053
2446,0.16776423284346825
2447,0.18611905328026807
2448,0.23461936356700253
2449,0.1852065563212847
2450,0.22170993795149824
2451,0.2693705715079601
2452,0.2039297195991024
2453,0.22514812775397275
2454,0.16279274851999131
2455,0.1368941920957657
2456,0.21075713026175363
2457,0.16800285392994846
2458,0.16741437679369536
2459,0.13294168763556374
2460,0.17572196244256072
2461,0.19284562931998717
2462,0.22606783588835555
2463,0.22871340302134457
2464,0.2566681819748448
2465,0.17275580974636023
2466,0.17453095808522873
2467,0.15318508323755908
2468,0.17191649659128933
2469,0.11674992708168846
2470,0.23909414249402167
2471,0.17154027292484308
2472,0.16497176509465689
2473,0.15520275672191508
2474,0.20576278192219122
2475,0.1835587803022914
2476,0.1842061515633135
2477,0.21595941673909536
2478,0.1686175342233745
2479,0.15792242921483296
2480,0.2037350177452541
2481,0.21967947897660572
2482,0.17536646667420985
2483,0.19128938567813625
2484,0.20203485633728285
2485,0.2033008001549345
2486,0.18455857850415647
2487,0.16664625980787195
2488,0.254878329355738
2489,0.22502501760360505
2490,0.18585585259312787
2491,0.18594067538496106
2492,0.14008234711615158
2493,0.19868757363104772
2494,0.21074622115432579
2495,0.21363362333360758
2496,0.1840076331716302
2497,0.16137307816115315
2498,0.1959645926211892
2499,0.16859145911260204
2500,0.14626253797691235
2501,0.18848840282119383
2502,0.1707062522149535
2503,0.2135824735202428
2504,0.161562511509091
2505,0.1995114041544771
2506,0.17720709015134484
2507,0.19806419326342406
2508,0.11999937059354132
2509,0.1601709154936059
2510,0.17916304653763981
2511,0.14736226608486996
2512,0.1339501670291191
2513,0.20602960556288902
2514,0.19295304173246025
2515,0.14846358980959656
2516,0.16149778834110984
2517,0.12942801776114493
2518,0.254533952114108
2519,0.20812736703654766
2520,0.14728455129850643
2521,0.16772775293530956
2522,0.1991047976801555
2523,0.15247575610944886
2524,0.15118349201174547
2525,0.18907327919552436
2526,0.16252002959421707
2527,0.15877190446921563
2528,0.21453438577861622
2529,0.13184343014294858
2530,0.2268789422514924
2531,0.22981618945413518
2532,0.15772946845503116
2533,0.14978484244741763
2534,0.1426145803020457
2535,0.16398070062383396
2536,0.12732120919398432
2537,0.15412763218845277
2538,0.19499423959175483
2539,0.2109138981736431
2540,0.21228210170051298
2541,0.18185794868751964
2542,0.1440585716034653
2543,0.21670745355779747
2544,0.24243831025778023
2545,0.1782925397065877
2546,0.17258449827344535
2547,0.17898830530262183
2548,0.2276270683381872
2549,0.13749940452591308
2550,0.18964647181349953
2551,0.19795282998575342
2552,0.1184832173982242
2553,0.17615984141228763
2554,0.18082053490962274
2555,0.23717032656953319
2556,0.1211950787045945
2557,0.1536246987859114
2558,0.13093335039971704
2559,0.18614858570026166
2560,0.2651161594208761
2561,0.21206410904749762
2562,0.21752558515194226
2563,0.18357494911466482
2564,0.24596276501714487
2565,0.19813497153061604
2566,0.22664921106720815
2567,0.1629083858330257
2568,0.17313320129239068
2569,0.20445094703995853
2570,0.2047110215380789
2571,0.21396914865586486
2572,0.17999988222207242
2573,0.14143089295983396
2574,0.1258439389582407
2575,0.12892168156848022
2576,0.20416857974492902
2577,0.1742880670912566
2578,0.25445587598238695
2579,0.19536844792491753
2580,0.2508692263547481
2581,0.2311808395180871
2582,0.1524862130618076
2583,0.1953960488354639
2584,0.16956546188251115
2585,0.19100929614810835
2586,0.15622635191130058
2587,0.17243168002914228
2588,0.192475846040488
2589,0.1859921062307685
2590,0.22182439582814822
2591,0.16236663420064518
2592,0.18578874713222565
2593,0.23069300457499647
2594,0.2758842818453406
2595,0.18373157185971684
2596,0.2003116258794727
2597,0.20989994041261817
2598,0.12500902307104728
2599,0.1914002293841655
2600,0.1694069929140613
2601,0.20654491506243772
2602,0.15895032392534275
2603,0.24528974983776125
2604,0.2158136010064144
2605,0.22074614485899408
2606,0.24250734289984682
2607,0.1904742146684642
2608,0.12537093044526942
2609,0.23291937540627944
2610,0.18938246594787617
2611,0.21643722445919983
2612,0.11921559406076371
2613,0.18562394342190675
2614,0.19758017911616915
2615,0.25751481268406745
2616,0.1356069769945894
2617,0.17862326828919556
2618,0.18072764301056504
2619,0.17249363381042587
2620,0.22689282985948778
2621,0.10604944800087052
2622,0.1528504063440438
2623,0.24368694024620924
2624,0.20166483212014336
2625,0.17202519612720246
2626,0.1406120847366668
2627,0.15328714506718633
2628,0.19582529865050058
2629,0.18832214767572802
2630,0.14112500724854476
2631,0.18082928920523583
2632,0.16581523270635973
2633,0.15452144740021817
2634,0.2739897326662502
2635,0.17112365444292438
2636,0.243447102909696
2637,0.1280223522551952
2638,0.17399832974381818
2639,0.2005727063920461
2640,0.19435443174754402
2641,0.2030276062116511
2642,0.12622740172083952
2643,0.18801858818730866
2644,0.2035263768496049
2645,0.19853007995717797
2646,0.2397838797577706
2647,0.1549462184296227
2648,0.21981100405737364
2649,0.17880175940868193
2650,0.24765888340103986
2651,0.14091016929275824
2652,0.192266049416285
2653,0.1889071159252721
2654,0.22160259830476703
2655,0.20027428878127168
2656,0.20279790437837802
2657,0.24022716134746452
2658,0.20505971064648648
2659,0.13499622700736125
2660,0.25866276295982443
2661,0.20056852911634387
2662,0.13165480655825096
2663,0.1894121866111803
2664,0.15299971424699593
2665,0.17047444286738644
2666,0.13408522158679198
2667,0.15948063921872035
2668,0.1726496428920783
2669,0.16553633029704679
2670,0.1801798618483434
2671,0.1871497674964045
2672,0.19774519063014379
2673,0.17099312058645905
2674,0.1863004328844901
2675,0.21045445878081942
2676,0.16485855979164593
2677,0.21084580269923342
2678,0.16253173517281666
2679,0.12889490070348952
2680,0.19849663010112278
2681,0.1591908891194
2682,0.2711806329858521
2683,0.2161892490187708
2684,0.1555557018370068
2685,0.17488511337648327
2686,0.14527936083073817
2687,0.1839183341100188
2688,0.1799083479252424
2689,0.15904689900586544
2690,0.18557809740064662
2691,0.1470741249666741
2692,0.15563483078773782
2693,0.23082027247596304
2694,0.19896662964735506
2695,0.21802569298647567
2696,0.19319875494712135
2697,0.20589138330056594
2698,0.1680496179261583
2699,0.24042886468502228
2700,0.16710801137665543
2701,0.19261026812842158
2702,0.193959147771751
2703,0.16113406957911258
2704,0.14780491928036704
2705,0.16688237140877465
2706,0.18341629756762312
2707,0.15894955052045484
2708,0.10713138332898792
2709,0.170058695867842
2710,0.16834738571905417
2711,0.1754219815770996
2712,0.18781806607864177
2713,0.2143850261973294
2714,0.18462542488739891
2715,0.24469517518513967
2716,0.2343634380657092
2717,0.16601258565496307
2718,0.17843997076825074
2719,0.1989752736845442
2720,0.22864579096602988
2721,0.15178413197710094
2722,0.21050995100889208
2723,0.19466568770849563
2724,0.20681119377416407
2725,0.20720086253951658
2726,0.21327598445138873
2727,0.17831657578075555
2728,0.2124275560127945
2729,0.23291831343495023
2730,0.20504700968989825
2731,0.16077251275151527
2732,0.2319258013395677
2733,0.2021911101469186
2734,0.22537779759892856
2735,0.23136388947406183
2736,0.18348853615296762
2737,0.16521306549773335
2738,0.18989731672974547
2739,0.15440905725611775
2740,0.1535374935084684
2741,0.22073312133711298
2742,0.237161420530209
2743,0.11928221987604665
2744,0.15204611014741715
2745,0.20146515629056144
2746,0.11968388609559988
2747,0.21083609032229517
2748,0.177917564543829
2749,0.16312778395859157
2750,0.17178200581473613
2751,0.2680419937504249
2752,0.18334557394635193
2753,0.2861891646245295
2754,0.17643452221650052
2755,0.232009396557679
2756,0.22561188463873866
2757,0.20648466446914154
2758,0.1959643631774341
2759,0.17591902594544878
2760,0.17725085472101293
2761,0.1873263461945392
2762,0.20920011138179084
2763,0.19822074500536507
2764,0.20369684604017435
2765,0.16893113559813
2766,0.22444260780969694
2767,0.16946415875835213
2768,0.1671904648728465
2769,0.20923739885657594
2770,0.15832888519551763
2771,0.16398086409702634
2772,0.18828542643218832
2773,0.23532217844722164
2774,0.1765942954968881
2775,0.2587959394598996
2776,0.21059545077437442
2777,0.17938186346799784
2778,0.18089048095843746
2779,0.18739328174614084
2780,0.21470448660620006
2781,0.2050437897434768
2782,0.14447755523813344
2783,0.2244433858734785
2784,0.1548046132006039
2785,0.16264063211433682
2786,0.15629418477403634
2787,0.1906156707505538
2788,0.1926998341391714
2789,0.13730571314116458
2790,0.18137600905527135
2791,0.15458549875968625
2792,0.157785047780247
2793,0.1367892511993986
2794,0.20971882183334772
2795,0.12943220082400442
2796,0.1713693628277863
2797,0.23635532397450204
2798,0.22945251429804658
2799,0.16924910615792105
2800,0.2147477745775465
2801,0.235533195689606
2802,0.14188589217222575
2803,0.24434152228093214
2804,0.18426125708569652
2805,0.18353340156747505
2806,0.22173270357372743
2807,0.19908643324028386
2808,0.14956653939132136
2809,0.17400381505599233
2810,0.1629135121664434
2811,0.17060508177732148
2812,0.20422295254639555
2813,0.1747995951954705
2814,0.2097860004821574
2815,0.162959091607853
2816,0.2178365161836931
2817,0.21945849581918042
2818,0.19293527439266078
2819,0.11749405226010617
2820,0.22534795923942746
2821,0.19243417408624153
2822,0.16685647058478353
2823,0.18022203937303077
2824,0.2317766375508557
2825,0.15512322548379642
2826,0.15963616546550047
2827,0.14631686222784762
2828,0.17655427985662858
2829,0.16554112114865982
2830,0.17158150413698076
2831,0.1615775728872884
2832,0.16564671465361597
2833,0.24065647569903337
2834,0.21094825933164024
2835,0.13580317547555149
2836,0.21358813740462923
2837,0.12812044985107313
2838,0.18617506190350747
2839,0.14935032267986076
2840,0.1510214674796389
2841,0.15749352829214075
2842,0.11734707289762875
2843,0.200963663615584
2844,0.17895631850653798
2845,0.18580045824017422
2846,0.1947703405805532
2847,0.1841326262991287
2848,0.17203951191158778
2849,0.19161906199611106
2850,0.21052250741534123
2851,0.17114806542754357
2852,0.23869030266302071
2853,0.21833441705081497
2854,0.27859358003759965
2855,0.24719913924015458
2856,0.16282519458444605
2857,0.22763698261601706
2858,0.19658756566872487
2859,0.2257306576309211
2860,0.19079595805633726
2861,0.218369765037291
2862,0.22617152717870442
2863,0.15020666417318868
2864,0.17219479907309926
2865,0.17087253920157286
2866,0.19836561771997807
2867,0.19680525496427287
2868,0.18097756936542242
2869,0.2723517351427186
2870,0.1246340199221595
2871,0.174663368127224
2872,0.16363023360974033
2873,0.28797887235946856
2874,0.2070012167664484
2875,0.27196340013772746
2876,0.2859293653738274
2877,0.15147619031634996
2878,0.26749248454288993
2879,0.18500893058240925
2880,0.1483956858572863
2881,0.195906056892782
2882,0.13679886425587368
2883,0.1997013582255283
2884,0.18190653673919127
2885,0.14672563410861827
2886,0.15756899317602469
2887,0.1615325141824968
2888,0.18590509304176395
2889,0.19992819241152548
2890,0.17966028432527043
2891,0.15687245785209758
2892,0.2141225205960538
2893,0.14060504143809333
2894,0.15590871516163762
2895,0.12977070708417843
2896,0.17690789103459187
2897,0.22463822531663163
2898,0.16303294807810265
2899,0.23068562048108548
2900,0.18242212491478121
2901,0.20550153447145997
2902,0.2355500922996368
2903,0.20360833215415847
2904,0.19167491179843893
2905,0.1747472705222351
2906,0.149255531112305
2907,0.26405758732864454
2908,0.2089373168146696
2909,0.189129385818605
2910,0.11697171564183034
2911,0.16392191408156676
2912,0.17313265773487335
2913,0.16265441273397474
2914,0.19460436741307457
2915,0.1758384662154679
2916,0.19242265064071445
2917,0.17060587306085112
2918,0.22612602867086345
2919,0.25070717162302697
2920,0.13407503093549167
2921,0.12105430546933588
2922,0.2683928319423565
2923,0.14982296767389613
2924,0.18066461622881758
2925,0.22199210626326227
2926,0.17920565197292876
2927,0.2030344667843621
2928,0.23225008401511554
2929,0.21642828124614572
2930,0.19872493370729083
2931,0.19565171797002073
2932,0.1604964077711451
2933,0.26101419515270585
2934,0.1803709079752619
2935,0.13719036307626398
2936,0.15778336673938637
2937,0.15569442937102218
2938,0.22480020258279437
2939,0.25794133677967906
2940,0.20858850057569495
2941,0.17918379657247668
2942,0.142847638538736
2943,0.23366214482686914
2944,0.18562484756882597
2945,0.14773898817579684
2946,0.20617343755543077
2947,0.1799801899242804
2948,0.1667918554491325
2949,0.2802430715044611
2950,0.15128062219191207
2951,0.25124783295752734
2952,0.1665717816128447
2953,0.16934472920667065
2954,0.2109796642826806
2955,0.24418303401185482
2956,0.15397685833422503
2957,0.1793918429725827
2958,0.18561050573378957
2959,0.14245609320939306
2960,0.25940621498005734
2961,0.22079285709762564
2962,0.2295123089504189
2963,0.1523009895600595
2964,0.16661266308679218
2965,0.12408975089558588
2966,0.19949243489114482
2967,0.17660107686044868
2968,0.18627855243204394
2969,0.1565853576715172
2970,0.1630662524080183
2971,0.12243382654540141
2972,0.2006221891269107
2973,0.24081142036875341
2974,0.17894817340642372
2975,0.1855901338214649
2976,0.2362865814077822
2977,0.17953961337975038
2978,0.21952266235194745
2979,0.23592520486776725
2980,0.1756773204974323
2981,0.23720578004326254
2982,0.1760106956233467
2983,0.2235429724971041
2984,0.22130555155142045
2985,0.2092784153469262
2986,0.18550194738484332
2987,0.2043352791741122
2988,0.23417827427739007
2989,0.1743327734236358
2990,0.2135639245090017
2991,0.231747289143248
2992,0.21091806052942125
2993,0.19658451376831826
2994,0.15242174246912915
2995,0.19959200634690977
2996,0.1747781260081393
2997,0.1461104781833223
2998,0.15368717434261253
2999,0.21983477398799317
3000,0.2636785083314147
3001,0.20018688467331586
3002,0.14130502025421426
3003,0.2559852536564752
3004,0.1808097678946034
3005,0.23817782180104463
3006,0.18628610877599483
3007,0.16135215594585872
3008,0.18714965661921074
3009,0.26850417849793357
3010,0.17309098213286844
3011,0.1326741965272516
3012,0.1933444394932476
3013,0.1672904270107181
3014,0.17330505113886036
3015,0.15555599180487917
3016,0.18989444498260305
3017,0.23898891826541324
3018,0.22033948114056356
3019,0.17180982055549182
3020,0.12433329284946454
3021,0.15963787964067633
3022,0.22477890044688908
3023,0.11452854764439235
3024,0.17291785797406167
3025,0.15111574278144185
3026,0.15822490409713197
3027,0.21266752238187314
3028,0.24529738612963098
3029,0.2438343158292045
3030,0.14905359020335313
3031,0.15550755420108964
3032,0.23032071439685065
3033,0.1142479876969581
3034,0.16251389246990905
3035,0.21049816156193707
3036,0.19185372806437856
3037,0.12459601247125268
3038,0.1370946164385679
3039,0.24001521072519655
3040,0.21509150282143719
3041,0.18939412733045413
3042,0.12144624385757735
3043,0.23446531319328034
3044,0.14939161041795995
3045,0.13320104499814717
3046,0.16389605208364882
3047,0.16351509737254127
3048,0.17418819323963836
3049,0.21986773673805432
3050,0.1493740303170042
3051,0.10120935249595531
3052,0.24160818159582953
3053,0.2025935139340002
3054,0.15076217731128522
3055,0.17192158085347076
3056,0.24076288136706064
3057,0.21973492024886937
3058,0.18222020967288716
3059,0.19536789926425663
3060,0.23628116895386447
3061,0.16003302593579727
3062,0.16309254824057284
3063,0.28834802137529053
3064,0.15805288038508364
3065,0.18367025621295358
3066,0.22179369920751496
3067,0.19599576422934178
3068,0.18441763788717314
3069,0.24502947248621415
3070,0.20826260212790615
3071,0.18330851960983818
3072,0.21328921403848938
3073,0.2179648796460712
3074,0.22751181941058463
3075,0.17075417658486647
3076,0.19440152933382887
3077,0.2973880000532276
3078,0.13549938910002224
3079,0.1834269108934205
3080,0.1837990864395393
3081,0.199283895307096
3082,0.20772590328054324
3083,0.20953752410451104
3084,0.1908986066089971
3085,0.17388973819797843
3086,0.20776858460901637
3087,0.17594878665351776
3088,0.1644099248121041
3089,0.16237468727620463
3090,0.17899479671375962
3091,0.12598241571415858
3092,0.17145509247369933
3093,0.2759014987035645
3094,0.15643043496761921
3095,0.20049854522884275
3096,0.14028150604116352
3097,0.24135377181077922
3098,0.15024069074125806
3099,0.16145983790195345
3100,0.16850102386468302
3101,0.21315187165207156
3102,0.23056816144322728
3103,0.1709807449272755
3104,0.17246479433329293
3105,0.21515524249008477
3106,0.14467214478049772
3107,0.20664176399212936
3108,0.16541139449953096
3109,0.12439147604717216
3110,0.2636078858360625
3111,0.165785607437742
3112,0.20303797631330622
3113,0.13120568171592234
3114,0.22516114267169696
3115,0.14732490553071498
3116,0.15320132665821018
3117,0.15559301230817868
3118,0.19452979349037286
3119,0.14832806567322765
3120,0.1344171803219132
3121,0.2132613244330796
3122,0.1801607355250751
3123,0.18975137291935645
3124,0.15135745957155228
3125,0.15879950618084954
3126,0.18041340199191275
3127,0.1832654461590884
3128,0.19977916229557585
3129,0.17817972000366383
3130,0.21041539040534146
3131,0.20126333919292366
3132,0.1460099096354478
3133,0.19893537418293594
3134,0.2072523121697551
3135,0.19922891685721333
3136,0.2043765376702058
3137,0.20849072571358845
3138,0.1410845015375392
3139,0.25234199059008905
3140,0.1643778825882265
3141,0.22436976981855944
3142,0.1565783195428323
3143,0.21786505092485664
3144,0.2032480066900641
3145,0.2256502080632044
3146,0.1462983769160643
3147,0.17402634861549127
3148,0.14238330402533966
3149,0.1402834423351978
3150,0.21324027312364285
3151,0.22793015748509066
3152,0.3112026916451405
3153,0.11988688494363398
3154,0.16309958470587166
3155,0.2464758018798085
3156,0.2760578321978535
3157,0.1921164476797359
3158,0.12539905152581582
3159,0.1981913827756296
3160,0.16608593948112155
3161,0.173148543877166
3162,0.20530497965091943
3163,0.18548298598442775
3164,0.18997578395527143
3165,0.16753963777566577
3166,0.2060614547193974
3167,0.24191148699939002
3168,0.16925797440470197
3169,0.1560681122373394
3170,0.24283168240186975
3171,0.1692582433306593
3172,0.2591600649700894
3173,0.1946688230306629
3174,0.15970684788422035
3175,0.2205779979834706
3176,0.14852463791212717
3177,0.2527423424296406
3178,0.15399850779500707
3179,0.11358734854509872
3180,0.16932525697165418
3181,0.18450360644868946
3182,0.20156816554096063
3183,0.19840269796034554
3184,0.18971468518609919
3185,0.16843414015272912
3186,0.16110014090246927
3187,0.1820771556627374
3188,0.19345993818452228
3189,0.15918159195316006
3190,0.14852598783934706
3191,0.15098306769191044
3192,0.18728450428775567
3193,0.19667130960848872
3194,0.16361870787862237
3195,0.20034545597790887
3196,0.2212632507543496
3197,0.23713358333900558
3198,0.1334914695018819
3199,0.17333627235853627
3200,0.18471479647766126
3201,0.20133736598520174
3202,0.25753185880597684
3203,0.18239885136059147
3204,0.22363425432959205
3205,0.19061977452091394
3206,0.23147363654242215
3207,0.1567600904845639
3208,0.1532631424470065
3209,0.1738837953367275
3210,0.148623936617711
3211,0.18318550365276015
3212,0.20761384012366418
3213,0.18985899756525781
3214,0.21117037709952952
3215,0.1621069418022822
3216,0.1366481576097638
3217,0.1943242712422567
3218,0.1420299367464668
3219,0.27709737850512123
3220,0.18415821986081554
3221,0.17793571161790644
3222,0.18482815809560554
3223,0.1419852486963591
3224,0.17128259555609998
3225,0.1647729779091927
3226,0.1744916468309305
3227,0.14689455577996308
3228,0.20003978865685323
3229,0.20298690726525853
3230,0.16141157294537473
3231,0.17095808776665877
3232,0.1495622222273147
3233,0.25495516506366306
3234,0.1655319715386317
3235,0.23255418310772996
3236,0.13707932379888205
3237,0.12260055039543732
3238,0.15414262069374707
3239,0.18450882547417952
3240,0.16792061610926018
3241,0.14193564444796303
3242,0.19477238007652836
3243,0.1699649591219689
3244,0.29418083145619994
3245,0.18926970950861605
3246,0.19904814200866255
3247,0.24836454588124568
3248,0.2493446375937663
3249,0.12217039428112791
3250,0.19185363994496119
3251,0.1043177963548036
3252,0.2306871125310666
3253,0.16209989019919352
3254,0.2459124272057881
3255,0.1678955769925619
3256,0.18511484398061606
3257,0.15086918468004834
3258,0.15262260692897828
3259,0.22085577118500144
3260,0.23095123325638345
3261,0.24477550895936545
3262,0.25671287739238574
3263,0.21784911034823895
3264,0.18919505976459322
3265,0.16833541534918378
3266,0.19601490379349745
3267,0.22413199578719423
3268,0.18322677768111223
3269,0.25556083675411234
3270,0.1911716336664176
3271,0.16368619990780525
3272,0.15680728461445737
3273,0.1635771354789014
3274,0.21364668209695836
3275,0.16892186319035324
3276,0.2106945033900059
3277,0.2425229722733181
3278,0.200585868987194
3279,0.20010128684189288
3280,0.1952558470084591
3281,0.1620324574555596
3282,0.15737545510056522
3283,0.20251662286948846
3284,0.12285975201207944
3285,0.19437135799220578
3286,0.1653913937822819
3287,0.18310739597474057
3288,0.18509510479098684
3289,0.19320901275541907
3290,0.21331487535567156
3291,0.15433404658981703
3292,0.1850434943282548
3293,0.1315126917228323
3294,0.20011445927439203
3295,0.21537679765782397
3296,0.1499148044801028
3297,0.2577779401638026
3298,0.18149383158393062
3299,0.22153478771125984
3300,0.13046668031832315
3301,0.17450754221489867
3302,0.12358820345114319
3303,0.23991219565783023
3304,0.19829607626206686
3305,0.12625501500740594
3306,0.17217065186958647
3307,0.16508509433584634
3308,0.2028316646467418
3309,0.19680676640327927
3310,0.18550860390733181
3311,0.16353361707933434
3312,0.16514827346818595
3313,0.2051481769408296
3314,0.2086947478442142
3315,0.20108707328358327
3316,0.22211840807869632
3317,0.17778625204694287
3318,0.2251657181531484
3319,0.16202185203368352
3320,0.23426083991100022
3321,0.232140325533635
3322,0.12728241404851132
3323,0.14660003487451606
3324,0.24279192515732168
3325,0.16570189811319264
3326,0.26491690582382665
3327,0.14493539976379444
3328,0.1558624742450075
3329,0.18759435289605803
3330,0.1793763876485011
3331,0.19222458316533847
3332,0.17295757197678852
3333,0.17675138370135152
3334,0.1622361307864169
3335,0.19177623195129162
3336,0.20586440934814265
3337,0.20338900573897917
3338,0.17384533497000926
3339,0.18202772292687847
3340,0.2555211573082786
3341,0.17347287614474094
3342,0.22304542340068073
3343,0.24144417748261182
3344,0.14566829630825812
3345,0.18848554318383043
3346,0.15617911475287188
3347,0.1123622378383567
3348,0.21234393299295068
3349,0.1753112869747861
3350,0.24440410601238988
3351,0.16724253353837082
3352,0.19164285534095848
3353,0.23025255073150624
3354,0.17272209496432406
3355,0.2341664150677838
3356,0.17507970845470106
3357,0.15752363858998325
3358,0.20160664378692245
3359,0.22778017065418305
3360,0.1989214837415803
3361,0.18378545630607607
3362,0.24379457309495361
3363,0.1707135542670688
3364,0.24538474979798858
3365,0.230807715538644
3366,0.17993915205334582
3367,0.1471925911666468
3368,0.15560954363171703
3369,0.23158687381840998
3370,0.18561610175645266
3371,0.18823654747914031
3372,0.16958010623403552
3373,0.1978336742950239
3374,0.23692735470727616
3375,0.19168707020209597
3376,0.22267606342900537
3377,0.174601389351473
3378,0.21742146647613286
3379,0.1919483480374652
3380,0.2092450412955959
3381,0.15224694140239742
3382,0.15233419287190642
3383,0.13740211441816413
3384,0.21373572556203968
3385,0.16433500242798804
3386,0.20679034917478722
3387,0.19011668647823915
3388,0.17497550703014253
3389,0.18557373777575076
3390,0.16621209928883784
3391,0.19041036211254508
3392,0.15274510564112287
3393,0.23888610903246182
3394,0.1970098587460654
3395,0.17075894587823787
3396,0.1632747751850313
3397,0.1466024606777337
3398,0.22600361029163957
3399,0.17685845425494767
3400,0.18823123026942118
3401,0.20164366582803112
3402,0.13788511996205494
3403,0.17850271384977506
3404,0.21641756466509748
3405,0.1777903964856421
3406,0.22416683573883217
3407,0.13552757949752442
3408,0.200245932804821
3409,0.20156600067709524
3410,0.17886934573464403
3411,0.22227960878252806
3412,0.22619554958689198
3413,0.13462778704648581
3414,0.21104416589048297
3415,0.2229668933993234
3416,0.17718456454048892
3417,0.23456443410888522
3418,0.18156992097338626
3419,0.22282765972536206
3420,0.20817301151492867
3421,0.2464157281581087
3422,0.143776371846777
3423,0.20592354161758497
3424,0.17796870261734699
3425,0.13057768886612975
3426,0.2182871179810692
3427,0.15947827910707507
3428,0.16321996891147472
3429,0.15179473988244518
3430,0.1502069896479975
3431,0.2688023621862961
3432,0.21950513172782354
3433,0.15705160578271393
3434,0.19193661421080466
3435,0.2021930877443076
3436,0.19159661233514297
3437,0.19609799384030274
3438,0.22819893260776664
3439,0.15782884948525583
3440,0.1344553676383199
3441,0.2079004199691193
3442,0.18430381451966643
3443,0.1942594014090372
3444,0.13926645841035984
3445,0.22076736551084158
3446,0.2435677655077148
3447,0.1759326513014804
3448,0.21443502423121863
3449,0.23639733616614977
3450,0.18111002814998606
3451,0.18442070351864243
3452,0.22359000177003902
3453,0.22044967112861896
3454,0.16424511956709986
3455,0.18415921653135697
3456,0.2999048478349783
3457,0.18338600003639527
3458,0.15791915181296934
3459,0.2569147584310361
3460,0.2839841401649555
3461,0.20765188731286816
3462,0.17276960759704785
3463,0.18531372006201813
3464,0.1328920563957791
3465,0.24450859156171628
3466,0.19501392674134327
3467,0.165184509956452
3468,0.16988937735548898
3469,0.14763849282107683
3470,0.1978361202702681
3471,0.2354875613068737
3472,0.16171522225524093
3473,0.2423985176133031
3474,0.21686385623115273
3475,0.19951501534417643
3476,0.16474181995624876
3477,0.20416119453176418
3478,0.18241583311862936
3479,0.2143020253139044
3480,0.17341887042621856
3481,0.13582172693904487
3482,0.1626555776137391
3483,0.20102020652726837
3484,0.16114633704604925
3485,0.24594967471223184
3486,0.21397276048022584
3487,0.18688308716057428
3488,0.16583917676775378
3489,0.1586282945604185
3490,0.15076948499173393
3491,0.22160481108247337
3492,0.16978416104223737
3493,0.2527772370183111
3494,0.17931707290144655
3495,0.24109765599862515
3496,0.21176218058813306
3497,0.20091608579580617
3498,0.1446685633533762
3499,0.12411919229240825
3500,0.14838398205763587
3501,0.16487761389747785
3502,0.17831355032382706
3503,0.19398435402143305
3504,0.173050016451891
3505,0.13910528724615462
3506,0.24934210765514087
3507,0.21282429423516996
3508,0.18157007213146853
3509,0.18804180369449958
3510,0.21503722476290515
3511,0.191669497054425
3512,0.2151011688068883
3513,0.1916785212240354
3514,0.18488577121816713
3515,0.17809887422576381
3516,0.16659015321213938
3517,0.1564798577256435
3518,0.20462982832953308
3519,0.15400141655027894
3520,0.1811750683503932
3521,0.16613894977202165
3522,0.2185315168700802
3523,0.21822331192136518
3524,0.20062286304986715
3525,0.20394007862062968
3526,0.22194095424656618
3527,0.2004120572255103
3528,0.29539310227691234
3529,0.17698381395446344
3530,0.15902547491762753
3531,0.28919694419498526
3532,0.1562104929474658
3533,0.20128048522468134
3534,0.17469905685680365
3535,0.2108091779742139
3536,0.15142553638988304
3537,0.22353961629334956
3538,0.17436060643758922
3539,0.15481375496698324
3540,0.2132779922234222
3541,0.22240628003298601
3542,0.25691315471018056
3543,0.1706535256839667
3544,0.23255191651577956
3545,0.14310228344603781
3546,0.169525925785252
3547,0.22060454676229563
3548,0.1820531208080876
3549,0.1310272777800951
3550,0.19104855160290513
3551,0.12842087270559605
3552,0.1770232509461226
3553,0.20131657823631904
3554,0.1936359308003452
3555,0.233266961897045
3556,0.15555791319340934
3557,0.19432727078618528
3558,0.1311591278223358
3559,0.19253719478448073
3560,0.15943466304463488
3561,0.22188718424687914
3562,0.251834962060964
3563,0.20902773115672474
3564,0.12529306739875407
3565,0.19852591718275814
3566,0.21633249069062777
3567,0.2602822056535137
3568,0.220931852915848
3569,0.238715792706717
3570,0.18911084939136885
3571,0.2671240220425905
3572,0.1960769670284349
3573,0.20476494910496823
3574,0.15382774366978164
3575,0.2071891774690653
3576,0.1563012573719782
3577,0.15711647741220852
3578,0.3030128052184692
3579,0.1954113205729967
3580,0.18449102157075553
3581,0.15989623703000566
3582,0.20295729584965827
3583,0.180834569589382
3584,0.13444953654368114
3585,0.19478473912306804
3586,0.17308118653177823
3587,0.1750710131373046
3588,0.1521408460627961
3589,0.1735499095049357
3590,0.2158930472448557
3591,0.19426185390065137
3592,0.1697486928380747
3593,0.24752729298994058
3594,0.19659920456707086
3595,0.14981688069075633
3596,0.21945075523215957
3597,0.18090577149744902
3598,0.16496481720603123
3599,0.18272774060135755
3600,0.1285169499299157
3601,0.21758545889512948
3602,0.1879081008237341
3603,0.18830098680639062
3604,0.20474507286631977
3605,0.13843621875933848
3606,0.21950006708908926
3607,0.17816912062104284
3608,0.13277349320577897
3609,0.23333940235431733
3610,0.20706686738317165
3611,0.1310136526767522
3612,0.190554722675702
3613,0.16471460725429676
3614,0.2711043408061244
3615,0.1340819409947442
3616,0.20715268159921013
3617,0.17496020943801444
3618,0.22086707810781742
3619,0.19806208315681906
3620,0.13434059290130584
3621,0.1832476455842883
3622,0.22547273241037163
3623,0.2549468307447979
3624,0.2187686336288423
3625,0.23226975330953376
3626,0.14245026048548765
3627,0.11986864684333448
3628,0.2171642567378917
3629,0.1671680226240994
3630,0.12245103621194009
3631,0.1264276435555151
3632,0.16218656506715862
3633,0.15044722116344295
3634,0.12008064539785851
3635,0.13993456402523502
3636,0.18383599803648826
3637,0.2017852063308913
3638,0.17893324145109923
3639,0.1889302200761223
3640,0.15765624485700375
3641,0.1665788791926131
3642,0.2367717914209339
3643,0.20133732309766733
3644,0.19678505629639392
3645,0.1905732525117782
3646,0.1669078935958393
3647,0.19338045150209165
3648,0.17388415467647667
3649,0.17013054792434473
3650,0.1950331436263119
3651,0.14119713728036992
3652,0.25030302484528216
3653,0.16007060746909701
3654,0.1800669537167653
3655,0.20222304623632154
3656,0.14018465594489954
3657,0.2195304452659747
3658,0.13788649165838524
3659,0.15671748226663546
3660,0.1749243267975511
3661,0.1851855762973192
3662,0.19550078434550516
3663,0.15858086660830067
3664,0.19676512066974056
3665,0.1567067386073076
3666,0.21039833765331212
3667,0.14700240871142062
3668,0.18379752871861194
3669,0.2112799506688356
3670,0.23691975451628144
3671,0.16759208513167762
3672,0.14513136754934536
3673,0.22914070628976196
3674,0.17082621335046538
3675,0.21815398361443256
3676,0.12510304835881542
3677,0.18729375078453048
3678,0.2201496133304745
3679,0.13385192166189847
3680,0.1365567352208436
3681,0.1872815984112267
3682,0.16336402022945112
3683,0.11802822060378876
3684,0.1738901558286734
3685,0.2032713594227883
3686,0.1506485963260923
3687,0.2052925412336738
3688,0.19760807340559666
3689,0.16780981554265012
3690,0.13996276511576256
3691,0.17731123271474447
3692,0.1962334231644669
3693,0.22172549187005602
3694,0.20348811860289906
3695,0.20442451814447643
3696,0.20545198376717833
3697,0.23384798890151198
3698,0.163682267729996
3699,0.18711750060401983
3700,0.2213963152860775
3701,0.1873631609762782
3702,0.14826184470634518
3703,0.17280256357063623
3704,0.1742668839931229
3705,0.20459243365305096
3706,0.17210880551278113
3707,0.18881107255490753
3708,0.2682575973306734
3709,0.19006407960287613
3710,0.18745006793481223
3711,0.18884930810730732
3712,0.18512809106429612
3713,0.1653833472144699
3714,0.1535038498806739
3715,0.20746593693493437
3716,0.21408315466652023
3717,0.24397106216201409
3718,0.25110897398378007
3719,0.16664936113363993
3720,0.25540556199802217
3721,0.19879852378459212
3722,0.133162758449143
3723,0.24383957375501814
3724,0.24711217890739118
3725,0.19607790542785403
3726,0.17303420187234098
3727,0.1577386760065992
3728,0.23801849390699892
3729,0.24782851775709064
3730,0.1857945037992061
3731,0.22175330975204022
3732,0.14904673879359076
3733,0.1690660627652601
3734,0.19868302027678192
3735,0.21037168006198886
3736,0.23621504357125023
3737,0.22359536851968148
3738,0.13844052570130888
3739,0.18471226625001197
3740,0.17534257498053618
3741,0.22682339509398086
3742,0.17940396665042957
3743,0.2305590044914994
3744,0.1366725565379623
3745,0.16832366966084855
3746,0.2790744651122659
3747,0.19499545391403655
3748,0.1991978805773456
3749,0.1991837906815549
3750,0.16572687199751757
3751,0.19318951360831055
3752,0.24215142677643114
3753,0.16693554287814505
3754,0.20162850878086053
3755,0.2179152903332477
3756,0.16578869857918466
3757,0.13900400002041885
3758,0.14587640806315394
3759,0.21614337170693637
3760,0.18380319056187316
3761,0.20363306705743472
3762,0.15196474169755786
3763,0.2837275754873185
3764,0.1975740144809871
3765,0.13640431720308888
3766,0.19470905404765626
3767,0.21574585790725614
3768,0.18989978874264035
3769,0.17769984478021877
3770,0.16607026767833394
3771,0.1839604833967307
3772,0.2035091426805365
3773,0.12469283618467247
3774,0.1752664587269388
3775,0.1868663382713665
3776,0.22404594406274142
3777,0.15695140592295614
3778,0.18512950355833296
3779,0.20868657338311097
3780,0.1811662453421809
3781,0.1842811976059156
3782,0.1178097412277207
3783,0.16380702115105428
3784,0.158366189675414
3785,0.20663828348863145
3786,0.21174684755930778
3787,0.1451333691250591
3788,0.23413966485774218
3789,0.2386763816285249
3790,0.20706015634586855
3791,0.1882165165892219
3792,0.231657931522321
3793,0.18082044716221096
3794,0.22282318363615927
3795,0.17842428600791244
3796,0.16329016684606534
3797,0.15091144558554798
3798,0.16656258684942177
3799,0.20626523319406448
3800,0.1723171645010983
3801,0.18928398936962215
3802,0.18503358707695605
3803,0.15623322106744358
3804,0.17288113817173906
3805,0.19020162832352644
3806,0.17283890230258753
3807,0.18204254048824314
3808,0.19320360886134896
3809,0.17226554835238578
3810,0.12286666105781613
3811,0.2256404653294915
3812,0.15788833942672204
3813,0.19115602141794125
3814,0.16412618478568364
3815,0.13635620194752346
3816,0.1317485430047875
3817,0.20309846182184826
3818,0.19344364296361022
3819,0.19353733330372613
3820,0.13045724920074175
3821,0.1350299075994083
3822,0.30011334293467323
3823,0.1869267829390197
3824,0.24658076405973323
3825,0.12385051880587838
3826,0.20639586934100568
3827,0.20785824617128218
3828,0.21721978049710794
3829,0.13663822430571332
3830,0.13944155386485707
3831,0.16485254843131242
3832,0.1159630082511619
3833,0.24721079144949154
3834,0.1624035328638881
3835,0.1768213696100031
3836,0.2149736648702979
3837,0.171553229204987
3838,0.12152099193780036
3839,0.2124325747824401
3840,0.1552638556723282
3841,0.24105064188171849
3842,0.1925224517484463
3843,0.18710002855571978
3844,0.19691967393121879
3845,0.22036954025551425
3846,0.18224654136435364
3847,0.1670800926869907
3848,0.15749957090754313
3849,0.2100261705941312
3850,0.20112159680134956
3851,0.19485877894504655
3852,0.17388055200450364
3853,0.17857947004235059
3854,0.2467065861123116
3855,0.2302940575332464
3856,0.17211176170239395
3857,0.16620607032537438
3858,0.2019535744383153
3859,0.20347755603032103
3860,0.21567030379333912
3861,0.26588424553406625
3862,0.18066594425905053
3863,0.13113400615884163
3864,0.15194358310606543
3865,0.19392950328974407
3866,0.1699261600192507
3867,0.18669924653823738
3868,0.1557018554892367
3869,0.15687876187677913
3870,0.14322093193099594
3871,0.20477255250882387
3872,0.1330630728343326
3873,0.26048350058887765
3874,0.18742976351969898
3875,0.27180327961902495
3876,0.17981660243932712
3877,0.1921759826070304
3878,0.1346849370126908
3879,0.17719245635120917
3880,0.13135134097729623
3881,0.20699920461859578
3882,0.23832097919844691
3883,0.20702459286390001
3884,0.18128653066041284
3885,0.1631741349051179
3886,0.17723527529143196
3887,0.2529528340269277
3888,0.18470874854774616
3889,0.18595058080724253
3890,0.20341507632774797
3891,0.1740011864265999
3892,0.1825612910681625
3893,0.1939366607269089
3894,0.24919028437066415
3895,0.1993176413844291
3896,0.21768665444570862
3897,0.16375038768366074
3898,0.17686886169938998
3899,0.2724017457275553
3900,0.19282363280462828
3901,0.20861076640338144
3902,0.12960363272751668
3903,0.20565470462624535
3904,0.16609610571593658
3905,0.12919736301971618
3906,0.23322088704158744
3907,0.17453658947273087
3908,0.19077774887315951
3909,0.12777072440700132
3910,0.19658139911402123
3911,0.20635317499975098
3912,0.20374980426871303
3913,0.1513121235664337
3914,0.14093273476364088
3915,0.22648800174524192
3916,0.14012785227426122
3917,0.22458512417326942
3918,0.22276781492325232
3919,0.18466739503850443
3920,0.1537397481229345
3921,0.2027343822101762
3922,0.19221397829764847
3923,0.22343155285574862
3924,0.13256675922106026
3925,0.15481357860287043
3926,0.1836868381492026
3927,0.186167551681718
3928,0.2302957974437298
3929,0.1926370731369461
3930,0.11451786538174635
3931,0.2088249942462464
3932,0.15750446880407148
3933,0.14954823039560783
3934,0.16456279337758117
3935,0.27902561549631694
3936,0.16015733056882892
3937,0.12633568687937663
3938,0.1518148657776317
3939,0.2215416868885075
3940,0.1861828735341673
3941,0.15712137446854307
3942,0.2026826214418967
3943,0.23762511592679408
3944,0.16494199035608031
3945,0.157514325334969
3946,0.19451696780144878
3947,0.12726378863327137
3948,0.15401511597752837
3949,0.153317403729804
3950,0.15187709975567987
3951,0.21379096043127638
3952,0.18980078645931547
3953,0.16365853503949607
3954,0.22482958661571223
3955,0.19046993967526188
3956,0.17997912161192542
3957,0.14974261363531033
3958,0.2366330516860657
3959,0.17052179767009173
3960,0.14027048373325635
3961,0.17620667392049955
3962,0.19811290567324863
3963,0.22583742574317772
3964,0.12778123912989625
3965,0.1309872743652734
3966,0.21045406536480277
3967,0.19860976603304553
3968,0.24856356497721638
3969,0.23012858939938502
3970,0.12492415719124123
3971,0.24387220269198295
3972,0.1240342449859072
3973,0.13731606634069815
3974,0.19387214327088959
3975,0.198025042485234
3976,0.1747826206610632
3977,0.18727052274591932
3978,0.263946474648381
3979,0.2457885760182862
3980,0.14877176602301423
3981,0.26739006107039365
3982,0.16077190727713148
3983,0.2020927842876435
3984,0.14789837083812135
3985,0.20209193726649916
3986,0.16490176995290123
3987,0.11414272579059398
3988,0.14721354947407833
3989,0.18051227715534102
3990,0.18881310512393623
3991,0.18200549736809052
3992,0.1763447464042613
3993,0.18564405382578963
3994,0.22143927703842675
3995,0.23214534674238924
3996,0.1559680167658019
3997,0.13688499117116054
3998,0.18868697842336035
3999,0.17930007921329788
4000,0.16715976497214363
4001,0.2024602836749081
4002,0.19746724807530247
4003,0.17023875242437542
4004,0.20489482337834863
4005,0.19807241677413062
4006,0.1481153911310235
4007,0.19274298969551512
4008,0.2379816994949987
4009,0.13343956393180917
4010,0.21475133298137417
4011,0.21016232872697
4012,0.27731391286158413
4013,0.19784939415114355
4014,0.1428382062730852
4015,0.15038457165225133
4016,0.18849905613155143
4017,0.16030905501327036
4018,0.20783619262682607
4019,0.18356815126732567
4020,0.17937791166001488
4021,0.16255152904454767
4022,0.2077827623734136
4023,0.11779925745725345
4024,0.17725603170490511
4025,0.19320887651301166
4026,0.1739643060203625
4027,0.1770062191540704
4028,0.1917773269902609
4029,0.1758541721648187
4030,0.1748955983250084
4031,0.148184530930575
4032,0.19411314885348646
4033,0.15419093127288952
4034,0.2572654752843375
4035,0.18294020315578974
4036,0.16660401479485548
4037,0.13634790027350413
4038,0.17949309405574987
4039,0.14271656157823281
4040,0.2361672205333481
4041,0.1580357443712207
4042,0.13528488768636115
4043,0.2600861791089129
4044,0.21817367468428311
4045,0.24066791736659593
4046,0.14699944712373103
4047,0.23050815902102195
4048,0.1741002312422018
4049,0.15829859563472504
4050,0.15463719980994528
4051,0.1969071503876193
4052,0.169688461007318
4053,0.2402234908099335
4054,0.1460372708062217
4055,0.15836089447564433
4056,0.17121854002038955
4057,0.16493906948274983
4058,0.13588101781889472
4059,0.1875767394549714
4060,0.212553047718196
4061,0.20086299083468706
4062,0.19701598739332155
4063,0.18823941328198274
4064,0.15803738002502926
4065,0.24335505412210007
4066,0.2202048849265294
4067,0.14784437169901976
4068,0.18319498997804234
4069,0.13964945103273968
4070,0.23295380598626841
4071,0.14346358297002565
4072,0.2641456363718118
4073,0.2224820781259334
4074,0.14554635647142927
4075,0.16652893465699453
4076,0.22704953675416212
4077,0.2127846375607063
4078,0.2289862851683816
4079,0.20105951833489788
4080,0.14500042470532498
4081,0.22277055899983006
4082,0.19349521115058538
4083,0.2378587250674657
4084,0.191883393594734
4085,0.20398687224328776
4086,0.23841912912662544
4087,0.24238161986310564
4088,0.19554450374828264
4089,0.19722939926375338
4090,0.25364607047242055
4091,0.2306179509210412
4092,0.1547589724189921
4093,0.19764872629274988
4094,0.12746444242547106
4095,0.18675154048691106
4096,0.21102179008440242
4097,0.1544451819548504
4098,0.15288742493322566
4099,0.11814173797620847
4100,0.15984346902514673
4101,0.18232686212803284
4102,0.180175213917044
4103,0.2062161532806171
4104,0.1754367592498905
4105,0.16462529548123733
4106,0.1946925554277465
4107,0.1971938287908504
4108,0.24617101477513276
4109,0.21057751070376257
4110,0.22229198565667202
4111,0.27566270743547444
4112,0.26489583588759574
4113,0.18885612155312465
4114,0.19374345615799388
4115,0.2426906904769236
4116,0.16328568139304878
4117,0.1718105245345795
4118,0.23770298815051139
4119,0.20464427429504284
4120,0.18808014545040402
4121,0.18253589653055485
4122,0.1664538079800379
4123,0.18376785365828469
4124,0.20542575602646268
4125,0.17343610242987562
4126,0.1859610742311572
4127,0.17449950634075123
4128,0.12286604353304292
4129,0.12743571065998777
4130,0.272609788949507
4131,0.15156862236528285
4132,0.1626676619363065
4133,0.20422564352952188
4134,0.1780861863856799
4135,0.1410880170322592
4136,0.23542253472605035
4137,0.20563176620682772
4138,0.22291846975789842
4139,0.1418523052256862
4140,0.12309297771694616
4141,0.1880121224337229
4142,0.15047183362971422
4143,0.20380810409111816
4144,0.15506468294777254
4145,0.17154675825110338
4146,0.17765059665956434
4147,0.11774409471241382
4148,0.16108220261352357
4149,0.24009593302324056
4150,0.233682007834897
4151,0.21467669804274986
4152,0.15744966716102554
4153,0.18574002583638288
4154,0.1991554436306306
4155,0.16814921782296027
4156,0.16020759923200917
4157,0.15428547135891435
4158,0.20674392286870796
4159,0.19348025121744133
4160,0.18530461561043804
4161,0.2314419757839244
4162,0.1618364338164494
4163,0.24348333730395616
4164,0.22311370649082757
4165,0.11669632284709103
4166,0.20313190028733735
4167,0.2269797899416091
4168,0.2315355894530568
4169,0.18819565201241106
4170,0.1657087285534758
4171,0.20009112466663065
4172,0.1326983402888574
4173,0.15855306658400287
4174,0.15658434325749598
4175,0.15749130338899608
4176,0.14838184141398275
4177,0.14621452844852312
4178,0.1423457030385285
4179,0.16667597061812628
4180,0.1991939408170963
4181,0.20389978691120464
4182,0.12987954991068934
4183,0.1795057335613809
4184,0.15831577044289735
4185,0.20194511516304592
4186,0.13558783283193204
4187,0.15012815279873298
4188,0.21712155143341733
4189,0.15780884772199355
4190,0.15218391342340826
4191,0.2568526789901507
4192,0.22310884793262425
4193,0.2957714108180834
4194,0.2881095115972834
4195,0.17598315865392072
4196,0.17663413838957587
4197,0.2344476506991554
4198,0.2093960629575285
4199,0.17417429442640142
4200,0.19599324281879676
4201,0.11613371153553131
4202,0.17806762514752034
4203,0.18919239522716147
4204,0.15520319194040405
4205,0.19575630156585982
4206,0.19391014648485977
4207,0.20312023363449938
4208,0.13659123728597844
4209,0.16407092896085906
4210,0.21088491509847285
4211,0.23111695451945086
4212,0.13533441718353717
4213,0.1665212084951772
4214,0.17588546448006526
4215,0.20332770853425403
4216,0.2305048357794482
4217,0.1527355758087811
4218,0.13320549494802575
4219,0.21540816491630677
4220,0.27172105797784984
4221,0.15164510735477127
4222,0.17213333061031838
4223,0.13094277475159793
4224,0.23254600144821497
4225,0.16222786122658167
4226,0.2572405618757852
4227,0.18266369329978993
4228,0.14258311610603103
4229,0.2444953721198816
4230,0.17112748488271573
4231,0.2488911432608828
4232,0.16468747803276218
4233,0.18174992216399016
4234,0.21031929581055692
4235,0.2082140097951698
4236,0.18133497149912486
4237,0.12394502706606197
4238,0.17237936621473943
4239,0.2237335442694553
4240,0.12297037220852525
4241,0.24721566556077718
4242,0.14098802953567258
4243,0.18059825956999415
4244,0.179261449728552
4245,0.21087614301899088
4246,0.18456459068387593
4247,0.14032013237782032
4248,0.1467820702119787
4249,0.11267791602424332
4250,0.21004700163249918
4251,0.218344482733358
4252,0.15475053141405287
4253,0.1938800068293562
4254,0.18428268646235751
4255,0.19859383673610453
4256,0.16651179311498715
4257,0.13226992266046195
4258,0.20779093685357658
4259,0.20195335732201236
4260,0.23420277719979565
4261,0.17745079970826722
4262,0.23430519014931078
4263,0.2120882876131689
4264,0.22074698106650054
4265,0.17300027916918376
4266,0.1429858542324124
4267,0.16534516596761645
4268,0.14748621014747992
4269,0.13047799487496725
4270,0.1712522276723833
4271,0.1284704689633428
4272,0.16983860259193384
4273,0.1918999534375992
4274,0.16660928353653415
4275,0.2148767059464251
4276,0.19446487167415633
4277,0.12989845033079944
4278,0.13514899436469419
4279,0.16367673041277936
4280,0.17611253694557621
4281,0.19944169123727967
4282,0.19729290750677037
4283,0.18005269541712016
4284,0.13950597833569917
4285,0.14461175670443227
4286,0.1667720142543923
4287,0.16837008783068402
4288,0.25576855414042793
4289,0.19809874581455633
4290,0.25167515848540317
4291,0.1439542583378693
4292,0.2003558716598533
4293,0.11458938295963034
4294,0.15860709468805606
4295,0.16210789315548013
4296,0.232433464956309
4297,0.19605604475270694
4298,0.16725886675015772
4299,0.21110276655644344
4300,0.21740828273231672
4301,0.15654112475252507
4302,0.18058663080197052
4303,0.2955388048619182
4304,0.13485054817441394
4305,0.20034974554898433
4306,0.14244845344917662
4307,0.17739053939739985
4308,0.22982194613003565
4309,0.18723859030531093
4310,0.22055888454130818
4311,0.14178461840012313
4312,0.16150905590654469
4313,0.1598792280733699
4314,0.18996801907309063
4315,0.19698391342028448
4316,0.1525174107782346
4317,0.19073296231009135
4318,0.16635332779344159
4319,0.1890977187030004
4320,0.1917119896281711
4321,0.20529811105604645
4322,0.17800197212357022
4323,0.18909089453069872
4324,0.24516547065250893
4325,0.1898467313172753
4326,0.23810122435760678
4327,0.1673612682147968
4328,0.16172284240958995
4329,0.2095074454926557
4330,0.19010356977270676
4331,0.17545391572177121
4332,0.2204524993874361
4333,0.14701048796070837
4334,0.2125616172815849
4335,0.2346952962052089
4336,0.1843655561654572
4337,0.213323558395632
4338,0.1482721682851042
4339,0.15668910647643552
4340,0.25074047449831777
4341,0.18799905671684453
4342,0.15910943703649116
4343,0.16897792656367366
4344,0.19590584211140932
4345,0.22469998450736667
4346,0.1256634829636349
4347,0.1614280874327802
4348,0.15042039138250657
4349,0.1663689247787956
4350,0.1603908447123385
4351,0.1457810976220547
4352,0.17731569239871364
4353,0.1791794076504848
4354,0.17882969627723166
4355,0.19601151224586488
4356,0.16077855671820168
4357,0.1971798178597967
4358,0.2128351012774089
4359,0.14176243514924047
4360,0.14575127651018366
4361,0.1694984541272474
4362,0.21032107273939277
4363,0.16779137673899946
4364,0.19292537882030336
4365,0.18974152728742033
4366,0.16289552101127563
4367,0.1838304933913799
4368,0.11626887341949949
4369,0.13137401702303436
4370,0.17376773437702725
4371,0.16858216470767473
4372,0.1430056195579475
4373,0.20141484261933923
4374,0.17336991391881723
4375,0.18833460556169507
4376,0.21189753593409477
4377,0.14207356113595299
4378,0.15671138761380388
4379,0.1058865266746023
4380,0.18069365438867718
4381,0.1481988285340467
4382,0.26664159698808737
4383,0.17885895397006407
4384,0.18099243174654267
4385,0.17227544862700334
4386,0.2185081308509388
4387,0.2338491725829499
4388,0.23410661548077377
4389,0.21271372338947325
4390,0.17008698369031294
4391,0.2203460472504956
4392,0.21324717266111243
4393,0.22338822754412574
4394,0.18893146076853817
4395,0.18330875649988237
4396,0.17638199088838996
4397,0.15566389368040617
4398,0.29097664307743765
4399,0.18208293050677288
4400,0.21734362560033327
4401,0.18433443593532106
4402,0.19000125958115405
4403,0.12014279519024373
4404,0.1772504441496019
4405,0.20145312039986413
4406,0.15653666551819917
4407,0.17137995909971154
4408,0.26756043462350615
4409,0.2303078667613509
4410,0.18647631778077117
4411,0.19331797717070898
4412,0.22026892431244133
4413,0.22714114960764376
4414,0.21688760577031457
4415,0.19982524932189366
4416,0.2278692942417005
4417,0.23509124145705013
4418,0.2288485543222375
4419,0.19098083061125476
4420,0.1994263404026041
4421,0.24300631150265056
4422,0.18290719761585544
4423,0.22673385117570544
4424,0.18769284372876283
4425,0.19079576505656176
4426,0.13930938405290993
4427,0.1447049617829989
4428,0.162701365018379
4429,0.18187418098109492
4430,0.19606922819300399
4431,0.21597036694775207
4432,0.15698217183499547
4433,0.1742177680002886
4434,0.1855476522405196
4435,0.17972836802428788
4436,0.15622039693652706
4437,0.19444898979850989
4438,0.14662882675191063
4439,0.2199182931443856
4440,0.26089049242851675
4441,0.21460823468089246
4442,0.15440740332944397
4443,0.24167360243953245
4444,0.1330248967298135
4445,0.22754024677783546
4446,0.23532714766534835
4447,0.17935210453405687
4448,0.1868740336672003
4449,0.17029497725667592
4450,0.14567944282152467
4451,0.16901956689858655
4452,0.2291234003624722
4453,0.11455435859819468
4454,0.167561301874117
4455,0.25672196780738993
4456,0.20527764517490582
4457,0.1807311869679411
4458,0.16136292470572033
4459,0.21862806997767742
4460,0.13878026177255848
4461,0.16380850161505772
4462,0.17782139054957435
4463,0.20673303618822764
4464,0.19953285775336027
4465,0.24495231725036282
4466,0.19879239518024167
4467,0.20241244037267325
4468,0.1973469435666455
4469,0.17378508354705907
4470,0.22465542455320126
4471,0.17176539453283063
4472,0.22831338138329843
4473,0.17845626929296887
4474,0.23767500034052708
4475,0.1882995850187249
4476,0.16165920557225627
4477,0.16074592686604078
4478,0.19860239159525644
4479,0.2441457949142828
4480,0.2378387899979672
4481,0.1608438655128826
4482,0.23603536430943572
4483,0.16784119167192346
4484,0.21514329064848936
4485,0.1924882657299415
4486,0.23717873591269983
4487,0.156422137778577
4488,0.20474138097042172
4489,0.18664281029400087
4490,0.1772705619439417
4491,0.2012245456600431
4492,0.20114836587156776
4493,0.23170950314770755
4494,0.22856989529143518
4495,0.19371114189133626
4496,0.12314048585170195
4497,0.1899442994180902
4498,0.23569795972551966
4499,0.28479618792852285
4500,0.18386033769130733
4501,0.1762446276277908
4502,0.1542834972779707
4503,0.21007301090101305
4504,0.12029432974136933
4505,0.20300815990101434
4506,0.226230255478021
4507,0.16740834436066115
4508,0.16350235334041419
4509,0.20255735739430403
4510,0.20350260913902535
4511,0.1311679410137106
4512,0.20644622404856228
4513,0.17664232766371446
4514,0.2144997313212148
4515,0.19786170135478154
4516,0.14666981028006804
4517,0.18580448056178223
4518,0.22014656081639938
4519,0.21776852449835593
4520,0.17374986614886773
4521,0.1439961789581029
4522,0.1640171266754984
4523,0.22969459039522117
4524,0.1666817675454217
4525,0.16598838267768978
4526,0.18986974971235876
4527,0.20529434996143986
4528,0.14193199059609457
4529,0.16265853938624703
4530,0.19678247746482064
4531,0.1652888717754301
4532,0.12484263223912856
4533,0.16171976097096313
4534,0.16983835736170172
4535,0.1515162493439593
4536,0.15859243123124617
4537,0.1508331372598291
4538,0.15922457756936825
4539,0.16605787105649988
4540,0.1971461025463102
4541,0.16527194643557258
4542,0.24357937820987352
4543,0.2411178446151353
4544,0.26626546161323467
4545,0.1396016319596997
4546,0.16355273510857748
4547,0.20555038723249147
4548,0.2130510674591491
4549,0.18740030155696985
4550,0.20070732244172046
4551,0.17351427676070214
4552,0.2284263877165445
4553,0.2437003711280345
4554,0.15776464230435078
4555,0.1787631147335378
4556,0.2019383806710704
4557,0.19240635248018567
4558,0.21460076891704483
4559,0.2119618013326912
4560,0.1115053856439861
4561,0.17534931872868004
4562,0.14837732042645524
4563,0.1253379106224694
4564,0.1295206781474491
4565,0.2043302225677202
4566,0.23221408334465027
4567,0.18766723344436365
4568,0.2480824535693098
4569,0.2107035741168185
4570,0.20195826210428025
4571,0.19249669300220995
4572,0.21966770656136914
4573,0.14084392084867353
4574,0.17971776512892262
4575,0.18992501910302506
4576,0.2610357658793893
4577,0.16105451403449755
4578,0.1454316298229243
4579,0.2474883682533181
4580,0.14788290768280182
4581,0.16257785555465654
4582,0.15592324076902925
4583,0.19104152731731977
4584,0.2133883182844642
4585,0.17606159733825855
4586,0.2338766863308916
4587,0.1431205705363644
4588,0.21283748353348497
4589,0.16419318259282828
4590,0.17211768222348545
4591,0.23772802720138952
4592,0.1934877020741887
4593,0.2399564133692878
4594,0.15904511437363755
4595,0.16031167927393708
4596,0.19086732425562608
4597,0.2046023280070311
4598,0.12792322124599537
4599,0.15806225779926375
4600,0.16081906831295617
4601,0.17331471488831113
4602,0.13834382064649564
4603,0.21249656296406666
4604,0.17001915087790914
4605,0.20103613920462632
4606,0.14825814262829123
4607,0.18917795182362646
4608,0.24346759194031825
4609,0.1264114799032518
4610,0.19566316515082954
4611,0.25442894356769985
4612,0.13912663046793727
4613,0.17003676602335255
4614,0.14620057122271185
4615,0.16326295344277214
4616,0.1502330830875061
4617,0.14342098564562694
4618,0.1922770354602636
4619,0.1377942792737435
4620,0.21307029361235968
4621,0.12744485565619013
4622,0.1839634668475783
4623,0.16763184688274402
4624,0.1975043732943112
4625,0.17498832557746624
4626,0.2057625303937075
4627,0.1973212145522495
4628,0.13938063572116677
4629,0.23889303615914964
4630,0.16991118725427873
4631,0.14163846421549126
4632,0.1589601522028104
4633,0.1166150379187692
4634,0.15732832287432152
4635,0.20322024658165128
4636,0.22057720213873538
4637,0.23305656604194896
4638,0.2528200032206625
4639,0.1296759927007659
4640,0.14060184047027918
4641,0.17843387344080602
4642,0.24091649458890435
4643,0.21484033907117622
4644,0.13717304613666137
4645,0.1886009040807688
4646,0.30101175447144174
4647,0.2547931879651006
4648,0.2519464844984588
4649,0.2304126357646193
4650,0.21280713458068218
4651,0.26508376031868147
4652,0.17533682837647074
4653,0.19795111488546463
4654,0.16829121730801005
4655,0.1826111898353016
4656,0.19550455934411126
4657,0.12750117648360987
4658,0.13081321902000814
4659,0.20441961605439213
4660,0.18595470983621587
4661,0.13128585164304846
4662,0.2416170448636225
4663,0.24039039566429427
4664,0.2056807337151676
4665,0.1379434544410934
4666,0.191731026576082
4667,0.2226475543542646
4668,0.23255680986877963
4669,0.17399582981162703
4670,0.18804757296570113
4671,0.18938612398526855
4672,0.14025907667591014
4673,0.22777957097781448
4674,0.17956829750870412
4675,0.13600935030452466
4676,0.19668928455779128
4677,0.2613739473392846
4678,0.18477355420902136
4679,0.17596827477986604
4680,0.24289089455256446
4681,0.22983126145741156
4682,0.2262150255592223
4683,0.19212943203636618
4684,0.22705033507824673
4685,0.13751117438123772
4686,0.24888912055814466
4687,0.17165386598066534
4688,0.17765860008745077
4689,0.24229371199846184
4690,0.22285586708367938
4691,0.16122736736857535
4692,0.20186175791618094
4693,0.14344218198227238
4694,0.17230124713923411
4695,0.23316855525864322
4696,0.13749123657922618
4697,0.20718504647899216
4698,0.19366444653076714
4699,0.25559861823775615
4700,0.13510383748200355
4701,0.17748100196978162
4702,0.15719054127269633
4703,0.23793821492607886
4704,0.26392652362965413
4705,0.1671786585059868
4706,0.14691764152584963
4707,0.15717506497549721
4708,0.24171198250891496
4709,0.13588777283180442
4710,0.16699419949269184
4711,0.24439858761861383
4712,0.17703661913481522
4713,0.20570730467522969
4714,0.12238077164546274
4715,0.21281607952824827
4716,0.1442522739522657
4717,0.22075605700877998
4718,0.20734939548836534
4719,0.17122801944945126
4720,0.20610004642728613
4721,0.17447433811655017
4722,0.1959859671336388
4723,0.20287900530663466
4724,0.15709825419169937
4725,0.2123454690063617
4726,0.20049143376100603
4727,0.15725181861053744
4728,0.17060867936697582
4729,0.16970553000139005
4730,0.12273088150241385
4731,0.1913545129983819
4732,0.22111739521665402
4733,0.27294773700335634
4734,0.28906427891139946
4735,0.15890867458889263
4736,0.1702410521096649
4737,0.17935756538702358
4738,0.19661188653566714
4739,0.24783380386848874
4740,0.21259522673802278
4741,0.1767748191330653
4742,0.20743130268858484
4743,0.12564189574046153
4744,0.12731213715107986
4745,0.21205943311268294
4746,0.14463497357724797
4747,0.2295458650381656
4748,0.19659458437317417
4749,0.13348284258690624
4750,0.1709746438648338
4751,0.1575869265130248
4752,0.15915647072984573
4753,0.1992455178686739
4754,0.2335425961473725
4755,0.17653424547541702
4756,0.24882007531908984
4757,0.25926401878718414
4758,0.17148351586489047
4759,0.20689088827688834
4760,0.19017879330715448
4761,0.13127995156963684
4762,0.24105200526521975
4763,0.17190331053095692
4764,0.20613908336291248
4765,0.24508918000222102
4766,0.16366257495596537
4767,0.19634144394515707
4768,0.20603421829001017
4769,0.21479894806571398
4770,0.16137493191344038
4771,0.18862522484676641
4772,0.26014981028870293
4773,0.17367315784667842
4774,0.15917152944625262
4775,0.16326467624583624
4776,0.19745126758039894
4777,0.18212447416686056
4778,0.17774109954508682
4779,0.16886464852362992
4780,0.25345010197837287
4781,0.20224992956983262
4782,0.157984012843928
4783,0.13063430360278522
4784,0.1560336296450826
4785,0.17287672695351103
4786,0.1800663755218982
4787,0.19733340898971308
4788,0.170450705690817
4789,0.17729512972924105
4790,0.21860667803930112
4791,0.15714836711240665
4792,0.14879065687635928
4793,0.19224750763359427
4794,0.16052384093881406
4795,0.1338645202442233
4796,0.2210941108778532
4797,0.23761366170387477
4798,0.16700048057643385
4799,0.1297138267136766
4800,0.16479824689615208
4801,0.2443748552248618
4802,0.1736515752173145
4803,0.21073232728730218
4804,0.17447613773769616
4805,0.15130231242116604
4806,0.27300814779709526
4807,0.18769286711166205
4808,0.1895831648609595
4809,0.17397495751162406
4810,0.242758266920983
4811,0.1459791561522657
4812,0.1466357963607131
4813,0.17076730658444678
4814,0.1628279891865675
4815,0.24856523521279483
4816,0.16896364313968198
4817,0.18891356466202702
4818,0.2008712575339957
4819,0.23013900451537506
4820,0.147946300566709
4821,0.29529421749742535
4822,0.16124391199859522
4823,0.20675811459811555
4824,0.23034468737625463
4825,0.23774159355818736
4826,0.22246925280379132
4827,0.22615970787500567
4828,0.1318225656089803
4829,0.1803077749312823
4830,0.2144231821702542
4831,0.27304168552539393
4832,0.16419204728935993
4833,0.18167514097508047
4834,0.19902275242894268
4835,0.18432892869957385
4836,0.1617512707928615
4837,0.15967364187065597
4838,0.1821798434569396
4839,0.19554720746367837
4840,0.2002761405165826
4841,0.16587671472639637
4842,0.14652780973975676
4843,0.21119426954298387
4844,0.203729178707445
4845,0.20875806414242265
4846,0.24931016851563292
4847,0.2256855993077988
4848,0.1857448825720835
4849,0.1860104440763673
4850,0.18521433453123298
4851,0.1611172087767893
4852,0.20806152630714225
4853,0.21346464911310276
4854,0.1968039273630925
4855,0.18314275181816286
4856,0.19082018003564033
4857,0.23414853553130277
4858,0.19546820847217167
4859,0.21999009681582044
4860,0.22118740534503795
4861,0.15982871666552406
4862,0.2350602819776832
4863,0.13372307545370477
4864,0.21183527177249134
4865,0.21435215088576326
4866,0.19241042395957758
4867,0.19639463546755043
4868,0.21397989933731754
4869,0.19806921271023742
4870,0.15650049349377454
4871,0.14974000423944217
4872,0.17225033231548403
4873,0.13612110967183416
4874,0.14431857146180688
4875,0.15723339446916634
4876,0.2038510703122317
4877,0.18912780161869686
4878,0.23790027621041326
4879,0.13038807070371344
4880,0.15858546043427507
4881,0.19809024239354106
4882,0.15163313627495628
4883,0.1710425321427343
4884,0.15262229850757214
4885,0.17096542929574815
4886,0.1837155988438096
4887,0.17925981902282057
4888,0.19985015929542
4889,0.2437025563437185
4890,0.11633048733894336
4891,0.2569144385080168
4892,0.1575451084801502
4893,0.12250320006980031
4894,0.20248496532538984
4895,0.20254892160915755
4896,0.13705515998451606
4897,0.18309696645394274
4898,0.1871580993782141
4899,0.16105628861177557
4900,0.12926479305510824
4901,0.17023756902834142
4902,0.2524268748025392
4903,0.255799731406003
4904,0.2434869264057094
4905,0.18602106897665988
4906,0.19192326551808664
4907,0.1996822553077321
4908,0.1685439415575526
4909,0.28121736019775095
4910,0.2487863667217896
4911,0.23143780080180465
4912,0.17913150026077146
4913,0.12748985361624504
4914,0.26428884657032714
4915,0.18479374908171692
4916,0.19159788102992464
4917,0.11691298220843721
4918,0.20010143954929044
4919,0.1461603978062836
4920,0.1623519582985577
4921,0.1758298189980952
4922,0.21917604283641096
4923,0.19963939943574022
4924,0.19712905438550277
4925,0.16515317194543655
4926,0.1708415776069095
4927,0.151338446751966
4928,0.16722869478834212
4929,0.22234691765962367
4930,0.18816777202918727
4931,0.20549769638288057
4932,0.1768036609524804
4933,0.17468971994854948
4934,0.16199660934605287
4935,0.17018246146922295
4936,0.13678209446579975
4937,0.22330775075819548
4938,0.2038065016974992
4939,0.25365531647939327
4940,0.18721536958893098
4941,0.1530181238961303
4942,0.23112017087684678
4943,0.1903079719468463
4944,0.13216671516529882
4945,0.22136919488652712
4946,0.2569940497602607
4947,0.1697299839370518
4948,0.23379061771934645
4949,0.18755601296470942
4950,0.19072249765357951
4951,0.2027317436203394
4952,0.14031015321676055
4953,0.15590538240486723
4954,0.22977921629310677
4955,0.19061332572276163
4956,0.1737283072716574
4957,0.19453738685234778
4958,0.2079577369073803
4959,0.18968884394543767
4960,0.21852907364332746
4961,0.16318371875500126
4962,0.22259167641846933
4963,0.2066409356620012
4964,0.2504906723403592
4965,0.21697889372411183
4966,0.1769389002880422
4967,0.1864208853192123
4968,0.15730037346146403
4969,0.1725767183902716
4970,0.2356456231580995
4971,0.22798628782494207
4972,0.13085271185420738
4973,0.2523628635169766
4974,0.24096525546307396
4975,0.1962598510281942
4976,0.22190662054794658
4977,0.15782599938776276
4978,0.17728057653705537
4979,0.16884987661734036
4980,0.1999138968813155
4981,0.21995934683857338
4982,0.19074681272119137
4983,0.13503753520382128
4984,0.1540716170032012
4985,0.23629682565954907
4986,0.12860605700019384
4987,0.13715208090008157
4988,0.13823161192019245
4989,0.1715153946762804
4990,0.19488998524577622
4991,0.17280504522336698
4992,0.1612920277476898
4993,0.21736026871079844
4994,0.21930665776258212
4995,0.13621399538412132
4996,0.18638479032187938
4997,0.11724306794204181
4998,0.21335686879291155
4999,0.1527284864618036
