bootstrap_id,delta_svm_minus_mnir
0,0.10404419346361649
1,0.16022711439739257
2,0.17400204738408886
3,0.10312960951548433
4,0.17913549010118945
5,0.208504323155707
6,0.08746523454131605
7,0.014605295698926879
8,0.027159637842777418
9,0.29873560117516273
10,0.18486932026194935
11,0.02378238497055951
12,0.16681898681014373
13,0.1581198366994735
14,0.1991221521474561
15,0.2063885025040083
16,0.028653074082475194
17,0.02648553382767782
18,0.03244936144627775
19,0.028091101420329
20,0.1264942795684484
21,0.0373392328309442
22,0.22013844974449281
23,0.176276553308381
24,0.029585903484226628
25,0.29666214977840966
26,0.015326223144001339
27,0.0046500404692564334
28,0.09387705281200087
29,0.007190693910968826
30,0.24866194495058758
31,0.1127224190809597
32,0.01855078805513044
33,0.1306918640278184
34,0.029976795010136836
35,0.08521172211490646
36,0.1048948670852835
37,0.11991127306062677
38,0.11713298036217745
39,0.11528413219915123
40,0.12178619577948879
41,0.003882492925236236
42,0.10746180845902076
43,0.16719330482964923
44,0.17821584293323423
45,0.04306703349910246
46,0.2895626554219404
47,0.09574948652607862
48,0.01935964632298892
49,0.18037739342496117
50,0.10440247616599363
51,0.12695401298492626
52,0.020797080673052193
53,0.019162841388341123
54,0.10769540435865532
55,0.10676629969047624
56,0.14393914462702806
57,0.028653729663866256
58,0.16293700100881692
59,0.1090032654474562
60,0.17318878849978592
61,0.10405580054673313
62,0.03426152812596972
63,0.026631696348598743
64,0.016783852721352632
65,0.005457929004405893
66,0.005922931914402296
67,0.14245023456477812
68,0.08721629945510545
69,0.1085910766228585
70,0.014266812406932616
71,0.1193588255419511
72,0.005293813067956177
73,0.02149635336336564
74,0.019120220860784576
75,0.030835592150769364
76,0.1120860901436983
77,0.16941915661295381
78,0.20820285878733613
79,0.10185909777492774
80,0.10569107046533421
81,0.07013883644876151
82,0.1256402085429279
83,0.008514349007573085
84,0.15366593405333662
85,0.09866528507256511
86,0.21181179407569628
87,0.016820547648789153
88,0.03756021023534484
89,0.0780828746505533
90,0.18827226527483631
91,0.03851867600646386
92,0.19776370812775956
93,0.10300034087886989
94,0.12576480277841728
95,0.1442428549891237
96,0.04664488538250855
97,0.14816815515781423
98,0.14930486229415918
99,0.20681390853706816
100,0.024051896972250852
101,0.21998248160131817
102,0.19460283860729
103,0.09420572008159955
104,0.11099329491021548
105,0.12030173105168895
106,0.14600039109843033
107,0.24981855501476158
108,0.09112380246007068
109,0.10975213869692158
110,0.03445833932452613
111,0.007302698795202844
112,0.2061699664362524
113,0.04876030857441205
114,0.2308568151762146
115,0.12255603862386288
116,0.1987181956096351
117,0.19417278240807645
118,0.12379184766815432
119,0.11977749531929094
120,0.029870755841346797
121,0.11777621906457103
122,0.12333860882689995
123,0.17585292970620525
124,0.11884531744862781
125,0.13916925682802417
126,0.1884997524271037
127,0.03783013506769217
128,0.16961826761590715
129,0.12365630487901225
130,0.028133325008324994
131,0.04524965410620607
132,0.10197214140004274
133,0.171180802946709
134,0.13492821062714055
135,0.11756041191785593
136,0.016016356420510913
137,0.015211788652800484
138,0.025076339747360787
139,0.138198330448986
140,0.168193680076284
141,0.04051467030712408
142,0.03396384200863911
143,0.13140835775828752
144,0.19980508646181705
145,0.08494020084083365
146,0.1903395660034477
147,0.011342293790980396
148,0.17150279196052798
149,0.10611911065421653
150,0.2820609110614347
151,0.20067838153306772
152,0.19618336055923713
153,0.034845583278904746
154,0.16699788700764184
155,0.1449150134314915
156,0.12190099548069422
157,0.09713174526060908
158,0.11157503369170263
159,0.04299387120424503
160,0.09490219598007199
161,0.17256851414784524
162,0.10440724780996091
163,0.1054779550998739
164,0.0961441570269087
165,0.06423378256013612
166,-0.012984364201597764
167,0.1261881881537007
168,0.016368206454354994
169,0.02855514469393594
170,0.10268176902443926
171,0.04074971646230552
172,0.09906044908980316
173,0.11527749630949324
174,0.10724332711116713
175,0.11562123198214558
176,0.11322535665716815
177,0.09633591371621553
178,0.2108541838765272
179,0.0005933411101439745
180,-0.0005512303547066111
181,0.13606121942830596
182,0.12157387964280386
183,0.1510642285607483
184,0.01629683471888488
185,0.10349513365943663
186,0.17545385652271406
187,0.014566851624435717
188,0.20165636084666438
189,0.15926836094534758
190,0.1258620290212844
191,0.14184114691644545
192,0.24387867373514693
193,0.024867537412104235
194,0.1189149716454947
195,0.1521032268213991
196,0.1417818662818663
197,0.07588585132928372
198,0.23245198674052703
199,0.10153592358915553
200,0.10827925646545256
201,0.14604555625841287
202,0.14004117857344678
203,0.12674295510038203
204,0.16986486469320983
205,0.014419005217285563
206,0.03241765953034592
207,0.18716852454916333
208,0.11565940752308013
209,0.14909505350778607
210,0.1829876603519882
211,0.022788660238722835
212,0.10759261738643178
213,0.03453631558963266
214,0.11497522948893713
215,0.10981181236673732
216,0.14886207909395077
217,0.010146811594186511
218,0.09503370710463366
219,0.11209574187075066
220,0.10801532689112103
221,0.017216834863893693
222,0.006923895573254679
223,0.11643678886125719
224,0.21125628737843072
225,0.17132549756093363
226,0.1171187300940153
227,0.13134598720365454
228,0.11882002636983968
229,0.11821990966563234
230,0.014063922192894762
231,0.022109796087219857
232,0.13700090167197287
233,0.14612982993352064
234,0.18286167669183917
235,0.01369050795822857
236,0.015152180723547959
237,0.11629105121423333
238,0.20295281881181337
239,0.1084461237301847
240,0.18642308833201404
241,0.040163972994093244
242,0.10541566808925051
243,0.2583029873415711
244,0.11346119222092277
245,0.13657312490865403
246,0.013283054977871744
247,0.10229857418905408
248,0.11283826973714461
249,0.004439175958391495
250,0.12399176522840927
251,0.10702023534804062
252,0.1837314458408108
253,0.20369479022690695
254,0.027760017495421896
255,0.11069862241934958
256,-0.0030265455869398217
257,0.17661121573550964
258,0.02363563694498938
259,0.10683192980873679
260,0.08842575481494452
261,0.2427538028463293
262,0.13418899140955165
263,0.017556844891252976
264,0.12089295218270257
265,0.20335751220796916
266,0.0239293828740319
267,0.1887356361691358
268,0.15267993003591585
269,0.18738926477439022
270,0.10760741207077629
271,0.12694376011445263
272,0.020263205616388058
273,-0.0018390382650338433
274,0.1152883961193214
275,0.041078908601013264
276,0.1342421593650518
277,0.1032202885369019
278,0.08794332196117238
279,0.031835219027441575
280,0.025191046201682776
281,0.09700559302758516
282,0.19288230811852924
283,0.10407603337782556
284,0.12992824875018216
285,0.08995969607803611
286,0.09802292263348489
287,0.021346947986494835
288,0.131730413864811
289,0.03954959780125877
290,0.1010167976092089
291,0.002494927766467092
292,0.06186677300815113
293,0.1221117827588244
294,0.1053515309303068
295,0.17004767605764437
296,0.10308868036143526
297,0.021883946567838763
298,0.008732900285024825
299,0.02949733017822176
300,0.15968708289202516
301,0.24035644040628446
302,0.20206857737772532
303,0.16077198756374955
304,0.12824900745097423
305,0.14554594608584293
306,0.11516196851672955
307,0.020194454858980748
308,0.1253516860247038
309,0.03491844040652803
310,0.10447859956904737
311,0.09746122464753648
312,0.13272324090528598
313,0.2551395927358987
314,0.11326309671787804
315,0.04167449093042919
316,0.08943181259724975
317,0.08770040702499005
318,0.08858397795512218
319,0.11470484748628418
320,0.0993273091818887
321,0.19137749991320208
322,0.2811050433194705
323,0.17352523311524592
324,0.10396940868349025
325,0.2000539185701895
326,0.10935539497610969
327,0.0989881328318073
328,0.09397188461052486
329,0.15239521743510087
330,0.001049927560652919
331,0.027811075980495925
332,0.13688112980427858
333,0.10512017483360259
334,0.1503463399114212
335,0.10879353005096881
336,0.2058112350992678
337,0.16072048156049845
338,0.030231727467970204
339,0.1558212871412985
340,0.028953881794592795
341,0.19557068016440338
342,0.035651411360520635
343,0.11821427095494108
344,0.0415889266053574
345,0.16790291216891273
346,0.04448493404733045
347,0.22601008310685733
348,0.14705899354933472
349,0.09253425070829158
350,0.041132210531922175
351,0.1814117595367596
352,0.1346679084128506
353,0.01180847042686306
354,0.24993815751115178
355,0.11394221925035297
356,0.025296296755036973
357,0.09575730775390623
358,0.09972853826946726
359,0.23290961274812505
360,0.09372766937820809
361,0.004962091015452086
362,0.14265270149549614
363,0.022822257334709106
364,0.10294010061798364
365,0.16702273530409084
366,0.12172509263085618
367,0.03417628420887597
368,0.17390925842024274
369,0.26156170140759005
370,0.17609253790033907
371,0.10268875693703738
372,0.18279734175022633
373,0.011356107767249823
374,0.022652862214273428
375,0.04236896666542789
376,0.0857374097099649
377,0.03524732258668173
378,0.10461764317495748
379,0.030096303376597522
380,0.025354325391063415
381,0.01752284107301394
382,0.18913011997628004
383,0.09439220096022805
384,0.02124481653083643
385,0.015004480567669343
386,0.18589473869489792
387,0.04573342298691885
388,0.08954307142881457
389,0.032457062083344534
390,0.12983265359898666
391,0.033888472063099306
392,0.02898953265699289
393,0.09858560910627212
394,0.09325943639662493
395,0.12475767656484904
396,0.0035733166930382865
397,0.120495202985765
398,0.08434139569361321
399,0.09023046493977993
400,0.04396259840505734
401,0.03786427465632525
402,0.2520523546634458
403,0.10171111094727714
404,0.008347447622071957
405,0.12365630487901225
406,0.04338273700801343
407,0.15993495837584637
408,-0.004219290693428079
409,0.0906591246548285
410,0.12240909308068204
411,0.011679870164342132
412,0.025909307773542833
413,0.024802480860431464
414,0.23153897090255138
415,0.20229007622858386
416,0.09773630604194805
417,0.020422970760858083
418,0.040302258983703876
419,0.11297571680027041
420,0.20204076623000633
421,0.1138423594229726
422,0.22671217297701707
423,0.10554686416422265
424,0.09629975297523208
425,0.024986786491590363
426,0.11749119399646424
427,0.24730268903884167
428,0.19787283341249762
429,0.04370687956314134
430,0.2242040853516557
431,0.08776147753711372
432,0.25514946564745744
433,0.102667573957405
434,0.10065555903694934
435,0.020487701092628985
436,0.12048803365550276
437,0.11330172165139829
438,0.013169841217292033
439,0.23320696978670097
440,0.12934774017358042
441,0.20289695505798988
442,0.1692123908258385
443,0.022327965305129815
444,0.1300037155497028
445,0.03553897615300983
446,0.12376171743667075
447,0.013337991756428802
448,0.1109435392971978
449,0.025941488666850976
450,0.20421107192920995
451,0.04558408279982573
452,0.17105774524429473
453,0.14285716054646647
454,0.00591549500205224
455,0.2454556184742802
456,0.07197085164140216
457,0.029924256835546226
458,0.10002212447027015
459,0.033504279385410674
460,0.12528809740828073
461,0.03008225936436193
462,0.03259771113096044
463,0.024743641660510796
464,0.027257056932556534
465,0.12802274097414945
466,0.14733978531785163
467,0.12219351940732837
468,0.042260385875756645
469,0.1096666401305656
470,0.020326934340996416
471,0.029595147146678102
472,0.1630460533360032
473,0.10765804122251199
474,0.18590423376393395
475,0.11438585475031726
476,0.010147834276160284
477,0.010552857902905721
478,0.023453888349568075
479,0.021423113632152546
480,0.16448863353537746
481,0.01878538953856057
482,0.03715720281476509
483,0.2882485245183962
484,0.09326770884989166
485,0.15971192007621215
486,0.03401798183042537
487,0.16267102074042672
488,0.19999953431831352
489,0.16849108471067298
490,0.026497819034649317
491,0.04840959962093405
492,0.21196860924898953
493,0.12636015828075897
494,0.09674420784728277
495,0.09290985402054597
496,0.11462940575797731
497,0.241485431127622
498,0.007689808149445088
499,0.18490850343148602
500,0.23759638964867424
501,0.03114162544160959
502,0.02192603668374593
503,0.13337606623153375
504,0.252014610135319
505,0.1175308657750519
506,0.02266044086871455
507,0.04216543725036992
508,0.006857708399732321
509,0.01819272231206681
510,0.16419154174244532
511,-0.006099826490690741
512,0.2752409609705838
513,0.017864754882633616
514,0.12734392910184456
515,0.20031772249974122
516,0.1160004023491541
517,0.35689989391570776
518,0.031518551574652554
519,0.2623213251752179
520,0.19902052001547754
521,0.17452237615329558
522,0.10579451967212983
523,0.15498353446945468
524,0.10419304327601275
525,0.10123286410733578
526,0.11247720765261326
527,0.020233966746005527
528,0.012544003664426429
529,0.2074128079375247
530,0.10547193149968748
531,0.03210375876403104
532,0.19433861376478123
533,0.11365697740247183
534,0.17609523794863424
535,0.10846012090578838
536,0.18301070929102536
537,0.1885328900140819
538,0.12186559523143181
539,0.03557231745513745
540,0.156353606203939
541,0.13021147794404786
542,0.10328363961459064
543,0.24696358618546632
544,0.10008424860486098
545,0.0065908189468097955
546,0.2466782960597047
547,0.043461119134209136
548,0.16665993939228008
549,0.10959622913861922
550,0.10219166956529557
551,0.1123360921260973
552,0.10134716815190714
553,0.0196587193553297
554,0.02787003551165468
555,0.08788372881740891
556,0.20606133940086657
557,0.18850103368338478
558,0.12653870317590676
559,0.11502896999358048
560,0.009041117399967824
561,0.11774776440738755
562,0.11130615918707931
563,0.12529496986519195
564,0.1207737506619011
565,0.09875986121075941
566,0.0313886305348845
567,0.10933969740453897
568,0.18410917699075502
569,0.01857877678024611
570,0.03895065539628917
571,0.20318377431126167
572,0.257532247710653
573,0.0752401542089064
574,0.012509486628085487
575,0.02594158968922866
576,0.19102304477957333
577,0.1345156325156326
578,0.02238215137757149
579,0.12257260479235765
580,0.11022280667591422
581,0.1119514582942529
582,0.13833989681494208
583,0.17185803522191434
584,0.025008304420069183
585,0.024659980590128416
586,0.12668944460354836
587,0.09494916075386195
588,0.07278137031537624
589,0.17458027493719297
590,0.13380361396610085
591,0.11065786272708955
592,0.029920925106071916
593,0.10904604708582077
594,0.015245227013439777
595,0.019359114468090577
596,0.20797947706299924
597,0.10704019522262576
598,0.03597489099217388
599,0.0976848048088349
600,0.02449879367441099
601,0.10767382578250595
602,0.09403564037046352
603,0.09877899578358695
604,0.027146213430828126
605,0.10406093401989291
606,0.10017069793444666
607,0.047111902299194486
608,0.2645628432497604
609,0.03493208796574354
610,0.10267008571661063
611,0.032094460609816466
612,0.17774831883792286
613,0.11213658029390783
614,0.14061555468479225
615,0.11136947547755138
616,0.027349783764173408
617,0.008981004356369171
618,0.04190379011871159
619,0.10507700439713752
620,0.09309906563394221
621,0.023166716036361223
622,0.09927115759936334
623,0.16122982289368037
624,0.01843007835379118
625,0.1781488493991018
626,0.03771610662900304
627,0.19793310867282454
628,0.1176633075740594
629,0.023734629468532886
630,0.19773533295012924
631,0.1367716514579631
632,0.12423859528544978
633,0.017042515239665712
634,0.11568037015207722
635,0.03835291145705644
636,0.12573939114078336
637,0.1275506441003318
638,0.021930920176693403
639,0.01542133032380355
640,0.0246779677863328
641,0.032800749877725854
642,0.03021632004534569
643,0.09432009828188181
644,0.10427880392131283
645,0.03039872211712935
646,0.18461273902191022
647,0.19802184257668864
648,0.12781652125751974
649,0.05105556310227399
650,0.12266274846917247
651,0.18341971783655608
652,0.20544760298642784
653,0.03129979686159112
654,0.13635571597163842
655,0.11001701792708818
656,0.12573975406622362
657,0.0198047895514053
658,0.1949904949203114
659,0.2028474378418199
660,0.1071105495829553
661,0.12760186190057288
662,0.10165451178287954
663,0.1672649270452975
664,0.07994904591477625
665,0.12287805453012257
666,0.2580203473707774
667,0.07939586906945606
668,0.11985281828527661
669,0.014859696726300498
670,0.09773182906224909
671,0.0479542801430386
672,0.22282768230622652
673,0.11143418626164092
674,0.031347228080260914
675,0.08538660766321449
676,0.11445810632830034
677,0.10876329774369886
678,0.20244187745512177
679,0.20377595988329356
680,0.019997452845034736
681,0.11885029992960239
682,0.15795874221499706
683,0.037173730723188414
684,0.03548594387368509
685,0.022993792377831945
686,0.02235222246131119
687,0.03832045805582507
688,0.14000705909654576
689,0.19760893748436748
690,0.17827658122111223
691,0.12730745635802387
692,0.09546666868682774
693,0.15196713337080503
694,0.1338009743314763
695,0.041556249568534875
696,0.1928416905425927
697,0.008362777322000303
698,0.023573851957395142
699,0.023029363513099588
700,0.08259077167374107
701,0.12164904510121755
702,0.011793235246717826
703,0.11163496330998768
704,0.10943662323340586
705,0.0339678196620693
706,0.09959722570271823
707,0.05802953274588152
708,0.1222492030183362
709,0.0700184184520195
710,0.033431847762750766
711,0.17787313654488413
712,0.18110141280827463
713,0.016389113387395238
714,0.10192074635815929
715,0.11477291641470733
716,0.09992755608381099
717,0.14780897524285852
718,0.047333962120556294
719,0.09950326358650863
720,0.02462884605102944
721,0.02807724867005601
722,0.028474892652671002
723,0.12206916120808686
724,0.11753180788063677
725,0.18381630307547658
726,0.0877451120529259
727,0.11118560818680501
728,0.18451596981901597
729,0.03506564925057554
730,0.0974888384378072
731,0.1887242309997681
732,0.12509292399786243
733,0.03051636268849478
734,0.1499037222307389
735,0.1515618827169226
736,0.09995634106218299
737,0.03368440547573215
738,0.16682084125683783
739,0.019647813508809064
740,0.07959832317675464
741,0.027263255402756537
742,0.24742026370130554
743,0.02019444664362635
744,0.02348650406739261
745,0.20673501932547755
746,0.1223683320614205
747,0.015324604044502643
748,0.03826311238177038
749,0.015159701063950481
750,0.001939879200822947
751,0.021282336703832838
752,0.16882650042379888
753,0.14955270739603244
754,0.03555138407984104
755,0.10344983392391993
756,0.042412033218719336
757,0.020865960914440596
758,0.017288028458868565
759,0.0030063115900972326
760,0.030047249561557132
761,0.1104108039555799
762,0.03132599007911707
763,0.1266351120594157
764,0.10553792959336228
765,0.026662303297477652
766,0.18739901127852654
767,0.03424633003374156
768,0.13730615172515925
769,0.12180116941773111
770,0.10278649732281786
771,0.0264965251157111
772,0.10792579761499321
773,0.026613585796340877
774,0.11250330689814614
775,0.09234739862939612
776,0.014602001789290497
777,0.12156101004003306
778,0.07872425221448687
779,0.15882934164872486
780,0.08324804655902873
781,0.23740203744217758
782,0.16081956050227253
783,0.11991843680418002
784,0.11632227431013553
785,0.04410036260036254
786,0.11536192464995643
787,0.03222586092363666
788,0.1617569422291344
789,0.08948104432510384
790,0.12455839077335074
791,0.10668704859119227
792,0.071134219965857
793,0.12288180433613416
794,0.08794117614342334
795,0.025450018390126505
796,0.11776205011429164
797,0.024532171322676932
798,0.10690076913190472
799,0.10543937023457495
800,0.12096699064857208
801,0.02653210688569252
802,0.11225349794239303
803,0.016465837878893996
804,0.12200113463304485
805,0.10149104395208552
806,0.04453192688486807
807,0.04007922143753062
808,0.001338745156606147
809,0.10605292564081914
810,0.021509474883454116
811,0.12024227776283702
812,0.19098471279000684
813,0.009293571286380309
814,0.011563079996228964
815,0.08887402138178269
816,0.16003493260884794
817,0.10510172348263913
818,0.01868957591647291
819,0.02160668153513534
820,0.016402464589433063
821,0.11101635415749267
822,0.12591960873530217
823,0.0009626559317320593
824,0.038755472983830974
825,0.1734502296219338
826,0.021474039096883057
827,0.04045912747238123
828,0.10355352344368207
829,0.10830948566128717
830,0.113674155674237
831,0.017588400124252
832,0.12889775824051797
833,0.034488946784456465
834,0.139722621279746
835,0.25843508912365887
836,0.049386539589642675
837,0.1321035137959281
838,0.05824994146426277
839,0.13104571019464972
840,-0.0002651325867021326
841,0.016867833539210952
842,0.12195503533340857
843,0.10991491337358195
844,0.1055146594254257
845,0.1097595722692628
846,0.18377486091641593
847,0.12176286832882477
848,0.032195215667726984
849,0.04104112781748581
850,0.09835144658047323
851,0.11199258161071235
852,0.11149546813258215
853,0.11174956808196346
854,0.09586952914264124
855,0.04008260897296578
856,0.11587456496896564
857,0.0021025994885561783
858,0.023800853376960585
859,0.02816226199235561
860,0.11094197213136692
861,0.0005168932284547179
862,0.1447137532090116
863,0.1212419259986337
864,0.03564056411883798
865,0.018586211288383003
866,0.10715426535721662
867,0.1079330985058582
868,0.12091263659891116
869,-0.007563378039689206
870,0.14516160817728718
871,0.16069464612757223
872,0.12241259459232978
873,0.03629603001718129
874,0.15378518388129359
875,0.15421431710753586
876,0.012434311167901169
877,0.1261898848901727
878,0.005549034627216898
879,0.15977531915828613
880,0.1579711092666649
881,0.14387654106833947
882,0.10553304229590932
883,0.10177946145104055
884,0.04028479961383946
885,0.10918680399496328
886,0.11042412710545002
887,0.1765063521621696
888,0.01675870089622533
889,0.01118621820334531
890,0.016891054007343698
891,0.1968610516672693
892,0.10108596604946973
893,0.09764054867163652
894,0.11799888922940271
895,0.11005598090063551
896,0.2430141306044854
897,0.013952061128404636
898,0.19837652988458132
899,0.1294659807970444
900,0.2240145931834221
901,0.16129568355281887
902,0.13971727182004645
903,0.11647625020458685
904,0.12449895783229104
905,0.0402870590676081
906,0.09484201849939633
907,0.10362740852444985
908,0.18309435710316757
909,0.12157118884451146
910,0.2603759107417667
911,0.1614614112316155
912,0.059659429079028437
913,0.04321134218767908
914,0.10207288434682893
915,0.03454525462123681
916,0.04143514000043369
917,0.11100231884545608
918,0.0895581465598323
919,0.021990916560033158
920,0.03306172999575918
921,0.024684967701791294
922,0.010934231002153516
923,0.08926571510660464
924,0.015814469509480733
925,0.12597754057318422
926,0.028543227973040652
927,0.11119032297290288
928,0.09138965995391424
929,0.03834677267764208
930,0.12727940065981214
931,0.09718961118846481
932,0.13239073548048264
933,0.13663230001569815
934,0.025102752251032534
935,0.1756014995562204
936,0.19717841153907856
937,0.02464272407919943
938,0.026451955006171923
939,0.18319008251503166
940,0.09760298568430903
941,0.23194181569357886
942,0.14430791477645688
943,0.11423147990946203
944,0.11514752843040887
945,0.12907879868664185
946,0.12480700535238531
947,0.17345628734820262
948,0.09631059543610132
949,0.19711612490732822
950,0.19667678446981074
951,0.04852864015779912
952,0.10007443555831252
953,0.16550045215312137
954,0.19862913013019712
955,0.11025156881238396
956,0.03970193618785789
957,0.1001793704628342
958,0.1448377196409747
959,0.006551265691619679
960,0.14614239002972906
961,0.11248534562731105
962,0.12105756635693166
963,0.026422885350838254
964,0.2524204926848106
965,0.07865216400407349
966,0.09654318900165115
967,0.14346321742570822
968,0.011035667368843316
969,0.10974074973252335
970,0.014289912512774339
971,0.005494005016424053
972,0.04198637488825685
973,0.17913834534840634
974,0.02159484418489266
975,0.026009191949895927
976,0.04423216686273679
977,0.1657259268366188
978,0.2873392180045726
979,0.1787528779631029
980,0.09713439717234662
981,0.10959252307161438
982,0.04598068982264636
983,0.06714230956049982
984,0.190368975234102
985,0.13167362393098858
986,0.1622744650860629
987,0.12478518229320501
988,0.18658545524906822
989,0.009689609274158073
990,0.018146436205996763
991,0.1045191621523589
992,0.13153461836528535
993,0.16486565925583763
994,0.10728715195610916
995,0.2282721775799913
996,0.21411976024916735
997,0.09925774127687292
998,0.02551176807537392
999,0.024122753533599495
1000,0.19140694722182827
1001,0.12662362017351425
1002,0.13034961214464702
1003,0.08469049824902619
1004,0.07390805538626533
1005,0.16285494514382082
1006,0.03881105787071404
1007,0.09464866715616393
1008,0.11975772431168552
1009,0.17999935643910892
1010,0.033720450634874166
1011,0.11909096539238506
1012,0.10217314925796162
1013,0.18691951492275416
1014,0.12021922451387757
1015,0.15289037586697252
1016,0.16281814420786833
1017,0.17823305963904823
1018,0.09384240184214143
1019,0.005731260372099256
1020,0.01445536740836062
1021,0.15557728679771354
1022,0.19233019782122163
1023,0.3269964088498102
1024,0.11687925875625893
1025,0.14996550302939482
1026,0.19992840600668305
1027,0.10273729830180656
1028,0.1857999293399356
1029,0.12828196012254156
1030,0.16781613089815273
1031,0.16457271609848267
1032,0.1309151792341281
1033,0.12033465082086536
1034,0.08074346829753143
1035,0.1887417422533315
1036,0.11919202002777585
1037,0.11809302157200241
1038,0.10797792295333475
1039,0.1855722543864453
1040,0.13849864906948928
1041,0.12773865314575084
1042,0.21310893365764327
1043,0.03128431182305469
1044,0.09505510423402164
1045,0.11529323665840874
1046,0.1199803041407228
1047,0.08685699755458887
1048,0.0261556238612094
1049,0.11280917533052526
1050,0.03336263765029468
1051,0.1803732448065033
1052,0.21495369618166782
1053,0.22102101791347428
1054,0.14942782013570333
1055,0.022847126227604986
1056,0.1003012432985565
1057,0.1254816884384985
1058,0.05143587696957319
1059,0.02022828748385863
1060,0.16745018746177576
1061,0.023724058646164337
1062,0.10103576472420472
1063,0.18767488961638046
1064,0.08888366023847727
1065,0.22597602474757483
1066,0.09583100611149864
1067,0.024402061010230236
1068,0.031882894693030406
1069,0.10593019886000976
1070,0.20272504234499722
1071,0.262254813945927
1072,0.11075596102340668
1073,0.25823775754552447
1074,0.11818650636938832
1075,0.056145129523248904
1076,0.0206685093568294
1077,0.21000583325564304
1078,0.20557410488245886
1079,0.1508715631057561
1080,0.12574036964693713
1081,0.1982458649125316
1082,0.2421945225277099
1083,0.15344413386102296
1084,0.19283895977320797
1085,0.07420353768849275
1086,0.17871879131836377
1087,0.1037051119470106
1088,0.16179479688883436
1089,0.10499329919799505
1090,0.010294089437257292
1091,0.0167955756583682
1092,0.18757641097832833
1093,0.20108419535546318
1094,0.14824997277945962
1095,0.05789961738188931
1096,0.10453749826558634
1097,0.09898364225464518
1098,0.1852371834792389
1099,0.1269476362240347
1100,0.016559566362681855
1101,0.21246905474935862
1102,0.17152761384117632
1103,0.01843610585970723
1104,0.13084464367549253
1105,0.024531280407665945
1106,0.06912684089054633
1107,0.12952259970602087
1108,0.02059623447624026
1109,0.26459973147179705
1110,0.03834570019196015
1111,0.20503504047523047
1112,0.10133824161875005
1113,0.008432025979690394
1114,0.07016354583042939
1115,0.20547695389740805
1116,0.11759819039783526
1117,0.0216841322473158
1118,0.16284752958259796
1119,0.12292329061793161
1120,0.038891173909002874
1121,0.1034687362564437
1122,0.09492903194060742
1123,0.14059792338708033
1124,0.17651153594211666
1125,0.16068209163850122
1126,0.08657972313458573
1127,0.0714399485612709
1128,0.17690162946421673
1129,0.20660574410176435
1130,0.12271114979782782
1131,0.11124499810229349
1132,0.12014912840108904
1133,0.25069129187024575
1134,0.11361106834262702
1135,0.12274791958146147
1136,0.11241626131477567
1137,0.12751684354441606
1138,0.17409447003287826
1139,0.03770895243578587
1140,0.09706261186864351
1141,0.09912963168850664
1142,0.10919562899904012
1143,0.10899441396303566
1144,0.11936634993812012
1145,0.19208704154507306
1146,0.026090999930096448
1147,0.11898366280615502
1148,0.2412002698475062
1149,0.16995985821174364
1150,0.1799058194145603
1151,0.016183369594383157
1152,0.09280885932279448
1153,0.15119416791677887
1154,0.014344361242369597
1155,0.18131153940277944
1156,0.09601428310762616
1157,0.22152752372822793
1158,0.12689138416618628
1159,0.0388258457618913
1160,0.11562824284034245
1161,0.015693677550495444
1162,0.11237547861530195
1163,0.1515896001732242
1164,0.015728888678912645
1165,0.12725952400103824
1166,0.02093984050803177
1167,0.28238524769305917
1168,0.03823431662754595
1169,0.07585314126954978
1170,0.19950200330177303
1171,0.05405384194872198
1172,0.09799840437095342
1173,0.12423366819437298
1174,0.016233517140536002
1175,0.175257216904953
1176,0.16380608209714098
1177,0.09075445320174658
1178,0.29655069446975413
1179,0.2159917331113551
1180,0.12792378512952673
1181,0.17630435936527467
1182,0.12300068295856015
1183,0.17313239780501166
1184,0.016473143256985123
1185,0.2130469259904253
1186,0.0931674745029687
1187,0.018155501522004847
1188,0.1015247442806384
1189,0.10418453483322965
1190,0.13272787308486045
1191,0.018387732856114725
1192,0.17743865047738205
1193,0.11165826628757936
1194,0.22508242810630374
1195,0.017808297550015006
1196,0.029725276258934286
1197,0.14950852599691
1198,0.09618526488645429
1199,0.023672761523015895
1200,0.17834361873782356
1201,0.23789877145881388
1202,0.1851651533169012
1203,0.02064220350923307
1204,0.13516459762295185
1205,0.022831419894707716
1206,0.13760478992284797
1207,0.02243977375493389
1208,0.03377763520304322
1209,0.16590512182004968
1210,0.10377585100002451
1211,0.03433926613797733
1212,0.03435511071511477
1213,0.10172684263453646
1214,0.14989014438166992
1215,0.015631790406666957
1216,0.03822933733697609
1217,0.028165007665048036
1218,0.20053870694581222
1219,0.03651944448464739
1220,0.2107272372593917
1221,0.13632497533435894
1222,0.1290107213993602
1223,0.09751845787349644
1224,0.12723386458627262
1225,0.25046937774916567
1226,0.105288236006575
1227,0.040718644109106195
1228,0.1537382729380975
1229,0.09125610932712735
1230,0.042908707065331675
1231,0.1697814900399507
1232,0.01684223100662885
1233,0.16187331173106823
1234,0.2086780852735748
1235,0.017960309131191732
1236,0.11183327740464477
1237,0.15830133170316596
1238,0.13438646233513318
1239,0.15204508630219282
1240,0.10456869738076913
1241,0.025227482985642036
1242,0.15647981920901288
1243,0.1670615622980558
1244,0.2934518350782407
1245,0.04936348025844006
1246,0.1404118153391074
1247,0.2602680385240137
1248,0.16500826644390698
1249,0.1087724477269908
1250,0.0017675432161736726
1251,0.09459660710225037
1252,0.03546379150306245
1253,0.13902364783943877
1254,0.13763755868233485
1255,0.11766164447303906
1256,0.10135417830164062
1257,0.12256422853316007
1258,0.09351611809244154
1259,0.024799241276980855
1260,0.12935439330572351
1261,0.029649651488925177
1262,0.25605470688926446
1263,0.07748352842089923
1264,0.003197830835974913
1265,0.04323819735612067
1266,0.11149234247316775
1267,0.021599963253685295
1268,0.15561842384468427
1269,0.17909253338066922
1270,0.12949660073109326
1271,0.11860449929125383
1272,0.0930415479766582
1273,0.040546050643125664
1274,0.09067769253340918
1275,0.18084982037601516
1276,0.006542845333051717
1277,0.010370523094761719
1278,0.22355660885450312
1279,0.027393765292308858
1280,0.003752599898682152
1281,0.06705160239186614
1282,0.013334830572429901
1283,0.16968334248751338
1284,0.1827942796566251
1285,0.024869028318535658
1286,0.09301895872434929
1287,0.03323227315343669
1288,0.028411687048440437
1289,0.1981064119880529
1290,0.19349632501522507
1291,0.11264453511016015
1292,0.0346144601103765
1293,0.008506005686110707
1294,0.10568107431225304
1295,0.032713667897820486
1296,0.09879734379215843
1297,0.15381273132790863
1298,0.033070037342117886
1299,0.01901022264662855
1300,0.012217547894567415
1301,0.012113372735447547
1302,0.030780344235871393
1303,0.10348252503855837
1304,0.1074473820216435
1305,0.07876362990249963
1306,0.029954259131380168
1307,0.23250469252329886
1308,0.1825921218762312
1309,0.15449970349654318
1310,0.08348580347902645
1311,0.2317001344880807
1312,0.11471972492924998
1313,0.09228538830447741
1314,0.044436957134286637
1315,0.1306985703940997
1316,0.09553270728788577
1317,0.025408125683401672
1318,0.26208799266388816
1319,0.026857070380283843
1320,0.14436628381916616
1321,0.11127840918559762
1322,0.07707989629985224
1323,0.024896307296553122
1324,0.12281720627385351
1325,0.0034257549870964077
1326,0.1508759411984425
1327,0.018422932529891245
1328,0.11665426161272052
1329,0.03604718622127445
1330,0.20516258750953087
1331,0.12722080391651613
1332,0.09671760644970218
1333,0.09842456247747144
1334,0.031436337343710874
1335,0.16255241944395038
1336,0.21698755737645437
1337,0.16320521460167092
1338,0.14498995900644163
1339,0.1731054918126086
1340,0.2591592222648106
1341,0.05100514971696757
1342,0.17271768471768478
1343,0.16537412980899613
1344,0.007916232811912671
1345,0.15674672894412012
1346,0.11113597820953725
1347,0.23531094413992448
1348,0.11752028567547479
1349,0.036002190558130476
1350,0.11169699418922896
1351,0.030620228357380874
1352,0.028120008591339785
1353,0.10584684723881777
1354,0.17526198463143294
1355,0.17922416273753705
1356,0.12546918309508237
1357,0.14031741672228915
1358,0.12761088879054572
1359,0.024134645013328182
1360,0.021641035261407038
1361,0.12569302256137038
1362,0.14006615949112444
1363,0.024056405494449873
1364,0.014169653350520783
1365,0.10182311745841033
1366,0.03208361368382773
1367,0.14140206687513268
1368,0.12187516494548678
1369,0.14664802621408368
1370,0.10072672337503774
1371,0.26094551947023203
1372,0.017984045241754565
1373,0.215449857166497
1374,0.09696043024804102
1375,0.025292563649942146
1376,0.11670368049521185
1377,0.03521166232099304
1378,-0.007595187170865159
1379,0.027938437430124363
1380,0.12094076168878332
1381,0.2053095522348688
1382,0.1907874020128365
1383,0.18185334226366767
1384,0.03016289292587837
1385,0.11019034474299261
1386,0.22594519415758751
1387,0.01752571850611062
1388,0.1355545138707771
1389,0.1296847346009119
1390,0.07162111959293449
1391,0.026393084644015463
1392,0.009169907534266386
1393,0.2507728171704875
1394,0.13314610766006152
1395,0.13276461185018273
1396,0.03706506892162653
1397,0.11260722345623086
1398,0.12342179668877273
1399,0.1817122547285993
1400,0.13992959121489745
1401,0.1529539850324243
1402,0.16157899930141384
1403,0.13231390329565185
1404,0.11583068385842188
1405,0.11334619984060523
1406,0.015455313990143993
1407,0.04526134245549773
1408,0.029937559692117643
1409,0.11182066952082181
1410,0.21257400656363135
1411,0.10197214140004274
1412,0.01827306728187783
1413,0.12221632218709855
1414,0.0728506422155425
1415,0.20574242036541412
1416,0.012944211375732095
1417,0.12764840332190697
1418,0.11917468659612118
1419,0.0005801907305594822
1420,0.13825747338508354
1421,0.0447554993916458
1422,0.10827349541385023
1423,0.11600833352805129
1424,0.0764501597674988
1425,0.00911056634823193
1426,0.21185462450814163
1427,0.11265917939162318
1428,0.25491918862162577
1429,0.10769228844260414
1430,0.195374725178586
1431,0.0830973379203449
1432,0.017763800460988133
1433,0.03224707242526659
1434,0.030000531604578495
1435,0.02335394281699288
1436,0.028547304274222363
1437,0.025504130322284824
1438,0.1267482316511248
1439,0.09517581176244383
1440,0.16851190187784493
1441,0.15335926468567762
1442,-0.005534471355529091
1443,0.020944644136478008
1444,0.20001886718875506
1445,0.16263537500120806
1446,0.016199806902168712
1447,0.17444167708654335
1448,0.036924371895483366
1449,0.1009238536357373
1450,0.10560632887306831
1451,0.09696016450313716
1452,0.1839846874260742
1453,0.039742746459752176
1454,0.12186115184616508
1455,0.040546909142513354
1456,0.10110899137546381
1457,0.1945775381578072
1458,0.11355169668063114
1459,0.10100181875752468
1460,0.09879278999586916
1461,0.0030918449259259573
1462,0.16897800673884733
1463,0.15639016346128165
1464,0.021363142388135636
1465,0.2191675831825487
1466,0.18809424062454183
1467,0.16241934946591108
1468,0.0017692436910391462
1469,0.13328735210701415
1470,-0.0008811069740586319
1471,0.02366575808924598
1472,0.15816627305057063
1473,0.11077379631228057
1474,0.12176429945833955
1475,0.07686019314748394
1476,0.1273674787369472
1477,0.021913065191345282
1478,0.020908321530619722
1479,0.18569067599422673
1480,0.1463952559497933
1481,0.017720397999244963
1482,0.04192481844100626
1483,0.15510593067017697
1484,0.08797621620306695
1485,0.10761645837602207
1486,0.13081361081893683
1487,0.11370403767407511
1488,0.0980264989604861
1489,0.22051171066588315
1490,0.18203272390597203
1491,0.08621350171066255
1492,0.1818971916552976
1493,0.04446724998828344
1494,0.03859517316675931
1495,0.10046380849595216
1496,-0.007819634837303191
1497,0.006644945143271297
1498,0.03289726215643185
1499,0.013600981426745595
1500,0.09705207446215247
1501,0.10376108536544626
1502,0.09529603074007131
1503,0.018312620938995217
1504,0.13445219728822655
1505,0.026593541190448988
1506,0.06804032974495888
1507,0.1612849991657722
1508,0.18386069479388067
1509,0.12278263632882391
1510,0.13601404264177808
1511,0.032109284458402554
1512,0.15834396315882948
1513,0.14905890517771248
1514,0.09921876586473333
1515,0.019139557254545747
1516,0.15945884455361548
1517,0.1216482230496152
1518,0.0380615751916048
1519,0.026024929917463413
1520,0.012397300469483508
1521,0.11705590623853246
1522,0.11613289335901311
1523,0.10984167207636275
1524,0.15495251558306267
1525,0.015931401737610984
1526,0.11726025169350351
1527,0.1073748763825888
1528,0.03693888914398413
1529,0.0130662461991492
1530,0.006953431310908975
1531,0.11946323169657203
1532,0.11001432600119276
1533,0.08389074823940212
1534,0.10867995364790106
1535,0.10776856258350531
1536,0.02671235778233716
1537,0.028832696047217055
1538,0.1309144312903201
1539,0.1396228789512508
1540,0.020829780685151067
1541,0.03791804100421903
1542,0.08206324196024317
1543,0.047795061831015784
1544,0.12709362776837463
1545,0.25264780116625485
1546,0.02393297098620284
1547,0.10039530918190931
1548,0.0034241070614269287
1549,0.18007967256191726
1550,0.0247309523536966
1551,0.0796290655565709
1552,0.11922300248291429
1553,0.02247450986810695
1554,-0.0007679253877120873
1555,0.035292005220224465
1556,0.07065501000486707
1557,0.03201129496712518
1558,0.11261100166276838
1559,0.17312061332640383
1560,0.2302769306244722
1561,0.016338500459097127
1562,0.028317772882287873
1563,0.029664246966942587
1564,0.0228652843303494
1565,0.09580298955968958
1566,0.02507973974939659
1567,0.01883800440069472
1568,0.09027842715511036
1569,0.15433829322599646
1570,0.042663743065112
1571,0.09159894785211753
1572,0.18821408094643965
1573,0.2562168947683512
1574,0.11641522941395055
1575,0.013842373879635161
1576,0.10537452737760122
1577,0.02270835775456681
1578,0.11245716671310468
1579,0.1127861154479296
1580,0.04317622022348633
1581,0.14643561913476422
1582,0.030114315283266913
1583,0.030236146862160806
1584,0.020203052634515495
1585,0.030755084403760402
1586,0.10103700890121015
1587,0.0323286123151203
1588,0.09595805558094561
1589,0.07967707211804376
1590,0.08846373083954229
1591,0.1352353890551008
1592,0.19624667869900492
1593,0.0998668162810622
1594,0.1002218009137219
1595,0.03116428393336612
1596,0.020251399565473616
1597,0.029535383989401143
1598,0.02171854138851803
1599,0.1300480476656648
1600,0.12325107773618893
1601,0.031057488145770917
1602,0.025937335385428195
1603,0.1329201395242856
1604,0.09024940589967523
1605,0.032341971314602924
1606,0.11148831311494067
1607,0.11616396180557109
1608,0.1764354673881834
1609,0.12713817407929295
1610,0.016601488470431414
1611,0.022242949680348345
1612,0.19936488005266417
1613,0.020509586416175396
1614,0.12421209980650194
1615,0.025788801725620036
1616,0.1549838336767504
1617,0.10535077952268523
1618,0.03255516635033773
1619,0.18093896829490197
1620,0.17298843370600436
1621,0.02178996137799938
1622,0.21379186323262567
1623,0.1253728494509131
1624,0.03440403809607906
1625,0.17256976922342948
1626,0.0062835048162236395
1627,0.02230622712085495
1628,0.021385160747453003
1629,0.00441520732301115
1630,0.11120298493321523
1631,0.15790200257015818
1632,0.014917783563819675
1633,0.2159845795150872
1634,0.13286981005139153
1635,0.05431708144606984
1636,0.19010164970530818
1637,0.12008092809350757
1638,0.17875310908304654
1639,0.12598285014991661
1640,0.12862549335820506
1641,0.021657461397750266
1642,0.010426150276551915
1643,0.10622161077529713
1644,0.02628578928650649
1645,0.1760721500408714
1646,0.16938765463627758
1647,0.2638546507375089
1648,0.10650255460586522
1649,0.023188912085945868
1650,0.10857453226299318
1651,0.11740115471947044
1652,0.015498669131417397
1653,0.10438469176450527
1654,0.2156088293953322
1655,0.09855577895170164
1656,0.11264591583967021
1657,0.12172116239663966
1658,0.033040774993564614
1659,0.01117941306476622
1660,0.08330841326918048
1661,0.1173276954526955
1662,0.18790908588622324
1663,0.031212822900859027
1664,0.007655066398797317
1665,0.025456545874409153
1666,0.17620506212149967
1667,0.00033425538770348595
1668,0.12698465367691758
1669,0.2873768711519662
1670,0.12059529083714615
1671,0.03367275203732101
1672,0.09963681894372212
1673,0.09726557309507144
1674,0.14698864552271673
1675,0.10508654680569152
1676,0.08295689230548908
1677,0.1064137675703466
1678,0.013403224070090314
1679,0.09821006543361077
1680,-0.008233339454231992
1681,0.17008739386226746
1682,0.17055904307856307
1683,0.06726348769050938
1684,0.04850366389062433
1685,0.03906755829246911
1686,0.034437383363809304
1687,0.11317509287844818
1688,0.016940422670350452
1689,0.1659936997825905
1690,0.04033364940949191
1691,0.15761374150250274
1692,0.1911640294790431
1693,0.028449691376093877
1694,0.03363435558994088
1695,0.0307263548509622
1696,0.12113295236553512
1697,0.08165361955890449
1698,0.12934651755229398
1699,0.17467030052775545
1700,0.11118911252931873
1701,0.010579280680075187
1702,0.11265917939162318
1703,0.12554185338260881
1704,0.18514440892843265
1705,0.08519613877670129
1706,0.09474587946490154
1707,0.0303914862167054
1708,0.10230421707690418
1709,0.20750428613864746
1710,0.016365542275144862
1711,0.1658730896049736
1712,0.12195358168498105
1713,0.09508329458019837
1714,0.19543449912819
1715,0.014912416526750683
1716,0.028068822822012063
1717,0.02474665296553702
1718,0.10774392467807725
1719,0.1699650497017895
1720,0.07371548582711052
1721,0.08164345955736685
1722,0.021469829447267053
1723,0.0058356626281032
1724,0.1288505509098039
1725,0.1470901006480524
1726,0.2075836317830545
1727,0.1359216896439266
1728,0.0931031405609195
1729,0.11358651055229307
1730,0.038674932356442704
1731,0.18800150639823654
1732,0.1187656065599999
1733,0.09362412686349131
1734,0.027215166629935617
1735,0.13055434814689382
1736,0.0922928031454161
1737,0.003356967839477809
1738,0.08610229470751307
1739,0.020251081687253425
1740,0.028941526184255384
1741,0.01962790323351571
1742,0.2289987092036463
1743,0.03265022836066678
1744,0.03955709067172408
1745,0.1250247115886277
1746,0.039785824816965354
1747,0.017148303821283406
1748,0.026677340272140748
1749,0.24152078447378733
1750,0.11423311313037932
1751,0.13150862830204202
1752,0.1245482710330712
1753,0.00995663137924896
1754,0.11427120453662143
1755,0.19336388869378285
1756,0.18652395351723094
1757,0.13458072430462809
1758,0.17642596514294562
1759,0.10869684201894447
1760,0.1405742813958777
1761,0.038216998003193114
1762,0.014370230019605024
1763,0.12529630790740065
1764,0.0034290291753562574
1765,0.00817144436870032
1766,0.12384694564774079
1767,0.24672680328136753
1768,0.121915002280373
1769,0.03416862858954095
1770,0.18906189009016794
1771,0.01620396950809677
1772,0.10343483858747582
1773,0.05289145546840912
1774,0.07921312734192787
1775,0.028964222108125437
1776,0.028368452871121885
1777,0.17311523331717815
1778,0.12253187024906242
1779,0.10576710228499331
1780,0.12646433470962004
1781,0.11713684271394831
1782,0.002923526811349886
1783,0.08487259635859468
1784,0.14780058257480277
1785,0.14426859687302263
1786,0.023747316303046606
1787,0.017387910542887686
1788,0.21885832329780286
1789,0.1614430259188988
1790,0.05146229748236297
1791,0.1673229004439395
1792,0.02136372161483735
1793,0.03148956966171601
1794,0.15060145842020556
1795,0.11422130487648519
1796,0.1664205917115651
1797,0.11690868954039879
1798,0.2528069019011049
1799,0.0327217042882475
1800,0.11900004134422137
1801,0.10144807955584101
1802,0.02166393012255119
1803,0.035045054652897756
1804,0.10802832153069908
1805,0.134375981901931
1806,0.16003262215634462
1807,0.007750585794916276
1808,0.02591068378911876
1809,0.09572142882699264
1810,0.10552395296932182
1811,0.1391082875457874
1812,0.11772898044331703
1813,0.13220749224396244
1814,0.12052235465022032
1815,0.17105762669423985
1816,0.02682920182539983
1817,0.0387356871504021
1818,0.12066341749946252
1819,0.046841950338869176
1820,0.13730615172515925
1821,0.17944451073306045
1822,0.10283517903873318
1823,0.04366606220217539
1824,0.016087140233969843
1825,0.020105222682462176
1826,0.12698021194931308
1827,0.09841531045804619
1828,0.15148922766485196
1829,0.016204418494853767
1830,0.16072007114187525
1831,0.16264710311125863
1832,0.0225950529361153
1833,0.11688732883440978
1834,0.18773304840901828
1835,0.21675979364349596
1836,0.08064743870526947
1837,0.033606691484431295
1838,0.12298058524523481
1839,0.1294288364308448
1840,0.10117550394228803
1841,0.015725801865824174
1842,0.11701146260682682
1843,0.13091767280594258
1844,0.16272248260931665
1845,0.020692488814759602
1846,0.13341792154744192
1847,0.04351651481452856
1848,0.1408999591761706
1849,0.10266383483662422
1850,0.014083543922752018
1851,0.00026073093265144287
1852,0.11127952873514191
1853,0.13097113062570775
1854,0.17088604488098957
1855,0.11971512827653186
1856,0.03472225546192842
1857,0.09984728240743657
1858,0.20547080003072504
1859,0.02983532984720272
1860,0.01801289330789768
1861,0.12005135674595824
1862,0.11886205821561968
1863,0.023993749147733445
1864,0.07022658355331624
1865,0.08418713045116843
1866,0.1926971449279311
1867,0.09697267582205849
1868,0.2045407662440718
1869,0.11341877252273136
1870,0.049597483583252444
1871,0.2465686342269624
1872,0.1240883259600496
1873,0.009019326179636966
1874,0.23867187418615232
1875,0.10403588253763296
1876,0.04048793835516473
1877,0.020056031914610473
1878,0.08024467107240874
1879,0.17002636762753576
1880,0.1873930673058305
1881,-0.00950912474729082
1882,0.2475676400790333
1883,0.11616462980538556
1884,0.11940165641052825
1885,0.14809251879939633
1886,0.07511092583354739
1887,0.08374847141606978
1888,0.01633497316636845
1889,0.18218316263524714
1890,0.10299153586163001
1891,0.13444664045414978
1892,0.1017042311924441
1893,0.02671117599291195
1894,0.08996499509995592
1895,0.11657493145647835
1896,0.03701485361260304
1897,0.11111656259103442
1898,0.11109895258644009
1899,0.026854685890275065
1900,0.2499197476573718
1901,0.02271587309505052
1902,0.11003559609165359
1903,-0.0004585324915704625
1904,0.10072722163961056
1905,0.04124839971596839
1906,0.11242331659914573
1907,0.09024611422593376
1908,0.029079897018731593
1909,0.18789904946426428
1910,0.017724993786548238
1911,0.12038932149739767
1912,0.012650646713745828
1913,0.005944922227401284
1914,0.10630748912533972
1915,0.034030372528358166
1916,0.12856481327187264
1917,0.17887069347786255
1918,0.11304989177891223
1919,0.1692659812223427
1920,0.016832309623882158
1921,0.044138495901692276
1922,0.12208222054054296
1923,0.01057425251525379
1924,0.17451153920892182
1925,0.04403374918240521
1926,0.1082735774840089
1927,0.03204980242391753
1928,0.11034873958773028
1929,0.18229010168554094
1930,0.26099657287157285
1931,0.2023210578048401
1932,0.1246775152155909
1933,0.10092168188846928
1934,0.008444736137695363
1935,0.11716929427261025
1936,0.12296157291541499
1937,0.014280945750241636
1938,0.020032443678084655
1939,0.03874671782756778
1940,0.21309989831904175
1941,0.1831884968837999
1942,0.02767126412138321
1943,0.019506637350651168
1944,0.13088820495903242
1945,0.12776772672328485
1946,0.14742210857525917
1947,0.018208865844049238
1948,0.2359205648560483
1949,0.22848162274392259
1950,0.035887636160643055
1951,0.2018396498527657
1952,0.08382010331839507
1953,0.16855175179594772
1954,0.0879532695144839
1955,0.03873187580281412
1956,0.22197149373551117
1957,0.08027773105718805
1958,0.03013163914137773
1959,0.10600059749026658
1960,0.04116161417702313
1961,0.013838578740572594
1962,0.12508682614474187
1963,0.11737074204640507
1964,0.08651350814374115
1965,0.08513371329608344
1966,0.23424712772893097
1967,0.036298796095356356
1968,0.22397861851072132
1969,0.02081279917390355
1970,0.019629251463161412
1971,0.18924567162798622
1972,0.008758350423024752
1973,0.10011935294361529
1974,0.007989798793537672
1975,0.10178398130558353
1976,0.08777860604420962
1977,0.16346316681014061
1978,0.18325978929256437
1979,0.09184996023439407
1980,0.19895390387629763
1981,0.12146617389702097
1982,0.10053898862528077
1983,0.1074013176064309
1984,0.11262053638479486
1985,0.01907706396763409
1986,0.09247307996985576
1987,0.0365849829660152
1988,0.027424890936633695
1989,0.21395061631275836
1990,0.11234101890912473
1991,0.08178193920947552
1992,0.03164488493494555
1993,0.03399839990275266
1994,0.209091158730501
1995,0.12936715734388327
1996,0.09565372553809859
1997,0.10231471862172159
1998,0.1630164495324169
1999,0.1985452038351463
2000,0.02842414326521081
2001,0.22774655972090974
2002,0.031145592222861396
2003,0.02582356705215849
2004,0.030646724516683044
2005,0.0321240471258879
2006,0.16933228288147484
2007,0.014555895813692543
2008,0.122115360468804
2009,0.007597619190092275
2010,0.17671149250702323
2011,0.29479500862077634
2012,0.10753120714421116
2013,0.18370478870903362
2014,0.0706827231053917
2015,0.1250436403217987
2016,0.10559051632555172
2017,0.01259608774116705
2018,0.012688007878817853
2019,0.02486194453590207
2020,0.023156967972321918
2021,0.2202607098259871
2022,0.11370524192008225
2023,0.11101216636846656
2024,0.16467614519881124
2025,0.1736913557680091
2026,0.03118102738131945
2027,0.0303152213806388
2028,0.027329346533326526
2029,0.032802741393474166
2030,0.04244142890431091
2031,0.0956178950144202
2032,0.038279461564001416
2033,0.014561703156621753
2034,0.03334183887825859
2035,0.010690624374608992
2036,0.1255403969265957
2037,0.21962860205046753
2038,0.24389224680954702
2039,0.2302680094793007
2040,0.013005173624117683
2041,0.028153550300656027
2042,0.08558796145836955
2043,0.10266039128634952
2044,0.04066161165237148
2045,0.050268378722965856
2046,0.19363091561365542
2047,0.1383024572092728
2048,0.05098683081550204
2049,0.1242184863140392
2050,0.03840985561607324
2051,0.19941903109957204
2052,0.029336640045295237
2053,0.22344845135023716
2054,0.08542673590371797
2055,0.1251434697727939
2056,0.09694953119674632
2057,0.11017883149887597
2058,0.024047627730629406
2059,0.010234610316845805
2060,0.08876713496734623
2061,0.19124009481422377
2062,0.11050574930762225
2063,0.09403657158335677
2064,0.17049154136975175
2065,0.1611452249593861
2066,0.04753765603365678
2067,0.15147808242394922
2068,0.12535024241116421
2069,0.011037189659406477
2070,0.25638728551555856
2071,0.01262524904548934
2072,0.10898241392247332
2073,0.03656256573726824
2074,0.020410698045324582
2075,0.23328510407232284
2076,0.11644975199813012
2077,0.11560862831606578
2078,0.13405942560654593
2079,0.16838273727667696
2080,0.09733767602730903
2081,0.11571530181752676
2082,0.13540816541917866
2083,0.1659220998413733
2084,0.07892662073749945
2085,0.05306654045460024
2086,0.19972783093707935
2087,0.012156287847457148
2088,0.15034092005588273
2089,0.030018120480505894
2090,0.11218888557349249
2091,0.005428197019191061
2092,0.02443485967541703
2093,0.02770341991608105
2094,0.021318581859627872
2095,0.21583346516901336
2096,-0.0005376619953656459
2097,0.11860950905158163
2098,0.036097067745197164
2099,0.16105271536742571
2100,0.03139504933189685
2101,0.3046155760728869
2102,0.09319448855607604
2103,0.11476968538154564
2104,0.10137406555538653
2105,0.17060856404372982
2106,0.16237853532855928
2107,0.019388286280227374
2108,0.21952801175060643
2109,0.13320140614877685
2110,0.08445918578077172
2111,0.008531697849934794
2112,0.0719511036694136
2113,0.039790825266923235
2114,0.12868407333589726
2115,0.10749240786520176
2116,0.11290146647958743
2117,0.16939542641008776
2118,0.01796366685891515
2119,0.14454550836215807
2120,0.112540770209558
2121,-0.005810355038977644
2122,0.12848587376219078
2123,0.12212081512510098
2124,0.03256507766529393
2125,0.1925876993332225
2126,0.014959637438564988
2127,0.03592267807131999
2128,0.19632806928065538
2129,0.1240995705904212
2130,0.010457760559367757
2131,0.13551395668344457
2132,0.1581198366994735
2133,0.020059106861420095
2134,0.10980830472472014
2135,0.17063795507252655
2136,0.22426564797886162
2137,0.06484155983380135
2138,0.20111333306597778
2139,0.019791765538448525
2140,0.11380760134259116
2141,0.0984464305087166
2142,0.16380539406884576
2143,0.037745859000938076
2144,0.035543606459001675
2145,0.03623061417914819
2146,0.08662017462091187
2147,0.013096184438138092
2148,0.026901349340872405
2149,0.003394619751572625
2150,0.04506774474996056
2151,0.023822107413814297
2152,0.10307262431213093
2153,0.16223838391710743
2154,0.1391891974269559
2155,0.018672544228117594
2156,0.10799714376515201
2157,0.1226033262397882
2158,0.018491825848016008
2159,0.0883043677305907
2160,0.108584290140881
2161,0.09939749096553041
2162,0.008670724914970562
2163,0.1038801668315188
2164,0.026490725980846452
2165,0.21936427264448827
2166,0.024248922339964896
2167,0.1802707575137562
2168,0.10581568775598627
2169,0.024937745588170745
2170,0.02969351248425356
2171,0.03220445182284348
2172,0.03334622123886666
2173,0.13705658956702593
2174,0.15273521215807784
2175,0.026934326491335425
2176,0.12107634655163169
2177,0.03157671243364557
2178,0.07424170031718091
2179,0.045790020852720326
2180,0.15783912941739586
2181,0.030751484913418503
2182,0.20788948347722191
2183,0.043085669776537716
2184,0.04595596280192982
2185,0.1290982758284024
2186,0.08874421349393491
2187,0.11079231590618965
2188,0.14609441321851757
2189,0.14963755091640785
2190,0.1621385547935561
2191,0.1291439933797568
2192,0.007395043271517632
2193,0.12358667731123929
2194,0.02666484559643234
2195,0.09963189474452383
2196,0.0345629310981268
2197,0.16107078830003774
2198,0.11952245801877759
2199,0.021830644126623833
2200,0.18936479405782547
2201,0.02604238343108367
2202,0.22249827619279472
2203,0.25914350736409997
2204,0.18865418170111636
2205,0.033194464184245764
2206,0.11646418665233382
2207,0.035205586680100875
2208,0.11680538278255215
2209,0.03145142113875976
2210,0.04000880085733305
2211,0.10240981125391502
2212,0.1566224407646004
2213,0.12637066949875309
2214,0.12810071762007003
2215,0.09414751341650285
2216,0.09998056153850865
2217,0.04429710671686227
2218,0.0389882301764547
2219,0.09698727750629765
2220,0.031673691903942314
2221,0.286542542984468
2222,0.024821019622070284
2223,0.08960145329429592
2224,0.04102620770952137
2225,0.09293362976133512
2226,0.23665537693588534
2227,0.013774031242020701
2228,0.048963322228975925
2229,0.08278752375010923
2230,0.11260114011872269
2231,0.0355437258904967
2232,0.24843539692099248
2233,0.11921613671050313
2234,0.12665412068786908
2235,0.03326906818059372
2236,0.1321226098630396
2237,0.1742091084676074
2238,0.09429437512623307
2239,0.014359135882018204
2240,0.0519557349054689
2241,0.027119784294096005
2242,0.010537325088150196
2243,0.09268722432006693
2244,0.014362596302027963
2245,0.1526371928973813
2246,0.19007914838679218
2247,0.053519091850118716
2248,0.10802173980981922
2249,0.25450986580212764
2250,0.0120822316860415
2251,0.14342295954847906
2252,0.04171112063792215
2253,0.09466488311056886
2254,0.09917105007565519
2255,0.20128713853775493
2256,0.10980785795398418
2257,0.03907140031928669
2258,0.0044764568853818965
2259,0.01435206854491955
2260,0.025904432141243272
2261,0.08513510098776267
2262,0.0935930232948512
2263,0.1314113983739288
2264,0.09437898751331586
2265,0.08545144527619808
2266,0.1157971303061246
2267,0.010258592330824157
2268,0.02461906990991558
2269,0.17400013952668592
2270,0.14964843022196717
2271,0.03232673310970691
2272,0.12419779000374709
2273,0.020451604471609763
2274,0.17943509989264295
2275,0.11539923000899022
2276,0.10413321089701744
2277,0.10508022319193233
2278,0.02768869742611757
2279,0.26738207830079386
2280,0.10831198769773076
2281,0.10902981858305039
2282,0.009783088216108071
2283,0.04120885813274
2284,0.03615876458783562
2285,0.09123620301467406
2286,0.011718394984967517
2287,0.17147805250497528
2288,0.17550829619319608
2289,0.14838665409440366
2290,0.015748150216956636
2291,0.0916041241951665
2292,0.11690554808854658
2293,0.011687432786215202
2294,0.19283897222489488
2295,0.11945103633068654
2296,0.11878366252128136
2297,0.0745684367797258
2298,0.1487195593720987
2299,0.01276402527646825
2300,0.20161738016250919
2301,0.13468943950563073
2302,0.21131835310958746
2303,0.08132720833450757
2304,0.12951686038591537
2305,0.02520908025127766
2306,0.1651300857441247
2307,0.09205815743884926
2308,0.018821248080713948
2309,0.10436187075549241
2310,0.09912879937942642
2311,0.09003097897992063
2312,0.12629075417634694
2313,0.20707990468620308
2314,0.007714518491451661
2315,0.0359862575244152
2316,0.10216394895422531
2317,0.10243979607859477
2318,0.16786217811255522
2319,0.10407540531334791
2320,0.012645850632732825
2321,0.01840835336748048
2322,0.04068914549720104
2323,0.10051467163004568
2324,0.05239663527537719
2325,0.2369316291339989
2326,0.11542269001290195
2327,0.18031694049920421
2328,0.17921185094011827
2329,0.1013685232208762
2330,0.28934576732301986
2331,0.10134674261019183
2332,0.1402418445462471
2333,0.22308921685109961
2334,0.216243539539821
2335,0.031490515655613005
2336,0.09992594872336669
2337,0.020666603274049344
2338,0.030766213438419454
2339,0.16037554929717368
2340,0.1508051244086661
2341,0.12163680968261348
2342,0.13344217760738963
2343,0.03324950688582917
2344,0.13881069641419508
2345,0.027317883463004677
2346,0.11392860624799783
2347,0.026443875663804794
2348,0.03160780641053307
2349,0.12767101273034187
2350,0.21985841622348168
2351,0.02602964466862656
2352,0.159252348934527
2353,0.2363544762597214
2354,0.044279329711604754
2355,0.20154687909822155
2356,0.11588074568258289
2357,0.14415969415798457
2358,0.14532439654988671
2359,-0.005146388734503349
2360,0.015105670339652488
2361,0.20141041057593734
2362,0.10434347063517402
2363,0.13805199176435534
2364,0.09698531925963039
2365,0.014448055574936669
2366,0.11950101132294255
2367,0.2034850865541128
2368,0.021653573928599235
2369,0.10093098628717934
2370,0.23180043023912567
2371,0.17016952656126083
2372,0.025479810999236574
2373,0.21149216613992206
2374,0.18840434765718128
2375,0.037489797529779434
2376,0.1245697939299304
2377,0.22397791277545587
2378,0.005612598398529678
2379,0.01300845202433365
2380,0.0997546327948009
2381,0.04001396048913297
2382,0.10061999902847596
2383,0.018145404434331436
2384,0.1865330422477265
2385,0.1410792299044965
2386,0.18253597718255032
2387,0.1113309161761673
2388,0.03545442835496171
2389,0.10595407957292502
2390,0.24647460251040365
2391,0.17337887965174004
2392,0.18449368795389554
2393,0.14291507779178314
2394,0.05796282477384729
2395,0.040824158669290456
2396,0.039606904191509695
2397,0.09166974329456823
2398,0.08710602605450335
2399,0.19967783771372072
2400,0.09389864237223122
2401,0.014360211262133493
2402,0.21763999161747183
2403,0.044016272548382696
2404,0.20550649198150261
2405,0.11976927787814418
2406,0.21125628737843072
2407,0.0731740244661111
2408,0.11471916852080133
2409,0.1805265973303487
2410,0.058821857144894185
2411,0.08771906694890397
2412,0.1142214278086553
2413,0.20042723135945284
2414,0.11736481957319755
2415,0.029923677869687415
2416,0.011392826208403317
2417,0.016994320975428856
2418,0.09738845542059904
2419,0.0927511975394788
2420,0.11552768533777424
2421,0.02461906990991558
2422,0.20414753526871332
2423,0.19915021991109771
2424,0.17384152750464377
2425,0.10909380915025657
2426,0.031914279667120016
2427,0.11673506481756346
2428,0.1765411785779486
2429,0.1194905745672491
2430,0.1218191361176224
2431,0.1742136919128069
2432,0.0423550980390639
2433,0.10982895219980293
2434,0.032524877041417044
2435,0.19448046783104622
2436,0.17243093841461
2437,0.09600637605394668
2438,0.13441202437912958
2439,0.21790452805253646
2440,0.08634869571115
2441,0.11270242921313733
2442,0.1298952749514639
2443,0.1680340336378241
2444,0.03551005339343005
2445,0.15092849096632976
2446,0.09902611709713505
2447,0.12606884812209906
2448,0.24748535197235522
2449,0.1280896723768311
2450,0.11280907312407629
2451,0.21066465424161995
2452,0.11312229840788679
2453,0.04608603942777578
2454,0.02282468720680353
2455,0.03373846695476368
2456,0.039761991222314164
2457,0.17388664851790603
2458,0.016204418494853767
2459,0.029395693859141092
2460,0.02383081996583869
2461,0.017482152385108307
2462,0.027297779381112663
2463,0.02840360412884113
2464,0.16202579875826106
2465,0.10008722996259267
2466,0.08140329441578409
2467,0.37449309802171504
2468,0.16719518460754546
2469,0.08412991060234631
2470,0.12933083526815425
2471,0.10759254573354493
2472,0.17070016263482757
2473,0.07231923657625516
2474,0.0807488738102986
2475,0.03247917163790359
2476,0.1031823872804889
2477,0.11571057790349915
2478,0.11308239711281531
2479,0.01691661092410146
2480,0.05218980809982954
2481,0.14016224328033455
2482,0.1033133345994448
2483,0.1946578792307475
2484,0.03109876504694631
2485,0.12114656555142667
2486,0.16983516017326727
2487,0.01295900569441688
2488,0.09907862136322643
2489,0.19483550254447513
2490,0.0512110185412773
2491,0.017929189483464003
2492,0.016818892645202532
2493,0.09544728485725384
2494,0.022624079181631895
2495,0.10450797293437797
2496,0.12987553550161568
2497,0.16446924438547894
2498,0.08226980557424657
2499,0.1670943621929023
2500,0.12774744935897298
2501,0.04382457539432938
2502,0.14211301107357543
2503,0.01949993806311412
2504,0.09711616731633521
2505,0.16955266955266934
2506,0.1776302545762607
2507,0.10996061834793935
2508,0.12911661814561493
2509,0.04806682979821164
2510,0.09399131274131278
2511,0.12762118619650675
2512,0.11759431825480382
2513,0.18686562200308432
2514,0.15055473759108473
2515,0.09522094608088505
2516,0.022451658175796085
2517,0.2027593834274457
2518,0.026934120349382806
2519,0.00807264850046785
2520,0.08581023068407412
2521,0.019378976389424762
2522,0.24061001425127404
2523,0.03492861049154938
2524,0.13881042287323253
2525,0.091890246383589
2526,0.14190134466800564
2527,0.1183995510980298
2528,0.01526200675713607
2529,0.0229260478951826
2530,0.1179472319997531
2531,0.03168565021938441
2532,0.01774181245573847
2533,0.014950687279176256
2534,0.03790108822416527
2535,0.0891791311176654
2536,0.038059646813050074
2537,0.04292658129320148
2538,0.24764812279364512
2539,0.0006848552951692621
2540,0.126814550846585
2541,0.023905471829353875
2542,0.09005495280005094
2543,0.03403150588559045
2544,0.11092643644310518
2545,0.04461772063053393
2546,0.03370060135353359
2547,0.13909121775340572
2548,0.11875391586755624
2549,0.03167514538415306
2550,0.029428255641934853
2551,0.10513742379806335
2552,0.021437427776477724
2553,0.3111968759692817
2554,0.16580424335443256
2555,0.007760856772656921
2556,0.09125554437419314
2557,0.12537362622495996
2558,0.02753158286781121
2559,0.1746588159555621
2560,0.005547981038177219
2561,0.02029969316395208
2562,0.11866805901196587
2563,0.01795233688102882
2564,-0.0013808253532221482
2565,0.01974110318684197
2566,0.11153681773641566
2567,0.015526600752533648
2568,0.08491185487835107
2569,0.09396172256565782
2570,0.10181072982988415
2571,-0.0011449985371123628
2572,0.18435970224842002
2573,0.024651957457097695
2574,0.10544852043012676
2575,0.11076803981335992
2576,0.0944601735823315
2577,0.10461299007022606
2578,0.12323211539130574
2579,0.09240416720338873
2580,0.12102041190591128
2581,0.1619765148428216
2582,0.12720337999903042
2583,0.17157061483204794
2584,0.22309182998540167
2585,0.20106382584252847
2586,0.01733086274588469
2587,0.04470929510396493
2588,0.17982485627830813
2589,0.1833832838603301
2590,0.19239888501883462
2591,0.17047336905205546
2592,0.0525055816497646
2593,0.10711162939845109
2594,0.1227273273923416
2595,0.15195031889652022
2596,0.004674085086781465
2597,0.0993302528858705
2598,0.22714293194858048
2599,0.13254653333837296
2600,0.030335589255069073
2601,0.11411107436281243
2602,0.034109630206852426
2603,-0.007622464329341216
2604,0.08459002178157171
2605,0.09576821179972206
2606,0.18040680326082537
2607,0.17341001606006834
2608,0.034634078010805425
2609,0.2020505259234705
2610,0.1989495674853764
2611,0.10146115209489737
2612,0.1415384120551293
2613,0.1441537872952643
2614,0.01056825655510707
2615,0.0970797000664777
2616,0.18690226306478164
2617,0.18524415578020959
2618,0.19948833328911797
2619,0.12239666934672788
2620,0.14638644885952068
2621,0.17758914430873218
2622,0.029881779709717504
2623,0.10353765754357858
2624,0.05460352140444669
2625,0.12652211706238314
2626,0.1270609671253412
2627,0.09279098687540022
2628,0.1130443211670985
2629,0.11098127643330025
2630,0.18388059354564534
2631,0.0993201565613171
2632,0.10297164176837248
2633,0.10797495871323948
2634,0.08253451164191794
2635,0.09513128790093672
2636,0.024984303950282394
2637,0.08989254380221678
2638,0.012548462034511987
2639,0.10344410388323433
2640,0.11003712045378711
2641,0.12454187295205388
2642,0.02553210939533135
2643,0.12546668488991475
2644,0.11970802293836003
2645,0.09041830648849247
2646,0.16795021888984984
2647,0.1493662062729728
2648,0.11271809403856248
2649,0.1447703367582951
2650,0.17936503026212747
2651,0.05003264047428957
2652,0.20403318086003563
2653,0.11202870707068524
2654,0.11603101990714759
2655,0.20375358249631514
2656,0.031704403873969556
2657,0.11469920174258785
2658,0.010264160018178425
2659,0.03265008657001478
2660,0.1320009725773612
2661,0.19590015585235887
2662,0.10955891014621888
2663,0.2021748758583246
2664,0.03000476581634337
2665,0.13637915707340276
2666,0.12573239723239715
2667,0.16476668765022517
2668,0.179322873054501
2669,0.12008965826257689
2670,0.19324431046132085
2671,0.028543729320819278
2672,0.0845979060929467
2673,0.11671577569316693
2674,0.15775387446465916
2675,0.09405365674010702
2676,0.13431253677408195
2677,0.13003374951556312
2678,0.17946542497275875
2679,0.026544717623817382
2680,0.014485887428639876
2681,0.004383771395670033
2682,0.03407882293891362
2683,0.17881939576982098
2684,0.038769359810156945
2685,0.14042263616277117
2686,0.10871555189399551
2687,0.1597876233866673
2688,0.026559795364821004
2689,0.11938527568389401
2690,0.01888640261987462
2691,0.08254294032959575
2692,0.041109829236896545
2693,0.006612394774058061
2694,0.042461027344748326
2695,0.1548478421191546
2696,0.1409758271925724
2697,0.10423975106430783
2698,0.1600919402705071
2699,0.010119665895187202
2700,0.001090717708934763
2701,0.024069656051125654
2702,0.1304863887889921
2703,0.09377871554170969
2704,0.13674855862733937
2705,0.029570717109027256
2706,0.1016380496985575
2707,0.10048537730416363
2708,0.128171589483825
2709,0.19018158087006987
2710,0.12559664155300798
2711,0.11758803134604878
2712,0.24397844780827893
2713,0.09750547550993816
2714,0.14148029355215552
2715,0.01855731114930681
2716,0.1661787640133885
2717,0.1100280936571747
2718,0.10026597316441832
2719,0.048504496504923944
2720,0.16607785889860682
2721,0.008433095087775122
2722,0.08521807746271537
2723,0.2570820599290061
2724,0.17661866907179646
2725,0.0869647576464676
2726,0.02246735366876651
2727,0.10378324437190711
2728,0.11352972014736717
2729,0.007330527651747576
2730,0.10473543063898916
2731,0.030684084595268835
2732,0.02389722471217859
2733,0.24182360891882781
2734,0.1077963055930895
2735,0.18055973626086952
2736,0.1552490790963077
2737,0.14328826220285107
2738,0.17299764484163793
2739,0.04174247276431764
2740,0.027307921526999124
2741,0.020029231918501034
2742,0.17720347912379109
2743,0.012507636160266067
2744,0.010809968020285221
2745,0.0324694442341501
2746,0.11806790535238365
2747,0.10989871435339849
2748,0.1878654502668452
2749,0.10270888770602582
2750,0.07766117971848152
2751,0.0949208551341778
2752,0.06945225332952287
2753,0.19786561846497863
2754,0.12073341511761837
2755,0.19778070138367476
2756,0.1684646656174501
2757,0.02893260881889792
2758,0.2569957749734616
2759,0.1567776833359079
2760,0.14711396030762114
2761,0.14243972784112002
2762,0.18385493578830403
2763,0.11642970065592528
2764,0.10966046690062625
2765,0.029743765531952793
2766,0.11061661234000575
2767,0.01918178814967586
2768,0.03091810279895879
2769,0.1327165995384726
2770,0.11754764766743553
2771,0.25568871661691284
2772,0.12230316842496647
2773,0.11636500184617893
2774,0.03334442480052058
2775,0.09338775018639389
2776,0.09485892838077392
2777,0.175413191984102
2778,0.021974333935623314
2779,0.012471453439877322
2780,0.11503161694338049
2781,0.00438910822620886
2782,0.19727395738060638
2783,0.15646111425624876
2784,0.023956122090838528
2785,0.036477994858616025
2786,0.009318192816668347
2787,0.030552603895673158
2788,0.10637848541959938
2789,0.019649868646441138
2790,0.09835388684188129
2791,0.040606328083331866
2792,0.15789785578779492
2793,0.22010080265892373
2794,0.02118788550303541
2795,0.12524915114614654
2796,0.1157995610070065
2797,0.00880261043970243
2798,0.035526283613817156
2799,0.11982502666869144
2800,0.18204120841285298
2801,0.025269180519890133
2802,0.3051737365072299
2803,0.019744854265403178
2804,0.04370908532868323
2805,0.012216219637254055
2806,0.09445819292392965
2807,0.11433310512698358
2808,0.13179921676245288
2809,0.049354436645168476
2810,0.198934008037416
2811,0.011196756220429815
2812,0.20324444509232575
2813,0.02269328400836268
2814,0.15447016327651408
2815,0.1096242837076804
2816,0.09700354205801498
2817,0.09579543421113834
2818,0.1192376847188854
2819,0.18666700894006394
2820,0.12089128288581807
2821,0.0336047501257728
2822,0.21115445785049303
2823,0.11754038876563777
2824,0.015440903232304293
2825,0.11481173547419932
2826,0.026853362028268157
2827,0.19304006207512392
2828,0.01676056126039549
2829,0.13382411783160597
2830,0.17928180777326685
2831,0.2060563009106059
2832,0.02200986499471369
2833,0.16085743815152542
2834,0.016071487590697764
2835,0.12182471969855213
2836,0.2487323176219257
2837,0.122912326004464
2838,0.03727107692092524
2839,0.09693031711917499
2840,0.028080743781963347
2841,0.010476791270017105
2842,0.09675691007415976
2843,0.10579878187212377
2844,0.03610885587106771
2845,0.030551143987165408
2846,0.021200986735590788
2847,0.09637768856960649
2848,0.10191257713915969
2849,0.11717377791349382
2850,0.10637815582076904
2851,0.11943096544345988
2852,0.02184076234294574
2853,0.08735002164323591
2854,0.19505672009059627
2855,0.25036147790680396
2856,0.11786220655404367
2857,0.19490979216891402
2858,0.04977548545219501
2859,0.039802717006151345
2860,0.026256496596347767
2861,0.007855337481932234
2862,0.02858065542286914
2863,0.12279585840152185
2864,0.028152457218201032
2865,0.11321824431142424
2866,0.1256930912964831
2867,0.10332765127672217
2868,0.09305281900087681
2869,0.022495196019884145
2870,0.028001746353005785
2871,0.18287940772294609
2872,0.14408125712210618
2873,0.1415109344907628
2874,0.22363630078493568
2875,0.1675872268439368
2876,0.10766418644544151
2877,0.02092665863349752
2878,0.06116805899479483
2879,0.12757282012701687
2880,0.20346967793928816
2881,0.02464697495480639
2882,0.17729083880285113
2883,0.09831801467295709
2884,0.14933975191999105
2885,0.07570419728745215
2886,0.1727690769744188
2887,0.1772554654855223
2888,0.2551898393257507
2889,0.2558417750464125
2890,0.025241513451046305
2891,0.11279428202968933
2892,0.2041338407341654
2893,0.12745876091651331
2894,0.1490715324611548
2895,0.10439020299628643
2896,0.21545683913635605
2897,0.017781356621297983
2898,0.16321277427962944
2899,0.04140822957077139
2900,0.022213062192542377
2901,0.19992005159723036
2902,0.10637622855943252
2903,0.03493708572070553
2904,0.12456210957148972
2905,0.07916446290971613
2906,0.1023065058086069
2907,0.00945377204476261
2908,0.2029942190686126
2909,0.1133785471351878
2910,0.12985937490175248
2911,0.02670146713517929
2912,0.099989153835075
2913,0.17640220240607118
2914,0.11853660491871876
2915,0.11406779682314971
2916,0.008316800946863379
2917,0.09608396010023768
2918,0.26200205737605764
2919,0.014068948264983394
2920,0.0950674146088114
2921,0.12234936945774777
2922,0.18594662338343704
2923,0.12669421732237618
2924,0.031370836128768786
2925,0.11952921881892531
2926,0.19350264995427713
2927,0.04221913813986711
2928,0.12039004085395077
2929,0.01940495893581795
2930,0.07378869044029923
2931,0.022671286332098806
2932,0.2125410046248355
2933,0.0914144083906725
2934,0.11693156192069676
2935,0.20516336569177185
2936,0.17505792410646792
2937,0.03781590648988731
2938,0.09103907490830643
2939,0.1344139832667819
2940,0.10337494931900881
2941,0.19806392817426555
2942,0.249177969315313
2943,0.04140039272197871
2944,0.23570397609487603
2945,0.1176067812876167
2946,0.13012687356649977
2947,0.19595779411952596
2948,0.1231371135597491
2949,0.029747320301810043
2950,0.09088880895982687
2951,0.09195463313236707
2952,0.02010679217785305
2953,0.1473520059125194
2954,0.18411598309888844
2955,0.11542796418453993
2956,0.07127215581024493
2957,-0.008130777508881137
2958,0.18312941278355643
2959,0.0185316294950586
2960,0.1451515478425368
2961,0.11346737773310267
2962,0.023132356124039744
2963,0.19265900907950173
2964,0.2017009644217106
2965,0.009464199515508698
2966,0.12082286860153257
2967,0.0723297761832663
2968,0.18804826086613446
2969,0.16456525536404198
2970,0.11163409010277014
2971,0.11995784315255398
2972,0.030012385797139607
2973,0.0071537118631958
2974,0.13194670938479358
2975,0.021792367861655948
2976,0.1824255387877708
2977,0.12583268982364926
2978,0.15160027884717153
2979,0.10850906388162773
2980,0.029804645288746823
2981,0.09295055538364538
2982,0.02734322517189247
2983,0.010255894388391695
2984,0.1430889204310033
2985,0.21010423700229797
2986,0.23144632054988445
2987,0.01890524181731701
2988,0.1193321861023725
2989,0.031917424554772866
2990,0.12034401448172605
2991,0.10634331413707376
2992,0.1994715460368799
2993,0.1647597445480259
2994,0.017515354938465677
2995,0.15872206933272703
2996,0.046654417739717124
2997,0.13670870843409044
2998,0.200071466241578
2999,0.10214640683390686
3000,0.18497634319030098
3001,0.0015820243261457367
3002,0.10043508165778903
3003,0.10727490225964842
3004,0.09002213565995276
3005,0.1556601865771422
3006,0.17580527926400025
3007,0.01727269692272071
3008,0.03714295342649909
3009,0.07924624324894769
3010,0.009521388805060038
3011,0.09151316450085067
3012,0.03140465761358091
3013,0.08166044881764156
3014,0.18586591366783023
3015,0.09826934937707399
3016,0.20909618980071853
3017,0.04529368435681613
3018,0.03742576250790053
3019,0.12366491757432652
3020,0.11527982735100151
3021,0.00493598187162414
3022,0.12722156222947478
3023,0.00853005219291314
3024,0.06026686088459343
3025,0.03409089078751382
3026,0.1666232699305965
3027,0.09629582791142044
3028,0.15178490548706447
3029,0.12303930464148338
3030,0.030776715740993832
3031,0.14317560713085487
3032,0.1713400935923366
3033,0.09442675291123914
3034,0.19912686387765655
3035,0.08534200814148885
3036,0.11010477199069646
3037,0.24666194273434616
3038,0.18996562876628076
3039,0.11358964910895852
3040,0.012602964140356221
3041,0.03808171836702612
3042,0.09695419930956173
3043,0.132586744527043
3044,0.1439999617114044
3045,0.12018888947696893
3046,0.23685594731847037
3047,0.1315968402202543
3048,0.1557264495643007
3049,0.03188883096888506
3050,0.0295246569313512
3051,0.19002889672165635
3052,0.11343906768256506
3053,0.03301397954238339
3054,0.0008757356876607503
3055,0.22044613218925158
3056,0.11634328669615579
3057,0.12561568587632044
3058,0.013837717285324791
3059,0.10267540932449126
3060,0.13892720432553385
3061,0.02849979613949749
3062,0.11283551800445046
3063,0.22410902476245353
3064,0.10093005008969558
3065,0.09173562242534072
3066,0.021909471836372485
3067,0.03038404082484003
3068,0.19968331665074623
3069,0.042493571800269025
3070,0.023660255460830282
3071,0.11901674605053836
3072,0.11087456305024102
3073,0.1202242269450825
3074,0.03895068941820967
3075,0.013007252055311724
3076,0.1221716988194993
3077,0.20465015423440003
3078,0.11609942745601465
3079,0.11155133296314201
3080,0.13589341440827984
3081,0.10283218417408468
3082,0.16973315170786907
3083,0.15554591471196622
3084,0.18903581291772698
3085,0.13934510841777026
3086,0.24440120088123507
3087,0.11993129321246487
3088,0.014510165565421174
3089,0.18231968256165842
3090,0.12681635631751387
3091,0.2065005640476566
3092,0.04122931180387679
3093,0.10387401496318305
3094,0.17413321538344673
3095,0.038034339999829525
3096,0.1643247398591272
3097,0.11151968154258118
3098,0.21242134501427523
3099,0.16640600163877228
3100,0.18027319544890152
3101,0.0993684577607975
3102,0.17733391838741408
3103,0.09791437792964941
3104,0.12313606162149127
3105,0.03618594642003059
3106,0.028555191689221493
3107,0.019468669568546537
3108,0.04022036793220041
3109,0.20648730006783167
3110,0.1085531450374494
3111,0.10359774785546161
3112,0.02188479517799724
3113,0.008226966702080563
3114,0.21239629516815017
3115,0.10864436204910444
3116,0.10584552618398302
3117,0.11827950347265315
3118,0.1372029638744906
3119,0.025461799146517472
3120,0.014819829044489197
3121,0.131312588289334
3122,0.028541447834489198
3123,0.09421675868658097
3124,0.028574043535680382
3125,0.19686015337200224
3126,0.14457060974990876
3127,0.11772731272824982
3128,0.13084872736524922
3129,0.16131814572889402
3130,0.12214753633677644
3131,0.20168364490453106
3132,0.1143006792249921
3133,0.016219150644990243
3134,0.10272406530855616
3135,0.11168996403307163
3136,0.10954853208910031
3137,0.021909724610931436
3138,0.09187825216634538
3139,0.016094016029799096
3140,0.14303035440461986
3141,0.11881099792935723
3142,0.22536897212401208
3143,0.17966216525592305
3144,0.035772212301843354
3145,0.12057785857660352
3146,0.09045087053981549
3147,0.220233015292721
3148,0.1582400343109066
3149,0.11922033858697956
3150,0.0778131223075168
3151,0.026168640004113786
3152,0.24252243658627182
3153,0.12269478036827275
3154,0.1818700887748329
3155,-0.007887179885626594
3156,0.10357842530836336
3157,0.2272723336176381
3158,0.04338043826954152
3159,0.11782370829441269
3160,-0.00652719309435712
3161,0.10353308429688679
3162,0.02360496441834714
3163,0.023954420752261174
3164,0.11151347328936811
3165,0.12709900029324983
3166,0.04426058349419115
3167,0.10859955664427745
3168,0.25770998063199724
3169,0.0986097067662508
3170,0.18696690205612265
3171,0.1530099957782991
3172,0.20030098273664643
3173,-0.012107130290884949
3174,0.024080580314712496
3175,0.16460030317824825
3176,0.04645195309055983
3177,0.2546044264776457
3178,0.18630304837664502
3179,0.19153411903194206
3180,0.1547109557511669
3181,0.11614077294728853
3182,0.009502614419130917
3183,0.01548351572185147
3184,0.10614496985577726
3185,0.0029414844125689177
3186,0.11427009616786488
3187,0.08147057738903785
3188,0.13043781745457383
3189,0.2018701802417312
3190,0.1293066250302548
3191,0.026535814057513374
3192,0.26628291321495523
3193,0.1470279895173553
3194,0.04390575959203413
3195,0.10188778547009802
3196,0.18600739849674197
3197,0.10120218253504676
3198,0.11292978488745742
3199,0.03264685305416992
3200,0.12414076446579048
3201,0.10639617360489584
3202,0.20030726054127546
3203,0.1160412828446562
3204,0.23861160700071748
3205,0.11908841883238397
3206,0.2194198637406477
3207,0.029871881488098495
3208,0.09779598728096595
3209,0.20486393713844564
3210,0.011392436217154134
3211,0.08545459164196612
3212,0.026821544739593528
3213,-0.006837392030067946
3214,0.10270129938529904
3215,0.02912597457190902
3216,0.03504527787610345
3217,0.09662963639457167
3218,0.12796568867514613
3219,0.2037751854718266
3220,0.03406721606262586
3221,0.041074833261532495
3222,0.09644328809684566
3223,0.17302334058545465
3224,0.03663761407901345
3225,0.10059219139097808
3226,0.108719338809942
3227,0.012035631687602244
3228,0.09429158462152742
3229,0.006540639033493889
3230,0.2726029454088398
3231,0.17969386811513366
3232,0.1020466169894979
3233,0.16998061518782237
3234,0.20065317339873856
3235,0.13907728026782784
3236,0.10115628571589508
3237,0.1022262922262922
3238,0.02449098848291653
3239,0.013121546235359549
3240,0.08483061540189951
3241,0.08245847771085446
3242,0.3201934094994823
3243,0.09534503784116899
3244,0.17905033840982676
3245,0.0389694333914562
3246,0.07035202629653936
3247,0.04251165407414004
3248,0.2516647580420003
3249,0.09456611241356683
3250,0.013353454046932334
3251,0.11618895623099001
3252,0.1832590011927221
3253,0.13534460944745808
3254,0.013974066212865899
3255,0.12365803486454463
3256,0.08363718150215949
3257,0.040996875425410195
3258,0.10396774720717694
3259,0.008245558263505703
3260,0.04115182230842318
3261,0.14784679672705103
3262,0.12007752076562106
3263,0.01372708295551095
3264,0.09653564727031294
3265,0.13316451168554555
3266,0.20142323016709718
3267,0.1605863325486767
3268,0.1367924266316305
3269,0.10263309170978219
3270,0.028139245018983905
3271,0.010824981898934438
3272,0.23569666904385933
3273,0.19752796883654222
3274,0.02699777737084741
3275,0.17988173081109549
3276,0.0937502879611849
3277,0.08976586010806553
3278,0.03099757359750044
3279,0.07566894052220874
3280,0.009052958588897764
3281,0.01995731486437513
3282,0.25994899705466923
3283,0.12382492411750812
3284,0.12234710520355407
3285,0.15814677359811935
3286,0.21286548216910128
3287,0.10133496222891392
3288,0.17639748830999047
3289,0.20017256570930908
3290,0.15540276151282617
3291,0.12180586826041662
3292,0.13112124492592814
3293,0.10179380748228939
3294,0.22411459490131336
3295,0.03680743330743341
3296,0.10048493681717996
3297,0.13184455887958269
3298,0.026521097730471288
3299,0.10523506651610492
3300,0.041933013442809086
3301,0.14057326531659997
3302,0.014030084472365534
3303,0.1969959294628697
3304,0.10370388154107446
3305,0.18979810301214062
3306,0.0404306946627061
3307,0.18316102182024596
3308,0.016632177649550384
3309,0.18444915094072178
3310,0.04623974589562796
3311,0.0972332710063104
3312,0.2010989305445049
3313,0.10716262288022571
3314,0.042146568694086284
3315,0.20607505887562394
3316,0.03519939603913469
3317,0.14790515053531728
3318,0.01759250376222843
3319,0.0203322280449032
3320,0.21603967939249347
3321,0.10343752118718885
3322,0.019926471666640966
3323,0.08060670424087546
3324,0.13296249490248946
3325,0.12911958482887842
3326,0.03681647929031895
3327,0.0201313947660392
3328,0.021433122432886975
3329,0.1263282971214018
3330,0.11801638910513979
3331,0.1324472476072852
3332,0.19687726286060991
3333,0.028819826141545546
3334,0.12944355490852444
3335,0.038085061458774994
3336,0.07798248379235972
3337,0.09918323211274338
3338,0.020700139912348092
3339,0.17455474014364214
3340,0.10952017683850146
3341,0.09876134140789394
3342,0.03328489509774912
3343,0.13530014305778149
3344,0.2125271068468706
3345,0.04486519395200195
3346,0.21086340798262515
3347,0.10760691704088521
3348,0.02330852291590313
3349,0.11574906445484434
3350,0.015230144474809748
3351,0.17982503278074613
3352,0.17116396840667925
3353,0.009215907958779246
3354,0.018506996448172996
3355,0.17703690262943195
3356,0.15411112940137628
3357,0.030475513906622176
3358,0.22100140490321019
3359,0.2618556907689239
3360,0.03224639248575978
3361,0.14927534335067139
3362,0.009167711087283092
3363,0.0002936642555501079
3364,0.1877895188010501
3365,0.02332659911720414
3366,0.08730656892955069
3367,0.05081078225988389
3368,0.2883508254723782
3369,0.07608780079377442
3370,0.10146684177167009
3371,0.30540733241355567
3372,0.10871262002621807
3373,0.09374440948378204
3374,0.1145715194859055
3375,0.2269856830084085
3376,0.010688593892507425
3377,0.12702856815920072
3378,0.03277368719512075
3379,0.030910897755059175
3380,0.027512107838982502
3381,0.2200354305990483
3382,0.11029523672110186
3383,0.03859491815606653
3384,0.0903866851332149
3385,0.1106612038935918
3386,-0.00011863558114444395
3387,0.24055528142215443
3388,0.021408248047173783
3389,0.12370929669792152
3390,0.13414751320485752
3391,0.11564692439318724
3392,0.17117273739055527
3393,0.19579960971107124
3394,0.03239225825771941
3395,0.12226260536835176
3396,0.029192914323176167
3397,0.017934449079552772
3398,0.017621238650958104
3399,0.01787872436175708
3400,0.019027295099467656
3401,0.042073080344767755
3402,0.17127378855137565
3403,0.037914899298667204
3404,0.03187842237300753
3405,0.10970686921659578
3406,0.020763586430703085
3407,0.023120989740262443
3408,0.11146780193111194
3409,0.107415293752113
3410,0.19046885476748032
3411,0.13107111077790023
3412,0.20842833019982554
3413,0.08550399635115291
3414,0.23017759441260033
3415,0.19852219421832373
3416,0.019659497591178132
3417,0.08566109392411425
3418,0.01588368412077301
3419,0.022763673880027424
3420,0.04696049959211057
3421,0.09332831146126586
3422,0.021157715390946463
3423,0.20980557470607353
3424,0.1816068210917997
3425,0.1450575513527148
3426,0.17778138848587233
3427,0.18002758252202355
3428,0.1768557235009517
3429,0.13362214523883165
3430,0.23977411365562573
3431,0.017319746792730184
3432,0.12273551694469476
3433,0.10632500558128188
3434,0.013863422113514656
3435,0.091202797525472
3436,0.11261512732952117
3437,0.10261907312684382
3438,0.12467091014624154
3439,0.2698462839940763
3440,0.23885665129260836
3441,0.0941827126408239
3442,0.12035209322282969
3443,0.1873117706848998
3444,0.02109416833340949
3445,0.11308982256316602
3446,0.02742417164388622
3447,0.02626254384882365
3448,0.10619279090242895
3449,0.11797631559758692
3450,0.18284080244850165
3451,0.10040854949998723
3452,0.13056868856572101
3453,0.11989383270894338
3454,0.022811592004502113
3455,0.034426891191976394
3456,0.14138555085860616
3457,0.11133552390997525
3458,0.04445293024526864
3459,0.17606656229392914
3460,0.10570755085827466
3461,0.042810941862009955
3462,0.0223687528428389
3463,0.13127181574901048
3464,0.19175419378099678
3465,0.02359478415837324
3466,0.13672580703083714
3467,0.09355091124675396
3468,0.011992921593403372
3469,0.02957435032565614
3470,0.17243248631345987
3471,0.06013361614064561
3472,0.16078204676389463
3473,0.024202525524888108
3474,0.1041721464696761
3475,0.20254248117684248
3476,0.02793619072051523
3477,0.024240688188017168
3478,0.054120733921278585
3479,0.02431237765569061
3480,0.015280580194634852
3481,0.1338091437263772
3482,0.1142839734893798
3483,0.02140271011119599
3484,0.19077840842551164
3485,0.1236913130413354
3486,0.11322230921569265
3487,0.08820010281207413
3488,0.12927293721886202
3489,0.10418046708407802
3490,0.19686501619413865
3491,0.04391758148454983
3492,0.035645652385627224
3493,0.11244314639019914
3494,0.04660575101155828
3495,0.16693661817356165
3496,0.09833855740048814
3497,0.03349770595285695
3498,0.021776497370349368
3499,0.04114653652819089
3500,0.020200960376993482
3501,0.028269327645793485
3502,0.20700601699373966
3503,0.09526759925756889
3504,0.17833278108938977
3505,0.1139881120010574
3506,0.1228837941773997
3507,0.005531276410920771
3508,0.1887136802866476
3509,0.092094118126961
3510,0.026101217862614212
3511,0.04432952358852271
3512,0.03035598792777805
3513,0.16950219889922646
3514,0.009764954363792766
3515,0.24601289210636113
3516,0.12854290179133798
3517,0.10985404123335163
3518,0.12087915649111758
3519,0.11338166023624408
3520,0.2106403923212108
3521,0.08623809064418908
3522,0.2534033752160487
3523,0.040923548051158276
3524,0.18586624052811174
3525,0.018494911640371203
3526,0.1281064244830995
3527,0.015449040832426153
3528,0.07835807688697893
3529,0.01828704653940727
3530,0.03480368137463208
3531,0.1363088410237533
3532,0.10059914114288271
3533,0.036046868207015303
3534,0.00882900541297349
3535,0.034382778665938085
3536,0.16666999825603201
3537,0.11062225535163983
3538,0.03574662438687404
3539,0.21686906920574833
3540,0.11893127792821945
3541,0.019295814550555734
3542,0.10935768654963385
3543,0.11989903546965719
3544,0.01589461609942333
3545,0.03061719793597395
3546,0.17121391136942665
3547,0.12147077471830214
3548,0.16771506088996935
3549,0.09680393628349737
3550,0.2381494911602422
3551,0.10182160690851882
3552,0.1271256809400937
3553,0.2473840083763833
3554,0.11563376376154899
3555,0.1700668083397202
3556,0.015388727826701976
3557,0.016349403501248583
3558,0.03883092018313983
3559,0.027694326120258794
3560,0.03566873170483609
3561,0.11498847163818093
3562,0.1773556989278725
3563,0.11323052176513371
3564,0.17948684137582405
3565,0.10344096531973868
3566,0.1210570142601568
3567,0.010932118280964853
3568,0.05094713929443162
3569,0.11173321053396712
3570,0.11527762325170932
3571,0.0486917064634379
3572,0.1704022017649789
3573,0.09420572008159955
3574,0.036322566121712474
3575,0.09842198453930218
3576,0.1145075396370776
3577,0.08110391886768975
3578,0.02584599657237807
3579,0.18607473529103313
3580,0.1884855570944155
3581,-0.015627475386859158
3582,0.21197149582269592
3583,0.2829870745157268
3584,0.18088649227725506
3585,0.1619844271119939
3586,0.16538520944140955
3587,0.03081821427445064
3588,0.12889802322282584
3589,0.006389585551503152
3590,0.12628109731471848
3591,0.1527205170798719
3592,0.13111495010864904
3593,0.10006099480362485
3594,0.13589615036198244
3595,0.11959403909177224
3596,0.15372622920638757
3597,0.22455651620046702
3598,0.02041655594149616
3599,0.11627782122507313
3600,0.056310915530060734
3601,0.2723779508818637
3602,0.032611071396426494
3603,0.0819074558606292
3604,0.033376033866917565
3605,0.02207309616314901
3606,0.02253132658456436
3607,0.03338302237038271
3608,0.1176083415786795
3609,0.16737271300009293
3610,0.1814245269986796
3611,0.0305337560554354
3612,0.030929415960805562
3613,0.12985192427252512
3614,0.1789214835452817
3615,0.2190484494842595
3616,0.05154554339530715
3617,0.1729197784022345
3618,0.034977903199558624
3619,0.0584620847267141
3620,0.028711872968783303
3621,0.014415457031317302
3622,0.18299514532248295
3623,0.2035364095272333
3624,0.03699334659202258
3625,0.1183514100772346
3626,0.03289749017656618
3627,0.1678475263452418
3628,0.18006935512121414
3629,0.03294884626216077
3630,0.009048989901825344
3631,0.021802395540014285
3632,0.03336705564223574
3633,0.0068999776304622396
3634,0.1203792859645354
3635,0.056048126186753255
3636,0.24799996145441616
3637,0.034632976201371735
3638,0.11845055866716514
3639,0.047035398153979835
3640,0.09510698689087138
3641,0.10207855702177682
3642,0.08880798456852901
3643,0.16043573923262677
3644,0.04039965700389225
3645,0.09403073730678868
3646,0.0994222842878385
3647,0.19282957576376814
3648,0.027624900120391982
3649,0.033147218389393274
3650,0.03127885751100612
3651,0.025173608336464537
3652,0.22015552382400205
3653,0.026380564407038065
3654,0.11040539358549573
3655,0.2108990653770646
3656,0.2052069362702189
3657,0.10968502622499443
3658,0.10026832219438875
3659,0.11036865794462514
3660,0.09104982417886631
3661,0.02294963959966001
3662,0.09060419445814982
3663,0.1394858436889005
3664,0.13097004078506436
3665,0.0027414694010878815
3666,0.028980764810212722
3667,0.16268823721113113
3668,0.03580945655226797
3669,0.0932981762151327
3670,0.25648164398988427
3671,0.11517216366415128
3672,0.11498480658071686
3673,0.23690861665419172
3674,0.0436754465987651
3675,0.09641513121573586
3676,0.004545186396197942
3677,0.10322485686696903
3678,0.00893085974784924
3679,0.2822274861029396
3680,0.13592011393313852
3681,0.03039868887243713
3682,0.11461800207264328
3683,0.08645703000243865
3684,0.009593959461773993
3685,0.11251190890584883
3686,0.025800442944308166
3687,0.12740700219668
3688,0.012717165191137414
3689,0.02909228333807179
3690,0.12095738408905354
3691,-0.0006337736472562527
3692,0.12958117011227055
3693,0.0139700985183
3694,0.18636510752338364
3695,0.020924074573135165
3696,0.13307507628028814
3697,0.08363381472646947
3698,0.11530881925739533
3699,0.03266428449322378
3700,0.08850765925001736
3701,0.038170960070258886
3702,0.12331105292904654
3703,0.1093583488845502
3704,0.11029379266769612
3705,0.02345272962619771
3706,0.11844741553976834
3707,0.25294711106042966
3708,0.12992111070714096
3709,0.07806063089623583
3710,0.023091370644966802
3711,0.15003548488321483
3712,0.19257128112870459
3713,0.1855079409076228
3714,0.1879149621444891
3715,0.0964192548951831
3716,0.25424026266975575
3717,0.16860650695574586
3718,0.1304460343798014
3719,0.02042214941554321
3720,0.09175234134992383
3721,0.11808840966457035
3722,0.12318325125789498
3723,0.03294394270919354
3724,0.12954395875720615
3725,0.015478429225483481
3726,0.22219800062275386
3727,0.03327285666225688
3728,0.11508112670743487
3729,0.1890502755671295
3730,0.022147956489314558
3731,0.14073198108752782
3732,0.10351991133959881
3733,0.02403556813152785
3734,0.10358553435980755
3735,0.09117327069001813
3736,0.2597041217692012
3737,-0.0058508954375333655
3738,0.19346387196657022
3739,0.10227489045441529
3740,0.007534178564551519
3741,0.0171336216088529
3742,0.13019783406211383
3743,0.10545039074441276
3744,0.1895044200817403
3745,0.18758410296969563
3746,0.04775862732312308
3747,0.11509187599411896
3748,0.026343747433319686
3749,0.10669575240206441
3750,0.11238808614174167
3751,0.04131143153590666
3752,0.09611514228387186
3753,0.19896794883512936
3754,0.03836593797275767
3755,0.2016436389602193
3756,0.18534529823695323
3757,0.22501412911287166
3758,0.2238264274408882
3759,0.25098824279779774
3760,0.03507199790561366
3761,0.019868975961941926
3762,0.1044631117984931
3763,0.11183481834055542
3764,0.1359802204840288
3765,0.032738956128659846
3766,0.027958751702976015
3767,0.02784953050269723
3768,0.13782924970170896
3769,0.17491538955662378
3770,0.03713181137000354
3771,0.12262113962205246
3772,0.13043585188603912
3773,0.1792458834424251
3774,0.011614147261388097
3775,0.10282745311281705
3776,0.05449311508604149
3777,0.13377335425494874
3778,0.014239751711196624
3779,0.08330879590406859
3780,0.018923192285637658
3781,0.004510514273279531
3782,0.013115035545490428
3783,0.1615548647715156
3784,0.026667501211405598
3785,0.1209637428127176
3786,0.02196444246440543
3787,0.10581779038862316
3788,0.12121470799648704
3789,0.18325924308079644
3790,0.18492802087628546
3791,0.030891922645329806
3792,0.1680491371176629
3793,0.020161303659499197
3794,0.12521321061208013
3795,0.10399560912802164
3796,0.16505950342180298
3797,0.12141650717525632
3798,0.009593117230288994
3799,0.1720409544569621
3800,0.02201319853724848
3801,0.02650244277760594
3802,0.030219546684031373
3803,0.11576992878174552
3804,0.020163483078004862
3805,0.1452376684605302
3806,0.10370992023843306
3807,0.14430885858277487
3808,0.19812288288350755
3809,0.09373381103294476
3810,0.028635902939763147
3811,0.10050168962565698
3812,0.09660764786809706
3813,0.03342135877253538
3814,0.06930342652973698
3815,0.0029455907328743702
3816,0.24158108976647852
3817,0.09334083735011334
3818,0.2003094586026526
3819,0.03745486667028808
3820,0.10650124710560971
3821,0.018488177382103732
3822,0.11933253837417057
3823,0.05173840543682684
3824,0.1356972518927626
3825,0.12518818168473267
3826,0.11481213169598836
3827,0.12268279246988767
3828,0.15499581959435982
3829,0.03982947576061435
3830,0.18026143050076648
3831,0.03876810093898886
3832,0.18793383232255345
3833,0.02152908727535585
3834,0.09599117525319512
3835,0.03298597990016616
3836,0.12259235910116972
3837,0.02789795083362201
3838,0.09147220935573275
3839,0.08356856237582033
3840,0.1009237792129708
3841,0.19483758033091392
3842,0.09938917024661165
3843,0.16006766968227792
3844,0.04500960410856558
3845,0.16183926238388557
3846,0.027351521223565767
3847,0.1703968778722047
3848,0.17495442462419875
3849,0.202984943211298
3850,0.12000978449033806
3851,0.030500059842782812
3852,0.12661476509756886
3853,0.024095152850575396
3854,0.03172499551609054
3855,0.0012262996280235638
3856,0.030468124971395838
3857,0.01179466583525679
3858,0.014418132225036406
3859,0.10892309522570887
3860,0.16421592943766217
3861,0.09268578982918285
3862,0.2037835125175892
3863,0.14825468417185483
3864,0.012508502672382016
3865,0.1258245127489982
3866,0.13985736466062026
3867,0.1335535782104994
3868,0.10674810389524658
3869,0.02572302384370606
3870,0.12691828765655988
3871,0.08095080012254574
3872,0.2132964611540541
3873,0.15814953040141466
3874,0.10330825707435032
3875,0.04596705740735085
3876,0.026305919066515915
3877,0.03853992150100649
3878,0.10487462983985119
3879,0.09033109409164297
3880,0.03093544592537667
3881,0.18839842942321028
3882,0.19983689659515058
3883,0.11299254695706717
3884,0.025889053088244296
3885,0.029359266613556367
3886,0.12377413755519684
3887,0.04276625606182016
3888,0.010442000447898003
3889,0.12728504357239212
3890,0.13646736023247252
3891,0.19469488818740033
3892,0.014910129468449052
3893,0.12457460763335493
3894,-0.0014652333378767368
3895,0.2227168793072496
3896,0.12203580680902004
3897,0.2366354766905966
3898,0.17436270045300872
3899,0.09411710456112687
3900,0.0182067128607889
3901,0.09630654545479977
3902,0.014596406563778253
3903,0.18892352761915177
3904,0.21540355606075967
3905,0.12022747290060964
3906,0.09526493165760308
3907,0.21419922210982212
3908,0.09308926185777655
3909,0.1275664411682358
3910,0.03243018546275578
3911,0.032502319231711874
3912,0.10694454799792907
3913,0.1278357103956339
3914,0.09059971288453506
3915,0.03269566947730973
3916,0.1242340183072943
3917,0.007577225359799544
3918,0.030826167161436713
3919,0.1985534924257718
3920,0.20382464030189573
3921,0.022179905356123575
3922,0.04901253386532489
3923,0.1269395310475937
3924,0.012759880185090555
3925,0.11114943057154836
3926,0.05723061102736615
3927,0.022927960522923452
3928,0.2476537559871287
3929,0.14660122525873076
3930,0.043053047763145225
3931,0.15171042081754704
3932,0.09384597521655758
3933,0.020722155449732327
3934,0.022206268790036954
3935,0.021271462666806684
3936,0.1575864932237907
3937,0.20382545164797494
3938,0.12174428769308909
3939,0.10747538524537115
3940,0.11925790660544489
3941,0.133508278899238
3942,0.02377358670636065
3943,0.014137816062991693
3944,0.18904005731529594
3945,0.16854656710575944
3946,0.17677843600625076
3947,0.11366041062452859
3948,0.021838463517794837
3949,0.03259649591205349
3950,0.036486000412429
3951,0.024259112800779525
3952,0.19446409176736457
3953,0.13605628199953834
3954,0.029399833129230668
3955,0.20754103530072243
3956,0.023715239397536725
3957,0.11883600282118933
3958,0.11461825249845425
3959,0.012172926481275104
3960,0.10485864866548367
3961,0.11094693336204486
3962,0.17287536502056022
3963,0.20722635278436996
3964,0.11970490815577739
3965,0.09872755441313286
3966,0.24610318310459034
3967,0.10088616697076747
3968,0.12120432129155057
3969,0.10172342540885893
3970,0.15480576313253236
3971,0.027264320894250127
3972,0.20573803677444524
3973,0.22339085298768468
3974,0.1263108425949172
3975,0.1343957731527855
3976,0.10343063242220318
3977,0.190520662262313
3978,0.09061728954054915
3979,-0.014003054706216433
3980,0.03524135260130257
3981,0.11288797356977787
3982,0.1940683180333056
3983,0.1268357702829067
3984,0.12949848686593746
3985,0.1117385929613004
3986,0.21966959234081784
3987,0.026246776993045673
3988,0.02363119723207452
3989,0.01612289984735027
3990,0.10707715048895927
3991,0.08119415862485979
3992,0.18635287674691692
3993,0.016521905062320985
3994,0.025710518347625833
3995,0.18524982310691218
3996,0.032233152583653224
3997,0.01618610697032663
3998,0.152094212927661
3999,0.01699393742494726
4000,0.32542901729965046
4001,0.18962006774402684
4002,0.1809916135452937
4003,0.10440948221014346
4004,0.09373272427790003
4005,0.12444346667129091
4006,0.17882198327793197
4007,0.13524536171073376
4008,0.12493578635869373
4009,0.021372220699626077
4010,0.12621487250289232
4011,0.1699634161962027
4012,0.1159348070740468
4013,0.03714598215427389
4014,0.16368164663453255
4015,0.12644956256989426
4016,0.11666013731388847
4017,0.13008126166773726
4018,0.03318261503871467
4019,0.03366900522524674
4020,0.09779629948226487
4021,0.03214498538719279
4022,0.1366996319534407
4023,0.039257395736808864
4024,0.03165395360077672
4025,0.18742207230507701
4026,0.18490576444972595
4027,0.01214278248498779
4028,0.04783855068085208
4029,0.07663365024899105
4030,0.22991999935075447
4031,0.18115547573018542
4032,0.02189605742265588
4033,0.10975954772128627
4034,0.13281268811990687
4035,0.15052733338139923
4036,0.012270761804360486
4037,0.13798088246603268
4038,0.10027985962438768
4039,0.03117355455873294
4040,0.1254646158881434
4041,0.08395244068209173
4042,0.13164651303039643
4043,0.03419062098443193
4044,0.14845016055707172
4045,0.11363658662154696
4046,0.02311732494378127
4047,0.023248909100792692
4048,0.01698195478944098
4049,0.20995882781274144
4050,0.029403022537601742
4051,0.00704198072490958
4052,0.10027323218113693
4053,0.24076057920946925
4054,0.0005888717725996973
4055,0.12039574112040308
4056,0.022352107768384144
4057,0.02091837495901283
4058,0.13094261765406623
4059,0.01416301800472497
4060,0.23945952676160642
4061,0.11964693418313266
4062,0.1967350949331429
4063,0.16263172491153965
4064,0.023899524000924766
4065,0.08474892952138091
4066,0.09741972892657835
4067,0.1564621092958196
4068,0.0298838396215243
4069,0.02409756566351684
4070,0.00800849286250338
4071,0.17889895757602026
4072,0.13122780161855763
4073,0.03285381026711953
4074,0.12267654222640567
4075,0.11953088016583058
4076,0.12204421002533605
4077,0.04398735350806604
4078,0.020816585126187448
4079,0.18532653806079058
4080,0.18418746277534992
4081,0.08674266837749356
4082,0.010515358139220665
4083,0.17512522506138328
4084,0.024867373896140132
4085,0.035551611671144845
4086,0.01474513395459709
4087,0.09255091939533633
4088,0.008449216197901843
4089,0.12704620799334465
4090,0.1634763403186118
4091,0.10576174127945048
4092,0.019773752329906635
4093,0.1017881245494423
4094,0.1280529223518102
4095,0.19393933951619813
4096,0.133016287039869
4097,0.13344199637017118
4098,0.02177986555325695
4099,0.1372143245543329
4100,0.10735237853906698
4101,0.17997814593115224
4102,0.12749037796248264
4103,0.10586290471415416
4104,0.04950007742870777
4105,-0.005789400622952301
4106,0.12256961436515523
4107,0.20284538560749232
4108,0.17924025636996987
4109,0.0068131267976511145
4110,0.17735772916629977
4111,0.0012270991944902665
4112,0.005260658777596738
4113,0.12270674661283953
4114,0.02598189964715769
4115,0.08936615438396744
4116,0.014051448393927135
4117,0.03636278494259071
4118,0.03377669226061808
4119,0.13347391746614656
4120,0.08783159585458467
4121,0.18234332767112738
4122,-0.0016827732850508426
4123,0.21328839539016586
4124,0.13546282478659366
4125,0.039867499223922076
4126,0.10976203151456188
4127,0.1896479211105564
4128,0.11704103645837072
4129,0.029374557954635505
4130,0.12418187626336064
4131,0.13261019637462146
4132,0.01458909597250535
4133,0.031038745821494462
4134,0.0043559672316667575
4135,0.22210424772481585
4136,0.1994128963616879
4137,0.253169154161772
4138,0.10037088884157153
4139,0.010641932712417312
4140,0.11436693031199507
4141,0.114069934185418
4142,0.20208331620364928
4143,0.020960300236060436
4144,0.011346350503383174
4145,0.11956008684980646
4146,0.01521976439387207
4147,0.039132789509205734
4148,0.032016132772385686
4149,0.009661455433072286
4150,0.24936234136234137
4151,0.07429675609352637
4152,0.18911648803613446
4153,0.10423566280490426
4154,0.02356741840144594
4155,0.12641804667738266
4156,0.03275521328048714
4157,0.15605374179734988
4158,0.1628374087128196
4159,0.09127678282395824
4160,0.1376210789059752
4161,0.10675580969799214
4162,0.03538167546634452
4163,0.014448850073548458
4164,0.13667598127137526
4165,0.24300864404301115
4166,0.029268017817636105
4167,0.18197223811034546
4168,0.17137695345129922
4169,0.02509993947562228
4170,0.033986140635849926
4171,0.11231733146156286
4172,0.17167537313731196
4173,0.1035837368287661
4174,0.029987501937840944
4175,0.2082737823446097
4176,0.12198487981883088
4177,0.02679419125127991
4178,0.16336508976092723
4179,0.2196761331051862
4180,0.11914887473447733
4181,0.010942429612611493
4182,0.009911097059404406
4183,0.02712758817509442
4184,0.21207560286126237
4185,0.06580743743958106
4186,0.10798140006401313
4187,0.1967951360042567
4188,0.18743556542595097
4189,0.12265941110698897
4190,0.02509422466548472
4191,0.026560358623880398
4192,0.10130980756227304
4193,0.0711151207760129
4194,0.01906001317853856
4195,0.034257330672441855
4196,0.12633631053234573
4197,0.1076625648395606
4198,0.06011420332994588
4199,0.03433010006289172
4200,0.08703614822070627
4201,0.203534689135337
4202,0.09219839922516937
4203,0.03320137639902876
4204,0.20424793025442967
4205,0.13980756726393384
4206,0.15465345425564558
4207,0.159476722261791
4208,0.1185671466469368
4209,0.20660378548325165
4210,0.17361990625861534
4211,0.20392176486702163
4212,0.02342420186878358
4213,0.003690216085673992
4214,0.10987360663008261
4215,0.1168662152207619
4216,0.01727050897073168
4217,0.1300377031195994
4218,0.002715279360016143
4219,0.16269404638040352
4220,0.004749915291124451
4221,0.20927815046531706
4222,0.020783270681801858
4223,0.10409860675248084
4224,0.1238777694384654
4225,0.01210659248282564
4226,0.0015392043241795328
4227,0.1275404614041833
4228,0.11262913738406566
4229,0.12421160466183734
4230,0.09971704906794032
4231,0.10892999071840537
4232,0.20795773968961806
4233,0.0791459909205553
4234,0.10829855677273514
4235,0.10394473934368664
4236,0.13421248797674656
4237,0.11782392976562717
4238,0.03955750946400416
4239,0.0924395012912197
4240,0.23451386625961956
4241,0.12713911922439103
4242,0.026071175088719034
4243,0.16041772471358318
4244,0.041551518160707235
4245,0.2322684407782426
4246,0.0934575253130624
4247,0.019010094813397327
4248,0.10796806103670809
4249,0.04363393495147139
4250,0.12817479449966507
4251,0.1712444633019813
4252,0.1196334510833994
4253,0.1836121511019826
4254,0.08439005356833884
4255,0.13820722130075203
4256,0.04273079823580872
4257,0.00843681862663681
4258,0.08163127741667286
4259,0.1886667549040787
4260,0.00027338792647813026
4261,0.029253069388845643
4262,0.00942265842966461
4263,0.12035921089313284
4264,0.11245969293363
4265,0.1487333179085677
4266,0.03671674669541802
4267,0.14039858515064996
4268,0.254109427777343
4269,0.23946092375149808
4270,0.01188487379347769
4271,0.05880912164475305
4272,0.041612076788860475
4273,0.19517053491901049
4274,0.1606511355019793
4275,0.19322740867225463
4276,0.03277475651259909
4277,0.1857999617764894
4278,0.10873504380638177
4279,0.1923718741284749
4280,0.02190674324560138
4281,0.18575948626169592
4282,0.10966073110111652
4283,0.18041323113045238
4284,0.13789290239217245
4285,0.18198940659101026
4286,0.1993015052182019
4287,0.14395034925586192
4288,0.20791617572617538
4289,0.12288888930891884
4290,0.09842333220410959
4291,0.09631437199083359
4292,0.015171196593072978
4293,0.003605656675940927
4294,-0.0021824191270081172
4295,0.10459809353024685
4296,0.09869941281360795
4297,0.18111993501895485
4298,0.1164788288229982
4299,0.16489113838242608
4300,0.23729766430388777
4301,0.24534279417795046
4302,0.12557417215160138
4303,0.11520706261443014
4304,0.1002317353169686
4305,0.12326909164073985
4306,0.11092446095763098
4307,0.11700426104840489
4308,0.1605915277165666
4309,0.29573294927676363
4310,0.011383962853261043
4311,0.023376783759993525
4312,0.0273831597240356
4313,0.08388112179621332
4314,0.12003929877084718
4315,0.0872831279530385
4316,0.1468366038970883
4317,0.02920132234284678
4318,0.11999026175693672
4319,0.032287780428035706
4320,0.2412572449628012
4321,0.005749695907923513
4322,0.16572676801550035
4323,0.008923963604351437
4324,0.01622209272209274
4325,0.16019971307352288
4326,0.02766716730579355
4327,0.17658679738999594
4328,0.23640152176647344
4329,0.09140295732649695
4330,0.08552138488655803
4331,0.01464974581638867
4332,0.1015314255004588
4333,0.15605026518612586
4334,0.021402064305841795
4335,0.03512205776789423
4336,0.1127338311615359
4337,0.02008912018438591
4338,-0.012477691205858954
4339,0.17230516868914814
4340,0.009270977669631364
4341,0.1187682024243315
4342,0.01744883853737822
4343,0.09950647574290217
4344,0.014803300881233605
4345,0.10061626397035739
4346,0.133175529611695
4347,0.10062084695651607
4348,0.23849145836788022
4349,0.045703601687734796
4350,0.23369824658095206
4351,0.029318949412939554
4352,0.2206274918318274
4353,0.09103019803676671
4354,0.15477857956317986
4355,0.12480181495323661
4356,0.0962714289500386
4357,0.1680651322011939
4358,0.22369367007886598
4359,0.03420699803054339
4360,0.21879262872248828
4361,0.1022538373973716
4362,0.036624948986291095
4363,0.10276937215263193
4364,0.03897481240517431
4365,0.19067730642004865
4366,0.00657916045631235
4367,0.19539066918047965
4368,0.09769470531636881
4369,0.016239392562932164
4370,0.07011072697347209
4371,0.042696725897711785
4372,0.12009424956154069
4373,0.10755703823626406
4374,0.06125000804308378
4375,0.07432932809158554
4376,0.03729402656981451
4377,0.25810783027385864
4378,0.11672099314494144
4379,0.025196070309568386
4380,0.011419928049663297
4381,0.10712482175432625
4382,0.09808845854929071
4383,0.03030425590587371
4384,0.2323047597667829
4385,0.0962932125064625
4386,0.055323749925110466
4387,0.09538361981198629
4388,0.021825839280334658
4389,0.13885925860896176
4390,0.044367434169774955
4391,0.1809512177207796
4392,0.012741189244368512
4393,0.17698655410335296
4394,0.08959677948955835
4395,0.16718889290515815
4396,0.015493523792158737
4397,0.07584397285484235
4398,0.015355501164822427
4399,0.09191206458554202
4400,0.026863615886888792
4401,0.20217390472252772
4402,0.0006978929805165901
4403,0.21988926883285886
4404,0.16948865322112994
4405,0.09952641885735236
4406,0.1743807888713379
4407,0.27860235608048056
4408,0.009016840437270357
4409,0.10277787617979361
4410,0.19094677960659034
4411,0.1515546399962603
4412,0.16270717991443662
4413,0.13305924898394483
4414,0.02649315327978974
4415,0.10798017885146527
4416,0.017432701347035118
4417,0.20502662138537042
4418,0.20178250105979734
4419,0.04095897786500924
4420,0.014013313212736023
4421,0.10743339421499887
4422,0.028828221651567065
4423,0.11594655355520567
4424,0.09026381117350202
4425,0.10882211079025073
4426,0.010758194068775206
4427,0.13181450320916854
4428,0.026140800163446776
4429,0.029356626451683132
4430,0.10483804931187268
4431,0.19269779832508482
4432,0.026552497059252334
4433,0.1057426021399347
4434,0.005907553946387201
4435,0.24396465476676754
4436,0.10989773772574563
4437,0.14721517840050524
4438,0.08376265595316823
4439,0.07303956278218049
4440,0.2641844325071615
4441,0.02526679021945033
4442,0.0007216177175708438
4443,0.1747419377188979
4444,0.11255955035711185
4445,0.09745190326324649
4446,0.028772524078753192
4447,0.08675536413234453
4448,0.2184680083126299
4449,0.10321008645244456
4450,0.168714264071109
4451,0.013349103709374144
4452,0.08283872720037078
4453,-0.0035866612538238973
4454,0.019130713574485703
4455,0.011170251490944305
4456,0.03946980139961409
4457,0.1623309748153302
4458,0.10344985111582838
4459,0.1866817211621461
4460,0.13101609047415474
4461,0.17519165955186378
4462,0.17313771873933648
4463,0.027702554889688535
4464,0.1119915519116439
4465,0.11129903966441879
4466,0.02573454180419077
4467,0.1439652132174929
4468,0.1893425400031611
4469,0.21046247813954888
4470,0.07517422193883028
4471,0.007041301158948188
4472,0.16128232546490573
4473,0.15413570753501116
4474,0.11218532355702171
4475,0.2580290163804966
4476,0.11982538444146695
4477,0.17555105620202416
4478,0.10899103486281814
4479,0.040582393638965875
4480,0.126825893671334
4481,0.11714088945877987
4482,0.19266564153242838
4483,0.19338874873309242
4484,0.08081961348587996
4485,0.019411495192853234
4486,0.03037725175048611
4487,0.09834817648475247
4488,0.02178971370650251
4489,0.0312961454677686
4490,0.10832131457529814
4491,0.09848073504338062
4492,0.18473183623910727
4493,0.11266938583418029
4494,0.020075452610199385
4495,0.16619848503378054
4496,0.10537060987706137
4497,0.04179306704385477
4498,0.02132969005309726
4499,0.004788116345706861
4500,0.19479878760113634
4501,0.17692810405991122
4502,0.20845649395936183
4503,0.15831061590943285
4504,0.105268938901111
4505,0.028333282033722096
4506,0.20380181793159358
4507,0.17629757637762422
4508,0.09745522745667201
4509,0.10253151834773278
4510,0.14402047694485975
4511,0.104711552767216
4512,0.11617362640131779
4513,0.09999105168134237
4514,0.15377707814350883
4515,0.12669540962165615
4516,0.13943415718307317
4517,0.20619080488483832
4518,0.015628419765462365
4519,0.11844216737985769
4520,0.10598406022989382
4521,0.20522249699403816
4522,0.11280032319814204
4523,0.009858459788811946
4524,0.13375568915291136
4525,0.14427387483072285
4526,0.0975512168625513
4527,0.17288609749693318
4528,0.005607994323714394
4529,0.11815580796636471
4530,0.11417243850795755
4531,0.10952102517579554
4532,0.19393661890406566
4533,0.19099217317935324
4534,0.04342611536934682
4535,0.3267452014389436
4536,0.172190416207345
4537,0.013836868060508434
4538,0.1829625521295094
4539,0.1410218736455544
4540,0.17321962610635389
4541,-0.011006692994119605
4542,0.034179714181744925
4543,0.022690612797908738
4544,-2.705627705623659e-05
4545,0.10333530715719697
4546,0.026030051896348105
4547,0.15282309175586994
4548,0.2140013308780223
4549,0.023197610239591437
4550,0.02000367360123889
4551,0.18674306661974072
4552,0.1275796477162896
4553,0.11901243267376616
4554,0.12289765989466028
4555,0.01837870211585335
4556,0.11170068096162389
4557,0.1395368268148207
4558,0.20710618180370544
4559,0.23136477605716532
4560,0.13431780450084196
4561,0.10382746070401427
4562,0.17164454536066232
4563,0.12044286118984704
4564,0.14806796160400026
4565,0.04001147358553003
4566,0.12420803780553591
4567,0.1129608842430525
4568,0.12532156967522823
4569,0.1082748155199722
4570,0.12876822106750307
4571,0.029645658158366728
4572,0.18860693119750593
4573,0.01831199872673639
4574,0.09624506059271187
4575,0.004603171027904862
4576,0.0999907358531813
4577,0.09325504641999682
4578,0.09642499705103114
4579,0.22091586409580655
4580,0.19166902242120343
4581,0.042398960409794295
4582,0.24046702888566052
4583,0.10275927406597474
4584,0.20726984414740512
4585,0.11241988450388218
4586,0.0830214380261638
4587,0.10777188154639628
4588,0.15455134464742026
4589,0.13375182585903578
4590,0.03817244493099947
4591,0.1816427368137623
4592,0.09460554181098246
4593,0.01882142048368185
4594,0.20513122795680183
4595,0.021596418142192153
4596,0.019778496916186272
4597,0.12053583368699772
4598,0.12337663379321162
4599,0.027268482893151313
4600,0.03692771614807955
4601,0.020580195224236042
4602,0.1251043760847681
4603,0.011413778936807173
4604,0.18660480989464834
4605,0.08034953611087192
4606,0.019887920796884173
4607,0.019258932035836174
4608,0.0927224320623935
4609,0.09689797367701425
4610,0.11230925642095613
4611,0.032887239329316365
4612,0.13235811006942944
4613,0.050366600312035326
4614,0.007038660037219979
4615,0.2255516075303241
4616,0.14065352135670361
4617,0.1195884775101358
4618,0.024152747813826703
4619,0.15659809811420622
4620,0.03161777160977042
4621,0.10402145956981368
4622,0.02879687280825105
4623,0.017300630164216124
4624,0.10415642940430492
4625,0.25401350644351994
4626,0.10081782188669242
4627,0.13136300656285893
4628,0.022348491807306137
4629,0.03461463901156736
4630,0.0906137498310392
4631,0.021470320950825794
4632,0.02245434219238418
4633,0.21351874163082907
4634,0.029045449980721783
4635,0.07409306712974084
4636,0.13662526696879118
4637,0.11277695662216836
4638,0.025837420811679723
4639,0.03322245377508237
4640,0.017355902300496107
4641,0.08614180120708737
4642,0.08490827327965023
4643,0.11352294818990949
4644,0.02550794412144841
4645,0.11931760911165346
4646,0.1715198554419105
4647,0.11480098709560504
4648,0.01283141605788618
4649,0.175347801676908
4650,0.03562802796457443
4651,0.22729872751928215
4652,0.04309014368263042
4653,0.03802573137923626
4654,0.09411615102394744
4655,0.1716665940744191
4656,0.20149470591563323
4657,0.19594817496291494
4658,0.22479786552623526
4659,0.03191774497061628
4660,0.11597638241562169
4661,0.07343209298858244
4662,0.11064784875129752
4663,0.15822792683273001
4664,0.16442219003718261
4665,0.1243693704710459
4666,0.012720313088006474
4667,0.0875796539069652
4668,0.028695361222993543
4669,0.19643741189686603
4670,0.16443094870789732
4671,0.10906422968811946
4672,0.1834048531963437
4673,0.23857408159304982
4674,0.0310781862895535
4675,0.022710923428840846
4676,0.2793985509629192
4677,0.14233584686131673
4678,0.18672366899637993
4679,0.10851781250768222
4680,0.1348779457216298
4681,0.04305009113704017
4682,0.19495386719399144
4683,0.12262040843067978
4684,0.18381557066637477
4685,0.22494961587639228
4686,0.01995467202969259
4687,0.13464820433317326
4688,0.12430601525286589
4689,0.008381389796400462
4690,0.25014488073493235
4691,0.04895716756304924
4692,0.1986078337980165
4693,0.026174935922252285
4694,0.01610603543743072
4695,0.12027693887901647
4696,0.11358817585267689
4697,0.09030810792810096
4698,0.10664534580815754
4699,0.032997781345474264
4700,0.10097245316223424
4701,0.2607751632346208
4702,0.021315305660546513
4703,0.0228789042829175
4704,0.1998721925684135
4705,0.023301682873077878
4706,0.07208324911065411
4707,-0.004333340602092561
4708,0.13807224874484414
4709,0.02817852774001306
4710,0.023194399812114685
4711,0.10939108754759541
4712,0.026982167059718343
4713,0.10848800290009708
4714,0.21582355840698586
4715,0.25494290510141904
4716,0.14616507835374337
4717,0.12285802589358341
4718,0.02209418211521197
4719,0.009071456480463702
4720,0.010132872806071558
4721,0.10925969775899635
4722,0.022336841200702784
4723,0.18533302841338561
4724,0.13597671528103705
4725,0.0387917859001643
4726,0.09839733349908897
4727,0.10695504434579461
4728,0.20099524746555586
4729,0.013275598634424624
4730,0.12858092070955773
4731,0.179019476387267
4732,0.023750446520922286
4733,0.031996248041465836
4734,0.041481268976760965
4735,0.021113958248384357
4736,0.07681040268198869
4737,0.1106277302906219
4738,0.12950761408778821
4739,0.10778580478992505
4740,0.25577594035328577
4741,0.10350324999166016
4742,0.23704327568410033
4743,0.2097222408321685
4744,0.09834188744125605
4745,0.11468238969159994
4746,0.1914130921782763
4747,0.07516423074526812
4748,0.20498327210718237
4749,0.12539905854769884
4750,0.09876611116894196
4751,0.2046580523416892
4752,0.21164336563207442
4753,0.030487881326471844
4754,0.18066801799947863
4755,0.0423514478261221
4756,0.029961749517971814
4757,0.0152021710340291
4758,0.1790538086847666
4759,0.09569103104233101
4760,0.0910089310452421
4761,0.025057951964492564
4762,0.18517467997844483
4763,0.12012421348445568
4764,0.12420572839283195
4765,0.10522424506204431
4766,0.0074924646981162635
4767,0.08928178692202526
4768,0.11638062502205282
4769,0.0480623443858027
4770,0.1062632271640549
4771,0.0264640300666501
4772,0.1103857512678027
4773,0.1959609145921366
4774,0.13184875534092144
4775,0.28526793147969987
4776,0.15563236517718515
4777,0.10129122087626419
4778,0.10555344661225974
4779,0.03596919462245474
4780,0.15079610764674667
4781,0.11402341751753353
4782,0.12379129256052812
4783,0.09357932427071247
4784,0.01922055280190338
4785,0.12070742782364186
4786,0.030694485247571346
4787,0.026978281032582263
4788,0.04448733958306894
4789,0.026507726148175648
4790,0.11156425238935397
4791,0.07348967771753012
4792,0.10325919259820215
4793,0.01713292949248002
4794,0.09653769508554844
4795,0.11641362246602971
4796,0.10933766824207747
4797,0.08720306802538724
4798,0.08448456871778065
4799,0.019484238556403466
4800,0.01480447865931811
4801,0.11318818679887876
4802,0.016746818118826834
4803,0.12592460097045144
4804,0.10924762146149491
4805,0.21122047598756089
4806,0.11907446864234172
4807,0.11760095726699726
4808,0.12858206608206613
4809,0.21805286951821634
4810,0.022014314782823674
4811,0.10996049378613493
4812,0.03590392029342149
4813,0.018073024080930256
4814,0.11570105924961827
4815,0.21675535602846674
4816,0.10688848220278002
4817,0.2240918340401804
4818,0.17994949303322527
4819,0.08199157112614863
4820,0.10731343570906171
4821,0.005114693600442366
4822,0.07959173864981894
4823,0.11545358254275206
4824,0.11337606699434366
4825,0.09686379505097498
4826,0.11013389955974262
4827,0.18312957480216552
4828,0.2016138532650955
4829,0.2663141744727745
4830,0.030388861618914298
4831,0.17914323126533227
4832,0.2297331448260731
4833,0.10359143989911868
4834,0.18805816280565413
4835,0.11537493540373878
4836,0.11573623681357936
4837,0.10998517653240292
4838,0.23124331983546642
4839,0.17070250875906423
4840,0.1015327659258296
4841,0.08673724369032898
4842,0.10956487529056946
4843,0.1601854221049267
4844,0.03680804393548698
4845,0.037774282510163126
4846,0.041311380497593087
4847,0.15860826877892387
4848,0.24955051857906618
4849,0.16674927723904553
4850,0.07908692036400389
4851,0.1834370929330258
4852,0.11987195647545501
4853,0.19421916003270268
4854,0.11777619813283224
4855,0.0212202988531075
4856,0.12110668340462116
4857,0.11964092445629848
4858,0.12196438495143602
4859,0.10735050342385044
4860,0.12631476423330468
4861,0.11636117754281639
4862,0.03305099761343855
4863,0.021850556390760056
4864,0.1692851678500863
4865,0.1445704520931379
4866,0.2548025408826665
4867,0.022114164930332025
4868,0.045296724330979976
4869,0.019490076431116776
4870,0.12876136197903665
4871,0.025659365683160074
4872,-0.0033661243665056295
4873,0.10821702257859656
4874,0.20697426651179174
4875,0.10800346050893761
4876,0.11963268463826127
4877,0.20956908041319755
4878,0.18687000671701404
4879,0.182051175327407
4880,0.11393792719532736
4881,0.18772490542067277
4882,0.05036639055590386
4883,0.08248875856210036
4884,0.15233507453423378
4885,0.016167461028825048
4886,0.14908312306709792
4887,0.23955176820649637
4888,0.22877206283189877
4889,0.123082859037692
4890,0.004851401613357287
4891,0.161420730133486
4892,0.09536425062976372
4893,0.11429930605251537
4894,0.195612456135546
4895,0.031108731107583054
4896,0.08755003075909695
4897,0.10341047857335905
4898,0.12192053654981183
4899,0.1073492984248472
4900,0.12314295758362681
4901,0.13103628522652544
4902,0.21613682754010444
4903,0.02432713952335719
4904,0.1322585684202291
4905,0.0455063313687768
4906,0.03736372793335274
4907,0.03273098019368659
4908,0.005261501466616969
4909,0.16505050895789863
4910,0.19872818741705878
4911,0.1832273859382325
4912,0.11351354156226845
4913,0.030169116520270323
4914,0.17226264692797733
4915,0.2933469898619252
4916,0.10033733483147322
4917,0.047401271855482596
4918,0.017072843076825883
4919,0.12303548819471033
4920,0.1207437047772345
4921,0.12741051911357593
4922,0.034249003410176004
4923,0.03204964984235492
4924,0.08839854930993485
4925,0.23480030409560626
4926,0.03495596397624101
4927,0.262601597367756
4928,0.23750115474383804
4929,0.021020957070883695
4930,0.18146395451089692
4931,0.02658619693771347
4932,0.02235935841211012
4933,0.09396358170082753
4934,0.198503524970558
4935,0.09811522113990045
4936,0.16638501418004348
4937,0.12110757134881922
4938,0.04277489480495489
4939,0.18569893852920416
4940,0.12566605984498846
4941,0.12060467275618214
4942,0.025360670184733647
4943,0.10476234925756323
4944,0.04729161874734589
4945,0.03515007491566324
4946,-0.0008090355734050592
4947,0.13555278724507103
4948,0.04678177648023374
4949,0.1658247130592735
4950,0.1900868063968908
4951,0.10402505525049788
4952,0.09760298568430903
4953,0.0207085201158832
4954,0.11375666932788364
4955,0.15188542491107448
4956,0.2139452978058215
4957,0.11326515667369152
4958,0.19162632999259666
4959,0.16812817854475626
4960,0.023350240578251746
4961,0.012988020857380822
4962,0.20140620481828286
4963,0.14645532408095074
4964,0.017850734178253558
4965,0.24082361030478872
4966,0.18949666680701172
4967,0.19131483751799483
4968,0.19099961671734056
4969,0.020348240983404153
4970,0.027421864485183356
4971,0.03614344034924155
4972,0.13457612045646383
4973,0.10834296220678008
4974,0.12907906277124948
4975,0.03904424163582054
4976,0.04514530381206461
4977,0.10200603234466432
4978,0.18799522265362845
4979,0.03561618600728311
4980,0.17712422694041807
4981,0.10581031526126738
4982,0.05549468299096605
4983,0.028722925122881438
4984,0.15897348848755954
4985,0.10596629658822421
4986,0.1096071747100783
4987,0.08667554159829516
4988,0.11873045505198998
4989,0.07949403650393339
4990,0.17247383088656898
4991,0.020026257308270456
4992,0.16773781092237228
4993,0.09240952368984479
4994,0.13246426297577962
4995,0.2521669956409378
4996,0.24022140076277387
4997,0.022233477506399035
4998,0.10894755265319078
4999,0.07889839648856278
