JID,JTYPE,VERDICT
"TPBA,91,訴,2130,20030709,2",ADMINISTRATIVE,Lose
"TPBA,90,訴,5379,20021011,2",ADMINISTRATIVE,Lose
"TPAA,91,判,219,20020201,1",ADMINISTRATIVE,Win
"TPBA,93,訴,615,20050421,1",ADMINISTRATIVE,Lose
"IPCA,102,行商訴,119,20140430,1",ADMINISTRATIVE,Lose
"TPBA,95,訴,1758,20070214,2",ADMINISTRATIVE,Lose
"IPCA,107,行專訴,28,20180913,3",ADMINISTRATIVE,Lose
"TPBA,92,訴,1788,20040719,2",ADMINISTRATIVE,Lose
"IPCA,104,行商訴,69,20151105,2",ADMINISTRATIVE,Lose
"IPCA,98,行專訴,37,20090813,3",ADMINISTRATIVE,Mixed
"TPBA,91,訴,938,20030327,1",ADMINISTRATIVE,Mixed
"IPCA,110,行商訴,55,20211230,2",ADMINISTRATIVE,Lose
"TPBA,92,訴,5531,20050429,1",ADMINISTRATIVE,Lose
"TPAA,88,判,4002,19991126",ADMINISTRATIVE,Lose
"IPCA,101,行專訴,108,20130327,3",ADMINISTRATIVE,Lose
"IPCA,100,行商訴,63,20111103,2",ADMINISTRATIVE,Win
"TPAA,91,判,1273,20020722,1",ADMINISTRATIVE,Lose
"TPAA,98,判,1002,20090827,1",ADMINISTRATIVE,Lose
"IPCA,107,行商訴,84,20190430,2",ADMINISTRATIVE,Lose
"IPCA,106,行專訴,53,20180329,3",ADMINISTRATIVE,Lose
"TPAA,95,判,750,20060522,1",ADMINISTRATIVE,Lose
"IPCA,105,行專訴,62,20161229,2",ADMINISTRATIVE,Mixed
"TPBA,96,訴,729,20071122,2",ADMINISTRATIVE,Lose
"TPAA,90,判,2224,20011129,1",ADMINISTRATIVE,Lose
"TPAA,91,判,1597,20020902,1",ADMINISTRATIVE,Lose
"IPCA,100,行專訴,121,20120426,2",ADMINISTRATIVE,Lose
"TPBA,90,訴,6197,20021031,2",ADMINISTRATIVE,Lose
"IPCA,102,行專訴,34,20130724,2",ADMINISTRATIVE,Lose
"IPCA,104,行專訴,49,20151113,3",ADMINISTRATIVE,Lose
"IPCA,100,行商訴,157,20120329,2",ADMINISTRATIVE,Lose
"TPBA,93,訴,1502,20051116,3",ADMINISTRATIVE,Lose
"IPCA,101,行專訴,117,20130425,3",ADMINISTRATIVE,Lose
"TPBA,91,訴,242,20021212,2",ADMINISTRATIVE,Lose
"TPBA,91,訴,1354,20030528,2",ADMINISTRATIVE,Lose
"TPBA,97,訴,251,20080827,2",ADMINISTRATIVE,Lose
"TPBA,90,訴,2605,20020808,1",ADMINISTRATIVE,Mixed
"TPBA,94,訴,3421,20061116,2",ADMINISTRATIVE,Lose
"IPCA,98,行商訴,2,20090527,3",ADMINISTRATIVE,Lose
"IPCA,100,行專更(一),1,20110505,2",ADMINISTRATIVE,Lose
"TPBA,90,訴,3510,20020604,2",ADMINISTRATIVE,Win
"TPBA,89,訴,2896,20011101,2",ADMINISTRATIVE,Lose
"IPCA,100,行商訴,84,20111109,2",ADMINISTRATIVE,Lose
"TPAA,96,判,725,20070430,1",ADMINISTRATIVE,Lose
"TPBA,95,訴,57,20061226,2",ADMINISTRATIVE,Lose
"TPBA,91,訴,3247,20030916,2",ADMINISTRATIVE,Lose
"TPBA,92,訴,4218,20041110,2",ADMINISTRATIVE,Lose
"TPBA,97,訴,895,20080903,1",ADMINISTRATIVE,Lose
"TPBA,92,訴,1136,20041021,2",ADMINISTRATIVE,Lose
"IPCA,104,行商訴,39,20150730,1",ADMINISTRATIVE,Lose
"TPBA,92,訴更一,102,20040812,1",ADMINISTRATIVE,Mixed
"TPAA,88,判,2383,19990610",ADMINISTRATIVE,Lose
"IPCA,101,行專更(二),3,20130718,2",ADMINISTRATIVE,Lose
"TPBA,91,訴,4505,20040226,2",ADMINISTRATIVE,Lose
"TPBA,95,訴,3556,20070725,1",ADMINISTRATIVE,Lose
"IPCA,112,行商更一,3,20240321,1",ADMINISTRATIVE,Lose
"TPAA,96,判,165,20070131,1",ADMINISTRATIVE,Lose
"IPCA,97,行商訴,55,20081225,3",ADMINISTRATIVE,Lose
"IPCA,102,行專訴,7,20130626,4",ADMINISTRATIVE,Lose
"TPBA,95,訴,4421,20071213,2",ADMINISTRATIVE,Lose
"IPCA,100,行專訴,32,20110811,3",ADMINISTRATIVE,Lose
"IPCA,100,行商訴,14,20110714,2",ADMINISTRATIVE,Lose
"IPCA,97,行商訴,101,20090331,2",ADMINISTRATIVE,Lose
"TPBA,95,訴,3963,20070829,1",ADMINISTRATIVE,Lose
"TPAA,96,判,347,20070308,1",ADMINISTRATIVE,Lose
"TPBA,93,訴,1652,20050629,1",ADMINISTRATIVE,Lose
"IPCA,105,行專訴,18,20160825,4",ADMINISTRATIVE,Lose
"IPCA,101,行商訴,100,20121129,2",ADMINISTRATIVE,Lose
"TPBA,95,訴,850,20070315,1",ADMINISTRATIVE,Mixed
"TPAA,98,判,622,20090604,1",ADMINISTRATIVE,Lose
"TPAA,91,判,1132,20020704,1",ADMINISTRATIVE,Lose
"IPCA,98,行商訴,170,20091224,2",ADMINISTRATIVE,Lose
"TPBA,90,訴,5132,20021106,2",ADMINISTRATIVE,Lose
"TPAA,96,判,1905,20071030,1",ADMINISTRATIVE,Lose
"IPCA,97,行商訴,34,20081204,2",ADMINISTRATIVE,Lose
"IPCA,112,行商訴,57,20240502,1",ADMINISTRATIVE,Lose
"TPBA,96,訴,3088,20080312,2",ADMINISTRATIVE,Lose
"TPAA,92,判,838,20030626,1",ADMINISTRATIVE,Lose
"TPBA,97,訴,797,20081009,2",ADMINISTRATIVE,Lose
"IPCA,99,行專訴,165,20110505,3",ADMINISTRATIVE,Lose
"TPBA,90,訴,5146,20020807,2",ADMINISTRATIVE,Lose
"TPBA,94,訴,3177,20061030,2",ADMINISTRATIVE,Lose
"IPCA,108,行專訴,79,20200529,4",ADMINISTRATIVE,Lose
"TPBA,92,訴,1376,20040722,1",ADMINISTRATIVE,Lose
"IPCA,98,行專訴,137,20100422,3",ADMINISTRATIVE,Lose
"TPAA,100,判,520,20110414,1",ADMINISTRATIVE,Lose
"TPAA,99,判,288,20100325,1",ADMINISTRATIVE,Lose
"IPCA,99,行專訴,130,20110127,3",ADMINISTRATIVE,Win
"TPBA,92,訴,1412,20040917,1",ADMINISTRATIVE,Lose
"TPBA,89,訴,2244,20010829,2",ADMINISTRATIVE,Lose
"TPAA,90,判,2512,20011221,1",ADMINISTRATIVE,Lose
"TPBA,92,訴,4353,20041022,1",ADMINISTRATIVE,Lose
"IPCA,108,行商訴,70,20191225,2",ADMINISTRATIVE,Win
"IPCA,105,行商訴,116,20170316,2",ADMINISTRATIVE,Lose
"IPCA,107,行著訴,3,20200212,2",ADMINISTRATIVE,Lose
"TPBA,97,訴,1346,20080903,1",ADMINISTRATIVE,Lose
"TPBA,91,訴,3368,20031204,1",ADMINISTRATIVE,Mixed
"IPCA,112,行專訴,21,20231116,3",ADMINISTRATIVE,Lose
"IPCA,107,行商訴,72,20190117,2",ADMINISTRATIVE,Lose
"IPCA,102,行商訴,66,20131120,3",ADMINISTRATIVE,Win
"TPAA,90,判,1131,20010622,1",ADMINISTRATIVE,Lose
"TPBA,89,訴,2496,20020206,3",ADMINISTRATIVE,Lose
"TPBA,94,訴,2027,20060824,2",ADMINISTRATIVE,Lose
"IPCA,109,行商訴,81,20210128,2",ADMINISTRATIVE,Lose
"TPAA,92,判,657,20030529,1",ADMINISTRATIVE,Lose
"TPBA,97,訴,249,20080724,2",ADMINISTRATIVE,Lose
"TPAA,95,判,1284,20060810,1",ADMINISTRATIVE,Lose
"IPCA,97,行專訴,37,20081218,4",ADMINISTRATIVE,Lose
"TPBA,91,訴,2331,20031009,2",ADMINISTRATIVE,Lose
"TPBA,90,再,5,20020531,1",ADMINISTRATIVE,Lose
"IPCA,97,行商訴,5,20081113,1",ADMINISTRATIVE,Lose
"TPBA,96,訴,4123,20080424,2",ADMINISTRATIVE,Lose
"TPBA,92,訴,4691,20050120,2",ADMINISTRATIVE,Lose
"IPCA,105,行專訴,58,20161229,3",ADMINISTRATIVE,Mixed
"TPAA,107,判,162,20180329,1",ADMINISTRATIVE,Lose
"TPBA,92,訴,1340,20041028,2",ADMINISTRATIVE,Lose
"TPAA,109,上,706,20210825,1",ADMINISTRATIVE,Lose
"TPBA,89,訴,121,20010426,1",ADMINISTRATIVE,Win
"IPCA,102,行專訴,76,20140212,4",ADMINISTRATIVE,Lose
"TPAA,104,判,699,20151126,1",ADMINISTRATIVE,Lose
"TPAA,89,判,254,20000127",ADMINISTRATIVE,Lose
"TPBA,96,訴,1377,20080110,2",ADMINISTRATIVE,Lose
"IPCA,104,行專更(一),8,20160407,2",ADMINISTRATIVE,Win
"TPBA,93,訴,2786,20050908,1",ADMINISTRATIVE,Lose
"IPCA,97,行商訴,42,20081113,1",ADMINISTRATIVE,Lose
"IPCA,103,行商訴,108,20141127,2",ADMINISTRATIVE,Win
"IPCA,110,行專訴,8,20211028,3",ADMINISTRATIVE,Lose
"TPAA,96,判,208,20070208,1",ADMINISTRATIVE,Lose
"TPAA,87,判,2271,19981111,1",ADMINISTRATIVE,Lose
"IPCA,110,行商訴,25,20211021,1",ADMINISTRATIVE,Lose
"TPBA,96,訴,339,20071213,2",ADMINISTRATIVE,Mixed
"TPAA,95,判,2139,20061221,1",ADMINISTRATIVE,Lose
"IPCA,109,行專訴,56,20210324,1",ADMINISTRATIVE,Lose
"IPCA,100,行商訴,55,20110915,2",ADMINISTRATIVE,Lose
"TPBA,90,訴,95,20011031,2",ADMINISTRATIVE,Lose
"TPAA,101,判,773,20120823,1",ADMINISTRATIVE,Lose
"TPBA,91,訴,5139,20040128,3",ADMINISTRATIVE,Lose
"IPCA,106,行商訴,97,20171130,1",ADMINISTRATIVE,Lose
"IPCA,104,行著訴,2,20160629,3",ADMINISTRATIVE,Lose
"TPBA,92,訴,4737,20041130,1",ADMINISTRATIVE,Lose
"TPAA,94,判,1553,20051013,1",ADMINISTRATIVE,Lose
"IPCA,98,行專訴,13,20090730,3",ADMINISTRATIVE,Lose
"IPCA,99,行專訴,2,20100527,3",ADMINISTRATIVE,Lose
"TPAA,88,判,3603,19990930",ADMINISTRATIVE,Lose
"IPCA,102,行商訴,111,20140122,2",ADMINISTRATIVE,Win
"TPBA,96,訴,807,20071115,1",ADMINISTRATIVE,Lose
"TPBA,97,訴,1145,20081022,2",ADMINISTRATIVE,Lose
"IPCA,99,行商訴,180,20101230,1",ADMINISTRATIVE,Lose
"TPAA,92,判,574,20030515,1",ADMINISTRATIVE,Lose
"TPAA,89,判,938,20000330",ADMINISTRATIVE,Lose
"IPCA,107,行專訴,40,20181025,4",ADMINISTRATIVE,Lose
"TPAA,88,判,3507,19990923",ADMINISTRATIVE,Lose
"TPAA,90,判,1706,20010924,1",ADMINISTRATIVE,Lose
"IPCA,98,行商更(一),10,20100422,2",ADMINISTRATIVE,Win
"TPAA,95,判,1182,20060731,1",ADMINISTRATIVE,Lose
"IPCA,110,行專訴,20,20211028,3",ADMINISTRATIVE,Lose
"IPCA,112,行專訴,26,20231116,2",ADMINISTRATIVE,Lose
"TPBA,91,訴,2922,20030820,2",ADMINISTRATIVE,Lose
"IPCA,105,行專訴,75,20171031,3",ADMINISTRATIVE,Lose
"TPAA,88,判,3690,19991008",ADMINISTRATIVE,Lose
"TPAA,88,判,3902,19991119",ADMINISTRATIVE,Lose
"TPAA,89,判,243,20000127",ADMINISTRATIVE,Lose
"TPBA,95,訴,3424,20070725,1",ADMINISTRATIVE,Win
"IPCA,109,行專訴,39,20210127,4",ADMINISTRATIVE,Lose
"TPBA,95,訴,666,20070111,2",ADMINISTRATIVE,Lose
"IPCA,102,行專訴,88,20131226,2",ADMINISTRATIVE,Win
"TPAA,94,判,1434,20050915,1",ADMINISTRATIVE,Lose
"TPBA,92,訴,3867,20050316,1",ADMINISTRATIVE,Lose
"IPCA,97,行商訴,103,20090312,2",ADMINISTRATIVE,Lose
"IPCA,109,行商訴,53,20201029,2",ADMINISTRATIVE,Win
"TPBA,90,訴,3963,20020626,1",ADMINISTRATIVE,Lose
"TPBA,94,訴,3702,20061031,1",ADMINISTRATIVE,Lose
"IPCA,104,行著訴,8,20160225,2",ADMINISTRATIVE,Lose
"IPCA,108,行商訴,117,20200429,3",ADMINISTRATIVE,Lose
"TPBA,93,訴,694,20050511,2",ADMINISTRATIVE,Lose
"IPCA,108,行專訴,33,20190827,3",ADMINISTRATIVE,Lose
"TPBA,95,訴,2301,20070412,2",ADMINISTRATIVE,Lose
"IPCA,101,行專訴,12,20120831,4",ADMINISTRATIVE,Win
"TPAA,90,判,2143,20011116,1",ADMINISTRATIVE,Lose
"TPBA,96,訴,3286,20080403,1",ADMINISTRATIVE,Lose
"TPBA,90,訴,5898,20020828,1",ADMINISTRATIVE,Lose
"TPBA,91,訴,2724,20030813,2",ADMINISTRATIVE,Lose
"TPBA,95,訴,975,20070711,2",ADMINISTRATIVE,Mixed
"TPBA,90,訴,2637,20020509,2",ADMINISTRATIVE,Lose
"TPAA,90,判,1086,20010614,1",ADMINISTRATIVE,Lose
"TPAA,95,判,580,20060427,1",ADMINISTRATIVE,Lose
"IPCA,105,行專訴,8,20160922,3",ADMINISTRATIVE,Lose
"TPAA,90,判,2140,20011115,1",ADMINISTRATIVE,Lose
"TPAA,95,判,1545,20060921,1",ADMINISTRATIVE,Lose
"IPCA,101,行專訴,9,20120628,2",ADMINISTRATIVE,Lose
"IPCA,107,行專訴,1,20180712,3",ADMINISTRATIVE,Mixed
"IPCA,108,行專訴,4,20190808,3",ADMINISTRATIVE,Lose
"TPBA,92,訴,3789,20050406,3",ADMINISTRATIVE,Mixed
"TPBA,90,訴,2205,20020716,2",ADMINISTRATIVE,Lose
"IPCA,111,行專訴,15,20220914,3",ADMINISTRATIVE,Win
"IPCA,108,行商訴,10,20190627,2",ADMINISTRATIVE,Lose
"TPBA,90,訴,4028,20020522,1",ADMINISTRATIVE,Lose
"IPCA,108,行商訴,133,20200527,2",ADMINISTRATIVE,Lose
"IPCA,109,行商訴,77,20210331,2",ADMINISTRATIVE,Lose
"IPCA,101,行商訴,50,20120927,2",ADMINISTRATIVE,Lose
"IPCA,98,行商訴,31,20090709,2",ADMINISTRATIVE,Lose
"TPAA,106,判,688,20171207,1",ADMINISTRATIVE,Lose
"IPCA,107,行專訴,15,20180927,2",ADMINISTRATIVE,Mixed
"TPBA,95,訴,2594,20070424,2",ADMINISTRATIVE,Lose
"TPAA,96,判,1417,20070809,1",ADMINISTRATIVE,Lose
"TPBA,91,訴,4834,20040708,1",ADMINISTRATIVE,Mixed
"TPBA,95,訴,3269,20070621,2",ADMINISTRATIVE,Lose
"TPBA,92,訴,2956,20040922,2",ADMINISTRATIVE,Lose
"IPCA,102,行商訴,118,20140227,2",ADMINISTRATIVE,Lose
"TPBA,93,訴,1875,20050629,1",ADMINISTRATIVE,Lose
"TPAA,90,判,482,20010329,1",ADMINISTRATIVE,Lose
"IPCA,109,行專訴,7,20200811,3",ADMINISTRATIVE,Mixed
"IPCA,107,行商訴,7,20180828,2",ADMINISTRATIVE,Lose
"TPAA,91,判,1596,20020830,1",ADMINISTRATIVE,Lose
"TPAA,96,判,958,20070531,1",ADMINISTRATIVE,Lose
"TPAA,111,上,919,20230410,1",ADMINISTRATIVE,Lose
"TPAA,94,判,1593,20051020,1",ADMINISTRATIVE,Lose
"IPCA,99,行商訴,211,20110317,3",ADMINISTRATIVE,Lose
"IPCA,101,行商訴,8,20120607,2",ADMINISTRATIVE,Lose
"IPCA,98,行專訴,45,20091118,3",ADMINISTRATIVE,Win
"IPCA,104,行專訴,22,20150625,3",ADMINISTRATIVE,Win
"TPAA,89,判,2605,20000825,1",ADMINISTRATIVE,Lose
"TPAA,106,判,461,20170817,1",ADMINISTRATIVE,Lose
"TPBA,90,訴,4165,20020508,2",ADMINISTRATIVE,Lose
"TPAA,89,判,3978,20001229,1",ADMINISTRATIVE,Lose
"TPBA,92,訴,1971,20040721,1",ADMINISTRATIVE,Lose
"TPBA,94,訴,837,20060216,1",ADMINISTRATIVE,Mixed
"TPAA,90,判,2481,20011221,1",ADMINISTRATIVE,Lose
"IPCA,106,行商訴,42,20171227,1",ADMINISTRATIVE,Lose
"TPAA,89,判,1331,20000428",ADMINISTRATIVE,Lose
"IPCA,108,行著訴,2,20200213,2",ADMINISTRATIVE,Lose
"TPAA,97,判,771,20080731,1",ADMINISTRATIVE,Lose
"IPCA,103,行著訴,2,20141204,1",ADMINISTRATIVE,Lose
"TPBA,89,訴,1653,20010504,1",ADMINISTRATIVE,Lose
"IPCA,102,行專訴,69,20130926,4",ADMINISTRATIVE,Lose
"TPBA,92,訴,2731,20040804,2",ADMINISTRATIVE,Lose
"IPCA,99,行商訴,216,20110317,2",ADMINISTRATIVE,Lose
"TPAA,98,判,1085,20090918,1",ADMINISTRATIVE,Lose
"TPBA,95,訴,1779,20070322,1",ADMINISTRATIVE,Lose
"IPCA,100,行專訴,106,20120315,3",ADMINISTRATIVE,Win
"TPBA,94,訴,3490,20060921,2",ADMINISTRATIVE,Lose
"TPAA,95,判,46,20060112,1",ADMINISTRATIVE,Lose
"TPBA,93,訴,1169,20050608,2",ADMINISTRATIVE,Lose
"IPCA,109,行商訴,59,20201231,2",ADMINISTRATIVE,Lose
"TPBA,94,訴,3920,20061031,2",ADMINISTRATIVE,Lose
"TPAA,88,判,3456,19990916",ADMINISTRATIVE,Lose
"TPBA,95,訴,1778,20070215,2",ADMINISTRATIVE,Lose
"TPBA,93,訴,3252,20051027,2",ADMINISTRATIVE,Lose
"IPCA,103,行專訴,83,20150204,3",ADMINISTRATIVE,Win
"TPAA,98,判,482,20090507,1",ADMINISTRATIVE,Lose
"IPCA,109,行商訴,29,20201029,2",ADMINISTRATIVE,Lose
"TPBA,93,訴,3733,20051215,2",ADMINISTRATIVE,Lose
"TPBA,91,訴,3100,20030924,2",ADMINISTRATIVE,Lose
"TPBA,93,訴,4032,20060427,2",ADMINISTRATIVE,Lose
"IPCA,108,行商訴,103,20200130,1",ADMINISTRATIVE,Lose
"TPBA,96,訴,2723,20080424,2",ADMINISTRATIVE,Lose
"IPCA,101,行商訴,25,20120531,2",ADMINISTRATIVE,Lose
"TPBA,91,訴,1260,20030416,2",ADMINISTRATIVE,Lose
"TPBA,93,訴,2741,20050914,2",ADMINISTRATIVE,Lose
"TPAA,95,判,679,20060511,1",ADMINISTRATIVE,Lose
"TPAA,101,判,901,20121011,1",ADMINISTRATIVE,Lose
"TPBA,96,訴,1660,20080130,2",ADMINISTRATIVE,Lose
"IPCA,103,行專訴,14,20140625,2",ADMINISTRATIVE,Lose
"TPAA,103,判,537,20141002,1",ADMINISTRATIVE,Lose
"IPCA,110,行商訴,92,20220511,1",ADMINISTRATIVE,Lose
"IPCA,101,行專訴,70,20130131,3",ADMINISTRATIVE,Lose
"TPAA,112,上,612,20240521,1",ADMINISTRATIVE,Lose
"TPBA,92,訴,3102,20050506,2",ADMINISTRATIVE,Lose
"IPCA,98,行專訴,129,20100520,3",ADMINISTRATIVE,Lose
"IPCA,107,行商訴,67,20190221,2",ADMINISTRATIVE,Lose
"TPBA,93,訴,1851,20050803,2",ADMINISTRATIVE,Lose
"TPBA,97,訴,811,20080723,2",ADMINISTRATIVE,Lose
"IPCA,99,行專訴,53,20101028,3",ADMINISTRATIVE,Lose
"TPBA,96,訴,3415,20080424,2",ADMINISTRATIVE,Lose
"TPBA,95,訴,2110,20070404,2",ADMINISTRATIVE,Lose
"TPBA,90,訴,5884,20020912,2",ADMINISTRATIVE,Lose
"IPCA,109,行商訴,24,20200827,2",ADMINISTRATIVE,Lose
"IPCA,98,行專訴,14,20090604,3",ADMINISTRATIVE,Lose
"TPBA,91,訴,4968,20040211,2",ADMINISTRATIVE,Lose
"IPCA,99,行商訴,200,20110127,1",ADMINISTRATIVE,Lose
"TPBA,92,訴,4183,20041130,2",ADMINISTRATIVE,Lose
"TPBA,94,訴,3967,20061123,2",ADMINISTRATIVE,Lose
"IPCA,107,行專訴,19,20181031,3",ADMINISTRATIVE,Lose
"TPBA,92,訴,5170,20050204,2",ADMINISTRATIVE,Lose
"TPAA,109,上,784,20211223,1",ADMINISTRATIVE,Lose
"IPCA,98,行商訴,139,20091015,2",ADMINISTRATIVE,Lose
"TPBA,90,訴,5562,20020731,1",ADMINISTRATIVE,Lose
"IPCA,105,行專訴,73,20170412,3",ADMINISTRATIVE,Win
"TPBA,91,訴,2728,20031023,2",ADMINISTRATIVE,Lose
"TPBA,94,訴,3549,20061031,2",ADMINISTRATIVE,Lose
"TPBA,96,訴更一,89,20080214,1",ADMINISTRATIVE,Win
"IPCA,109,行商更(一),1,20200924,1",ADMINISTRATIVE,Lose
"IPCA,106,行專訴,31,20171130,3",ADMINISTRATIVE,Lose
"TPAA,90,判,1883,20011018,1",ADMINISTRATIVE,Lose
"TPBA,89,訴,2723,20020912,1",ADMINISTRATIVE,Mixed
"IPCA,109,行商訴,100,20210519,2",ADMINISTRATIVE,Lose
"TPAA,98,判,1227,20091008,1",ADMINISTRATIVE,Lose
"IPCA,100,行商訴,130,20111222,1",ADMINISTRATIVE,Lose
"TPBA,92,訴,2561,20040806,2",ADMINISTRATIVE,Lose
"TPAA,97,判,844,20080911,1",ADMINISTRATIVE,Lose
"TPBA,89,訴,67,20010510,1",ADMINISTRATIVE,Lose
"TPBA,89,訴,502,20001124,1",ADMINISTRATIVE,Lose
"TPAA,91,判,1382,20020726,1",ADMINISTRATIVE,Lose
"TPAA,94,判,164,20050131,1",ADMINISTRATIVE,Lose
"IPCA,97,行商訴,2,20081030,2",ADMINISTRATIVE,Lose
"TPBA,91,訴,3022,20031113,2",ADMINISTRATIVE,Lose
"TPBA,91,訴,3246,20030924,2",ADMINISTRATIVE,Lose
"IPCA,99,行專訴,149,20110616,3",ADMINISTRATIVE,Lose
"TPAA,92,判,1157,20030904,1",ADMINISTRATIVE,Lose
"IPCA,102,行專訴,37,20131220,4",ADMINISTRATIVE,Lose
"IPCA,109,行專訴,14,20201028,4",ADMINISTRATIVE,Win
"IPCA,104,行商訴,153,20160616,2",ADMINISTRATIVE,Lose
"TPAA,98,判,643,20090611,1",ADMINISTRATIVE,Lose
"TPAA,90,判,69,20010105,1",ADMINISTRATIVE,Lose
"IPCA,101,行專訴,85,20130327,3",ADMINISTRATIVE,Lose
"IPCA,105,行專訴,54,20170315,3",ADMINISTRATIVE,Win
"TPAA,91,判,391,20020314,1",ADMINISTRATIVE,Lose
"TPBA,93,訴,1292,20050603,2",ADMINISTRATIVE,Lose
"TPAA,90,判,382,20010315,1",ADMINISTRATIVE,Lose
"TPAA,92,判,671,20030530,1",ADMINISTRATIVE,Lose
"TPBA,97,訴,653,20080918,2",ADMINISTRATIVE,Lose
"TPBA,90,訴,6426,20021011,2",ADMINISTRATIVE,Lose
"IPCA,105,行專訴,38,20170120,3",ADMINISTRATIVE,Lose
"IPCA,104,行專訴,92,20160819,4",ADMINISTRATIVE,Lose
"TPBA,94,訴,1221,20060518,2",ADMINISTRATIVE,Lose
"IPCA,105,行專訴,99,20171221,5",ADMINISTRATIVE,Mixed
"TPBA,97,訴,739,20080910,2",ADMINISTRATIVE,Lose
"IPCA,106,行商訴,34,20180321,2",ADMINISTRATIVE,Lose
"IPCA,106,行商訴,121,20180426,1",ADMINISTRATIVE,Lose
"TPAA,94,判,1917,20051208,1",ADMINISTRATIVE,Lose
"TPBA,91,訴,149,20030312,2",ADMINISTRATIVE,Lose
"TPBA,91,訴,1926,20030717,1",ADMINISTRATIVE,Lose
"TPAA,91,判,1738,20020926,1",ADMINISTRATIVE,Lose
"IPCA,111,行商訴,21,20221012,2",ADMINISTRATIVE,Lose
"TPAA,98,判,608,20090527,1",ADMINISTRATIVE,Lose
"TPBA,94,訴,3638,20060831,2",ADMINISTRATIVE,Win
"TPBA,94,訴,1755,20060426,2",ADMINISTRATIVE,Lose
"IPCA,98,行專訴,62,20091105,3",ADMINISTRATIVE,Win
"TPBA,95,訴,1514,20070208,1",ADMINISTRATIVE,Lose
"TPAA,90,判,121,20010131,1",ADMINISTRATIVE,Lose
"TPAA,97,判,367,20080430,1",ADMINISTRATIVE,Lose
"TPAA,99,判,365,20100408,1",ADMINISTRATIVE,Lose
"IPCA,97,行專訴,23,20081113,1",ADMINISTRATIVE,Lose
"IPCA,100,行商訴,75,20110922,2",ADMINISTRATIVE,Lose
"TPBA,92,訴,2745,20050311,2",ADMINISTRATIVE,Lose
"TPBA,92,訴,1035,20040901,2",ADMINISTRATIVE,Lose
"TPAA,89,判,2008,20000622",ADMINISTRATIVE,Lose
"TPBA,91,訴,2552,20031210,2",ADMINISTRATIVE,Win
"TPAA,99,判,1067,20101014,1",ADMINISTRATIVE,Lose
"TPAA,95,判,660,20060511,1",ADMINISTRATIVE,Lose
"TPBA,90,訴,4863,20020523,2",ADMINISTRATIVE,Lose
"IPCA,104,行著訴,3,20160629,4",ADMINISTRATIVE,Lose
"IPCA,106,行商訴,162,20180430,2",ADMINISTRATIVE,Lose
"TPBA,89,訴,4057,20011018,1",ADMINISTRATIVE,Lose
"IPCA,113,行商訴,11,20240930,1",ADMINISTRATIVE,Lose
"TPBA,91,訴,4887,20040513,2",ADMINISTRATIVE,Lose
"IPCA,99,行專訴,8,20100617,3",ADMINISTRATIVE,Lose
"TPBA,95,訴,4163,20071115,2",ADMINISTRATIVE,Lose
"TPAA,96,判,1308,20070726,1",ADMINISTRATIVE,Lose
"TPBA,92,訴,4502,20050316,1",ADMINISTRATIVE,Win
"TPBA,93,訴更一,95,20050602,1",ADMINISTRATIVE,Win
"TPAA,96,判,20,20070111,1",ADMINISTRATIVE,Lose
"IPCA,110,行專訴,33,20211230,3",ADMINISTRATIVE,Lose
"TPAA,90,判,2386,20011213,1",ADMINISTRATIVE,Lose
"TPBA,90,訴,6026,20021120,1",ADMINISTRATIVE,Lose
"TPAA,88,判,4076,19991203",ADMINISTRATIVE,Lose
"TPBA,89,訴,2396,20020514,2",ADMINISTRATIVE,Win
"IPCA,105,行商訴,85,20170118,2",ADMINISTRATIVE,Lose
"TPBA,95,訴,777,20070118,1",ADMINISTRATIVE,Lose
"IPCA,110,行專訴,53,20221103,3",ADMINISTRATIVE,Lose
"IPCA,103,行商訴,14,20140730,2",ADMINISTRATIVE,Lose
"TPBA,94,訴,2984,20060809,1",ADMINISTRATIVE,Lose
"TPAA,89,判,1277,20000427",ADMINISTRATIVE,Lose
"TPBA,90,訴,4896,20020829,1",ADMINISTRATIVE,Lose
"TPBA,94,訴,3901,20070208,2",ADMINISTRATIVE,Lose
"IPCA,107,行專訴,74,20190926,1",ADMINISTRATIVE,Win
"IPCA,105,行商訴,40,20160729,2",ADMINISTRATIVE,Lose
"TPAA,88,判,2083,19990603",ADMINISTRATIVE,Lose
"TPBA,92,訴,5107,20050112,2",ADMINISTRATIVE,Lose
"TPAA,90,判,2419,20011214,1",ADMINISTRATIVE,Lose
"IPCA,102,行商訴,146,20140507,2",ADMINISTRATIVE,Lose
"TPBA,89,訴,2582,20010816,2",ADMINISTRATIVE,Lose
"TPAA,99,判,584,20100603,1",ADMINISTRATIVE,Lose
"TPAA,90,判,1019,20010607,1",ADMINISTRATIVE,Lose
"IPCA,99,行商訴,228,20110407,1",ADMINISTRATIVE,Lose
"TPAA,91,判,388,20020314,1",ADMINISTRATIVE,Lose
"TPBA,96,訴,3698,20080422,2",ADMINISTRATIVE,Win
"IPCA,100,行商訴,69,20110929,3",ADMINISTRATIVE,Lose
"TPBA,90,訴,4485,20020627,2",ADMINISTRATIVE,Lose
"TPBA,95,訴,313,20061221,2",ADMINISTRATIVE,Win
"TPBA,91,訴,4888,20040715,1",ADMINISTRATIVE,Mixed
"TPBA,90,訴,5096,20020911,1",ADMINISTRATIVE,Lose
"TPAA,89,判,582,20000302",ADMINISTRATIVE,Lose
"TPBA,95,訴,127,20061221,2",ADMINISTRATIVE,Lose
"TPBA,93,訴,3349,20050914,1",ADMINISTRATIVE,Mixed
"IPCA,101,行專訴,13,20120628,3",ADMINISTRATIVE,Lose
"IPCA,97,行專訴,64,20090312,3",ADMINISTRATIVE,Mixed
"IPCA,98,行商訴,51,20090813,2",ADMINISTRATIVE,Lose
"TPBA,96,訴,1417,20071220,2",ADMINISTRATIVE,Lose
"TPBA,92,訴,2822,20050706,3",ADMINISTRATIVE,Win
"TPBA,95,訴,3568,20070809,1",ADMINISTRATIVE,Lose
"IPCA,99,行商訴,212,20110428,2",ADMINISTRATIVE,Lose
"IPCA,105,行商訴,144,20170823,2",ADMINISTRATIVE,Lose
"TPBA,92,訴,5360,20050204,2",ADMINISTRATIVE,Lose
"TPAA,108,判,556,20191205,1",ADMINISTRATIVE,Lose
"TPAA,99,判,1333,20101216,1",ADMINISTRATIVE,Lose
"TPBA,93,訴,1385,20050617,2",ADMINISTRATIVE,Lose
"TPAA,93,判,456,20040422,1",ADMINISTRATIVE,Lose
"TPAA,112,上,229,20241128,1",ADMINISTRATIVE,Lose
"TPBA,92,訴,1198,20040705,2",ADMINISTRATIVE,Lose
"TPAA,92,判,1892,20031231,1",ADMINISTRATIVE,Win
"TPBA,95,訴,1530,20070412,1",ADMINISTRATIVE,Mixed
"TPBA,90,訴,5471,20020717,2",ADMINISTRATIVE,Lose
"TPBA,97,訴,1237,20080924,1",ADMINISTRATIVE,Lose
"TPBA,96,訴,1118,20071213,1",ADMINISTRATIVE,Lose
"TPBA,90,訴,6823,20021212,2",ADMINISTRATIVE,Mixed
"IPCA,106,行商訴,77,20171026,1",ADMINISTRATIVE,Lose
"TPAA,100,判,1426,20110811,1",ADMINISTRATIVE,Lose
"TPBA,91,訴,2834,20030918,2",ADMINISTRATIVE,Lose
"TPBA,90,訴,3508,20020104,2",ADMINISTRATIVE,Lose
"TPBA,90,訴,6733,20021231,2",ADMINISTRATIVE,Win
"TPAA,89,判,3393,20001130,1",ADMINISTRATIVE,Lose
"TPBA,89,訴,2844,20010726,1",ADMINISTRATIVE,Lose
"IPCA,107,行商訴,63,20190214,3",ADMINISTRATIVE,Mixed
"TPBA,93,訴,3944,20051124,2",ADMINISTRATIVE,Lose
"IPCA,99,行商訴,14,20100520,2",ADMINISTRATIVE,Lose
"IPCA,102,行專訴,93,20140305,3",ADMINISTRATIVE,Win
"TPAA,99,判,190,20100225,1",ADMINISTRATIVE,Lose
"TPBA,89,訴,3420,20010712,1",ADMINISTRATIVE,Lose
"TPAA,90,判,815,20010511,1",ADMINISTRATIVE,Lose
"IPCA,109,行專更(一),3,20201112,2",ADMINISTRATIVE,Mixed
"IPCA,105,行商訴,72,20170215,3",ADMINISTRATIVE,Lose
"TPBA,94,訴,2782,20060921,2",ADMINISTRATIVE,Lose
"IPCA,97,行商訴,21,20081013,1",ADMINISTRATIVE,Mixed
"TPBA,95,訴,539,20061228,1",ADMINISTRATIVE,Mixed
"IPCA,105,行專訴,19,20160825,3",ADMINISTRATIVE,Lose
"TPAA,95,判,646,20060504,1",ADMINISTRATIVE,Lose
"TPBA,89,訴,2757,20010913,1",ADMINISTRATIVE,Lose
"IPCA,101,行專訴,69,20121213,3",ADMINISTRATIVE,Lose
"IPCA,111,行商訴,16,20220824,2",ADMINISTRATIVE,Lose
"TPBA,90,訴,5436,20020605,2",ADMINISTRATIVE,Lose
"IPCA,98,行商更(一),8,20100128,1",ADMINISTRATIVE,Lose
"IPCA,109,行商訴,80,20201210,2",ADMINISTRATIVE,Lose
"TPAA,96,判,988,20070607,1",ADMINISTRATIVE,Lose
"TPBA,94,訴,2902,20060913,2",ADMINISTRATIVE,Lose
"IPCA,102,行商訴,32,20130725,2",ADMINISTRATIVE,Lose
"IPCA,101,行專訴,72,20130124,3",ADMINISTRATIVE,Win
"IPCA,104,行商訴,120,20160331,3",ADMINISTRATIVE,Win
"IPCA,113,行專訴,18,20241017,3",ADMINISTRATIVE,Lose
"IPCA,99,行商訴,174,20110217,2",ADMINISTRATIVE,Mixed
"TPAA,88,判,3354,19990827",ADMINISTRATIVE,Lose
"TPAA,92,判,1471,20031030,1",ADMINISTRATIVE,Lose
"IPCA,99,行商訴,13,20100506,2",ADMINISTRATIVE,Lose
"IPCA,97,行商訴,19,20081016,1",ADMINISTRATIVE,Lose
"IPCA,99,行商訴,242,20110623,2",ADMINISTRATIVE,Lose
"TPAA,94,判,718,20050526,1",ADMINISTRATIVE,Lose
"IPCA,109,行專訴,51,20210525,3",ADMINISTRATIVE,Lose
"TPBA,94,訴,1680,20060518,2",ADMINISTRATIVE,Lose
"IPCA,105,行商訴,68,20170218,2",ADMINISTRATIVE,Lose
"TPBA,92,訴,444,20040520,2",ADMINISTRATIVE,Win
"IPCA,97,行商訴,37,20090108,1",ADMINISTRATIVE,Lose
"TPBA,89,訴,3411,20020131,2",ADMINISTRATIVE,Lose
"IPCA,109,行專訴,53,20210520,2",ADMINISTRATIVE,Lose
"TPBA,92,訴,936,20040610,2",ADMINISTRATIVE,Lose
"TPAA,90,判,2247,20011129,1",ADMINISTRATIVE,Lose
"IPCA,104,行商訴,143,20160324,1",ADMINISTRATIVE,Mixed
"TPBA,92,訴,1784,20041118,2",ADMINISTRATIVE,Lose
"IPCA,104,行商訴,145,20160421,3",ADMINISTRATIVE,Lose
"TPAA,91,判,1087,20020627,1",ADMINISTRATIVE,Lose
"IPCA,99,行專訴,24,20100617,3",ADMINISTRATIVE,Lose
"IPCA,100,行專訴,90,20120223,3",ADMINISTRATIVE,Mixed
"TPAA,96,判,1987,20071122,1",ADMINISTRATIVE,Lose
"TPBA,89,訴,2742,20011115,1",ADMINISTRATIVE,Lose
"TPAA,91,判,1273,20020718,1",ADMINISTRATIVE,Lose
"TPBA,97,訴,1085,20080820,2",ADMINISTRATIVE,Lose
"IPCA,103,行商訴,137,20150422,2",ADMINISTRATIVE,Mixed
"TPBA,93,訴,3648,20051026,2",ADMINISTRATIVE,Lose
"IPCA,103,行專訴,15,20140619,3",ADMINISTRATIVE,Lose
"TPBA,91,訴,2527,20031016,1",ADMINISTRATIVE,Mixed
"TPBA,90,訴,3449,20020227,2",ADMINISTRATIVE,Lose
"TPAA,90,判,2052,20011108,1",ADMINISTRATIVE,Lose
"TPBA,96,訴,1518,20080109,2",ADMINISTRATIVE,Lose
"TPBA,91,訴,4953,20040401,2",ADMINISTRATIVE,Lose
"TPAA,111,上,401,20221027,1",ADMINISTRATIVE,Lose
"TPAA,108,判,70,20190221,1",ADMINISTRATIVE,Lose
"TPBA,93,訴,4067,20051130,2",ADMINISTRATIVE,Lose
"IPCA,104,行商訴,72,20160129,2",ADMINISTRATIVE,Lose
"TPBA,97,訴,697,20080724,1",ADMINISTRATIVE,Lose
"TPBA,89,訴,447,20001214,1",ADMINISTRATIVE,Mixed
"IPCA,101,行商訴,165,20130515,3",ADMINISTRATIVE,Lose
"IPCA,100,行專訴,59,20120119,3",ADMINISTRATIVE,Lose
"IPCA,109,行專訴,1,20200730,4",ADMINISTRATIVE,Lose
"TPBA,94,訴,2407,20060608,2",ADMINISTRATIVE,Lose
"TPBA,95,訴,4026,20070823,2",ADMINISTRATIVE,Lose
"IPCA,99,行專訴,68,20101118,3",ADMINISTRATIVE,Mixed
"TPAA,89,判,250,20000127",ADMINISTRATIVE,Lose
"TPAA,99,判,951,20100923,1",ADMINISTRATIVE,Lose
"TPBA,96,訴,3640,20080327,2",ADMINISTRATIVE,Lose
"IPCA,100,行商訴,13,20110616,2",ADMINISTRATIVE,Lose
"TPBA,94,訴,1207,20060425,2",ADMINISTRATIVE,Lose
"IPCA,97,行專訴,33,20081225,2",ADMINISTRATIVE,Win
"TPBA,93,訴更一,5,20050817,1",ADMINISTRATIVE,Lose
"TPAA,88,判,2049,19990531",ADMINISTRATIVE,Lose
"TPBA,91,訴,67,20030226,1",ADMINISTRATIVE,Lose
"IPCA,100,行專訴,2,20110623,3",ADMINISTRATIVE,Lose
"TPBA,96,訴,222,20071115,2",ADMINISTRATIVE,Lose
"TPBA,89,訴,3419,20010927,2",ADMINISTRATIVE,Lose
"TPBA,96,訴,2939,20080320,2",ADMINISTRATIVE,Lose
"IPCA,100,行商訴,169,20120430,2",ADMINISTRATIVE,Win
"IPCA,106,行專訴,33,20171129,3",ADMINISTRATIVE,Lose
"TPAA,99,判,1137,20101028,1",ADMINISTRATIVE,Lose
"TPBA,96,訴,2954,20080619,2",ADMINISTRATIVE,Lose
"TPBA,95,訴,1384,20070329,1",ADMINISTRATIVE,Lose
"TPBA,97,訴,1149,20080924,2",ADMINISTRATIVE,Lose
"TPBA,94,訴,2041,20060726,2",ADMINISTRATIVE,Lose
"TPAA,91,判,2172,20021205,1",ADMINISTRATIVE,Lose
"IPCA,102,行專訴,71,20130910,3",ADMINISTRATIVE,Lose
"IPCA,98,行商訴,245,20100506,2",ADMINISTRATIVE,Lose
"TPBA,94,訴,3215,20061030,2",ADMINISTRATIVE,Lose
"TPBA,91,訴,875,20030417,2",ADMINISTRATIVE,Lose
"TPAA,98,判,1369,20091112,1",ADMINISTRATIVE,Lose
"TPBA,91,訴,4562,20040311,2",ADMINISTRATIVE,Lose
"TPAA,93,判,873,20040708,1",ADMINISTRATIVE,Lose
"IPCA,99,行商訴,11,20100520,1",ADMINISTRATIVE,Win
"IPCA,100,行商訴,131,20120306,3",ADMINISTRATIVE,Lose
"TPBA,89,訴,775,20010215,1",ADMINISTRATIVE,Lose
"IPCA,103,行專訴,103,20150430,3",ADMINISTRATIVE,Lose
"IPCA,107,行專訴,94,20190829,3",ADMINISTRATIVE,Win
"TPBA,89,訴,1388,20010823,2",ADMINISTRATIVE,Lose
"IPCA,104,行專訴,55,20151112,4",ADMINISTRATIVE,Lose
"TPBA,96,訴,338,20070927,2",ADMINISTRATIVE,Lose
"TPBA,89,訴,1424,20010517,1",ADMINISTRATIVE,Lose
"TPBA,94,訴,3850,20061128,2",ADMINISTRATIVE,Lose
"TPBA,92,訴,1351,20040721,1",ADMINISTRATIVE,Lose
"TPBA,97,訴,387,20080814,3",ADMINISTRATIVE,Lose
"TPBA,90,訴,5416,20020918,1",ADMINISTRATIVE,Lose
"IPCA,102,行專訴,30,20130711,3",ADMINISTRATIVE,Lose
"TPBA,91,訴,3432,20031218,2",ADMINISTRATIVE,Lose
"TPBA,92,訴更一,33,20040506,1",ADMINISTRATIVE,Lose
"IPCA,105,行商訴,25,20160707,2",ADMINISTRATIVE,Lose
"TPBA,91,訴,5132,20040520,2",ADMINISTRATIVE,Lose
"TPAA,88,判,1287,19990422",ADMINISTRATIVE,Lose
"TPAA,100,判,27,20110113,1",ADMINISTRATIVE,Lose
"TPBA,92,訴,1352,20040722,1",ADMINISTRATIVE,Lose
"IPCA,103,行商訴,95,20141218,3",ADMINISTRATIVE,Lose
"IPCA,99,行商訴,4,20100520,2",ADMINISTRATIVE,Lose
"IPCA,104,行商訴,70,20151112,1",ADMINISTRATIVE,Lose
"IPCA,109,行商訴,85,20201210,1",ADMINISTRATIVE,Lose
"TPAA,90,判,907,20010524,1",ADMINISTRATIVE,Lose
"TPBA,92,訴,1292,20040526,1",ADMINISTRATIVE,Lose
"IPCA,105,行專訴,50,20170426,3",ADMINISTRATIVE,Lose
"IPCA,106,行商訴,83,20180823,2",ADMINISTRATIVE,Lose
"IPCA,108,行專訴,51,20200109,4",ADMINISTRATIVE,Lose
"IPCA,99,行專訴,52,20101028,4",ADMINISTRATIVE,Lose
"TPBA,93,訴,2418,20050909,1",ADMINISTRATIVE,Lose
"TPAA,90,判,2326,20011207,1",ADMINISTRATIVE,Lose
"TPBA,97,訴,979,20080827,2",ADMINISTRATIVE,Lose
"TPAA,96,判,1875,20071025,1",ADMINISTRATIVE,Lose
"TPAA,106,判,747,20171228,1",ADMINISTRATIVE,Lose
"IPCA,110,行著訴,8,20211209,2",ADMINISTRATIVE,Lose
"TPBA,92,訴,1030,20040625,3",ADMINISTRATIVE,Lose
"TPBA,95,訴,3440,20070711,1",ADMINISTRATIVE,Lose
"TPAA,95,判,681,20060511,1",ADMINISTRATIVE,Lose
"TPBA,95,訴,2099,20070322,1",ADMINISTRATIVE,Lose
"IPCA,102,行商訴,139,20140227,1",ADMINISTRATIVE,Lose
"TPBA,91,訴,3365,20031009,2",ADMINISTRATIVE,Lose
"TPBA,94,訴,357,20060119,1",ADMINISTRATIVE,Lose
"TPAA,92,判,1416,20031023,1",ADMINISTRATIVE,Lose
"TPBA,90,訴,6567,20021204,2",ADMINISTRATIVE,Lose
"TPBA,95,訴,950,20070111,2",ADMINISTRATIVE,Lose
"TPBA,92,訴,4603,20050316,1",ADMINISTRATIVE,Lose
"TPAA,96,判,920,20070524,1",ADMINISTRATIVE,Lose
"TPAA,108,上,721,20210128,1",ADMINISTRATIVE,Lose
"IPCA,109,行專訴,45,20210922,4",ADMINISTRATIVE,Lose
"TPBA,94,訴,272,20060223,2",ADMINISTRATIVE,Lose
"TPBA,90,訴,1106,20020611,3",ADMINISTRATIVE,Win
"TPAA,95,判,7,20060105,1",ADMINISTRATIVE,Lose
"TPAA,96,判,2036,20071206,1",ADMINISTRATIVE,Lose
"TPBA,90,訴,5158,20020821,2",ADMINISTRATIVE,Lose
"TPAA,95,判,1031,20060706,1",ADMINISTRATIVE,Lose
"TPBA,91,訴,3818,20040205,2",ADMINISTRATIVE,Lose
"TPBA,91,訴,2764,20030903,2",ADMINISTRATIVE,Lose
"TPAA,89,判,500,20000224",ADMINISTRATIVE,Lose
"TPAA,92,判,208,20030227,1",ADMINISTRATIVE,Lose
"IPCA,99,行商訴,128,20110224,3",ADMINISTRATIVE,Mixed
"TPBA,92,訴,4762,20041201,2",ADMINISTRATIVE,Lose
"TPAA,107,判,102,20180226,1",ADMINISTRATIVE,Lose
"TPAA,100,判,1038,20110616,1",ADMINISTRATIVE,Lose
"TPBA,96,訴,1542,20071219,2",ADMINISTRATIVE,Lose
"IPCA,109,行商訴,126,20210421,1",ADMINISTRATIVE,Lose
"IPCA,105,行商訴,3,20160519,1",ADMINISTRATIVE,Lose
"IPCA,99,行商訴,81,20100830,3",ADMINISTRATIVE,Lose
"IPCA,98,行商訴,72,20090806,1",ADMINISTRATIVE,Mixed
"TPAA,95,判,1784,20061031,1",ADMINISTRATIVE,Lose
"TPAA,90,判,1128,20010622,1",ADMINISTRATIVE,Lose
"TPBA,97,訴,126,20080508,2",ADMINISTRATIVE,Lose
"TPBA,96,訴,1178,20071226,1",ADMINISTRATIVE,Lose
"IPCA,99,行專訴,126,20110210,2",ADMINISTRATIVE,Lose
"TPAA,96,判,812,20070510,1",ADMINISTRATIVE,Lose
"TPBA,90,訴,77,20011108,2",ADMINISTRATIVE,Lose
"TPAA,93,判,1129,20040909,1",ADMINISTRATIVE,Lose
"IPCA,100,行專訴,92,20120208,4",ADMINISTRATIVE,Lose
"IPCA,103,行商訴,61,20141030,3",ADMINISTRATIVE,Lose
"TPBA,92,訴,5688,20050414,2",ADMINISTRATIVE,Lose
"TPAA,97,判,728,20080717,1",ADMINISTRATIVE,Lose
"TPAA,90,判,1297,20010726,1",ADMINISTRATIVE,Lose
"IPCA,98,行專訴,53,20090827,3",ADMINISTRATIVE,Lose
"TPBA,94,訴,2364,20060817,2",ADMINISTRATIVE,Lose
"TPAA,105,判,281,20160602,1",ADMINISTRATIVE,Lose
"TPBA,92,訴,4873,20041215,1",ADMINISTRATIVE,Lose
"IPCA,105,行商訴,130,20171030,2",ADMINISTRATIVE,Lose
"IPCA,108,行商訴,16,20191225,1",ADMINISTRATIVE,Win
"IPCA,97,行專訴,34,20081211,2",ADMINISTRATIVE,Lose
"IPCA,103,行專訴,60,20150211,3",ADMINISTRATIVE,Win
"TPAA,88,判,3430,19990903",ADMINISTRATIVE,Lose
"TPBA,95,訴,3325,20070711,1",ADMINISTRATIVE,Lose
"TPBA,90,訴,4593,20020822,2",ADMINISTRATIVE,Lose
"TPBA,95,訴,2394,20070607,2",ADMINISTRATIVE,Lose
"TPBA,91,訴,162,20030130,1",ADMINISTRATIVE,Lose
"IPCA,98,行商訴,169,20100107,2",ADMINISTRATIVE,Lose
"IPCA,98,行商更(一),4,20091015,1",ADMINISTRATIVE,Lose
"TPAA,112,上,836,20240514,1",ADMINISTRATIVE,Lose
"TPBA,91,訴,2856,20030910,2",ADMINISTRATIVE,Lose
"TPAA,91,判,1483,20020815,1",ADMINISTRATIVE,Lose
"IPCA,100,行商訴,95,20110915,1",ADMINISTRATIVE,Lose
"TPBA,96,訴,704,20080124,2",ADMINISTRATIVE,Lose
"IPCA,111,行專訴,19,20221026,2",ADMINISTRATIVE,Lose
"IPCA,97,行專訴,26,20081113,2",ADMINISTRATIVE,Lose
"IPCA,100,行商訴,137,20111229,2",ADMINISTRATIVE,Win
"TPAA,89,判,49,20000113",ADMINISTRATIVE,Lose
"TPAA,89,判,2566,20000817,1",ADMINISTRATIVE,Lose
"TPBA,94,訴,4114,20061031,2",ADMINISTRATIVE,Win
"IPCA,101,行商訴,115,20130110,1",ADMINISTRATIVE,Lose
"IPCA,102,行商訴,144,20140521,1",ADMINISTRATIVE,Mixed
"TPBA,91,訴,3656,20031113,2",ADMINISTRATIVE,Lose
"TPBA,92,訴,4783,20050131,2",ADMINISTRATIVE,Lose
"TPBA,95,訴,3742,20070802,2",ADMINISTRATIVE,Lose
"IPCA,108,行商訴,90,20200109,2",ADMINISTRATIVE,Lose
"TPBA,97,訴,307,20080827,2",ADMINISTRATIVE,Lose
"TPBA,94,訴,1396,20060406,2",ADMINISTRATIVE,Lose
"IPCA,104,行專訴,4,20150722,3",ADMINISTRATIVE,Win
"TPBA,94,訴,2231,20060620,1",ADMINISTRATIVE,Lose
"IPCA,108,行商訴,6,20190724,1",ADMINISTRATIVE,Lose
"TPBA,96,訴,2720,20080403,2",ADMINISTRATIVE,Lose
"IPCA,102,行專訴,65,20131128,3",ADMINISTRATIVE,Lose
"TPBA,95,訴,3078,20070613,2",ADMINISTRATIVE,Lose
"IPCA,104,行專訴,44,20151217,3",ADMINISTRATIVE,Win
"IPCA,108,行專訴,16,20190815,3",ADMINISTRATIVE,Lose
"TPBA,89,訴,2572,20011122,1",ADMINISTRATIVE,Lose
"IPCA,98,行商訴,154,20091224,2",ADMINISTRATIVE,Win
"TPAA,90,判,2479,20011221,1",ADMINISTRATIVE,Lose
"IPCA,106,行專訴,70,20180523,3",ADMINISTRATIVE,Lose
"TPBA,92,訴,805,20040616,2",ADMINISTRATIVE,Lose
"TPBA,92,訴,1879,20040709,1",ADMINISTRATIVE,Lose
"IPCA,103,行商訴,85,20141127,3",ADMINISTRATIVE,Lose
"TPAA,95,判,749,20060522,1",ADMINISTRATIVE,Lose
"TPBA,93,訴,1277,20050610,2",ADMINISTRATIVE,Lose
"TPBA,97,訴,1109,20081225,1",ADMINISTRATIVE,Lose
"TPBA,93,訴,517,20050511,2",ADMINISTRATIVE,Lose
"TPBA,97,訴,705,20080814,2",ADMINISTRATIVE,Lose
"IPCA,109,行商訴,26,20200820,2",ADMINISTRATIVE,Lose
"IPCA,107,行專訴,54,20190131,3",ADMINISTRATIVE,Win
"TPBA,91,訴,1739,20030605,2",ADMINISTRATIVE,Mixed
"IPCA,104,行專訴,5,20150917,3",ADMINISTRATIVE,Mixed
"IPCA,101,行商訴,162,20130327,2",ADMINISTRATIVE,Win
"TPAA,111,上,117,20230209,1",ADMINISTRATIVE,Lose
"TPBA,91,訴,2815,20030827,2",ADMINISTRATIVE,Lose
"TPBA,93,訴,4260,20051201,2",ADMINISTRATIVE,Lose
"TPAA,96,判,512,20070329,1",ADMINISTRATIVE,Lose
"TPAA,90,判,2123,20011115,1",ADMINISTRATIVE,Lose
"TPAA,89,判,269,20000127",ADMINISTRATIVE,Lose
"TPAA,109,判,386,20200723,1",ADMINISTRATIVE,Lose
"TPBA,93,訴,966,20050519,2",ADMINISTRATIVE,Lose
"TPAA,90,判,461,20010322,1",ADMINISTRATIVE,Lose
"TPAA,93,判,1368,20041028,1",ADMINISTRATIVE,Lose
"TPBA,93,訴,3439,20051109,2",ADMINISTRATIVE,Lose
"IPCA,103,行專訴,115,20150709,3",ADMINISTRATIVE,Lose
"IPCA,107,行專訴,46,20181115,4",ADMINISTRATIVE,Lose
"TPBA,90,訴,6767,20030226,1",ADMINISTRATIVE,Lose
"TPBA,94,訴,3891,20061020,1",ADMINISTRATIVE,Lose
"TPAA,97,判,858,20080918,1",ADMINISTRATIVE,Lose
"IPCA,111,行商訴,53,20230119,2",ADMINISTRATIVE,Win
"IPCA,110,行商訴,34,20211201,2",ADMINISTRATIVE,Lose
"IPCA,106,行商訴,84,20180628,3",ADMINISTRATIVE,Mixed
"TPBA,95,訴,194,20061109,2",ADMINISTRATIVE,Lose
"TPBA,90,訴,5644,20021212,2",ADMINISTRATIVE,Win
"TPAA,98,判,424,20090423,1",ADMINISTRATIVE,Lose
"TPBA,94,訴,2459,20060620,2",ADMINISTRATIVE,Lose
"TPBA,95,訴,3616,20070809,2",ADMINISTRATIVE,Lose
"TPBA,95,訴更一,105,20070329,1",ADMINISTRATIVE,Lose
"TPBA,93,訴,364,20050413,2",ADMINISTRATIVE,Lose
"IPCA,108,行商訴,8,20191113,3",ADMINISTRATIVE,Lose
"TPBA,94,訴,2808,20060830,2",ADMINISTRATIVE,Lose
"IPCA,99,行商訴,140,20101230,2",ADMINISTRATIVE,Lose
"TPBA,97,訴,1688,20081225,2",ADMINISTRATIVE,Lose
"TPBA,90,訴,3936,20020509,2",ADMINISTRATIVE,Lose
"IPCA,112,行專訴,22,20231123,3",ADMINISTRATIVE,Lose
"TPAA,90,判,954,20010531,1",ADMINISTRATIVE,Lose
"TPAA,90,判,2545,20011227,1",ADMINISTRATIVE,Lose
"TPAA,90,判,2248,20011129,1",ADMINISTRATIVE,Lose
"IPCA,99,行商訴,77,20100826,3",ADMINISTRATIVE,Lose
"IPCA,105,行商訴,64,20161027,2",ADMINISTRATIVE,Lose
"IPCA,111,行商訴,1,20220629,2",ADMINISTRATIVE,Lose
"TPBA,89,訴,2086,20010809,2",ADMINISTRATIVE,Lose
"TPBA,90,訴,6368,20021011,2",ADMINISTRATIVE,Lose
"TPAA,90,判,429,20010322,1",ADMINISTRATIVE,Lose
"TPAA,88,判,1975,19990520",ADMINISTRATIVE,Lose
"TPAA,89,判,233,20000127",ADMINISTRATIVE,Lose
"IPCA,103,行商訴,4,20140625,2",ADMINISTRATIVE,Lose
"TPBA,91,訴,1209,20030416,1",ADMINISTRATIVE,Lose
"TPBA,90,訴,348,20020508,2",ADMINISTRATIVE,Lose
"TPBA,90,訴,1836,20020703,2",ADMINISTRATIVE,Lose
"TPAA,89,判,948,20000330",ADMINISTRATIVE,Lose
"TPAA,103,判,306,20140619,1",ADMINISTRATIVE,Win
"IPCA,108,行專訴,72,20220120,7",ADMINISTRATIVE,Win
"IPCA,108,行專訴,86,20200604,3",ADMINISTRATIVE,Lose
"TPAA,95,判,50,20060112,1",ADMINISTRATIVE,Lose
"TPBA,94,訴,3335,20061005,2",ADMINISTRATIVE,Win
"TPBA,92,訴,2727,20040804,2",ADMINISTRATIVE,Lose
"IPCA,98,行商訴,216,20100513,2",ADMINISTRATIVE,Lose
"TPBA,90,訴,5445,20021226,2",ADMINISTRATIVE,Win
"TPBA,90,訴,6101,20021128,2",ADMINISTRATIVE,Lose
"TPBA,93,訴,4064,20051230,2",ADMINISTRATIVE,Lose
"IPCA,109,行商訴,69,20201202,3",ADMINISTRATIVE,Lose
"TPBA,89,訴,193,20001107,1",ADMINISTRATIVE,Lose
"TPBA,91,訴,1491,20030605,2",ADMINISTRATIVE,Lose
"IPCA,98,行專訴,26,20090827,3",ADMINISTRATIVE,Win
"TPBA,94,訴,2408,20060608,2",ADMINISTRATIVE,Lose
"TPBA,91,訴,93,20030213,1",ADMINISTRATIVE,Mixed
"TPAA,110,上,355,20220428,1",ADMINISTRATIVE,Lose
"TPAA,89,判,2652,20000831,1",ADMINISTRATIVE,Lose
"TPBA,93,訴,46,20050426,2",ADMINISTRATIVE,Lose
"TPAA,99,判,105,20100205,1",ADMINISTRATIVE,Lose
"TPBA,93,訴,3645,20051109,2",ADMINISTRATIVE,Lose
"IPCA,110,行商訴,22,20210819,2",ADMINISTRATIVE,Lose
"TPAA,88,判,4213,19991223",ADMINISTRATIVE,Lose
"TPBA,93,訴,501,20050422,1",ADMINISTRATIVE,Win
"TPBA,95,訴,441,20070118,2",ADMINISTRATIVE,Lose
"IPCA,109,行專訴,43,20210428,3",ADMINISTRATIVE,Lose
"IPCA,106,行商訴,26,20171115,2",ADMINISTRATIVE,Lose
"TPBA,91,訴,524,20030306,2",ADMINISTRATIVE,Lose
"TPBA,91,訴,5396,20040225,2",ADMINISTRATIVE,Lose
"TPBA,91,訴,3140,20031002,1",ADMINISTRATIVE,Mixed
"TPAA,100,判,1357,20110804,1",ADMINISTRATIVE,Lose
"TPBA,91,訴,2952,20030813,2",ADMINISTRATIVE,Lose
"TPBA,97,訴,1238,20080924,1",ADMINISTRATIVE,Lose
"TPAA,98,判,1271,20091022,1",ADMINISTRATIVE,Lose
"TPBA,90,訴,48,20011221,1",ADMINISTRATIVE,Win
"IPCA,111,行商訴,68,20231019,2",ADMINISTRATIVE,Lose
"TPBA,93,訴,4085,20051222,2",ADMINISTRATIVE,Win
"TPBA,96,訴,173,20071011,2",ADMINISTRATIVE,Lose
"TPAA,93,判,95,20040212,1",ADMINISTRATIVE,Lose
"TPAA,88,判,622,19990319",ADMINISTRATIVE,Lose
"IPCA,107,行商更(一),1,20190430,1",ADMINISTRATIVE,Mixed
"TPAA,89,判,2458,20000727,1",ADMINISTRATIVE,Lose
"TPBA,94,訴,1322,20060419,2",ADMINISTRATIVE,Lose
"TPBA,90,訴,6673,20021231,2",ADMINISTRATIVE,Lose
"TPBA,94,訴,2792,20060906,1",ADMINISTRATIVE,Lose
"IPCA,106,行商訴,140,20180913,1",ADMINISTRATIVE,Lose
"TPAA,96,判,973,20070531,1",ADMINISTRATIVE,Lose
"TPBA,97,訴,396,20080625,2",ADMINISTRATIVE,Lose
"IPCA,100,行商訴,98,20111229,3",ADMINISTRATIVE,Win
"TPAA,94,判,1980,20051215,1",ADMINISTRATIVE,Lose
"TPBA,89,訴,4108,20011128,1",ADMINISTRATIVE,Lose
"IPCA,99,行商訴,38,20100527,1",ADMINISTRATIVE,Lose
"IPCA,99,行商訴,72,20100805,2",ADMINISTRATIVE,Lose
"TPAA,90,判,1943,20011025,1",ADMINISTRATIVE,Lose
"IPCA,105,行專更(一),4,20180531,3",ADMINISTRATIVE,Lose
"TPAA,96,判,1466,20070816,1",ADMINISTRATIVE,Lose
"TPBA,95,訴,4345,20071011,1",ADMINISTRATIVE,Lose
"IPCA,99,行商訴,186,20110310,3",ADMINISTRATIVE,Lose
"TPBA,92,訴,2306,20040901,3",ADMINISTRATIVE,Lose
"TPAA,89,判,775,20000317",ADMINISTRATIVE,Lose
"TPAA,102,判,435,20130712,1",ADMINISTRATIVE,Lose
"TPAA,90,判,394,20010315,1",ADMINISTRATIVE,Lose
"TPBA,91,訴,4855,20040421,2",ADMINISTRATIVE,Lose
"TPBA,95,訴,1494,20070412,2",ADMINISTRATIVE,Win
"TPAA,91,判,141,20020124,1",ADMINISTRATIVE,Lose
"TPAA,94,判,1925,20051208,1",ADMINISTRATIVE,Lose
"IPCA,107,行商訴,97,20190430,1",ADMINISTRATIVE,Win
"IPCA,112,行專訴,73,20240613,3",ADMINISTRATIVE,Lose
"IPCA,100,行商訴,89,20111110,2",ADMINISTRATIVE,Lose
"TPBA,92,訴,3055,20040812,1",ADMINISTRATIVE,Lose
"TPBA,90,訴,2081,20020708,2",ADMINISTRATIVE,Lose
"TPAA,112,上,447,20231019,1",ADMINISTRATIVE,Lose
"TPBA,94,訴,3828,20070131,1",ADMINISTRATIVE,Lose
"IPCA,99,行商訴,227,20110407,1",ADMINISTRATIVE,Lose
"TPBA,89,訴,93,20001011,1",ADMINISTRATIVE,Lose
"TPAA,99,判,357,20100408,1",ADMINISTRATIVE,Lose
"IPCA,98,行專訴,97,20100225,4",ADMINISTRATIVE,Lose
"TPBA,93,訴,2414,20050818,1",ADMINISTRATIVE,Lose
"TPBA,95,訴,4330,20070927,2",ADMINISTRATIVE,Lose
"TPAA,90,判,1016,20010607,1",ADMINISTRATIVE,Lose
"TPBA,94,訴,4098,20061207,1",ADMINISTRATIVE,Lose
"IPCA,111,行專訴,44,20230630,4",ADMINISTRATIVE,Lose
"IPCA,113,行專訴,21,20241205,2",ADMINISTRATIVE,Lose
"TPBA,94,訴,862,20060413,1",ADMINISTRATIVE,Lose
"TPAA,90,判,2416,20011214,1",ADMINISTRATIVE,Lose
"TPAA,94,判,1480,20050922,1",ADMINISTRATIVE,Lose
"TPBA,90,訴,6654,20021204,2",ADMINISTRATIVE,Lose
"IPCA,101,行專訴,95,20130221,3",ADMINISTRATIVE,Lose
"TPBA,93,訴,1214,20050429,2",ADMINISTRATIVE,Lose
"IPCA,108,行商訴,79,20191219,2",ADMINISTRATIVE,Lose
"TPBA,94,訴,3624,20061031,2",ADMINISTRATIVE,Win
"TPBA,92,訴,618,20040428,1",ADMINISTRATIVE,Win
"TPBA,90,訴,4582,20020829,1",ADMINISTRATIVE,Mixed
"TPBA,92,訴,4624,20050120,1",ADMINISTRATIVE,Lose
"TPBA,95,訴,852,20061228,2",ADMINISTRATIVE,Lose
"IPCA,110,行專訴,65,20221026,3",ADMINISTRATIVE,Lose
"IPCA,106,行商訴,16,20171227,2",ADMINISTRATIVE,Win
"TPAA,88,判,1877,19990513",ADMINISTRATIVE,Lose
"TPBA,95,訴,2472,20070412,2",ADMINISTRATIVE,Lose
"TPBA,95,訴,3339,20071108,1",ADMINISTRATIVE,Lose
"TPBA,92,訴,4670,20050310,1",ADMINISTRATIVE,Lose
"TPBA,91,訴,3862,20031029,1",ADMINISTRATIVE,Lose
"TPBA,91,訴,4536,20021231,2",ADMINISTRATIVE,Lose
"IPCA,109,行商訴,123,20210630,2",ADMINISTRATIVE,Lose
"TPBA,94,訴,3412,20061012,2",ADMINISTRATIVE,Lose
"IPCA,104,行專訴,118,20161125,2",ADMINISTRATIVE,Lose
"TPBA,89,訴,135,20001019,1",ADMINISTRATIVE,Lose
"TPBA,91,訴,2275,20031016,2",ADMINISTRATIVE,Lose
"IPCA,99,行專訴,170,20110317,1",ADMINISTRATIVE,Lose
"TPAA,97,判,368,20080430,1",ADMINISTRATIVE,Lose
"TPAA,98,判,1030,20090903,1",ADMINISTRATIVE,Lose
"TPBA,91,訴,3750,20040107,2",ADMINISTRATIVE,Lose
"TPBA,95,訴,401,20061207,1",ADMINISTRATIVE,Lose
"TPBA,92,訴,3530,20041027,1",ADMINISTRATIVE,Lose
"TPBA,92,訴,2728,20050202,1",ADMINISTRATIVE,Lose
"IPCA,102,行商訴,19,20130613,2",ADMINISTRATIVE,Lose
"TPAA,91,判,2111,20021122,1",ADMINISTRATIVE,Win
"TPAA,107,判,154,20180328,1",ADMINISTRATIVE,Lose
"TPAA,107,判,589,20181011,1",ADMINISTRATIVE,Lose
"TPAA,91,判,1737,20020926,1",ADMINISTRATIVE,Lose
"IPCA,109,行商訴,31,20200924,2",ADMINISTRATIVE,Mixed
"TPBA,90,訴,387,20020626,2",ADMINISTRATIVE,Lose
"IPCA,99,行商訴,32,20100909,3",ADMINISTRATIVE,Lose
"IPCA,104,行商訴,84,20160121,2",ADMINISTRATIVE,Lose
"TPAA,93,判,1057,20040818,1",ADMINISTRATIVE,Lose
"TPAA,104,判,453,20150813,1",ADMINISTRATIVE,Lose
"IPCA,113,行專訴,23,20241226,2",ADMINISTRATIVE,Lose
"IPCA,99,行專訴,176,20110512,3",ADMINISTRATIVE,Lose
"TPAA,108,上,1074,20220818,1",ADMINISTRATIVE,Lose
"IPCA,102,行商訴,96,20131129,1",ADMINISTRATIVE,Lose
"TPBA,89,訴,2047,20010614,1",ADMINISTRATIVE,Lose
"IPCA,103,行專訴,99,20150624,3",ADMINISTRATIVE,Win
"TPBA,94,訴,3555,20060810,1",ADMINISTRATIVE,Mixed
"TPBA,96,訴,835,20071026,2",ADMINISTRATIVE,Lose
"TPAA,96,判,1307,20070726,1",ADMINISTRATIVE,Lose
"IPCA,101,行商訴,97,20121025,2",ADMINISTRATIVE,Lose
"TPBA,97,訴,951,20080917,1",ADMINISTRATIVE,Lose
"TPAA,89,判,224,20000127",ADMINISTRATIVE,Lose
"IPCA,109,行商訴,40,20201118,3",ADMINISTRATIVE,Lose
"TPBA,95,訴,585,20070327,2",ADMINISTRATIVE,Mixed
"TPAA,88,判,1962,19990520",ADMINISTRATIVE,Lose
"TPBA,91,訴,321,20021231,1",ADMINISTRATIVE,Lose
"TPBA,92,訴,5188,20050119,2",ADMINISTRATIVE,Lose
"TPAA,88,判,3568,19990930",ADMINISTRATIVE,Lose
"IPCA,106,行商訴,9,20171221,2",ADMINISTRATIVE,Lose
"IPCA,108,行專訴,68,20200331,4",ADMINISTRATIVE,Lose
"TPBA,91,訴,1623,20030716,2",ADMINISTRATIVE,Lose
"TPAA,89,判,807,20000323",ADMINISTRATIVE,Lose
"IPCA,102,行商訴,130,20140416,2",ADMINISTRATIVE,Lose
"IPCA,106,行專訴,27,20171116,2",ADMINISTRATIVE,Lose
"IPCA,107,行專訴,36,20181114,3",ADMINISTRATIVE,Lose
"IPCA,103,行商訴,53,20150326,2",ADMINISTRATIVE,Lose
"TPBA,96,訴,1918,20080124,2",ADMINISTRATIVE,Lose
"TPBA,91,訴,994,20030423,2",ADMINISTRATIVE,Lose
"TPAA,99,判,1068,20101014,1",ADMINISTRATIVE,Lose
"IPCA,97,行專訴,83,20090625,3",ADMINISTRATIVE,Lose
"IPCA,107,行商更(一),5,20190327,1",ADMINISTRATIVE,Lose
"TPBA,93,訴更一,132,20050511,1",ADMINISTRATIVE,Lose
"IPCA,97,行商訴,132,20090402,1",ADMINISTRATIVE,Lose
"TPBA,94,訴,2139,20060928,2",ADMINISTRATIVE,Lose
"IPCA,101,行專訴,4,20120731,2",ADMINISTRATIVE,Win
"TPAA,90,判,2504,20011221,1",ADMINISTRATIVE,Lose
"TPAA,100,判,364,20110317,1",ADMINISTRATIVE,Lose
"IPCA,100,行商訴,18,20110707,3",ADMINISTRATIVE,Mixed
"IPCA,109,行專訴,21,20201130,3",ADMINISTRATIVE,Lose
"TPAA,91,判,51,20020111,1",ADMINISTRATIVE,Lose
"TPAA,99,判,1093,20101021,1",ADMINISTRATIVE,Lose
"IPCA,108,行商更(一),2,20190530,1",ADMINISTRATIVE,Lose
"TPBA,95,訴,3147,20070704,2",ADMINISTRATIVE,Lose
"TPBA,94,訴,2015,20060621,3",ADMINISTRATIVE,Lose
"TPAA,89,判,3114,20001109,1",ADMINISTRATIVE,Lose
"TPBA,95,訴,1523,20070208,2",ADMINISTRATIVE,Lose
"TPBA,94,訴,2403,20060530,2",ADMINISTRATIVE,Lose
"TPBA,93,訴,2623,20050817,1",ADMINISTRATIVE,Lose
"TPAA,88,判,3327,19990826",ADMINISTRATIVE,Lose
"IPCA,106,行商訴,130,20180329,2",ADMINISTRATIVE,Lose
"TPBA,95,訴,1117,20070118,1",ADMINISTRATIVE,Lose
"IPCA,103,行商訴,64,20140918,3",ADMINISTRATIVE,Lose
"TPAA,95,判,746,20060522,1",ADMINISTRATIVE,Lose
"IPCA,97,行商更(一),3,20090806,2",ADMINISTRATIVE,Win
"TPBA,91,訴,4845,20040120,2",ADMINISTRATIVE,Lose
"IPCA,98,行商訴,161,20100121,2",ADMINISTRATIVE,Lose
"IPCA,99,行商訴,218,20110421,2",ADMINISTRATIVE,Mixed
"TPAA,90,判,1491,20010823,1",ADMINISTRATIVE,Lose
"IPCA,99,行專訴,96,20101223,4",ADMINISTRATIVE,Lose
"TPAA,99,判,1032,20101007,1",ADMINISTRATIVE,Lose
"TPBA,89,訴,1729,20010418,1",ADMINISTRATIVE,Lose
"IPCA,106,行專訴,52,20171221,3",ADMINISTRATIVE,Lose
"TPAA,93,判,993,20040805,1",ADMINISTRATIVE,Lose
"TPAA,97,判,857,20080918,1",ADMINISTRATIVE,Lose
"IPCA,108,行著訴,1,20190926,1",ADMINISTRATIVE,Lose
"TPAA,89,判,2115,20000622",ADMINISTRATIVE,Lose
"TPBA,96,訴,2483,20080117,2",ADMINISTRATIVE,Lose
"IPCA,102,行商訴,109,20140313,2",ADMINISTRATIVE,Win
"IPCA,108,行商訴,38,20190923,2",ADMINISTRATIVE,Mixed
"TPAA,91,判,672,20020509,1",ADMINISTRATIVE,Lose
"TPBA,91,訴,570,20021211,1",ADMINISTRATIVE,Lose
"TPBA,93,訴,3088,20051018,1",ADMINISTRATIVE,Lose
"IPCA,99,行專訴,121,20110127,2",ADMINISTRATIVE,Mixed
"TPBA,93,訴,3260,20051103,2",ADMINISTRATIVE,Lose
"TPAA,97,判,417,20080509,1",ADMINISTRATIVE,Lose
"TPBA,94,訴,1398,20060426,2",ADMINISTRATIVE,Lose
"TPBA,90,訴,5109,20020619,1",ADMINISTRATIVE,Win
"IPCA,98,行商訴,101,20090910,1",ADMINISTRATIVE,Lose
"IPCA,100,行商訴,64,20110929,1",ADMINISTRATIVE,Lose
"TPBA,94,訴,1425,20060323,2",ADMINISTRATIVE,Lose
"KLDA,102,簡,11,20131112,2",ADMINISTRATIVE,Win
"TPBA,89,訴,817,20010315,2",ADMINISTRATIVE,Lose
"TPAA,90,判,475,20010329,1",ADMINISTRATIVE,Lose
"TPBA,92,訴,2816,20040818,2",ADMINISTRATIVE,Lose
"IPCA,102,行專訴,64,20130925,3",ADMINISTRATIVE,Lose
"TPAA,90,判,2111,20011115,1",ADMINISTRATIVE,Lose
"TPBA,96,訴,1426,20071226,1",ADMINISTRATIVE,Lose
"IPCA,108,行專訴,78,20200630,4",ADMINISTRATIVE,Lose
"TPBA,93,訴,3582,20051130,2",ADMINISTRATIVE,Lose
"IPCA,100,行商訴,92,20111117,2",ADMINISTRATIVE,Lose
"TPBA,89,訴,1608,20010607,2",ADMINISTRATIVE,Lose
"IPCA,105,行專訴,100,20170830,4",ADMINISTRATIVE,Lose
"TPBA,91,訴,902,20030703,2",ADMINISTRATIVE,Lose
"IPCA,102,行專訴,99,20140212,3",ADMINISTRATIVE,Lose
"TPAA,88,判,4086,19991203",ADMINISTRATIVE,Lose
"IPCA,105,行專訴,78,20170413,3",ADMINISTRATIVE,Lose
"IPCA,110,行商訴,94,20230907,2",ADMINISTRATIVE,Lose
"TPBA,95,訴,2804,20070530,2",ADMINISTRATIVE,Lose
"TPAA,100,判,2146,20111208,1",ADMINISTRATIVE,Lose
"IPCA,111,行商訴,76,20230317,1",ADMINISTRATIVE,Lose
"TPBA,90,訴,2892,20020123,1",ADMINISTRATIVE,Lose
"IPCA,98,行商訴,83,20090924,1",ADMINISTRATIVE,Lose
"TPBA,94,訴,231,20060629,2",ADMINISTRATIVE,Win
"TPBA,92,訴,5659,20050309,2",ADMINISTRATIVE,Lose
"TPBA,91,訴,4805,20040114,2",ADMINISTRATIVE,Win
"IPCA,97,行專訴,41,20081225,3",ADMINISTRATIVE,Lose
"IPCA,112,行專訴,40,20240530,3",ADMINISTRATIVE,Lose
"TPBA,95,訴,75,20061031,2",ADMINISTRATIVE,Lose
"TPBA,94,訴,2729,20060810,2",ADMINISTRATIVE,Lose
"IPCA,100,行專訴,38,20110922,3",ADMINISTRATIVE,Mixed
"IPCA,106,行專訴,23,20171019,3",ADMINISTRATIVE,Lose
"TPAA,90,判,2232,20011129,1",ADMINISTRATIVE,Lose
"IPCA,99,行商訴,49,20100722,3",ADMINISTRATIVE,Lose
"TPAA,92,判,1057,20030814,1",ADMINISTRATIVE,Lose
"IPCA,100,行商訴,128,20120119,2",ADMINISTRATIVE,Lose
"TPBA,94,訴,1555,20060309,1",ADMINISTRATIVE,Lose
"IPCA,101,行商訴,54,20121115,2",ADMINISTRATIVE,Lose
"TPBA,89,訴,1458,20010807,1",ADMINISTRATIVE,Lose
"TPBA,95,訴,3035,20070704,2",ADMINISTRATIVE,Lose
"TPAA,101,判,1048,20121213,1",ADMINISTRATIVE,Lose
"TPBA,95,訴,2542,20070509,2",ADMINISTRATIVE,Lose
"TPBA,90,訴,5417,20021002,2",ADMINISTRATIVE,Lose
"TPBA,95,訴,321,20070111,2",ADMINISTRATIVE,Lose
"TPBA,93,訴,4066,20051201,2",ADMINISTRATIVE,Lose
"IPCA,97,行商訴,88,20090312,3",ADMINISTRATIVE,Lose
"TPAA,96,判,699,20070419,1",ADMINISTRATIVE,Lose
"TPBA,93,訴,3913,20060105,2",ADMINISTRATIVE,Lose
"IPCA,111,行專訴,40,20230131,3",ADMINISTRATIVE,Lose
"IPCA,100,行商訴,38,20110901,3",ADMINISTRATIVE,Lose
"TPBA,91,訴,4360,20040408,2",ADMINISTRATIVE,Mixed
"IPCA,97,行專訴,70,20090527,3",ADMINISTRATIVE,Win
"TPBA,92,訴,4941,20041130,1",ADMINISTRATIVE,Lose
"TPBA,90,訴,1096,20020529,2",ADMINISTRATIVE,Lose
"IPCA,99,行商訴,28,20100603,2",ADMINISTRATIVE,Lose
"TPBA,91,訴,3178,20031002,2",ADMINISTRATIVE,Lose
"TPBA,97,訴,207,20080618,2",ADMINISTRATIVE,Lose
"TPAA,92,判,1419,20031023,1",ADMINISTRATIVE,Lose
"TPAA,92,判,562,20030515,1",ADMINISTRATIVE,Lose
"TPBA,91,訴,2574,20031106,2",ADMINISTRATIVE,Lose
"IPCA,106,行商訴,51,20171227,2",ADMINISTRATIVE,Lose
"TPAA,91,判,36,20020110,1",ADMINISTRATIVE,Lose
"TPBA,95,訴更一,37,20060921,1",ADMINISTRATIVE,Lose
"IPCA,99,行專訴,65,20101011,2",ADMINISTRATIVE,Lose
"IPCA,110,行商訴,46,20211222,1",ADMINISTRATIVE,Lose
"TPAA,101,判,238,20120308,1",ADMINISTRATIVE,Lose
"TPAA,91,判,1832,20021011,1",ADMINISTRATIVE,Lose
"TPBA,92,訴,5298,20050218,2",ADMINISTRATIVE,Mixed
"IPCA,101,行專訴,80,20130131,2",ADMINISTRATIVE,Lose
"IPCA,111,行商訴,50,20230427,2",ADMINISTRATIVE,Lose
"TPBA,95,訴,3948,20070920,2",ADMINISTRATIVE,Lose
"TPAA,94,判,1820,20051124,1",ADMINISTRATIVE,Lose
"IPCA,104,行專訴,89,20160428,3",ADMINISTRATIVE,Lose
"IPCA,113,行專訴,7,20240830,2",ADMINISTRATIVE,Mixed
"TPAA,95,判,950,20060622,1",ADMINISTRATIVE,Lose
"IPCA,100,行專訴,94,20120105,3",ADMINISTRATIVE,Lose
"IPCA,98,行商訴,182,20100107,1",ADMINISTRATIVE,Lose
"TPAA,90,判,1127,20010622,1",ADMINISTRATIVE,Lose
"TPAA,105,判,41,20160128,1",ADMINISTRATIVE,Lose
"TPAA,100,判,2178,20111215,1",ADMINISTRATIVE,Lose
"TPAA,100,判,1037,20110616,1",ADMINISTRATIVE,Lose
"TPAA,90,判,1524,20010824,1",ADMINISTRATIVE,Lose
"TPAA,96,判,1176,20070705,1",ADMINISTRATIVE,Lose
"TPAA,89,判,1752,20000601",ADMINISTRATIVE,Lose
"TPBA,90,訴,5021,20020904,2",ADMINISTRATIVE,Lose
"TPBA,95,訴,3042,20070524,2",ADMINISTRATIVE,Lose
"TPBA,96,訴,3635,20080415,2",ADMINISTRATIVE,Win
"TPBA,89,訴,411,20001208,1",ADMINISTRATIVE,Lose
"TPBA,93,訴,1489,20050624,2",ADMINISTRATIVE,Lose
"IPCA,97,行專訴,27,20081204,3",ADMINISTRATIVE,Win
"TPAA,88,判,4091,19991203",ADMINISTRATIVE,Lose
"TPBA,92,訴,174,20040624,2",ADMINISTRATIVE,Lose
"IPCA,104,行商訴,30,20150902,2",ADMINISTRATIVE,Lose
"TPBA,94,訴,3026,20060727,1",ADMINISTRATIVE,Mixed
"TPBA,97,訴,1146,20080924,2",ADMINISTRATIVE,Lose
"TPBA,93,訴,1660,20050803,2",ADMINISTRATIVE,Lose
"TPBA,89,訴,4066,20020111,2",ADMINISTRATIVE,Lose
"TPBA,97,訴,1322,20081113,2",ADMINISTRATIVE,Lose
"TPBA,96,訴,355,20080110,2",ADMINISTRATIVE,Lose
"IPCA,99,行專訴,92,20101202,3",ADMINISTRATIVE,Lose
"TPAA,110,上,164,20230406,1",ADMINISTRATIVE,Lose
"IPCA,99,行商訴,244,20110526,2",ADMINISTRATIVE,Lose
"TPBA,94,訴,3320,20070111,2",ADMINISTRATIVE,Lose
"TPAA,92,判,1327,20031002,1",ADMINISTRATIVE,Lose
"IPCA,107,行商訴,52,20181101,2",ADMINISTRATIVE,Lose
"IPCA,112,行商更一,1,20240125,1",ADMINISTRATIVE,Mixed
"TPBA,95,訴,3949,20070809,1",ADMINISTRATIVE,Lose
"TPAA,96,判,912,20070524,1",ADMINISTRATIVE,Lose
"TPBA,90,訴,4216,20020403,1",ADMINISTRATIVE,Lose
"IPCA,109,行商訴,27,20201015,3",ADMINISTRATIVE,Lose
"IPCA,99,行商訴,239,20110512,2",ADMINISTRATIVE,Lose
"TPBA,93,訴,4068,20051130,2",ADMINISTRATIVE,Lose
"IPCA,112,行專訴,41,20240222,3",ADMINISTRATIVE,Lose
"IPCA,99,行專訴,131,20110512,3",ADMINISTRATIVE,Lose
"IPCA,100,行專訴,64,20120216,3",ADMINISTRATIVE,Lose
"TPBA,90,訴,3831,20020329,2",ADMINISTRATIVE,Lose
"TPBA,96,訴,3816,20080422,2",ADMINISTRATIVE,Win
"TPAA,90,判,2314,20011207,1",ADMINISTRATIVE,Lose
"IPCA,101,行商訴,68,20121122,1",ADMINISTRATIVE,Lose
"TPAA,96,判,794,20070510,1",ADMINISTRATIVE,Lose
"TPBA,90,訴,6381,20021226,2",ADMINISTRATIVE,Lose
"IPCA,110,行商訴,26,20210930,2",ADMINISTRATIVE,Lose
"IPCA,101,行商訴,9,20120329,1",ADMINISTRATIVE,Mixed
"TPAA,91,判,2262,20021219,1",ADMINISTRATIVE,Lose
"TPBA,92,訴,1705,20040707,2",ADMINISTRATIVE,Lose
"TPAA,90,判,1519,20010824,1",ADMINISTRATIVE,Lose
"IPCA,98,行著訴,1,20100211,2",ADMINISTRATIVE,Lose
"TPBA,93,訴,1357,20050922,2",ADMINISTRATIVE,Lose
"TPAA,88,判,3673,19991008",ADMINISTRATIVE,Lose
"TPAA,88,判,3898,19991118",ADMINISTRATIVE,Lose
"IPCA,100,行專訴,98,20120209,3",ADMINISTRATIVE,Lose
"TPBA,92,訴,3240,20040924,2",ADMINISTRATIVE,Lose
"TPBA,95,訴,2824,20070523,2",ADMINISTRATIVE,Lose
"TPBA,89,訴,2289,20020515,1",ADMINISTRATIVE,Lose
"IPCA,99,行商訴,181,20110224,3",ADMINISTRATIVE,Lose
"TPBA,93,訴,1330,20050721,1",ADMINISTRATIVE,Lose
"TPBA,97,訴,388,20080814,3",ADMINISTRATIVE,Lose
"TPBA,90,訴,5246,20030529,1",ADMINISTRATIVE,Mixed
"TPBA,95,訴,3540,20070725,1",ADMINISTRATIVE,Lose
"IPCA,98,行商訴,150,20091119,1",ADMINISTRATIVE,Lose
"TPAA,88,判,675,19990325",ADMINISTRATIVE,Lose
"TPBA,95,訴,1022,20061228,1",ADMINISTRATIVE,Lose
"TPBA,96,訴,603,20071227,2",ADMINISTRATIVE,Lose
"IPCA,103,行商訴,47,20140827,1",ADMINISTRATIVE,Lose
"TPAA,95,判,1027,20060706,1",ADMINISTRATIVE,Lose
"TPBA,94,訴,1815,20060525,2",ADMINISTRATIVE,Lose
"IPCA,112,行商訴,61,20240530,2",ADMINISTRATIVE,Mixed
"TPBA,96,訴,1875,20080130,2",ADMINISTRATIVE,Lose
"TPBA,94,訴,2931,20060831,3",ADMINISTRATIVE,Lose
"TPBA,94,訴,2994,20060914,2",ADMINISTRATIVE,Lose
"TPAA,88,判,181,19990129",ADMINISTRATIVE,Lose
"IPCA,103,行專訴,48,20141030,3",ADMINISTRATIVE,Lose
"TPBA,92,訴,103,20040317,1",ADMINISTRATIVE,Lose
"TPBA,91,訴,3047,20030910,2",ADMINISTRATIVE,Lose
"TPBA,91,訴,357,20030306,3",ADMINISTRATIVE,Win
"TPAA,104,判,31,20150122,1",ADMINISTRATIVE,Lose
"TPAA,109,上,215,20210304,1",ADMINISTRATIVE,Lose
"TPAA,95,判,425,20060330,1",ADMINISTRATIVE,Lose
"IPCA,101,行商訴,61,20120828,2",ADMINISTRATIVE,Lose
"IPCA,100,行專更(一),2,20110609,2",ADMINISTRATIVE,Lose
"TPAA,103,判,160,20140327,1",ADMINISTRATIVE,Lose
"TPAA,98,判,810,20090723,1",ADMINISTRATIVE,Lose
"TPBA,91,訴,3895,20040205,2",ADMINISTRATIVE,Lose
"IPCA,100,行商訴,47,20110811,1",ADMINISTRATIVE,Lose
"IPCA,102,行商訴,50,20140109,2",ADMINISTRATIVE,Win
"TPBA,95,訴,3011,20070613,1",ADMINISTRATIVE,Lose
"TPAA,92,判,719,20030606,1",ADMINISTRATIVE,Lose
"TPBA,94,訴,1158,20060726,2",ADMINISTRATIVE,Lose
"TPBA,94,訴,2395,20060608,2",ADMINISTRATIVE,Lose
"TPAA,89,判,336,20000210",ADMINISTRATIVE,Lose
"IPCA,104,行專訴,11,20150709,3",ADMINISTRATIVE,Lose
"IPCA,97,行專訴,48,20090226,3",ADMINISTRATIVE,Lose
"IPCA,99,行專訴,137,20110210,3",ADMINISTRATIVE,Lose
"TPBA,91,訴,1046,20030409,2",ADMINISTRATIVE,Lose
"IPCA,100,行專訴,99,20120301,3",ADMINISTRATIVE,Lose
"TPBA,94,訴,2039,20061107,2",ADMINISTRATIVE,Lose
"TPBA,96,訴,1446,20071220,2",ADMINISTRATIVE,Lose
"IPCA,111,行專訴,28,20221013,2",ADMINISTRATIVE,Lose
"TPBA,93,訴更一,163,20050617,2",ADMINISTRATIVE,Lose
"TPBA,97,訴,136,20080507,1",ADMINISTRATIVE,Lose
"TPBA,97,訴,392,20080724,2",ADMINISTRATIVE,Lose
"IPCA,99,行商訴,144,20101125,1",ADMINISTRATIVE,Lose
"IPCA,102,行專訴,120,20140416,3",ADMINISTRATIVE,Lose
"TPBA,90,訴,5015,20021107,2",ADMINISTRATIVE,Lose
"TPAA,97,判,871,20080925,1",ADMINISTRATIVE,Lose
"TPAA,90,判,1094,20010615,1",ADMINISTRATIVE,Lose
"IPCA,99,行專訴,11,20100715,3",ADMINISTRATIVE,Lose
"TPAA,96,判,2081,20071220,1",ADMINISTRATIVE,Lose
"TPBA,90,訴,4435,20020829,1",ADMINISTRATIVE,Lose
"TPBA,90,訴,114,20011108,1",ADMINISTRATIVE,Lose
"TPBA,92,訴,3457,20041230,2",ADMINISTRATIVE,Lose
"IPCA,110,行商更(一),2,20210901,1",ADMINISTRATIVE,Mixed
"TPBA,91,訴,2484,20031106,2",ADMINISTRATIVE,Lose
"TPBA,90,訴,4097,20020815,2",ADMINISTRATIVE,Lose
"TPBA,94,訴,572,20060126,2",ADMINISTRATIVE,Lose
"TPAA,96,判,2013,20071129,1",ADMINISTRATIVE,Lose
"TPBA,96,訴,4157,20080408,2",ADMINISTRATIVE,Lose
"TPAA,94,判,308,20050310,1",ADMINISTRATIVE,Lose
"TPAA,89,判,1671,20000525",ADMINISTRATIVE,Lose
"IPCA,103,行商訴,25,20140709,2",ADMINISTRATIVE,Lose
"IPCA,112,行專訴,32,20240111,3",ADMINISTRATIVE,Lose
"TPBA,92,訴,4698,20050131,1",ADMINISTRATIVE,Lose
"TPBA,97,訴,1592,20081105,2",ADMINISTRATIVE,Lose
"IPCA,102,行專訴,11,20130501,4",ADMINISTRATIVE,Lose
"TPBA,94,訴,3852,20060907,1",ADMINISTRATIVE,Lose
"TPAA,90,判,2562,20011228,1",ADMINISTRATIVE,Lose
"IPCA,101,行商訴,79,20120920,2",ADMINISTRATIVE,Lose
"TPBA,90,訴,5708,20021128,2",ADMINISTRATIVE,Lose
"TPAA,88,判,3712,19991021",ADMINISTRATIVE,Lose
"TPBA,95,訴,3397,20070830,2",ADMINISTRATIVE,Lose
"IPCA,104,行專訴,43,20151008,3",ADMINISTRATIVE,Win
"TPBA,96,訴,3614,20080410,2",ADMINISTRATIVE,Lose
"TPBA,93,訴,1199,20050606,2",ADMINISTRATIVE,Lose
"TPAA,98,判,704,20090625,1",ADMINISTRATIVE,Lose
"TPBA,93,訴,3358,20050929,2",ADMINISTRATIVE,Lose
"TPBA,89,訴,2067,20010723,1",ADMINISTRATIVE,Lose
"TPBA,92,訴,4439,20050317,2",ADMINISTRATIVE,Lose
"TPBA,93,訴,2225,20060407,3",ADMINISTRATIVE,Win
"TPAA,105,判,704,20161229,1",ADMINISTRATIVE,Lose
"TPAA,91,判,380,20020308,1",ADMINISTRATIVE,Lose
"TPBA,92,訴,3515,20041015,1",ADMINISTRATIVE,Lose
"IPCA,102,行商訴,51,20140129,2",ADMINISTRATIVE,Lose
"TPBA,97,訴,1319,20081023,2",ADMINISTRATIVE,Lose
"IPCA,107,行商訴,92,20190411,1",ADMINISTRATIVE,Lose
"IPCA,110,行商訴,27,20210826,2",ADMINISTRATIVE,Lose
"TPBA,94,訴,1965,20060518,2",ADMINISTRATIVE,Lose
"IPCA,106,行商訴,161,20180718,2",ADMINISTRATIVE,Lose
"TPAA,109,判,151,20200319,1",ADMINISTRATIVE,Lose
"TPBA,92,訴,1973,20041028,1",ADMINISTRATIVE,Lose
"TPBA,94,訴,883,20060309,1",ADMINISTRATIVE,Lose
"IPCA,101,行專訴,123,20130523,3",ADMINISTRATIVE,Lose
"TPBA,93,訴,2643,20050818,1",ADMINISTRATIVE,Mixed
"TPAA,94,判,2000,20051215,1",ADMINISTRATIVE,Lose
"TPBA,91,訴,1569,20030529,1",ADMINISTRATIVE,Mixed
"IPCA,104,行著更(一),4,20160622,3",ADMINISTRATIVE,Lose
"TPBA,92,訴,1999,20040630,2",ADMINISTRATIVE,Lose
"TPBA,89,訴,2815,20010731,2",ADMINISTRATIVE,Lose
"IPCA,111,行商訴,37,20221109,1",ADMINISTRATIVE,Lose
"TPAA,93,判,1105,20040831,1",ADMINISTRATIVE,Lose
"TPAA,90,判,46,20010104,1",ADMINISTRATIVE,Lose
"TPAA,92,判,130,20030129,1",ADMINISTRATIVE,Lose
"TPBA,96,訴,80,20070927,2",ADMINISTRATIVE,Lose
"IPCA,108,行專訴,63,20200709,3",ADMINISTRATIVE,Lose
"IPCA,99,行專訴,125,20101230,3",ADMINISTRATIVE,Lose
"TPAA,111,上,188,20220915,1",ADMINISTRATIVE,Lose
"TPAA,96,判,207,20070208,1",ADMINISTRATIVE,Lose
"IPCA,105,行商訴,95,20170112,2",ADMINISTRATIVE,Win
"TPBA,93,訴,3814,20050914,1",ADMINISTRATIVE,Lose
"TPAA,95,判,2136,20061221,1",ADMINISTRATIVE,Lose
"TPAA,109,上,300,20210429,1",ADMINISTRATIVE,Lose
"TPBA,91,訴,5364,20040603,2",ADMINISTRATIVE,Lose
"TPBA,93,訴,1957,20050728,2",ADMINISTRATIVE,Lose
"IPCA,103,行專訴,90,20150409,3",ADMINISTRATIVE,Lose
"TPAA,92,判,1267,20030919,1",ADMINISTRATIVE,Lose
"IPCA,104,行專訴,9,20150729,3",ADMINISTRATIVE,Lose
"IPCA,112,行商訴,41,20240523,2",ADMINISTRATIVE,Mixed
"IPCA,98,行商訴,180,20091231,1",ADMINISTRATIVE,Lose
"TPBA,95,訴,48,20061019,2",ADMINISTRATIVE,Lose
"IPCA,100,行專訴,116,20120329,3",ADMINISTRATIVE,Lose
"TPBA,94,訴,3583,20061107,2",ADMINISTRATIVE,Lose
"IPCA,101,行專訴,107,20130327,3",ADMINISTRATIVE,Lose
"TPBA,92,訴,2171,20041216,2",ADMINISTRATIVE,Lose
"TPAA,90,判,2135,20011115,1",ADMINISTRATIVE,Lose
"IPCA,110,行專訴,57,20220720,4",ADMINISTRATIVE,Lose
"TPBA,96,訴,1527,20080313,2",ADMINISTRATIVE,Lose
"TPAA,97,判,992,20081113,1",ADMINISTRATIVE,Lose
"TPAA,90,判,1920,20011025,1",ADMINISTRATIVE,Lose
"TPAA,104,判,429,20150730,1",ADMINISTRATIVE,Lose
"TPBA,97,訴,1398,20081008,2",ADMINISTRATIVE,Lose
"TPAA,88,判,467,19990304",ADMINISTRATIVE,Lose
"IPCA,104,行商訴,76,20151224,2",ADMINISTRATIVE,Win
"TPBA,91,訴,1191,20030514,2",ADMINISTRATIVE,Lose
"TPBA,93,訴,2725,20051020,1",ADMINISTRATIVE,Lose
"TPAA,99,判,287,20100325,1",ADMINISTRATIVE,Lose
"IPCA,100,行專訴,114,20120426,3",ADMINISTRATIVE,Lose
"TPAA,107,判,471,20180816,1",ADMINISTRATIVE,Lose
"TPBA,95,訴,3373,20070725,1",ADMINISTRATIVE,Lose
"TPAA,107,判,504,20180830,1",ADMINISTRATIVE,Lose
"TPBA,95,訴,1404,20070130,2",ADMINISTRATIVE,Lose
"IPCA,104,行商訴,41,20151008,3",ADMINISTRATIVE,Win
"TPAA,109,判,301,20200529,1",ADMINISTRATIVE,Lose
"TPBA,97,訴,167,20080625,2",ADMINISTRATIVE,Lose
"TPAA,90,判,1453,20010817,1",ADMINISTRATIVE,Lose
"TPAA,107,判,96,20180208,1",ADMINISTRATIVE,Lose
"TPBA,96,訴,237,20071108,2",ADMINISTRATIVE,Lose
"TPAA,88,判,4243,19991224",ADMINISTRATIVE,Lose
"IPCA,106,行商訴,56,20180131,1",ADMINISTRATIVE,Lose
"TPBA,91,訴,4702,20040318,2",ADMINISTRATIVE,Lose
"TPAA,100,判,424,20110329,1",ADMINISTRATIVE,Lose
"TPBA,92,訴,1913,20041118,2",ADMINISTRATIVE,Lose
"IPCA,98,行專訴,98,20100114,3",ADMINISTRATIVE,Lose
"TPBA,95,訴,552,20061207,2",ADMINISTRATIVE,Lose
"TPAA,108,判,113,20190314,1",ADMINISTRATIVE,Lose
"TPBA,89,訴,3225,20020314,2",ADMINISTRATIVE,Lose
"TPBA,91,訴,3472,20031015,2",ADMINISTRATIVE,Lose
"IPCA,102,行商訴,23,20130711,2",ADMINISTRATIVE,Win
"TPBA,96,訴,3426,20080508,2",ADMINISTRATIVE,Win
"IPCA,108,行專訴,71,20200227,3",ADMINISTRATIVE,Lose
"TPBA,94,訴,3496,20061018,2",ADMINISTRATIVE,Lose
"IPCA,104,行專訴,35,20150930,4",ADMINISTRATIVE,Lose
"IPCA,102,行商更(一),3,20140102,1",ADMINISTRATIVE,Lose
"TPAA,95,判,617,20060504,1",ADMINISTRATIVE,Lose
"TPAA,89,判,1377,20000504",ADMINISTRATIVE,Lose
"TPBA,97,訴,879,20080730,2",ADMINISTRATIVE,Lose
"TPAA,89,判,237,20000127",ADMINISTRATIVE,Win
"TPBA,89,訴,525,20010809,1",ADMINISTRATIVE,Lose
"IPCA,104,行商訴,66,20151105,2",ADMINISTRATIVE,Lose
"IPCA,99,行商訴,131,20101209,3",ADMINISTRATIVE,Lose
"IPCA,106,行商訴,99,20180524,2",ADMINISTRATIVE,Lose
"TPAA,88,判,1971,19990520",ADMINISTRATIVE,Win
"IPCA,111,行專訴,48,20230518,4",ADMINISTRATIVE,Lose
"TPBA,90,訴,6093,20021120,2",ADMINISTRATIVE,Lose
"IPCA,101,行商訴,106,20121220,2",ADMINISTRATIVE,Lose
"TPBA,96,訴,4063,20080424,2",ADMINISTRATIVE,Lose
"TPAA,89,判,965,20000331",ADMINISTRATIVE,Lose
"TPBA,96,訴,90,20071024,2",ADMINISTRATIVE,Lose
"IPCA,102,行專訴,80,20140312,3",ADMINISTRATIVE,Lose
"TPBA,95,訴,39,20061221,2",ADMINISTRATIVE,Lose
"IPCA,99,行商訴,171,20110127,2",ADMINISTRATIVE,Mixed
"IPCA,101,行專訴,7,20120726,4",ADMINISTRATIVE,Lose
"TPBA,94,訴,1498,20060309,1",ADMINISTRATIVE,Lose
"TPAA,89,判,814,20000323",ADMINISTRATIVE,Lose
"IPCA,97,行商訴,96,20090312,2",ADMINISTRATIVE,Lose
"IPCA,99,行專訴,59,20101021,3",ADMINISTRATIVE,Lose
"TPBA,93,訴,562,20050422,1",ADMINISTRATIVE,Lose
"TPAA,98,判,1228,20091008,1",ADMINISTRATIVE,Lose
"TPBA,92,訴,2780,20041230,2",ADMINISTRATIVE,Win
"TPBA,90,訴,459,20011129,1",ADMINISTRATIVE,Mixed
"IPCA,98,行專訴,103,20100204,3",ADMINISTRATIVE,Lose
"TPAA,93,判,440,20040422,1",ADMINISTRATIVE,Lose
"IPCA,106,行商訴,87,20180426,2",ADMINISTRATIVE,Lose
"IPCA,112,行專訴,23,20231228,3",ADMINISTRATIVE,Win
"TPBA,96,訴,1574,20080109,2",ADMINISTRATIVE,Lose
"TPBA,92,訴,5474,20050429,2",ADMINISTRATIVE,Lose
"IPCA,98,行專訴,69,20091112,4",ADMINISTRATIVE,Win
"TPBA,91,訴,1391,20030611,2",ADMINISTRATIVE,Lose
"TPBA,95,訴,1112,20070130,2",ADMINISTRATIVE,Lose
"TPAA,100,判,2223,20111222,1",ADMINISTRATIVE,Lose
"TPBA,92,訴,4799,20050331,2",ADMINISTRATIVE,Win
"TPBA,91,訴,882,20030417,2",ADMINISTRATIVE,Lose
"TPBA,97,訴,1117,20081009,2",ADMINISTRATIVE,Lose
"TPBA,89,訴,1013,20010531,2",ADMINISTRATIVE,Lose
"TPBA,89,訴,225,20001222,1",ADMINISTRATIVE,Lose
"TPBA,95,訴,937,20070517,2",ADMINISTRATIVE,Mixed
"TPBA,96,訴,1668,20080116,2",ADMINISTRATIVE,Lose
"TPBA,91,訴,3880,20031119,2",ADMINISTRATIVE,Lose
"TPBA,90,訴,3855,20020423,2",ADMINISTRATIVE,Lose
"IPCA,101,行商更(一),1,20120726,3",ADMINISTRATIVE,Win
"TPBA,95,訴,1296,20070125,1",ADMINISTRATIVE,Win
"TPBA,92,訴,627,20040423,1",ADMINISTRATIVE,Lose
"TPAA,90,判,2579,20011231,1",ADMINISTRATIVE,Lose
"TPBA,92,訴,1218,20040512,1",ADMINISTRATIVE,Lose
"TPAA,96,判,750,20070430,1",ADMINISTRATIVE,Lose
"IPCA,104,行商訴,28,20150930,2",ADMINISTRATIVE,Win
"TPBA,93,訴,601,20050426,1",ADMINISTRATIVE,Lose
"IPCA,100,行商訴,39,20110728,2",ADMINISTRATIVE,Lose
"TPBA,91,訴,18,20021231,2",ADMINISTRATIVE,Lose
"IPCA,106,行商訴,95,20171207,2",ADMINISTRATIVE,Lose
"IPCA,101,行商訴,157,20130509,2",ADMINISTRATIVE,Lose
"IPCA,100,行商訴,147,20120202,1",ADMINISTRATIVE,Lose
"TPAA,93,判,514,20040429,1",ADMINISTRATIVE,Lose
"TPAA,92,判,604,20030522,1",ADMINISTRATIVE,Lose
"TPAA,108,判,211,20190425,1",ADMINISTRATIVE,Lose
"IPCA,111,行專訴,73,20231019,2",ADMINISTRATIVE,Lose
"IPCA,97,行專訴,20,20081218,3",ADMINISTRATIVE,Lose
"IPCA,100,行專訴,46,20110831,3",ADMINISTRATIVE,Lose
"TPAA,95,判,1641,20061005,1",ADMINISTRATIVE,Lose
"TPBA,89,訴,2082,20010913,1",ADMINISTRATIVE,Lose
"TPAA,89,判,1756,20000601",ADMINISTRATIVE,Lose
"TPAA,91,判,1728,20020920,1",ADMINISTRATIVE,Lose
"IPCA,106,行商訴,148,20180419,1",ADMINISTRATIVE,Lose
"TPBA,91,訴,4828,20040311,2",ADMINISTRATIVE,Lose
"TPBA,96,訴,1835,20080116,2",ADMINISTRATIVE,Lose
"TPBA,97,訴,57,20080422,2",ADMINISTRATIVE,Lose
"IPCA,101,行商訴,92,20121108,2",ADMINISTRATIVE,Lose
"TPBA,91,訴,1789,20030709,2",ADMINISTRATIVE,Lose
"TPBA,96,訴,1853,20080605,2",ADMINISTRATIVE,Lose
"TPAA,93,判,1145,20040909,1",ADMINISTRATIVE,Lose
"TPAA,95,判,933,20060622,1",ADMINISTRATIVE,Lose
"IPCA,101,行商訴,111,20121122,1",ADMINISTRATIVE,Lose
"TPBA,92,訴,1098,20040805,1",ADMINISTRATIVE,Lose
"IPCA,107,行專訴,76,20190418,3",ADMINISTRATIVE,Mixed
"TPAA,101,判,1030,20121206,1",ADMINISTRATIVE,Win
"TPBA,91,訴,3566,20031126,2",ADMINISTRATIVE,Lose
"IPCA,98,行專訴,54,20091008,3",ADMINISTRATIVE,Lose
"IPCA,99,行商訴,157,20110120,2",ADMINISTRATIVE,Lose
"TPBA,91,訴,2287,20030730,1",ADMINISTRATIVE,Lose
"TPBA,96,訴,653,20071108,2",ADMINISTRATIVE,Lose
"IPCA,105,行商訴,94,20160929,1",ADMINISTRATIVE,Win
"TPAA,98,判,1029,20090903,1",ADMINISTRATIVE,Lose
"IPCA,105,行商訴,140,20171025,3",ADMINISTRATIVE,Lose
"TPAA,105,判,545,20161026,1",ADMINISTRATIVE,Lose
"TPBA,92,訴,1804,20041028,2",ADMINISTRATIVE,Lose
"TPBA,93,訴,2283,20050825,1",ADMINISTRATIVE,Lose
"IPCA,113,行專訴,6,20240912,3",ADMINISTRATIVE,Lose
"TPAA,89,判,3977,20001229,1",ADMINISTRATIVE,Lose
"TPAA,96,判,1003,20070607,1",ADMINISTRATIVE,Lose
"IPCA,102,行商訴,45,20130829,2",ADMINISTRATIVE,Lose
"TPBA,94,訴,290,20060119,2",ADMINISTRATIVE,Lose
"TPBA,89,訴,2915,20020129,1",ADMINISTRATIVE,Lose
"IPCA,97,行商訴,77,20090212,2",ADMINISTRATIVE,Lose
"TPBA,92,訴,3739,20041111,1",ADMINISTRATIVE,Mixed
"IPCA,111,行商訴,4,20220811,2",ADMINISTRATIVE,Lose
"TPBA,95,訴,3182,20070704,2",ADMINISTRATIVE,Lose
"TPBA,90,訴,6024,20020918,1",ADMINISTRATIVE,Lose
"TPBA,91,訴,3042,20030910,1",ADMINISTRATIVE,Lose
"TPBA,91,訴,4929,20040114,2",ADMINISTRATIVE,Lose
"IPCA,99,行商訴,9,20100527,2",ADMINISTRATIVE,Lose
"TPBA,92,訴,5602,20050429,1",ADMINISTRATIVE,Lose
"TPBA,94,訴,2058,20060425,2",ADMINISTRATIVE,Lose
"TPBA,97,訴,1464,20081127,2",ADMINISTRATIVE,Lose
"IPCA,102,行商訴,132,20140403,2",ADMINISTRATIVE,Lose
"IPCA,99,行商訴,53,20100715,2",ADMINISTRATIVE,Lose
"IPCA,111,行商訴,35,20221026,1",ADMINISTRATIVE,Lose
"TPBA,94,訴,4037,20061031,2",ADMINISTRATIVE,Lose
"TPBA,95,訴,3972,20070822,2",ADMINISTRATIVE,Lose
"TPBA,94,訴,2411,20060608,2",ADMINISTRATIVE,Lose
"TPBA,90,訴,4661,20020815,2",ADMINISTRATIVE,Lose
"TPBA,89,訴,2721,20010823,2",ADMINISTRATIVE,Lose
"TPAA,109,判,130,20200312,1",ADMINISTRATIVE,Lose
"IPCA,109,行商訴,88,20201217,1",ADMINISTRATIVE,Lose
"TPAA,90,判,2310,20011206,1",ADMINISTRATIVE,Lose
"TPBA,95,訴,2333,20070412,2",ADMINISTRATIVE,Lose
"TPBA,97,訴,1344,20081008,2",ADMINISTRATIVE,Lose
"TPAA,87,判,1175,19980618,1",ADMINISTRATIVE,Lose
"IPCA,101,行專訴,31,20121108,3",ADMINISTRATIVE,Win
"IPCA,103,行商訴,24,20140625,2",ADMINISTRATIVE,Lose
"TPBA,94,訴,127,20060406,2",ADMINISTRATIVE,Win
"TPBA,91,訴,1438,20030522,2",ADMINISTRATIVE,Lose
"TPBA,96,訴,2334,20080522,2",ADMINISTRATIVE,Lose
"TPBA,93,訴,241,20050330,1",ADMINISTRATIVE,Lose
"IPCA,108,行專訴,62,20191219,2",ADMINISTRATIVE,Lose
"IPCA,98,行商訴,66,20090806,3",ADMINISTRATIVE,Win
"TPBA,96,訴,157,20071011,2",ADMINISTRATIVE,Lose
"IPCA,103,行商訴,157,20150716,3",ADMINISTRATIVE,Lose
"IPCA,105,行專訴,6,20160617,3",ADMINISTRATIVE,Lose
"TPAA,91,判,205,20020131,1",ADMINISTRATIVE,Lose
"TPBA,94,訴,3494,20070215,2",ADMINISTRATIVE,Lose
"TPBA,92,訴,774,20040519,2",ADMINISTRATIVE,Lose
"TPBA,91,訴,3290,20030924,1",ADMINISTRATIVE,Lose
"TPBA,91,訴,937,20030410,2",ADMINISTRATIVE,Lose
"IPCA,111,行專訴,58,20230824,3",ADMINISTRATIVE,Mixed
"TPBA,93,訴,794,20050525,2",ADMINISTRATIVE,Lose
"TPAA,88,判,587,19990318",ADMINISTRATIVE,Lose
"TPBA,89,訴,3317,20010808,1",ADMINISTRATIVE,Lose
"TPBA,97,訴,803,20080925,2",ADMINISTRATIVE,Lose
"IPCA,99,行商訴,34,20100603,1",ADMINISTRATIVE,Lose
"IPCA,97,行專訴,30,20081127,3",ADMINISTRATIVE,Lose
"TPAA,90,判,430,20010322,1",ADMINISTRATIVE,Win
"TPBA,94,訴,4062,20061221,2",ADMINISTRATIVE,Lose
"TPAA,108,判,12,20190110,1",ADMINISTRATIVE,Lose
"TPAA,108,判,329,20190705,1",ADMINISTRATIVE,Lose
"TPBA,93,訴,3114,20050914,2",ADMINISTRATIVE,Lose
"TPAA,91,判,324,20020227,1",ADMINISTRATIVE,Lose
"TPAA,105,判,163,20160414,1",ADMINISTRATIVE,Lose
"TPAA,89,判,2041,20000622",ADMINISTRATIVE,Lose
"IPCA,106,行專訴,26,20171026,3",ADMINISTRATIVE,Lose
"IPCA,97,行商訴,9,20081002,1",ADMINISTRATIVE,Lose
"TPAA,90,判,803,20010511,1",ADMINISTRATIVE,Lose
"TPBA,92,訴,3207,20041230,2",ADMINISTRATIVE,Lose
"TPBA,91,訴,4377,20040107,2",ADMINISTRATIVE,Lose
"TPBA,91,訴,274,20021225,2",ADMINISTRATIVE,Lose
"TPAA,92,判,1610,20031107,1",ADMINISTRATIVE,Lose
"TPBA,90,再,4,20020605,2",ADMINISTRATIVE,Lose
"TPAA,93,判,1443,20041118,1",ADMINISTRATIVE,Lose
"IPCA,111,行專訴,25,20221215,3",ADMINISTRATIVE,Lose
"TPAA,110,上,138,20230317,1",ADMINISTRATIVE,Lose
"IPCA,101,行商訴,109,20130227,3",ADMINISTRATIVE,Lose
"IPCA,97,行商訴,41,20081204,2",ADMINISTRATIVE,Lose
"TPBA,94,訴,2864,20060830,2",ADMINISTRATIVE,Lose
"TPAA,90,判,1902,20011019,1",ADMINISTRATIVE,Lose
"TPAA,96,判,1418,20070809,1",ADMINISTRATIVE,Lose
"TPBA,96,訴,3066,20080312,2",ADMINISTRATIVE,Lose
"IPCA,109,行專訴,54,20210908,4",ADMINISTRATIVE,Lose
"IPCA,99,行專訴,102,20101209,3",ADMINISTRATIVE,Lose
"TPBA,93,訴,3095,20051026,2",ADMINISTRATIVE,Lose
"TPBA,89,訴,3990,20010905,2",ADMINISTRATIVE,Lose
"TPBA,90,訴,1204,20020207,2",ADMINISTRATIVE,Lose
"TPBA,91,訴,5388,20040225,2",ADMINISTRATIVE,Lose
"TPBA,96,訴,3466,20080501,1",ADMINISTRATIVE,Lose
"TPAA,91,判,250,20020207,1",ADMINISTRATIVE,Lose
"TPBA,89,訴,716,20010607,2",ADMINISTRATIVE,Lose
"TPBA,95,訴,2363,20070621,2",ADMINISTRATIVE,Win
"TPBA,97,訴,1605,20081211,2",ADMINISTRATIVE,Lose
"TPAA,103,判,99,20140227,1",ADMINISTRATIVE,Lose
"IPCA,98,行商訴,149,20091015,1",ADMINISTRATIVE,Lose
"TPBA,93,訴,2391,20050902,1",ADMINISTRATIVE,Lose
"TPBA,97,訴,1579,20081211,2",ADMINISTRATIVE,Lose
"TPBA,93,訴,3626,20051012,1",ADMINISTRATIVE,Lose
"TPBA,89,訴,4062,20011101,2",ADMINISTRATIVE,Lose
"TPAA,110,上,585,20221130,1",ADMINISTRATIVE,Lose
"TPBA,95,訴,864,20070308,2",ADMINISTRATIVE,Lose
"TPAA,93,判,1074,20040820,1",ADMINISTRATIVE,Lose
"IPCA,101,行商訴,74,20121122,2",ADMINISTRATIVE,Lose
"TPBA,93,訴,2221,20050817,2",ADMINISTRATIVE,Lose
"IPCA,113,行商訴,13,20241101,2",ADMINISTRATIVE,Lose
"TPAA,89,判,898,20000330",ADMINISTRATIVE,Lose
"IPCA,107,行商訴,4,20180531,2",ADMINISTRATIVE,Lose
"TPBA,93,訴,885,20050526,2",ADMINISTRATIVE,Win
"TPBA,93,訴,3461,20050922,2",ADMINISTRATIVE,Lose
"TPBA,89,訴,2342,20010809,2",ADMINISTRATIVE,Lose
"TPBA,90,訴,5589,20020731,2",ADMINISTRATIVE,Lose
"TPBA,93,訴,4261,20060105,2",ADMINISTRATIVE,Lose
"TPBA,92,訴,628,20040827,1",ADMINISTRATIVE,Mixed
"TPBA,92,訴,3722,20041013,2",ADMINISTRATIVE,Lose
"IPCA,102,行商訴,117,20140327,2",ADMINISTRATIVE,Lose
"IPCA,101,行商訴,139,20130124,1",ADMINISTRATIVE,Lose
"IPCA,110,行商訴,19,20211215,2",ADMINISTRATIVE,Lose
"TPAA,90,判,1905,20011019,1",ADMINISTRATIVE,Lose
"TPAA,97,判,670,20080703,1",ADMINISTRATIVE,Lose
"TPBA,92,訴,4315,20041222,2",ADMINISTRATIVE,Lose
"TPBA,96,訴,2247,20080424,2",ADMINISTRATIVE,Lose
"TPBA,90,訴,1959,20020815,2",ADMINISTRATIVE,Mixed
"TPBA,92,訴,4099,20041117,2",ADMINISTRATIVE,Lose
"TPBA,92,訴,3561,20040929,2",ADMINISTRATIVE,Lose
"TPAA,99,判,1181,20101104,1",ADMINISTRATIVE,Lose
"TPAA,92,判,179,20030220,1",ADMINISTRATIVE,Lose
"TPAA,93,判,1075,20040826,1",ADMINISTRATIVE,Lose
"TPAA,100,判,1582,20110908,1",ADMINISTRATIVE,Lose
"TPBA,93,訴,2093,20050729,2",ADMINISTRATIVE,Lose
"TPBA,91,訴,2204,20030709,2",ADMINISTRATIVE,Lose
"IPCA,101,行商訴,55,20121129,2",ADMINISTRATIVE,Lose
"TPAA,89,判,1690,20000526",ADMINISTRATIVE,Lose
"IPCA,103,行商訴,45,20140613,1",ADMINISTRATIVE,Lose
"TPBA,95,訴,4091,20070823,2",ADMINISTRATIVE,Lose
"TPBA,91,訴,1254,20030521,1",ADMINISTRATIVE,Lose
"IPCA,97,行專訴,76,20090423,3",ADMINISTRATIVE,Lose
"TPBA,94,訴,3492,20061109,2",ADMINISTRATIVE,Lose
"TPBA,93,訴,2147,20050720,1",ADMINISTRATIVE,Lose
"TPAA,90,判,1580,20010905,1",ADMINISTRATIVE,Lose
"TPBA,95,訴,669,20061207,2",ADMINISTRATIVE,Lose
"TPAA,97,判,225,20080403,1",ADMINISTRATIVE,Lose
"TPAA,95,判,460,20060407,1",ADMINISTRATIVE,Lose
"TPAA,93,判,1073,20040820,1",ADMINISTRATIVE,Lose
"TPBA,93,訴,2431,20050909,2",ADMINISTRATIVE,Lose
"TPBA,91,訴,4407,20031231,2",ADMINISTRATIVE,Lose
"IPCA,107,行商訴,55,20181025,2",ADMINISTRATIVE,Win
"IPCA,99,行專訴,105,20101209,3",ADMINISTRATIVE,Lose
"TPBA,91,訴,4304,20031210,2",ADMINISTRATIVE,Lose
"TPBA,90,訴,6949,20030227,2",ADMINISTRATIVE,Lose
"TPAA,111,上,700,20230621,2",ADMINISTRATIVE,Win
"TPBA,94,訴,1170,20060428,2",ADMINISTRATIVE,Lose
"IPCA,108,行商訴,52,20191127,1",ADMINISTRATIVE,Lose
"IPCA,105,行商訴,87,20170224,2",ADMINISTRATIVE,Lose
"TPBA,89,訴,1287,20010406,1",ADMINISTRATIVE,Lose
"TPBA,92,訴,1641,20041118,2",ADMINISTRATIVE,Lose
"TPAA,90,判,1261,20010720,1",ADMINISTRATIVE,Lose
"IPCA,107,行商訴,43,20180920,2",ADMINISTRATIVE,Lose
"IPCA,107,行商訴,48,20181128,2",ADMINISTRATIVE,Lose
"IPCA,106,行專訴,74,20180615,3",ADMINISTRATIVE,Mixed
"TPBA,95,訴,1230,20061228,2",ADMINISTRATIVE,Lose
"IPCA,106,行商訴,145,20180911,2",ADMINISTRATIVE,Lose
"TPAA,90,判,1851,20011012,1",ADMINISTRATIVE,Lose
"IPCA,101,行著訴,4,20121122,1",ADMINISTRATIVE,Lose
"TPBA,94,訴,2774,20060720,2",ADMINISTRATIVE,Lose
"TPBA,91,訴,1019,20030430,1",ADMINISTRATIVE,Lose
"TPAA,93,判,822,20040630,1",ADMINISTRATIVE,Lose
"TPAA,98,判,219,20090305,1",ADMINISTRATIVE,Lose
"TPAA,91,判,95,20020117,1",ADMINISTRATIVE,Lose
"TPAA,89,判,1676,20000525",ADMINISTRATIVE,Lose
"IPCA,103,行商訴,50,20141009,2",ADMINISTRATIVE,Lose
"TPBA,93,訴,1488,20050706,2",ADMINISTRATIVE,Lose
"TPAA,106,判,570,20171026,1",ADMINISTRATIVE,Lose
"TPBA,90,訴,5084,20020619,1",ADMINISTRATIVE,Lose
"TPBA,89,訴,4020,20011130,2",ADMINISTRATIVE,Lose
"IPCA,104,行著更(一),6,20160811,1",ADMINISTRATIVE,Lose
"TPBA,94,訴,327,20060105,2",ADMINISTRATIVE,Win
"IPCA,109,行商訴,33,20210930,2",ADMINISTRATIVE,Lose
"IPCA,103,行商訴,116,20150130,2",ADMINISTRATIVE,Mixed
"IPCA,98,行商訴,3,20090604,2",ADMINISTRATIVE,Lose
"TPBA,90,訴,5002,20020703,2",ADMINISTRATIVE,Lose
"TPAA,92,判,889,20030704,1",ADMINISTRATIVE,Lose
"IPCA,101,行專訴,45,20121213,3",ADMINISTRATIVE,Win
"TPBA,94,訴,366,20060111,2",ADMINISTRATIVE,Lose
"IPCA,104,行商訴,155,20160527,2",ADMINISTRATIVE,Lose
"TPBA,96,訴,467,20071030,2",ADMINISTRATIVE,Win
"IPCA,106,行專訴,94,20180627,3",ADMINISTRATIVE,Lose
"IPCA,109,行商訴,52,20210929,2",ADMINISTRATIVE,Lose
"TPBA,97,訴,1088,20080904,1",ADMINISTRATIVE,Lose
"TPBA,95,訴,340,20061228,2",ADMINISTRATIVE,Lose
"IPCA,98,行商訴,197,20100422,3",ADMINISTRATIVE,Lose
"TPBA,90,訴,2685,20020424,2",ADMINISTRATIVE,Lose
"TPAA,98,判,900,20090806,1",ADMINISTRATIVE,Lose
"IPCA,105,行商訴,118,20170315,1",ADMINISTRATIVE,Lose
"IPCA,109,行專訴,4,20201119,3",ADMINISTRATIVE,Win
"IPCA,112,行商訴,12,20231019,2",ADMINISTRATIVE,Lose
"TPAA,102,判,546,20130829,1",ADMINISTRATIVE,Lose
"TPBA,91,訴,1129,20030430,2",ADMINISTRATIVE,Lose
"TPAA,88,判,3702,19991021",ADMINISTRATIVE,Win
"TPBA,92,訴,2021,20040930,2",ADMINISTRATIVE,Lose
"TPAA,90,判,846,20010518,1",ADMINISTRATIVE,Lose
"TPBA,94,訴,156,20060123,1",ADMINISTRATIVE,Mixed
"TPBA,96,訴,1661,20080515,2",ADMINISTRATIVE,Lose
"TPBA,93,訴,300,20040930,2",ADMINISTRATIVE,Lose
"TPBA,95,訴,1757,20070412,2",ADMINISTRATIVE,Lose
"IPCA,100,行專訴,85,20120202,4",ADMINISTRATIVE,Mixed
"TPAA,90,判,1604,20010907,1",ADMINISTRATIVE,Lose
"TPBA,92,訴,525,20040331,2",ADMINISTRATIVE,Mixed
"IPCA,102,行商訴,69,20131114,3",ADMINISTRATIVE,Mixed
"IPCA,101,行商訴,95,20121108,2",ADMINISTRATIVE,Lose
"TPBA,91,訴,3687,20031029,1",ADMINISTRATIVE,Lose
"TPAA,88,判,1816,19990506",ADMINISTRATIVE,Lose
"IPCA,106,行商訴,6,20171020,2",ADMINISTRATIVE,Lose
"TPBA,95,訴,860,20070315,2",ADMINISTRATIVE,Mixed
"TPBA,93,訴,1916,20050803,2",ADMINISTRATIVE,Lose
"TPBA,94,訴,3536,20060824,1",ADMINISTRATIVE,Lose
"IPCA,106,行專訴,65,20180525,1",ADMINISTRATIVE,Lose
"TPAA,90,判,885,20010524,1",ADMINISTRATIVE,Lose
"IPCA,101,行專訴,81,20130131,4",ADMINISTRATIVE,Lose
"TPAA,89,判,2786,20000921,1",ADMINISTRATIVE,Lose
"TPBA,93,訴,4031,20051130,2",ADMINISTRATIVE,Lose
"TPAA,92,判,431,20030424,1",ADMINISTRATIVE,Lose
"TPBA,96,訴,847,20071213,2",ADMINISTRATIVE,Lose
"TPBA,96,訴,1315,20071129,1",ADMINISTRATIVE,Lose
"TPBA,89,訴,53,20010215,2",ADMINISTRATIVE,Win
"IPCA,104,行專訴,34,20150820,3",ADMINISTRATIVE,Lose
"TPAA,92,判,1662,20031204,1",ADMINISTRATIVE,Lose
"IPCA,111,行商訴,57,20230331,2",ADMINISTRATIVE,Lose
"TPAA,95,判,1086,20060714,1",ADMINISTRATIVE,Lose
"IPCA,102,行商訴,46,20130912,2",ADMINISTRATIVE,Win
"IPCA,107,行商訴,100,20190524,2",ADMINISTRATIVE,Lose
"IPCA,98,行商訴,152,20091126,1",ADMINISTRATIVE,Lose
"TPAA,89,判,1661,20000525",ADMINISTRATIVE,Win
"TPAA,90,判,1008,20010607,1",ADMINISTRATIVE,Lose
"TPAA,92,判,873,20030703,1",ADMINISTRATIVE,Win
"TPBA,89,訴,134,20010427,1",ADMINISTRATIVE,Lose
"IPCA,97,行專訴,89,20090507,2",ADMINISTRATIVE,Lose
"TPAA,102,判,355,20130607,1",ADMINISTRATIVE,Lose
"TPBA,94,訴,3940,20061221,2",ADMINISTRATIVE,Lose
"TPAA,104,判,328,20150618,1",ADMINISTRATIVE,Lose
"IPCA,98,行商訴,206,20100128,3",ADMINISTRATIVE,Lose
"TPAA,109,判,659,20201223,1",ADMINISTRATIVE,Lose
"IPCA,99,行專訴,30,20100819,3",ADMINISTRATIVE,Lose
"TPBA,95,訴,3771,20070920,2",ADMINISTRATIVE,Lose
"TPBA,89,訴,3152,20011123,2",ADMINISTRATIVE,Lose
"TPAA,96,判,1024,20070614,1",ADMINISTRATIVE,Lose
"IPCA,98,行專訴,85,20091210,3",ADMINISTRATIVE,Lose
"TPBA,90,訴,4501,20020926,2",ADMINISTRATIVE,Lose
"TPBA,97,訴,885,20080910,2",ADMINISTRATIVE,Lose
"TPBA,94,訴,4091,20061109,2",ADMINISTRATIVE,Lose
"IPCA,109,行商訴,96,20210114,2",ADMINISTRATIVE,Lose
"TPBA,89,訴,1795,20010531,1",ADMINISTRATIVE,Lose
"TPBA,95,訴,166,20070208,2",ADMINISTRATIVE,Lose
"TPBA,89,訴,2196,20011221,2",ADMINISTRATIVE,Lose
"TPBA,90,訴,6231,20021226,2",ADMINISTRATIVE,Lose
"TPBA,95,訴,2986,20070621,2",ADMINISTRATIVE,Lose
"TPBA,90,訴,6173,20020828,1",ADMINISTRATIVE,Lose
"IPCA,101,行商訴,10,20120531,2",ADMINISTRATIVE,Lose
"IPCA,111,行專訴,26,20230112,3",ADMINISTRATIVE,Lose
"IPCA,100,行專訴,68,20111117,3",ADMINISTRATIVE,Mixed
"TPAA,88,判,3849,19991111",ADMINISTRATIVE,Lose
"TPBA,89,訴,2495,20011109,2",ADMINISTRATIVE,Lose
"TPBA,90,訴,6750,20021114,2",ADMINISTRATIVE,Lose
"TPBA,94,訴,2543,20060928,2",ADMINISTRATIVE,Lose
"TPBA,95,訴,251,20070130,2",ADMINISTRATIVE,Lose
"TPAA,89,判,813,20000323",ADMINISTRATIVE,Lose
"TPBA,89,訴,1514,20020410,2",ADMINISTRATIVE,Win
"TPBA,89,訴,1329,20010406,1",ADMINISTRATIVE,Lose
"IPCA,99,行商訴,10,20100630,3",ADMINISTRATIVE,Lose
"TPBA,96,訴,3438,20080529,1",ADMINISTRATIVE,Lose
"TPAA,91,判,358,20020307,1",ADMINISTRATIVE,Lose
"IPCA,105,行專訴,80,20170427,3",ADMINISTRATIVE,Lose
"TPBA,89,訴,2371,20011130,2",ADMINISTRATIVE,Lose
"IPCA,98,行專訴,124,20100429,3",ADMINISTRATIVE,Mixed
"TPBA,90,訴,44,20011031,1",ADMINISTRATIVE,Lose
"IPCA,104,行專訴,53,20151211,3",ADMINISTRATIVE,Lose
"IPCA,102,行專訴,121,20140528,2",ADMINISTRATIVE,Lose
"TPBA,93,訴,2187,20050811,2",ADMINISTRATIVE,Lose
"IPCA,102,行專訴,53,20140129,3",ADMINISTRATIVE,Lose
"IPCA,102,行專訴,73,20131128,2",ADMINISTRATIVE,Lose
"TPBA,93,訴,3793,20051110,3",ADMINISTRATIVE,Lose
"IPCA,101,行專訴,50,20121025,3",ADMINISTRATIVE,Lose
"TPAA,99,判,652,20100624,1",ADMINISTRATIVE,Lose
"TPBA,92,訴,2955,20050304,2",ADMINISTRATIVE,Lose
"TPBA,92,訴,3355,20040922,1",ADMINISTRATIVE,Lose
"IPCA,105,行商訴,121,20171030,2",ADMINISTRATIVE,Lose
"TPBA,91,訴,1485,20030514,1",ADMINISTRATIVE,Lose
"TPBA,96,訴,1785,20080110,1",ADMINISTRATIVE,Lose
"TPAA,92,判,52,20030116,1",ADMINISTRATIVE,Lose
"IPCA,99,行專訴,118,20101230,2",ADMINISTRATIVE,Mixed
"IPCA,108,行商訴,127,20200312,3",ADMINISTRATIVE,Lose
"TPBA,94,訴,2420,20060530,2",ADMINISTRATIVE,Lose
"TPAA,89,判,869,20000324",ADMINISTRATIVE,Win
"TPBA,95,訴,2939,20070705,2",ADMINISTRATIVE,Lose
"TPBA,92,訴,4372,20050113,2",ADMINISTRATIVE,Lose
"TPBA,95,訴,3750,20070801,2",ADMINISTRATIVE,Lose
"TPBA,90,訴,148,20011129,1",ADMINISTRATIVE,Lose
"TPAA,90,判,2468,20011221,1",ADMINISTRATIVE,Win
"TPAA,95,判,841,20060608,1",ADMINISTRATIVE,Lose
"TPAA,98,判,617,20090604,1",ADMINISTRATIVE,Lose
"IPCA,101,行專訴,119,20130523,3",ADMINISTRATIVE,Lose
"IPCA,97,行商訴,63,20090122,2",ADMINISTRATIVE,Lose
"TPBA,92,訴,718,20040618,2",ADMINISTRATIVE,Win
"TPBA,89,訴,2368,20011018,2",ADMINISTRATIVE,Lose
"TPBA,92,訴,1315,20040526,2",ADMINISTRATIVE,Lose
"TPBA,94,訴,3763,20060831,1",ADMINISTRATIVE,Lose
"IPCA,107,行商訴,6,20181011,2",ADMINISTRATIVE,Lose
"TPBA,89,訴,2030,20011116,2",ADMINISTRATIVE,Lose
"TPBA,97,訴,855,20081120,2",ADMINISTRATIVE,Lose
"TPBA,92,訴,2438,20040804,2",ADMINISTRATIVE,Lose
"TPAA,90,判,1454,20010817,1",ADMINISTRATIVE,Lose
"TPAA,92,判,1481,20031030,1",ADMINISTRATIVE,Lose
"IPCA,113,行專訴,25,20240926,3",ADMINISTRATIVE,Lose
"IPCA,104,行商訴,46,20151008,3",ADMINISTRATIVE,Lose
"TPBA,92,訴,1584,20050318,3",ADMINISTRATIVE,Lose
"TPBA,96,訴,2166,20080305,2",ADMINISTRATIVE,Lose
"IPCA,104,行商訴,129,20160421,2",ADMINISTRATIVE,Lose
"TPBA,90,訴,6343,20030116,2",ADMINISTRATIVE,Mixed
"IPCA,100,行專訴,113,20120426,3",ADMINISTRATIVE,Lose
"IPCA,105,行商訴,67,20170322,3",ADMINISTRATIVE,Lose
"TPAA,89,判,83,20000113",ADMINISTRATIVE,Lose
"IPCA,99,行商訴,52,20100701,2",ADMINISTRATIVE,Lose
"TPAA,91,判,553,20020418,1",ADMINISTRATIVE,Lose
"IPCA,98,行專訴,118,20100225,3",ADMINISTRATIVE,Win
"TPBA,95,訴,3222,20070704,2",ADMINISTRATIVE,Lose
"TPBA,95,訴,1646,20070208,2",ADMINISTRATIVE,Lose
"TPAA,95,判,1992,20061130,1",ADMINISTRATIVE,Lose
"TPBA,95,訴,272,20061207,1",ADMINISTRATIVE,Lose
"TPBA,94,訴,440,20060123,1",ADMINISTRATIVE,Lose
"IPCA,107,行專訴,22,20180830,3",ADMINISTRATIVE,Win
"TPBA,90,訴,6305,20021218,2",ADMINISTRATIVE,Lose
"IPCA,103,行商訴,100,20141127,2",ADMINISTRATIVE,Lose
"TPBA,89,訴,1541,20011031,2",ADMINISTRATIVE,Lose
"IPCA,101,行商訴,101,20121206,3",ADMINISTRATIVE,Lose
"TPBA,93,訴,1969,20050818,2",ADMINISTRATIVE,Win
"TPBA,93,訴,3963,20051215,1",ADMINISTRATIVE,Lose
"TPBA,90,訴,256,20011115,1",ADMINISTRATIVE,Lose
"TPAA,89,判,3216,20001116,1",ADMINISTRATIVE,Lose
"TPAA,91,判,1505,20020822,1",ADMINISTRATIVE,Lose
"TPBA,96,訴,117,20071011,2",ADMINISTRATIVE,Win
"TPAA,94,判,417,20050324,1",ADMINISTRATIVE,Lose
"TPBA,93,訴,3925,20051208,3",ADMINISTRATIVE,Lose
"TPBA,95,訴,248,20061221,1",ADMINISTRATIVE,Lose
"TPBA,89,訴,2270,20010615,1",ADMINISTRATIVE,Lose
"IPCA,110,行商訴,7,20211027,2",ADMINISTRATIVE,Lose
"IPCA,109,行商訴,44,20201119,2",ADMINISTRATIVE,Lose
"TPBA,89,訴,2019,20010830,2",ADMINISTRATIVE,Lose
"TPBA,93,訴,3915,20051102,2",ADMINISTRATIVE,Lose
"TPAA,93,判,913,20040715,1",ADMINISTRATIVE,Lose
"IPCA,103,行商訴,93,20141127,2",ADMINISTRATIVE,Lose
"IPCA,98,行商訴,178,20091224,2",ADMINISTRATIVE,Win
"TPBA,96,訴,1047,20071228,2",ADMINISTRATIVE,Lose
"IPCA,108,行商訴,122,20200331,2",ADMINISTRATIVE,Lose
"IPCA,106,行商訴,166,20180718,2",ADMINISTRATIVE,Lose
"IPCA,97,行商訴,12,20081126,2",ADMINISTRATIVE,Lose
"TPBA,92,訴,3683,20050106,2",ADMINISTRATIVE,Lose
"TPBA,91,訴,1523,20030626,2",ADMINISTRATIVE,Win
"TPBA,94,訴更一,45,20051013,1",ADMINISTRATIVE,Lose
"TPBA,92,訴,1802,20041104,2",ADMINISTRATIVE,Lose
"TPBA,89,訴,1080,20010614,3",ADMINISTRATIVE,Win
"TPAA,90,判,2211,20011129,1",ADMINISTRATIVE,Lose
"TPAA,108,上,576,20210909,52",ADMINISTRATIVE,Lose
"TPBA,90,訴,75,20020325,2",ADMINISTRATIVE,Lose
"TPAA,90,判,41,20010104,1",ADMINISTRATIVE,Lose
"TPAA,90,判,527,20010406,1",ADMINISTRATIVE,Lose
"TPAA,90,判,1679,20010921,1",ADMINISTRATIVE,Lose
"IPCA,106,行商訴,134,20180530,2",ADMINISTRATIVE,Lose
"TPBA,91,訴,2266,20030716,1",ADMINISTRATIVE,Lose
"IPCA,108,行專訴,52,20200527,4",ADMINISTRATIVE,Lose
"TPAA,94,判,1292,20050825,1",ADMINISTRATIVE,Lose
"TPBA,89,訴,692,20010214,3",ADMINISTRATIVE,Win
"TPAA,105,判,703,20161229,1",ADMINISTRATIVE,Lose
"TPAA,109,上,113,20210316,1",ADMINISTRATIVE,Lose
"TPAA,94,判,1516,20050929,1",ADMINISTRATIVE,Lose
"TPAA,98,判,703,20090625,1",ADMINISTRATIVE,Lose
"IPCA,100,行專訴,53,20111103,3",ADMINISTRATIVE,Lose
"IPCA,101,行商訴,183,20130620,3",ADMINISTRATIVE,Lose
"TPBA,93,訴,1073,20050623,2",ADMINISTRATIVE,Lose
"IPCA,105,行專訴,84,20170330,3",ADMINISTRATIVE,Lose
"IPCA,98,行商訴,159,20091217,2",ADMINISTRATIVE,Lose
"TPBA,96,訴,2052,20080229,2",ADMINISTRATIVE,Lose
"TPBA,94,訴,3327,20060927,2",ADMINISTRATIVE,Lose
"TPBA,93,訴,3415,20051117,2",ADMINISTRATIVE,Lose
"TPBA,91,訴,3381,20040519,2",ADMINISTRATIVE,Lose
"IPCA,102,行專訴,4,20130516,3",ADMINISTRATIVE,Lose
"TPBA,94,訴,1590,20060406,2",ADMINISTRATIVE,Lose
"TPAA,94,判,1194,20050811,1",ADMINISTRATIVE,Lose
"TPBA,89,訴,2202,20010530,1",ADMINISTRATIVE,Win
"TPBA,93,訴,3621,20051117,2",ADMINISTRATIVE,Lose
"TPBA,89,訴,544,20010111,1",ADMINISTRATIVE,Lose
"IPCA,98,行商訴,212,20100318,2",ADMINISTRATIVE,Lose
"IPCA,97,行商訴,110,20090319,2",ADMINISTRATIVE,Lose
"TPAA,90,判,2565,20011228,1",ADMINISTRATIVE,Lose
"IPCA,108,行商訴,110,20200819,2",ADMINISTRATIVE,Lose
"IPCA,103,行商訴,102,20150326,2",ADMINISTRATIVE,Lose
"TPBA,94,訴,1003,20060504,2",ADMINISTRATIVE,Lose
"IPCA,98,行商訴,191,20100304,3",ADMINISTRATIVE,Lose
"TPBA,95,訴,1503,20070215,2",ADMINISTRATIVE,Lose
"TPBA,92,訴,873,20040617,2",ADMINISTRATIVE,Lose
"TPAA,112,上,161,20240423,1",ADMINISTRATIVE,Lose
"IPCA,107,行專訴,63,20190612,4",ADMINISTRATIVE,Win
"IPCA,98,行商訴,17,20090527,2",ADMINISTRATIVE,Lose
"TPBA,95,訴,4354,20070927,2",ADMINISTRATIVE,Win
"IPCA,99,行商訴,106,20101014,1",ADMINISTRATIVE,Lose
"TPAA,94,判,1566,20051013,1",ADMINISTRATIVE,Lose
"TPBA,90,訴,4169,20020521,2",ADMINISTRATIVE,Lose
"TPBA,90,訴,502,20020424,1",ADMINISTRATIVE,Lose
"IPCA,108,行商更(一),5,20191031,1",ADMINISTRATIVE,Mixed
"IPCA,99,行商訴,143,20101125,1",ADMINISTRATIVE,Lose
"IPCA,99,行商訴,109,20100930,2",ADMINISTRATIVE,Lose
"TPAA,90,判,1093,20010615,1",ADMINISTRATIVE,Lose
"TPAA,89,判,2116,20000622",ADMINISTRATIVE,Lose
"IPCA,100,行商訴,24,20110804,2",ADMINISTRATIVE,Lose
"TPBA,93,訴,1260,20050608,2",ADMINISTRATIVE,Lose
"IPCA,108,行專訴,19,20190905,3",ADMINISTRATIVE,Lose
"TPAA,90,判,1408,20010810,1",ADMINISTRATIVE,Lose
"IPCA,109,行商訴,113,20210325,1",ADMINISTRATIVE,Lose
"IPCA,101,行商訴,27,20120629,2",ADMINISTRATIVE,Lose
"TPBA,89,訴,1239,20010502,1",ADMINISTRATIVE,Lose
"TPBA,95,訴,3016,20070613,1",ADMINISTRATIVE,Lose
"TPBA,91,訴,2708,20030722,2",ADMINISTRATIVE,Lose
"IPCA,111,行商訴,32,20221123,2",ADMINISTRATIVE,Win
"IPCA,99,行專訴,28,20100630,2",ADMINISTRATIVE,Win
"TPBA,92,訴,641,20040421,2",ADMINISTRATIVE,Lose
"IPCA,112,行商訴,9,20230713,2",ADMINISTRATIVE,Mixed
"TPAA,90,判,2558,20011228,1",ADMINISTRATIVE,Lose
"TPAA,91,判,614,20020426,1",ADMINISTRATIVE,Lose
"TPAA,88,判,3256,19990819",ADMINISTRATIVE,Lose
"TPBA,91,訴,5395,20040324,2",ADMINISTRATIVE,Lose
"IPCA,99,行專訴,134,20110519,3",ADMINISTRATIVE,Lose
"TPAA,90,判,1308,20010727,1",ADMINISTRATIVE,Lose
"IPCA,113,行商訴,5,20240912,2",ADMINISTRATIVE,Lose
"IPCA,107,行商訴,110,20190717,2",ADMINISTRATIVE,Lose
"IPCA,113,行專訴,22,20241226,4",ADMINISTRATIVE,Lose
"TPBA,92,訴,4512,20041118,1",ADMINISTRATIVE,Lose
"TPBA,96,訴,994,20071227,2",ADMINISTRATIVE,Win
"TPBA,91,訴,5162,20040218,2",ADMINISTRATIVE,Lose
"IPCA,104,行著更(一),3,20160811,2",ADMINISTRATIVE,Lose
"IPCA,103,行專訴,18,20140807,2",ADMINISTRATIVE,Win
"IPCA,108,行商訴,44,20191205,2",ADMINISTRATIVE,Lose
"TPAA,96,判,1745,20070928,1",ADMINISTRATIVE,Lose
"IPCA,110,行商訴,66,20220330,1",ADMINISTRATIVE,Lose
"TPBA,92,訴,2608,20050128,1",ADMINISTRATIVE,Lose
"TPBA,96,訴,196,20071024,2",ADMINISTRATIVE,Lose
"TPAA,88,判,4229,19991223",ADMINISTRATIVE,Lose
"TPBA,90,訴,5888,20020925,2",ADMINISTRATIVE,Lose
"TPBA,94,訴,1949,20060621,2",ADMINISTRATIVE,Lose
"TPBA,95,訴,15,20061130,2",ADMINISTRATIVE,Lose
"TPBA,96,訴,252,20071024,2",ADMINISTRATIVE,Lose
"TPAA,91,判,536,20020412,1",ADMINISTRATIVE,Lose
"IPCA,105,行專訴,72,20170621,3",ADMINISTRATIVE,Lose
"TPAA,89,判,1224,20000504",ADMINISTRATIVE,Lose
"TPBA,96,訴,1463,20071226,2",ADMINISTRATIVE,Lose
"IPCA,102,行商訴,68,20131128,2",ADMINISTRATIVE,Lose
"TPAA,88,判,3289,19990820",ADMINISTRATIVE,Lose
"TPAA,87,判,1655,19980820,1",ADMINISTRATIVE,Lose
"TPBA,90,訴,5443,20020828,2",ADMINISTRATIVE,Lose
"IPCA,111,行商訴,71,20230309,1",ADMINISTRATIVE,Lose
"IPCA,99,行專訴,1,20100603,2",ADMINISTRATIVE,Lose
"TPBA,95,訴,2823,20070523,2",ADMINISTRATIVE,Lose
"IPCA,101,行商訴,146,20130131,1",ADMINISTRATIVE,Lose
"TPBA,91,訴,200,20030226,2",ADMINISTRATIVE,Lose
"IPCA,98,行專訴,21,20090618,2",ADMINISTRATIVE,Lose
"TPBA,96,訴,2492,20080227,1",ADMINISTRATIVE,Lose
"TPBA,94,訴,2106,20060726,2",ADMINISTRATIVE,Lose
"IPCA,112,行專訴,9,20230907,3",ADMINISTRATIVE,Win
"TPAA,98,判,1461,20091130,1",ADMINISTRATIVE,Lose
"TPBA,93,訴,1223,20050617,2",ADMINISTRATIVE,Win
"TPAA,96,判,1690,20070920,1",ADMINISTRATIVE,Lose
"IPCA,102,行商訴,24,20130627,2",ADMINISTRATIVE,Lose
"TPAA,100,判,2247,20111222,1",ADMINISTRATIVE,Lose
"IPCA,105,行專訴,65,20170426,3",ADMINISTRATIVE,Win
"IPCA,98,行商訴,98,20090917,1",ADMINISTRATIVE,Lose
"TPBA,91,訴,1685,20030722,2",ADMINISTRATIVE,Win
"IPCA,102,行專訴,16,20130529,4",ADMINISTRATIVE,Lose
"IPCA,102,行商訴,131,20140402,2",ADMINISTRATIVE,Lose
"TPBA,92,訴,665,20040421,2",ADMINISTRATIVE,Lose
"IPCA,104,行商訴,144,20160831,3",ADMINISTRATIVE,Lose
"TPAA,108,判,566,20191212,1",ADMINISTRATIVE,Win
"TPBA,95,訴,3106,20070628,2",ADMINISTRATIVE,Lose
"TPBA,96,訴,1221,20080327,2",ADMINISTRATIVE,Lose
"TPAA,88,判,750,19990331",ADMINISTRATIVE,Lose
"IPCA,104,行商訴,20,20151127,2",ADMINISTRATIVE,Lose
"IPCA,97,行商訴,131,20090430,2",ADMINISTRATIVE,Lose
"TPBA,92,訴,3764,20050316,1",ADMINISTRATIVE,Lose
"IPCA,105,行商訴,100,20170330,2",ADMINISTRATIVE,Lose
"IPCA,100,行專訴,23,20110811,3",ADMINISTRATIVE,Lose
"TPBA,93,訴,1198,20050728,2",ADMINISTRATIVE,Lose
"TPAA,94,判,1748,20051110,1",ADMINISTRATIVE,Lose
"TPAA,89,判,376,20000217",ADMINISTRATIVE,Lose
"TPAA,90,判,753,20010504,1",ADMINISTRATIVE,Lose
"TPBA,91,訴,470,20030327,2",ADMINISTRATIVE,Lose
"TPBA,93,訴,3736,20060112,2",ADMINISTRATIVE,Lose
"TPAA,111,上,62,20230615,1",ADMINISTRATIVE,Lose
"IPCA,105,行專訴,5,20160630,2",ADMINISTRATIVE,Mixed
"TPAA,90,判,1369,20010803,1",ADMINISTRATIVE,Lose
"TPBA,89,訴,2367,20011221,2",ADMINISTRATIVE,Lose
"TPBA,97,訴,1568,20081112,2",ADMINISTRATIVE,Lose
"TPBA,93,訴,3954,20051020,2",ADMINISTRATIVE,Lose
"IPCA,102,行專訴,28,20130530,3",ADMINISTRATIVE,Lose
"IPCA,98,行商訴,64,20090827,3",ADMINISTRATIVE,Lose
"TPBA,91,訴,3154,20031225,2",ADMINISTRATIVE,Lose
"TPAA,90,判,1626,20010913,1",ADMINISTRATIVE,Lose
"IPCA,102,行商更(一),2,20131018,1",ADMINISTRATIVE,Win
"TPBA,91,訴,1339,20030522,2",ADMINISTRATIVE,Win
"IPCA,97,行專訴,49,20090312,4",ADMINISTRATIVE,Win
"IPCA,108,行商訴,59,20200108,2",ADMINISTRATIVE,Win
"TPBA,91,訴,1261,20030625,2",ADMINISTRATIVE,Lose
"TPAA,90,判,1311,20010727,1",ADMINISTRATIVE,Lose
"TPBA,91,訴,2069,20030731,2",ADMINISTRATIVE,Lose
"TPAA,109,判,4,20200109,1",ADMINISTRATIVE,Lose
"TPBA,91,訴,3146,20031127,2",ADMINISTRATIVE,Lose
"TPBA,90,訴,4463,20020521,1",ADMINISTRATIVE,Lose
"IPCA,97,行專訴,62,20090625,2",ADMINISTRATIVE,Win
"IPCA,99,行專訴,83,20101125,3",ADMINISTRATIVE,Lose
"TPBA,95,訴,4467,20071129,1",ADMINISTRATIVE,Lose
"TPAA,94,判,1323,20050831,1",ADMINISTRATIVE,Lose
"TPBA,93,訴,2518,20050812,2",ADMINISTRATIVE,Lose
"IPCA,105,行專訴,51,20170119,4",ADMINISTRATIVE,Lose
"IPCA,103,行專訴,20,20140619,3",ADMINISTRATIVE,Lose
"TPBA,93,訴,412,20050518,2",ADMINISTRATIVE,Lose
"TPBA,93,訴,2224,20050810,2",ADMINISTRATIVE,Lose
"TPAA,95,判,689,20060511,1",ADMINISTRATIVE,Lose
"TPBA,93,訴,1996,20050727,2",ADMINISTRATIVE,Lose
"TPBA,94,訴,487,20060123,3",ADMINISTRATIVE,Lose
"TPAA,88,判,625,19990319",ADMINISTRATIVE,Lose
"TPBA,91,訴,736,20030327,2",ADMINISTRATIVE,Lose
"TPBA,92,訴,2767,20040813,1",ADMINISTRATIVE,Lose
"TPBA,91,訴,340,20030129,2",ADMINISTRATIVE,Lose
"TPAA,92,判,565,20030515,1",ADMINISTRATIVE,Lose
"IPCA,112,行商訴,18,20231229,2",ADMINISTRATIVE,Mixed
"IPCA,99,行專訴,154,20110324,3",ADMINISTRATIVE,Mixed
"IPCA,105,行專訴,96,20170823,3",ADMINISTRATIVE,Lose
"IPCA,102,行專訴,115,20140924,3",ADMINISTRATIVE,Lose
"TPBA,94,訴,2291,20060518,2",ADMINISTRATIVE,Lose
"TPAA,92,判,923,20030717,1",ADMINISTRATIVE,Lose
"TPBA,91,訴,1132,20030501,2",ADMINISTRATIVE,Lose
"IPCA,108,行商訴,65,20191226,3",ADMINISTRATIVE,Lose
"TPBA,93,訴,4021,20051222,1",ADMINISTRATIVE,Lose
"IPCA,104,行商訴,81,20170111,3",ADMINISTRATIVE,Lose
"IPCA,98,行商訴,111,20091022,2",ADMINISTRATIVE,Lose
"IPCA,102,行商訴,25,20130912,2",ADMINISTRATIVE,Lose
"IPCA,102,行專訴,1,20130425,3",ADMINISTRATIVE,Lose
"IPCA,108,行專更(一),4,20191226,2",ADMINISTRATIVE,Win
"TPBA,95,訴,1084,20070125,2",ADMINISTRATIVE,Lose
"IPCA,103,行商訴,43,20140626,2",ADMINISTRATIVE,Lose
"IPCA,110,行商更(一),4,20220224,1",ADMINISTRATIVE,Lose
"TPBA,96,訴,1309,20071129,2",ADMINISTRATIVE,Lose
"TPBA,94,訴,3771,20061130,2",ADMINISTRATIVE,Lose
"TPBA,91,訴,4787,20040318,2",ADMINISTRATIVE,Lose
"TPAA,103,判,118,20140306,1",ADMINISTRATIVE,Lose
"TPBA,96,訴,3344,20080312,2",ADMINISTRATIVE,Lose
"IPCA,107,行商訴,23,20180823,2",ADMINISTRATIVE,Lose
"IPCA,104,行商訴,130,20160421,2",ADMINISTRATIVE,Win
"TPBA,97,訴,394,20080827,2",ADMINISTRATIVE,Lose
"TPAA,99,判,61,20100128,1",ADMINISTRATIVE,Lose
"TPAA,95,判,303,20060309,1",ADMINISTRATIVE,Lose
"TPBA,95,訴,1178,20070201,2",ADMINISTRATIVE,Lose
"TPBA,93,訴,844,20050525,2",ADMINISTRATIVE,Lose
"TPAA,90,判,2538,20011227,1",ADMINISTRATIVE,Lose
"TPBA,90,訴,4614,20020501,2",ADMINISTRATIVE,Lose
"TPBA,91,訴,2085,20031126,2",ADMINISTRATIVE,Win
"TPBA,90,訴,5157,20020919,2",ADMINISTRATIVE,Lose
"IPCA,105,行專訴,90,20170608,2",ADMINISTRATIVE,Lose
"TPBA,97,訴,1226,20080917,2",ADMINISTRATIVE,Lose
"TPBA,96,訴,2451,20080305,1",ADMINISTRATIVE,Lose
"IPCA,98,行商訴,87,20090827,1",ADMINISTRATIVE,Lose
"TPBA,94,訴,3457,20061109,2",ADMINISTRATIVE,Lose
"IPCA,97,行專訴,46,20081225,3",ADMINISTRATIVE,Win
"TPBA,94,訴,2843,20060907,2",ADMINISTRATIVE,Lose
"IPCA,98,行商訴,121,20091210,2",ADMINISTRATIVE,Lose
"TPBA,96,訴,2163,20080221,1",ADMINISTRATIVE,Mixed
"TPBA,90,訴,1994,20020529,2",ADMINISTRATIVE,Lose
"IPCA,103,行專訴,95,20150402,3",ADMINISTRATIVE,Lose
"TPAA,93,判,887,20040709,1",ADMINISTRATIVE,Lose
"TPAA,88,判,740,19990326",ADMINISTRATIVE,Lose
"TPAA,90,判,2471,20011221,1",ADMINISTRATIVE,Lose
"TPBA,89,訴,2720,20020325,1",ADMINISTRATIVE,Lose
"IPCA,103,行商訴,40,20140625,2",ADMINISTRATIVE,Lose
"TPBA,89,訴,832,20010517,2",ADMINISTRATIVE,Lose
"IPCA,111,行商訴,18,20220930,2",ADMINISTRATIVE,Lose
"TPBA,89,訴,438,20010524,1",ADMINISTRATIVE,Lose
"TPAA,94,判,1618,20051020,1",ADMINISTRATIVE,Lose
"TPBA,92,訴,2151,20041215,2",ADMINISTRATIVE,Lose
"IPCA,99,行商訴,225,20110421,3",ADMINISTRATIVE,Lose
"TPBA,92,訴,2252,20040806,2",ADMINISTRATIVE,Lose
"TPBA,89,訴,1092,20010511,1",ADMINISTRATIVE,Lose
"TPBA,89,訴,1163,20010419,1",ADMINISTRATIVE,Lose
"TPBA,90,訴,6920,20021211,2",ADMINISTRATIVE,Lose
"TPBA,90,訴,514,20020815,4",ADMINISTRATIVE,Lose
"TPAA,88,判,3062,19990702",ADMINISTRATIVE,Lose
"TPAA,90,判,469,20010322,1",ADMINISTRATIVE,Win
"IPCA,102,行商訴,64,20130918,2",ADMINISTRATIVE,Lose
"TPBA,92,訴,4061,20041117,2",ADMINISTRATIVE,Win
"IPCA,100,行專訴,54,20111013,3",ADMINISTRATIVE,Lose
"IPCA,100,行專訴,29,20111027,3",ADMINISTRATIVE,Lose
"TPBA,92,訴,3601,20050106,2",ADMINISTRATIVE,Lose
"TPAA,97,判,410,20080509,1",ADMINISTRATIVE,Lose
"TPAA,88,判,4257,19991224",ADMINISTRATIVE,Lose
"TPBA,92,訴,802,20040519,2",ADMINISTRATIVE,Lose
"TPAA,110,上,135,20220830,2",ADMINISTRATIVE,Lose
"TPBA,91,訴,160,20021106,1",ADMINISTRATIVE,Lose
"TPBA,93,訴,3624,20051124,2",ADMINISTRATIVE,Lose
"TPBA,93,訴,3837,20050914,1",ADMINISTRATIVE,Lose
"TPBA,96,訴,1184,20080424,2",ADMINISTRATIVE,Win
"IPCA,112,行商訴,8,20230810,2",ADMINISTRATIVE,Lose
"IPCA,112,行商訴,32,20231130,2",ADMINISTRATIVE,Win
"TPBA,91,訴,139,20021113,2",ADMINISTRATIVE,Lose
"TPBA,91,訴,3337,20031008,2",ADMINISTRATIVE,Lose
"TPAA,112,上,20,20230731,1",ADMINISTRATIVE,Lose
"TPAA,98,判,520,20090514,1",ADMINISTRATIVE,Lose
"IPCA,101,行商訴,118,20121220,2",ADMINISTRATIVE,Lose
"TPBA,89,訴,190,20001130,1",ADMINISTRATIVE,Lose
"IPCA,109,行商更(一),2,20201008,1",ADMINISTRATIVE,Lose
"TPAA,90,判,2208,20011129,1",ADMINISTRATIVE,Lose
"TPBA,93,訴,2124,20050720,1",ADMINISTRATIVE,Lose
"IPCA,108,行商訴,56,20191031,2",ADMINISTRATIVE,Win
"TPBA,95,訴,20,20061207,2",ADMINISTRATIVE,Lose
"IPCA,101,行專訴,61,20121227,2",ADMINISTRATIVE,Lose
"IPCA,108,行專訴,8,20190718,4",ADMINISTRATIVE,Mixed
"TPBA,92,訴,4899,20050131,2",ADMINISTRATIVE,Lose
"TPBA,91,訴,3245,20031008,2",ADMINISTRATIVE,Lose
"TPAA,89,判,361,20000217",ADMINISTRATIVE,Win
"IPCA,112,行專訴,50,20241226,2",ADMINISTRATIVE,Mixed
"TPAA,89,判,223,20000127",ADMINISTRATIVE,Lose
"IPCA,107,行商訴,95,20190430,2",ADMINISTRATIVE,Lose
"TPAA,90,判,1161,20010628,1",ADMINISTRATIVE,Lose
"TPAA,99,判,1366,20101223,1",ADMINISTRATIVE,Lose
"TPAA,98,判,158,20090219,1",ADMINISTRATIVE,Lose
"TPBA,97,訴,880,20080724,2",ADMINISTRATIVE,Lose
"IPCA,113,行專訴,1,20240627,4",ADMINISTRATIVE,Lose
"IPCA,107,行商訴,27,20180906,2",ADMINISTRATIVE,Lose
"TPAA,90,判,1076,20010614,1",ADMINISTRATIVE,Lose
"TPBA,92,訴,2815,20041216,1",ADMINISTRATIVE,Lose
"TPBA,94,訴,4001,20061207,2",ADMINISTRATIVE,Lose
"IPCA,102,行商訴,26,20130613,1",ADMINISTRATIVE,Mixed
"TPAA,99,判,1094,20101021,1",ADMINISTRATIVE,Lose
"TPAA,99,判,179,20100225,1",ADMINISTRATIVE,Lose
"TPAA,91,判,56,20020111,1",ADMINISTRATIVE,Lose
"IPCA,103,行專訴,78,20150130,3",ADMINISTRATIVE,Lose
"IPCA,111,行商訴,25,20220830,2",ADMINISTRATIVE,Lose
"TPAA,90,判,2503,20011221,1",ADMINISTRATIVE,Lose
"TPAA,94,判,981,20050707,1",ADMINISTRATIVE,Lose
"IPCA,109,行商訴,13,20200806,3",ADMINISTRATIVE,Lose
"TPAA,92,判,1648,20031127,1",ADMINISTRATIVE,Win
"TPBA,92,訴,978,20040903,3",ADMINISTRATIVE,Lose
"TPAA,92,判,181,20030220,1",ADMINISTRATIVE,Lose
"TPAA,108,判,512,20191031,1",ADMINISTRATIVE,Lose
"IPCA,113,行商訴,30,20241113,2",ADMINISTRATIVE,Mixed
"TPAA,89,判,958,20000330",ADMINISTRATIVE,Lose
"TPAA,95,判,107,20060125,1",ADMINISTRATIVE,Lose
"TPAA,91,判,342,20020301,2",ADMINISTRATIVE,Win
"TPBA,90,訴,452,20020430,1",ADMINISTRATIVE,Mixed
"TPAA,95,判,887,20060615,1",ADMINISTRATIVE,Lose
"IPCA,99,行專訴,12,20100610,4",ADMINISTRATIVE,Lose
"IPCA,106,行商訴,118,20171228,2",ADMINISTRATIVE,Win
"TPBA,89,訴,693,20010328,2",ADMINISTRATIVE,Lose
"TPBA,97,訴,730,20080918,2",ADMINISTRATIVE,Lose
"TPBA,96,訴,2167,20080327,3",ADMINISTRATIVE,Win
"TPBA,90,訴,290,20020110,2",ADMINISTRATIVE,Lose
"IPCA,105,行商訴,7,20160707,1",ADMINISTRATIVE,Lose
"TPAA,96,判,1596,20070906,1",ADMINISTRATIVE,Lose
"IPCA,110,行專訴,42,20220330,3",ADMINISTRATIVE,Win
"TPBA,90,訴,2854,20020715,2",ADMINISTRATIVE,Lose
"IPCA,102,行商訴,74,20131017,2",ADMINISTRATIVE,Lose
"IPCA,97,行專訴,51,20090212,3",ADMINISTRATIVE,Lose
"TPAA,96,判,1117,20070628,1",ADMINISTRATIVE,Lose
"TPAA,104,判,454,20150813,1",ADMINISTRATIVE,Lose
"TPBA,90,訴,1185,20020328,2",ADMINISTRATIVE,Win
"TPBA,90,訴,4506,20020828,2",ADMINISTRATIVE,Mixed
"TPBA,92,訴,2157,20040728,2",ADMINISTRATIVE,Lose
"IPCA,106,行商訴,38,20171123,2",ADMINISTRATIVE,Win
"IPCA,100,行商訴,140,20120223,2",ADMINISTRATIVE,Lose
"TPBA,96,訴,1051,20071122,1",ADMINISTRATIVE,Lose
"TPBA,91,訴,4233,20031217,2",ADMINISTRATIVE,Lose
"TPBA,91,訴,3211,20030916,2",ADMINISTRATIVE,Win
"IPCA,101,行商訴,64,20120831,2",ADMINISTRATIVE,Lose
"TPAA,89,判,2677,20000901,1",ADMINISTRATIVE,Lose
"TPAA,99,判,919,20100909,1",ADMINISTRATIVE,Lose
"TPBA,89,訴,2188,20011207,2",ADMINISTRATIVE,Lose
"TPBA,94,訴,124,20051228,2",ADMINISTRATIVE,Lose
"TPAA,100,判,1376,20110811,1",ADMINISTRATIVE,Lose
"IPCA,105,行商訴,70,20160930,1",ADMINISTRATIVE,Lose
"TPBA,89,訴,3370,20020411,2",ADMINISTRATIVE,Win
"IPCA,108,行商訴,32,20191121,2",ADMINISTRATIVE,Lose
"TPAA,108,判,148,20190329,1",ADMINISTRATIVE,Lose
"TPAA,89,判,2368,20000627",ADMINISTRATIVE,Lose
"IPCA,98,行商訴,214,20100408,2",ADMINISTRATIVE,Lose
"TPBA,94,訴,3187,20061030,2",ADMINISTRATIVE,Lose
"TPBA,90,訴,1862,20020502,1",ADMINISTRATIVE,Win
"IPCA,102,行商訴,56,20131030,1",ADMINISTRATIVE,Lose
"IPCA,98,行商訴,59,20090813,2",ADMINISTRATIVE,Lose
"TPBA,95,訴,4123,20070823,1",ADMINISTRATIVE,Lose
"TPBA,90,訴,2037,20030521,1",ADMINISTRATIVE,Mixed
"TPBA,89,訴,2251,20030522,5",ADMINISTRATIVE,Win
"IPCA,100,行商訴,144,20120306,2",ADMINISTRATIVE,Lose
"TPBA,94,訴,3567,20061012,2",ADMINISTRATIVE,Lose
"IPCA,100,行專訴,86,20111222,3",ADMINISTRATIVE,Lose
"TPAA,112,上,178,20240314,2",ADMINISTRATIVE,Lose
"IPCA,97,行專訴,72,20090430,3",ADMINISTRATIVE,Lose
"IPCA,110,行商訴,84,20221109,2",ADMINISTRATIVE,Win
"TPBA,94,訴,3558,20061031,2",ADMINISTRATIVE,Lose
"IPCA,110,行專訴,4,20211006,1",ADMINISTRATIVE,Lose
"TPBA,89,訴,2808,20020206,2",ADMINISTRATIVE,Lose
"TPBA,93,訴,3972,20051130,1",ADMINISTRATIVE,Lose
"IPCA,99,行專訴,31,20100722,2",ADMINISTRATIVE,Lose
"TPAA,94,判,1922,20051208,1",ADMINISTRATIVE,Lose
"TPBA,89,訴,2930,20011129,2",ADMINISTRATIVE,Lose
"TPBA,91,訴,3085,20030910,2",ADMINISTRATIVE,Lose
"TPBA,95,訴,887,20070329,2",ADMINISTRATIVE,Lose
"TPBA,95,訴,3104,20070719,2",ADMINISTRATIVE,Lose
"TPBA,93,訴,2524,20050929,1",ADMINISTRATIVE,Lose
"TPAA,90,判,2411,20011214,1",ADMINISTRATIVE,Lose
"IPCA,111,行專訴,60,20230831,3",ADMINISTRATIVE,Lose
"IPCA,105,行專更(二),1,20161027,2",ADMINISTRATIVE,Lose
"TPAA,89,判,1860,20000608",ADMINISTRATIVE,Lose
"TPBA,92,訴,1829,20040630,2",ADMINISTRATIVE,Lose
"TPAA,90,判,1011,20010607,1",ADMINISTRATIVE,Lose
"IPCA,108,行商訴,37,20191024,2",ADMINISTRATIVE,Lose
"IPCA,100,行商訴,27,20110728,2",ADMINISTRATIVE,Mixed
"TPBA,96,訴,4248,20080508,2",ADMINISTRATIVE,Lose
"TPBA,93,訴,2480,20051013,1",ADMINISTRATIVE,Mixed
"TPAA,111,上,492,20230525,1",ADMINISTRATIVE,Lose
"TPBA,91,訴,1173,20030507,2",ADMINISTRATIVE,Lose
"TPAA,92,判,697,20030605,1",ADMINISTRATIVE,Lose
"TPBA,90,訴,1030,20011220,2",ADMINISTRATIVE,Lose
"IPCA,106,行商訴,17,20171221,2",ADMINISTRATIVE,Lose
"IPCA,98,行專更(一),2,20091029,2",ADMINISTRATIVE,Win
"TPBA,94,訴,3599,20061030,2",ADMINISTRATIVE,Lose
"TPAA,100,判,674,20110505,1",ADMINISTRATIVE,Lose
"IPCA,110,行商訴,9,20220223,2",ADMINISTRATIVE,Lose
"TPAA,95,判,591,20060427,1",ADMINISTRATIVE,Lose
"TPBA,96,訴,1327,20080116,2",ADMINISTRATIVE,Lose
"TPBA,91,訴,3827,20031120,1",ADMINISTRATIVE,Lose
"IPCA,101,行專訴,97,20130416,3",ADMINISTRATIVE,Lose
"TPBA,90,訴,1134,20011129,1",ADMINISTRATIVE,Mixed
"TPBA,93,訴,2994,20050929,2",ADMINISTRATIVE,Lose
"TPAA,103,判,242,20140515,1",ADMINISTRATIVE,Lose
"TPBA,91,訴,4551,20031231,2",ADMINISTRATIVE,Lose
"IPCA,100,行商訴,9,20110623,3",ADMINISTRATIVE,Lose
"TPBA,92,訴,3323,20050311,2",ADMINISTRATIVE,Lose
"TPBA,94,訴,267,20060222,2",ADMINISTRATIVE,Mixed
"TPBA,96,訴更一,102,20080515,1",ADMINISTRATIVE,Win
"IPCA,102,行專訴,96,20140129,3",ADMINISTRATIVE,Lose
"TPBA,95,訴,2199,20070419,2",ADMINISTRATIVE,Lose
"IPCA,106,行商訴,27,20180516,3",ADMINISTRATIVE,Lose
"TPBA,91,訴,1579,20030703,2",ADMINISTRATIVE,Mixed
"IPCA,112,行專訴,54,20240726,2",ADMINISTRATIVE,Mixed
"IPCA,98,行專訴,99,20100128,3",ADMINISTRATIVE,Win
"TPAA,108,判,486,20191017,1",ADMINISTRATIVE,Lose
"TPBA,94,訴,527,20060518,2",ADMINISTRATIVE,Lose
"IPCA,103,行專訴,52,20141119,3",ADMINISTRATIVE,Lose
"IPCA,111,行專訴,18,20220923,4",ADMINISTRATIVE,Lose
"TPBA,91,訴,5143,20040211,2",ADMINISTRATIVE,Lose
"IPCA,104,行商訴,112,20160331,2",ADMINISTRATIVE,Lose
"TPAA,100,判,996,20110616,1",ADMINISTRATIVE,Lose
"TPBA,95,訴,4224,20070920,2",ADMINISTRATIVE,Lose
"TPBA,96,訴,618,20071206,2",ADMINISTRATIVE,Lose
"TPAA,98,判,355,20090402,1",ADMINISTRATIVE,Lose
"TPBA,91,訴,2377,20030814,2",ADMINISTRATIVE,Lose
"IPCA,108,行商訴,7,20191127,3",ADMINISTRATIVE,Lose
"TPBA,89,訴,4068,20010927,2",ADMINISTRATIVE,Lose
"TPBA,96,訴,138,20071220,1",ADMINISTRATIVE,Lose
"TPAA,97,判,669,20080703,1",ADMINISTRATIVE,Lose
"TPBA,95,訴,2585,20070424,2",ADMINISTRATIVE,Lose
"IPCA,100,行商訴,106,20120229,3",ADMINISTRATIVE,Lose
"TPAA,89,判,762,20000316",ADMINISTRATIVE,Lose
"IPCA,102,行商訴,43,20130828,1",ADMINISTRATIVE,Lose
"TPBA,94,訴,2134,20060425,2",ADMINISTRATIVE,Lose
"TPBA,92,訴,1543,20041021,2",ADMINISTRATIVE,Lose
"TPBA,96,訴,2680,20080229,2",ADMINISTRATIVE,Lose
"TPAA,111,上,920,20240229,1",ADMINISTRATIVE,Lose
"TPAA,89,判,489,20000224",ADMINISTRATIVE,Lose
"IPCA,98,行商訴,187,20100121,2",ADMINISTRATIVE,Lose
"IPCA,100,行商訴,87,20111207,2",ADMINISTRATIVE,Lose
"TPBA,91,訴,1646,20030612,2",ADMINISTRATIVE,Lose
"TPBA,95,訴,1844,20070404,2",ADMINISTRATIVE,Lose
"IPCA,101,行商訴,141,20121227,1",ADMINISTRATIVE,Mixed
"TPAA,110,上,433,20221124,1",ADMINISTRATIVE,Lose
"TPBA,91,訴,2924,20031009,2",ADMINISTRATIVE,Lose
"TPBA,92,訴,2220,20050331,2",ADMINISTRATIVE,Win
"TPBA,92,訴,118,20040317,2",ADMINISTRATIVE,Lose
"TPBA,94,訴,398,20060123,3",ADMINISTRATIVE,Lose
"TPAA,99,判,412,20100423,1",ADMINISTRATIVE,Lose
"TPBA,92,訴,5527,20050331,1",ADMINISTRATIVE,Lose
"TPBA,93,訴,4063,20051230,2",ADMINISTRATIVE,Lose
"IPCA,107,行商訴,22,20180911,2",ADMINISTRATIVE,Lose
"IPCA,103,行專訴,94,20150430,3",ADMINISTRATIVE,Lose
"TPBA,94,訴,1465,20060406,1",ADMINISTRATIVE,Lose
"TPAA,88,判,817,19990402",ADMINISTRATIVE,Lose
"TPBA,91,訴,110,20021205,2",ADMINISTRATIVE,Lose
"IPCA,99,行專訴,35,20100830,4",ADMINISTRATIVE,Win
"IPCA,103,行專訴,36,20141023,2",ADMINISTRATIVE,Lose
"TPBA,92,訴,3668,20050324,2",ADMINISTRATIVE,Lose
"IPCA,101,行商訴,76,20121129,3",ADMINISTRATIVE,Lose
"TPAA,88,判,3674,19991008",ADMINISTRATIVE,Lose
"TPAA,94,判,1117,20050728,1",ADMINISTRATIVE,Lose
"TPAA,106,判,569,20171026,1",ADMINISTRATIVE,Lose
"IPCA,100,行商訴,2,20110526,1",ADMINISTRATIVE,Lose
"IPCA,109,行商訴,93,20210127,2",ADMINISTRATIVE,Lose
"IPCA,111,行商訴,70,20230325,1",ADMINISTRATIVE,Lose
"IPCA,106,行專訴,44,20180227,4",ADMINISTRATIVE,Lose
"IPCA,100,行專訴,105,20120117,3",ADMINISTRATIVE,Lose
"TPBA,95,訴,1083,20070111,2",ADMINISTRATIVE,Lose
"IPCA,102,行商訴,42,20130801,2",ADMINISTRATIVE,Lose
"TPBA,94,訴,2507,20060906,1",ADMINISTRATIVE,Lose
"TPAA,90,判,2542,20011227,1",ADMINISTRATIVE,Lose
"TPBA,97,訴,384,20080508,1",ADMINISTRATIVE,Lose
"IPCA,99,行專訴,124,20101216,4",ADMINISTRATIVE,Lose
"TPAA,90,判,1848,20011012,1",ADMINISTRATIVE,Lose
"TPAA,90,判,953,20010531,1",ADMINISTRATIVE,Lose
"IPCA,102,行商訴,134,20140327,2",ADMINISTRATIVE,Lose
"TPBA,95,訴,2871,20070719,2",ADMINISTRATIVE,Lose
"TPBA,90,訴,2607,20010627,1",ADMINISTRATIVE,Lose
"IPCA,99,行商訴,231,20110329,1",ADMINISTRATIVE,Lose
"TPAA,94,判,1780,20051117,1",ADMINISTRATIVE,Lose
"TPBA,94,訴,3648,20061121,2",ADMINISTRATIVE,Lose
"IPCA,101,行商訴,131,20130131,3",ADMINISTRATIVE,Mixed
"TPAA,112,上,55,20240412,1",ADMINISTRATIVE,Lose
"TPBA,91,訴,5171,20040303,2",ADMINISTRATIVE,Lose
"TPBA,92,訴,2191,20041125,2",ADMINISTRATIVE,Lose
"IPCA,99,行商更(二),5,20110428,1",ADMINISTRATIVE,Win
"TPAA,98,判,423,20090423,1",ADMINISTRATIVE,Lose
"IPCA,110,行商更(一),5,20220727,1",ADMINISTRATIVE,Lose
"IPCA,107,行商訴,47,20190327,1",ADMINISTRATIVE,Win
"IPCA,104,行商訴,5,20150918,2",ADMINISTRATIVE,Lose
"TPAA,88,判,2059,19990531",ADMINISTRATIVE,Lose
"TPBA,89,訴,1435,20010727,2",ADMINISTRATIVE,Lose
"TPBA,89,訴,1251,20010522,2",ADMINISTRATIVE,Lose
"TPAA,89,判,2923,20001012,1",ADMINISTRATIVE,Lose
"IPCA,99,行專訴,72,20101021,2",ADMINISTRATIVE,Lose
"TPBA,90,訴,4907,20020627,1",ADMINISTRATIVE,Lose
"IPCA,101,行商訴,152,20130124,1",ADMINISTRATIVE,Lose
"IPCA,105,行商訴,17,20161107,2",ADMINISTRATIVE,Lose
"TPBA,95,訴,3673,20070913,2",ADMINISTRATIVE,Lose
"IPCA,100,行專訴,1,20110602,4",ADMINISTRATIVE,Lose
"IPCA,106,行商訴,91,20180320,2",ADMINISTRATIVE,Mixed
"TPBA,90,訴,404,20020529,2",ADMINISTRATIVE,Lose
"IPCA,98,行商訴,143,20091105,2",ADMINISTRATIVE,Lose
"IPCA,99,行商訴,44,20100701,2",ADMINISTRATIVE,Lose
"TPAA,90,判,2124,20011115,1",ADMINISTRATIVE,Lose
"IPCA,105,行商訴,138,20170608,2",ADMINISTRATIVE,Lose
"TPAA,96,判,1625,20070913,1",ADMINISTRATIVE,Lose
"TPAA,106,判,401,20170727,1",ADMINISTRATIVE,Lose
"TPBA,89,訴,1591,20011101,1",ADMINISTRATIVE,Lose
"TPAA,100,判,805,20110519,1",ADMINISTRATIVE,Lose
"TPAA,91,判,59,20020111,1",ADMINISTRATIVE,Lose
"IPCA,110,行商訴,24,20211006,2",ADMINISTRATIVE,Lose
"TPAA,90,判,1648,20010914,1",ADMINISTRATIVE,Lose
"IPCA,112,行專訴,12,20231229,3",ADMINISTRATIVE,Lose
"TPBA,94,訴,2481,20060731,2",ADMINISTRATIVE,Lose
"TPAA,99,判,1270,20101130,1",ADMINISTRATIVE,Lose
"IPCA,98,行商訴,224,20100527,2",ADMINISTRATIVE,Lose
"TPBA,95,訴,1197,20070315,3",ADMINISTRATIVE,Win
"TPBA,96,訴,348,20071025,2",ADMINISTRATIVE,Lose
"TPAA,90,判,1079,20010614,1",ADMINISTRATIVE,Lose
"TPAA,104,判,183,20150416,1",ADMINISTRATIVE,Lose
"TPAA,98,判,157,20090219,1",ADMINISTRATIVE,Lose
"TPAA,109,上,762,20220428,1",ADMINISTRATIVE,Lose
"TPBA,93,訴,409,20050602,2",ADMINISTRATIVE,Lose
"TPAA,96,判,611,20070412,1",ADMINISTRATIVE,Lose
"IPCA,104,行商訴,88,20160108,2",ADMINISTRATIVE,Lose
"IPCA,111,行商訴,8,20220907,1",ADMINISTRATIVE,Lose
"TPAA,93,判,888,20040709,1",ADMINISTRATIVE,Lose
"TPBA,95,訴,3552,20070719,2",ADMINISTRATIVE,Lose
"TPBA,90,訴,1076,20020109,1",ADMINISTRATIVE,Lose
"TPAA,104,判,661,20151112,1",ADMINISTRATIVE,Lose
"TPBA,91,訴,3277,20031008,2",ADMINISTRATIVE,Lose
"TPBA,95,訴,3998,20070809,2",ADMINISTRATIVE,Lose
"TPBA,95,訴,4555,20080103,1",ADMINISTRATIVE,Mixed
"TPAA,106,判,561,20171012,1",ADMINISTRATIVE,Lose
"IPCA,108,行專訴,89,20200630,3",ADMINISTRATIVE,Win
"TPBA,96,訴,4279,20080507,2",ADMINISTRATIVE,Lose
"TPBA,93,訴,2629,20050721,1",ADMINISTRATIVE,Lose
"IPCA,99,行商訴,192,20110317,2",ADMINISTRATIVE,Lose
"TPBA,96,訴,62,20071115,2",ADMINISTRATIVE,Lose
"IPCA,107,行專訴,69,20190131,2",ADMINISTRATIVE,Lose
"TPAA,90,判,2537,20011227,1",ADMINISTRATIVE,Lose
"IPCA,98,行專訴,16,20090625,3",ADMINISTRATIVE,Lose
"TPBA,92,訴,1078,20040526,2",ADMINISTRATIVE,Lose
"TPBA,89,訴,1946,20011109,1",ADMINISTRATIVE,Lose
"TPAA,90,判,2017,20011101,1",ADMINISTRATIVE,Lose
"TPBA,91,訴,4935,20040506,2",ADMINISTRATIVE,Lose
"TPAA,93,判,1352,20041028,1",ADMINISTRATIVE,Lose
"TPBA,95,訴,3302,20070809,1",ADMINISTRATIVE,Lose
"TPAA,110,上,172,20221006,1",ADMINISTRATIVE,Lose
"TPAA,89,判,60,20000113",ADMINISTRATIVE,Lose
"IPCA,97,行商更(一),6,20081126,1",ADMINISTRATIVE,Lose
"TPBA,91,訴,3742,20040129,1",ADMINISTRATIVE,Mixed
"TPAA,93,判,266,20040311,1",ADMINISTRATIVE,Lose
"IPCA,111,行商訴,51,20230630,2",ADMINISTRATIVE,Lose
"IPCA,111,行商訴,88,20230727,2",ADMINISTRATIVE,Lose
"TPBA,90,訴,228,20010927,1",ADMINISTRATIVE,Lose
"TPAA,88,判,484,19990305",ADMINISTRATIVE,Lose
"IPCA,111,行專訴,1,20221116,4",ADMINISTRATIVE,Lose
"TPBA,92,訴,1012,20040715,2",ADMINISTRATIVE,Lose
"IPCA,108,行商訴,111,20201022,2",ADMINISTRATIVE,Lose
"TPBA,94,訴,255,20051228,1",ADMINISTRATIVE,Win
"IPCA,106,行商訴,135,20180629,2",ADMINISTRATIVE,Lose
"IPCA,104,行商訴,43,20150827,1",ADMINISTRATIVE,Win
"TPAA,88,判,2380,19990610",ADMINISTRATIVE,Lose
"TPBA,94,訴,2688,20060824,2",ADMINISTRATIVE,Lose
"TPBA,92,訴,2005,20041111,2",ADMINISTRATIVE,Lose
"TPBA,95,訴,3322,20070718,2",ADMINISTRATIVE,Lose
"IPCA,100,行商訴,54,20110825,2",ADMINISTRATIVE,Lose
"TPBA,89,訴,375,20010223,1",ADMINISTRATIVE,Lose
"TPBA,90,訴,5048,20020814,1",ADMINISTRATIVE,Lose
"TPAA,95,判,1783,20061031,1",ADMINISTRATIVE,Lose
"IPCA,105,行商訴,119,20161222,1",ADMINISTRATIVE,Lose
"TPBA,93,訴,3474,20051229,2",ADMINISTRATIVE,Lose
"IPCA,98,行專訴,7,20090527,4",ADMINISTRATIVE,Lose
"IPCA,102,行商訴,49,20140220,2",ADMINISTRATIVE,Win
"TPBA,93,訴,1498,20050819,2",ADMINISTRATIVE,Lose
"TPBA,94,訴,798,20060216,2",ADMINISTRATIVE,Win
"IPCA,101,行商訴,14,20120621,2",ADMINISTRATIVE,Lose
"TPAA,94,判,1371,20050908,1",ADMINISTRATIVE,Lose
"TPBA,93,訴,2303,20050713,1",ADMINISTRATIVE,Lose
"TPAA,108,上,664,20210204,1",ADMINISTRATIVE,Lose
"TPBA,96,訴,3643,20080522,2",ADMINISTRATIVE,Win
"TPBA,95,訴,1442,20070214,1",ADMINISTRATIVE,Lose
"TPBA,91,訴,1477,20030514,2",ADMINISTRATIVE,Lose
"IPCA,108,行商訴,29,20190815,2",ADMINISTRATIVE,Lose
"IPCA,103,行商訴,134,20150507,2",ADMINISTRATIVE,Lose
"IPCA,107,行商訴,42,20181009,2",ADMINISTRATIVE,Lose
"IPCA,102,行商訴,142,20140416,2",ADMINISTRATIVE,Win
"TPBA,95,訴,1314,20070125,1",ADMINISTRATIVE,Mixed
"TPAA,89,判,1267,20000427",ADMINISTRATIVE,Lose
"IPCA,103,行商訴,54,20140925,2",ADMINISTRATIVE,Lose
"TPAA,111,上,45,20230531,1",ADMINISTRATIVE,Lose
"TPBA,89,訴,2057,20010607,2",ADMINISTRATIVE,Lose
"IPCA,111,行商訴,46,20221130,1",ADMINISTRATIVE,Win
"IPCA,101,行商訴,110,20130124,2",ADMINISTRATIVE,Lose
"TPBA,96,訴,4103,20080430,1",ADMINISTRATIVE,Lose
"IPCA,112,行商訴,25,20231026,2",ADMINISTRATIVE,Mixed
"TPBA,90,訴,2597,20020313,2",ADMINISTRATIVE,Lose
"TPBA,96,訴,858,20071108,2",ADMINISTRATIVE,Lose
"IPCA,98,行專訴,94,20100107,3",ADMINISTRATIVE,Lose
"TPBA,89,訴,131,20001207,1",ADMINISTRATIVE,Lose
"TPBA,94,訴,2739,20060713,2",ADMINISTRATIVE,Win
"IPCA,101,行商訴,62,20121101,1",ADMINISTRATIVE,Lose
"IPCA,98,行商訴,29,20090625,3",ADMINISTRATIVE,Lose
"IPCA,103,行商訴,94,20141231,1",ADMINISTRATIVE,Lose
"IPCA,107,行商訴,31,20180830,2",ADMINISTRATIVE,Lose
"IPCA,106,行商訴,4,20170727,3",ADMINISTRATIVE,Lose
"TPAA,102,判,715,20131121,1",ADMINISTRATIVE,Lose
"IPCA,104,行商訴,151,20160729,2",ADMINISTRATIVE,Lose
"TPBA,90,訴,6771,20030130,2",ADMINISTRATIVE,Win
"IPCA,99,行商訴,176,20110217,1",ADMINISTRATIVE,Win
"TPAA,90,判,2321,20011207,1",ADMINISTRATIVE,Lose
"TPBA,96,訴,181,20071004,2",ADMINISTRATIVE,Lose
"TPBA,91,訴,501,20030122,1",ADMINISTRATIVE,Lose
"TPBA,95,訴,825,20070111,2",ADMINISTRATIVE,Lose
"IPCA,98,行專訴,93,20100121,3",ADMINISTRATIVE,Win
"IPCA,101,行商訴,1,20120329,1",ADMINISTRATIVE,Lose
"IPCA,107,行專訴,29,20180823,3",ADMINISTRATIVE,Lose
"IPCA,102,行商訴,145,20140430,2",ADMINISTRATIVE,Win
"IPCA,108,行專訴,39,20191017,4",ADMINISTRATIVE,Lose
"IPCA,100,行專訴,40,20111006,3",ADMINISTRATIVE,Lose
"IPCA,108,行商訴,89,20191231,2",ADMINISTRATIVE,Lose
"IPCA,99,行專訴,57,20101011,3",ADMINISTRATIVE,Win
"TPBA,96,訴,3423,20080612,2",ADMINISTRATIVE,Lose
"TPBA,97,訴,1610,20090122,2",ADMINISTRATIVE,Lose
"IPCA,99,行專訴,91,20101028,3",ADMINISTRATIVE,Lose
"TPBA,96,訴,1859,20080130,2",ADMINISTRATIVE,Lose
"TPAA,110,上,165,20220728,1",ADMINISTRATIVE,Lose
"IPCA,100,行商訴,86,20111124,2",ADMINISTRATIVE,Lose
"TPBA,93,訴,4116,20060621,1",ADMINISTRATIVE,Lose
"TPBA,90,訴,358,20011231,2",ADMINISTRATIVE,Lose
"TPAA,89,判,341,20000210",ADMINISTRATIVE,Lose
"TPBA,97,訴,380,20080814,3",ADMINISTRATIVE,Lose
"TPAA,93,判,1701,20041230,1",ADMINISTRATIVE,Lose
"TPAA,104,判,262,20150528,1",ADMINISTRATIVE,Lose
"TPAA,88,判,3197,19990730",ADMINISTRATIVE,Lose
"IPCA,102,行商訴,67,20131128,2",ADMINISTRATIVE,Win
"TPBA,92,訴更一,75,20040512,1",ADMINISTRATIVE,Lose
"IPCA,98,行專訴,120,20101202,3",ADMINISTRATIVE,Lose
"IPCA,112,行商訴,60,20240711,2",ADMINISTRATIVE,Lose
"IPCA,99,行專訴,9,20100916,3",ADMINISTRATIVE,Lose
"IPCA,111,行商訴,82,20230316,1",ADMINISTRATIVE,Lose
"IPCA,104,行商訴,4,20150826,2",ADMINISTRATIVE,Lose
"TPBA,90,訴,4914,20021025,2",ADMINISTRATIVE,Lose
"IPCA,103,行商訴,5,20140529,1",ADMINISTRATIVE,Mixed
"TPAA,107,判,441,20180730,1",ADMINISTRATIVE,Lose
"TPAA,100,判,647,20110429,1",ADMINISTRATIVE,Lose
"TPAA,96,判,326,20070301,1",ADMINISTRATIVE,Lose
"TPBA,95,訴,2017,20070705,2",ADMINISTRATIVE,Lose
"IPCA,110,行專訴,24,20220112,3",ADMINISTRATIVE,Lose
"IPCA,102,行專訴,31,20130717,3",ADMINISTRATIVE,Lose
"IPCA,111,行專訴,39,20230209,3",ADMINISTRATIVE,Lose
"TPAA,104,判,92,20150226,1",ADMINISTRATIVE,Lose
"TPBA,96,訴,3605,20080410,2",ADMINISTRATIVE,Win
"IPCA,103,行專訴,88,20150918,7",ADMINISTRATIVE,Lose
"TPBA,95,訴,3386,20070830,2",ADMINISTRATIVE,Lose
"IPCA,106,行專訴,22,20170803,1",ADMINISTRATIVE,Lose
"TPAA,109,上,1181,20220106,1",ADMINISTRATIVE,Lose
"TPBA,96,訴,1979,20080306,2",ADMINISTRATIVE,Lose
"TPBA,92,訴,4337,20041027,2",ADMINISTRATIVE,Lose
"TPAA,95,判,371,20060323,1",ADMINISTRATIVE,Lose
"IPCA,103,行商訴,84,20141119,2",ADMINISTRATIVE,Mixed
"IPCA,99,行商訴,230,20110317,1",ADMINISTRATIVE,Lose
"IPCA,99,行專訴,38,20100805,3",ADMINISTRATIVE,Lose
"TPAA,88,判,3916,19991119",ADMINISTRATIVE,Lose
"TPBA,97,訴更一,65,20090320,1",ADMINISTRATIVE,Lose
"IPCA,98,行商訴,34,20090702,2",ADMINISTRATIVE,Mixed
"IPCA,110,行專訴,16,20210922,3",ADMINISTRATIVE,Lose
"TPBA,92,訴,5373,20041222,2",ADMINISTRATIVE,Lose
"TPBA,95,訴,3173,20070823,2",ADMINISTRATIVE,Lose
"TPBA,90,訴,494,20020904,2",ADMINISTRATIVE,Lose
"TPAA,90,判,2301,20011206,1",ADMINISTRATIVE,Lose
"IPCA,101,行專訴,41,20121011,3",ADMINISTRATIVE,Lose
"TPBA,95,訴,3670,20070802,2",ADMINISTRATIVE,Lose
"TPBA,95,訴,128,20061116,2",ADMINISTRATIVE,Lose
"TPBA,94,訴,1649,20060608,2",ADMINISTRATIVE,Lose
"IPCA,103,行專訴,16,20140925,3",ADMINISTRATIVE,Lose
"IPCA,109,行專訴,42,20210721,3",ADMINISTRATIVE,Lose
"TPBA,91,訴,869,20030410,2",ADMINISTRATIVE,Lose
"IPCA,110,行商訴,49,20220210,2",ADMINISTRATIVE,Lose
"TPBA,90,訴,4531,20020626,2",ADMINISTRATIVE,Lose
"IPCA,113,行專訴,12,20240919,3",ADMINISTRATIVE,Lose
"TPBA,92,訴,2864,20040818,2",ADMINISTRATIVE,Lose
"TPAA,112,上,490,20240905,1",ADMINISTRATIVE,Lose
"IPCA,106,行專訴,5,20170622,2",ADMINISTRATIVE,Lose
"TPBA,95,訴,3829,20070927,2",ADMINISTRATIVE,Lose
"TPAA,94,判,17,20050113,1",ADMINISTRATIVE,Lose
"IPCA,99,行專訴,89,20110210,3",ADMINISTRATIVE,Mixed
"IPCA,103,行商更(一),2,20141030,1",ADMINISTRATIVE,Win
"TPBA,90,訴,6166,20030122,2",ADMINISTRATIVE,Lose
"IPCA,101,行專訴,17,20120920,3",ADMINISTRATIVE,Lose
"TPBA,90,訴,4608,20020731,2",ADMINISTRATIVE,Lose
"TPAA,105,判,232,20160512,1",ADMINISTRATIVE,Lose
"IPCA,104,行商訴,97,20160831,4",ADMINISTRATIVE,Lose
"TPBA,93,訴,2872,20050929,2",ADMINISTRATIVE,Lose
"TPAA,90,判,1847,20011012,1",ADMINISTRATIVE,Lose
"TPAA,89,判,902,20000330",ADMINISTRATIVE,Lose
"IPCA,111,行商訴,12,20230615,2",ADMINISTRATIVE,Lose
"TPAA,87,判,249,19980220",ADMINISTRATIVE,Lose
"TPAA,92,判,1476,20031030,1",ADMINISTRATIVE,Lose
"IPCA,100,行商訴,29,20110825,3",ADMINISTRATIVE,Lose
"TPBA,90,訴,5615,20021113,2",ADMINISTRATIVE,Lose
"TPBA,96,訴,4250,20080611,2",ADMINISTRATIVE,Lose
"IPCA,101,行商訴,58,20121122,2",ADMINISTRATIVE,Lose
"TPBA,90,訴,2855,20020208,2",ADMINISTRATIVE,Lose
"TPBA,90,訴,6254,20021023,2",ADMINISTRATIVE,Lose
"TPAA,88,判,2060,19990531",ADMINISTRATIVE,Lose
"TPAA,91,判,83,20020117,1",ADMINISTRATIVE,Lose
"IPCA,103,行商訴,105,20141231,3",ADMINISTRATIVE,Lose
"TPBA,92,訴,1776,20040630,1",ADMINISTRATIVE,Lose
"TPBA,96,訴,1503,20071227,2",ADMINISTRATIVE,Lose
"IPCA,98,行專訴,66,20091118,3",ADMINISTRATIVE,Win
"IPCA,105,行商訴,8,20160805,2",ADMINISTRATIVE,Lose
"TPBA,97,訴,378,20080618,1",ADMINISTRATIVE,Lose
"TPAA,89,判,2450,20000727,1",ADMINISTRATIVE,Lose
"TPAA,91,判,429,20020328,1",ADMINISTRATIVE,Lose
"TPAA,103,判,710,20141230,1",ADMINISTRATIVE,Lose
"IPCA,98,行專訴,102,20100121,4",ADMINISTRATIVE,Lose
"TPBA,94,訴,528,20060518,2",ADMINISTRATIVE,Lose
"TPAA,90,判,2075,20011109,1",ADMINISTRATIVE,Lose
"TPBA,93,訴,362,20050421,2",ADMINISTRATIVE,Lose
"TPBA,95,訴,2695,20070531,1",ADMINISTRATIVE,Lose
"TPBA,93,訴,3689,20051013,2",ADMINISTRATIVE,Lose
"TPBA,91,訴,2589,20030722,1",ADMINISTRATIVE,Mixed
"IPCA,110,行專訴,49,20220427,3",ADMINISTRATIVE,Lose
"TPBA,89,訴,3236,20010816,2",ADMINISTRATIVE,Lose
"IPCA,105,行商訴,80,20170125,2",ADMINISTRATIVE,Win
"TPBA,91,訴,5394,20040603,2",ADMINISTRATIVE,Lose
"TPBA,93,訴,2630,20050907,2",ADMINISTRATIVE,Lose
"IPCA,99,行專訴,166,20110328,3",ADMINISTRATIVE,Mixed
"TPBA,91,訴,747,20030430,2",ADMINISTRATIVE,Lose
"IPCA,98,行商訴,201,20100311,2",ADMINISTRATIVE,Lose
"TPAA,89,判,3394,20001130,1",ADMINISTRATIVE,Lose
"IPCA,104,行著更(二),1,20160505,2",ADMINISTRATIVE,Mixed
"TPBA,91,訴,77,20021218,2",ADMINISTRATIVE,Lose
"TPAA,104,判,104,20150305,1",ADMINISTRATIVE,Lose
"IPCA,99,行商訴,112,20101014,3",ADMINISTRATIVE,Lose
"TPAA,106,判,187,20170413,1",ADMINISTRATIVE,Lose
"TPAA,89,判,507,20000224",ADMINISTRATIVE,Lose
"TPAA,104,判,223,20150430,1",ADMINISTRATIVE,Lose
"TPBA,91,訴,852,20030416,2",ADMINISTRATIVE,Lose
"TPAA,88,判,3455,19990916",ADMINISTRATIVE,Lose
"TPBA,96,訴,770,20071122,2",ADMINISTRATIVE,Lose
"IPCA,105,行商訴,51,20161027,2",ADMINISTRATIVE,Lose
"IPCA,99,行專訴,93,20101028,1",ADMINISTRATIVE,Lose
"TPBA,95,訴,4212,20071227,2",ADMINISTRATIVE,Lose
"IPCA,102,行專訴,108,20140313,3",ADMINISTRATIVE,Win
"TPAA,89,判,1959,20000615",ADMINISTRATIVE,Lose
"TPAA,97,判,666,20080703,1",ADMINISTRATIVE,Lose
"TPAA,96,判,1409,20070809,1",ADMINISTRATIVE,Lose
"TPBA,96,訴,295,20080131,2",ADMINISTRATIVE,Lose
"TPAA,103,判,69,20140213,1",ADMINISTRATIVE,Lose
"TPBA,94,訴,2154,20060713,2",ADMINISTRATIVE,Lose
"TPBA,96,訴,1373,20071226,2",ADMINISTRATIVE,Lose
"IPCA,101,行商訴,3,20120523,2",ADMINISTRATIVE,Lose
"TPBA,95,訴,2968,20070705,2",ADMINISTRATIVE,Lose
"TPAA,88,判,3420,19990903",ADMINISTRATIVE,Lose
"TPBA,91,訴,2324,20030813,2",ADMINISTRATIVE,Lose
"TPAA,98,判,70,20090122,1",ADMINISTRATIVE,Lose
"TPAA,104,判,786,20151231,1",ADMINISTRATIVE,Lose
"IPCA,102,行專訴,51,20130829,3",ADMINISTRATIVE,Lose
"TPBA,97,訴,1187,20081022,2",ADMINISTRATIVE,Lose
"IPCA,99,行商訴,234,20110329,2",ADMINISTRATIVE,Lose
"TPBA,93,訴,1382,20050617,2",ADMINISTRATIVE,Lose
"TPAA,93,判,451,20040422,1",ADMINISTRATIVE,Lose
"TPBA,91,訴,4216,20031119,1",ADMINISTRATIVE,Lose
"IPCA,111,行商訴,40,20221124,1",ADMINISTRATIVE,Lose
"IPCA,106,行商訴,94,20180523,3",ADMINISTRATIVE,Lose
"TPAA,99,判,1334,20101216,1",ADMINISTRATIVE,Lose
"TPBA,91,訴,993,20030625,1",ADMINISTRATIVE,Lose
"IPCA,111,行商更一,1,20230601,1",ADMINISTRATIVE,Win
"TPBA,90,訴,3773,20020207,2",ADMINISTRATIVE,Lose
"IPCA,110,行專訴,37,20211215,2",ADMINISTRATIVE,Lose
"TPBA,93,訴,981,20050527,2",ADMINISTRATIVE,Win
"TPAA,89,判,3312,20001123,1",ADMINISTRATIVE,Lose
"IPCA,106,行專訴,98,20180712,3",ADMINISTRATIVE,Lose
"TPBA,93,訴,3928,20051229,2",ADMINISTRATIVE,Lose
"TPBA,95,訴,3628,20070920,2",ADMINISTRATIVE,Lose
"IPCA,100,行專訴,60,20120112,4",ADMINISTRATIVE,Win
"IPCA,98,行商訴,56,20090813,2",ADMINISTRATIVE,Lose
"TPBA,93,訴,2210,20050922,3",ADMINISTRATIVE,Lose
"TPAA,96,判,877,20070518,1",ADMINISTRATIVE,Lose
"TPBA,89,訴,855,20001227,4",ADMINISTRATIVE,Lose
"TPAA,89,判,1733,20000531",ADMINISTRATIVE,Lose
"IPCA,109,行著訴,4,20210527,2",ADMINISTRATIVE,Lose
"IPCA,100,行專更(一),9,20110825,2",ADMINISTRATIVE,Lose
"TPBA,91,訴,2366,20030904,2",ADMINISTRATIVE,Lose
"TPAA,108,判,147,20190329,1",ADMINISTRATIVE,Lose
"IPCA,107,行專更(一),2,20190329,2",ADMINISTRATIVE,Win
"TPBA,89,訴,3364,20011227,2",ADMINISTRATIVE,Lose
"TPBA,95,訴,314,20061221,2",ADMINISTRATIVE,Lose
"TPBA,90,訴,6978,20021127,1",ADMINISTRATIVE,Lose
"TPBA,91,訴,1864,20030514,2",ADMINISTRATIVE,Lose
"TPBA,97,訴,896,20080709,1",ADMINISTRATIVE,Lose
"TPBA,89,訴,1374,20010614,1",ADMINISTRATIVE,Lose
"TPBA,95,訴,1119,20061227,2",ADMINISTRATIVE,Lose
"TPBA,92,訴,2084,20041110,3",ADMINISTRATIVE,Win
"TPAA,99,判,583,20100603,1",ADMINISTRATIVE,Lose
"IPCA,110,行專訴,30,20211215,3",ADMINISTRATIVE,Win
"TPBA,96,訴,2632,20080410,2",ADMINISTRATIVE,Lose
"TPAA,108,上,1039,20220929,1",ADMINISTRATIVE,Lose
"TPAA,91,判,149,20020124,1",ADMINISTRATIVE,Lose
"TPBA,90,訴,2801,20020703,1",ADMINISTRATIVE,Lose
"IPCA,101,行商訴,184,20130515,2",ADMINISTRATIVE,Lose
"TPBA,91,訴,2465,20030730,2",ADMINISTRATIVE,Lose
"TPBA,95,訴,3589,20070621,2",ADMINISTRATIVE,Lose
"TPAA,92,判,1567,20031114,1",ADMINISTRATIVE,Lose
"TPBA,95,訴,3767,20070920,2",ADMINISTRATIVE,Lose
"TPBA,96,訴,266,20071030,2",ADMINISTRATIVE,Lose
"IPCA,105,行商訴,82,20170118,2",ADMINISTRATIVE,Lose
"TPBA,96,訴,3866,20080401,2",ADMINISTRATIVE,Lose
"IPCA,105,行商訴,27,20160805,2",ADMINISTRATIVE,Lose
"IPCA,109,行商訴,56,20201130,2",ADMINISTRATIVE,Lose
"TPBA,92,訴,2642,20041216,2",ADMINISTRATIVE,Lose
"TPAA,104,判,71,20150205,1",ADMINISTRATIVE,Lose
"IPCA,102,行商訴,78,20131114,2",ADMINISTRATIVE,Lose
"TPAA,96,判,269,20070213,1",ADMINISTRATIVE,Lose
"TPBA,89,訴,955,20010315,1",ADMINISTRATIVE,Lose
"IPCA,99,行專訴,141,20110531,3",ADMINISTRATIVE,Lose
"TPBA,95,訴,1035,20061214,1",ADMINISTRATIVE,Lose
"TPAA,94,判,2028,20051222,1",ADMINISTRATIVE,Lose
"TPBA,89,訴,1708,20010719,2",ADMINISTRATIVE,Lose
"TPBA,90,訴,4288,20020821,2",ADMINISTRATIVE,Lose
"TPAA,89,判,405,20000217",ADMINISTRATIVE,Lose
"TPAA,100,判,1463,20110818,1",ADMINISTRATIVE,Lose
"IPCA,105,行商訴,30,20161020,2",ADMINISTRATIVE,Lose
"TPBA,93,訴,1327,20050714,2",ADMINISTRATIVE,Lose
"TPBA,92,訴,1000,20040512,1",ADMINISTRATIVE,Win
"TPBA,89,訴,1650,20010517,1",ADMINISTRATIVE,Lose
"TPBA,90,訴,2805,20020626,1",ADMINISTRATIVE,Lose
"IPCA,110,行專訴,19,20211111,3",ADMINISTRATIVE,Lose
"TPAA,90,判,1770,20011004,1",ADMINISTRATIVE,Lose
"TPAA,90,判,1612,20010907,1",ADMINISTRATIVE,Lose
"TPAA,94,判,1631,20051027,1",ADMINISTRATIVE,Lose
"TPAA,90,判,850,20010518,1",ADMINISTRATIVE,Win
"TPAA,94,判,499,20050407,1",ADMINISTRATIVE,Lose
"TPAA,96,判,1118,20070628,1",ADMINISTRATIVE,Lose
"IPCA,107,行商訴,5,20180726,2",ADMINISTRATIVE,Lose
"IPCA,108,行商訴,120,20200715,2",ADMINISTRATIVE,Lose
"IPCA,111,行專更一,5,20230823,3",ADMINISTRATIVE,Mixed
"TPAA,108,判,200,20190425,1",ADMINISTRATIVE,Lose
"IPCA,97,行商訴,48,20090108,3",ADMINISTRATIVE,Lose
"IPCA,105,行商訴,145,20170803,3",ADMINISTRATIVE,Lose
"IPCA,108,行著訴,5,20200409,2",ADMINISTRATIVE,Lose
"TPBA,92,訴,1053,20040818,2",ADMINISTRATIVE,Lose
"TPBA,91,訴,574,20030324,2",ADMINISTRATIVE,Lose
"IPCA,100,行商訴,135,20111229,1",ADMINISTRATIVE,Lose
"TPBA,90,訴,5606,20020904,1",ADMINISTRATIVE,Lose
"TPBA,95,訴,2623,20070607,2",ADMINISTRATIVE,Lose
"TPBA,96,訴,985,20071213,2",ADMINISTRATIVE,Lose
"TPAA,92,判,1174,20030904,1",ADMINISTRATIVE,Lose
"TPAA,90,判,1023,20010607,1",ADMINISTRATIVE,Lose
"TPAA,92,判,858,20030703,1",ADMINISTRATIVE,Lose
"IPCA,101,行商訴,161,20130207,1",ADMINISTRATIVE,Lose
"IPCA,100,行商訴,59,20111027,2",ADMINISTRATIVE,Lose
"TPBA,96,訴,971,20071025,2",ADMINISTRATIVE,Lose
"IPCA,102,行專訴,84,20140108,4",ADMINISTRATIVE,Lose
"TPBA,96,訴,679,20071026,2",ADMINISTRATIVE,Lose
"TPBA,92,訴,1015,20040902,2",ADMINISTRATIVE,Lose
"IPCA,102,行專訴,109,20140305,3",ADMINISTRATIVE,Lose
"TPBA,91,訴,2799,20030820,2",ADMINISTRATIVE,Lose
"TPAA,91,判,396,20020314,1",ADMINISTRATIVE,Lose
"TPTA,112,簡,95,20231219,1",ADMINISTRATIVE,Lose
"TPBA,91,訴,3395,20030924,2",ADMINISTRATIVE,Lose
"TPBA,92,訴,4911,20050303,2",ADMINISTRATIVE,Lose
"TPBA,96,訴,1036,20071213,2",ADMINISTRATIVE,Lose
"TPAA,89,判,253,20000127",ADMINISTRATIVE,Lose
"IPCA,102,行商訴,4,20130704,3",ADMINISTRATIVE,Win
"TPAA,99,判,445,20100429,1",ADMINISTRATIVE,Lose
"IPCA,99,行專訴,62,20100920,3",ADMINISTRATIVE,Lose
"TPBA,94,訴,4050,20061219,2",ADMINISTRATIVE,Lose
"TPBA,95,訴,79,20061130,2",ADMINISTRATIVE,Lose
"IPCA,108,行專訴,1,20190620,3",ADMINISTRATIVE,Lose
"IPCA,100,行專訴,50,20111207,4",ADMINISTRATIVE,Lose
"TPBA,91,訴,1479,20030814,2",ADMINISTRATIVE,Mixed
"IPCA,112,行商訴,36,20240314,2",ADMINISTRATIVE,Lose
"TPBA,89,訴,739,20010131,1",ADMINISTRATIVE,Lose
"TPAA,94,判,1724,20051110,1",ADMINISTRATIVE,Lose
"TPBA,95,訴,2024,20070510,2",ADMINISTRATIVE,Lose
"TPAA,95,判,389,20060323,1",ADMINISTRATIVE,Lose
"TPBA,96,訴,1981,20080306,2",ADMINISTRATIVE,Win
"TPAA,98,判,929,20090813,1",ADMINISTRATIVE,Lose
"TPBA,92,訴,692,20040421,2",ADMINISTRATIVE,Lose
"TPAA,110,上,564,20221215,1",ADMINISTRATIVE,Lose
"TPAA,98,判,556,20090521,1",ADMINISTRATIVE,Lose
"TPAA,110,上,717,20220630,1",ADMINISTRATIVE,Lose
"TPAA,90,判,1884,20011018,1",ADMINISTRATIVE,Lose
"TPBA,97,訴,146,20080424,1",ADMINISTRATIVE,Lose
"IPCA,102,行專訴,94,20131219,3",ADMINISTRATIVE,Lose
"TPBA,97,訴,530,20080723,2",ADMINISTRATIVE,Lose
"TPAA,98,判,69,20090122,1",ADMINISTRATIVE,Lose
"TPAA,88,判,166,19990128",ADMINISTRATIVE,Win
"IPCA,102,行商訴,16,20130808,2",ADMINISTRATIVE,Mixed
"TPBA,96,訴,3982,20080605,2",ADMINISTRATIVE,Win
"TPAA,89,判,2585,20000824,1",ADMINISTRATIVE,Lose
"IPCA,99,行商訴,190,20110310,2",ADMINISTRATIVE,Lose
"TPBA,96,訴,1052,20071206,1",ADMINISTRATIVE,Lose
"TPBA,94,訴,2396,20060530,2",ADMINISTRATIVE,Lose
"TPBA,94,訴,132,20051221,1",ADMINISTRATIVE,Lose
"TPBA,90,訴,4227,20020515,2",ADMINISTRATIVE,Lose
"TPAA,90,判,1769,20011004,1",ADMINISTRATIVE,Lose
"TPAA,105,判,299,20160608,1",ADMINISTRATIVE,Lose
"TPAA,102,判,487,20130802,1",ADMINISTRATIVE,Lose
"IPCA,98,行商訴,226,20100520,2",ADMINISTRATIVE,Lose
"IPCA,98,行商訴,90,20090924,3",ADMINISTRATIVE,Lose
"IPCA,111,行商訴,62,20230317,2",ADMINISTRATIVE,Lose
"TPBA,96,訴,1890,20080410,2",ADMINISTRATIVE,Lose
"TPBA,93,訴,4032,20060427,3",ADMINISTRATIVE,Lose
"TPBA,91,訴,4225,20031217,2",ADMINISTRATIVE,Lose
"TPBA,95,訴,1019,20070524,2",ADMINISTRATIVE,Lose
"IPCA,108,行商訴,105,20191231,2",ADMINISTRATIVE,Lose
"TPBA,90,訴,4302,20020626,2",ADMINISTRATIVE,Lose
"TPBA,90,訴,3018,20020117,1",ADMINISTRATIVE,Lose
"TPBA,96,訴,1520,20080110,2",ADMINISTRATIVE,Lose
"TPAA,95,判,1089,20060714,1",ADMINISTRATIVE,Lose
"IPCA,111,行商訴,2,20230412,2",ADMINISTRATIVE,Win
"IPCA,99,行商訴,136,20101125,1",ADMINISTRATIVE,Lose
"IPCA,105,行商訴,38,20160616,2",ADMINISTRATIVE,Lose
"IPCA,101,行專訴,51,20121206,3",ADMINISTRATIVE,Lose
"TPBA,92,訴,3002,20040929,2",ADMINISTRATIVE,Lose
"TPBA,96,訴,695,20080117,2",ADMINISTRATIVE,Lose
"TPBA,95,訴,1872,20070517,2",ADMINISTRATIVE,Lose
"TPBA,94,訴,828,20060309,2",ADMINISTRATIVE,Lose
"TPBA,92,訴更一,84,20040129,1",ADMINISTRATIVE,Win
"TPBA,94,訴,651,20060413,2",ADMINISTRATIVE,Lose
"TPAA,94,判,706,20050526,1",ADMINISTRATIVE,Lose
"TPAA,88,判,4012,19991126",ADMINISTRATIVE,Lose
"TPBA,91,訴,2702,20030722,1",ADMINISTRATIVE,Lose
"TPAA,88,判,480,19990305",ADMINISTRATIVE,Lose
"TPBA,93,訴,280,20050623,2",ADMINISTRATIVE,Lose
"TPBA,89,訴,1304,20011004,2",ADMINISTRATIVE,Lose
"TPBA,93,訴,1150,20050615,2",ADMINISTRATIVE,Lose
"TPBA,96,訴,2195,20080424,2",ADMINISTRATIVE,Lose
"TPBA,92,訴,3845,20041027,2",ADMINISTRATIVE,Lose
"TPBA,96,訴,3336,20080430,2",ADMINISTRATIVE,Lose
"TPAA,97,判,72,20080313,1",ADMINISTRATIVE,Lose
"TPAA,89,判,581,20000302",ADMINISTRATIVE,Lose
"IPCA,102,行商訴,85,20131114,1",ADMINISTRATIVE,Lose
"TPBA,93,訴,1942,20050729,2",ADMINISTRATIVE,Lose
"TPAA,89,判,2789,20000921,1",ADMINISTRATIVE,Lose
"IPCA,102,行商訴,2,20130724,2",ADMINISTRATIVE,Lose
"TPBA,93,訴,3317,20050929,2",ADMINISTRATIVE,Lose
"TPBA,92,訴,1105,20040818,2",ADMINISTRATIVE,Lose
"TPAA,96,判,270,20070213,1",ADMINISTRATIVE,Lose
"TPBA,90,訴,1665,20011107,1",ADMINISTRATIVE,Lose
"TPBA,97,訴,863,20081009,2",ADMINISTRATIVE,Lose
"IPCA,106,行專訴,14,20180329,2",ADMINISTRATIVE,Lose
"TPBA,93,訴,3185,20051215,2",ADMINISTRATIVE,Lose
"IPCA,104,行專訴,61,20151203,3",ADMINISTRATIVE,Win
"TPBA,97,訴更一,56,20081217,1",ADMINISTRATIVE,Lose
"TPBA,94,訴,2723,20060809,2",ADMINISTRATIVE,Lose
"IPCA,103,行專訴,108,20150702,4",ADMINISTRATIVE,Lose
"IPCA,101,行商訴,56,20130613,3",ADMINISTRATIVE,Win
"TPBA,94,訴,1102,20060330,2",ADMINISTRATIVE,Lose
"TPBA,89,訴,1752,20021104,1",ADMINISTRATIVE,Lose
"IPCA,101,行商訴,176,20130613,2",ADMINISTRATIVE,Win
"IPCA,98,行專訴,115,20100422,4",ADMINISTRATIVE,Lose
"TPBA,95,訴,2841,20070712,2",ADMINISTRATIVE,Lose
"TPBA,96,訴,2355,20080612,2",ADMINISTRATIVE,Lose
"TPBA,92,訴,3974,20041110,2",ADMINISTRATIVE,Lose
"IPCA,108,行商訴,66,20200226,3",ADMINISTRATIVE,Lose
"TPBA,89,訴,2218,20030219,1",ADMINISTRATIVE,Mixed
"TPBA,91,訴,1240,20030423,2",ADMINISTRATIVE,Lose
"IPCA,97,行商訴,99,20090226,2",ADMINISTRATIVE,Lose
"IPCA,104,行商訴,139,20160331,2",ADMINISTRATIVE,Lose
"TPAA,89,判,2602,20000825,1",ADMINISTRATIVE,Lose
"TPBA,91,訴,2363,20030722,2",ADMINISTRATIVE,Win
"IPCA,110,行商訴,50,20220310,2",ADMINISTRATIVE,Lose
"IPCA,113,行專訴,33,20241218,2",ADMINISTRATIVE,Lose
"IPCA,102,行商訴,80,20131018,2",ADMINISTRATIVE,Lose
"TPAA,103,判,556,20141023,1",ADMINISTRATIVE,Lose
"TPBA,97,訴,1705,20081225,2",ADMINISTRATIVE,Lose
"IPCA,100,行專訴,119,20120531,3",ADMINISTRATIVE,Lose
"IPCA,102,行專訴,62,20140122,4",ADMINISTRATIVE,Lose
"TPBA,90,訴,6146,20020919,2",ADMINISTRATIVE,Lose
"TPAA,88,判,531,19990311",ADMINISTRATIVE,Lose
"IPCA,98,行專訴,49,20090910,3",ADMINISTRATIVE,Lose
"TPAA,89,判,1829,20000608",ADMINISTRATIVE,Lose
"IPCA,109,行商訴,57,20201126,2",ADMINISTRATIVE,Lose
"TPBA,92,訴,2930,20050609,2",ADMINISTRATIVE,Lose
"TPBA,96,訴,174,20080130,1",ADMINISTRATIVE,Lose
"TPBA,95,訴,2786,20070509,2",ADMINISTRATIVE,Lose
"IPCA,99,行商訴,24,20100624,3",ADMINISTRATIVE,Mixed
"IPCA,101,行商訴,114,20130103,3",ADMINISTRATIVE,Lose
"TPBA,92,訴,1241,20040616,3",ADMINISTRATIVE,Lose
"IPCA,103,行商訴,52,20140807,2",ADMINISTRATIVE,Lose
"IPCA,102,行專更(一),1,20131031,2",ADMINISTRATIVE,Lose
"TPBA,95,訴,968,20070130,3",ADMINISTRATIVE,Lose
"TPAA,96,判,1410,20070809,1",ADMINISTRATIVE,Lose
"IPCA,111,行專訴,52,20230608,4",ADMINISTRATIVE,Win
"TPBA,89,訴,1584,20010621,2",ADMINISTRATIVE,Lose
"IPCA,102,行專訴,79,20140129,4",ADMINISTRATIVE,Lose
"TPBA,91,訴,3221,20030903,2",ADMINISTRATIVE,Lose
"TPBA,90,訴,5664,20020821,2",ADMINISTRATIVE,Lose
"IPCA,98,行商訴,240,20100527,3",ADMINISTRATIVE,Lose
"IPCA,108,行商訴,115,20200326,2",ADMINISTRATIVE,Lose
"TPBA,93,訴,4123,20060209,2",ADMINISTRATIVE,Win
"TPBA,96,訴,184,20071025,2",ADMINISTRATIVE,Lose
"TPAA,103,判,392,20140717,1",ADMINISTRATIVE,Lose
"IPCA,101,行專訴,96,20130711,3",ADMINISTRATIVE,Lose
"TPBA,90,訴,1151,20021031,2",ADMINISTRATIVE,Lose
"TPBA,94,訴,2509,20060907,2",ADMINISTRATIVE,Lose
"TPBA,91,訴,3531,20021105,2",ADMINISTRATIVE,Lose
"TPBA,95,訴,372,20061228,2",ADMINISTRATIVE,Lose
"IPCA,106,行商訴,124,20180412,2",ADMINISTRATIVE,Lose
"TPBA,92,訴,2425,20030925,2",ADMINISTRATIVE,Win
"TPBA,94,訴,683,20060608,3",ADMINISTRATIVE,Lose
"TPBA,95,訴,973,20061228,1",ADMINISTRATIVE,Lose
"TPAA,106,判,258,20170518,1",ADMINISTRATIVE,Lose
"IPCA,104,行專訴,84,20160225,3",ADMINISTRATIVE,Lose
"IPCA,103,行專訴,32,20140925,3",ADMINISTRATIVE,Lose
"IPCA,102,行專訴,82,20131120,3",ADMINISTRATIVE,Lose
"TPBA,94,訴,2424,20060608,2",ADMINISTRATIVE,Lose
"IPCA,99,行商訴,19,20100624,3",ADMINISTRATIVE,Lose
"IPCA,102,行著訴,11,20140326,2",ADMINISTRATIVE,Lose
"TPBA,96,訴,1682,20080110,1",ADMINISTRATIVE,Lose
"TPBA,91,訴,1528,20030611,2",ADMINISTRATIVE,Lose
"TPBA,89,訴,1988,20020517,2",ADMINISTRATIVE,Lose
"TPBA,90,訴,4811,20020708,2",ADMINISTRATIVE,Lose
"IPCA,108,行專訴,3,20190808,3",ADMINISTRATIVE,Lose
"IPCA,102,行著訴,5,20131115,2",ADMINISTRATIVE,Lose
"TPBA,90,訴,6549,20021024,2",ADMINISTRATIVE,Lose
"IPCA,108,行專訴,17,20190829,3",ADMINISTRATIVE,Lose
"TPAA,95,判,587,20060427,1",ADMINISTRATIVE,Lose
"TPBA,91,訴,4688,20040119,2",ADMINISTRATIVE,Lose
"TPAA,108,上,1063,20211028,1",ADMINISTRATIVE,Lose
"TPBA,93,訴,701,20050426,1",ADMINISTRATIVE,Lose
"IPCA,103,行商訴,29,20140625,1",ADMINISTRATIVE,Lose
"IPCA,103,行商訴,1,20140424,1",ADMINISTRATIVE,Lose
"TPAA,102,判,202,20130412,1",ADMINISTRATIVE,Lose
"IPCA,104,行商訴,157,20160707,2",ADMINISTRATIVE,Win
"IPCA,105,行商訴,39,20160831,2",ADMINISTRATIVE,Win
"TPBA,90,訴,396,20020111,1",ADMINISTRATIVE,Lose
"IPCA,112,行商訴,40,20240118,2",ADMINISTRATIVE,Lose
"IPCA,101,行商訴,81,20121011,2",ADMINISTRATIVE,Lose
"TPAA,95,判,1185,20060731,1",ADMINISTRATIVE,Lose
"TPBA,91,訴,3444,20031008,2",ADMINISTRATIVE,Lose
"IPCA,99,行專訴,142,20110224,3",ADMINISTRATIVE,Lose
"TPAA,94,判,1554,20051013,1",ADMINISTRATIVE,Lose
"TPBA,94,訴,984,20060406,2",ADMINISTRATIVE,Lose
"TPAA,95,判,1601,20060928,1",ADMINISTRATIVE,Lose
"IPCA,99,行商訴,233,20110519,2",ADMINISTRATIVE,Lose
"TPBA,95,訴,4388,20071011,1",ADMINISTRATIVE,Lose
"TPBA,91,訴,5110,20040325,1",ADMINISTRATIVE,Lose
"TPAA,110,上,57,20220120,1",ADMINISTRATIVE,Lose
"TPBA,90,訴,4584,20020529,1",ADMINISTRATIVE,Lose
"TPAA,95,判,1283,20060810,1",ADMINISTRATIVE,Lose
"TPBA,90,訴,2842,20020122,1",ADMINISTRATIVE,Lose
"IPCA,104,行著訴,5,20160629,3",ADMINISTRATIVE,Lose
"IPCA,99,行專訴,73,20101111,3",ADMINISTRATIVE,Win
"IPCA,97,行專訴,54,20090122,3",ADMINISTRATIVE,Win
"IPCA,97,行專訴,79,20090409,2",ADMINISTRATIVE,Lose
"TPBA,92,訴,4,20040407,2",ADMINISTRATIVE,Lose
"IPCA,100,行商再,3,20110830,1",ADMINISTRATIVE,Lose
"IPCA,105,行商訴,131,20171026,3",ADMINISTRATIVE,Lose
"TPBA,96,訴,2197,20080327,2",ADMINISTRATIVE,Lose
"IPCA,108,行商訴,92,20191212,2",ADMINISTRATIVE,Win
"IPCA,100,行專訴,83,20120119,4",ADMINISTRATIVE,Lose
"TPBA,94,訴,2810,20060928,2",ADMINISTRATIVE,Lose
"TPAA,90,判,1307,20010727,1",ADMINISTRATIVE,Win
"IPCA,98,行商訴,37,20090625,2",ADMINISTRATIVE,Lose
"TPAA,90,判,2557,20011228,1",ADMINISTRATIVE,Lose
"TPAA,112,上,824,20240606,1",ADMINISTRATIVE,Lose
"TPBA,93,訴,1104,20050429,2",ADMINISTRATIVE,Lose
"TPBA,90,訴,460,20020326,1",ADMINISTRATIVE,Win
"IPCA,101,行商訴,15,20120629,2",ADMINISTRATIVE,Lose
"TPBA,92,訴更一,119,20040623,2",ADMINISTRATIVE,Win
"TPAA,93,判,432,20040422,1",ADMINISTRATIVE,Lose
"IPCA,101,行專訴,76,20130103,3",ADMINISTRATIVE,Lose
"IPCA,100,行商訴,146,20120119,1",ADMINISTRATIVE,Lose
"TPAA,90,判,1701,20010924,1",ADMINISTRATIVE,Lose
"TPAA,89,判,132,20000120",ADMINISTRATIVE,Lose
"TPAA,92,判,750,20030612,1",ADMINISTRATIVE,Lose
"TPAA,99,判,680,20100708,1",ADMINISTRATIVE,Lose
"TPBA,90,訴,5934,20021218,2",ADMINISTRATIVE,Lose
"IPCA,103,行商訴,65,20141023,2",ADMINISTRATIVE,Lose
"TPAA,88,判,1991,19990520",ADMINISTRATIVE,Lose
"TPAA,90,判,2379,20011213,1",ADMINISTRATIVE,Lose
"IPCA,106,行商訴,21,20180131,2",ADMINISTRATIVE,Lose
"TPAA,89,判,1476,20000511",ADMINISTRATIVE,Lose
"TPAA,95,判,1926,20061123,1",ADMINISTRATIVE,Lose
"TPAA,88,判,709,19990326",ADMINISTRATIVE,Lose
"TPBA,90,訴,6376,20020930,2",ADMINISTRATIVE,Lose
"TPBA,93,訴,3350,20050929,2",ADMINISTRATIVE,Lose
"TPBA,93,訴,1445,20050616,2",ADMINISTRATIVE,Lose
"TPBA,95,訴,4025,20070822,2",ADMINISTRATIVE,Mixed
"TPBA,90,訴,2099,20011227,1",ADMINISTRATIVE,Lose
"IPCA,99,行專訴,26,20100610,2",ADMINISTRATIVE,Lose
"IPCA,103,行專訴,28,20140918,4",ADMINISTRATIVE,Lose
"TPBA,92,訴,4926,20050922,2",ADMINISTRATIVE,Lose
"TPBA,90,訴,6162,20030123,2",ADMINISTRATIVE,Lose
"TPAA,90,判,144,20010111,1",ADMINISTRATIVE,Win
"TPBA,96,訴,87,20071114,2",ADMINISTRATIVE,Lose
"IPCA,100,行專訴,48,20111207,3",ADMINISTRATIVE,Lose
"IPCA,111,行專訴,75,20230713,2",ADMINISTRATIVE,Mixed
"IPCA,97,行商訴,120,20090430,3",ADMINISTRATIVE,Lose
"TPAA,88,判,3446,19990916",ADMINISTRATIVE,Lose
"TPBA,93,訴,1919,20050818,1",ADMINISTRATIVE,Lose
"TPAA,96,判,1686,20070920,1",ADMINISTRATIVE,Lose
"TPBA,92,訴,1793,20040623,1",ADMINISTRATIVE,Lose
"IPCA,105,行商訴,24,20160729,2",ADMINISTRATIVE,Lose
"TPBA,91,訴,2693,20030716,2",ADMINISTRATIVE,Lose
"TPBA,95,訴,841,20070125,2",ADMINISTRATIVE,Lose
"TPAA,97,判,1073,20081128,1",ADMINISTRATIVE,Lose
"IPCA,97,行商訴,14,20081231,2",ADMINISTRATIVE,Win
"TPBA,97,訴,703,20080717,2",ADMINISTRATIVE,Lose
"IPCA,99,行專訴,175,20110602,3",ADMINISTRATIVE,Lose
"TPAA,101,判,774,20120823,1",ADMINISTRATIVE,Lose
"TPBA,94,訴,3282,20060810,2",ADMINISTRATIVE,Lose
"TPAA,109,上,416,20211125,2",ADMINISTRATIVE,Lose
"IPCA,101,行商訴,121,20121122,2",ADMINISTRATIVE,Lose
"TPBA,94,訴,2412,20060530,2",ADMINISTRATIVE,Lose
"TPBA,92,訴,1660,20040616,1",ADMINISTRATIVE,Lose
"TPBA,95,訴,789,20061213,2",ADMINISTRATIVE,Lose
"TPBA,92,訴更一,2,20031030,1",ADMINISTRATIVE,Win
"TPAA,93,判,468,20040423,1",ADMINISTRATIVE,Lose
"TPAA,100,判,1531,20110831,1",ADMINISTRATIVE,Lose
"IPCA,104,行專訴,2,20150925,4",ADMINISTRATIVE,Lose
"TPBA,91,訴,765,20030424,2",ADMINISTRATIVE,Lose
"TPAA,94,判,1697,20051103,1",ADMINISTRATIVE,Lose
"TPBA,93,訴,2114,20050722,2",ADMINISTRATIVE,Lose
"TPBA,96,訴,3619,20080327,2",ADMINISTRATIVE,Lose
"IPCA,99,行商訴,125,20101202,2",ADMINISTRATIVE,Lose
"IPCA,110,行專訴,21,20211130,3",ADMINISTRATIVE,Lose
"IPCA,104,行商訴,98,20151210,2",ADMINISTRATIVE,Lose
"TPBA,91,訴,778,20030305,2",ADMINISTRATIVE,Lose
"TPBA,96,訴,2443,20080229,2",ADMINISTRATIVE,Lose
"IPCA,105,行商訴,58,20161214,2",ADMINISTRATIVE,Lose
"IPCA,100,行商訴,114,20111229,2",ADMINISTRATIVE,Lose
"TPBA,91,訴,2422,20030813,2",ADMINISTRATIVE,Lose
"TPAA,88,判,3424,19990903",ADMINISTRATIVE,Lose
"TPBA,95,訴,2007,20070412,2",ADMINISTRATIVE,Lose
"TPAA,98,判,321,20090326,1",ADMINISTRATIVE,Lose
"TPAA,90,判,1651,20010914,1",ADMINISTRATIVE,Lose
"IPCA,99,行商訴,62,20100722,2",ADMINISTRATIVE,Lose
"IPCA,100,行專訴,30,20110825,1",ADMINISTRATIVE,Lose
"TPBA,91,訴,403,20030305,2",ADMINISTRATIVE,Lose
"TPBA,91,訴,868,20030326,2",ADMINISTRATIVE,Lose
"TPBA,89,訴,1445,20010517,2",ADMINISTRATIVE,Lose
"TPBA,95,訴,4565,20071101,2",ADMINISTRATIVE,Lose
"TPBA,94,訴,2725,20060608,2",ADMINISTRATIVE,Lose
"TPAA,90,判,2515,20011221,1",ADMINISTRATIVE,Lose
"TPAA,90,判,528,20010406,1",ADMINISTRATIVE,Lose
"TPBA,92,訴,430,20040701,2",ADMINISTRATIVE,Mixed
"TPBA,94,訴,3882,20061205,2",ADMINISTRATIVE,Lose
"IPCA,110,行專訴,48,20220427,4",ADMINISTRATIVE,Lose
"TPBA,90,訴,5177,20021011,2",ADMINISTRATIVE,Lose
"IPCA,101,行商訴,136,20130110,1",ADMINISTRATIVE,Lose
"TPAA,106,判,601,20171031,1",ADMINISTRATIVE,Lose
"IPCA,103,行商訴,15,20140612,2",ADMINISTRATIVE,Win
"IPCA,107,行專訴,70,20190117,3",ADMINISTRATIVE,Lose
"TPBA,91,訴,2654,20030904,2",ADMINISTRATIVE,Lose
"TPBA,91,訴,106,20030122,1",ADMINISTRATIVE,Lose
"IPCA,101,行商訴,16,20120712,3",ADMINISTRATIVE,Lose
"IPCA,99,行專訴,56,20101007,3",ADMINISTRATIVE,Win
"TPBA,97,訴,58,20080508,2",ADMINISTRATIVE,Lose
"TPBA,97,訴,911,20081105,2",ADMINISTRATIVE,Lose
"TPBA,92,訴,4279,20050304,1",ADMINISTRATIVE,Lose
"TPAA,112,上,43,20240131,1",ADMINISTRATIVE,Lose
"IPCA,103,行商訴,2,20140530,2",ADMINISTRATIVE,Lose
"TPAA,90,判,569,20010412,1",ADMINISTRATIVE,Lose
"IPCA,100,行商訴,136,20120216,2",ADMINISTRATIVE,Win
"IPCA,98,行商訴,238,20100422,2",ADMINISTRATIVE,Lose
"IPCA,107,行專訴,17,20180816,3",ADMINISTRATIVE,Lose
"IPCA,100,行專訴,35,20110929,2",ADMINISTRATIVE,Lose
"TPBA,96,訴,3754,20080528,2",ADMINISTRATIVE,Lose
"TPBA,90,訴,5740,20021002,2",ADMINISTRATIVE,Lose
"TPBA,90,訴,6941,20030213,2",ADMINISTRATIVE,Lose
"TPBA,89,訴,3210,20020314,2",ADMINISTRATIVE,Lose
"TPBA,95,訴,3762,20070801,2",ADMINISTRATIVE,Lose
"TPAA,89,判,2504,20000803,1",ADMINISTRATIVE,Lose
"TPBA,95,訴,2917,20070628,2",ADMINISTRATIVE,Lose
"TPBA,92,訴,1974,20040805,1",ADMINISTRATIVE,Lose
"IPCA,102,行商更(一),4,20131227,1",ADMINISTRATIVE,Mixed
"TPAA,98,判,1409,20091119,1",ADMINISTRATIVE,Lose
"TPBA,91,訴,1762,20030821,2",ADMINISTRATIVE,Lose
"TPBA,90,訴,412,20011112,1",ADMINISTRATIVE,Lose
"TPBA,95,訴,87,20061109,1",ADMINISTRATIVE,Lose
"TPAA,90,判,1899,20011019,1",ADMINISTRATIVE,Lose
"IPCA,107,行商訴,76,20190626,2",ADMINISTRATIVE,Win
"TPBA,90,訴,6344,20021003,2",ADMINISTRATIVE,Lose
"TPBA,93,訴,2277,20060420,2",ADMINISTRATIVE,Win
"TPBA,95,訴,50,20070104,2",ADMINISTRATIVE,Lose
"IPCA,101,行商訴,140,20130221,3",ADMINISTRATIVE,Lose
"IPCA,102,行專訴,61,20131003,3",ADMINISTRATIVE,Mixed
"IPCA,99,行商訴,82,20100923,3",ADMINISTRATIVE,Lose
"IPCA,105,行商訴,54,20170224,2",ADMINISTRATIVE,Win
"IPCA,98,行專訴,8,20090604,3",ADMINISTRATIVE,Win
"TPAA,89,判,906,20000330",ADMINISTRATIVE,Lose
"TPBA,96,訴,2726,20080327,2",ADMINISTRATIVE,Lose
"IPCA,107,行專訴,10,20180830,3",ADMINISTRATIVE,Lose
"TPBA,92,訴,4417,20050202,2",ADMINISTRATIVE,Win
"IPCA,110,行專訴,67,20220930,4",ADMINISTRATIVE,Lose
"IPCA,100,行商訴,17,20110609,3",ADMINISTRATIVE,Lose
"TPAA,93,判,979,20040729,1",ADMINISTRATIVE,Lose
"TPBA,95,訴,1380,20070215,2",ADMINISTRATIVE,Lose
"IPCA,98,行商訴,222,20100325,2",ADMINISTRATIVE,Lose
"IPCA,101,行專訴,110,20130425,3",ADMINISTRATIVE,Lose
"TPBA,90,訴,4236,20020904,1",ADMINISTRATIVE,Mixed
"TPBA,95,訴,560,20061221,2",ADMINISTRATIVE,Lose
"TPBA,94,訴,764,20060413,2",ADMINISTRATIVE,Lose
"TPBA,92,訴,1066,20040526,3",ADMINISTRATIVE,Lose
"TPBA,95,訴,69,20061214,1",ADMINISTRATIVE,Win
"TPAA,95,判,315,20060309,1",ADMINISTRATIVE,Lose
"IPCA,103,行商訴,32,20140925,1",ADMINISTRATIVE,Lose
"IPCA,99,行商訴,61,20100812,3",ADMINISTRATIVE,Lose
"IPCA,98,行商更(一),9,20100114,1",ADMINISTRATIVE,Win
"TPAA,88,判,4305,19991230",ADMINISTRATIVE,Lose
"TPAA,90,判,2223,20011129,1",ADMINISTRATIVE,Lose
"IPCA,99,行商訴,235,20110224,1",ADMINISTRATIVE,Lose
"TPBA,91,訴,3199,20030924,1",ADMINISTRATIVE,Lose
"TPAA,90,判,724,20010503,1",ADMINISTRATIVE,Lose
"TPAA,88,判,347,19990211",ADMINISTRATIVE,Lose
"IPCA,102,行商訴,81,20131023,1",ADMINISTRATIVE,Mixed
"TPAA,90,判,1249,20010719,1",ADMINISTRATIVE,Lose
"TPAA,109,上,1170,20220303,1",ADMINISTRATIVE,Lose
"IPCA,109,行商訴,76,20210325,2",ADMINISTRATIVE,Win
"IPCA,106,行專訴,88,20180517,3",ADMINISTRATIVE,Lose
"IPCA,97,行專訴,3,20081113,3",ADMINISTRATIVE,Lose
"TPBA,95,訴,257,20061109,2",ADMINISTRATIVE,Lose
"IPCA,106,行著訴,1,20180418,2",ADMINISTRATIVE,Lose
"TPAA,92,判,1702,20031205,1",ADMINISTRATIVE,Lose
"TPBA,91,訴,324,20030305,1",ADMINISTRATIVE,Lose
"TPAA,90,判,1827,20011011,1",ADMINISTRATIVE,Lose
"TPAA,101,判,300,20120329,1",ADMINISTRATIVE,Lose
"IPCA,110,行商訴,43,20220120,2",ADMINISTRATIVE,Lose
"TPAA,90,判,1829,20011011,1",ADMINISTRATIVE,Lose
"IPCA,109,行專訴,9,20200730,3",ADMINISTRATIVE,Lose
"TPAA,87,判,1175,19980618",ADMINISTRATIVE,Lose
"IPCA,104,行商訴,146,20160711,3",ADMINISTRATIVE,Lose
"TPAA,91,判,199,20020131,1",ADMINISTRATIVE,Lose
"TPAA,100,判,172,20110217,1",ADMINISTRATIVE,Lose
"TPBA,91,訴,4300,20040401,2",ADMINISTRATIVE,Win
"TPAA,95,判,840,20060608,1",ADMINISTRATIVE,Lose
"IPCA,106,行商訴,115,20180523,2",ADMINISTRATIVE,Lose
"TPAA,93,判,631,20040519,1",ADMINISTRATIVE,Lose
"IPCA,103,行商訴,76,20141030,2",ADMINISTRATIVE,Lose
"TPBA,91,訴,3197,20030924,1",ADMINISTRATIVE,Lose
"TPBA,92,訴,4398,20050202,1",ADMINISTRATIVE,Lose
"TPBA,91,訴,3223,20040115,2",ADMINISTRATIVE,Mixed
"IPCA,99,行商訴,185,20110217,2",ADMINISTRATIVE,Lose
"TPBA,96,訴,4152,20080415,2",ADMINISTRATIVE,Win
"IPCA,98,行商更(一),6,20091217,1",ADMINISTRATIVE,Lose
"TPBA,92,訴,771,20040324,2",ADMINISTRATIVE,Lose
"TPBA,91,訴,582,20030416,2",ADMINISTRATIVE,Lose
"IPCA,107,行商訴,34,20181128,3",ADMINISTRATIVE,Lose
"TPBA,97,訴,1309,20081204,2",ADMINISTRATIVE,Lose
"TPBA,91,訴,566,20030324,1",ADMINISTRATIVE,Lose
"IPCA,113,行專訴,29,20241128,3",ADMINISTRATIVE,Lose
"TPBA,91,訴,3545,20031022,2",ADMINISTRATIVE,Lose
"IPCA,109,行商訴,73,20210106,1",ADMINISTRATIVE,Lose
"TPAA,89,判,1543,20000518",ADMINISTRATIVE,Lose
"TPBA,95,訴,424,20070111,1",ADMINISTRATIVE,Lose
"TPBA,91,訴,865,20030409,2",ADMINISTRATIVE,Lose
"TPBA,91,訴,2717,20030827,2",ADMINISTRATIVE,Lose
"IPCA,107,行專訴,79,20190131,3",ADMINISTRATIVE,Lose
"TPBA,93,訴,831,20050630,2",ADMINISTRATIVE,Lose
"TPBA,96,訴,483,20071115,2",ADMINISTRATIVE,Lose
"IPCA,99,行專訴,123,20101230,3",ADMINISTRATIVE,Lose
"TPAA,88,判,3417,19990903",ADMINISTRATIVE,Lose
"TPBA,90,訴,1861,20020220,2",ADMINISTRATIVE,Lose
"IPCA,99,行專訴,58,20101007,3",ADMINISTRATIVE,Lose
"TPBA,90,訴,1206,20011207,2",ADMINISTRATIVE,Lose
"IPCA,110,行商訴,53,20220127,1",ADMINISTRATIVE,Win
"TPBA,91,訴,522,20030410,2",ADMINISTRATIVE,Lose
"IPCA,99,行商訴,150,20101230,2",ADMINISTRATIVE,Lose
"TPBA,90,訴,3795,20020131,1",ADMINISTRATIVE,Lose
"IPCA,98,行商訴,236,20100422,2",ADMINISTRATIVE,Lose
"IPCA,108,行商更(一),9,20200812,1",ADMINISTRATIVE,Lose
"IPCA,97,行專訴,73,20090514,3",ADMINISTRATIVE,Lose
"TPAA,95,判,326,20060309,1",ADMINISTRATIVE,Lose
"IPCA,102,行專訴,74,20131108,3",ADMINISTRATIVE,Win
"IPCA,103,行商訴,27,20140827,2",ADMINISTRATIVE,Lose
"TPBA,92,訴,2065,20040804,1",ADMINISTRATIVE,Lose
"IPCA,100,行專更(一),7,20110714,2",ADMINISTRATIVE,Win
"TPBA,96,訴,1040,20071227,1",ADMINISTRATIVE,Lose
"TPBA,95,訴,426,20061207,2",ADMINISTRATIVE,Lose
"IPCA,104,行專訴,42,20151130,3",ADMINISTRATIVE,Lose
"IPCA,107,行專訴,7,20181122,4",ADMINISTRATIVE,Lose
"TPBA,91,訴,3506,20031015,2",ADMINISTRATIVE,Lose
"TPBA,96,訴,3785,20080430,1",ADMINISTRATIVE,Lose
"TPBA,89,訴,2568,20011221,2",ADMINISTRATIVE,Lose
"TPAA,91,判,552,20020418,1",ADMINISTRATIVE,Lose
"IPCA,103,行專訴,106,20150610,4",ADMINISTRATIVE,Lose
"TPBA,89,訴,4080,20011004,2",ADMINISTRATIVE,Mixed
"IPCA,109,行商訴,63,20201112,2",ADMINISTRATIVE,Lose
"TPAA,94,判,1699,20051103,1",ADMINISTRATIVE,Lose
"IPCA,97,行商訴,15,20081120,2",ADMINISTRATIVE,Lose
"TPBA,95,訴,3496,20070823,1",ADMINISTRATIVE,Lose
"TPAA,90,判,965,20010601,1",ADMINISTRATIVE,Lose
"IPCA,98,行商訴,211,20100225,2",ADMINISTRATIVE,Lose
"IPCA,98,行專訴,119,20100325,3",ADMINISTRATIVE,Lose
"TPBA,94,訴,350,20060309,2",ADMINISTRATIVE,Lose
"TPBA,92,訴,2235,20040811,2",ADMINISTRATIVE,Lose
"TPBA,96,訴,322,20071011,2",ADMINISTRATIVE,Lose
"IPCA,99,行商訴,203,20110328,2",ADMINISTRATIVE,Lose
"TPAA,109,上,1137,20220120,1",ADMINISTRATIVE,Lose
"IPCA,101,行商訴,171,20130516,2",ADMINISTRATIVE,Lose
"TPBA,91,訴,4609,20040311,2",ADMINISTRATIVE,Lose
"IPCA,98,行商訴,190,20100304,3",ADMINISTRATIVE,Lose
"TPAA,102,判,755,20131212,1",ADMINISTRATIVE,Lose
"TPBA,95,訴,297,20061207,2",ADMINISTRATIVE,Lose
"TPAA,90,判,2564,20011228,1",ADMINISTRATIVE,Lose
"TPBA,91,訴,1362,20030515,2",ADMINISTRATIVE,Lose
"TPAA,96,判,1688,20070920,1",ADMINISTRATIVE,Lose
"IPCA,99,行商訴,91,20100916,2",ADMINISTRATIVE,Lose
"TPBA,92,訴,260,20040310,2",ADMINISTRATIVE,Lose
"TPBA,95,訴,969,20070215,2",ADMINISTRATIVE,Lose
"TPBA,96,訴,3098,20080408,2",ADMINISTRATIVE,Lose
"IPCA,98,行商訴,106,20090806,1",ADMINISTRATIVE,Lose
"TPBA,94,訴,2218,20060712,2",ADMINISTRATIVE,Lose
"TPAA,90,判,1432,20010816,1",ADMINISTRATIVE,Lose
"TPBA,90,訴,4917,20020716,2",ADMINISTRATIVE,Lose
"IPCA,105,行商訴,31,20160811,3",ADMINISTRATIVE,Lose
"IPCA,101,行商訴,170,20130313,1",ADMINISTRATIVE,Lose
"TPAA,95,判,2058,20061214,1",ADMINISTRATIVE,Lose
"TPAA,92,判,663,20030529,1",ADMINISTRATIVE,Lose
"TPBA,95,訴,3146,20070614,2",ADMINISTRATIVE,Lose
"TPAA,94,判,1567,20051013,1",ADMINISTRATIVE,Lose
"TPBA,91,訴,4458,20040401,2",ADMINISTRATIVE,Lose
"TPBA,90,訴,4949,20020725,1",ADMINISTRATIVE,Lose
"TPBA,93,訴,1941,20051020,2",ADMINISTRATIVE,Lose
"TPBA,94,訴,1961,20060425,2",ADMINISTRATIVE,Lose
"TPBA,97,訴,968,20080807,2",ADMINISTRATIVE,Lose
"TPAA,90,判,1678,20010921,1",ADMINISTRATIVE,Lose
"IPCA,99,行商訴,198,20110428,2",ADMINISTRATIVE,Lose
"IPCA,109,行商訴,90,20210129,1",ADMINISTRATIVE,Lose
"TPBA,91,訴,1128,20030522,2",ADMINISTRATIVE,Lose
"TPBA,96,訴,3470,20080703,2",ADMINISTRATIVE,Lose
"TPAA,105,判,702,20161229,1",ADMINISTRATIVE,Lose
"TPAA,96,判,881,20070518,1",ADMINISTRATIVE,Lose
"TPBA,94,訴,587,20060413,1",ADMINISTRATIVE,Lose
"TPBA,90,訴,6781,20021218,2",ADMINISTRATIVE,Lose
"TPAA,98,判,702,20090625,1",ADMINISTRATIVE,Lose
"IPCA,100,行專訴,52,20111103,3",ADMINISTRATIVE,Lose
"TPBA,89,訴,230,20010227,2",ADMINISTRATIVE,Lose
"TPBA,91,訴,3043,20031211,2",ADMINISTRATIVE,Lose
"TPAA,94,判,1195,20050811,1",ADMINISTRATIVE,Lose
"TPBA,97,訴,470,20080611,2",ADMINISTRATIVE,Lose
"TPAA,108,上,1038,20210916,1",ADMINISTRATIVE,Lose
"IPCA,102,行專訴,20,20130904,3",ADMINISTRATIVE,Lose
"TPAA,93,判,590,20040513,1",ADMINISTRATIVE,Lose
"IPCA,102,行商訴,70,20140102,2",ADMINISTRATIVE,Lose
"TPAA,90,判,2559,20011228,1",ADMINISTRATIVE,Lose
"TPAA,91,判,615,20020426,1",ADMINISTRATIVE,Lose
"TPAA,88,判,3199,19990730",ADMINISTRATIVE,Lose
"TPBA,94,訴,1907,20060413,1",ADMINISTRATIVE,Lose
"TPAA,96,判,647,20070418,1",ADMINISTRATIVE,Lose
"IPCA,102,行商訴,98,20140319,2",ADMINISTRATIVE,Lose
"TPBA,93,訴,3360,20051208,2",ADMINISTRATIVE,Lose
"TPBA,94,訴,3229,20060913,2",ADMINISTRATIVE,Lose
"IPCA,102,行著更(一),2,20131106,1",ADMINISTRATIVE,Win
"IPCA,98,行商訴,172,20091119,1",ADMINISTRATIVE,Lose
"TPBA,89,訴,814,20010503,1",ADMINISTRATIVE,Lose
"TPBA,96,訴,3889,20080429,2",ADMINISTRATIVE,Win
"TPBA,91,訴,4648,20040429,2",ADMINISTRATIVE,Win
"IPCA,108,行商訴,45,20191205,2",ADMINISTRATIVE,Lose
"TPAA,96,判,1744,20070928,1",ADMINISTRATIVE,Lose
"IPCA,111,行商訴,87,20230824,2",ADMINISTRATIVE,Lose
"TPBA,92,訴,1251,20040827,2",ADMINISTRATIVE,Lose
"TPBA,94,訴,4055,20061121,2",ADMINISTRATIVE,Lose
"TPBA,92,訴,1947,20040707,2",ADMINISTRATIVE,Lose
"TPAA,99,判,560,20100527,1",ADMINISTRATIVE,Lose
"TPAA,96,判,1865,20071025,1",ADMINISTRATIVE,Lose
"TPBA,91,訴,1040,20030409,2",ADMINISTRATIVE,Lose
"IPCA,106,行商訴,149,20180524,2",ADMINISTRATIVE,Lose
"TPBA,95,訴,558,20070329,2",ADMINISTRATIVE,Lose
"TPBA,90,訴,4493,20020926,2",ADMINISTRATIVE,Lose
"IPCA,99,行商訴,245,20110421,1",ADMINISTRATIVE,Mixed
"TPBA,92,訴,4352,20050120,2",ADMINISTRATIVE,Mixed
"TPBA,90,訴,2643,20021003,1",ADMINISTRATIVE,Lose
"TPAA,93,判,1445,20041118,1",ADMINISTRATIVE,Lose
"IPCA,104,行專訴,67,20160111,2",ADMINISTRATIVE,Lose
"TPBA,96,訴,841,20071227,2",ADMINISTRATIVE,Lose
"TPAA,90,判,1092,20010615,1",ADMINISTRATIVE,Lose
"TPBA,93,訴,2320,20051124,2",ADMINISTRATIVE,Lose
"TPBA,94,訴,2267,20060810,2",ADMINISTRATIVE,Lose
"IPCA,104,行專訴,87,20160629,3",ADMINISTRATIVE,Lose
"IPCA,108,行專訴,18,20190905,3",ADMINISTRATIVE,Lose
"IPCA,103,行商訴,68,20141120,2",ADMINISTRATIVE,Lose
"IPCA,102,行專訴,125,20140515,3",ADMINISTRATIVE,Lose
"TPBA,96,訴,121,20070927,2",ADMINISTRATIVE,Lose
"TPBA,91,訴,64,20021231,2",ADMINISTRATIVE,Lose
"TPBA,90,訴,3958,20020529,1",ADMINISTRATIVE,Lose
"TPBA,94,訴,3173,20060727,2",ADMINISTRATIVE,Lose
"TPBA,91,訴,795,20030403,1",ADMINISTRATIVE,Mixed
"IPCA,104,行商訴,91,20151224,2",ADMINISTRATIVE,Lose
"IPCA,104,行商訴,7,20160121,4",ADMINISTRATIVE,Lose
"TPAA,100,判,1583,20110908,1",ADMINISTRATIVE,Lose
"TPBA,94,訴,1583,20060608,2",ADMINISTRATIVE,Lose
"IPCA,102,行商訴,83,20131212,3",ADMINISTRATIVE,Win
"TPBA,97,訴,195,20080508,1",ADMINISTRATIVE,Mixed
"TPAA,88,判,3586,19990930",ADMINISTRATIVE,Lose
"IPCA,97,行商訴,84,20081231,1",ADMINISTRATIVE,Mixed
"TPAA,99,判,180,20100225,1",ADMINISTRATIVE,Lose
"TPBA,90,訴,4652,20020529,2",ADMINISTRATIVE,Lose
"IPCA,102,行商訴,148,20140417,2",ADMINISTRATIVE,Lose
"IPCA,111,行專訴,66,20230921,3",ADMINISTRATIVE,Lose
"IPCA,105,行專訴,63,20170308,3",ADMINISTRATIVE,Win
"TPBA,93,訴,3214,20050929,1",ADMINISTRATIVE,Lose
"TPBA,94,訴更一,13,20050810,1",ADMINISTRATIVE,Lose
"TPBA,89,訴,1350,20010425,1",ADMINISTRATIVE,Lose
"IPCA,103,行專訴,82,20150129,4",ADMINISTRATIVE,Lose
"IPCA,102,行商訴,20,20130606,2",ADMINISTRATIVE,Lose
"TPBA,94,訴,2867,20060720,2",ADMINISTRATIVE,Lose
"TPBA,91,訴,3046,20031218,2",ADMINISTRATIVE,Win
"IPCA,107,行商訴,74,20190214,2",ADMINISTRATIVE,Lose
"TPAA,98,判,1307,20091029,1",ADMINISTRATIVE,Lose
"TPBA,97,訴,475,20080618,2",ADMINISTRATIVE,Lose
"IPCA,103,行商訴,87,20141211,2",ADMINISTRATIVE,Lose
"IPCA,107,行商訴,54,20181025,2",ADMINISTRATIVE,Win
"TPBA,93,訴,2043,20051020,2",ADMINISTRATIVE,Mixed
"TPAA,100,判,1890,20111103,1",ADMINISTRATIVE,Lose
"IPCA,99,行商訴,99,20101011,2",ADMINISTRATIVE,Lose
"TPAA,89,判,388,20000217",ADMINISTRATIVE,Lose
"IPCA,109,行專訴,33,20210811,4",ADMINISTRATIVE,Lose
"TPAA,93,判,1072,20040820,1",ADMINISTRATIVE,Lose
"IPCA,108,行專訴,14,20191127,3",ADMINISTRATIVE,Lose
"IPCA,100,行商訴,4,20110428,1",ADMINISTRATIVE,Lose
"TPAA,92,判,1858,20031225,1",ADMINISTRATIVE,Lose
"TPBA,95,訴,2353,20070524,1",ADMINISTRATIVE,Lose
"TPAA,90,判,1904,20011019,1",ADMINISTRATIVE,Lose
"TPBA,89,訴,4026,20011116,2",ADMINISTRATIVE,Lose
"TPAA,94,判,1939,20051215,1",ADMINISTRATIVE,Lose
"TPBA,93,訴,3800,20051026,1",ADMINISTRATIVE,Lose
"TPAA,96,判,951,20070531,1",ADMINISTRATIVE,Lose
"IPCA,101,行商訴,134,20130221,3",ADMINISTRATIVE,Lose
"IPCA,103,行商訴,56,20141009,3",ADMINISTRATIVE,Lose
"TPBA,92,訴,1645,20041014,1",ADMINISTRATIVE,Lose
"TPBA,91,訴,295,20021231,2",ADMINISTRATIVE,Lose
"TPAA,98,判,901,20090806,1",ADMINISTRATIVE,Lose
"IPCA,104,行專訴,95,20160527,3",ADMINISTRATIVE,Lose
"TPBA,90,訴,4930,20020731,2",ADMINISTRATIVE,Lose
"IPCA,106,行專訴,61,20180411,3",ADMINISTRATIVE,Lose
"IPCA,100,行商訴,111,20111018,1",ADMINISTRATIVE,Lose
"TPBA,92,訴,1221,20040526,2",ADMINISTRATIVE,Lose
"TPAA,93,判,1090,20040831,1",ADMINISTRATIVE,Lose
"TPAA,88,判,1625,19990429",ADMINISTRATIVE,Lose
"TPAA,95,判,740,20060518,1",ADMINISTRATIVE,Lose
"TPBA,96,訴,3130,20080410,2",ADMINISTRATIVE,Lose
"TPBA,92,訴,1010,20040423,2",ADMINISTRATIVE,Lose
"IPCA,99,行專訴,7,20100701,2",ADMINISTRATIVE,Lose
"TPBA,91,訴,2222,20030722,2",ADMINISTRATIVE,Win
"IPCA,102,行專訴,128,20140820,3",ADMINISTRATIVE,Lose
"TPBA,96,訴,4019,20080422,2",ADMINISTRATIVE,Lose
"TPAA,89,判,1957,20000615",ADMINISTRATIVE,Win
"TPBA,91,訴,4138,20031119,2",ADMINISTRATIVE,Lose
"IPCA,100,行專訴,75,20111124,3",ADMINISTRATIVE,Lose
"TPAA,90,判,1850,20011012,1",ADMINISTRATIVE,Lose
"TPBA,95,訴,105,20061130,2",ADMINISTRATIVE,Lose
"IPCA,107,行商訴,90,20190509,3",ADMINISTRATIVE,Lose
"TPBA,90,訴,4620,20020807,2",ADMINISTRATIVE,Lose
"TPAA,89,判,520,20000225",ADMINISTRATIVE,Lose
"TPBA,96,訴,1222,20080320,2",ADMINISTRATIVE,Lose
"TPAA,93,判,823,20040630,1",ADMINISTRATIVE,Lose
"TPBA,93,訴更一,8,20041216,2",ADMINISTRATIVE,Win
"TPAA,98,判,218,20090305,1",ADMINISTRATIVE,Lose
"TPAA,110,上,567,20221027,1",ADMINISTRATIVE,Lose
"TPBA,94,訴,2775,20060720,2",ADMINISTRATIVE,Lose
"IPCA,102,行專訴,100,20140212,1",ADMINISTRATIVE,Lose
"TPAA,106,判,571,20171026,1",ADMINISTRATIVE,Lose
"IPCA,103,行專訴,5,20140702,3",ADMINISTRATIVE,Lose
"TPBA,93,訴,3806,20051020,1",ADMINISTRATIVE,Lose
"IPCA,109,行商訴,99,20210325,2",ADMINISTRATIVE,Lose
"TPBA,90,訴,49,20011226,2",ADMINISTRATIVE,Lose
"TPAA,101,判,286,20120322,1",ADMINISTRATIVE,Lose
"IPCA,103,行專訴,110,20151016,3",ADMINISTRATIVE,Lose
"TPAA,91,判,459,20020329,1",ADMINISTRATIVE,Lose
"TPBA,89,訴,2700,20010816,2",ADMINISTRATIVE,Lose
"TPBA,96,訴,3190,20080508,2",ADMINISTRATIVE,Lose
"IPCA,108,行專更(一),6,20200910,2",ADMINISTRATIVE,Lose
"TPBA,92,訴,796,20040419,1",ADMINISTRATIVE,Lose
"TPBA,94,訴,1193,20060302,1",ADMINISTRATIVE,Lose
"TPBA,93,訴,1335,20050804,2",ADMINISTRATIVE,Lose
"TPAA,110,上,670,20230615,2",ADMINISTRATIVE,Lose
"TPAA,89,判,2787,20000921,1",ADMINISTRATIVE,Lose
"TPAA,91,判,656,20020503,1",ADMINISTRATIVE,Lose
"TPAA,109,上,1029,20211216,1",ADMINISTRATIVE,Lose
"IPCA,102,行商訴,151,20140521,2",ADMINISTRATIVE,Win
"TPBA,95,訴,861,20070215,2",ADMINISTRATIVE,Lose
"TPAA,88,判,4101,19991203",ADMINISTRATIVE,Lose
"TPAA,92,判,724,20030612,1",ADMINISTRATIVE,Lose
"IPCA,107,行專訴,65,20190110,3",ADMINISTRATIVE,Lose
"IPCA,107,行專更(一),1,20200122,4",ADMINISTRATIVE,Lose
"TPBA,92,訴,20,20040312,2",ADMINISTRATIVE,Lose
"TPBA,90,訴,1051,20011231,2",ADMINISTRATIVE,Lose
"IPCA,105,行專訴,1,20160729,3",ADMINISTRATIVE,Lose
"TPBA,95,訴,2453,20070418,1",ADMINISTRATIVE,Lose
"IPCA,103,行商訴,20,20140618,2",ADMINISTRATIVE,Lose
"TPBA,92,訴,992,20040505,1",ADMINISTRATIVE,Lose
"IPCA,106,行專訴,8,20170824,3",ADMINISTRATIVE,Mixed
"TPAA,108,上,933,20210819,1",ADMINISTRATIVE,Lose
"TPBA,91,訴,118,20030306,2",ADMINISTRATIVE,Lose
"TPAA,95,判,1775,20061031,1",ADMINISTRATIVE,Lose
"TPBA,95,訴,727,20070125,2",ADMINISTRATIVE,Lose
"IPCA,106,行商訴,128,20180509,3",ADMINISTRATIVE,Lose
"IPCA,97,行商訴,134,20090409,3",ADMINISTRATIVE,Lose
"IPCA,98,行專訴,52,20091008,3",ADMINISTRATIVE,Mixed
"TPBA,96,訴,946,20071128,2",ADMINISTRATIVE,Lose
"TPBA,94,訴,1683,20060831,2",ADMINISTRATIVE,Lose
"TPBA,95,訴,3774,20070719,1",ADMINISTRATIVE,Lose
"TPBA,95,訴,55,20070322,2",ADMINISTRATIVE,Win
"TPBA,96,訴,1749,20080306,2",ADMINISTRATIVE,Lose
"TPBA,93,訴,980,20050609,1",ADMINISTRATIVE,Lose
"IPCA,103,行商訴,145,20150423,1",ADMINISTRATIVE,Lose
"TPBA,92,訴,5262,20050518,1",ADMINISTRATIVE,Lose
"IPCA,111,行專訴,11,20221104,3",ADMINISTRATIVE,Lose
"TPBA,92,訴,524,20040331,2",ADMINISTRATIVE,Lose
"TPBA,96,訴,1260,20080423,3",ADMINISTRATIVE,Mixed
"IPCA,99,行專訴,55,20100805,3",ADMINISTRATIVE,Win
"IPCA,112,行專訴,25,20231228,3",ADMINISTRATIVE,Lose
"TPBA,89,訴,3131,20020704,2",ADMINISTRATIVE,Lose
"TPBA,94,訴,3733,20061123,2",ADMINISTRATIVE,Lose
"IPCA,111,行專訴,2,20221222,2",ADMINISTRATIVE,Lose
"IPCA,98,行專訴,77,20091126,2",ADMINISTRATIVE,Lose
"TPAA,104,判,613,20151022,1",ADMINISTRATIVE,Lose
"IPCA,99,行專訴,50,20100715,3",ADMINISTRATIVE,Win
"IPCA,98,行專訴,108,20100128,3",ADMINISTRATIVE,Lose
"TPBA,92,訴,2513,20041216,2",ADMINISTRATIVE,Lose
"TPAA,88,判,3524,19990923",ADMINISTRATIVE,Lose
"TPBA,91,訴,2179,20030731,2",ADMINISTRATIVE,Lose
"TPBA,89,訴,550,20010524,3",ADMINISTRATIVE,Lose
"TPBA,93,訴,1777,20050825,3",ADMINISTRATIVE,Lose
"IPCA,100,行商訴,100,20111207,1",ADMINISTRATIVE,Lose
"TPBA,95,訴,4558,20070926,3",ADMINISTRATIVE,Lose
"TPBA,90,訴,4217,20020516,2",ADMINISTRATIVE,Lose
"TPBA,91,訴,3182,20031127,2",ADMINISTRATIVE,Lose
"TPAA,102,判,354,20130607,1",ADMINISTRATIVE,Lose
"IPCA,102,行專訴,40,20130620,4",ADMINISTRATIVE,Lose
"TPBA,92,訴,2091,20041015,2",ADMINISTRATIVE,Lose
"TPAA,92,判,1570,20031114,1",ADMINISTRATIVE,Lose
"TPBA,97,訴,887,20080813,2",ADMINISTRATIVE,Lose
"IPCA,98,行商訴,207,20100128,3",ADMINISTRATIVE,Lose
"IPCA,108,行專訴,9,20191211,3",ADMINISTRATIVE,Lose
"TPAA,99,判,635,20100617,1",ADMINISTRATIVE,Lose
"IPCA,107,行專訴,99,20190723,3",ADMINISTRATIVE,Lose
"TPAA,96,判,1511,20070823,1",ADMINISTRATIVE,Lose
"IPCA,101,行商訴,44,20120628,1",ADMINISTRATIVE,Lose
"IPCA,100,行商訴,73,20111027,2",ADMINISTRATIVE,Lose
"TPBA,95,訴,1046,20070711,2",ADMINISTRATIVE,Lose
"TPBA,96,訴,680,20071213,2",ADMINISTRATIVE,Lose
"TPBA,95,訴,2100,20070404,2",ADMINISTRATIVE,Lose
"IPCA,107,行商訴,38,20181226,2",ADMINISTRATIVE,Lose
"TPAA,112,上,291,20241226,2",ADMINISTRATIVE,Lose
"IPCA,99,行專訴,6,20100617,2",ADMINISTRATIVE,Lose
"IPCA,97,行專訴,90,20090527,2",ADMINISTRATIVE,Lose
"TPBA,89,訴,2852,20010803,1",ADMINISTRATIVE,Lose
"TPAA,109,上,480,20210422,1",ADMINISTRATIVE,Lose
"TPBA,94,訴,2527,20060720,1",ADMINISTRATIVE,Lose
"IPCA,105,行商訴,91,20161229,2",ADMINISTRATIVE,Lose
"TPBA,95,訴,404,20070131,2",ADMINISTRATIVE,Lose
"TPBA,95,訴,3501,20070725,1",ADMINISTRATIVE,Lose
"TPBA,89,訴,3357,20011227,2",ADMINISTRATIVE,Lose
"TPBA,90,訴,2251,20020619,2",ADMINISTRATIVE,Lose
"TPBA,96,訴,1381,20071227,2",ADMINISTRATIVE,Lose
"TPBA,89,訴,188,20001114,1",ADMINISTRATIVE,Lose
"IPCA,104,行專訴,114,20160624,4",ADMINISTRATIVE,Lose
"TPBA,90,訴,5910,20021025,2",ADMINISTRATIVE,Lose
"TPAA,100,判,1377,20110811,1",ADMINISTRATIVE,Lose
"IPCA,100,行商訴,46,20110804,2",ADMINISTRATIVE,Lose
"IPCA,107,行商訴,24,20180829,2",ADMINISTRATIVE,Lose
"IPCA,98,行專訴,24,20091224,4",ADMINISTRATIVE,Lose
"IPCA,99,行商訴,226,20110428,2",ADMINISTRATIVE,Lose
"IPCA,97,行專訴,50,20090312,3",ADMINISTRATIVE,Lose
"IPCA,101,行商訴,91,20121025,2",ADMINISTRATIVE,Mixed
"IPCA,108,行商訴,141,20200423,2",ADMINISTRATIVE,Lose
"TPAA,88,判,3359,19990827",ADMINISTRATIVE,Lose
"TPBA,93,訴,3242,20051027,2",ADMINISTRATIVE,Lose
"IPCA,107,行商訴,60,20181213,1",ADMINISTRATIVE,Lose
"TPBA,90,訴,5023,20020626,2",ADMINISTRATIVE,Lose
"TPBA,89,訴,1068,20010308,1",ADMINISTRATIVE,Lose
"IPCA,104,行商訴,134,20160428,2",ADMINISTRATIVE,Lose
"TPBA,91,訴,3522,20031119,2",ADMINISTRATIVE,Lose
"TPBA,94,訴,2563,20060731,1",ADMINISTRATIVE,Lose
"IPCA,108,行專訴,85,20200723,5",ADMINISTRATIVE,Lose
"TPBA,93,訴,3897,20051215,2",ADMINISTRATIVE,Lose
"TPBA,90,訴,2973,20020425,2",ADMINISTRATIVE,Lose
"TPAA,91,判,147,20020124,1",ADMINISTRATIVE,Lose
"IPCA,100,行商訴,62,20110825,1",ADMINISTRATIVE,Lose
"TPAA,92,判,1569,20031114,1",ADMINISTRATIVE,Lose
"IPCA,104,行專訴,116,20160707,4",ADMINISTRATIVE,Lose
"TPAA,100,判,1103,20110630,1",ADMINISTRATIVE,Lose
"TPBA,90,訴,1671,20020115,1",ADMINISTRATIVE,Lose
"TPAA,88,判,3404,19990903",ADMINISTRATIVE,Lose
"IPCA,106,行商訴,139,20180913,2",ADMINISTRATIVE,Lose
"IPCA,108,行專訴,73,20200226,3",ADMINISTRATIVE,Lose
"TPAA,90,判,2410,20011214,1",ADMINISTRATIVE,Lose
"TPBA,93,訴,1974,20050818,1",ADMINISTRATIVE,Mixed
"TPBA,93,訴,1915,20050808,2",ADMINISTRATIVE,Lose
"IPCA,112,行商訴,56,20240606,2",ADMINISTRATIVE,Lose
"TPAA,89,判,2385,20000627",ADMINISTRATIVE,Lose
"IPCA,101,行商訴,39,20120828,2",ADMINISTRATIVE,Lose
"TPBA,94,訴,3374,20061109,2",ADMINISTRATIVE,Lose
"TPAA,90,判,1010,20010607,1",ADMINISTRATIVE,Lose
"IPCA,99,行商訴,54,20100830,3",ADMINISTRATIVE,Mixed
"IPCA,99,行專訴,95,20101230,3",ADMINISTRATIVE,Mixed
"TPAA,89,判,2411,20000627",ADMINISTRATIVE,Lose
"TPBA,91,訴,3382,20030924,2",ADMINISTRATIVE,Lose
"TPBA,93,訴,2247,20050818,2",ADMINISTRATIVE,Mixed
"TPBA,92,訴,3719,20050310,1",ADMINISTRATIVE,Lose
"IPCA,97,行商訴,117,20090409,2",ADMINISTRATIVE,Lose
"TPBA,91,訴,1517,20040929,3",ADMINISTRATIVE,Lose
"TPAA,98,判,1237,20091008,1",ADMINISTRATIVE,Lose
"TPAA,91,判,1895,20021025,1",ADMINISTRATIVE,Lose
"TPBA,95,訴,2560,20070424,1",ADMINISTRATIVE,Lose
"TPAA,103,判,705,20141225,1",ADMINISTRATIVE,Lose
"TPBA,90,訴,2239,20020509,2",ADMINISTRATIVE,Lose
"IPCA,104,行商訴,93,20151231,2",ADMINISTRATIVE,Lose
"TPAA,94,判,1733,20051110,1",ADMINISTRATIVE,Lose
"TPBA,95,訴,4122,20070823,1",ADMINISTRATIVE,Lose
"TPBA,89,訴,2574,20010803,1",ADMINISTRATIVE,Lose
"TPBA,94,訴,512,20060123,2",ADMINISTRATIVE,Lose
"TPBA,91,訴,3050,20031009,2",ADMINISTRATIVE,Lose
"IPCA,105,行商訴,6,20160728,3",ADMINISTRATIVE,Lose
"TPAA,110,上,543,20230420,2",ADMINISTRATIVE,Lose
"IPCA,98,行商訴,129,20091015,2",ADMINISTRATIVE,Lose
"IPCA,106,行專訴,41,20190221,3",ADMINISTRATIVE,Win
"TPAA,90,判,1680,20010921,1",ADMINISTRATIVE,Lose
"TPAA,109,上,356,20220512,1",ADMINISTRATIVE,Lose
"TPBA,93,訴,3477,20051117,2",ADMINISTRATIVE,Lose
"IPCA,101,行商訴,168,20130221,1",ADMINISTRATIVE,Lose
"TPBA,90,訴,4397,20020619,1",ADMINISTRATIVE,Lose
"TPBA,92,訴,776,20040514,2",ADMINISTRATIVE,Lose
"IPCA,97,行商訴,129,20090514,2",ADMINISTRATIVE,Lose
"TPAA,100,判,1889,20111103,1",ADMINISTRATIVE,Lose
"TPBA,90,訴,6055,20021025,2",ADMINISTRATIVE,Lose
"TPAA,100,判,997,20110616,1",ADMINISTRATIVE,Lose
"TPAA,97,判,668,20080703,1",ADMINISTRATIVE,Lose
"TPBA,91,訴,4590,20040408,2",ADMINISTRATIVE,Lose
"TPBA,90,訴,1079,20011123,2",ADMINISTRATIVE,Lose
"IPCA,107,行專訴,33,20181009,3",ADMINISTRATIVE,Lose
"TPAA,98,判,1277,20091022,1",ADMINISTRATIVE,Lose
"TPBA,95,訴,2221,20070329,2",ADMINISTRATIVE,Lose
"IPCA,105,行專訴,10,20160630,3",ADMINISTRATIVE,Mixed
"TPBA,94,訴,1869,20060413,2",ADMINISTRATIVE,Lose
"TPBA,96,訴,2681,20080320,1",ADMINISTRATIVE,Lose
"TPBA,90,訴,6769,20021127,2",ADMINISTRATIVE,Lose
"TPBA,89,訴,1769,20010531,2",ADMINISTRATIVE,Lose
"TPBA,89,訴,1632,20021008,2",ADMINISTRATIVE,Lose
"TPBA,91,訴,3697,20031217,2",ADMINISTRATIVE,Lose
"IPCA,105,行專訴,77,20170124,3",ADMINISTRATIVE,Lose
"TPBA,96,訴,4236,20080508,1",ADMINISTRATIVE,Lose
"IPCA,103,行專訴,89,20150331,3",ADMINISTRATIVE,Lose
"TPBA,94,訴,3598,20061030,2",ADMINISTRATIVE,Lose
"TPBA,90,訴,6155,20030122,2",ADMINISTRATIVE,Lose
"IPCA,109,行專訴,20,20201104,3",ADMINISTRATIVE,Lose
"TPBA,95,訴,3336,20070621,2",ADMINISTRATIVE,Lose
"TPBA,96,訴,3144,20080605,2",ADMINISTRATIVE,Lose
"TPBA,90,訴,1645,20011213,1",ADMINISTRATIVE,Lose
"TPBA,96,訴,3458,20080403,2",ADMINISTRATIVE,Lose
"IPCA,109,行專更(一),2,20200819,2",ADMINISTRATIVE,Win
"TPBA,95,訴,3174,20071108,2",ADMINISTRATIVE,Lose
"IPCA,99,行專訴,10,20100617,3",ADMINISTRATIVE,Win
"IPCA,107,行商訴,75,20190430,2",ADMINISTRATIVE,Lose
"TPAA,99,判,965,20100923,1",ADMINISTRATIVE,Lose
"TPBA,95,訴,3939,20071030,2",ADMINISTRATIVE,Lose
"TPBA,89,訴,443,20010208,1",ADMINISTRATIVE,Lose
"TPBA,89,訴,4073,20010905,1",ADMINISTRATIVE,Lose
"TPAA,96,判,975,20070531,1",ADMINISTRATIVE,Lose
"IPCA,98,行商訴,15,20090409,1",ADMINISTRATIVE,Lose
"IPCA,106,行專訴,49,20180131,3",ADMINISTRATIVE,Lose
"IPCA,109,行商訴,98,20210324,1",ADMINISTRATIVE,Lose
"TPBA,90,訴,2636,20020708,2",ADMINISTRATIVE,Lose
"IPCA,102,行著訴,1,20131211,3",ADMINISTRATIVE,Lose
"TPBA,90,訴,5965,20020904,2",ADMINISTRATIVE,Lose
"IPCA,101,行商訴,77,20121129,3",ADMINISTRATIVE,Lose
"TPBA,89,訴,654,20010523,2",ADMINISTRATIVE,Win
"TPAA,104,判,657,20151105,1",ADMINISTRATIVE,Lose
"TPAA,102,判,692,20131114,1",ADMINISTRATIVE,Lose
"TPBA,92,訴,3331,20040924,1",ADMINISTRATIVE,Lose
"IPCA,103,行商訴,41,20140904,3",ADMINISTRATIVE,Lose
"TPAA,108,判,309,20190626,1",ADMINISTRATIVE,Lose
"IPCA,97,行商訴,117,20090417,2",ADMINISTRATIVE,Lose
"TPBA,90,訴,5635,20021231,2",ADMINISTRATIVE,Lose
"IPCA,101,行商訴,104,20130103,2",ADMINISTRATIVE,Win
"TPBA,90,訴,5571,20020725,2",ADMINISTRATIVE,Lose
"IPCA,108,行專訴,2,20191017,4",ADMINISTRATIVE,Lose
"TPBA,96,訴,1209,20071220,2",ADMINISTRATIVE,Lose
"TPAA,94,判,784,20050609,1",ADMINISTRATIVE,Lose
"IPCA,101,行商訴,175,20130417,2",ADMINISTRATIVE,Lose
"TPAA,92,判,520,20030508,1",ADMINISTRATIVE,Lose
"IPCA,110,行專訴,68,20220930,3",ADMINISTRATIVE,Win
"TPAA,90,判,2543,20011227,1",ADMINISTRATIVE,Lose
"TPAA,90,判,1849,20011012,1",ADMINISTRATIVE,Lose
"IPCA,103,行專訴,7,20140626,1",ADMINISTRATIVE,Lose
"TPAA,94,判,19,20050113,1",ADMINISTRATIVE,Lose
"TPBA,95,訴,1376,20070315,2",ADMINISTRATIVE,Lose
"IPCA,98,行商訴,232,20100311,2",ADMINISTRATIVE,Lose
"IPCA,110,行商訴,80,20220525,2",ADMINISTRATIVE,Lose
"IPCA,107,行商訴,93,20190321,1",ADMINISTRATIVE,Lose
"TPBA,95,訴,97,20070208,2",ADMINISTRATIVE,Lose
"TPBA,90,訴,4846,20020829,2",ADMINISTRATIVE,Lose
"IPCA,110,行專訴,41,20220317,4",ADMINISTRATIVE,Lose
"TPBA,93,訴,3283,20051026,2",ADMINISTRATIVE,Lose
"TPBA,94,訴,1870,20071122,1",ADMINISTRATIVE,Mixed
"TPBA,95,訴,4357,20070920,2",ADMINISTRATIVE,Lose
"TPAA,99,判,707,20100715,1",ADMINISTRATIVE,Lose
"TPAA,93,判,22,20040115,1",ADMINISTRATIVE,Lose
"IPCA,101,行專訴,99,20130619,3",ADMINISTRATIVE,Lose
"TPBA,93,訴,4062,20051230,2",ADMINISTRATIVE,Lose
"TPAA,97,判,163,20080327,1",ADMINISTRATIVE,Lose
"IPCA,102,行商訴,94,20140117,3",ADMINISTRATIVE,Lose
"TPAA,108,上,1120,20211123,1",ADMINISTRATIVE,Lose
"IPCA,110,行專訴,59,20220429,3",ADMINISTRATIVE,Lose
"IPCA,102,行著訴,2,20130703,2",ADMINISTRATIVE,Lose
"IPCA,98,行商訴,25,20090625,1",ADMINISTRATIVE,Win
"TPBA,96,訴,1679,20080327,2",ADMINISTRATIVE,Lose
"TPBA,96,訴,313,20071227,2",ADMINISTRATIVE,Win
"TPBA,92,訴,4560,20050112,2",ADMINISTRATIVE,Lose
"TPBA,94,訴,3730,20061116,2",ADMINISTRATIVE,Lose
"TPBA,94,訴,2626,20060830,2",ADMINISTRATIVE,Lose
"IPCA,110,行商訴,78,20220413,2",ADMINISTRATIVE,Lose
"TPAA,99,判,938,20100916,1",ADMINISTRATIVE,Lose
"TPBA,93,訴,3803,20060119,2",ADMINISTRATIVE,Lose
"IPCA,108,行商訴,23,20190930,2",ADMINISTRATIVE,Lose
"TPBA,90,訴,4579,20020904,1",ADMINISTRATIVE,Lose
"TPAA,93,判,425,20040422,1",ADMINISTRATIVE,Lose
"TPAA,88,判,3360,19990827",ADMINISTRATIVE,Lose
"TPAA,89,判,623,20000309",ADMINISTRATIVE,Lose
"TPAA,90,判,752,20010504,1",ADMINISTRATIVE,Lose
"IPCA,103,行商訴,17,20140521,1",ADMINISTRATIVE,Lose
"TPBA,90,訴,6090,20021113,2",ADMINISTRATIVE,Lose
"TPBA,89,訴,1353,20010502,1",ADMINISTRATIVE,Lose
"TPBA,96,訴,3403,20080430,2",ADMINISTRATIVE,Lose
"TPAA,91,判,537,20020412,1",ADMINISTRATIVE,Lose
"IPCA,107,行商訴,107,20190418,2",ADMINISTRATIVE,Lose
"TPBA,90,再,2,20020628,1",ADMINISTRATIVE,Lose
"TPBA,90,訴,122,20020314,2",ADMINISTRATIVE,Win
"IPCA,107,行專訴,27,20180823,3",ADMINISTRATIVE,Lose
"IPCA,106,行商訴,49,20171229,2",ADMINISTRATIVE,Lose
"TPAA,102,判,255,20130426,1",ADMINISTRATIVE,Lose
"TPBA,91,訴,2742,20031023,2",ADMINISTRATIVE,Lose
"TPAA,88,判,3595,19990930",ADMINISTRATIVE,Lose
"TPAA,99,判,1301,20101202,1",ADMINISTRATIVE,Lose
"TPAA,109,上,640,20210813,1",ADMINISTRATIVE,Lose
"IPCA,104,行商訴,2,20150513,1",ADMINISTRATIVE,Lose
"TPAA,111,上,649,20230106,1",ADMINISTRATIVE,Lose
"TPBA,92,訴,1123,20040413,2",ADMINISTRATIVE,Lose
"IPCA,101,行專訴,116,20130620,4",ADMINISTRATIVE,Lose
"TPBA,90,訴,115,20020117,1",ADMINISTRATIVE,Lose
"TPBA,91,訴,3048,20031113,2",ADMINISTRATIVE,Lose
"TPAA,112,上,115,20230427,1",ADMINISTRATIVE,Lose
"TPBA,90,訴,4074,20020716,1",ADMINISTRATIVE,Lose
"IPCA,112,行專訴,72,20240627,3",ADMINISTRATIVE,Lose
"IPCA,106,行商訴,63,20180207,3",ADMINISTRATIVE,Lose
"TPBA,91,訴,5263,20040324,3",ADMINISTRATIVE,Lose
"TPAA,88,判,3520,19990923",ADMINISTRATIVE,Lose
"TPBA,89,訴,1907,20010807,2",ADMINISTRATIVE,Lose
"TPAA,98,判,1460,20091130,1",ADMINISTRATIVE,Lose
"IPCA,110,行商訴,20,20210930,2",ADMINISTRATIVE,Lose
"TPBA,94,訴,2138,20060705,2",ADMINISTRATIVE,Lose
"TPBA,92,訴,2356,20041022,3",ADMINISTRATIVE,Lose
"TPBA,93,訴,3085,20050907,2",ADMINISTRATIVE,Lose
"IPCA,105,行商訴,55,20161221,2",ADMINISTRATIVE,Lose
"TPBA,90,訴,1117,20011102,2",ADMINISTRATIVE,Lose
"IPCA,108,行商訴,64,20191226,3",ADMINISTRATIVE,Lose
"TPBA,91,訴,2660,20030814,2",ADMINISTRATIVE,Lose
"TPBA,95,訴,2777,20070531,2",ADMINISTRATIVE,Lose
"IPCA,104,行商訴,80,20170111,3",ADMINISTRATIVE,Lose
"TPBA,90,訴,4927,20021025,2",ADMINISTRATIVE,Lose
"IPCA,106,行商訴,46,20180329,2",ADMINISTRATIVE,Win
"TPBA,95,訴,2463,20070607,2",ADMINISTRATIVE,Lose
"IPCA,97,行專訴,44,20090122,2",ADMINISTRATIVE,Mixed
"TPBA,95,訴,3069,20070705,2",ADMINISTRATIVE,Lose
"IPCA,99,行商訴,232,20110602,4",ADMINISTRATIVE,Lose
"IPCA,108,行商訴,130,20200709,2",ADMINISTRATIVE,Win
"TPAA,89,判,44,20000113",ADMINISTRATIVE,Lose
"IPCA,99,行商訴,123,20101014,1",ADMINISTRATIVE,Lose
"TPAA,90,判,1368,20010803,1",ADMINISTRATIVE,Lose
"TPBA,89,訴,1363,20010627,2",ADMINISTRATIVE,Lose
"TPBA,90,訴,6102,20021121,2",ADMINISTRATIVE,Lose
"TPAA,89,判,1739,20000531",ADMINISTRATIVE,Lose
"TPBA,90,訴,6060,20020822,2",ADMINISTRATIVE,Lose
"IPCA,97,行商訴,10,20081013,2",ADMINISTRATIVE,Lose
"TPBA,94,訴,4082,20060913,2",ADMINISTRATIVE,Lose
"TPBA,90,訴,1178,20020409,2",ADMINISTRATIVE,Lose
"IPCA,111,行商訴,72,20230323,2",ADMINISTRATIVE,Lose
"TPBA,91,訴,298,20030305,2",ADMINISTRATIVE,Lose
"TPAA,90,判,1522,20010824,1",ADMINISTRATIVE,Lose
"IPCA,99,行專訴,119,20110106,4",ADMINISTRATIVE,Lose
"TPBA,95,訴,1932,20070404,1",ADMINISTRATIVE,Lose
"IPCA,102,行專訴,114,20140731,3",ADMINISTRATIVE,Win
"TPBA,91,訴,2068,20030731,2",ADMINISTRATIVE,Lose
"IPCA,101,行專訴,75,20130207,3",ADMINISTRATIVE,Lose
"TPBA,94,訴,2393,20060620,2",ADMINISTRATIVE,Lose
"TPBA,91,訴,4154,20040304,3",ADMINISTRATIVE,Lose
"IPCA,97,行專訴,57,20090226,3",ADMINISTRATIVE,Lose
"IPCA,106,行商訴,10,20170817,2",ADMINISTRATIVE,Lose
"TPBA,90,訴,5964,20020828,2",ADMINISTRATIVE,Lose
"TPBA,90,訴,458,20020124,1",ADMINISTRATIVE,Mixed
"TPAA,95,判,688,20060511,1",ADMINISTRATIVE,Lose
"IPCA,100,行專訴,84,20111229,4",ADMINISTRATIVE,Mixed
"IPCA,108,行專訴,21,20190808,3",ADMINISTRATIVE,Lose
"TPAA,91,判,1834,20021011,1",ADMINISTRATIVE,Lose
"TPBA,94,訴,2290,20060511,1",ADMINISTRATIVE,Lose
"TPBA,93,訴,3143,20051027,2",ADMINISTRATIVE,Lose
"TPBA,91,訴,3838,20031022,1",ADMINISTRATIVE,Mixed
"TPBA,93,訴,238,20050426,2",ADMINISTRATIVE,Lose
"TPAA,110,上,813,20220817,1",ADMINISTRATIVE,Lose
"IPCA,101,行專訴,32,20121129,3",ADMINISTRATIVE,Win
"TPBA,94,訴,2311,20060608,2",ADMINISTRATIVE,Lose
"TPBA,90,訴,2649,20020613,2",ADMINISTRATIVE,Lose
"IPCA,103,行專訴,30,20150213,3",ADMINISTRATIVE,Lose
"IPCA,98,行商訴,122,20090806,1",ADMINISTRATIVE,Lose
"TPBA,92,訴,1192,20040714,2",ADMINISTRATIVE,Lose
"TPAA,89,判,1635,20000525",ADMINISTRATIVE,Lose
"TPBA,90,訴,3939,20020411,2",ADMINISTRATIVE,Lose
"TPBA,93,訴,4187,20051130,2",ADMINISTRATIVE,Lose
"IPCA,104,行商訴,79,20151105,2",ADMINISTRATIVE,Lose
"IPCA,101,行商訴,46,20120726,2",ADMINISTRATIVE,Lose
"TPBA,92,訴,971,20040519,2",ADMINISTRATIVE,Lose
"TPBA,92,訴,3109,20041118,1",ADMINISTRATIVE,Lose
"TPBA,92,訴,1575,20040812,1",ADMINISTRATIVE,Lose
"IPCA,106,行商訴,57,20180906,1",ADMINISTRATIVE,Win
"TPBA,94,訴,1249,20060309,2",ADMINISTRATIVE,Lose
"TPAA,89,判,2885,20001006,1",ADMINISTRATIVE,Lose
"IPCA,105,行專訴,2,20160714,4",ADMINISTRATIVE,Lose
"IPCA,106,行商訴,109,20180426,2",ADMINISTRATIVE,Lose
"IPCA,99,行商訴,36,20100715,2",ADMINISTRATIVE,Mixed
"TPAA,98,判,1518,20091224,1",ADMINISTRATIVE,Lose
"TPBA,93,訴,2057,20050729,2",ADMINISTRATIVE,Lose
"IPCA,100,行商訴,108,20120112,2",ADMINISTRATIVE,Lose
"TPBA,91,訴,2645,20030924,3",ADMINISTRATIVE,Lose
"TPBA,93,訴,3164,20051012,2",ADMINISTRATIVE,Win
"IPCA,102,行專訴,42,20130627,4",ADMINISTRATIVE,Lose
"TPAA,96,判,1552,20070830,1",ADMINISTRATIVE,Lose
"IPCA,98,行商訴,235,20100325,2",ADMINISTRATIVE,Lose
"IPCA,103,行商訴,155,20150709,3",ADMINISTRATIVE,Lose
"TPBA,90,訴,1199,20011231,1",ADMINISTRATIVE,Lose
"IPCA,109,行商訴,17,20200730,2",ADMINISTRATIVE,Lose
"TPAA,90,判,370,20010308,1",ADMINISTRATIVE,Lose
"IPCA,105,行商訴,23,20161107,3",ADMINISTRATIVE,Lose
"TPAA,93,判,268,20040311,1",ADMINISTRATIVE,Lose
"TPBA,89,訴,1570,20020508,2",ADMINISTRATIVE,Win
"TPBA,93,訴,3489,20051027,2",ADMINISTRATIVE,Lose
"TPAA,102,判,562,20130905,1",ADMINISTRATIVE,Lose
"IPCA,100,行商訴,127,20111201,2",ADMINISTRATIVE,Lose
"TPAA,90,判,2539,20011227,1",ADMINISTRATIVE,Lose
"TPBA,95,訴,429,20070215,1",ADMINISTRATIVE,Mixed
"IPCA,98,行商訴,92,20091008,2",ADMINISTRATIVE,Lose
"TPBA,93,訴,1065,20050512,2",ADMINISTRATIVE,Lose
"TPAA,90,判,928,20010531,1",ADMINISTRATIVE,Lose
"IPCA,99,行商訴,104,20101028,2",ADMINISTRATIVE,Lose
"IPCA,113,行專訴,16,20241023,3",ADMINISTRATIVE,Win
"IPCA,108,行商訴,97,20200226,2",ADMINISTRATIVE,Lose
"IPCA,98,行商訴,47,20090702,3",ADMINISTRATIVE,Win
"TPAA,90,判,1830,20011011,1",ADMINISTRATIVE,Lose
"IPCA,98,行專訴,5,20090820,4",ADMINISTRATIVE,Lose
"TPAA,93,判,136,20040219,1",ADMINISTRATIVE,Lose
"TPAA,93,判,886,20040709,1",ADMINISTRATIVE,Lose
"IPCA,101,行商訴,150,20130221,2",ADMINISTRATIVE,Lose
"TPAA,90,判,2470,20011221,1",ADMINISTRATIVE,Lose
"TPBA,97,訴,314,20080619,2",ADMINISTRATIVE,Lose
"TPBA,94,訴,3739,20060926,1",ADMINISTRATIVE,Lose
"IPCA,99,行專訴,135,20110303,3",ADMINISTRATIVE,Mixed
"IPCA,102,行商訴,11,20130530,2",ADMINISTRATIVE,Lose
"IPCA,108,行專訴,49,20191024,3",ADMINISTRATIVE,Lose
"TPAA,90,判,1160,20010628,1",ADMINISTRATIVE,Lose
"IPCA,111,行商訴,43,20230131,2",ADMINISTRATIVE,Lose
"IPCA,109,行商訴,110,20210415,2",ADMINISTRATIVE,Lose
"TPAA,110,上,809,20220922,1",ADMINISTRATIVE,Lose
"TPBA,96,訴,1769,20080403,2",ADMINISTRATIVE,Lose
"IPCA,98,行商訴,43,20091210,3",ADMINISTRATIVE,Lose
"IPCA,98,行專訴,64,20090924,3",ADMINISTRATIVE,Lose
"IPCA,104,行商訴,106,20160107,2",ADMINISTRATIVE,Lose
"IPCA,100,行專訴,25,20110929,3",ADMINISTRATIVE,Lose
"IPCA,104,行專訴,17,20150930,4",ADMINISTRATIVE,Lose
"TPAA,99,判,178,20100225,1",ADMINISTRATIVE,Lose
"IPCA,101,行商訴,174,20130403,3",ADMINISTRATIVE,Win
"TPAA,102,判,77,20130221,1",ADMINISTRATIVE,Lose
"TPBA,92,訴,4881,20050119,2",ADMINISTRATIVE,Lose
"TPAA,109,判,667,20201224,1",ADMINISTRATIVE,Lose
"TPBA,94,訴,2405,20060530,2",ADMINISTRATIVE,Lose
"TPAA,104,判,348,20150625,1",ADMINISTRATIVE,Lose
"TPAA,91,判,57,20020111,1",ADMINISTRATIVE,Lose
"TPBA,94,訴,475,20060302,1",ADMINISTRATIVE,Lose
"IPCA,101,行專訴,100,20130313,5",ADMINISTRATIVE,Lose
"IPCA,102,行商訴,102,20140820,3",ADMINISTRATIVE,Lose
"TPAA,90,判,1646,20010914,1",ADMINISTRATIVE,Lose
"IPCA,107,行商訴,62,20190109,2",ADMINISTRATIVE,Lose
"IPCA,113,行商更一,1,20241017,1",ADMINISTRATIVE,Lose
"TPBA,90,訴,4356,20020808,2",ADMINISTRATIVE,Lose
"IPCA,99,行商訴,153,20110127,2",ADMINISTRATIVE,Lose
"TPBA,90,訴,4132,20020508,2",ADMINISTRATIVE,Lose
"TPBA,93,訴,2139,20050811,2",ADMINISTRATIVE,Lose
"TPBA,95,訴,4316,20070926,2",ADMINISTRATIVE,Mixed
"IPCA,99,行商訴,119,20101125,2",ADMINISTRATIVE,Win
"IPCA,103,行專訴,40,20150115,3",ADMINISTRATIVE,Mixed
"TPAA,97,判,411,20080509,1",ADMINISTRATIVE,Lose
"TPBA,92,訴,2363,20040811,2",ADMINISTRATIVE,Lose
"IPCA,105,行商訴,19,20161107,2",ADMINISTRATIVE,Lose
"TPBA,93,訴,3622,20051102,2",ADMINISTRATIVE,Lose
"IPCA,112,行專訴,46,20240516,2",ADMINISTRATIVE,Lose
"IPCA,98,行商訴,8,20090423,1",ADMINISTRATIVE,Lose
"IPCA,105,行專訴,98,20180223,5",ADMINISTRATIVE,Lose
"IPCA,106,行商訴,123,20180621,2",ADMINISTRATIVE,Lose
"TPBA,92,訴,3678,20040929,2",ADMINISTRATIVE,Lose
"TPBA,92,訴,4939,20041119,1",ADMINISTRATIVE,Lose
"IPCA,99,行專訴,127,20110127,2",ADMINISTRATIVE,Mixed
"TPAA,112,上,653,20240618,1",ADMINISTRATIVE,Lose
"TPBA,96,訴,4173,20080410,2",ADMINISTRATIVE,Lose
"IPCA,102,行專訴,101,20140227,3",ADMINISTRATIVE,Mixed
"TPBA,90,訴,7028,20021212,1",ADMINISTRATIVE,Mixed
"IPCA,107,行商訴,37,20181025,2",ADMINISTRATIVE,Lose
"TPBA,96,訴,4234,20080430,2",ADMINISTRATIVE,Lose
"TPBA,94,訴,2132,20060511,2",ADMINISTRATIVE,Lose
"IPCA,109,行專訴,35,20210114,4",ADMINISTRATIVE,Lose
"TPBA,96,訴,716,20071220,2",ADMINISTRATIVE,Lose
"TPBA,96,訴,1307,20071226,2",ADMINISTRATIVE,Lose
"IPCA,112,行商訴,46,20240307,2",ADMINISTRATIVE,Lose
"TPBA,97,訴,329,20080619,2",ADMINISTRATIVE,Mixed
"TPBA,96,訴,3338,20080403,1",ADMINISTRATIVE,Lose
"IPCA,113,行專訴,28,20241120,3",ADMINISTRATIVE,Lose
"TPBA,89,訴,1905,20010726,1",ADMINISTRATIVE,Lose
"IPCA,105,行專更(一),3,20170531,2",ADMINISTRATIVE,Lose
"TPAA,99,判,1034,20101007,1",ADMINISTRATIVE,Lose
"TPAA,90,判,2027,20011102,1",ADMINISTRATIVE,Lose
"TPBA,91,訴,1038,20030507,1",ADMINISTRATIVE,Lose
"IPCA,101,行專訴,109,20130417,3",ADMINISTRATIVE,Lose
"TPAA,90,判,1846,20011012,1",ADMINISTRATIVE,Lose
"TPBA,91,訴,608,20030410,2",ADMINISTRATIVE,Lose
"TPBA,96,訴,3684,20080417,2",ADMINISTRATIVE,Lose
"TPAA,94,判,551,20050414,1",ADMINISTRATIVE,Lose
"IPCA,100,行專訴,16,20110714,4",ADMINISTRATIVE,Mixed
"TPBA,95,訴,1045,20070307,2",ADMINISTRATIVE,Lose
"TPAA,90,判,1804,20011005,1",ADMINISTRATIVE,Lose
"TPBA,91,訴,4643,20040304,2",ADMINISTRATIVE,Lose
"IPCA,103,行商訴,106,20150108,2",ADMINISTRATIVE,Lose
"TPAA,104,判,441,20150806,1",ADMINISTRATIVE,Lose
"IPCA,102,行商訴,47,20131009,2",ADMINISTRATIVE,Lose
"IPCA,112,行商訴,21,20231026,1",ADMINISTRATIVE,Lose
"TPBA,90,訴,4148,20020912,2",ADMINISTRATIVE,Lose
"IPCA,103,行商訴,34,20140625,2",ADMINISTRATIVE,Lose
"TPBA,93,訴,4259,20051230,2",ADMINISTRATIVE,Lose
"TPBA,92,訴,4037,20041130,1",ADMINISTRATIVE,Lose
"TPAA,91,判,82,20020117,1",ADMINISTRATIVE,Lose
"IPCA,101,行商訴,17,20120628,3",ADMINISTRATIVE,Lose
"TPBA,95,訴,3716,20071004,2",ADMINISTRATIVE,Lose
"IPCA,98,行商訴,176,20091217,1",ADMINISTRATIVE,Lose
"TPBA,90,訴,4618,20020530,2",ADMINISTRATIVE,Lose
"TPBA,94,訴,1914,20060413,2",ADMINISTRATIVE,Lose
"TPBA,89,訴,354,20020924,4",ADMINISTRATIVE,Lose
"TPBA,92,訴,1719,20041118,2",ADMINISTRATIVE,Lose
"IPCA,99,行專訴,158,20110224,1",ADMINISTRATIVE,Lose
"IPCA,99,行專訴,110,20101230,4",ADMINISTRATIVE,Win
"IPCA,107,行專訴,30,20180927,3",ADMINISTRATIVE,Lose
"TPBA,94,訴,3822,20061219,2",ADMINISTRATIVE,Lose
"TPBA,95,訴,3671,20070802,2",ADMINISTRATIVE,Lose
"TPAA,90,判,2300,20011206,1",ADMINISTRATIVE,Lose
"TPBA,89,訴,864,20010315,2",ADMINISTRATIVE,Lose
"IPCA,105,行商訴,90,20170302,3",ADMINISTRATIVE,Win
"IPCA,97,行商訴,75,20081225,1",ADMINISTRATIVE,Lose
"IPCA,99,行專更(一),1,20100610,2",ADMINISTRATIVE,Mixed
"TPAA,88,判,2675,19990617",ADMINISTRATIVE,Lose
"TPBA,94,訴,2625,20060529,2",ADMINISTRATIVE,Lose
"TPAA,108,上,1169,20211111,1",ADMINISTRATIVE,Lose
"IPCA,99,行專訴,63,20100830,2",ADMINISTRATIVE,Lose
"TPAA,97,判,667,20080703,1",ADMINISTRATIVE,Lose
"TPBA,94,訴,830,20060317,2",ADMINISTRATIVE,Lose
"IPCA,98,行專訴,2,20090514,3",ADMINISTRATIVE,Mixed
"TPBA,96,訴,4096,20080508,1",ADMINISTRATIVE,Lose
"TPAA,91,判,2422,20021231,1",ADMINISTRATIVE,Win
"TPBA,93,訴,3424,20051110,2",ADMINISTRATIVE,Lose
"TPBA,93,訴,4184,20051230,2",ADMINISTRATIVE,Lose
"IPCA,102,行專訴,102,20140116,1",ADMINISTRATIVE,Lose
"IPCA,108,行商訴,14,20190725,1",ADMINISTRATIVE,Lose
"IPCA,110,行專訴,38,20220113,3",ADMINISTRATIVE,Win
"TPBA,90,訴,195,20011207,2",ADMINISTRATIVE,Lose
"TPAA,94,判,16,20050113,1",ADMINISTRATIVE,Lose
"IPCA,100,行專更(一),3,20110328,2",ADMINISTRATIVE,Win
"TPAA,104,判,222,20150430,1",ADMINISTRATIVE,Lose
"IPCA,99,行商訴,195,20110303,2",ADMINISTRATIVE,Lose
"TPAA,89,判,3395,20001130,1",ADMINISTRATIVE,Lose
"TPAA,90,判,960,20010531,1",ADMINISTRATIVE,Lose
"TPAA,91,判,729,20020516,1",ADMINISTRATIVE,Lose
"TPBA,91,訴,5106,20040623,2",ADMINISTRATIVE,Lose
"TPBA,95,訴,951,20061207,2",ADMINISTRATIVE,Lose
"TPAA,89,判,2855,20001005,1",ADMINISTRATIVE,Lose
"TPAA,89,判,2451,20000727,1",ADMINISTRATIVE,Lose
"IPCA,97,行商訴,27,20081113,1",ADMINISTRATIVE,Lose
"TPBA,97,訴,1598,20081022,2",ADMINISTRATIVE,Lose
"TPBA,92,訴,4299,20041110,1",ADMINISTRATIVE,Lose
"TPAA,100,判,896,20110602,1",ADMINISTRATIVE,Lose
"TPBA,95,訴,731,20061207,2",ADMINISTRATIVE,Lose
"TPBA,94,訴,529,20060518,2",ADMINISTRATIVE,Lose
"TPAA,90,判,2074,20011109,1",ADMINISTRATIVE,Lose
"TPAA,91,判,428,20020328,1",ADMINISTRATIVE,Lose
"TPAA,103,判,711,20141230,1",ADMINISTRATIVE,Lose
"TPBA,90,訴,1163,20020124,1",ADMINISTRATIVE,Lose
"TPAA,102,判,440,20130718,1",ADMINISTRATIVE,Lose
"IPCA,100,行商訴,102,20120105,2",ADMINISTRATIVE,Lose
"IPCA,99,行商訴,88,20101111,3",ADMINISTRATIVE,Mixed
"IPCA,100,行商訴,170,20120412,2",ADMINISTRATIVE,Lose
"IPCA,101,行專訴,120,20130613,3",ADMINISTRATIVE,Win
"TPAA,99,判,1011,20100930,1",ADMINISTRATIVE,Lose
"TPAA,106,判,53,20170125,1",ADMINISTRATIVE,Lose
"IPCA,98,行專訴,80,20091112,3",ADMINISTRATIVE,Lose
"TPAA,99,判,72,20100129,1",ADMINISTRATIVE,Lose
"IPCA,99,行商訴,213,20110428,3",ADMINISTRATIVE,Lose
"TPBA,89,訴,265,20010302,2",ADMINISTRATIVE,Lose
"TPAA,99,判,582,20100603,1",ADMINISTRATIVE,Lose
"TPBA,89,訴,708,20010419,1",ADMINISTRATIVE,Lose
"TPBA,91,訴,809,20030417,2",ADMINISTRATIVE,Lose
"TPBA,92,訴,2061,20041028,1",ADMINISTRATIVE,Lose
"TPAA,92,判,699,20030605,1",ADMINISTRATIVE,Lose
"IPCA,100,行商訴,71,20110901,2",ADMINISTRATIVE,Lose
"TPAA,91,判,1111,20020628,1",ADMINISTRATIVE,Lose
"TPBA,90,訴,2075,20020904,3",ADMINISTRATIVE,Lose
"IPCA,98,行商更(一),12,20100318,1",ADMINISTRATIVE,Lose
"TPBA,94,訴,3495,20060914,2",ADMINISTRATIVE,Lose
"IPCA,106,行專訴,16,20180516,3",ADMINISTRATIVE,Win
"TPBA,92,訴,770,20040603,2",ADMINISTRATIVE,Lose
"IPCA,109,行專訴,8,20210506,4",ADMINISTRATIVE,Lose
"TPBA,92,訴,5079,20050318,2",ADMINISTRATIVE,Lose
"TPBA,93,訴,3541,20050922,1",ADMINISTRATIVE,Mixed
"TPAA,91,判,148,20020124,1",ADMINISTRATIVE,Lose
"IPCA,111,行專訴,35,20230111,2",ADMINISTRATIVE,Lose
"IPCA,103,行商訴,132,20150515,3",ADMINISTRATIVE,Lose
"TPBA,95,訴,2173,20070510,2",ADMINISTRATIVE,Lose
"TPBA,94,訴,2099,20060705,2",ADMINISTRATIVE,Lose
"IPCA,110,行專訴,12,20220526,3",ADMINISTRATIVE,Mixed
"TPAA,98,判,71,20090122,1",ADMINISTRATIVE,Lose
"TPAA,104,判,787,20151231,1",ADMINISTRATIVE,Lose
"IPCA,103,行商訴,136,20150416,2",ADMINISTRATIVE,Lose
"TPAA,91,判,371,20020308,1",ADMINISTRATIVE,Lose
"IPCA,99,行商訴,236,20110323,1",ADMINISTRATIVE,Lose
"TPBA,96,訴,1162,20071219,1",ADMINISTRATIVE,Lose
"TPBA,90,訴,6931,20030129,3",ADMINISTRATIVE,Lose
"TPBA,89,訴,1422,20010329,1",ADMINISTRATIVE,Lose
"TPAA,89,判,1853,20000608",ADMINISTRATIVE,Lose
"TPAA,96,判,876,20070518,1",ADMINISTRATIVE,Lose
"TPBA,95,訴,3610,20070719,1",ADMINISTRATIVE,Lose
"TPBA,91,訴,909,20030625,1",ADMINISTRATIVE,Lose
"TPBA,94,訴,2040,20060712,2",ADMINISTRATIVE,Lose
"IPCA,101,行商訴,167,20130321,1",ADMINISTRATIVE,Lose
"IPCA,110,行專訴,46,20220120,4",ADMINISTRATIVE,Lose
"TPBA,89,訴,815,20010803,1",ADMINISTRATIVE,Lose
"IPCA,99,行商訴,214,20110428,2",ADMINISTRATIVE,Lose
"TPBA,96,訴,1642,20080130,2",ADMINISTRATIVE,Lose
"IPCA,102,行專訴,36,20130725,2",ADMINISTRATIVE,Lose
"IPCA,99,行商訴,237,20110526,2",ADMINISTRATIVE,Lose
"TPBA,95,訴,1421,20070215,2",ADMINISTRATIVE,Lose
"TPAA,102,判,784,20131219,1",ADMINISTRATIVE,Lose
"TPAA,108,判,146,20190329,1",ADMINISTRATIVE,Lose
"TPBA,90,訴,5544,20020808,2",ADMINISTRATIVE,Lose
"TPAA,104,判,556,20150924,1",ADMINISTRATIVE,Lose
"TPBA,90,訴,119,20011017,1",ADMINISTRATIVE,Lose
"TPAA,89,判,1689,20000526",ADMINISTRATIVE,Lose
"TPBA,89,訴,2917,20020410,2",ADMINISTRATIVE,Lose
"IPCA,102,行專更(一),3,20140702,2",ADMINISTRATIVE,Lose
"TPBA,89,訴,782,20001208,1",ADMINISTRATIVE,Lose
"TPAA,90,判,1022,20010607,1",ADMINISTRATIVE,Lose
"TPAA,89,判,679,20000309",ADMINISTRATIVE,Lose
"IPCA,101,行商更(二),3,20130425,1",ADMINISTRATIVE,Mixed
"TPBA,91,訴,3284,20030916,2",ADMINISTRATIVE,Lose
"TPBA,93,訴,2208,20050825,1",ADMINISTRATIVE,Lose
"TPAA,90,判,1771,20011004,1",ADMINISTRATIVE,Lose
"IPCA,109,行商訴,2,20200618,2",ADMINISTRATIVE,Lose
"TPAA,88,判,3261,19990819",ADMINISTRATIVE,Lose
"TPBA,90,訴,121,20011012,1",ADMINISTRATIVE,Lose
"TPBA,97,訴,1667,20081112,2",ADMINISTRATIVE,Lose
"TPBA,95,訴,3696,20070801,1",ADMINISTRATIVE,Lose
"TPAA,94,判,1492,20050929,1",ADMINISTRATIVE,Lose
"TPAA,108,上,1112,20220915,1",ADMINISTRATIVE,Lose
"TPAA,92,判,484,20030501,1",ADMINISTRATIVE,Win
"TPBA,92,訴,3609,20050720,2",ADMINISTRATIVE,Win
"IPCA,99,行專訴,41,20100826,3",ADMINISTRATIVE,Lose
"TPAA,90,判,2380,20011213,1",ADMINISTRATIVE,Lose
"IPCA,99,行商訴,39,20100610,1",ADMINISTRATIVE,Lose
"TPBA,96,訴,2168,20080221,2",ADMINISTRATIVE,Lose
"IPCA,99,行專訴,47,20101202,3",ADMINISTRATIVE,Lose
"TPAA,88,判,1403,19990422",ADMINISTRATIVE,Lose
"TPBA,91,訴,2021,20030904,2",ADMINISTRATIVE,Lose
"TPBA,92,訴,1474,20040616,2",ADMINISTRATIVE,Lose
"TPBA,92,訴,2685,20050113,2",ADMINISTRATIVE,Lose
"TPAA,88,判,1978,19990520",ADMINISTRATIVE,Lose
"TPBA,95,訴,389,20061207,2",ADMINISTRATIVE,Lose
"TPBA,92,訴,303,20040324,2",ADMINISTRATIVE,Lose
"TPAA,108,判,201,20190425,1",ADMINISTRATIVE,Lose
"IPCA,105,行商訴,108,20170224,2",ADMINISTRATIVE,Lose
"IPCA,104,行專訴,21,20150925,2",ADMINISTRATIVE,Lose
"IPCA,99,行商訴,90,20101021,2",ADMINISTRATIVE,Lose
"TPAA,96,判,514,20070329,1",ADMINISTRATIVE,Lose
"TPBA,93,訴,4266,20051201,2",ADMINISTRATIVE,Lose
"TPBA,96,訴,2703,20080327,2",ADMINISTRATIVE,Lose
"TPBA,96,訴,3559,20080320,1",ADMINISTRATIVE,Lose
"TPAA,96,判,1624,20070913,1",ADMINISTRATIVE,Lose
"TPBA,89,訴,2278,20010927,2",ADMINISTRATIVE,Lose
"TPAA,97,判,624,20080626,1",ADMINISTRATIVE,Lose
"TPBA,95,訴,497,20061227,2",ADMINISTRATIVE,Lose
"TPBA,97,訴,1213,20080918,1",ADMINISTRATIVE,Lose
"TPBA,97,訴,189,20080619,2",ADMINISTRATIVE,Lose
"TPBA,97,訴,303,20080611,2",ADMINISTRATIVE,Lose
"IPCA,99,行商訴,45,20100701,2",ADMINISTRATIVE,Lose
"TPBA,97,訴,1546,20081001,2",ADMINISTRATIVE,Lose
"TPAA,109,上,777,20211111,1",ADMINISTRATIVE,Lose
"TPAA,91,判,58,20020111,1",ADMINISTRATIVE,Lose
"TPBA,90,訴,6323,20021114,2",ADMINISTRATIVE,Lose
"TPAA,90,判,1649,20010914,1",ADMINISTRATIVE,Lose
"TPBA,96,訴,1857,20080221,2",ADMINISTRATIVE,Lose
"TPBA,94,訴,668,20060309,1",ADMINISTRATIVE,Lose
"TPAA,88,判,4368,19991230",ADMINISTRATIVE,Lose
"TPBA,89,訴,2206,20010810,2",ADMINISTRATIVE,Lose
"TPAA,88,判,4230,19991223",ADMINISTRATIVE,Lose
"TPBA,90,訴,3897,20020612,2",ADMINISTRATIVE,Lose
"TPBA,95,訴,133,20070213,2",ADMINISTRATIVE,Lose
"TPAA,109,判,668,20201224,1",ADMINISTRATIVE,Lose
"IPCA,111,行商訴,13,20230607,2",ADMINISTRATIVE,Win
"TPAA,95,判,503,20060413,1",ADMINISTRATIVE,Lose
"TPBA,95,訴,472,20061219,1",ADMINISTRATIVE,Lose
"TPBA,91,訴,263,20021211,2",ADMINISTRATIVE,Lose
"TPAA,99,判,1271,20101130,1",ADMINISTRATIVE,Lose
"TPBA,96,訴,3544,20080408,2",ADMINISTRATIVE,Mixed
"TPAA,94,判,771,20050602,1",ADMINISTRATIVE,Lose
"TPAA,96,判,610,20070412,1",ADMINISTRATIVE,Lose
"TPBA,94,訴,2760,20060731,2",ADMINISTRATIVE,Lose
"TPBA,93,訴,1271,20050610,2",ADMINISTRATIVE,Lose
"TPAA,100,判,1529,20110831,1",ADMINISTRATIVE,Lose
"IPCA,108,行著訴,3,20200423,2",ADMINISTRATIVE,Lose
"IPCA,98,行專訴,65,20091029,3",ADMINISTRATIVE,Lose
"TPBA,91,訴,2848,20030918,2",ADMINISTRATIVE,Lose
"TPAA,93,判,904,20040715,1",ADMINISTRATIVE,Lose
"IPCA,100,行專訴,33,20110901,3",ADMINISTRATIVE,Lose
"IPCA,99,行商訴,146,20101230,2",ADMINISTRATIVE,Lose
"IPCA,113,行專訴,27,20241120,3",ADMINISTRATIVE,Lose
"TPBA,91,訴,2608,20030709,1",ADMINISTRATIVE,Lose
"TPBA,89,訴,2606,20010809,1",ADMINISTRATIVE,Lose
"TPAA,88,判,3869,19991111",ADMINISTRATIVE,Lose
"TPBA,91,訴,4966,20030501,2",ADMINISTRATIVE,Lose
"TPAA,103,判,488,20140911,1",ADMINISTRATIVE,Lose
"TPBA,93,訴,2004,20050825,2",ADMINISTRATIVE,Lose
"TPBA,94,訴,114,20051227,2",ADMINISTRATIVE,Lose
"IPCA,105,行專訴,37,20161117,2",ADMINISTRATIVE,Mixed
"TPAA,92,判,1063,20030814,1",ADMINISTRATIVE,Lose
"TPBA,94,訴,2855,20060713,1",ADMINISTRATIVE,Lose
"IPCA,99,行商訴,101,20100909,1",ADMINISTRATIVE,Lose
"TPBA,89,訴,2864,20010823,2",ADMINISTRATIVE,Lose
"IPCA,101,行商訴,116,20121220,2",ADMINISTRATIVE,Mixed
"TPBA,92,訴,4266,20041117,2",ADMINISTRATIVE,Lose
"IPCA,99,行商訴,215,20110504,2",ADMINISTRATIVE,Lose
"IPCA,99,行商訴,161,20110127,2",ADMINISTRATIVE,Lose
"IPCA,102,行商訴,30,20130807,2",ADMINISTRATIVE,Lose
"TPBA,92,訴,4912,20050304,2",ADMINISTRATIVE,Lose
"TPBA,93,訴,3653,20060124,2",ADMINISTRATIVE,Lose
"TPBA,92,訴,4839,20041124,2",ADMINISTRATIVE,Lose
"TPBA,92,訴,261,20040916,3",ADMINISTRATIVE,Lose
"IPCA,99,行專訴,112,20110127,3",ADMINISTRATIVE,Lose
"TPBA,96,訴,377,20071026,2",ADMINISTRATIVE,Lose
"TPAA,98,判,1517,20091224,1",ADMINISTRATIVE,Lose
"TPAA,98,判,1411,20091119,1",ADMINISTRATIVE,Lose
"IPCA,108,行專訴,36,20191226,4",ADMINISTRATIVE,Lose
"TPBA,94,訴,2514,20060810,2",ADMINISTRATIVE,Lose
"IPCA,105,行商訴,47,20160819,1",ADMINISTRATIVE,Lose
"TPBA,91,訴,1552,20030619,2",ADMINISTRATIVE,Lose
"IPCA,103,行商訴,30,20140807,2",ADMINISTRATIVE,Lose
"TPAA,92,判,954,20030718,1",ADMINISTRATIVE,Lose
"TPBA,92,訴,2079,20041125,2",ADMINISTRATIVE,Lose
"IPCA,101,行專訴,47,20121025,3",ADMINISTRATIVE,Lose
"TPBA,96,訴,2466,20080320,1",ADMINISTRATIVE,Mixed
"TPBA,95,訴,153,20061116,2",ADMINISTRATIVE,Lose
"IPCA,102,行商訴,106,20140430,1",ADMINISTRATIVE,Lose
"TPBA,92,訴,1538,20040805,1",ADMINISTRATIVE,Lose
"TPBA,95,訴,65,20061019,2",ADMINISTRATIVE,Lose
"TPAA,106,判,560,20171012,1",ADMINISTRATIVE,Lose
"IPCA,99,行商訴,193,20110317,2",ADMINISTRATIVE,Lose
"IPCA,98,行專訴,88,20100114,3",ADMINISTRATIVE,Lose
"IPCA,100,行專訴,31,20110922,3",ADMINISTRATIVE,Win
"TPAA,109,上,343,20220210,2",ADMINISTRATIVE,Lose
"TPBA,90,訴,6466,20021107,2",ADMINISTRATIVE,Lose
"TPAA,105,判,312,20160616,1",ADMINISTRATIVE,Lose
"IPCA,98,行商訴,140,20091126,2",ADMINISTRATIVE,Win
"IPCA,99,行專更(一),3,20101216,2",ADMINISTRATIVE,Win
"IPCA,109,行商訴,1,20200617,2",ADMINISTRATIVE,Lose
"IPCA,109,行專訴,22,20210106,3",ADMINISTRATIVE,Lose
"TPAA,95,判,1831,20061109,1",ADMINISTRATIVE,Lose
"IPCA,101,行商訴,93,20120927,2",ADMINISTRATIVE,Lose
"IPCA,105,行商訴,2,20160421,1",ADMINISTRATIVE,Lose
"IPCA,104,行商訴,152,20160714,2",ADMINISTRATIVE,Lose
"TPBA,93,訴,3765,20051124,2",ADMINISTRATIVE,Lose
"TPAA,90,判,2016,20011101,1",ADMINISTRATIVE,Lose
"TPAA,88,判,3387,19990831",ADMINISTRATIVE,Lose
"IPCA,112,行商訴,1,20230928,2",ADMINISTRATIVE,Lose
"IPCA,104,行商訴,1,20150716,2",ADMINISTRATIVE,Lose
"TPAA,88,判,2030,19990527",ADMINISTRATIVE,Lose
"IPCA,101,行專訴,113,20130530,3",ADMINISTRATIVE,Lose
"TPBA,95,訴,4273,20070830,2",ADMINISTRATIVE,Lose
"TPBA,91,訴,1205,20030416,2",ADMINISTRATIVE,Lose
"IPCA,97,行商訴,90,20090122,1",ADMINISTRATIVE,Mixed
"TPAA,109,上,1186,20211111,1",ADMINISTRATIVE,Lose
"TPAA,95,判,687,20060511,1",ADMINISTRATIVE,Lose
"TPAA,109,上,981,20211223,1",ADMINISTRATIVE,Lose
"TPBA,90,訴,2260,20020708,2",ADMINISTRATIVE,Lose
"TPBA,95,訴,1786,20070315,2",ADMINISTRATIVE,Lose
"TPBA,93,訴,1892,20050630,3",ADMINISTRATIVE,Lose
"TPAA,91,判,435,20020329,1",ADMINISTRATIVE,Lose
"TPAA,90,判,2320,20011207,1",ADMINISTRATIVE,Lose
"TPAA,88,判,4113,19991216",ADMINISTRATIVE,Lose
"IPCA,98,行商訴,74,20090806,1",ADMINISTRATIVE,Lose
"TPAA,95,判,1782,20061031,1",ADMINISTRATIVE,Lose
"IPCA,111,行商訴,20,20221026,2",ADMINISTRATIVE,Win
"TPAA,94,判,1053,20050721,1",ADMINISTRATIVE,Lose
"TPBA,95,訴,1036,20070110,2",ADMINISTRATIVE,Lose
"TPBA,96,訴,2888,20080213,1",ADMINISTRATIVE,Lose
"TPBA,94,訴,3902,20061123,2",ADMINISTRATIVE,Lose
"TPBA,91,訴,2112,20030717,2",ADMINISTRATIVE,Win
"TPBA,92,訴,4171,20050126,3",ADMINISTRATIVE,Win
"TPBA,95,訴,2175,20070404,2",ADMINISTRATIVE,Lose
"TPBA,90,訴,6818,20030122,2",ADMINISTRATIVE,Lose
"IPCA,108,行商更(一),3,20190912,1",ADMINISTRATIVE,Win
"IPCA,107,行專訴,52,20181213,3",ADMINISTRATIVE,Lose
"TPBA,91,訴,5180,20040128,3",ADMINISTRATIVE,Lose
"TPBA,92,訴,1683,20050616,1",ADMINISTRATIVE,Lose
"TPAA,111,上,303,20221020,1",ADMINISTRATIVE,Lose
"IPCA,105,行商訴,76,20161020,2",ADMINISTRATIVE,Lose
"TPBA,91,訴,1488,20030528,2",ADMINISTRATIVE,Lose
"IPCA,98,行商訴,50,20090827,2",ADMINISTRATIVE,Lose
"TPBA,90,訴,4096,20020508,1",ADMINISTRATIVE,Lose
"IPCA,97,行專訴,45,20090521,2",ADMINISTRATIVE,Mixed
"TPBA,96,訴,1502,20080124,2",ADMINISTRATIVE,Lose
"TPBA,92,訴,5205,20041222,1",ADMINISTRATIVE,Lose
"TPBA,91,訴,3476,20030924,1",ADMINISTRATIVE,Lose
"IPCA,112,行商訴,64,20240614,2",ADMINISTRATIVE,Lose
"TPAA,100,判,646,20110429,1",ADMINISTRATIVE,Lose
"TPBA,94,訴,3870,20061123,2",ADMINISTRATIVE,Lose
"IPCA,108,行商訴,46,20191121,2",ADMINISTRATIVE,Win
"TPBA,90,訴,6543,20030116,2",ADMINISTRATIVE,Win
"TPBA,89,訴,1599,20010628,2",ADMINISTRATIVE,Lose
"TPBA,91,訴,3537,20031120,2",ADMINISTRATIVE,Lose
"TPAA,88,判,3172,19990723",ADMINISTRATIVE,Lose
"TPAA,93,判,586,20040513,1",ADMINISTRATIVE,Lose
"TPAA,89,判,2118,20000622",ADMINISTRATIVE,Lose
"TPBA,92,訴,4572,20050113,2",ADMINISTRATIVE,Lose
"IPCA,102,行專訴,35,20130807,3",ADMINISTRATIVE,Lose
"TPBA,97,訴,616,20080709,1",ADMINISTRATIVE,Lose
"IPCA,107,行專訴,78,20190328,3",ADMINISTRATIVE,Lose
"IPCA,107,行專訴,88,20190717,3",ADMINISTRATIVE,Lose
"TPAA,96,判,1049,20070614,1",ADMINISTRATIVE,Lose
"TPBA,91,訴,1609,20030703,1",ADMINISTRATIVE,Lose
"IPCA,109,行專訴,23,20200909,1",ADMINISTRATIVE,Lose
"TPBA,91,訴,4394,20031231,2",ADMINISTRATIVE,Lose
"TPAA,89,判,1026,20000407",ADMINISTRATIVE,Lose
"IPCA,103,行商訴,51,20140909,1",ADMINISTRATIVE,Lose
"TPBA,95,訴,2811,20070503,2",ADMINISTRATIVE,Lose
"TPAA,89,判,640,20000309",ADMINISTRATIVE,Lose
"IPCA,99,行專訴,103,20101104,3",ADMINISTRATIVE,Lose
"TPBA,93,訴,1328,20050429,2",ADMINISTRATIVE,Lose
"TPBA,94,訴,3179,20060913,2",ADMINISTRATIVE,Lose
"TPBA,94,訴,2575,20060817,2",ADMINISTRATIVE,Win
"TPBA,94,訴,3842,20060907,1",ADMINISTRATIVE,Lose
"IPCA,98,行商訴,205,20100318,2",ADMINISTRATIVE,Lose
"IPCA,104,行專訴,79,20161130,6",ADMINISTRATIVE,Mixed
"TPBA,92,訴,2265,20040728,2",ADMINISTRATIVE,Lose
"TPBA,92,訴,35,20040303,2",ADMINISTRATIVE,Lose
"TPBA,90,訴,4239,20020501,2",ADMINISTRATIVE,Lose
"IPCA,110,行專訴,31,20220316,3",ADMINISTRATIVE,Mixed
"TPAA,108,上,977,20210304,1",ADMINISTRATIVE,Lose
"IPCA,101,行商訴,28,20120621,2",ADMINISTRATIVE,Win
"IPCA,100,行專訴,79,20120112,3",ADMINISTRATIVE,Mixed
"TPBA,90,訴,5799,20021003,2",ADMINISTRATIVE,Lose
"TPBA,89,訴,1746,20010530,2",ADMINISTRATIVE,Lose
"IPCA,104,行專訴,74,20160128,4",ADMINISTRATIVE,Win
"IPCA,98,行專訴,28,20090702,4",ADMINISTRATIVE,Lose
"IPCA,101,行商訴,127,20130207,1",ADMINISTRATIVE,Lose
"IPCA,105,行商訴,42,20160617,1",ADMINISTRATIVE,Lose
"TPAA,95,判,1927,20061123,1",ADMINISTRATIVE,Lose
"IPCA,102,行商訴,103,20140326,2",ADMINISTRATIVE,Win
"IPCA,109,行專更(一),5,20210526,2",ADMINISTRATIVE,Lose
"TPBA,93,訴,2186,20061221,1",ADMINISTRATIVE,Lose
"TPBA,90,訴,4855,20020829,1",ADMINISTRATIVE,Lose
"TPAA,100,判,2213,20111215,1",ADMINISTRATIVE,Lose
"TPAA,92,判,651,20030529,1",ADMINISTRATIVE,Lose
"TPAA,88,判,3576,19990930",ADMINISTRATIVE,Win
"IPCA,98,行商訴,120,20091029,2",ADMINISTRATIVE,Lose
"TPBA,90,訴,3019,20020620,2",ADMINISTRATIVE,Lose
"IPCA,101,行專訴,46,20121129,4",ADMINISTRATIVE,Lose
"TPBA,92,訴,4354,20050505,2",ADMINISTRATIVE,Lose
"TPBA,91,訴,4925,20040114,1",ADMINISTRATIVE,Lose
"TPAA,88,判,3287,19990820",ADMINISTRATIVE,Lose
"TPBA,91,訴更一,25,20040818,1",ADMINISTRATIVE,Win
"TPBA,96,訴更一,90,20080221,2",ADMINISTRATIVE,Win
"TPBA,94,訴,1477,20060406,2",ADMINISTRATIVE,Lose
"TPBA,90,訴,4307,20020718,1",ADMINISTRATIVE,Mixed
"TPBA,94,訴,4024,20061116,2",ADMINISTRATIVE,Lose
"TPBA,95,訴,3063,20070621,1",ADMINISTRATIVE,Lose
"TPBA,97,訴,612,20080918,2",ADMINISTRATIVE,Lose
"TPBA,95,訴,820,20061220,2",ADMINISTRATIVE,Lose
"IPCA,99,行商訴,79,20100902,2",ADMINISTRATIVE,Lose
"TPAA,108,判,470,20191009,1",ADMINISTRATIVE,Lose
"IPCA,103,行商訴,131,20150326,2",ADMINISTRATIVE,Lose
"IPCA,109,行商訴,34,20201130,2",ADMINISTRATIVE,Lose
"IPCA,111,行專訴,71,20230630,3",ADMINISTRATIVE,Lose
"TPBA,91,訴,918,20030417,2",ADMINISTRATIVE,Lose
"IPCA,105,行專訴,71,20170209,3",ADMINISTRATIVE,Lose
"TPAA,95,判,1184,20060731,1",ADMINISTRATIVE,Lose
"TPBA,95,訴,3046,20070620,2",ADMINISTRATIVE,Lose
"IPCA,105,行專訴,55,20171020,4",ADMINISTRATIVE,Mixed
"TPAA,110,上,157,20230324,1",ADMINISTRATIVE,Lose
"TPBA,96,訴,3687,20080430,2",ADMINISTRATIVE,Win
"TPBA,94,訴,1729,20060407,1",ADMINISTRATIVE,Lose
"TPAA,99,判,681,20100708,1",ADMINISTRATIVE,Lose
"IPCA,108,行商訴,72,20191226,3",ADMINISTRATIVE,Lose
"IPCA,101,行專訴,15,20120712,3",ADMINISTRATIVE,Lose
"TPAA,90,判,1700,20010924,1",ADMINISTRATIVE,Lose
"TPAA,92,判,597,20030522,1",ADMINISTRATIVE,Lose
"TPAA,90,判,2378,20011213,1",ADMINISTRATIVE,Lose
"IPCA,104,行商訴,48,20151030,2",ADMINISTRATIVE,Lose
"IPCA,102,行著訴,8,20140219,3",ADMINISTRATIVE,Lose
"IPCA,99,行商訴,246,20110602,3",ADMINISTRATIVE,Lose
"TPBA,91,訴,1160,20030430,2",ADMINISTRATIVE,Lose
"TPBA,94,訴,1731,20060406,2",ADMINISTRATIVE,Lose
"IPCA,102,行商訴,60,20131106,2",ADMINISTRATIVE,Lose
"TPAA,90,判,145,20010111,1",ADMINISTRATIVE,Lose
"TPBA,89,訴,804,20010308,2",ADMINISTRATIVE,Lose
"TPBA,96,訴,3404,20080731,2",ADMINISTRATIVE,Lose
"TPBA,89,訴,1397,20010823,2",ADMINISTRATIVE,Lose
"TPBA,92,訴,5557,20050407,2",ADMINISTRATIVE,Lose
"TPBA,91,訴,5323,20040506,2",ADMINISTRATIVE,Lose
"IPCA,111,行商訴,59,20230223,2",ADMINISTRATIVE,Lose
"IPCA,104,行專訴,93,20160121,1",ADMINISTRATIVE,Lose
"TPBA,94,訴,2217,20060712,2",ADMINISTRATIVE,Lose
"TPBA,91,訴,1961,20030630,2",ADMINISTRATIVE,Lose
"TPAA,97,判,1072,20081128,1",ADMINISTRATIVE,Lose
"TPAA,88,判,1835,19990507",ADMINISTRATIVE,Lose
"TPBA,91,訴,2692,20030716,2",ADMINISTRATIVE,Lose
"TPBA,96,訴,3285,20080403,2",ADMINISTRATIVE,Lose
"IPCA,106,行商訴,58,20171229,3",ADMINISTRATIVE,Lose
"IPCA,100,行專訴,88,20120209,3",ADMINISTRATIVE,Mixed
"TPBA,91,訴,2779,20030820,2",ADMINISTRATIVE,Lose
"TPBA,95,訴,1696,20070227,2",ADMINISTRATIVE,Lose
"TPBA,92,訴,4215,20050106,2",ADMINISTRATIVE,Lose
"TPBA,90,訴,2025,20020418,2",ADMINISTRATIVE,Lose
"IPCA,99,行商訴,170,20110210,2",ADMINISTRATIVE,Mixed
"TPAA,99,判,34,20100121,1",ADMINISTRATIVE,Lose
"IPCA,107,行商訴,33,20190123,3",ADMINISTRATIVE,Lose
"IPCA,104,行專訴,109,20160506,3",ADMINISTRATIVE,Lose
"TPBA,93,訴,3412,20050922,2",ADMINISTRATIVE,Lose
"IPCA,100,行商訴,156,20120306,1",ADMINISTRATIVE,Lose
"TPBA,95,訴,2966,20070530,2",ADMINISTRATIVE,Lose
"TPBA,96,訴,182,20071011,2",ADMINISTRATIVE,Lose
"TPAA,95,判,329,20060309,1",ADMINISTRATIVE,Lose
"TPBA,92,訴,4984,20050126,3",ADMINISTRATIVE,Lose
"TPAA,101,判,153,20120216,1",ADMINISTRATIVE,Lose
"TPBA,96,訴,4159,20080430,2",ADMINISTRATIVE,Lose
"IPCA,100,行專訴,43,20111013,3",ADMINISTRATIVE,Mixed
"IPCA,105,行專訴,24,20160819,3",ADMINISTRATIVE,Mixed
"IPCA,109,行專訴,59,20210630,3",ADMINISTRATIVE,Lose
"TPAA,90,判,568,20010412,1",ADMINISTRATIVE,Win
"IPCA,98,行商訴,239,20100422,2",ADMINISTRATIVE,Lose
"IPCA,102,行專訴,6,20130704,3",ADMINISTRATIVE,Lose
"IPCA,97,行專訴,22,20081120,3",ADMINISTRATIVE,Lose
"TPBA,91,訴,4461,20040107,2",ADMINISTRATIVE,Lose
"IPCA,98,行專訴,17,20090709,4",ADMINISTRATIVE,Lose
"TPAA,88,判,3708,19991021",ADMINISTRATIVE,Lose
"TPBA,96,訴,2551,20080327,1",ADMINISTRATIVE,Lose
"TPAA,88,判,602,19990318",ADMINISTRATIVE,Win
"IPCA,103,行商訴,118,20141217,1",ADMINISTRATIVE,Lose
"IPCA,100,行商訴,103,20111110,2",ADMINISTRATIVE,Lose
"IPCA,97,行商訴,126,20090430,2",ADMINISTRATIVE,Lose
"IPCA,107,行商訴,21,20181025,2",ADMINISTRATIVE,Lose
"IPCA,103,行專訴,79,20150331,2",ADMINISTRATIVE,Lose
"TPAA,89,判,3218,20001116,1",ADMINISTRATIVE,Win
"TPBA,90,訴,2975,20020814,1",ADMINISTRATIVE,Lose
"TPBA,89,訴,884,20010314,1",ADMINISTRATIVE,Lose
"TPBA,93,訴,2445,20050909,2",ADMINISTRATIVE,Lose
"TPAA,100,判,682,20110505,1",ADMINISTRATIVE,Lose
"TPBA,94,訴,3784,20061121,2",ADMINISTRATIVE,Lose
"TPBA,94,訴,2413,20060530,2",ADMINISTRATIVE,Lose
"IPCA,97,行商訴,39,20081127,1",ADMINISTRATIVE,Lose
"TPAA,98,判,1004,20090827,1",ADMINISTRATIVE,Lose
"IPCA,104,行專訴,60,20151211,3",ADMINISTRATIVE,Lose
"TPAA,100,判,1530,20110831,1",ADMINISTRATIVE,Lose
"TPAA,95,判,113,20060126,1",ADMINISTRATIVE,Lose
"TPBA,96,訴,1664,20080116,1",ADMINISTRATIVE,Lose
"TPBA,96,訴,3618,20080327,2",ADMINISTRATIVE,Lose
"IPCA,110,行商訴,32,20211229,2",ADMINISTRATIVE,Lose
"IPCA,99,行商訴,124,20101202,2",ADMINISTRATIVE,Lose
"TPAA,96,判,609,20070412,1",ADMINISTRATIVE,Lose
"TPBA,96,訴,874,20080110,2",ADMINISTRATIVE,Lose
"IPCA,104,行專訴,26,20150827,2",ADMINISTRATIVE,Win
"TPBA,89,訴,1184,20010816,2",ADMINISTRATIVE,Lose
"IPCA,110,行商訴,4,20210929,2",ADMINISTRATIVE,Lose
"TPAA,91,判,285,20020221,1",ADMINISTRATIVE,Win
"TPBA,93,訴,2548,20050817,1",ADMINISTRATIVE,Lose
"TPBA,94,訴,2724,20060608,2",ADMINISTRATIVE,Lose
"IPCA,101,行商訴,113,20130117,3",ADMINISTRATIVE,Lose
"TPBA,90,訴,6232,20021106,2",ADMINISTRATIVE,Lose
"TPAA,90,判,2514,20011221,1",ADMINISTRATIVE,Lose
"TPAA,90,判,1650,20010914,1",ADMINISTRATIVE,Lose
"TPBA,95,訴,96,20061228,1",ADMINISTRATIVE,Lose
"TPBA,97,訴,381,20080618,1",ADMINISTRATIVE,Lose
"TPAA,87,判,492,19980326",ADMINISTRATIVE,Lose
"TPBA,90,訴,4525,20020531,1",ADMINISTRATIVE,Lose
"TPAA,90,判,2222,20011129,1",ADMINISTRATIVE,Lose
"IPCA,108,行商訴,143,20200622,1",ADMINISTRATIVE,Lose
"IPCA,107,行專訴,89,20190828,5",ADMINISTRATIVE,Lose
"IPCA,99,行商訴,132,20101125,2",ADMINISTRATIVE,Lose
"IPCA,112,行商訴,43,20240125,2",ADMINISTRATIVE,Lose
"IPCA,113,行商訴,4,20241121,2",ADMINISTRATIVE,Lose
"IPCA,100,行專訴,10,20110714,2",ADMINISTRATIVE,Lose
"IPCA,108,行商訴,100,20200130,2",ADMINISTRATIVE,Win
"TPBA,92,訴,2893,20041015,2",ADMINISTRATIVE,Lose
"TPBA,93,訴,3157,20051013,1",ADMINISTRATIVE,Lose
"TPBA,92,訴,4397,20050202,1",ADMINISTRATIVE,Mixed
"TPBA,96,訴,2365,20080229,1",ADMINISTRATIVE,Lose
"TPBA,90,訴,6340,20021106,2",ADMINISTRATIVE,Lose
"IPCA,101,行專訴,66,20130530,3",ADMINISTRATIVE,Mixed
"TPBA,91,訴,1659,20030529,2",ADMINISTRATIVE,Lose
"TPBA,89,訴,82,20010301,1",ADMINISTRATIVE,Lose
"IPCA,101,行商訴,19,20120412,1",ADMINISTRATIVE,Lose
"TPAA,91,判,196,20020131,1",ADMINISTRATIVE,Lose
"IPCA,104,行商訴,104,20160225,3",ADMINISTRATIVE,Lose
"TPAA,90,判,1826,20011011,1",ADMINISTRATIVE,Lose
"IPCA,112,行專訴,30,20231229,2",ADMINISTRATIVE,Win
"TPAA,90,判,1898,20011019,1",ADMINISTRATIVE,Lose
"TPBA,92,訴,2757,20040826,1",ADMINISTRATIVE,Lose
"IPCA,100,行商訴,152,20120223,1",ADMINISTRATIVE,Lose
"IPCA,97,行商訴,79,20090326,2",ADMINISTRATIVE,Lose
"TPAA,100,判,1769,20111006,1",ADMINISTRATIVE,Lose
"IPCA,98,行商訴,223,20100225,2",ADMINISTRATIVE,Lose
"TPBA,90,訴,6624,20021231,2",ADMINISTRATIVE,Lose
"IPCA,104,行專訴,83,20160331,3",ADMINISTRATIVE,Win
"IPCA,108,行專訴,46,20200311,6",ADMINISTRATIVE,Lose
"IPCA,110,行專訴,35,20220223,2",ADMINISTRATIVE,Lose
"TPAA,111,上,55,20220721,1",ADMINISTRATIVE,Lose
"TPAA,95,判,1471,20060907,1",ADMINISTRATIVE,Lose
"TPBA,90,訴,5697,20021121,2",ADMINISTRATIVE,Lose
"TPAA,88,判,3290,19990820",ADMINISTRATIVE,Lose
"IPCA,106,行商訴,64,20180118,3",ADMINISTRATIVE,Lose
"TPAA,101,判,708,20120809,1",ADMINISTRATIVE,Lose
"TPBA,90,訴,313,20011130,1",ADMINISTRATIVE,Lose
"IPCA,107,行商訴,12,20180828,2",ADMINISTRATIVE,Lose
"TPBA,96,訴,2704,20080229,2",ADMINISTRATIVE,Lose
"TPBA,95,訴,231,20061116,2",ADMINISTRATIVE,Lose
"TPBA,96,訴,2670,20080403,2",ADMINISTRATIVE,Lose
"TPBA,96,訴,1380,20080403,2",ADMINISTRATIVE,Lose
"TPBA,96,訴,1606,20080109,2",ADMINISTRATIVE,Lose
"TPAA,104,判,59,20150129,1",ADMINISTRATIVE,Lose
"TPAA,98,判,928,20090813,1",ADMINISTRATIVE,Lose
"TPBA,92,訴,5433,20041222,2",ADMINISTRATIVE,Lose
"IPCA,107,行專訴,57,20190110,3",ADMINISTRATIVE,Lose
"IPCA,110,行專訴,51,20211222,2",ADMINISTRATIVE,Lose
"IPCA,102,行商訴,76,20130918,1",ADMINISTRATIVE,Lose
"IPCA,112,行商訴,27,20231116,1",ADMINISTRATIVE,Lose
"IPCA,100,行商訴,104,20111124,2",ADMINISTRATIVE,Lose
"IPCA,104,行商訴,85,20151231,2",ADMINISTRATIVE,Lose
"TPBA,96,訴,1562,20071228,2",ADMINISTRATIVE,Lose
"IPCA,106,行商訴,14,20171025,2",ADMINISTRATIVE,Lose
"TPBA,95,訴,2576,20070424,1",ADMINISTRATIVE,Lose
"TPAA,98,判,557,20090521,1",ADMINISTRATIVE,Lose
"IPCA,105,行商訴,101,20161230,1",ADMINISTRATIVE,Lose
"TPBA,90,訴,5244,20020717,2",ADMINISTRATIVE,Lose
"IPCA,103,行專訴,100,20150429,2",ADMINISTRATIVE,Lose
"TPBA,95,訴,2988,20070621,2",ADMINISTRATIVE,Lose
"TPAA,88,判,3651,19991007",ADMINISTRATIVE,Lose
"TPBA,94,訴,2766,20060713,2",ADMINISTRATIVE,Lose
"TPAA,111,上,938,20230309,1",ADMINISTRATIVE,Lose
"TPAA,90,判,1885,20011018,1",ADMINISTRATIVE,Lose
"IPCA,99,行商訴,177,20110224,2",ADMINISTRATIVE,Lose
"TPBA,89,訴,2581,20011219,2",ADMINISTRATIVE,Lose
"TPBA,96,訴,1053,20071206,1",ADMINISTRATIVE,Lose
"TPBA,95,訴,2901,20070523,2",ADMINISTRATIVE,Lose
"TPAA,112,上,518,20231019,1",ADMINISTRATIVE,Lose
"TPBA,94,訴,2895,20060914,2",ADMINISTRATIVE,Lose
"IPCA,99,行專更(一),2,20100830,2",ADMINISTRATIVE,Lose
"TPBA,91,訴,2067,20030702,1",ADMINISTRATIVE,Lose
"IPCA,101,行專訴,57,20121220,3",ADMINISTRATIVE,Lose
"IPCA,104,行專訴,97,20160615,3",ADMINISTRATIVE,Lose
"IPCA,107,行專訴,31,20190109,2",ADMINISTRATIVE,Lose
"TPAA,88,判,1051,19990415",ADMINISTRATIVE,Win
"IPCA,106,行商訴,125,20180329,1",ADMINISTRATIVE,Lose
"TPAA,109,上,559,20210429,1",ADMINISTRATIVE,Lose
"TPBA,97,訴,379,20080814,3",ADMINISTRATIVE,Lose
"TPBA,92,訴,1014,20040902,2",ADMINISTRATIVE,Lose
"IPCA,99,行專訴,169,20110707,4",ADMINISTRATIVE,Win
"TPBA,96,訴,2231,20080327,2",ADMINISTRATIVE,Lose
"IPCA,101,行商訴,51,20120816,1",ADMINISTRATIVE,Mixed
"TPBA,94,訴,594,20060309,2",ADMINISTRATIVE,Lose
"TPAA,98,判,645,20090611,1",ADMINISTRATIVE,Lose
"TPBA,90,訴,5790,20020912,2",ADMINISTRATIVE,Lose
"IPCA,108,行商訴,28,20190826,1",ADMINISTRATIVE,Lose
"IPCA,102,行商訴,15,20130718,3",ADMINISTRATIVE,Lose
"IPCA,103,行商訴,125,20150130,2",ADMINISTRATIVE,Lose
"TPBA,94,訴,4051,20061219,2",ADMINISTRATIVE,Lose
"IPCA,113,行專訴,4,20241004,3",ADMINISTRATIVE,Lose
"TPBA,90,訴,1203,20020110,2",ADMINISTRATIVE,Lose
"IPCA,100,行專訴,57,20111201,4",ADMINISTRATIVE,Win
"IPCA,99,行商訴,78,20100830,2",ADMINISTRATIVE,Lose
"TPAA,95,判,1088,20060714,1",ADMINISTRATIVE,Lose
"TPBA,92,訴,3092,20041027,3",ADMINISTRATIVE,Win
"TPBA,95,訴,2018,20070510,2",ADMINISTRATIVE,Lose
"TPBA,91,訴,4773,20040325,2",ADMINISTRATIVE,Lose
"TPBA,93,訴,3292,20051117,1",ADMINISTRATIVE,Lose
"TPBA,94,訴,470,20060125,2",ADMINISTRATIVE,Lose
"TPBA,91,訴,3431,20040421,2",ADMINISTRATIVE,Win
"TPAA,91,判,659,20020503,1",ADMINISTRATIVE,Lose
"TPBA,95,訴,2292,20070418,2",ADMINISTRATIVE,Lose
"TPAA,89,判,2788,20000921,1",ADMINISTRATIVE,Lose
"TPBA,89,訴,1635,20010320,3",ADMINISTRATIVE,Lose
"IPCA,99,行專訴,84,20101216,3",ADMINISTRATIVE,Lose
"IPCA,112,行專訴,29,20240201,3",ADMINISTRATIVE,Lose
"TPBA,95,訴,3041,20070614,2",ADMINISTRATIVE,Lose
"TPAA,93,判,763,20040617,1",ADMINISTRATIVE,Lose
"TPBA,91,訴,4898,20040513,2",ADMINISTRATIVE,Lose
"TPBA,96,訴,3841,20080422,2",ADMINISTRATIVE,Lose
"TPAA,96,判,271,20070213,1",ADMINISTRATIVE,Lose
"IPCA,102,行商訴,122,20140219,2",ADMINISTRATIVE,Lose
"TPAA,90,判,1768,20011004,1",ADMINISTRATIVE,Lose
"TPAA,88,判,2034,19990527",ADMINISTRATIVE,Lose
"TPBA,90,訴,4836,20030116,2",ADMINISTRATIVE,Lose
"IPCA,97,行商訴,52,20081231,2",ADMINISTRATIVE,Win
"TPBA,94,訴,1093,20060413,2",ADMINISTRATIVE,Lose
"TPAA,88,判,1900,19990513",ADMINISTRATIVE,Lose
"TPAA,92,判,1081,20030821,1",ADMINISTRATIVE,Lose
"TPAA,107,判,68,20180131,1",ADMINISTRATIVE,Lose
"TPBA,95,訴,4422,20070926,2",ADMINISTRATIVE,Lose
"TPBA,97,訴,1603,20081126,2",ADMINISTRATIVE,Lose
"TPBA,91,訴,4569,20040107,2",ADMINISTRATIVE,Mixed
"IPCA,97,行商訴,3,20081016,2",ADMINISTRATIVE,Lose
"TPAA,105,判,298,20160608,1",ADMINISTRATIVE,Lose
"TPBA,92,訴,1524,20040805,2",ADMINISTRATIVE,Lose
"TPBA,95,訴,1064,20070315,1",ADMINISTRATIVE,Mixed
"IPCA,100,行商更(一),4,20111222,1",ADMINISTRATIVE,Lose
"IPCA,108,行專更(一),1,20191128,2",ADMINISTRATIVE,Win
"TPBA,92,訴,961,20040413,2",ADMINISTRATIVE,Lose
"TPBA,93,訴,3719,20060105,2",ADMINISTRATIVE,Lose
"TPAA,95,判,1121,20060720,1",ADMINISTRATIVE,Lose
"TPBA,97,訴,1205,20081030,2",ADMINISTRATIVE,Lose
"TPAA,90,判,673,20010427,1",ADMINISTRATIVE,Lose
"TPAA,93,判,1511,20041202,1",ADMINISTRATIVE,Lose
"TPAA,102,判,548,20130829,1",ADMINISTRATIVE,Lose
"TPBA,91,訴,3250,20031127,2",ADMINISTRATIVE,Win
"IPCA,101,行商訴,82,20121018,3",ADMINISTRATIVE,Win
"TPAA,88,判,3804,19991028",ADMINISTRATIVE,Win
"IPCA,101,行商訴,164,20130314,1",ADMINISTRATIVE,Lose
"TPBA,95,訴,2644,20070607,1",ADMINISTRATIVE,Lose
"IPCA,106,行商訴,127,20180531,2",ADMINISTRATIVE,Lose
"TPBA,92,訴,3004,20040818,1",ADMINISTRATIVE,Lose
"IPCA,105,行商訴,104,20161222,2",ADMINISTRATIVE,Lose
"IPCA,98,行商訴,62,20091008,3",ADMINISTRATIVE,Lose
"TPBA,93,訴,1920,20050818,2",ADMINISTRATIVE,Lose
"IPCA,104,行商訴,138,20160331,2",ADMINISTRATIVE,Lose
"TPBA,94,訴,3493,20060824,2",ADMINISTRATIVE,Lose
"TPBA,94,訴,2338,20060727,2",ADMINISTRATIVE,Lose
"TPBA,89,訴,3310,20011005,1",ADMINISTRATIVE,Lose
"TPAA,89,判,2603,20000825,1",ADMINISTRATIVE,Lose
"TPBA,94,訴,2745,20060816,2",ADMINISTRATIVE,Lose
"TPBA,91,訴,1761,20030605,2",ADMINISTRATIVE,Lose
"TPBA,91,訴,1787,20030731,2",ADMINISTRATIVE,Lose
"TPBA,93,訴更二,2,20051025,2",ADMINISTRATIVE,Lose
"IPCA,98,行專訴,50,20090924,5",ADMINISTRATIVE,Lose
"IPCA,98,行專訴,36,20090827,3",ADMINISTRATIVE,Lose
"IPCA,107,行商訴,85,20190328,2",ADMINISTRATIVE,Lose
"IPCA,98,行商訴,94,20090910,1",ADMINISTRATIVE,Lose
"IPCA,111,行商訴,91,20230615,2",ADMINISTRATIVE,Lose
"TPBA,94,訴,266,20060105,2",ADMINISTRATIVE,Lose
"TPBA,92,訴,5554,20050324,2",ADMINISTRATIVE,Lose
"TPAA,95,判,835,20060608,1",ADMINISTRATIVE,Lose
"TPBA,93,訴,1510,20050804,2",ADMINISTRATIVE,Lose
"TPBA,92,訴,250,20040413,2",ADMINISTRATIVE,Lose
"TPAA,97,判,73,20080313,1",ADMINISTRATIVE,Win
"IPCA,103,行商訴,123,20150128,2",ADMINISTRATIVE,Lose
"TPAA,102,判,205,20130418,1",ADMINISTRATIVE,Lose
"IPCA,105,行專訴,15,20161125,3",ADMINISTRATIVE,Lose
"TPBA,96,訴,484,20071227,1",ADMINISTRATIVE,Mixed
"TPBA,93,訴,2610,20050902,2",ADMINISTRATIVE,Lose
"TPAA,98,判,217,20090305,1",ADMINISTRATIVE,Lose
"IPCA,106,行商訴,19,20170629,1",ADMINISTRATIVE,Lose
"TPAA,89,判,2371,20000627",ADMINISTRATIVE,Lose
"IPCA,107,行專訴,6,20180927,3",ADMINISTRATIVE,Lose
"IPCA,105,行商訴,45,20160715,1",ADMINISTRATIVE,Lose
"TPBA,93,訴,1750,20051027,4",ADMINISTRATIVE,Lose
"TPBA,96,訴,1523,20080124,1",ADMINISTRATIVE,Lose
"IPCA,97,行專訴,5,20081127,3",ADMINISTRATIVE,Lose
"TPBA,91,訴,1514,20030611,2",ADMINISTRATIVE,Lose
"IPCA,103,行專訴,63,20150402,3",ADMINISTRATIVE,Win
"TPAA,94,判,1650,20051028,1",ADMINISTRATIVE,Lose
"TPBA,93,訴,2688,20050908,1",ADMINISTRATIVE,Lose
"IPCA,109,行商訴,102,20210422,2",ADMINISTRATIVE,Lose
"IPCA,104,行專訴,86,20160226,3",ADMINISTRATIVE,Lose
"TPBA,91,訴,798,20030305,2",ADMINISTRATIVE,Lose
"TPBA,95,訴,1058,20070322,2",ADMINISTRATIVE,Lose
"TPAA,94,判,327,20050317,1",ADMINISTRATIVE,Lose
"TPBA,91,訴,2759,20040505,2",ADMINISTRATIVE,Win
"IPCA,97,行專訴,35,20081231,4",ADMINISTRATIVE,Lose
"IPCA,102,行專訴,13,20130627,4",ADMINISTRATIVE,Lose
"TPBA,90,訴,1201,20020124,1",ADMINISTRATIVE,Lose
"IPCA,106,行專訴,1,20170629,3",ADMINISTRATIVE,Mixed
"TPAA,90,判,1080,20010614,1",ADMINISTRATIVE,Lose
"TPBA,94,訴,722,20060413,2",ADMINISTRATIVE,Lose
"TPBA,97,訴,154,20080904,2",ADMINISTRATIVE,Lose
"TPBA,95,訴,1269,20070227,2",ADMINISTRATIVE,Lose
"IPCA,97,行專訴,52,20090108,3",ADMINISTRATIVE,Win
"IPCA,103,行專訴,54,20141218,3",ADMINISTRATIVE,Lose
"TPBA,89,訴,1774,20010712,1",ADMINISTRATIVE,Lose
"TPBA,91,訴,2322,20030716,2",ADMINISTRATIVE,Lose
"TPBA,90,訴,2830,20011224,1",ADMINISTRATIVE,Lose
"IPCA,103,行專訴,74,20150129,3",ADMINISTRATIVE,Win
"IPCA,110,行商訴,48,20211229,2",ADMINISTRATIVE,Lose
"TPAA,90,判,2145,20011116,1",ADMINISTRATIVE,Lose
"TPBA,94,訴,2425,20060608,2",ADMINISTRATIVE,Lose
"IPCA,108,行專訴,56,20191219,2",ADMINISTRATIVE,Lose
"IPCA,106,行專訴,32,20180412,4",ADMINISTRATIVE,Lose
"TPBA,90,訴,4273,20020612,1",ADMINISTRATIVE,Lose
"TPBA,92,訴,2601,20040915,2",ADMINISTRATIVE,Lose
"TPAA,91,判,1740,20020927,1",ADMINISTRATIVE,Lose
"IPCA,106,行專訴,28,20180329,2",ADMINISTRATIVE,Lose
"IPCA,103,行商訴,42,20141002,3",ADMINISTRATIVE,Lose
"TPBA,95,訴,1447,20070315,1",ADMINISTRATIVE,Lose
"TPBA,97,訴,183,20080529,2",ADMINISTRATIVE,Lose
"TPBA,94,訴,1053,20061005,2",ADMINISTRATIVE,Lose
"TPBA,93,訴,2936,20051020,1",ADMINISTRATIVE,Lose
"TPBA,97,訴,1562,20081113,2",ADMINISTRATIVE,Lose
"TPAA,90,判,1794,20011005,1",ADMINISTRATIVE,Lose
"TPBA,91,訴,2063,20030630,2",ADMINISTRATIVE,Lose
"TPAA,90,判,1793,20011005,1",ADMINISTRATIVE,Lose
"TPAA,90,判,1255,20010720,1",ADMINISTRATIVE,Lose
"TPBA,89,訴,3363,20011231,2",ADMINISTRATIVE,Lose
"TPAA,89,判,7,20000106",ADMINISTRATIVE,Lose
"IPCA,98,行專訴,109,20100225,4",ADMINISTRATIVE,Lose
"TPAA,88,判,3844,19991111",ADMINISTRATIVE,Lose
"IPCA,102,行專訴,56,20130925,4",ADMINISTRATIVE,Win
"TPBA,94,訴,3362,20061031,2",ADMINISTRATIVE,Win
"TPAA,93,判,816,20040630,1",ADMINISTRATIVE,Lose
"TPBA,93,訴,1446,20050616,1",ADMINISTRATIVE,Win
"TPBA,94,訴,2222,20060518,1",ADMINISTRATIVE,Lose
"TPAA,109,上,100,20210331,1",ADMINISTRATIVE,Lose
"TPBA,91,訴,1655,20030611,2",ADMINISTRATIVE,Lose
"TPBA,96,訴,3352,20080306,2",ADMINISTRATIVE,Win
"TPBA,89,訴,92,20001228,1",ADMINISTRATIVE,Lose
"TPBA,94,訴,551,20060302,1",ADMINISTRATIVE,Lose
"TPAA,96,判,1416,20070809,1",ADMINISTRATIVE,Lose
"TPBA,90,訴,6134,20021106,2",ADMINISTRATIVE,Lose
"TPAA,90,判,2142,20011116,1",ADMINISTRATIVE,Lose
"TPBA,94,訴,2422,20060608,2",ADMINISTRATIVE,Lose
"TPBA,94,訴,352,20060111,2",ADMINISTRATIVE,Lose
"IPCA,107,行專訴,3,20181226,3",ADMINISTRATIVE,Win
"IPCA,101,行專訴,68,20131220,5",ADMINISTRATIVE,Win
"IPCA,101,行商訴,153,20130131,2",ADMINISTRATIVE,Lose
"IPCA,104,行專訴,112,20160527,3",ADMINISTRATIVE,Lose
"TPBA,94,訴,2903,20060727,1",ADMINISTRATIVE,Lose
"IPCA,98,行專訴,116,20100311,3",ADMINISTRATIVE,Lose
"TPBA,96,訴,1628,20080313,2",ADMINISTRATIVE,Lose
"TPBA,94,訴,279,20060104,1",ADMINISTRATIVE,Lose
"TPBA,90,訴,5044,20021011,2",ADMINISTRATIVE,Lose
"IPCA,99,行專訴,48,20101007,4",ADMINISTRATIVE,Lose
"TPBA,93,訴,4179,20051201,2",ADMINISTRATIVE,Lose
"IPCA,105,行商訴,43,20160929,2",ADMINISTRATIVE,Mixed
"IPCA,113,行商訴,35,20241225,2",ADMINISTRATIVE,Lose
"IPCA,100,行商訴,91,20111201,2",ADMINISTRATIVE,Lose
"IPCA,99,行商訴,118,20101216,2",ADMINISTRATIVE,Lose
"IPCA,98,行商訴,142,20091119,2",ADMINISTRATIVE,Lose
"TPBA,89,訴,2050,20010816,2",ADMINISTRATIVE,Win
"TPAA,99,判,188,20100225,1",ADMINISTRATIVE,Lose
"IPCA,100,行專訴,6,20110602,3",ADMINISTRATIVE,Lose
"TPAA,111,上,830,20230223,1",ADMINISTRATIVE,Lose
"TPAA,95,判,1544,20060921,1",ADMINISTRATIVE,Lose
"IPCA,110,行商訴,57,20220330,2",ADMINISTRATIVE,Lose
"IPCA,99,行商訴,65,20100805,2",ADMINISTRATIVE,Lose
"TPBA,95,訴,1446,20070213,1",ADMINISTRATIVE,Lose
"TPBA,89,訴,794,20010426,2",ADMINISTRATIVE,Lose
"IPCA,107,行商訴,73,20181227,2",ADMINISTRATIVE,Lose
"IPCA,107,行專更(一),4,20190515,3",ADMINISTRATIVE,Lose
"IPCA,100,行商訴,139,20120621,2",ADMINISTRATIVE,Mixed
"IPCA,101,行專訴,52,20131220,4",ADMINISTRATIVE,Lose
"TPAA,91,判,312,20020222,1",ADMINISTRATIVE,Win
"IPCA,100,行商訴,36,20110825,3",ADMINISTRATIVE,Lose
"TPBA,92,訴,55,20050415,3",ADMINISTRATIVE,Lose
"TPBA,94,訴,2517,20060713,1",ADMINISTRATIVE,Lose
"TPBA,89,訴,2263,20010830,2",ADMINISTRATIVE,Lose
"TPBA,90,訴,160,20011116,1",ADMINISTRATIVE,Lose
"TPBA,91,訴,1162,20030430,1",ADMINISTRATIVE,Lose
"TPAA,97,判,32,20080221,1",ADMINISTRATIVE,Lose
"TPBA,90,訴,1989,20020717,2",ADMINISTRATIVE,Lose
"TPAA,101,判,878,20120927,1",ADMINISTRATIVE,Lose
"IPCA,108,行專訴,41,20210527,4",ADMINISTRATIVE,Lose
"TPAA,90,判,2480,20011221,1",ADMINISTRATIVE,Lose
"TPBA,90,訴,2957,20011026,1",ADMINISTRATIVE,Win
"TPBA,91,訴,176,20030227,2",ADMINISTRATIVE,Lose
"IPCA,103,行商訴,66,20141023,1",ADMINISTRATIVE,Lose
"IPCA,103,行專訴,64,20150402,3",ADMINISTRATIVE,Lose
"IPCA,98,行商訴,20,20090521,1",ADMINISTRATIVE,Lose
"TPBA,92,訴,5455,20050119,2",ADMINISTRATIVE,Lose
"TPAA,91,判,1597,20020830,1",ADMINISTRATIVE,Lose
"TPAA,101,判,807,20120830,1",ADMINISTRATIVE,Lose
"IPCA,99,行專訴,159,20110303,2",ADMINISTRATIVE,Lose
"TPAA,111,上,648,20221117,1",ADMINISTRATIVE,Lose
"IPCA,106,行商訴,137,20180823,2",ADMINISTRATIVE,Lose
"TPBA,92,訴,1185,20040617,1",ADMINISTRATIVE,Lose
"TPAA,89,判,2604,20000825,1",ADMINISTRATIVE,Lose
"TPBA,97,訴,1098,20080730,2",ADMINISTRATIVE,Lose
"TPBA,93,訴,3987,20051110,2",ADMINISTRATIVE,Lose
"IPCA,98,行商訴,57,20090730,3",ADMINISTRATIVE,Lose
"IPCA,106,行專訴,20,20170802,1",ADMINISTRATIVE,Win
"TPBA,95,訴,298,20070111,2",ADMINISTRATIVE,Lose
"TPAA,106,判,460,20170817,1",ADMINISTRATIVE,Lose
"TPBA,97,訴,710,20081008,2",ADMINISTRATIVE,Lose
"TPBA,89,訴,1585,20010607,2",ADMINISTRATIVE,Lose
"TPBA,94,訴,836,20060216,1",ADMINISTRATIVE,Lose
"TPBA,92,訴,1970,20040721,1",ADMINISTRATIVE,Lose
"IPCA,98,行專訴,11,20090625,4",ADMINISTRATIVE,Lose
"TPBA,93,訴,2556,20050824,2",ADMINISTRATIVE,Lose
"IPCA,100,行商訴,93,20111222,2",ADMINISTRATIVE,Lose
"TPBA,92,訴,4542,20050518,1",ADMINISTRATIVE,Mixed
"TPBA,90,訴,6976,20021231,2",ADMINISTRATIVE,Lose
"TPBA,94,訴,1887,20060518,1",ADMINISTRATIVE,Lose
"IPCA,109,行專訴,32,20201119,3",ADMINISTRATIVE,Lose
"IPCA,98,行專訴,128,20100520,3",ADMINISTRATIVE,Win
"IPCA,108,行商訴,33,20200108,2",ADMINISTRATIVE,Lose
"IPCA,101,行專訴,122,20130620,3",ADMINISTRATIVE,Lose
"TPBA,95,訴,946,20070509,1",ADMINISTRATIVE,Lose
"TPAA,92,判,1351,20031009,1",ADMINISTRATIVE,Lose
"TPAA,90,判,674,20010427,1",ADMINISTRATIVE,Lose
"TPBA,97,再,185,20090213,1",ADMINISTRATIVE,Lose
"TPBA,90,訴,4984,20020911,2",ADMINISTRATIVE,Lose
"IPCA,104,行商訴,23,20151231,3",ADMINISTRATIVE,Lose
"TPBA,93,訴,1421,20050617,1",ADMINISTRATIVE,Lose
"TPBA,92,訴,1395,20040721,1",ADMINISTRATIVE,Lose
"IPCA,111,行商訴,64,20230317,2",ADMINISTRATIVE,Lose
"IPCA,97,行商訴,4,20081016,2",ADMINISTRATIVE,Lose
"TPBA,96,訴,1840,20080124,2",ADMINISTRATIVE,Lose
"TPBA,93,訴,2861,20051110,1",ADMINISTRATIVE,Lose
"TPAA,88,判,2676,19990617",ADMINISTRATIVE,Lose
"TPBA,91,訴,424,20030324,2",ADMINISTRATIVE,Lose
"TPBA,95,訴,932,20070118,1",ADMINISTRATIVE,Lose
"IPCA,105,行商訴,137,20170525,2",ADMINISTRATIVE,Lose
"TPBA,97,訴,696,20080717,2",ADMINISTRATIVE,Lose
"TPBA,95,訴,2918,20070524,1",ADMINISTRATIVE,Lose
"TPAA,100,判,1820,20111013,1",ADMINISTRATIVE,Lose
"TPBA,93,訴,3250,20051124,2",ADMINISTRATIVE,Lose
"TPBA,96,訴,2474,20080605,2",ADMINISTRATIVE,Lose
"TPAA,98,判,483,20090507,1",ADMINISTRATIVE,Lose
"TPBA,89,訴,797,20001122,1",ADMINISTRATIVE,Lose
"IPCA,99,行專訴,143,20110310,3",ADMINISTRATIVE,Win
"TPBA,91,訴,4777,20040226,2",ADMINISTRATIVE,Lose
"TPBA,94,訴,154,20060209,1",ADMINISTRATIVE,Lose
"TPBA,92,訴,875,20040326,2",ADMINISTRATIVE,Win
"IPCA,107,行專訴,77,20200108,3",ADMINISTRATIVE,Mixed
"TPBA,95,訴,2085,20070315,1",ADMINISTRATIVE,Lose
"IPCA,104,行商訴,40,20150806,1",ADMINISTRATIVE,Lose
"TPBA,91,訴,609,20030305,1",ADMINISTRATIVE,Lose
"TPBA,95,訴,1371,20070125,1",ADMINISTRATIVE,Lose
"TPBA,93,訴,1338,20050714,2",ADMINISTRATIVE,Lose
"IPCA,103,行商訴,9,20140710,2",ADMINISTRATIVE,Lose
"IPCA,112,行商訴,3,20230817,2",ADMINISTRATIVE,Lose
"TPBA,89,訴,2216,20011011,2",ADMINISTRATIVE,Lose
"TPAA,108,判,47,20190131,1",ADMINISTRATIVE,Lose
"IPCA,105,行商訴,1,20160429,2",ADMINISTRATIVE,Lose
"TPBA,90,訴,5800,20020815,1",ADMINISTRATIVE,Mixed
"TPAA,88,判,2979,19990625",ADMINISTRATIVE,Lose
"IPCA,102,行商訴,141,20140529,2",ADMINISTRATIVE,Lose
"TPBA,92,訴,1710,20040923,2",ADMINISTRATIVE,Lose
"IPCA,107,行商訴,14,20181226,2",ADMINISTRATIVE,Lose
"TPBA,92,訴,2546,20040804,1",ADMINISTRATIVE,Lose
"IPCA,99,行商訴,191,20110310,3",ADMINISTRATIVE,Lose
"IPCA,110,行專訴,66,20220615,3",ADMINISTRATIVE,Lose
"IPCA,108,行商訴,137,20200319,1",ADMINISTRATIVE,Lose
"IPCA,110,行商訴,16,20210909,2",ADMINISTRATIVE,Lose
"TPBA,89,訴,842,20010522,2",ADMINISTRATIVE,Lose
"TPBA,90,訴,198,20020123,1",ADMINISTRATIVE,Lose
"IPCA,105,行商訴,107,20170125,2",ADMINISTRATIVE,Lose
"TPBA,93,訴,1407,20050615,2",ADMINISTRATIVE,Lose
"TPBA,89,訴,622,20011115,2",ADMINISTRATIVE,Win
"IPCA,98,行專訴,4,20090402,3",ADMINISTRATIVE,Lose
"TPBA,95,訴,2460,20070517,2",ADMINISTRATIVE,Lose
"IPCA,109,行專訴,50,20210513,3",ADMINISTRATIVE,Lose
"IPCA,100,行專訴,12,20110721,4",ADMINISTRATIVE,Lose
"TPAA,91,判,390,20020314,1",ADMINISTRATIVE,Lose
"TPAA,98,判,642,20090611,1",ADMINISTRATIVE,Lose
"IPCA,108,行商訴,98,20200224,2",ADMINISTRATIVE,Lose
"TPAA,92,判,670,20030530,1",ADMINISTRATIVE,Lose
"TPBA,92,訴,3061,20040915,2",ADMINISTRATIVE,Lose
"TPBA,93,訴,2426,20050810,1",ADMINISTRATIVE,Lose
"TPAA,92,判,1249,20030918,1",ADMINISTRATIVE,Lose
"TPBA,96,訴,1054,20071206,1",ADMINISTRATIVE,Lose
"TPBA,93,訴,1155,20050608,2",ADMINISTRATIVE,Win
"TPBA,89,訴,3285,20020131,2",ADMINISTRATIVE,Lose
"TPBA,95,訴,331,20061207,2",ADMINISTRATIVE,Lose
"IPCA,104,行專訴,37,20151008,3",ADMINISTRATIVE,Lose
"TPBA,93,訴,4219,20051214,2",ADMINISTRATIVE,Lose
"TPAA,90,判,1882,20011018,1",ADMINISTRATIVE,Lose
"TPBA,93,訴,1705,20050818,1",ADMINISTRATIVE,Lose
"IPCA,103,行商訴,79,20150226,2",ADMINISTRATIVE,Lose
"IPCA,101,行專訴,111,20130515,4",ADMINISTRATIVE,Lose
"TPAA,92,判,318,20030327,1",ADMINISTRATIVE,Lose
"TPAA,98,判,1226,20091008,1",ADMINISTRATIVE,Lose
"IPCA,100,行專訴,34,20110825,3",ADMINISTRATIVE,Lose
"TPBA,89,訴,2104,20011221,2",ADMINISTRATIVE,Lose
"TPAA,94,判,1722,20051110,1",ADMINISTRATIVE,Lose
"TPBA,95,訴,258,20070130,2",ADMINISTRATIVE,Lose
"IPCA,107,行專訴,48,20181218,5",ADMINISTRATIVE,Win
"IPCA,104,行商訴,94,20160107,2",ADMINISTRATIVE,Lose
"TPAA,87,判,492,19980326,1",ADMINISTRATIVE,Lose
"IPCA,111,行商訴,85,20230525,2",ADMINISTRATIVE,Lose
"IPCA,98,行商訴,33,20090618,2",ADMINISTRATIVE,Lose
"IPCA,100,行商訴,57,20110901,1",ADMINISTRATIVE,Lose
"TPBA,94,訴,3014,20060731,1",ADMINISTRATIVE,Lose
"TPBA,91,訴,1241,20030417,2",ADMINISTRATIVE,Lose
"TPAA,93,判,985,20040730,1",ADMINISTRATIVE,Lose
"IPCA,110,行商訴,72,20220223,1",ADMINISTRATIVE,Lose
"TPAA,89,判,643,20000309",ADMINISTRATIVE,Lose
"TPAA,91,判,1211,20020718,1",ADMINISTRATIVE,Lose
"TPAA,103,判,435,20140814,1",ADMINISTRATIVE,Lose
"TPAA,90,判,361,20010308,1",ADMINISTRATIVE,Lose
"TPBA,93,訴,1721,20050629,1",ADMINISTRATIVE,Lose
"IPCA,98,行專更(一),3,20101202,2",ADMINISTRATIVE,Mixed
"TPBA,89,訴,899,20010413,1",ADMINISTRATIVE,Mixed
"TPAA,103,判,330,20140626,1",ADMINISTRATIVE,Lose
"IPCA,102,行著訴,9,20140327,2",ADMINISTRATIVE,Win
"TPBA,93,訴,1624,20051020,1",ADMINISTRATIVE,Mixed
"TPAA,97,判,730,20080717,1",ADMINISTRATIVE,Lose
"TPBA,91,訴,3944,20031112,1",ADMINISTRATIVE,Lose
"IPCA,99,行商訴,27,20100715,2",ADMINISTRATIVE,Lose
"IPCA,110,行商訴,70,20220525,2",ADMINISTRATIVE,Lose
"TPBA,96,訴,620,20071030,2",ADMINISTRATIVE,Lose
"IPCA,105,行專訴,29,20161031,3",ADMINISTRATIVE,Lose
"TPBA,93,訴,2027,20050825,2",ADMINISTRATIVE,Lose
"IPCA,101,行商訴,63,20121018,2",ADMINISTRATIVE,Lose
"IPCA,112,行專訴,28,20231207,2",ADMINISTRATIVE,Lose
"TPBA,97,再,120,20090430,1",ADMINISTRATIVE,Lose
"TPBA,92,訴,1411,20040721,1",ADMINISTRATIVE,Lose
"IPCA,99,行商訴,83,20100923,2",ADMINISTRATIVE,Lose
"IPCA,103,行商訴,49,20140918,2",ADMINISTRATIVE,Lose
"IPCA,98,行專訴,96,20100114,3",ADMINISTRATIVE,Lose
"TPBA,96,訴,3260,20080320,2",ADMINISTRATIVE,Lose
"TPBA,92,訴,2261,20040714,1",ADMINISTRATIVE,Lose
"TPBA,91,訴,2462,20030821,2",ADMINISTRATIVE,Lose
"IPCA,106,行商訴,81,20171229,1",ADMINISTRATIVE,Lose
"TPAA,109,上,982,20211230,1",ADMINISTRATIVE,Lose
"IPCA,113,行商訴,32,20241218,1",ADMINISTRATIVE,Win
"TPBA,96,訴,2356,20080605,2",ADMINISTRATIVE,Lose
"TPBA,96,訴,3621,20080408,2",ADMINISTRATIVE,Mixed
"IPCA,98,行專訴,111,20100225,3",ADMINISTRATIVE,Lose
"TPAA,99,判,666,20100624,1",ADMINISTRATIVE,Lose
"TPBA,95,訴,1695,20070215,1",ADMINISTRATIVE,Lose
"TPAA,95,判,624,20060504,1",ADMINISTRATIVE,Lose
"TPBA,91,訴,1906,20030717,2",ADMINISTRATIVE,Lose
"IPCA,109,行商訴,36,20201022,1",ADMINISTRATIVE,Lose
"IPCA,103,行專訴,65,20141120,3",ADMINISTRATIVE,Win
"TPAA,98,判,1003,20090827,1",ADMINISTRATIVE,Lose
"IPCA,102,行專訴,18,20130523,3",ADMINISTRATIVE,Lose
"TPAA,96,判,209,20070208,1",ADMINISTRATIVE,Lose
"TPAA,90,判,1066,20010614,1",ADMINISTRATIVE,Lose
"TPBA,95,訴更一,138,20070328,2",ADMINISTRATIVE,Win
"IPCA,102,行專訴,95,20140409,5",ADMINISTRATIVE,Lose
"TPAA,99,判,14,20100114,1",ADMINISTRATIVE,Lose
"TPAA,104,判,698,20151126,1",ADMINISTRATIVE,Lose
"IPCA,110,行商訴,14,20210826,2",ADMINISTRATIVE,Mixed
"TPBA,94,訴,2445,20060810,2",ADMINISTRATIVE,Win
"TPBA,93,訴更一,49,20040826,1",ADMINISTRATIVE,Win
"TPAA,88,判,3171,19990723",ADMINISTRATIVE,Lose
"TPBA,95,訴,479,20070208,2",ADMINISTRATIVE,Lose
"TPBA,96,訴,156,20070927,1",ADMINISTRATIVE,Lose
"TPBA,95,訴,4462,20071213,1",ADMINISTRATIVE,Lose
"TPAA,91,判,1596,20020902,1",ADMINISTRATIVE,Lose
"TPAA,93,判,686,20040531,1",ADMINISTRATIVE,Lose
"TPBA,93,訴,1417,20050531,1",ADMINISTRATIVE,Lose
"TPBA,94,訴,4084,20061128,2",ADMINISTRATIVE,Lose
"IPCA,104,行專訴,85,20160311,3",ADMINISTRATIVE,Win
"TPAA,99,判,289,20100325,1",ADMINISTRATIVE,Lose
"TPBA,89,訴,2901,20020110,1",ADMINISTRATIVE,Lose
"TPAA,90,判,2513,20011221,1",ADMINISTRATIVE,Lose
"TPBA,90,訴,2080,20020306,1",ADMINISTRATIVE,Lose
"TPBA,93,訴,2058,20050727,2",ADMINISTRATIVE,Lose
"IPCA,102,行專訴,119,20140702,3",ADMINISTRATIVE,Lose
"TPAA,91,判,1459,20020809,1",ADMINISTRATIVE,Lose
"TPBA,90,訴,7044,20021226,1",ADMINISTRATIVE,Lose
"TPBA,90,訴,3804,20020219,2",ADMINISTRATIVE,Lose
"IPCA,108,行專訴,42,20200227,3",ADMINISTRATIVE,Lose
"TPAA,91,判,1045,20020621,1",ADMINISTRATIVE,Lose
"TPAA,101,判,344,20120412,1",ADMINISTRATIVE,Lose
"IPCA,101,行商訴,31,20120719,2",ADMINISTRATIVE,Lose
"TPBA,94,訴,2075,20060530,1",ADMINISTRATIVE,Lose
"TPAA,104,判,160,20150409,1",ADMINISTRATIVE,Lose
"IPCA,99,行商訴,158,20101230,2",ADMINISTRATIVE,Lose
"TPAA,90,判,1460,20010817,1",ADMINISTRATIVE,Lose
"IPCA,99,行商訴,145,20110127,3",ADMINISTRATIVE,Mixed
"TPAA,88,判,4110,19991216",ADMINISTRATIVE,Lose
"TPBA,91,訴,5215,20040303,2",ADMINISTRATIVE,Lose
"TPBA,93,訴,559,20050602,2",ADMINISTRATIVE,Win
"IPCA,110,行專訴,2,20220525,4",ADMINISTRATIVE,Mixed
"IPCA,101,行著訴,5,20180426,8",ADMINISTRATIVE,Lose
"IPCA,112,行商訴,48,20240229,2",ADMINISTRATIVE,Win
"IPCA,109,行專訴,48,20210513,4",ADMINISTRATIVE,Lose
"TPBA,90,訴,6061,20021021,2",ADMINISTRATIVE,Lose
"TPAA,96,判,164,20070131,1",ADMINISTRATIVE,Lose
"IPCA,111,行商訴,74,20230608,2",ADMINISTRATIVE,Lose
"TPBA,92,訴,1203,20040831,1",ADMINISTRATIVE,Lose
"TPBA,90,訴,1551,20011228,1",ADMINISTRATIVE,Lose
"TPBA,89,訴,737,20010426,1",ADMINISTRATIVE,Lose
"TPBA,90,訴,4248,20020822,2",ADMINISTRATIVE,Lose
"TPBA,89,訴,186,20001121,2",ADMINISTRATIVE,Lose
"TPBA,92,訴,4532,20041215,2",ADMINISTRATIVE,Lose
"TPAA,88,判,3803,19991028",ADMINISTRATIVE,Lose
"TPBA,94,訴,3389,20060907,2",ADMINISTRATIVE,Lose
"TPBA,94,訴,688,20060222,2",ADMINISTRATIVE,Lose
"TPAA,96,判,1799,20071011,1",ADMINISTRATIVE,Lose
"IPCA,98,行商訴,103,20091008,1",ADMINISTRATIVE,Lose
"IPCA,98,行專訴,60,20091126,4",ADMINISTRATIVE,Lose
"IPCA,106,行專訴,66,20180712,3",ADMINISTRATIVE,Lose
"IPCA,108,行專訴,6,20190807,3",ADMINISTRATIVE,Lose
"TPBA,93,訴,1197,20050606,2",ADMINISTRATIVE,Lose
"TPAA,92,判,839,20030626,1",ADMINISTRATIVE,Lose
"TPAA,110,上,808,20230303,1",ADMINISTRATIVE,Lose
"TPAA,97,判,987,20081106,1",ADMINISTRATIVE,Lose
"TPBA,95,訴,1030,20070111,1",ADMINISTRATIVE,Lose
"IPCA,106,行商訴,5,20170629,3",ADMINISTRATIVE,Lose
"TPAA,99,判,33,20100121,1",ADMINISTRATIVE,Lose
"TPBA,90,訴,2925,20020425,2",ADMINISTRATIVE,Lose
"TPAA,101,判,208,20120223,1",ADMINISTRATIVE,Lose
"TPBA,96,訴,139,20071024,2",ADMINISTRATIVE,Lose
"IPCA,104,行商訴,18,20151203,2",ADMINISTRATIVE,Lose
"TPAA,91,判,963,20020613,1",ADMINISTRATIVE,Lose
"TPAA,89,判,480,20000224",ADMINISTRATIVE,Lose
"IPCA,97,行專訴,43,20090205,2",ADMINISTRATIVE,Lose
"TPBA,94,訴,365,20060317,2",ADMINISTRATIVE,Lose
"TPBA,93,訴,2311,20051027,3",ADMINISTRATIVE,Lose
"TPBA,95,訴,2720,20070503,2",ADMINISTRATIVE,Lose
"TPBA,97,訴,198,20080508,2",ADMINISTRATIVE,Lose
"IPCA,103,行專訴,56,20141211,3",ADMINISTRATIVE,Lose
"TPAA,90,判,142,20010111,1",ADMINISTRATIVE,Lose
"IPCA,108,行專訴,15,20190926,2",ADMINISTRATIVE,Win
"TPBA,89,訴,2828,20020131,1",ADMINISTRATIVE,Lose
"TPBA,89,訴,957,20010426,1",ADMINISTRATIVE,Lose
"IPCA,103,行商訴,59,20141023,3",ADMINISTRATIVE,Lose
"IPCA,101,行商訴,36,20120621,2",ADMINISTRATIVE,Lose
"IPCA,106,行專訴,75,20180530,3",ADMINISTRATIVE,Lose
"IPCA,111,行專訴,24,20221116,3",ADMINISTRATIVE,Win
"IPCA,106,行專訴,54,20180331,3",ADMINISTRATIVE,Win
"TPBA,89,訴,1479,20010426,1",ADMINISTRATIVE,Lose
"TPBA,89,訴,1955,20010725,2",ADMINISTRATIVE,Win
"IPCA,106,行商訴,48,20171108,2",ADMINISTRATIVE,Lose
"TPBA,89,訴,544,20001124,1",ADMINISTRATIVE,Lose
"TPAA,92,判,1506,20031031,1",ADMINISTRATIVE,Lose
"TPAA,89,判,3959,20001228,1",ADMINISTRATIVE,Win
"TPBA,91,訴,1633,20030722,2",ADMINISTRATIVE,Lose
"TPBA,89,訴,2586,20010920,1",ADMINISTRATIVE,Lose
"IPCA,100,行專訴,58,20111020,3",ADMINISTRATIVE,Lose
"TPBA,91,訴,4795,20040325,2",ADMINISTRATIVE,Win
"TPAA,88,判,3952,19991119",ADMINISTRATIVE,Lose
"TPAA,95,判,1183,20060731,1",ADMINISTRATIVE,Lose
"TPBA,92,訴,1803,20040811,2",ADMINISTRATIVE,Lose
"TPAA,94,判,1435,20050915,1",ADMINISTRATIVE,Lose
"TPBA,91,訴,4176,20040707,3",ADMINISTRATIVE,Mixed
"TPBA,89,訴,2397,20010831,2",ADMINISTRATIVE,Lose
"TPBA,94,訴,4105,20061226,2",ADMINISTRATIVE,Lose
"TPAA,111,上,171,20240118,2",ADMINISTRATIVE,Lose
"IPCA,101,行專訴,114,20130418,3",ADMINISTRATIVE,Win
"TPBA,90,訴,2058,20020403,1",ADMINISTRATIVE,Win
"TPAA,90,判,1130,20010622,1",ADMINISTRATIVE,Lose
"IPCA,109,行專訴,61,20210617,4",ADMINISTRATIVE,Lose
"TPBA,89,訴,114,20001221,1",ADMINISTRATIVE,Lose
"TPBA,91,訴,3020,20031002,2",ADMINISTRATIVE,Lose
"TPBA,90,訴,6104,20020904,2",ADMINISTRATIVE,Win
"TPBA,90,訴,4303,20020612,2",ADMINISTRATIVE,Lose
"TPBA,91,訴,3049,20030910,2",ADMINISTRATIVE,Lose
"IPCA,105,行專訴,25,20160901,3",ADMINISTRATIVE,Lose
"IPCA,102,行著訴,12,20131205,2",ADMINISTRATIVE,Win
"TPBA,91,訴,4988,20040211,2",ADMINISTRATIVE,Lose
"TPBA,90,訴,5077,20020919,1",ADMINISTRATIVE,Lose
"TPBA,91,訴,212,20030305,2",ADMINISTRATIVE,Lose
"IPCA,99,行專訴,18,20100715,2",ADMINISTRATIVE,Lose
"TPAA,94,判,1552,20051013,1",ADMINISTRATIVE,Lose
"TPAA,95,判,1029,20060706,1",ADMINISTRATIVE,Lose
"IPCA,109,行專訴,49,20210429,3",ADMINISTRATIVE,Lose
"IPCA,99,行專訴,3,20100527,3",ADMINISTRATIVE,Win
"IPCA,111,行商訴,15,20220923,2",ADMINISTRATIVE,Lose
"IPCA,108,行專訴,43,20191031,3",ADMINISTRATIVE,Win
"IPCA,108,行商訴,63,20191127,2",ADMINISTRATIVE,Lose
"TPBA,96,訴,2571,20080305,2",ADMINISTRATIVE,Lose
"TPBA,94,訴,1623,20060419,2",ADMINISTRATIVE,Lose
"IPCA,108,行專訴,53,20200122,4",ADMINISTRATIVE,Lose
"TPBA,90,訴,4539,20020424,1",ADMINISTRATIVE,Lose
"IPCA,102,行商訴,12,20130704,2",ADMINISTRATIVE,Lose
"TPBA,90,訴,5576,20021011,2",ADMINISTRATIVE,Lose
"IPCA,99,行商訴,116,20101014,1",ADMINISTRATIVE,Lose
"TPBA,92,訴,1647,20040818,1",ADMINISTRATIVE,Lose
"TPAA,98,判,1368,20091112,1",ADMINISTRATIVE,Lose
"TPAA,89,判,955,20000330",ADMINISTRATIVE,Lose
"IPCA,109,行商訴,39,20200930,2",ADMINISTRATIVE,Win
"TPAA,94,判,1576,20051013,1",ADMINISTRATIVE,Lose
"TPBA,97,訴,444,20080619,2",ADMINISTRATIVE,Lose
"TPBA,97,訴,386,20080814,3",ADMINISTRATIVE,Lose
"TPBA,95,訴,1946,20070419,2",ADMINISTRATIVE,Lose
"IPCA,97,行專訴,78,20090507,2",ADMINISTRATIVE,Lose
"TPBA,97,訴,891,20080827,2",ADMINISTRATIVE,Win
"TPBA,92,訴更一,31,20031203,1",ADMINISTRATIVE,Lose
"IPCA,105,行專訴,34,20161125,1",ADMINISTRATIVE,Lose
"IPCA,103,行專訴,13,20140619,2",ADMINISTRATIVE,Lose
"TPBA,93,訴,712,20050623,2",ADMINISTRATIVE,Lose
"IPCA,100,行商訴,155,20120315,1",ADMINISTRATIVE,Lose
"IPCA,107,行商訴,50,20190117,3",ADMINISTRATIVE,Win
"IPCA,111,行商訴,41,20221110,1",ADMINISTRATIVE,Lose
"TPAA,110,上,454,20220609,1",ADMINISTRATIVE,Lose
"IPCA,100,行專訴,3,20110623,3",ADMINISTRATIVE,Lose
"IPCA,103,行專訴,25,20141022,3",ADMINISTRATIVE,Lose
"TPBA,96,訴,2367,20080213,2",ADMINISTRATIVE,Lose
"TPBA,94,訴,2272,20060620,2",ADMINISTRATIVE,Lose
"TPBA,92,訴,1375,20040729,1",ADMINISTRATIVE,Lose
"TPAA,88,判,231,19990204",ADMINISTRATIVE,Lose
"IPCA,98,行專訴,81,20100225,3",ADMINISTRATIVE,Lose
"TPAA,88,判,4056,19991130",ADMINISTRATIVE,Lose
"IPCA,105,行專訴,13,20161121,3",ADMINISTRATIVE,Lose
"TPBA,92,訴,3917,20041008,2",ADMINISTRATIVE,Lose
"TPBA,94,訴,429,20060125,2",ADMINISTRATIVE,Lose
"TPAA,99,判,1136,20101028,1",ADMINISTRATIVE,Lose
"TPAA,89,判,176,20000120",ADMINISTRATIVE,Lose
"TPAA,112,上,320,20241128,1",ADMINISTRATIVE,Lose
"TPBA,91,訴,779,20030430,1",ADMINISTRATIVE,Lose
"TPAA,101,判,72,20120119,1",ADMINISTRATIVE,Lose
"TPBA,96,訴,1457,20071226,2",ADMINISTRATIVE,Lose
"TPBA,92,訴,3634,20040826,2",ADMINISTRATIVE,Lose
"IPCA,107,行商訴,44,20181009,2",ADMINISTRATIVE,Lose
"TPAA,96,判,2037,20071206,1",ADMINISTRATIVE,Lose
"TPBA,94,訴,3917,20061221,2",ADMINISTRATIVE,Lose
"IPCA,108,行商更(一),4,20190912,1",ADMINISTRATIVE,Lose
"TPBA,95,訴,3553,20070621,2",ADMINISTRATIVE,Lose
"TPBA,90,訴,4498,20020904,1",ADMINISTRATIVE,Lose
"IPCA,99,行專訴,67,20100819,3",ADMINISTRATIVE,Lose
"IPCA,99,行商訴,154,20110210,3",ADMINISTRATIVE,Win
"TPBA,89,訴,818,20010322,1",ADMINISTRATIVE,Mixed
"TPBA,92,訴,4788,20041119,2",ADMINISTRATIVE,Lose
"TPBA,92,訴,510,20040407,2",ADMINISTRATIVE,Lose
"IPCA,107,行專訴,67,20190220,3",ADMINISTRATIVE,Lose
"TPBA,90,訴,6917,20030130,2",ADMINISTRATIVE,Mixed
"TPBA,90,訴,6571,20021003,2",ADMINISTRATIVE,Lose
"TPBA,97,訴,1520,20081106,2",ADMINISTRATIVE,Lose
"TPBA,96,訴,950,20071115,1",ADMINISTRATIVE,Lose
"TPBA,91,訴,4094,20031225,2",ADMINISTRATIVE,Lose
"TPBA,91,訴,161,20021231,1",ADMINISTRATIVE,Lose
"TPBA,94,訴,2170,20060731,2",ADMINISTRATIVE,Win
"IPCA,109,行商訴,94,20210204,2",ADMINISTRATIVE,Lose
"TPAA,95,判,1785,20061031,1",ADMINISTRATIVE,Lose
"TPBA,91,訴,4976,20040429,2",ADMINISTRATIVE,Lose
"IPCA,107,行專訴,42,20190328,3",ADMINISTRATIVE,Lose
"IPCA,100,行商訴,31,20110714,2",ADMINISTRATIVE,Lose
"TPBA,90,訴,5160,20020904,2",ADMINISTRATIVE,Lose
"IPCA,110,行專訴,3,20210819,1",ADMINISTRATIVE,Lose
"TPAA,102,判,713,20131121,1",ADMINISTRATIVE,Lose
"IPCA,98,行專訴,31,20090716,3",ADMINISTRATIVE,Lose
"TPBA,92,訴,3153,20040812,1",ADMINISTRATIVE,Lose
"TPAA,90,判,2327,20011207,1",ADMINISTRATIVE,Lose
"TPBA,96,訴,3160,20080501,1",ADMINISTRATIVE,Lose
"TPAA,95,判,680,20060511,1",ADMINISTRATIVE,Lose
"TPBA,96,訴,2304,20080320,1",ADMINISTRATIVE,Lose
"IPCA,99,行專訴,69,20101014,3",ADMINISTRATIVE,Lose
"IPCA,98,行專訴,34,20090806,3",ADMINISTRATIVE,Win
"IPCA,98,行商訴,69,20090924,2",ADMINISTRATIVE,Lose
"TPBA,95,訴,1460,20070419,2",ADMINISTRATIVE,Win
"TPBA,97,訴,1295,20080924,2",ADMINISTRATIVE,Lose
"TPAA,91,判,38,20020110,1",ADMINISTRATIVE,Lose
"IPCA,112,行專訴,7,20230921,3",ADMINISTRATIVE,Lose
"TPAA,106,判,207,20170420,1",ADMINISTRATIVE,Lose
"TPBA,89,訴,2715,20010928,1",ADMINISTRATIVE,Lose
"IPCA,108,行專訴,55,20200116,3",ADMINISTRATIVE,Lose
"TPBA,93,訴,2998,20051215,1",ADMINISTRATIVE,Lose
"TPAA,103,判,111,20140306,1",ADMINISTRATIVE,Lose
"TPAA,112,上,586,20240618,1",ADMINISTRATIVE,Lose
"TPAA,96,判,697,20070419,1",ADMINISTRATIVE,Lose
"IPCA,111,行商訴,77,20230928,2",ADMINISTRATIVE,Lose
"TPBA,89,訴,4056,20020620,2",ADMINISTRATIVE,Lose
"TPAA,89,判,2918,20001012,1",ADMINISTRATIVE,Lose
"TPBA,94,訴,3625,20060810,2",ADMINISTRATIVE,Lose
"TPBA,95,訴,430,20061228,1",ADMINISTRATIVE,Mixed
"TPAA,89,判,3485,20001207,1",ADMINISTRATIVE,Lose
"IPCA,101,行商訴,35,20120614,2",ADMINISTRATIVE,Lose
"IPCA,101,行商訴,137,20130117,2",ADMINISTRATIVE,Lose
"TPBA,95,訴,2002,20070215,2",ADMINISTRATIVE,Lose
"TPAA,93,判,69,20040130,1",ADMINISTRATIVE,Lose
"IPCA,107,行專訴,51,20181228,3",ADMINISTRATIVE,Lose
"TPAA,100,判,737,20110512,1",ADMINISTRATIVE,Lose
"IPCA,99,行專訴,77,20101104,3",ADMINISTRATIVE,Win
"TPBA,96,訴,1332,20071226,2",ADMINISTRATIVE,Lose
"TPBA,90,訴,1678,20020130,2",ADMINISTRATIVE,Lose
"TPBA,91,訴,5344,20040225,2",ADMINISTRATIVE,Lose
"IPCA,101,行商訴,158,20130221,2",ADMINISTRATIVE,Lose
"TPAA,90,判,2478,20011221,1",ADMINISTRATIVE,Lose
"TPAA,87,判,2607,19981217,1",ADMINISTRATIVE,Lose
"TPBA,94,訴,2288,20060727,2",ADMINISTRATIVE,Lose
"TPAA,97,判,729,20080717,1",ADMINISTRATIVE,Lose
"IPCA,108,行專訴,88,20200630,2",ADMINISTRATIVE,Win
"IPCA,104,行專訴,50,20151015,2",ADMINISTRATIVE,Lose
"TPAA,90,判,1155,20010628,1",ADMINISTRATIVE,Lose
"IPCA,106,行商訴,25,20180124,2",ADMINISTRATIVE,Mixed
"IPCA,100,行商訴,16,20110721,2",ADMINISTRATIVE,Lose
"IPCA,107,行專訴,38,20181018,3",ADMINISTRATIVE,Mixed
"IPCA,108,行商訴,99,20200220,2",ADMINISTRATIVE,Lose
"IPCA,104,行商訴,108,20151119,1",ADMINISTRATIVE,Lose
"IPCA,98,行專訴,51,20090924,3",ADMINISTRATIVE,Lose
"IPCA,99,行商訴,95,20101028,3",ADMINISTRATIVE,Win
"IPCA,105,行商訴,142,20180124,2",ADMINISTRATIVE,Lose
"TPBA,96,訴,86,20071122,3",ADMINISTRATIVE,Lose
"IPCA,113,行商訴,15,20241212,2",ADMINISTRATIVE,Mixed
"TPBA,94,訴,3918,20061130,2",ADMINISTRATIVE,Lose
"TPAA,108,判,547,20191128,1",ADMINISTRATIVE,Lose
"TPAA,97,判,419,20080509,1",ADMINISTRATIVE,Lose
"TPBA,91,訴,4719,20040114,2",ADMINISTRATIVE,Lose
"IPCA,99,行商訴,111,20101125,2",ADMINISTRATIVE,Lose
"TPAA,109,上,258,20210429,1",ADMINISTRATIVE,Lose
"TPAA,88,判,3248,19990730",ADMINISTRATIVE,Lose
"IPCA,105,行商訴,11,20161107,2",ADMINISTRATIVE,Lose
"TPAA,101,判,661,20120719,1",ADMINISTRATIVE,Lose
"IPCA,106,行商訴,150,20180906,2",ADMINISTRATIVE,Lose
"TPAA,98,判,191,20090226,1",ADMINISTRATIVE,Lose
"TPBA,93,訴,1444,20050706,2",ADMINISTRATIVE,Win
"IPCA,102,行專訴,15,20130627,3",ADMINISTRATIVE,Lose
"TPAA,112,上,181,20241219,1",ADMINISTRATIVE,Lose
"TPAA,93,判,1655,20041223,1",ADMINISTRATIVE,Lose
"TPAA,88,判,4219,19991223",ADMINISTRATIVE,Lose
"TPBA,91,訴,1329,20030514,2",ADMINISTRATIVE,Lose
"IPCA,102,行專訴,129,20140529,1",ADMINISTRATIVE,Lose
"IPCA,102,行商更(一),1,20140226,1",ADMINISTRATIVE,Win
"IPCA,99,行商訴,173,20110303,2",ADMINISTRATIVE,Lose
"TPAA,89,判,327,20000203",ADMINISTRATIVE,Lose
"TPBA,94,訴,609,20060413,2",ADMINISTRATIVE,Lose
"IPCA,107,行專訴,41,20181009,3",ADMINISTRATIVE,Lose
"TPAA,109,判,146,20200319,1",ADMINISTRATIVE,Lose
"TPAA,98,判,755,20090709,1",ADMINISTRATIVE,Lose
"TPBA,89,訴,663,20010412,2",ADMINISTRATIVE,Lose
"TPBA,96,訴,507,20071108,1",ADMINISTRATIVE,Lose
"IPCA,108,行商訴,129,20200416,2",ADMINISTRATIVE,Lose
"IPCA,105,行商訴,120,20170720,3",ADMINISTRATIVE,Lose
"TPBA,95,訴,2837,20070530,2",ADMINISTRATIVE,Lose
"TPAA,95,判,748,20060522,1",ADMINISTRATIVE,Lose
"TPAA,88,判,3575,19990930",ADMINISTRATIVE,Lose
"TPBA,95,訴,475,20061219,1",ADMINISTRATIVE,Lose
"TPAA,92,判,1547,20031113,1",ADMINISTRATIVE,Lose
"TPBA,92,訴,346,20040513,2",ADMINISTRATIVE,Lose
"IPCA,106,行專訴,34,20180412,3",ADMINISTRATIVE,Lose
"TPAA,96,判,210,20070208,1",ADMINISTRATIVE,Lose
"TPBA,90,訴,5138,20020926,2",ADMINISTRATIVE,Lose
"TPBA,94,訴,3148,20061005,2",ADMINISTRATIVE,Lose
"TPAA,95,判,579,20060427,1",ADMINISTRATIVE,Lose
"TPBA,91,訴,3931,20040304,2",ADMINISTRATIVE,Lose
"TPBA,93,訴,4181,20051201,2",ADMINISTRATIVE,Lose
"IPCA,98,行商訴,200,20100325,2",ADMINISTRATIVE,Lose
"IPCA,102,行商訴,95,20131226,3",ADMINISTRATIVE,Mixed
"TPBA,90,訴,6501,20021205,2",ADMINISTRATIVE,Lose
"TPBA,92,訴,2446,20041130,2",ADMINISTRATIVE,Lose
"TPBA,91,訴,4337,20040226,2",ADMINISTRATIVE,Lose
"TPBA,90,訴,520,20020110,2",ADMINISTRATIVE,Win
"TPBA,92,訴,1410,20040729,1",ADMINISTRATIVE,Lose
"TPAA,96,判,513,20070329,1",ADMINISTRATIVE,Lose
"TPAA,88,判,3284,19990820",ADMINISTRATIVE,Lose
"TPBA,94,訴,260,20060123,4",ADMINISTRATIVE,Lose
"IPCA,109,行商訴,10,20201008,2",ADMINISTRATIVE,Lose
"TPAA,97,判,623,20080626,1",ADMINISTRATIVE,Lose
"IPCA,105,行商訴,103,20170124,2",ADMINISTRATIVE,Lose
"IPCA,111,行商訴,90,20230629,2",ADMINISTRATIVE,Lose
"TPBA,93,訴,508,20050513,2",ADMINISTRATIVE,Lose
"TPAA,91,判,42,20020110,1",ADMINISTRATIVE,Win
"TPAA,108,判,161,20190408,1",ADMINISTRATIVE,Lose
"TPAA,99,判,1066,20101014,1",ADMINISTRATIVE,Lose
"IPCA,111,行專更一,3,20230823,3",ADMINISTRATIVE,Mixed
"TPBA,93,訴,3393,20050929,2",ADMINISTRATIVE,Lose
"TPAA,89,判,650,20000309",ADMINISTRATIVE,Lose
"IPCA,98,行商訴,114,20090917,1",ADMINISTRATIVE,Lose
"TPAA,107,判,747,20181227,1",ADMINISTRATIVE,Lose
"TPBA,94,訴,2691,20060906,2",ADMINISTRATIVE,Lose
"TPBA,90,訴,6948,20021204,2",ADMINISTRATIVE,Lose
"TPBA,95,訴,895,20070322,2",ADMINISTRATIVE,Lose
"TPBA,90,訴,2599,20020704,2",ADMINISTRATIVE,Lose
"IPCA,101,行專訴,6,20120531,2",ADMINISTRATIVE,Lose
"TPAA,96,判,21,20070111,1",ADMINISTRATIVE,Lose
"IPCA,99,行專訴,44,20100923,2",ADMINISTRATIVE,Win
"TPAA,92,判,153,20030218,1",ADMINISTRATIVE,Lose
"TPBA,93,訴,1472,20051117,2",ADMINISTRATIVE,Lose
"IPCA,101,行商訴,120,20121129,1",ADMINISTRATIVE,Mixed
"IPCA,102,行商訴,37,20130717,1",ADMINISTRATIVE,Lose
"IPCA,109,行商訴,78,20210128,2",ADMINISTRATIVE,Lose
"TPAA,110,上,491,20220721,1",ADMINISTRATIVE,Lose
"TPBA,93,訴,1379,20050728,2",ADMINISTRATIVE,Lose
"TPAA,98,判,609,20090527,1",ADMINISTRATIVE,Lose
"TPAA,100,判,922,20110603,1",ADMINISTRATIVE,Lose
"IPCA,103,行專訴,53,20150108,4",ADMINISTRATIVE,Lose
"TPAA,89,判,217,20000127",ADMINISTRATIVE,Lose
"TPAA,90,判,1025,20010607,1",ADMINISTRATIVE,Lose
"TPBA,90,訴,4199,20020501,2",ADMINISTRATIVE,Lose
"TPBA,95,訴,1834,20070227,2",ADMINISTRATIVE,Lose
"IPCA,104,行專訴,57,20151119,3",ADMINISTRATIVE,Lose
"TPBA,94,訴,3387,20061030,2",ADMINISTRATIVE,Lose
"TPAA,106,判,163,20170330,1",ADMINISTRATIVE,Lose
"TPBA,92,訴,1055,20040818,2",ADMINISTRATIVE,Win
"TPBA,96,訴,682,20071031,2",ADMINISTRATIVE,Lose
"TPBA,92,訴,4782,20041201,2",ADMINISTRATIVE,Lose
"TPAA,95,判,1372,20060824,1",ADMINISTRATIVE,Lose
"TPAA,108,上,978,20220519,1",ADMINISTRATIVE,Lose
"TPAA,103,判,21,20140116,1",ADMINISTRATIVE,Lose
"IPCA,107,行專更(一),3,20190523,2",ADMINISTRATIVE,Win
"TPBA,97,訴,928,20081002,2",ADMINISTRATIVE,Lose
"TPAA,102,判,783,20131219,1",ADMINISTRATIVE,Lose
"TPBA,90,訴,4673,20020807,1",ADMINISTRATIVE,Lose
"TPBA,92,訴,1646,20040923,2",ADMINISTRATIVE,Lose
"TPAA,89,判,3314,20001123,1",ADMINISTRATIVE,Lose
"TPAA,104,判,47,20150129,1",ADMINISTRATIVE,Lose
"TPBA,91,訴,5014,20040128,3",ADMINISTRATIVE,Lose
"TPAA,100,判,298,20110310,1",ADMINISTRATIVE,Lose
"TPAA,89,判,484,20000224",ADMINISTRATIVE,Lose
"IPCA,97,行專訴,65,20090312,3",ADMINISTRATIVE,Lose
"TPAA,88,判,3764,19991028",ADMINISTRATIVE,Lose
"TPBA,96,訴,4198,20080424,1",ADMINISTRATIVE,Mixed
"TPBA,89,訴,1560,20010606,2",ADMINISTRATIVE,Mixed
"TPAA,99,判,1332,20101216,1",ADMINISTRATIVE,Lose
"TPBA,92,訴,1684,20040723,1",ADMINISTRATIVE,Lose
"TPBA,90,訴,5276,20021121,2",ADMINISTRATIVE,Lose
"IPCA,103,行商訴,31,20140611,1",ADMINISTRATIVE,Lose
"TPAA,109,上,1201,20220707,1",ADMINISTRATIVE,Lose
"TPAA,109,上,768,20220728,1",ADMINISTRATIVE,Lose
"IPCA,97,行商訴,76,20090122,1",ADMINISTRATIVE,Lose
"IPCA,111,行專訴,57,20230928,4",ADMINISTRATIVE,Mixed
"IPCA,103,行專訴,62,20141022,3",ADMINISTRATIVE,Lose
"TPBA,91,訴,3577,20031029,1",ADMINISTRATIVE,Lose
"IPCA,104,行商訴,74,20151105,1",ADMINISTRATIVE,Lose
"TPBA,91,訴,5052,20040610,2",ADMINISTRATIVE,Lose
"IPCA,102,行專訴,127,20140625,3",ADMINISTRATIVE,Lose
"TPBA,89,訴,1196,20010503,2",ADMINISTRATIVE,Mixed
"TPBA,94,訴,3487,20061012,2",ADMINISTRATIVE,Lose
"IPCA,111,行專更一,6,20230615,2",ADMINISTRATIVE,Lose
"TPBA,92,訴,1279,20040705,2",ADMINISTRATIVE,Lose
"IPCA,102,行商訴,150,20140709,1",ADMINISTRATIVE,Mixed
"TPAA,89,判,2372,20000627",ADMINISTRATIVE,Lose
"TPBA,95,訴,2352,20070712,2",ADMINISTRATIVE,Lose
"TPBA,91,訴,1033,20030501,2",ADMINISTRATIVE,Lose
"TPBA,91,訴,2066,20030625,2",ADMINISTRATIVE,Lose
"IPCA,108,行商訴,1,20190814,3",ADMINISTRATIVE,Lose
"TPBA,90,訴,5265,20020821,2",ADMINISTRATIVE,Lose
"IPCA,103,行商訴,81,20150312,3",ADMINISTRATIVE,Lose
"TPAA,90,判,2418,20011214,1",ADMINISTRATIVE,Lose
"TPBA,95,訴,2618,20070607,2",ADMINISTRATIVE,Lose
"TPAA,94,判,1088,20050721,1",ADMINISTRATIVE,Lose
"TPAA,93,判,1349,20041029,1",ADMINISTRATIVE,Win
"TPBA,91,訴,137,20021030,1",ADMINISTRATIVE,Lose
"TPAA,90,判,1018,20010607,1",ADMINISTRATIVE,Lose
"TPBA,95,訴,1281,20070125,1",ADMINISTRATIVE,Lose
"TPAA,91,判,389,20020314,1",ADMINISTRATIVE,Lose
"TPBA,91,訴,2786,20030820,2",ADMINISTRATIVE,Lose
"TPBA,89,訴,1413,20010726,2",ADMINISTRATIVE,Lose
"TPBA,95,訴,3812,20070927,2",ADMINISTRATIVE,Lose
"IPCA,100,行專訴,22,20111116,3",ADMINISTRATIVE,Lose
"TPAA,99,判,191,20100225,1",ADMINISTRATIVE,Lose
"IPCA,106,行專訴,71,20180531,3",ADMINISTRATIVE,Win
"TPAA,90,判,814,20010511,1",ADMINISTRATIVE,Lose
"IPCA,106,行商訴,104,20180531,2",ADMINISTRATIVE,Lose
"TPBA,96,訴,1293,20071129,2",ADMINISTRATIVE,Lose
"TPBA,96,訴,337,20071026,2",ADMINISTRATIVE,Lose
"IPCA,106,行專訴,80,20180718,4",ADMINISTRATIVE,Lose
"TPAA,91,判,333,20020227,1",ADMINISTRATIVE,Lose
"IPCA,98,行專訴,90,20100128,3",ADMINISTRATIVE,Lose
"TPBA,93,訴,3731,20051229,1",ADMINISTRATIVE,Lose
"IPCA,106,行商更(一),4,20180627,1",ADMINISTRATIVE,Win
"TPAA,96,判,989,20070607,1",ADMINISTRATIVE,Lose
"TPBA,89,訴,1444,20010502,1",ADMINISTRATIVE,Lose
"IPCA,103,行專訴,22,20141127,1",ADMINISTRATIVE,Lose
"IPCA,110,行商訴,75,20220413,1",ADMINISTRATIVE,Lose
"TPAA,92,判,1893,20031231,1",ADMINISTRATIVE,Lose
"IPCA,105,行專訴,27,20170118,3",ADMINISTRATIVE,Lose
"IPCA,108,行商訴,93,20191219,1",ADMINISTRATIVE,Lose
"TPBA,93,訴,4263,20051230,2",ADMINISTRATIVE,Lose
"TPBA,95,訴,477,20061221,2",ADMINISTRATIVE,Lose
"TPBA,96,訴,480,20080626,2",ADMINISTRATIVE,Lose
"IPCA,112,行專訴,20,20240118,3",ADMINISTRATIVE,Win
"IPCA,103,行商訴,128,20150506,3",ADMINISTRATIVE,Mixed
"TPBA,95,訴,1999,20070404,2",ADMINISTRATIVE,Lose
"TPDA,111,簡更一,4,20220623,1",ADMINISTRATIVE,Lose
"IPCA,102,行商訴,107,20140227,3",ADMINISTRATIVE,Win
"TPAA,88,判,402,19990225",ADMINISTRATIVE,Lose
"TPAA,88,判,3397,19990831",ADMINISTRATIVE,Lose
"TPBA,95,訴,3363,20070718,2",ADMINISTRATIVE,Lose
"TPBA,90,訴,3869,20020829,3",ADMINISTRATIVE,Lose
"TPBA,96,訴,1093,20071220,2",ADMINISTRATIVE,Lose
"IPCA,98,行商訴,225,20100513,2",ADMINISTRATIVE,Lose
"IPCA,103,行商訴,19,20140522,2",ADMINISTRATIVE,Lose
"TPBA,97,訴更一,35,20080821,1",ADMINISTRATIVE,Win
"IPCA,111,行商訴,42,20221116,2",ADMINISTRATIVE,Lose
"TPBA,97,訴,134,20080626,2",ADMINISTRATIVE,Lose
"TPBA,94,訴,574,20060222,1",ADMINISTRATIVE,Lose
"IPCA,104,行商訴,68,20160108,3",ADMINISTRATIVE,Lose
"TPBA,93,訴,3337,20050914,2",ADMINISTRATIVE,Lose
"TPBA,92,訴,5461,20050414,2",ADMINISTRATIVE,Lose
"TPBA,90,訴,1855,20020416,2",ADMINISTRATIVE,Lose
"TPAA,90,判,993,20010607,1",ADMINISTRATIVE,Lose
"IPCA,98,行商訴,49,20090716,3",ADMINISTRATIVE,Lose
"TPBA,92,訴,801,20040701,2",ADMINISTRATIVE,Lose
"IPCA,98,行商訴,108,20090924,1",ADMINISTRATIVE,Lose
"TPBA,93,訴,3807,20051208,2",ADMINISTRATIVE,Lose
"TPBA,89,訴,1910,20010925,2",ADMINISTRATIVE,Lose
"TPBA,95,訴,4108,20070913,1",ADMINISTRATIVE,Lose
"IPCA,97,行商訴,83,20090305,3",ADMINISTRATIVE,Lose
"IPCA,104,行專訴,46,20150924,3",ADMINISTRATIVE,Mixed
"IPCA,103,行商訴,6,20140529,2",ADMINISTRATIVE,Lose
"TPBA,94,訴,1142,20060406,2",ADMINISTRATIVE,Lose
"TPBA,94,訴,1205,20060426,2",ADMINISTRATIVE,Lose
"TPBA,89,訴,3382,20010829,2",ADMINISTRATIVE,Lose
"TPBA,93,訴,1305,20050622,2",ADMINISTRATIVE,Lose
"TPBA,93,訴,1010,20051025,3",ADMINISTRATIVE,Lose
"TPBA,89,訴,454,20010503,2",ADMINISTRATIVE,Lose
"IPCA,97,行商訴,72,20081225,1",ADMINISTRATIVE,Lose
"TPBA,89,訴,2709,20010809,1",ADMINISTRATIVE,Lose
"IPCA,103,行商訴,149,20150430,1",ADMINISTRATIVE,Mixed
"TPBA,97,訴,814,20080730,2",ADMINISTRATIVE,Win
"TPBA,90,訴,2017,20020715,2",ADMINISTRATIVE,Lose
"TPBA,92,訴更一,19,20040108,2",ADMINISTRATIVE,Win
"IPCA,99,行商訴,194,20110323,3",ADMINISTRATIVE,Lose
"TPAA,102,判,105,20130308,1",ADMINISTRATIVE,Lose
"IPCA,110,行商訴,37,20211216,3",ADMINISTRATIVE,Lose
"TPBA,97,訴,1206,20081023,2",ADMINISTRATIVE,Lose
"IPCA,109,行專訴,44,20210721,3",ADMINISTRATIVE,Win
"TPBA,89,訴,1754,20010718,2",ADMINISTRATIVE,Lose
"IPCA,98,行商訴,32,20090702,2",ADMINISTRATIVE,Lose
"TPAA,90,判,163,20010118,1",ADMINISTRATIVE,Lose
"TPBA,92,訴,745,20040512,2",ADMINISTRATIVE,Mixed
"TPBA,95,訴,3320,20070726,1",ADMINISTRATIVE,Lose
"TPBA,93,訴,2634,20050824,2",ADMINISTRATIVE,Lose
"TPBA,91,訴,926,20030416,2",ADMINISTRATIVE,Lose
"TPBA,97,訴,1017,20081022,1",ADMINISTRATIVE,Lose
"TPBA,95,訴,3784,20070809,2",ADMINISTRATIVE,Lose
"IPCA,99,行商訴,209,20110414,1",ADMINISTRATIVE,Lose
"IPCA,103,行專訴,38,20141023,3",ADMINISTRATIVE,Lose
"TPBA,89,訴,2418,20011011,2",ADMINISTRATIVE,Lose
"TPBA,91,訴,1402,20030703,2",ADMINISTRATIVE,Lose
"IPCA,102,行專訴,97,20140226,2",ADMINISTRATIVE,Lose
"TPAA,93,判,328,20040325,1",ADMINISTRATIVE,Lose
"TPBA,89,訴,578,20010315,2",ADMINISTRATIVE,Lose
"TPAA,99,判,1228,20101118,1",ADMINISTRATIVE,Lose
"TPBA,90,訴,3903,20020612,2",ADMINISTRATIVE,Lose
"IPCA,112,行專訴,2,20230928,3",ADMINISTRATIVE,Lose
"TPBA,90,訴,6324,20021106,2",ADMINISTRATIVE,Win
"TPAA,89,判,1008,20000406",ADMINISTRATIVE,Lose
"IPCA,103,行商訴,86,20141030,2",ADMINISTRATIVE,Lose
"TPAA,90,判,2499,20011221,1",ADMINISTRATIVE,Lose
"TPAA,101,判,626,20120719,1",ADMINISTRATIVE,Lose
"IPCA,111,行商訴,27,20230216,2",ADMINISTRATIVE,Lose
"IPCA,100,行專訴,67,20111027,3",ADMINISTRATIVE,Win
"IPCA,97,行商訴,36,20090108,1",ADMINISTRATIVE,Lose
"TPAA,88,判,3652,19991007",ADMINISTRATIVE,Lose
"IPCA,97,行商訴,67,20090212,3",ADMINISTRATIVE,Lose
"IPCA,110,行商訴,56,20220331,1",ADMINISTRATIVE,Win
"TPAA,90,判,2246,20011129,1",ADMINISTRATIVE,Lose
"TPAA,109,判,149,20200319,1",ADMINISTRATIVE,Lose
"TPBA,96,訴,3004,20080312,2",ADMINISTRATIVE,Lose
"TPBA,96,訴,1534,20080130,1",ADMINISTRATIVE,Lose
"TPBA,93,訴,2645,20050908,1",ADMINISTRATIVE,Lose
"IPCA,97,行商更(一),2,20090806,2",ADMINISTRATIVE,Win
"TPAA,94,判,1789,20051117,1",ADMINISTRATIVE,Lose
"TPBA,91,訴,2730,20030924,3",ADMINISTRATIVE,Lose
"IPCA,107,行專訴,62,20190718,3",ADMINISTRATIVE,Lose
"TPAA,103,判,266,20140529,1",ADMINISTRATIVE,Lose
"TPAA,97,判,856,20080918,1",ADMINISTRATIVE,Lose
"IPCA,108,行商訴,50,20191031,2",ADMINISTRATIVE,Lose
"IPCA,109,行商訴,112,20211027,2",ADMINISTRATIVE,Win
"TPBA,94,訴,2715,20060810,2",ADMINISTRATIVE,Lose
"TPAA,90,判,506,20010329,1",ADMINISTRATIVE,Lose
"IPCA,108,行專訴,23,20191231,3",ADMINISTRATIVE,Lose
"TPBA,92,訴,1963,20040923,1",ADMINISTRATIVE,Lose
"TPAA,112,上,654,20240618,1",ADMINISTRATIVE,Lose
"IPCA,97,行商訴,11,20081002,1",ADMINISTRATIVE,Lose
"TPBA,96,訴,2468,20080403,2",ADMINISTRATIVE,Lose
"TPBA,95,訴,3204,20070628,1",ADMINISTRATIVE,Lose
"TPAA,109,上,1187,20220317,1",ADMINISTRATIVE,Lose
"IPCA,98,行專訴,86,20091231,3",ADMINISTRATIVE,Lose
"IPCA,98,行商訴,100,20090910,1",ADMINISTRATIVE,Lose
"TPBA,94,訴,800,20060309,1",ADMINISTRATIVE,Lose
"TPAA,97,判,416,20080509,1",ADMINISTRATIVE,Lose
"TPAA,93,判,1366,20041028,1",ADMINISTRATIVE,Lose
"TPBA,90,訴,181,20010913,1",ADMINISTRATIVE,Lose
"TPBA,96,訴,3637,20080408,2",ADMINISTRATIVE,Lose
"IPCA,97,行商訴,133,20090402,1",ADMINISTRATIVE,Lose
"TPBA,91,訴,1039,20030508,2",ADMINISTRATIVE,Mixed
"IPCA,110,行商訴,42,20211230,2",ADMINISTRATIVE,Lose
"IPCA,103,行專訴,8,20141023,2",ADMINISTRATIVE,Lose
"TPAA,91,判,50,20020111,1",ADMINISTRATIVE,Win
"TPBA,92,訴,1205,20040512,2",ADMINISTRATIVE,Lose
"TPAA,90,判,2505,20011221,1",ADMINISTRATIVE,Lose
"TPAA,87,判,249,19980220,1",ADMINISTRATIVE,Lose
"TPBA,96,訴,3359,20080319,2",ADMINISTRATIVE,Win
"TPBA,96,訴,3304,20080320,2",ADMINISTRATIVE,Lose
"IPCA,97,行商訴,28,20081127,1",ADMINISTRATIVE,Mixed
"IPCA,105,行商訴,143,20171122,3",ADMINISTRATIVE,Lose
"TPBA,90,訴,84,20020131,1",ADMINISTRATIVE,Lose
"TPBA,90,訴,3984,20020307,1",ADMINISTRATIVE,Lose
"TPBA,94,訴,2488,20060731,2",ADMINISTRATIVE,Lose
"TPBA,91,訴,313,20030327,2",ADMINISTRATIVE,Lose
"IPCA,108,行商訴,41,20190912,2",ADMINISTRATIVE,Lose
"IPCA,111,行專訴,20,20220928,3",ADMINISTRATIVE,Win
"TPAA,92,判,1548,20031113,1",ADMINISTRATIVE,Lose
"TPAA,95,判,632,20060504,1",ADMINISTRATIVE,Lose
"TPBA,91,訴,1910,20030717,2",ADMINISTRATIVE,Lose
"IPCA,102,行商訴,152,20140529,1",ADMINISTRATIVE,Lose
"TPAA,88,判,632,19990325",ADMINISTRATIVE,Lose
"IPCA,105,行商訴,79,20170224,2",ADMINISTRATIVE,Win
"TPAA,95,判,747,20060522,1",ADMINISTRATIVE,Lose
"IPCA,103,行商訴,135,20150925,2",ADMINISTRATIVE,Lose
"TPBA,92,訴,4284,20050113,2",ADMINISTRATIVE,Lose
"TPAA,88,判,3984,19991126",ADMINISTRATIVE,Lose
"IPCA,99,行商訴,224,20110421,2",ADMINISTRATIVE,Lose
"IPCA,106,行專訴,15,20170831,3",ADMINISTRATIVE,Lose
"IPCA,105,行商訴,114,20170726,3",ADMINISTRATIVE,Lose
"IPCA,109,行商訴,79,20210401,3",ADMINISTRATIVE,Mixed
"IPCA,97,行商訴,30,20081126,2",ADMINISTRATIVE,Lose
"TPAA,92,判,1281,20030925,1",ADMINISTRATIVE,Lose
"TPBA,95,訴,1244,20070315,2",ADMINISTRATIVE,Lose
"TPBA,90,訴,3512,20020312,2",ADMINISTRATIVE,Lose
"TPBA,94,訴,1808,20060518,3",ADMINISTRATIVE,Lose
"IPCA,111,行商訴,60,20230119,2",ADMINISTRATIVE,Lose
"TPBA,90,訴,1141,20011220,1",ADMINISTRATIVE,Lose
"TPAA,88,判,3403,19990903",ADMINISTRATIVE,Lose
"TPAA,93,判,847,20040630,1",ADMINISTRATIVE,Lose
"TPAA,109,上,582,20210610,1",ADMINISTRATIVE,Lose
"IPCA,107,行商訴,11,20181108,2",ADMINISTRATIVE,Lose
"IPCA,100,行商訴,129,20120119,2",ADMINISTRATIVE,Lose
"IPCA,109,行專訴,38,20210304,3",ADMINISTRATIVE,Mixed
"IPCA,112,行商訴,62,20240425,2",ADMINISTRATIVE,Lose
"TPBA,90,訴,2864,20020515,3",ADMINISTRATIVE,Lose
"TPAA,90,判,2233,20011129,1",ADMINISTRATIVE,Lose
"IPCA,109,行商訴,9,20200617,2",ADMINISTRATIVE,Lose
"TPBA,93,訴,1503,20050720,2",ADMINISTRATIVE,Lose
"TPAA,96,判,698,20070419,1",ADMINISTRATIVE,Lose
"IPCA,105,行商訴,23,20161107,2",ADMINISTRATIVE,Lose
"IPCA,103,行商訴,38,20140612,2",ADMINISTRATIVE,Win
"TPBA,93,訴,1619,20050630,1",ADMINISTRATIVE,Lose
"TPAA,92,判,1141,20030828,1",ADMINISTRATIVE,Lose
"IPCA,105,行專訴,7,20160804,5",ADMINISTRATIVE,Lose
"TPAA,109,上,994,20211230,1",ADMINISTRATIVE,Lose
"TPBA,94,訴,2175,20060425,2",ADMINISTRATIVE,Lose
"TPBA,95,訴,3698,20070802,2",ADMINISTRATIVE,Lose
"TPAA,90,判,2110,20011115,1",ADMINISTRATIVE,Lose
"IPCA,105,行專更(一),2,20161027,2",ADMINISTRATIVE,Mixed
"TPAA,95,判,96,20060119,1",ADMINISTRATIVE,Lose
"IPCA,103,行商訴,152,20150709,3",ADMINISTRATIVE,Lose
"TPBA,91,訴,63,20030717,2",ADMINISTRATIVE,Win
"TPBA,96,訴,88,20071024,2",ADMINISTRATIVE,Lose
"IPCA,108,行商訴,126,20200430,3",ADMINISTRATIVE,Lose
"TPBA,91,訴,2932,20030918,2",ADMINISTRATIVE,Mixed
"IPCA,99,行商訴,76,20100812,2",ADMINISTRATIVE,Lose
"IPCA,109,行商訴,114,20210430,3",ADMINISTRATIVE,Lose
"TPBA,96,訴,961,20071108,1",ADMINISTRATIVE,Mixed
"TPAA,110,上,582,20230330,1",ADMINISTRATIVE,Lose
"TPBA,91,訴,111,20021231,2",ADMINISTRATIVE,Lose
"TPBA,94,訴,3766,20060913,2",ADMINISTRATIVE,Lose
"IPCA,103,行專訴,96,20150507,3",ADMINISTRATIVE,Lose
"TPBA,96,訴,2736,20080227,2",ADMINISTRATIVE,Lose
"IPCA,102,行專更(一),2,20141016,3",ADMINISTRATIVE,Lose
"TPAA,97,判,142,20080320,1",ADMINISTRATIVE,Lose
"TPBA,93,訴,4180,20051130,2",ADMINISTRATIVE,Lose
"IPCA,101,行專訴,86,20130131,3",ADMINISTRATIVE,Lose
"IPCA,105,行商訴,153,20170705,1",ADMINISTRATIVE,Lose
"TPBA,92,訴,1044,20040611,2",ADMINISTRATIVE,Lose
"TPAA,100,判,2179,20111215,1",ADMINISTRATIVE,Lose
"TPAA,100,判,1036,20110616,1",ADMINISTRATIVE,Lose
"TPAA,96,判,1177,20070705,1",ADMINISTRATIVE,Lose
"TPBA,95,訴,4012,20070809,2",ADMINISTRATIVE,Lose
"TPBA,89,訴,1087,20010724,2",ADMINISTRATIVE,Lose
"TPBA,91,訴,5195,20040609,3",ADMINISTRATIVE,Win
"TPAA,92,判,206,20030227,1",ADMINISTRATIVE,Lose
"IPCA,100,行商訴,20,20110929,3",ADMINISTRATIVE,Lose
"IPCA,105,行商訴,102,20170315,2",ADMINISTRATIVE,Lose
"IPCA,108,行商訴,20,20190815,2",ADMINISTRATIVE,Lose
"TPBA,91,訴,4444,20040422,2",ADMINISTRATIVE,Lose
"TPBA,90,訴,4844,20020829,1",ADMINISTRATIVE,Lose
"IPCA,99,行商訴,22,20100520,1",ADMINISTRATIVE,Mixed
"TPAA,89,判,2395,20000627",ADMINISTRATIVE,Win
"IPCA,101,行商訴,147,20130117,1",ADMINISTRATIVE,Lose
"TPBA,95,訴,4419,20071011,2",ADMINISTRATIVE,Lose
"IPCA,99,行商訴,247,20110505,2",ADMINISTRATIVE,Lose
"TPBA,92,訴,4940,20041130,1",ADMINISTRATIVE,Lose
"TPBA,95,訴,3197,20070524,2",ADMINISTRATIVE,Lose
"IPCA,105,行商訴,15,20160811,2",ADMINISTRATIVE,Lose
"TPAA,89,判,1820,20000608",ADMINISTRATIVE,Lose
"TPBA,90,訴,4545,20020717,1",ADMINISTRATIVE,Lose
"TPAA,95,判,1444,20060831,1",ADMINISTRATIVE,Lose
"TPAA,88,判,3414,19990903",ADMINISTRATIVE,Lose
"IPCA,99,行商訴,204,20110217,1",ADMINISTRATIVE,Win
"IPCA,97,行專訴,42,20081218,3",ADMINISTRATIVE,Win
"TPAA,91,判,37,20020110,1",ADMINISTRATIVE,Lose
"TPAA,92,判,702,20030605,1",ADMINISTRATIVE,Lose
"TPBA,95,訴,2784,20070607,2",ADMINISTRATIVE,Lose
"TPBA,93,訴,2607,20050908,2",ADMINISTRATIVE,Lose
"TPBA,92,訴,5088,20050310,2",ADMINISTRATIVE,Lose
"TPBA,89,訴,945,20010503,1",ADMINISTRATIVE,Lose
"IPCA,108,行專訴,12,20191023,3",ADMINISTRATIVE,Lose
"TPBA,93,訴,1504,20050804,1",ADMINISTRATIVE,Lose
"IPCA,106,行商訴,116,20180430,2",ADMINISTRATIVE,Lose
"IPCA,106,行商訴,43,20171123,3",ADMINISTRATIVE,Lose
"TPAA,90,判,2580,20011231,1",ADMINISTRATIVE,Lose
"TPAA,95,判,237,20060223,1",ADMINISTRATIVE,Lose
"TPAA,94,判,1066,20050721,1",ADMINISTRATIVE,Lose
"TPBA,96,訴,2988,20080424,2",ADMINISTRATIVE,Lose
"TPAA,94,判,2040,20051229,1",ADMINISTRATIVE,Lose
"TPBA,89,訴,2591,20010615,1",ADMINISTRATIVE,Lose
"TPBA,91,訴,5264,20040324,3",ADMINISTRATIVE,Lose
"IPCA,97,行專訴,55,20090205,2",ADMINISTRATIVE,Lose
"TPBA,97,訴,812,20081002,2",ADMINISTRATIVE,Lose
"IPCA,104,行專訴,39,20151008,4",ADMINISTRATIVE,Lose
"TPBA,92,訴,1704,20040707,2",ADMINISTRATIVE,Lose
"IPCA,101,行商訴,123,20130124,3",ADMINISTRATIVE,Lose
"IPCA,102,行商訴,86,20141002,2",ADMINISTRATIVE,Lose
"IPCA,112,行專訴,19,20231214,3",ADMINISTRATIVE,Lose
"TPBA,94,訴,1482,20060518,1",ADMINISTRATIVE,Lose
"IPCA,97,行商訴,38,20081211,2",ADMINISTRATIVE,Lose
"IPCA,103,行商訴,72,20141105,2",ADMINISTRATIVE,Lose
"IPCA,104,行專訴,71,20160304,4",ADMINISTRATIVE,Lose
"TPBA,95,訴,2791,20070523,2",ADMINISTRATIVE,Lose
"IPCA,99,行專訴,98,20101028,3",ADMINISTRATIVE,Lose
"IPCA,102,行商訴,153,20140417,1",ADMINISTRATIVE,Lose
"TPAA,91,判,934,20020607,1",ADMINISTRATIVE,Lose
"TPBA,89,訴,3405,20011107,2",ADMINISTRATIVE,Lose
"TPAA,110,上,398,20221229,2",ADMINISTRATIVE,Lose
"TPAA,90,判,1118,20010621,1",ADMINISTRATIVE,Lose
"TPAA,89,判,1540,20000518",ADMINISTRATIVE,Lose
"IPCA,100,行專訴,61,20111222,3",ADMINISTRATIVE,Win
"IPCA,102,行專訴,107,20140319,3",ADMINISTRATIVE,Mixed
"TPBA,91,訴,5128,20040624,2",ADMINISTRATIVE,Win
"TPAA,90,判,1218,20010713,1",ADMINISTRATIVE,Lose
"TPAA,90,判,1875,20011018,1",ADMINISTRATIVE,Lose
"IPCA,102,行商訴,129,20140320,2",ADMINISTRATIVE,Lose
"TPBA,90,訴,5554,20020912,2",ADMINISTRATIVE,Lose
"TPAA,90,判,245,20010222,1",ADMINISTRATIVE,Lose
"TPBA,91,訴,1990,20030702,2",ADMINISTRATIVE,Lose
"TPBA,93,訴,4069,20051130,2",ADMINISTRATIVE,Lose
"TPAA,93,判,422,20040422,1",ADMINISTRATIVE,Lose
"TPBA,93,訴,2262,20050824,2",ADMINISTRATIVE,Lose
"TPAA,88,判,698,19990325",ADMINISTRATIVE,Lose
"TPBA,93,訴,202,20050526,2",ADMINISTRATIVE,Lose
"TPBA,94,訴,4085,20070621,2",ADMINISTRATIVE,Lose
"TPBA,91,訴,1917,20030626,1",ADMINISTRATIVE,Lose
"TPAA,92,判,1103,20030821,1",ADMINISTRATIVE,Lose
"TPAA,89,判,936,20000330",ADMINISTRATIVE,Lose
"IPCA,102,行專訴,46,20130703,1",ADMINISTRATIVE,Lose
"TPBA,96,訴,419,20071129,2",ADMINISTRATIVE,Lose
"TPAA,96,判,432,20070322,1",ADMINISTRATIVE,Lose
"TPBA,94,訴,3737,20061116,2",ADMINISTRATIVE,Lose
"IPCA,107,行專訴,72,20190307,3",ADMINISTRATIVE,Lose
"TPBA,92,訴,185,20040317,2",ADMINISTRATIVE,Lose
"TPBA,94,訴,3913,20061107,2",ADMINISTRATIVE,Lose
"IPCA,112,行專訴,13,20231012,3",ADMINISTRATIVE,Lose
"IPCA,98,行商訴,186,20100107,2",ADMINISTRATIVE,Lose
"TPBA,93,訴,456,20050503,2",ADMINISTRATIVE,Lose
"IPCA,105,行專訴,88,20170614,2",ADMINISTRATIVE,Lose
"IPCA,101,行專訴,48,20121011,3",ADMINISTRATIVE,Lose
"IPCA,97,行專訴,11,20081002,3",ADMINISTRATIVE,Lose
"TPBA,94,訴,2409,20060608,2",ADMINISTRATIVE,Lose
"IPCA,99,行專訴,60,20101104,4",ADMINISTRATIVE,Win
"TPAA,97,判,164,20080327,1",ADMINISTRATIVE,Lose
"TPBA,91,訴,1902,20030507,2",ADMINISTRATIVE,Lose
"IPCA,100,行商訴,109,20111117,2",ADMINISTRATIVE,Lose
"TPBA,90,訴,4606,20020731,3",ADMINISTRATIVE,Win
"TPAA,90,判,955,20010531,1",ADMINISTRATIVE,Lose
"TPBA,92,訴,1512,20040930,2",ADMINISTRATIVE,Lose
"TPAA,94,判,1755,20051117,1",ADMINISTRATIVE,Lose
"TPBA,94,訴,4049,20071129,2",ADMINISTRATIVE,Lose
"TPBA,92,訴,1726,20040930,2",ADMINISTRATIVE,Lose
"TPBA,93,訴,549,20050803,2",ADMINISTRATIVE,Lose
"IPCA,100,行商訴,97,20111020,2",ADMINISTRATIVE,Lose
"IPCA,112,行專訴,14,20240104,4",ADMINISTRATIVE,Lose
"TPAA,88,判,3367,19990827",ADMINISTRATIVE,Lose
"TPBA,92,訴,1020,20040701,2",ADMINISTRATIVE,Lose
"IPCA,99,行商訴,71,20100826,2",ADMINISTRATIVE,Lose
"TPAA,90,判,2544,20011227,1",ADMINISTRATIVE,Lose
"TPAA,89,判,840,20000323",ADMINISTRATIVE,Lose
"TPBA,94,訴,3556,20060824,2",ADMINISTRATIVE,Lose
"TPBA,94,訴,951,20060530,2",ADMINISTRATIVE,Lose
"IPCA,103,行商訴,98,20141231,2",ADMINISTRATIVE,Win
"TPAA,93,判,327,20040325,1",ADMINISTRATIVE,Lose
"IPCA,99,行商訴,201,20110317,2",ADMINISTRATIVE,Lose
"TPBA,90,訴,5807,20021121,2",ADMINISTRATIVE,Lose
"IPCA,100,行專訴,66,20111208,3",ADMINISTRATIVE,Mixed
"IPCA,107,行專訴,8,20180809,3",ADMINISTRATIVE,Win
"TPBA,93,訴,3586,20051027,2",ADMINISTRATIVE,Lose
"TPBA,93,訴,1935,20050728,2",ADMINISTRATIVE,Lose
"TPBA,93,訴,2034,20050727,2",ADMINISTRATIVE,Lose
"TPBA,94,訴,2467,20070315,2",ADMINISTRATIVE,Lose
"TPBA,93,訴,4166,20060119,2",ADMINISTRATIVE,Lose
"IPCA,104,行商訴,50,20150917,2",ADMINISTRATIVE,Lose
"TPAA,95,判,648,20060504,1",ADMINISTRATIVE,Lose
"TPAA,88,判,1236,19990416",ADMINISTRATIVE,Lose
"TPBA,93,訴,1878,20060427,3",ADMINISTRATIVE,Lose
"IPCA,111,行專訴,53,20230413,3",ADMINISTRATIVE,Lose
"TPBA,90,訴,2933,20020529,2",ADMINISTRATIVE,Lose
"IPCA,108,行專訴,75,20200318,3",ADMINISTRATIVE,Win
"IPCA,103,行專訴,57,20150226,3",ADMINISTRATIVE,Lose
"IPCA,104,行專訴,64,20151127,3",ADMINISTRATIVE,Lose
"IPCA,108,行商訴,101,20200325,3",ADMINISTRATIVE,Lose
"TPAA,88,判,2682,19990617",ADMINISTRATIVE,Lose
"TPAA,96,判,1467,20070816,1",ADMINISTRATIVE,Lose
"IPCA,106,行商訴,159,20180621,3",ADMINISTRATIVE,Lose
"TPBA,94,訴,280,20051228,1",ADMINISTRATIVE,Lose
"IPCA,101,行商訴,53,20121108,1",ADMINISTRATIVE,Lose
"IPCA,104,行專訴,80,20160121,3",ADMINISTRATIVE,Lose
"TPBA,94,訴,1732,20060608,2",ADMINISTRATIVE,Lose
"IPCA,107,行專訴,32,20181115,4",ADMINISTRATIVE,Lose
"IPCA,98,行商訴,192,20100225,3",ADMINISTRATIVE,Lose
"IPCA,101,行商訴,89,20121115,2",ADMINISTRATIVE,Lose
"TPBA,95,訴,2961,20070705,2",ADMINISTRATIVE,Lose
"IPCA,98,行商訴,110,20091008,2",ADMINISTRATIVE,Lose
"TPBA,96,訴,402,20071122,2",ADMINISTRATIVE,Lose
"TPBA,89,訴,1299,20010426,1",ADMINISTRATIVE,Lose
"TPAA,98,判,353,20090402,1",ADMINISTRATIVE,Lose
"IPCA,101,行商訴,22,20120628,3",ADMINISTRATIVE,Win
"IPCA,100,行專訴,8,20110714,3",ADMINISTRATIVE,Lose
"TPBA,91,訴,4573,20040401,2",ADMINISTRATIVE,Lose
"TPAA,87,判,2529,19981204,1",ADMINISTRATIVE,Lose
"TPBA,90,訴,1553,20020801,2",ADMINISTRATIVE,Lose
"TPAA,91,判,2260,20021216,1",ADMINISTRATIVE,Win
"TPAA,101,判,469,20120524,1",ADMINISTRATIVE,Lose
"TPBA,95,訴,3369,20070614,1",ADMINISTRATIVE,Lose
"IPCA,98,行商訴,130,20091105,2",ADMINISTRATIVE,Win
"TPAA,109,判,411,20200730,1",ADMINISTRATIVE,Lose
"TPBA,92,訴,5578,20050324,2",ADMINISTRATIVE,Mixed
"TPAA,98,判,1270,20091022,1",ADMINISTRATIVE,Lose
"TPBA,89,訴,2280,20011004,2",ADMINISTRATIVE,Lose
"TPAA,89,判,1253,20000427",ADMINISTRATIVE,Lose
"TPAA,100,判,1356,20110804,1",ADMINISTRATIVE,Lose
"TPAA,100,判,2098,20111130,1",ADMINISTRATIVE,Lose
"TPBA,90,訴,6762,20030109,2",ADMINISTRATIVE,Lose
"IPCA,98,行商訴,168,20100204,2",ADMINISTRATIVE,Lose
"TPAA,99,判,945,20100916,1",ADMINISTRATIVE,Lose
"IPCA,98,行專訴,71,20091112,4",ADMINISTRATIVE,Lose
"TPBA,93,訴,395,20050503,2",ADMINISTRATIVE,Lose
"TPBA,90,訴,4889,20021003,2",ADMINISTRATIVE,Win
"TPBA,96,訴,3965,20080430,2",ADMINISTRATIVE,Lose
"TPBA,95,訴,2737,20070531,2",ADMINISTRATIVE,Lose
"IPCA,102,行商訴,72,20131031,3",ADMINISTRATIVE,Lose
"TPBA,89,訴,3191,20011031,2",ADMINISTRATIVE,Lose
"TPBA,91,訴,1121,20030611,3",ADMINISTRATIVE,Lose
"TPBA,92,訴,3385,20050309,2",ADMINISTRATIVE,Lose
"TPBA,95,訴,3333,20070809,2",ADMINISTRATIVE,Lose
"IPCA,100,行商訴,115,20111124,2",ADMINISTRATIVE,Lose
"IPCA,109,行商訴,111,20220615,2",ADMINISTRATIVE,Win
"TPAA,89,判,2742,20000915,1",ADMINISTRATIVE,Lose
"TPBA,92,訴,4195,20041110,2",ADMINISTRATIVE,Lose
"IPCA,107,行專訴,60,20181227,3",ADMINISTRATIVE,Lose
"TPBA,94,訴,1258,20060628,3",ADMINISTRATIVE,Lose
"IPCA,111,行專訴,62,20230727,2",ADMINISTRATIVE,Lose
"IPCA,105,行專訴,86,20170525,2",ADMINISTRATIVE,Lose
"IPCA,100,行商訴,88,20111110,2",ADMINISTRATIVE,Lose
"TPBA,91,訴,1002,20030327,1",ADMINISTRATIVE,Lose
"IPCA,109,行專訴,18,20210429,3",ADMINISTRATIVE,Lose
"TPAA,90,判,1017,20010607,1",ADMINISTRATIVE,Lose
"TPAA,87,判,2271,19981111",ADMINISTRATIVE,Lose
"IPCA,109,行專訴,19,20201119,3",ADMINISTRATIVE,Lose
"IPCA,101,行商訴,105,20121227,2",ADMINISTRATIVE,Mixed
"IPCA,102,行商訴,14,20130516,1",ADMINISTRATIVE,Mixed
"IPCA,104,行商訴,31,20160429,3",ADMINISTRATIVE,Lose
"IPCA,106,行商訴,68,20180906,2",ADMINISTRATIVE,Lose
"IPCA,103,行專訴,55,20141127,3",ADMINISTRATIVE,Lose
"TPAA,88,判,4022,19991126",ADMINISTRATIVE,Lose
"TPBA,96,訴,945,20071025,2",ADMINISTRATIVE,Lose
"TPBA,90,訴,5744,20020828,2",ADMINISTRATIVE,Lose
"TPBA,95,訴,971,20070227,3",ADMINISTRATIVE,Mixed
"IPCA,100,行專訴,115,20120502,3",ADMINISTRATIVE,Lose
"TPBA,91,訴,5354,20040422,1",ADMINISTRATIVE,Lose
"TPBA,91,訴,2564,20030722,2",ADMINISTRATIVE,Lose
"IPCA,100,行商訴,65,20110825,1",ADMINISTRATIVE,Lose
"TPAA,91,判,140,20020124,1",ADMINISTRATIVE,Lose
"TPBA,95,訴,2114,20070726,2",ADMINISTRATIVE,Lose
"TPBA,96,訴,3235,20080312,1",ADMINISTRATIVE,Lose
"IPCA,104,行商訴,61,20151127,2",ADMINISTRATIVE,Lose
"IPCA,107,行商訴,103,20190509,2",ADMINISTRATIVE,Lose
"TPBA,94,訴,3302,20060913,2",ADMINISTRATIVE,Lose
"TPBA,90,訴,5259,20021025,1",ADMINISTRATIVE,Lose
"IPCA,99,行專訴,128,20110224,3",ADMINISTRATIVE,Win
"TPBA,91,訴,1727,20030521,1",ADMINISTRATIVE,Lose
"IPCA,105,行專訴,59,20170412,3",ADMINISTRATIVE,Lose
"TPBA,91,訴,320,20021231,1",ADMINISTRATIVE,Lose
"TPBA,95,訴,4072,20070822,2",ADMINISTRATIVE,Lose
"IPCA,112,行專訴,38,20240201,3",ADMINISTRATIVE,Win
"TPAA,88,判,3935,19991119",ADMINISTRATIVE,Lose
"IPCA,101,行商訴,96,20121025,2",ADMINISTRATIVE,Lose
"TPBA,90,訴,1864,20020227,2",ADMINISTRATIVE,Lose
"IPCA,110,行專訴,44,20220330,3",ADMINISTRATIVE,Lose
"IPCA,112,行專訴,5,20231012,1",ADMINISTRATIVE,Lose
"TPAA,107,判,394,20180712,1",ADMINISTRATIVE,Lose
"TPAA,88,判,3530,19990923",ADMINISTRATIVE,Lose
"TPBA,89,訴,4036,20011227,2",ADMINISTRATIVE,Lose
"TPBA,95,訴,1414,20070215,2",ADMINISTRATIVE,Lose
"IPCA,104,行著更(一),7,20160714,1",ADMINISTRATIVE,Lose
"IPCA,111,行專訴,61,20230817,3",ADMINISTRATIVE,Lose
"IPCA,107,行商更(一),2,20190321,1",ADMINISTRATIVE,Win
"TPBA,89,訴,1709,20010530,2",ADMINISTRATIVE,Lose
"TPBA,94,訴,3413,20061012,2",ADMINISTRATIVE,Lose
"TPBA,96,訴,1817,20080130,2",ADMINISTRATIVE,Lose
"TPBA,93,訴,3956,20051117,2",ADMINISTRATIVE,Lose
"TPAA,97,判,369,20080430,1",ADMINISTRATIVE,Lose
"IPCA,100,行專訴,74,20120105,3",ADMINISTRATIVE,Win
"TPBA,95,訴,1184,20070214,2",ADMINISTRATIVE,Lose
"TPBA,97,訴,1323,20081001,2",ADMINISTRATIVE,Lose
"IPCA,104,行專訴,91,20160324,4",ADMINISTRATIVE,Win
"TPAA,101,判,555,20120621,1",ADMINISTRATIVE,Lose
"TPAA,107,判,155,20180328,1",ADMINISTRATIVE,Lose
"TPAA,89,判,633,20000309",ADMINISTRATIVE,Lose
"TPBA,89,訴,169,20010315,2",ADMINISTRATIVE,Lose
"IPCA,106,行專訴,18,20180226,4",ADMINISTRATIVE,Lose
"TPAA,97,判,700,20080710,1",ADMINISTRATIVE,Lose
"IPCA,108,行商訴,85,20191226,2",ADMINISTRATIVE,Lose
"TPBA,95,訴,3221,20070704,1",ADMINISTRATIVE,Mixed
"TPAA,99,判,265,20100318,1",ADMINISTRATIVE,Lose
"TPBA,94,訴,481,20051027,1",ADMINISTRATIVE,Lose
"TPAA,89,判,932,20000330",ADMINISTRATIVE,Lose
"IPCA,109,行專訴,11,20200820,4",ADMINISTRATIVE,Lose
"TPAA,96,判,751,20070430,1",ADMINISTRATIVE,Lose
"TPBA,92,訴,371,20040317,1",ADMINISTRATIVE,Lose
"IPCA,107,行商訴,32,20181004,3",ADMINISTRATIVE,Lose
"TPBA,95,訴,1864,20070215,2",ADMINISTRATIVE,Lose
"TPAA,89,判,3911,20001228,1",ADMINISTRATIVE,Lose
"IPCA,111,行專訴,56,20230316,4",ADMINISTRATIVE,Lose
"TPBA,90,訴,4386,20020501,2",ADMINISTRATIVE,Lose
"TPBA,93,訴,3087,20050831,1",ADMINISTRATIVE,Lose
"TPAA,89,判,249,20000127",ADMINISTRATIVE,Lose
"IPCA,102,行專訴,70,20131107,3",ADMINISTRATIVE,Lose
"IPCA,101,行商訴,60,20120726,1",ADMINISTRATIVE,Mixed
"TPAA,95,判,549,20060420,1",ADMINISTRATIVE,Lose
"IPCA,101,行專訴,24,20120830,3",ADMINISTRATIVE,Win
"TPBA,95,訴,3086,20070524,2",ADMINISTRATIVE,Lose
"IPCA,99,行專訴,36,20100819,3",ADMINISTRATIVE,Lose
"TPAA,88,判,2050,19990531",ADMINISTRATIVE,Lose
"TPAA,104,判,632,20151029,1",ADMINISTRATIVE,Lose
"TPBA,95,訴,551,20061228,2",ADMINISTRATIVE,Lose
"IPCA,103,行商訴,113,20150115,3",ADMINISTRATIVE,Win
"IPCA,98,行商訴,35,20090514,1",ADMINISTRATIVE,Lose
"IPCA,109,行專訴,36,20210127,3",ADMINISTRATIVE,Lose
"IPCA,104,行商訴,24,20151130,3",ADMINISTRATIVE,Win
"IPCA,107,行商訴,70,20190321,2",ADMINISTRATIVE,Lose
"TPAA,108,上,903,20220127,3",ADMINISTRATIVE,Lose
"IPCA,106,行專訴,24,20171109,4",ADMINISTRATIVE,Win
"IPCA,104,行商訴,126,20160129,1",ADMINISTRATIVE,Lose
"TPAA,110,上,237,20220922,1",ADMINISTRATIVE,Lose
"TPBA,92,訴更一,88,20040923,1",ADMINISTRATIVE,Lose
"TPBA,96,訴,2476,20080508,1",ADMINISTRATIVE,Lose
"TPBA,96,訴,4108,20080508,2",ADMINISTRATIVE,Lose
"TPBA,91,訴,2015,20030731,2",ADMINISTRATIVE,Lose
"TPBA,93,訴,2348,20060330,1",ADMINISTRATIVE,Lose
"IPCA,109,行專訴,26,20201112,3",ADMINISTRATIVE,Lose
"TPAA,92,判,317,20030327,1",ADMINISTRATIVE,Lose
"TPBA,92,訴,5357,20050309,2",ADMINISTRATIVE,Lose
"IPCA,104,行商訴,149,20161125,2",ADMINISTRATIVE,Lose
"IPCA,97,行專訴,88,20090507,3",ADMINISTRATIVE,Lose
"TPBA,92,訴,2865,20041125,2",ADMINISTRATIVE,Lose
"TPBA,96,訴,3257,20080320,1",ADMINISTRATIVE,Mixed
"TPBA,91,訴,3286,20031016,2",ADMINISTRATIVE,Mixed
"TPAA,93,判,441,20040422,1",ADMINISTRATIVE,Lose
"IPCA,99,行商訴,152,20101230,1",ADMINISTRATIVE,Mixed
"IPCA,99,行商訴,199,20110310,2",ADMINISTRATIVE,Lose
"IPCA,104,行專訴,121,20160519,3",ADMINISTRATIVE,Win
"TPBA,89,訴,2366,20010816,1",ADMINISTRATIVE,Lose
"IPCA,107,行專訴,56,20181025,3",ADMINISTRATIVE,Win
"TPBA,89,訴,1354,20010531,2",ADMINISTRATIVE,Lose
"IPCA,110,行專訴,9,20210909,3",ADMINISTRATIVE,Win
"TPBA,89,訴,3350,20010924,1",ADMINISTRATIVE,Lose
"TPAA,89,判,35,20000107",ADMINISTRATIVE,Lose
"TPBA,92,訴,3658,20040826,2",ADMINISTRATIVE,Lose
"TPAA,91,判,231,20020206,1",ADMINISTRATIVE,Lose
"TPAA,105,判,544,20161026,1",ADMINISTRATIVE,Lose
"IPCA,99,行專訴,168,20110414,3",ADMINISTRATIVE,Lose
"TPBA,92,訴,5387,20041222,1",ADMINISTRATIVE,Win
"TPBA,95,訴,419,20061207,1",ADMINISTRATIVE,Lose
"TPAA,97,判,370,20080430,1",ADMINISTRATIVE,Lose
"IPCA,106,行專訴,6,20171115,4",ADMINISTRATIVE,Lose
"TPBA,90,訴,6807,20021023,2",ADMINISTRATIVE,Lose
"TPBA,95,訴,481,20070131,2",ADMINISTRATIVE,Lose
"TPBA,94,訴,3292,20060823,1",ADMINISTRATIVE,Lose
"TPBA,96,訴,1099,20071213,2",ADMINISTRATIVE,Lose
"IPCA,112,行商訴,28,20231130,1",ADMINISTRATIVE,Lose
"TPBA,93,訴,4125,20060921,2",ADMINISTRATIVE,Lose
"TPAA,101,判,1031,20121206,1",ADMINISTRATIVE,Lose
"TPBA,94,訴,496,20060331,1",ADMINISTRATIVE,Lose
"TPBA,94,訴,3772,20061018,1",ADMINISTRATIVE,Lose
"TPBA,91,訴,567,20030327,2",ADMINISTRATIVE,Lose
"TPBA,89,訴,1646,20010411,1",ADMINISTRATIVE,Lose
"TPBA,90,訴,2888,20020620,1",ADMINISTRATIVE,Lose
"TPAA,88,判,2160,19990603",ADMINISTRATIVE,Lose
"TPAA,112,上,137,20231122,1",ADMINISTRATIVE,Lose
"TPAA,89,判,2780,20000921,1",ADMINISTRATIVE,Lose
"IPCA,106,行專訴,64,20181101,4",ADMINISTRATIVE,Win
"IPCA,103,行專訴,81,20150624,3",ADMINISTRATIVE,Lose
"TPAA,92,判,437,20030424,1",ADMINISTRATIVE,Lose
"IPCA,101,行專訴,73,20130207,4",ADMINISTRATIVE,Lose
"TPBA,93,訴,604,20050503,1",ADMINISTRATIVE,Lose
"TPBA,95,訴,1565,20070412,2",ADMINISTRATIVE,Lose
"TPBA,92,訴,4591,20050331,2",ADMINISTRATIVE,Lose
"TPBA,93,訴,1639,20050610,2",ADMINISTRATIVE,Lose
"TPAA,91,判,15,20020104,1",ADMINISTRATIVE,Lose
"IPCA,98,行商訴,65,20090903,2",ADMINISTRATIVE,Lose
"TPBA,90,訴,5656,20021205,2",ADMINISTRATIVE,Lose
"TPBA,91,訴,5404,20040623,1",ADMINISTRATIVE,Lose
"TPBA,90,訴,4257,20020328,2",ADMINISTRATIVE,Lose
"TPBA,91,訴,3208,20030910,2",ADMINISTRATIVE,Lose
"IPCA,101,行商訴,126,20121227,3",ADMINISTRATIVE,Lose
"TPBA,93,訴,3971,20060105,2",ADMINISTRATIVE,Lose
"IPCA,102,行專訴,26,20130605,2",ADMINISTRATIVE,Lose
"TPBA,95,訴,3332,20070614,2",ADMINISTRATIVE,Lose
"TPBA,96,訴,3422,20080501,2",ADMINISTRATIVE,Lose
"TPAA,108,判,210,20190425,1",ADMINISTRATIVE,Lose
"TPBA,92,訴,312,20040324,2",ADMINISTRATIVE,Lose
"TPBA,93,訴,1605,20050630,2",ADMINISTRATIVE,Lose
"TPBA,96,訴,1548,20080109,2",ADMINISTRATIVE,Lose
"IPCA,102,行商訴,59,20131218,2",ADMINISTRATIVE,Lose
"TPAA,95,判,1640,20061005,1",ADMINISTRATIVE,Lose
"TPAA,90,判,431,20010322,1",ADMINISTRATIVE,Lose
"IPCA,104,行商訴,118,20160115,2",ADMINISTRATIVE,Lose
"IPCA,98,行商訴,123,20090924,1",ADMINISTRATIVE,Lose
"TPAA,98,判,1107,20090924,1",ADMINISTRATIVE,Lose
"IPCA,98,行商訴,22,20090604,2",ADMINISTRATIVE,Lose
"TPBA,95,訴,4534,20071026,1",ADMINISTRATIVE,Mixed
"TPAA,89,判,3976,20001229,1",ADMINISTRATIVE,Lose
"TPAA,109,上,71,20220113,1",ADMINISTRATIVE,Lose
"TPAA,88,判,1909,19990514",ADMINISTRATIVE,Lose
"TPAA,88,判,849,19990408",ADMINISTRATIVE,Lose
"TPBA,91,訴,4552,20030107,2",ADMINISTRATIVE,Lose
"TPAA,89,判,1833,20000608",ADMINISTRATIVE,Lose
"IPCA,99,行商訴,68,20100826,2",ADMINISTRATIVE,Lose
"TPAA,94,判,287,20050303,1",ADMINISTRATIVE,Lose
"TPBA,90,訴,6891,20021211,2",ADMINISTRATIVE,Lose
"IPCA,103,行專訴,2,20140702,3",ADMINISTRATIVE,Lose
"TPAA,106,判,576,20171026,1",ADMINISTRATIVE,Lose
"TPAA,92,判,28,20030110,1",ADMINISTRATIVE,Lose
"TPBA,91,訴,3540,20031113,2",ADMINISTRATIVE,Win
"IPCA,98,行商訴,10,20090402,1",ADMINISTRATIVE,Lose
"TPBA,95,訴,3502,20070823,1",ADMINISTRATIVE,Lose
"TPBA,93,訴,3681,20051012,1",ADMINISTRATIVE,Lose
"IPCA,101,行專訴,83,20130110,3",ADMINISTRATIVE,Lose
"IPCA,105,行專訴,85,20170419,1",ADMINISTRATIVE,Lose
"TPBA,95,訴,2827,20070524,2",ADMINISTRATIVE,Lose
"IPCA,103,行專訴,26,20140828,3",ADMINISTRATIVE,Lose
"IPCA,98,行專更(一),1,20091022,3",ADMINISTRATIVE,Lose
"TPBA,90,訴,4934,20021205,2",ADMINISTRATIVE,Lose
"IPCA,102,行商訴,133,20140403,2",ADMINISTRATIVE,Lose
"TPBA,92,訴,176,20040603,2",ADMINISTRATIVE,Lose
"TPBA,91,訴,292,20021231,2",ADMINISTRATIVE,Lose
"TPBA,95,訴,2332,20070412,2",ADMINISTRATIVE,Lose
"IPCA,109,行商訴,109,20210204,1",ADMINISTRATIVE,Lose
"IPCA,104,行專訴,52,20151225,3",ADMINISTRATIVE,Lose
"IPCA,101,行商訴,132,20130227,2",ADMINISTRATIVE,Lose
"TPBA,97,訴更一,36,20081127,1",ADMINISTRATIVE,Lose
"TPBA,94,訴,2410,20060608,2",ADMINISTRATIVE,Lose
"TPBA,91,訴,2437,20030730,1",ADMINISTRATIVE,Lose
"TPAA,109,判,131,20200312,1",ADMINISTRATIVE,Lose
"TPBA,90,訴,6765,20021225,2",ADMINISTRATIVE,Lose
"TPBA,94,訴,2865,20060830,2",ADMINISTRATIVE,Lose
"TPAA,90,判,1903,20011019,1",ADMINISTRATIVE,Lose
"TPBA,89,訴,1925,20010822,1",ADMINISTRATIVE,Lose
"TPAA,98,判,1269,20091022,1",ADMINISTRATIVE,Lose
"IPCA,101,行商訴,18,20120726,3",ADMINISTRATIVE,Lose
"TPBA,92,訴,1272,20040616,2",ADMINISTRATIVE,Lose
"TPBA,96,訴,3460,20080508,2",ADMINISTRATIVE,Lose
"TPAA,111,上,122,20240104,1",ADMINISTRATIVE,Lose
"IPCA,98,行商訴,249,20100527,3",ADMINISTRATIVE,Lose
"TPBA,97,訴,1462,20081001,2",ADMINISTRATIVE,Lose
"IPCA,107,行商訴,53,20181025,2",ADMINISTRATIVE,Lose
"TPAA,93,判,303,20040325,1",ADMINISTRATIVE,Lose
"TPAA,88,判,241,19990204",ADMINISTRATIVE,Lose
"IPCA,110,行商訴,62,20220316,2",ADMINISTRATIVE,Lose
"TPBA,95,訴,431,20070208,2",ADMINISTRATIVE,Mixed
"TPAA,98,判,1300,20091029,1",ADMINISTRATIVE,Lose
"IPCA,100,行商訴,99,20111201,3",ADMINISTRATIVE,Lose
"TPBA,92,訴,4301,20041029,1",ADMINISTRATIVE,Lose
"TPBA,95,訴,1792,20070430,2",ADMINISTRATIVE,Lose
"IPCA,104,行專訴,47,20151001,3",ADMINISTRATIVE,Lose
"TPBA,95,訴,781,20061228,1",ADMINISTRATIVE,Mixed
"TPAA,91,判,256,20020207,1",ADMINISTRATIVE,Lose
"TPBA,95,訴,901,20061213,2",ADMINISTRATIVE,Lose
"TPBA,91,訴,3614,20031218,1",ADMINISTRATIVE,Lose
"IPCA,109,行商訴,92,20210129,2",ADMINISTRATIVE,Lose
"IPCA,106,行專訴,93,20180607,3",ADMINISTRATIVE,Lose
"IPCA,105,行專訴,64,20170308,3",ADMINISTRATIVE,Lose
"IPCA,98,行專訴,56,20091015,3",ADMINISTRATIVE,Lose
"TPBA,94,訴,3468,20061116,2",ADMINISTRATIVE,Lose
"IPCA,106,行商訴,80,20180312,2",ADMINISTRATIVE,Lose
"IPCA,99,行商訴,30,20100729,3",ADMINISTRATIVE,Lose
"TPBA,93,訴,3504,20051027,2",ADMINISTRATIVE,Mixed
"TPBA,96,訴,900,20071122,2",ADMINISTRATIVE,Lose
"IPCA,99,行專訴,144,20110127,3",ADMINISTRATIVE,Lose
"IPCA,113,行商訴,14,20241107,2",ADMINISTRATIVE,Win
"IPCA,98,行商訴,233,20100513,2",ADMINISTRATIVE,Lose
"IPCA,104,行商訴,49,20150917,2",ADMINISTRATIVE,Lose
"TPBA,97,訴,299,20080619,2",ADMINISTRATIVE,Lose
"IPCA,98,行商更(一),1,20090827,1",ADMINISTRATIVE,Win
"TPBA,93,訴,63,20050526,2",ADMINISTRATIVE,Lose
"TPBA,90,訴,5366,20020829,1",ADMINISTRATIVE,Lose
"IPCA,100,行專訴,41,20110929,3",ADMINISTRATIVE,Lose
"IPCA,97,行商訴,130,20090514,3",ADMINISTRATIVE,Lose
"IPCA,106,行專訴,36,20171227,3",ADMINISTRATIVE,Lose
"TPBA,89,訴,2984,20011212,1",ADMINISTRATIVE,Lose
"IPCA,102,行專訴,45,20130912,3",ADMINISTRATIVE,Lose
"TPAA,93,判,1442,20041118,1",ADMINISTRATIVE,Lose
"TPBA,89,訴,461,20010328,1",ADMINISTRATIVE,Lose
"IPCA,112,行專訴,10,20240729,4",ADMINISTRATIVE,Mixed
"TPAA,109,上,1063,20220728,2",ADMINISTRATIVE,Lose
"IPCA,102,行專訴,103,20140214,3",ADMINISTRATIVE,Lose
"TPBA,97,訴,1265,20080910,2",ADMINISTRATIVE,Lose
"TPBA,92,訴,4712,20041217,1",ADMINISTRATIVE,Lose
"IPCA,103,行商訴,11,20140529,1",ADMINISTRATIVE,Lose
"TPBA,91,訴,3177,20030827,2",ADMINISTRATIVE,Win
"TPBA,96,訴,153,20071011,1",ADMINISTRATIVE,Lose
"TPBA,89,訴,4006,20011031,2",ADMINISTRATIVE,Lose
"TPBA,91,訴,4183,20040114,2",ADMINISTRATIVE,Lose
"IPCA,106,行商訴,69,20180125,2",ADMINISTRATIVE,Win
"IPCA,99,行專訴,136,20110210,3",ADMINISTRATIVE,Win
"TPAA,89,判,128,20000120",ADMINISTRATIVE,Lose
"IPCA,97,行專訴,17,20081120,3",ADMINISTRATIVE,Win
"TPBA,90,訴,6198,20021106,1",ADMINISTRATIVE,Lose
"TPBA,90,訴,6342,20021212,2",ADMINISTRATIVE,Lose
"TPAA,104,判,30,20150122,1",ADMINISTRATIVE,Lose
"IPCA,103,行商訴,139,20150226,2",ADMINISTRATIVE,Lose
"TPAA,89,判,270,20000127",ADMINISTRATIVE,Lose
"TPBA,90,訴,6593,20030109,2",ADMINISTRATIVE,Lose
"IPCA,106,行專訴,42,20171116,3",ADMINISTRATIVE,Lose
"IPCA,104,行商訴,135,20160331,1",ADMINISTRATIVE,Lose
"TPBA,95,訴,3828,20071108,2",ADMINISTRATIVE,Win
"TPAA,88,判,3534,19990923",ADMINISTRATIVE,Lose
"TPAA,95,判,424,20060330,1",ADMINISTRATIVE,Lose
"TPBA,95,訴,3478,20090305,2",ADMINISTRATIVE,Lose
"TPBA,96,訴,2930,20080327,1",ADMINISTRATIVE,Lose
"TPBA,89,訴,3323,20020117,2",ADMINISTRATIVE,Lose
"TPAA,90,判,1708,20010924,1",ADMINISTRATIVE,Lose
"TPBA,90,訴,2796,20020312,1",ADMINISTRATIVE,Lose
"TPBA,94,訴,1418,20060419,2",ADMINISTRATIVE,Lose
"TPAA,90,判,1095,20010615,1",ADMINISTRATIVE,Lose
"IPCA,101,行專訴,102,20130530,3",ADMINISTRATIVE,Lose
"TPAA,109,上,919,20211021,1",ADMINISTRATIVE,Lose
"TPAA,96,判,1743,20070928,1",ADMINISTRATIVE,Lose
"IPCA,99,行商訴,18,20100527,2",ADMINISTRATIVE,Lose
"TPAA,98,判,811,20090723,1",ADMINISTRATIVE,Lose
"IPCA,112,行專訴,43,20240425,3",ADMINISTRATIVE,Lose
"IPCA,103,行商訴,103,20150326,3",ADMINISTRATIVE,Lose
"TPBA,89,訴,1733,20010525,1",ADMINISTRATIVE,Lose
"IPCA,106,行專訴,45,20171130,3",ADMINISTRATIVE,Lose
"TPAA,94,判,1407,20050915,1",ADMINISTRATIVE,Lose
"IPCA,101,行商訴,4,20120628,2",ADMINISTRATIVE,Lose
"IPCA,110,行商訴,67,20220316,1",ADMINISTRATIVE,Lose
"TPBA,95,訴,1375,20070214,2",ADMINISTRATIVE,Lose
"TPBA,93,訴,1431,20050622,2",ADMINISTRATIVE,Lose
"TPBA,92,訴更一,61,20040212,2",ADMINISTRATIVE,Lose
"IPCA,103,行商訴,97,20150326,2",ADMINISTRATIVE,Win
"IPCA,105,行專訴,17,20160714,3",ADMINISTRATIVE,Lose
"IPCA,101,行商訴,163,20130117,1",ADMINISTRATIVE,Lose
"IPCA,101,行專訴,20,20120712,3",ADMINISTRATIVE,Win
"TPBA,90,訴,4475,20020628,1",ADMINISTRATIVE,Lose
"TPAA,95,判,1516,20060914,1",ADMINISTRATIVE,Lose
"IPCA,106,行商訴,15,20180131,2",ADMINISTRATIVE,Lose
"IPCA,99,行專訴,156,20110329,3",ADMINISTRATIVE,Lose
"TPAA,92,判,547,20030515,1",ADMINISTRATIVE,Lose
"IPCA,110,行著訴,9,20230118,2",ADMINISTRATIVE,Lose
"TPBA,89,訴,2080,20010802,1",ADMINISTRATIVE,Lose
"TPAA,88,判,3429,19990903",ADMINISTRATIVE,Lose
"IPCA,102,行專訴,63,20130815,3",ADMINISTRATIVE,Win
"IPCA,103,行專更(一),3,20150326,3",ADMINISTRATIVE,Lose
"TPAA,94,判,1560,20051013,1",ADMINISTRATIVE,Lose
"IPCA,102,行商訴,77,20131128,2",ADMINISTRATIVE,Lose
"IPCA,97,行專訴,60,20090122,3",ADMINISTRATIVE,Lose
"IPCA,98,行商訴,11,20090527,2",ADMINISTRATIVE,Lose
"TPBA,97,訴,538,20080611,2",ADMINISTRATIVE,Lose
"IPCA,105,行專訴,41,20161130,3",ADMINISTRATIVE,Lose
"TPBA,90,訴,4024,20020328,2",ADMINISTRATIVE,Lose
"TPBA,94,訴,414,20060302,2",ADMINISTRATIVE,Lose
"TPBA,92,訴,640,20040407,2",ADMINISTRATIVE,Lose
"TPBA,95,訴,4028,20070919,2",ADMINISTRATIVE,Lose
"TPBA,92,訴,4930,20041217,2",ADMINISTRATIVE,Lose
"TPAA,96,判,206,20070208,1",ADMINISTRATIVE,Win
"TPAA,95,判,2137,20061221,1",ADMINISTRATIVE,Lose
"TPAA,111,上,600,20221117,1",ADMINISTRATIVE,Lose
"TPBA,96,訴,2955,20080529,1",ADMINISTRATIVE,Lose
"IPCA,99,行商訴,17,20100610,3",ADMINISTRATIVE,Lose
"TPAA,90,判,962,20010601,1",ADMINISTRATIVE,Lose
"TPBA,95,訴,3468,20070830,2",ADMINISTRATIVE,Lose
"TPBA,94,訴,1953,20060712,2",ADMINISTRATIVE,Lose
"TPAA,93,判,1238,20040923,1",ADMINISTRATIVE,Lose
"TPBA,95,訴,3772,20070829,2",ADMINISTRATIVE,Lose
"TPAA,109,上,70,20220818,1",ADMINISTRATIVE,Lose
"TPAA,90,判,1921,20011025,1",ADMINISTRATIVE,Lose
"TPAA,104,判,428,20150730,1",ADMINISTRATIVE,Lose
"TPAA,89,判,1257,20000427",ADMINISTRATIVE,Lose
"TPBA,96,訴,2788,20080319,2",ADMINISTRATIVE,Lose
"TPBA,95,訴,495,20070227,2",ADMINISTRATIVE,Lose
"TPBA,95,訴,2309,20070418,2",ADMINISTRATIVE,Lose
"IPCA,99,行商訴,102,20101118,3",ADMINISTRATIVE,Lose
"TPBA,92,訴,2324,20040813,2",ADMINISTRATIVE,Lose
"TPAA,90,判,2563,20011228,1",ADMINISTRATIVE,Lose
"IPCA,102,行商訴,57,20131025,2",ADMINISTRATIVE,Lose
"TPAA,88,判,2201,19990604",ADMINISTRATIVE,Win
"TPBA,97,訴,1697,20090402,2",ADMINISTRATIVE,Lose
"IPCA,104,行專訴,59,20160108,4",ADMINISTRATIVE,Lose
"TPAA,90,判,353,20010308,1",ADMINISTRATIVE,Win
"TPAA,89,判,3065,20001102,1",ADMINISTRATIVE,Lose
"TPAA,108,判,478,20191017,1",ADMINISTRATIVE,Lose
"TPBA,95,訴,2071,20070329,2",ADMINISTRATIVE,Lose
"TPAA,90,判,2134,20011115,1",ADMINISTRATIVE,Lose
"IPCA,107,行專訴,24,20180830,3",ADMINISTRATIVE,Lose
"TPBA,96,訴,3901,20080508,2",ADMINISTRATIVE,Lose
"TPBA,95,訴,3372,20070725,1",ADMINISTRATIVE,Lose
"TPBA,89,訴,3223,20010927,3",ADMINISTRATIVE,Lose
"IPCA,98,行商訴,137,20091119,2",ADMINISTRATIVE,Lose
"IPCA,101,行商訴,119,20121227,1",ADMINISTRATIVE,Lose
"TPBA,94,訴,2085,20060425,2",ADMINISTRATIVE,Lose
"IPCA,99,行專訴,157,20110317,3",ADMINISTRATIVE,Lose
"IPCA,106,行商訴,50,20180801,3",ADMINISTRATIVE,Win
"TPAA,90,判,47,20010104,1",ADMINISTRATIVE,Lose
"TPBA,93,訴,4010,20051117,2",ADMINISTRATIVE,Lose
"IPCA,97,行專訴,74,20090514,3",ADMINISTRATIVE,Lose
"TPBA,92,訴,2821,20050304,2",ADMINISTRATIVE,Lose
"IPCA,111,行商訴,3,20220610,2",ADMINISTRATIVE,Win
"IPCA,100,行商訴,161,20120426,3",ADMINISTRATIVE,Lose
"TPAA,110,上,56,20220317,1",ADMINISTRATIVE,Lose
"TPAA,92,判,1825,20031225,1",ADMINISTRATIVE,Lose
"IPCA,98,行商訴,179,20100121,2",ADMINISTRATIVE,Win
"TPBA,96,訴,3617,20080327,3",ADMINISTRATIVE,Lose
"IPCA,110,行專訴,47,20220331,2",ADMINISTRATIVE,Lose
"IPCA,98,行商訴,231,20100422,2",ADMINISTRATIVE,Lose
"TPAA,109,判,150,20200319,1",ADMINISTRATIVE,Lose
"TPBA,92,訴,1972,20041028,1",ADMINISTRATIVE,Lose
"IPCA,99,行商訴,127,20101028,2",ADMINISTRATIVE,Lose
"TPBA,97,訴,750,20080716,2",ADMINISTRATIVE,Lose
"TPBA,89,訴,650,20010413,1",ADMINISTRATIVE,Mixed
"TPBA,93,訴,526,20050413,1",ADMINISTRATIVE,Lose
"TPBA,90,訴,5142,20021031,2",ADMINISTRATIVE,Lose
"TPAA,102,判,130,20130314,1",ADMINISTRATIVE,Lose
"IPCA,108,行商訴,49,20191031,2",ADMINISTRATIVE,Lose
"TPBA,91,訴,126,20021113,2",ADMINISTRATIVE,Lose
"TPBA,91,訴,134,20021218,1",ADMINISTRATIVE,Lose
"IPCA,97,行專訴,87,20090604,3",ADMINISTRATIVE,Lose
"TPAA,95,判,616,20060504,1",ADMINISTRATIVE,Lose
"TPAA,89,判,267,20000127",ADMINISTRATIVE,Lose
"TPAA,109,判,250,20200507,1",ADMINISTRATIVE,Lose
"TPBA,91,訴,1359,20030522,1",ADMINISTRATIVE,Lose
"TPAA,89,判,844,20000323",ADMINISTRATIVE,Lose
"TPBA,91,訴,2416,20030813,2",ADMINISTRATIVE,Lose
"TPAA,90,判,2109,20011115,1",ADMINISTRATIVE,Lose
"TPAA,92,判,625,20030523,1",ADMINISTRATIVE,Lose
"TPAA,88,判,3523,19990923",ADMINISTRATIVE,Lose
"IPCA,102,行商訴,90,20140108,2",ADMINISTRATIVE,Lose
"TPBA,89,訴,549,20001019,1",ADMINISTRATIVE,Lose
"TPBA,97,訴,108,20080415,3",ADMINISTRATIVE,Lose
"IPCA,107,行專訴,92,20190523,3",ADMINISTRATIVE,Lose
"IPCA,111,行商訴,78,20230615,2",ADMINISTRATIVE,Lose
"TPAA,100,判,1490,20110825,1",ADMINISTRATIVE,Lose
"IPCA,101,行專訴,88,20130207,1",ADMINISTRATIVE,Lose
"TPBA,92,訴,3195,20041130,1",ADMINISTRATIVE,Win
"IPCA,98,行商訴,124,20090910,1",ADMINISTRATIVE,Lose
"TPAA,88,判,3216,19990730",ADMINISTRATIVE,Lose
"TPAA,90,判,1030,20010608,1",ADMINISTRATIVE,Lose
"TPAA,93,判,128,20040219,1",ADMINISTRATIVE,Lose
"IPCA,97,行商訴,65,20090122,2",ADMINISTRATIVE,Lose
"TPAA,100,判,425,20110329,1",ADMINISTRATIVE,Lose
"TPAA,112,上,78,20240412,1",ADMINISTRATIVE,Lose
"IPCA,103,行專訴,50,20141120,2",ADMINISTRATIVE,Lose
"TPAA,100,判,721,20110512,1",ADMINISTRATIVE,Lose
"TPBA,93,訴更一,11,20050427,1",ADMINISTRATIVE,Lose
"TPBA,90,訴,5527,20020523,1",ADMINISTRATIVE,Lose
"IPCA,107,行商訴,49,20181115,1",ADMINISTRATIVE,Lose
"TPAA,90,判,2412,20011214,1",ADMINISTRATIVE,Lose
"TPAA,95,判,913,20060622,1",ADMINISTRATIVE,Lose
"TPAA,90,判,117,20010131,1",ADMINISTRATIVE,Lose
"TPBA,93,訴,1917,20050808,2",ADMINISTRATIVE,Lose
"IPCA,105,行專訴,46,20170215,3",ADMINISTRATIVE,Lose
"TPBA,94,訴,2301,20060511,1",ADMINISTRATIVE,Lose
"TPAA,100,判,191,20110221,1",ADMINISTRATIVE,Lose
"TPAA,104,判,15,20150115,1",ADMINISTRATIVE,Lose
"IPCA,99,行專訴,74,20100923,3",ADMINISTRATIVE,Lose
"TPBA,89,訴,2108,20010824,1",ADMINISTRATIVE,Win
"IPCA,100,行商訴,60,20110825,1",ADMINISTRATIVE,Lose
"TPAA,90,判,861,20010518,1",ADMINISTRATIVE,Lose
"IPCA,97,行商訴,71,20090226,2",ADMINISTRATIVE,Lose
"TPBA,94,訴,52,20051228,2",ADMINISTRATIVE,Lose
"TPBA,97,訴,1387,20081106,2",ADMINISTRATIVE,Lose
"TPBA,89,訴,3414,20010912,2",ADMINISTRATIVE,Lose
"TPBA,90,訴,1576,20011012,1",ADMINISTRATIVE,Lose
"TPBA,90,訴,273,20020103,2",ADMINISTRATIVE,Lose
"TPBA,91,訴,95,20030306,2",ADMINISTRATIVE,Lose
"TPAA,91,判,72,20020117,1",ADMINISTRATIVE,Lose
"TPAA,89,判,2095,20000622",ADMINISTRATIVE,Lose
"IPCA,111,行商訴,39,20221230,2",ADMINISTRATIVE,Win
"TPAA,109,上,970,20220413,1",ADMINISTRATIVE,Lose
"TPBA,92,訴,1470,20041028,2",ADMINISTRATIVE,Lose
"TPAA,91,判,383,20020314,1",ADMINISTRATIVE,Lose
"TPBA,94,訴,2663,20060629,2",ADMINISTRATIVE,Lose
"IPCA,113,行商訴,24,20241218,2",ADMINISTRATIVE,Lose
"TPAA,88,判,4181,19991217",ADMINISTRATIVE,Lose
"TPBA,92,訴,667,20040513,2",ADMINISTRATIVE,Lose
"TPBA,90,訴,297,20020830,4",ADMINISTRATIVE,Lose
"TPAA,90,判,1012,20010607,1",ADMINISTRATIVE,Lose
"IPCA,101,行商訴,48,20121011,2",ADMINISTRATIVE,Lose
"IPCA,101,行商訴,177,20130509,2",ADMINISTRATIVE,Lose
"TPBA,96,訴,3575,20080424,2",ADMINISTRATIVE,Lose
"TPAA,100,判,1452,20110818,1",ADMINISTRATIVE,Lose
"TPBA,95,訴,3990,20070920,2",ADMINISTRATIVE,Lose
"TPBA,95,訴,386,20070118,2",ADMINISTRATIVE,Lose
"IPCA,99,行商訴,207,20110303,1",ADMINISTRATIVE,Mixed
"IPCA,97,行商訴,115,20090409,2",ADMINISTRATIVE,Lose
"IPCA,112,行商更一,2,20240111,1",ADMINISTRATIVE,Lose
"IPCA,106,行商訴,154,20180530,2",ADMINISTRATIVE,Lose
"TPBA,96,訴,253,20071115,2",ADMINISTRATIVE,Lose
"TPBA,89,訴,383,20001114,1",ADMINISTRATIVE,Lose
"TPBA,97,訴,1401,20081008,2",ADMINISTRATIVE,Lose
"TPAA,90,判,1682,20010921,1",ADMINISTRATIVE,Lose
"TPAA,94,判,127,20050428,1",ADMINISTRATIVE,Lose
"IPCA,99,行商訴,219,20110421,1",ADMINISTRATIVE,Lose
"TPBA,96,訴,1673,20080110,2",ADMINISTRATIVE,Win
"TPBA,89,訴,2940,20010919,1",ADMINISTRATIVE,Lose
"IPCA,103,行商訴,62,20140918,1",ADMINISTRATIVE,Mixed
"TPBA,91,訴,3924,20040226,2",ADMINISTRATIVE,Lose
"TPBA,91,訴,4893,20040211,2",ADMINISTRATIVE,Lose
"IPCA,99,行專更(一),4,20110526,3",ADMINISTRATIVE,Mixed
"TPAA,89,判,2590,20000824,1",ADMINISTRATIVE,Lose
"TPBA,92,訴,4341,20041027,2",ADMINISTRATIVE,Lose
"TPBA,91,訴,4576,20040401,2",ADMINISTRATIVE,Lose
"IPCA,104,行專訴,111,20160602,4",ADMINISTRATIVE,Lose
"TPAA,89,判,897,20000330",ADMINISTRATIVE,Lose
"IPCA,102,行專訴,72,20131009,3",ADMINISTRATIVE,Lose
"TPAA,95,判,1277,20060810,1",ADMINISTRATIVE,Lose
"TPBA,91,訴,1343,20030521,2",ADMINISTRATIVE,Lose
"IPCA,99,行專訴,132,20110210,4",ADMINISTRATIVE,Lose
"IPCA,98,行商訴,14,20090514,1",ADMINISTRATIVE,Lose
"TPAA,96,判,1957,20071108,1",ADMINISTRATIVE,Mixed
"TPBA,93,訴,3716,20051116,1",ADMINISTRATIVE,Lose
"TPAA,100,判,1375,20110811,1",ADMINISTRATIVE,Lose
"IPCA,101,行專訴,106,20130530,4",ADMINISTRATIVE,Mixed
"IPCA,113,行商訴,2,20240711,1",ADMINISTRATIVE,Lose
"IPCA,103,行商訴,122,20150212,2",ADMINISTRATIVE,Win
"TPAA,101,判,550,20120621,1",ADMINISTRATIVE,Lose
"TPAA,88,判,3884,19991118",ADMINISTRATIVE,Win
"TPAA,88,判,3653,19991007",ADMINISTRATIVE,Lose
"TPAA,94,判,2099,20051229,1",ADMINISTRATIVE,Lose
"TPAA,110,上,127,20230406,1",ADMINISTRATIVE,Lose
"TPBA,96,訴,2119,20080410,1",ADMINISTRATIVE,Lose
"TPBA,94,訴,1514,20060518,1",ADMINISTRATIVE,Lose
"TPBA,89,訴,3281,20011227,2",ADMINISTRATIVE,Win
"TPBA,94,訴,4070,20061130,2",ADMINISTRATIVE,Lose
"IPCA,98,行商訴,67,20090813,2",ADMINISTRATIVE,Mixed
"TPAA,107,判,391,20180712,1",ADMINISTRATIVE,Lose
"TPBA,90,訴,6130,20030123,2",ADMINISTRATIVE,Lose
"TPBA,94,訴,1556,20060406,2",ADMINISTRATIVE,Win
"IPCA,108,行著訴,4,20200930,2",ADMINISTRATIVE,Lose
"TPAA,88,判,4294,19991230",ADMINISTRATIVE,Win
"TPBA,95,訴,1838,20070321,2",ADMINISTRATIVE,Lose
"TPBA,95,訴,196,20061205,1",ADMINISTRATIVE,Lose
"TPBA,94,訴,3307,20060913,2",ADMINISTRATIVE,Lose
"IPCA,109,行商訴,66,20201119,1",ADMINISTRATIVE,Lose
"TPBA,95,訴,1370,20070227,1",ADMINISTRATIVE,Lose
"IPCA,102,行商訴,149,20140522,2",ADMINISTRATIVE,Lose
"TPAA,96,判,1595,20070906,1",ADMINISTRATIVE,Lose
"TPAA,99,判,674,20100708,1",ADMINISTRATIVE,Lose
"IPCA,98,行商訴,116,20091015,2",ADMINISTRATIVE,Lose
"TPBA,93,訴,2611,20051013,1",ADMINISTRATIVE,Lose
"TPBA,97,訴,460,20080529,2",ADMINISTRATIVE,Win
"TPBA,94,訴,2297,20060511,2",ADMINISTRATIVE,Lose
"IPCA,100,行商訴,40,20110623,1",ADMINISTRATIVE,Lose
"TPBA,94,訴,1185,20060615,2",ADMINISTRATIVE,Lose
"TPAA,111,上,776,20230331,1",ADMINISTRATIVE,Lose
"TPBA,90,訴,6868,20021226,2",ADMINISTRATIVE,Lose
"TPBA,89,訴,675,20010227,3",ADMINISTRATIVE,Lose
"TPBA,95,訴,2974,20070524,2",ADMINISTRATIVE,Lose
"TPAA,94,判,751,20050531,1",ADMINISTRATIVE,Lose
"TPBA,94,訴,1569,20060317,2",ADMINISTRATIVE,Lose
"IPCA,108,行商訴,76,20200429,2",ADMINISTRATIVE,Lose
"TPAA,88,判,4283,19991230",ADMINISTRATIVE,Lose
"TPBA,93,訴,3388,20060105,2",ADMINISTRATIVE,Lose
"IPCA,106,行專訴,21,20171122,1",ADMINISTRATIVE,Lose
"IPCA,109,行專訴,15,20200910,5",ADMINISTRATIVE,Lose
"TPAA,90,判,825,20010517,1",ADMINISTRATIVE,Lose
"TPAA,90,判,2541,20011227,1",ADMINISTRATIVE,Lose
"IPCA,99,行商訴,73,20100826,3",ADMINISTRATIVE,Lose
"TPBA,95,訴,1807,20070430,2",ADMINISTRATIVE,Lose
"TPAA,109,上,151,20220915,1",ADMINISTRATIVE,Lose
"TPBA,95,訴,4520,20071206,2",ADMINISTRATIVE,Lose
"TPAA,94,判,241,20050217,1",ADMINISTRATIVE,Lose
"TPBA,96,訴,3727,20080320,1",ADMINISTRATIVE,Lose
"IPCA,105,行商更(一),2,20170621,1",ADMINISTRATIVE,Lose
"TPAA,90,判,2493,20011221,1",ADMINISTRATIVE,Lose
"IPCA,104,行專訴,24,20151016,3",ADMINISTRATIVE,Mixed
"TPAA,88,判,4236,19991223",ADMINISTRATIVE,Lose
"TPAA,99,判,411,20100423,1",ADMINISTRATIVE,Lose
"TPAA,90,判,797,20010511,1",ADMINISTRATIVE,Lose
"TPAA,88,判,123,19990128",ADMINISTRATIVE,Lose
"IPCA,106,行商訴,103,20180131,2",ADMINISTRATIVE,Lose
"TPAA,88,判,4262,19991224",ADMINISTRATIVE,Lose
"TPAA,88,判,4187,19991223",ADMINISTRATIVE,Lose
"TPAA,93,判,1124,20040903,1",ADMINISTRATIVE,Lose
"IPCA,111,行商訴,30,20221027,2",ADMINISTRATIVE,Lose
"TPBA,95,訴,756,20070208,2",ADMINISTRATIVE,Lose
"IPCA,100,行專訴,44,20110901,3",ADMINISTRATIVE,Lose
"IPCA,100,行商訴,81,20110929,1",ADMINISTRATIVE,Lose
"IPCA,99,行商訴,55,20100617,1",ADMINISTRATIVE,Lose
"TPAA,98,判,356,20090402,1",ADMINISTRATIVE,Lose
"TPAA,100,判,995,20110616,1",ADMINISTRATIVE,Lose
"TPBA,93,訴,3429,20051110,2",ADMINISTRATIVE,Lose
"TPAA,108,判,397,20190815,1",ADMINISTRATIVE,Lose
"IPCA,99,行商訴,33,20100812,3",ADMINISTRATIVE,Lose
"TPBA,95,訴,234,20070130,1",ADMINISTRATIVE,Lose
"IPCA,111,行商訴,9,20221012,2",ADMINISTRATIVE,Lose
"TPBA,89,訴,4101,20020430,2",ADMINISTRATIVE,Win
"TPBA,96,訴,3268,20080415,2",ADMINISTRATIVE,Win
"TPAA,96,判,69,20070118,1",ADMINISTRATIVE,Lose
"IPCA,99,行商訴,35,20100701,3",ADMINISTRATIVE,Lose
"TPBA,93,訴,1578,20050810,2",ADMINISTRATIVE,Lose
"TPBA,95,訴,3081,20070531,2",ADMINISTRATIVE,Lose
"TPBA,95,訴,2302,20070613,2",ADMINISTRATIVE,Lose
"TPBA,94,訴,3402,20060823,1",ADMINISTRATIVE,Lose
"TPAA,90,判,1947,20011025,1",ADMINISTRATIVE,Lose
"TPAA,88,判,3765,19991028",ADMINISTRATIVE,Lose
"TPAA,91,判,955,20020617,1",ADMINISTRATIVE,Lose
"TPAA,95,判,592,20060427,1",ADMINISTRATIVE,Lose
"IPCA,102,行專訴,38,20130704,4",ADMINISTRATIVE,Lose
"TPBA,90,訴,3460,20020529,2",ADMINISTRATIVE,Lose
"TPBA,96,訴,3023,20080327,1",ADMINISTRATIVE,Lose
"TPBA,91,訴,755,20030312,2",ADMINISTRATIVE,Mixed
"IPCA,101,行專訴,62,20121213,3",ADMINISTRATIVE,Lose
"TPAA,89,判,2373,20000627",ADMINISTRATIVE,Lose
"IPCA,101,行商訴,11,20120524,2",ADMINISTRATIVE,Mixed
"TPBA,94,訴,2431,20060608,2",ADMINISTRATIVE,Lose
"TPAA,90,判,2079,20011109,1",ADMINISTRATIVE,Lose
"TPAA,91,判,2260,20021213,1",ADMINISTRATIVE,Win
"TPBA,94,訴,2735,20060713,2",ADMINISTRATIVE,Lose
"TPAA,89,判,1669,20000525",ADMINISTRATIVE,Lose
"TPBA,95,訴,177,20070130,2",ADMINISTRATIVE,Lose
"TPBA,94,訴,2292,20060511,1",ADMINISTRATIVE,Lose
"TPAA,90,判,2064,20011108,1",ADMINISTRATIVE,Lose
"IPCA,102,行商訴,58,20130925,2",ADMINISTRATIVE,Lose
"TPBA,97,訴,1199,20080910,2",ADMINISTRATIVE,Lose
"TPBA,93,訴,84,20050413,2",ADMINISTRATIVE,Lose
"IPCA,111,行商訴,5,20220830,2",ADMINISTRATIVE,Lose
"IPCA,104,行商訴,82,20170111,3",ADMINISTRATIVE,Lose
"IPCA,97,行專訴,28,20090312,3",ADMINISTRATIVE,Win
"IPCA,105,行專訴,31,20160901,2",ADMINISTRATIVE,Mixed
"TPBA,94,訴,2245,20060629,1",ADMINISTRATIVE,Lose
"TPAA,108,判,29,20190117,1",ADMINISTRATIVE,Lose
"TPBA,95,訴,4189,20071115,2",ADMINISTRATIVE,Lose
"TPBA,96,訴,234,20071011,1",ADMINISTRATIVE,Lose
"TPAA,90,判,1089,20010615,1",ADMINISTRATIVE,Lose
"TPAA,95,判,1441,20060831,1",ADMINISTRATIVE,Lose
"TPBA,97,訴,1121,20080917,1",ADMINISTRATIVE,Lose
"TPAA,89,判,1855,20000608",ADMINISTRATIVE,Lose
"TPBA,91,訴,2334,20030730,1",ADMINISTRATIVE,Lose
"IPCA,102,行著訴,7,20141009,3",ADMINISTRATIVE,Win
"TPAA,92,判,203,20030227,1",ADMINISTRATIVE,Lose
"IPCA,112,行專訴,8,20230824,3",ADMINISTRATIVE,Lose
"TPBA,92,訴,4462,20041110,1",ADMINISTRATIVE,Lose
"IPCA,98,行專訴,39,20090806,2",ADMINISTRATIVE,Lose
"TPBA,89,訴,309,20001207,1",ADMINISTRATIVE,Lose
"IPCA,99,行專訴,66,20101111,3",ADMINISTRATIVE,Lose
"TPBA,91,訴,4110,20040219,1",ADMINISTRATIVE,Lose
"TPAA,96,判,819,20070510,1",ADMINISTRATIVE,Lose
"IPCA,105,行商訴,35,20160819,2",ADMINISTRATIVE,Lose
"IPCA,105,行商訴,125,20170517,2",ADMINISTRATIVE,Win
"TPBA,97,訴,1652,20081105,2",ADMINISTRATIVE,Lose
"TPBA,91,訴,3404,20031211,1",ADMINISTRATIVE,Lose
"TPBA,95,訴,4306,20071011,1",ADMINISTRATIVE,Lose
"IPCA,108,行商訴,87,20191212,2",ADMINISTRATIVE,Win
"TPAA,97,判,147,20080320,1",ADMINISTRATIVE,Lose
"TPBA,92,訴,620,20040413,2",ADMINISTRATIVE,Lose
"TPAA,90,判,1520,20010824,1",ADMINISTRATIVE,Lose
"TPBA,93,訴,345,20050126,2",ADMINISTRATIVE,Lose
"IPCA,101,行專訴,77,20130207,3",ADMINISTRATIVE,Mixed
"TPBA,95,訴,3186,20070620,2",ADMINISTRATIVE,Lose
"TPBA,92,訴,429,20040413,2",ADMINISTRATIVE,Mixed
"TPAA,108,判,565,20191212,1",ADMINISTRATIVE,Lose
"IPCA,106,行專訴,38,20180226,3",ADMINISTRATIVE,Lose
"IPCA,97,行專訴,68,20090226,3",ADMINISTRATIVE,Lose
"TPAA,88,判,3574,19990930",ADMINISTRATIVE,Lose
"TPBA,94,訴,2658,20060928,2",ADMINISTRATIVE,Lose
"TPAA,88,判,1405,19990422",ADMINISTRATIVE,Lose
"TPBA,91,訴,3173,20031204,1",ADMINISTRATIVE,Mixed
"TPBA,95,訴,2663,20070424,1",ADMINISTRATIVE,Lose
"TPBA,95,訴,1562,20070227,2",ADMINISTRATIVE,Lose
"IPCA,100,行專訴,9,20110623,3",ADMINISTRATIVE,Lose
"TPAA,100,判,2262,20111229,1",ADMINISTRATIVE,Lose
"IPCA,102,行專訴,9,20131226,3",ADMINISTRATIVE,Mixed
"IPCA,103,行商訴,156,20150611,2",ADMINISTRATIVE,Lose
"IPCA,106,行商訴,158,20180627,1",ADMINISTRATIVE,Lose
"IPCA,113,行商訴,1,20240815,1",ADMINISTRATIVE,Lose
"TPBA,92,訴,554,20040715,1",ADMINISTRATIVE,Mixed
"TPBA,96,訴,1401,20080130,2",ADMINISTRATIVE,Lose
"IPCA,105,行商訴,9,20161107,2",ADMINISTRATIVE,Lose
"TPAA,89,判,1045,20000413",ADMINISTRATIVE,Lose
"IPCA,109,行專訴,30,20201210,4",ADMINISTRATIVE,Win
"TPAA,92,判,202,20030207,1",ADMINISTRATIVE,Lose
"IPCA,105,行專訴,60,20170420,3",ADMINISTRATIVE,Win
"IPCA,107,行專訴,85,20190717,3",ADMINISTRATIVE,Lose
"TPBA,91,訴,1277,20030508,1",ADMINISTRATIVE,Mixed
"TPAA,91,判,1604,20020905,1",ADMINISTRATIVE,Lose
"IPCA,108,行商訴,60,20190924,2",ADMINISTRATIVE,Lose
"IPCA,99,行商訴,183,20110428,2",ADMINISTRATIVE,Mixed
"TPBA,90,訴,1658,20011231,1",ADMINISTRATIVE,Lose
"TPAA,89,判,1378,20000504",ADMINISTRATIVE,Lose
"TPBA,95,訴,4159,20070829,2",ADMINISTRATIVE,Lose
"TPBA,89,訴,851,20010315,1",ADMINISTRATIVE,Lose
"IPCA,107,行專訴,73,20190424,2",ADMINISTRATIVE,Lose
"TPAA,106,判,313,20170615,1",ADMINISTRATIVE,Lose
"TPAA,108,判,299,20190618,1",ADMINISTRATIVE,Lose
"TPBA,93,訴,3145,20051102,2",ADMINISTRATIVE,Lose
"IPCA,112,行專訴,70,20240627,3",ADMINISTRATIVE,Lose
"IPCA,106,行商訴,22,20171019,2",ADMINISTRATIVE,Lose
"TPBA,94,訴,3594,20060831,2",ADMINISTRATIVE,Lose
"IPCA,110,行專訴,63,20220518,2",ADMINISTRATIVE,Lose
"TPBA,97,訴,519,20081231,1",ADMINISTRATIVE,Lose
"TPBA,92,訴,4170,20041027,1",ADMINISTRATIVE,Lose
"TPBA,92,訴,2162,20041130,1",ADMINISTRATIVE,Lose
"IPCA,102,行商訴,7,20130509,2",ADMINISTRATIVE,Lose
"TPBA,96,訴,2522,20080403,2",ADMINISTRATIVE,Lose
"TPBA,91,訴,4516,20040318,2",ADMINISTRATIVE,Lose
"TPBA,92,訴,4804,20041201,1",ADMINISTRATIVE,Lose
"TPAA,88,判,4057,19991130",ADMINISTRATIVE,Lose
"TPAA,89,判,339,20000210",ADMINISTRATIVE,Lose
"IPCA,111,行商訴,23,20230621,3",ADMINISTRATIVE,Lose
"TPAA,90,判,2128,20011115,1",ADMINISTRATIVE,Lose
"TPAA,92,判,182,20030220,1",ADMINISTRATIVE,Lose
"TPAA,108,判,511,20191031,1",ADMINISTRATIVE,Lose
"TPBA,95,訴,3841,20070920,1",ADMINISTRATIVE,Mixed
"TPAA,89,判,331,20000203",ADMINISTRATIVE,Lose
"TPBA,95,訴,3199,20070719,1",ADMINISTRATIVE,Lose
"TPBA,91,訴,288,20021225,2",ADMINISTRATIVE,Lose
"TPBA,92,訴,2086,20040811,3",ADMINISTRATIVE,Lose
"TPBA,90,訴,6985,20021211,2",ADMINISTRATIVE,Lose
"IPCA,109,行專訴,25,20201130,3",ADMINISTRATIVE,Lose
"IPCA,98,行商訴,78,20090917,3",ADMINISTRATIVE,Lose
"IPCA,99,行專訴,13,20100930,3",ADMINISTRATIVE,Mixed
"TPBA,95,訴,4125,20070823,2",ADMINISTRATIVE,Lose
"IPCA,102,行商訴,39,20130822,2",ADMINISTRATIVE,Lose
"TPBA,95,訴,2226,20070412,2",ADMINISTRATIVE,Win
"TPBA,96,訴,3241,20080703,2",ADMINISTRATIVE,Lose
"TPBA,90,訴,5959,20020815,2",ADMINISTRATIVE,Lose
"IPCA,100,行商訴,74,20111006,2",ADMINISTRATIVE,Lose
"TPAA,98,判,967,20090820,1",ADMINISTRATIVE,Lose
"TPAA,97,判,413,20080509,1",ADMINISTRATIVE,Lose
"TPBA,94,訴更一,14,20070517,1",ADMINISTRATIVE,Lose
"IPCA,102,行專訴,130,20140724,3",ADMINISTRATIVE,Lose
"TPAA,101,判,1071,20121213,1",ADMINISTRATIVE,Lose
"TPBA,89,訴,1144,20010531,1",ADMINISTRATIVE,Lose
"TPBA,93,訴,1638,20050804,2",ADMINISTRATIVE,Lose
"TPBA,91,訴,3791,20031112,1",ADMINISTRATIVE,Lose
"TPBA,97,訴,913,20080820,2",ADMINISTRATIVE,Lose
"IPCA,109,行商訴,89,20201228,1",ADMINISTRATIVE,Lose
"IPCA,98,行商訴,162,20091224,2",ADMINISTRATIVE,Lose
"TPAA,96,判,1063,20070621,1",ADMINISTRATIVE,Lose
"TPBA,89,訴,94,20001117,2",ADMINISTRATIVE,Lose
"IPCA,104,行專訴,72,20151217,3",ADMINISTRATIVE,Lose
"TPAA,90,判,1495,20010823,1",ADMINISTRATIVE,Lose
"IPCA,108,行商訴,34,20191128,2",ADMINISTRATIVE,Lose
"IPCA,100,行商訴,120,20120315,2",ADMINISTRATIVE,Lose
"IPCA,109,行專訴,37,20210114,4",ADMINISTRATIVE,Lose
"TPBA,97,訴,212,20081030,2",ADMINISTRATIVE,Lose
"TPAA,101,判,106,20120202,1",ADMINISTRATIVE,Lose
"TPBA,92,訴,21,20040419,2",ADMINISTRATIVE,Lose
"TPBA,95,訴,2415,20070424,2",ADMINISTRATIVE,Lose
"TPAA,99,判,241,20100311,1",ADMINISTRATIVE,Lose
"TPAA,109,判,232,20200430,1",ADMINISTRATIVE,Lose
"TPBA,95,訴,868,20061227,2",ADMINISTRATIVE,Lose
"TPBA,94,訴,1194,20060223,1",ADMINISTRATIVE,Lose
"TPAA,98,判,669,20090618,1",ADMINISTRATIVE,Lose
"TPBA,96,訴,407,20071030,2",ADMINISTRATIVE,Lose
"TPBA,93,訴,3679,20051117,1",ADMINISTRATIVE,Lose
"IPCA,101,行專訴,3,20120614,3",ADMINISTRATIVE,Win
"TPAA,88,判,3497,19990917",ADMINISTRATIVE,Win
"TPBA,96,訴,2033,20080305,2",ADMINISTRATIVE,Lose
"TPBA,97,訴,671,20090226,2",ADMINISTRATIVE,Lose
"TPBA,90,訴,5435,20021009,2",ADMINISTRATIVE,Lose
"TPAA,88,判,2018,19990527",ADMINISTRATIVE,Lose
"TPBA,95,訴,634,20061207,2",ADMINISTRATIVE,Lose
"TPBA,94,訴,791,20060428,1",ADMINISTRATIVE,Lose
"TPBA,95,訴,2546,20070509,2",ADMINISTRATIVE,Lose
"TPBA,96,訴,4170,20080430,2",ADMINISTRATIVE,Lose
"TPBA,91,訴,2471,20030821,2",ADMINISTRATIVE,Lose
"TPBA,96,訴,1304,20071206,2",ADMINISTRATIVE,Lose
"IPCA,104,行商訴,25,20160108,3",ADMINISTRATIVE,Lose
"TPAA,90,判,2472,20011221,1",ADMINISTRATIVE,Lose
"IPCA,97,行商訴,113,20090326,1",ADMINISTRATIVE,Lose
"IPCA,99,行商訴,221,20110421,2",ADMINISTRATIVE,Lose
"TPBA,94,訴,614,20060927,3",ADMINISTRATIVE,Mixed
"TPBA,91,訴,1399,20030430,1",ADMINISTRATIVE,Lose
"TPAA,103,判,178,20140410,1",ADMINISTRATIVE,Lose
"TPBA,96,訴,1063,20080124,2",ADMINISTRATIVE,Lose
"IPCA,108,行商訴,68,20191031,2",ADMINISTRATIVE,Lose
"IPCA,99,行專訴,152,20110217,3",ADMINISTRATIVE,Win
"IPCA,99,行專訴,71,20110106,4",ADMINISTRATIVE,Win
"TPBA,95,訴,4319,20080306,1",ADMINISTRATIVE,Lose
"TPBA,95,訴,1265,20070315,2",ADMINISTRATIVE,Lose
"TPAA,95,判,1465,20060907,1",ADMINISTRATIVE,Lose
"IPCA,106,行專訴,43,20171005,3",ADMINISTRATIVE,Lose
"TPBA,92,訴,5618,20050414,2",ADMINISTRATIVE,Lose
"TPBA,90,訴,4390,20020912,2",ADMINISTRATIVE,Lose
"TPBA,90,訴,4997,20020708,2",ADMINISTRATIVE,Lose
"TPAA,92,判,1344,20031003,1",ADMINISTRATIVE,Lose
"IPCA,98,行商訴,97,20091008,3",ADMINISTRATIVE,Lose
"TPBA,93,訴,1284,20050623,1",ADMINISTRATIVE,Lose
"IPCA,108,行專訴,38,20191225,4",ADMINISTRATIVE,Lose
"IPCA,107,行商訴,30,20181106,3",ADMINISTRATIVE,Lose
"IPCA,110,行商訴,15,20211006,2",ADMINISTRATIVE,Win
"IPCA,108,行商訴,26,20200102,2",ADMINISTRATIVE,Lose
"TPAA,90,判,641,20010420,1",ADMINISTRATIVE,Lose
"IPCA,98,行專訴,135,20100603,3",ADMINISTRATIVE,Lose
"TPBA,93,訴,901,20050811,2",ADMINISTRATIVE,Lose
"TPAA,90,判,2273,20011130,1",ADMINISTRATIVE,Lose
"TPAA,88,判,61,19990115",ADMINISTRATIVE,Lose
"IPCA,99,行專更(一),5,20110504,2",ADMINISTRATIVE,Lose
"IPCA,102,行著訴,3,20130926,1",ADMINISTRATIVE,Lose
"IPCA,98,行商訴,40,20090709,2",ADMINISTRATIVE,Lose
"TPAA,90,判,42,20010104,1",ADMINISTRATIVE,Lose
"IPCA,98,行專訴,10,20090507,3",ADMINISTRATIVE,Mixed
"TPBA,92,訴,3721,20041027,2",ADMINISTRATIVE,Lose
"TPAA,90,判,2212,20011129,1",ADMINISTRATIVE,Lose
"IPCA,112,行商訴,42,20240229,2",ADMINISTRATIVE,Lose
"TPBA,97,訴,1704,20081112,1",ADMINISTRATIVE,Lose
"TPBA,97,訴,991,20080820,2",ADMINISTRATIVE,Lose
"IPCA,99,行商訴,12,20100805,3",ADMINISTRATIVE,Lose
"TPBA,90,訴,6082,20021204,2",ADMINISTRATIVE,Lose
"TPBA,96,訴,2820,20080403,2",ADMINISTRATIVE,Lose
"TPBA,93,訴,3284,20051110,1",ADMINISTRATIVE,Mixed
"TPAA,99,判,1163,20101104,1",ADMINISTRATIVE,Lose
"TPBA,92,訴,2860,20041029,2",ADMINISTRATIVE,Lose
"TPAA,90,判,2131,20011115,1",ADMINISTRATIVE,Win
"TPAA,95,判,1991,20061130,1",ADMINISTRATIVE,Lose
"TPBA,92,訴,2000,20040707,2",ADMINISTRATIVE,Lose
"IPCA,99,行商訴,148,20110127,2",ADMINISTRATIVE,Lose
"IPCA,100,行商訴,163,20120426,2",ADMINISTRATIVE,Lose
"TPBA,94,訴,2794,20060816,2",ADMINISTRATIVE,Lose
"TPBA,90,訴,3555,20020501,2",ADMINISTRATIVE,Lose
"TPBA,95,訴,1040,20061228,2",ADMINISTRATIVE,Lose
"TPAA,91,判,288,20020221,1",ADMINISTRATIVE,Lose
"TPAA,96,判,1788,20071004,1",ADMINISTRATIVE,Lose
"TPBA,94,訴,1792,20060824,2",ADMINISTRATIVE,Lose
"IPCA,111,行專訴,34,20221123,3",ADMINISTRATIVE,Lose
"TPBA,91,訴,4032,20031119,2",ADMINISTRATIVE,Lose
"TPBA,89,訴,20,20010724,1",ADMINISTRATIVE,Lose
"TPBA,95,訴,3931,20070822,2",ADMINISTRATIVE,Lose
"TPBA,89,訴,2947,20020221,2",ADMINISTRATIVE,Lose
"TPBA,93,訴,3564,20051109,2",ADMINISTRATIVE,Lose
"TPAA,88,判,3385,19990831",ADMINISTRATIVE,Lose
"TPAA,111,上,236,20230824,2",ADMINISTRATIVE,Lose
"TPAA,101,判,139,20120209,1",ADMINISTRATIVE,Lose
"IPCA,110,行商訴,76,20220629,2",ADMINISTRATIVE,Lose
"TPBA,96,訴,1773,20080306,1",ADMINISTRATIVE,Lose
"IPCA,104,行專訴,15,20150902,3",ADMINISTRATIVE,Lose
"TPBA,92,訴,119,20040422,2",ADMINISTRATIVE,Lose
"IPCA,98,行商訴,213,20100225,2",ADMINISTRATIVE,Lose
"TPBA,94,訴,3145,20090514,4",ADMINISTRATIVE,Lose
"TPAA,100,判,170,20110217,1",ADMINISTRATIVE,Lose
"TPAA,94,判,183,20050203,1",ADMINISTRATIVE,Lose
"TPBA,92,訴,5644,20050309,2",ADMINISTRATIVE,Lose
"TPAA,95,判,842,20060608,1",ADMINISTRATIVE,Lose
"TPAA,95,判,37,20060112,1",ADMINISTRATIVE,Lose
"TPBA,90,訴,5380,20020716,2",ADMINISTRATIVE,Lose
"TPBA,91,訴,1099,20030423,2",ADMINISTRATIVE,Lose
"TPBA,91,訴,339,20021231,2",ADMINISTRATIVE,Lose
"IPCA,105,行商訴,99,20170517,2",ADMINISTRATIVE,Lose
"TPAA,94,判,664,20050519,1",ADMINISTRATIVE,Lose
"TPAA,91,判,77,20020117,1",ADMINISTRATIVE,Lose
"IPCA,98,行商訴,89,20091008,2",ADMINISTRATIVE,Lose
"IPCA,105,行專訴,3,20160830,3",ADMINISTRATIVE,Lose
"IPCA,108,行專訴,24,20190918,3",ADMINISTRATIVE,Lose
"IPCA,97,行商訴,73,20090226,3",ADMINISTRATIVE,Lose
"TPBA,91,訴,975,20030430,2",ADMINISTRATIVE,Win
"TPBA,97,訴,1641,20081211,2",ADMINISTRATIVE,Lose
"TPBA,91,訴,3644,20031113,2",ADMINISTRATIVE,Lose
"TPAA,109,判,211,20200416,1",ADMINISTRATIVE,Lose
"TPBA,93,訴,1356,20050811,2",ADMINISTRATIVE,Lose
"IPCA,103,行專訴,72,20150311,3",ADMINISTRATIVE,Lose
"IPCA,101,行著訴,9,20130606,2",ADMINISTRATIVE,Mixed
"TPAA,95,判,1841,20061115,1",ADMINISTRATIVE,Lose
"TPBA,93,訴,4134,20051208,1",ADMINISTRATIVE,Lose
"TPBA,94,訴,3502,20061109,2",ADMINISTRATIVE,Lose
"TPAA,103,判,406,20140724,1",ADMINISTRATIVE,Lose
"IPCA,113,行商訴,17,20241113,2",ADMINISTRATIVE,Lose
"TPBA,94,訴,3194,20060817,2",ADMINISTRATIVE,Lose
"IPCA,98,行商訴,9,20090527,3",ADMINISTRATIVE,Lose
"TPBA,94,訴,1656,20060419,1",ADMINISTRATIVE,Lose
"TPBA,96,訴,3051,20080703,2",ADMINISTRATIVE,Lose
"IPCA,99,行商訴,202,20110407,2",ADMINISTRATIVE,Lose
"TPAA,89,判,831,20000323",ADMINISTRATIVE,Lose
"IPCA,104,行專訴,30,20150630,1",ADMINISTRATIVE,Lose
"TPAA,93,判,359,20040401,1",ADMINISTRATIVE,Lose
"IPCA,98,行專訴,126,20100325,3",ADMINISTRATIVE,Lose
"TPBA,94,訴,4026,20061207,2",ADMINISTRATIVE,Lose
"TPBA,96,訴,1252,20071206,2",ADMINISTRATIVE,Lose
"IPCA,98,行專訴,42,20090924,3",ADMINISTRATIVE,Lose
"IPCA,106,行專訴,76,20180828,4",ADMINISTRATIVE,Lose
"TPBA,89,訴,170,20010315,1",ADMINISTRATIVE,Win
"TPBA,93,訴,3548,20051208,2",ADMINISTRATIVE,Lose
"IPCA,104,行商訴,11,20150729,2",ADMINISTRATIVE,Lose
"TPAA,93,判,295,20040325,1",ADMINISTRATIVE,Lose
"TPBA,89,訴,286,20010802,2",ADMINISTRATIVE,Lose
"TPBA,89,訴,2366,20010816,2",ADMINISTRATIVE,Lose
"IPCA,98,行專訴,123,20100408,4",ADMINISTRATIVE,Win
"IPCA,100,行專訴,89,20120105,3",ADMINISTRATIVE,Lose
"IPCA,105,行專訴,47,20170329,2",ADMINISTRATIVE,Lose
"TPBA,95,訴,4095,20070809,2",ADMINISTRATIVE,Lose
"IPCA,100,行商訴,43,20110811,1",ADMINISTRATIVE,Lose
"TPBA,93,訴,3930,20051117,2",ADMINISTRATIVE,Win
"TPBA,97,訴,175,20080415,1",ADMINISTRATIVE,Lose
"IPCA,109,行商訴,104,20210128,2",ADMINISTRATIVE,Lose
"TPBA,90,訴,4932,20020821,1",ADMINISTRATIVE,Lose
"TPBA,92,訴更一,114,20040916,2",ADMINISTRATIVE,Mixed
"TPBA,97,訴,1143,20080925,1",ADMINISTRATIVE,Lose
"TPAA,108,判,30,20190117,1",ADMINISTRATIVE,Lose
"IPCA,104,行專訴,10,20150819,3",ADMINISTRATIVE,Lose
"TPBA,89,訴,3200,20020227,2",ADMINISTRATIVE,Lose
"TPBA,89,訴,74,20010226,1",ADMINISTRATIVE,Lose
"IPCA,108,行商訴,142,20200430,1",ADMINISTRATIVE,Lose
"TPBA,91,訴,4112,20031231,2",ADMINISTRATIVE,Lose
"IPCA,110,行商訴,28,20211130,2",ADMINISTRATIVE,Lose
"IPCA,111,行專訴,43,20230119,2",ADMINISTRATIVE,Lose
"IPCA,107,行商訴,45,20180920,1",ADMINISTRATIVE,Lose
"TPBA,95,訴,778,20061214,3",ADMINISTRATIVE,Lose
"TPAA,90,判,2375,20011213,1",ADMINISTRATIVE,Lose
"IPCA,105,行商訴,93,20170816,2",ADMINISTRATIVE,Lose
"IPCA,104,行商訴,54,20151231,2",ADMINISTRATIVE,Win
"TPBA,96,訴,4233,20080403,2",ADMINISTRATIVE,Lose
"IPCA,104,行專訴,73,20160310,3",ADMINISTRATIVE,Lose
"TPBA,90,訴,5885,20021128,2",ADMINISTRATIVE,Lose
"IPCA,99,行專訴,133,20110210,3",ADMINISTRATIVE,Mixed
"IPCA,98,行專訴,22,20090716,3",ADMINISTRATIVE,Lose
"TPAA,109,判,551,20201029,1",ADMINISTRATIVE,Lose
"TPBA,91,訴,4924,20040211,2",ADMINISTRATIVE,Lose
"TPBA,94,訴,2986,20061011,2",ADMINISTRATIVE,Lose
"IPCA,111,行專訴,29,20221130,3",ADMINISTRATIVE,Lose
"TPBA,94,訴,685,20060428,2",ADMINISTRATIVE,Win
"TPAA,108,判,409,20190816,1",ADMINISTRATIVE,Lose
"TPAA,102,判,343,20130531,1",ADMINISTRATIVE,Lose
"TPBA,94,訴,2019,20060518,2",ADMINISTRATIVE,Lose
"IPCA,110,行商訴,64,20220310,1",ADMINISTRATIVE,Lose
"IPCA,104,行商訴,92,20160219,2",ADMINISTRATIVE,Lose
"IPCA,99,行專訴,34,20100722,4",ADMINISTRATIVE,Lose
"TPBA,89,訴,1603,20020111,1",ADMINISTRATIVE,Lose
"IPCA,108,行商訴,96,20200213,2",ADMINISTRATIVE,Lose
"TPAA,93,判,1403,20041105,1",ADMINISTRATIVE,Win
"IPCA,113,行專訴,36,20241114,1",ADMINISTRATIVE,Lose
"TPBA,91,訴,2709,20030814,2",ADMINISTRATIVE,Lose
"TPAA,90,判,2566,20011228,1",ADMINISTRATIVE,Lose
"TPAA,107,判,652,20181108,1",ADMINISTRATIVE,Lose
"IPCA,112,行商訴,58,20240530,2",ADMINISTRATIVE,Lose
"IPCA,110,行專訴,36,20220112,2",ADMINISTRATIVE,Lose
"TPBA,95,訴,863,20070307,2",ADMINISTRATIVE,Mixed
"IPCA,101,行商訴,151,20130314,2",ADMINISTRATIVE,Lose
"TPAA,105,判,362,20160714,1",ADMINISTRATIVE,Lose
"IPCA,103,行商訴,153,20160226,4",ADMINISTRATIVE,Lose
"IPCA,104,行商訴,115,20160316,3",ADMINISTRATIVE,Lose
"TPBA,96,訴,3780,20080408,1",ADMINISTRATIVE,Lose
"TPBA,92,訴,1052,20040512,1",ADMINISTRATIVE,Lose
"TPAA,102,判,524,20130822,1",ADMINISTRATIVE,Lose
"TPAA,96,判,1249,20070719,1",ADMINISTRATIVE,Lose
"TPAA,108,判,354,20190718,1",ADMINISTRATIVE,Lose
"TPBA,92,訴,3567,20040929,1",ADMINISTRATIVE,Lose
"TPBA,91,訴,4963,20040303,2",ADMINISTRATIVE,Lose
"TPAA,88,判,614,19990319",ADMINISTRATIVE,Lose
"IPCA,111,行專訴,49,20230223,4",ADMINISTRATIVE,Lose
"IPCA,98,行專訴,84,20100114,4",ADMINISTRATIVE,Lose
"TPBA,92,訴,2270,20040811,2",ADMINISTRATIVE,Lose
"IPCA,110,行商訴,33,20220126,2",ADMINISTRATIVE,Lose
"TPAA,98,判,903,20090806,1",ADMINISTRATIVE,Lose
"IPCA,99,行商訴,57,20100715,2",ADMINISTRATIVE,Lose
"TPBA,97,訴,162,20080717,2",ADMINISTRATIVE,Lose
"IPCA,107,行商訴,88,20190328,2",ADMINISTRATIVE,Lose
"TPAA,93,判,555,20040506,1",ADMINISTRATIVE,Lose
"TPAA,97,判,740,20080717,1",ADMINISTRATIVE,Lose
"TPBA,89,訴,965,20010426,2",ADMINISTRATIVE,Lose
"TPBA,95,訴,2822,20070524,2",ADMINISTRATIVE,Lose
"TPBA,90,訴,4931,20021205,2",ADMINISTRATIVE,Lose
"IPCA,99,行商訴,31,20100819,3",ADMINISTRATIVE,Lose
"IPCA,100,行專訴,77,20111124,3",ADMINISTRATIVE,Lose
"TPBA,91,訴,1076,20030605,1",ADMINISTRATIVE,Mixed
"TPAA,89,判,753,20000316",ADMINISTRATIVE,Lose
"TPAA,105,判,227,20160512,1",ADMINISTRATIVE,Lose
"IPCA,101,行商訴,88,20121018,2",ADMINISTRATIVE,Lose
"IPCA,98,行商訴,27,20090604,2",ADMINISTRATIVE,Lose
"IPCA,106,行專訴,12,20170727,4",ADMINISTRATIVE,Lose
"TPAA,95,判,838,20060608,1",ADMINISTRATIVE,Lose
"TPAA,106,判,573,20171026,1",ADMINISTRATIVE,Lose
"TPAA,91,判,1770,20020927,1",ADMINISTRATIVE,Lose
"IPCA,106,行商訴,37,20170727,1",ADMINISTRATIVE,Lose
"IPCA,102,行商訴,22,20130620,3",ADMINISTRATIVE,Lose
"IPCA,105,行商訴,141,20170426,1",ADMINISTRATIVE,Win
"TPBA,94,訴,3916,20070213,2",ADMINISTRATIVE,Lose
"TPAA,94,判,453,20050324,1",ADMINISTRATIVE,Lose
"TPAA,91,判,201,20020131,1",ADMINISTRATIVE,Lose
"TPAA,91,判,96,20020117,1",ADMINISTRATIVE,Lose
"IPCA,101,行商訴,66,20120927,2",ADMINISTRATIVE,Lose
"IPCA,108,行商訴,9,20190827,2",ADMINISTRATIVE,Lose
"TPBA,94,訴,596,20060921,2",ADMINISTRATIVE,Win
"TPBA,89,訴,1349,20011019,1",ADMINISTRATIVE,Lose
"TPBA,89,訴,94,20001124,1",ADMINISTRATIVE,Lose
"IPCA,106,行商訴,75,20171207,1",ADMINISTRATIVE,Lose
"IPCA,98,行專訴,73,20091118,3",ADMINISTRATIVE,Lose
"IPCA,98,行商訴,58,20090806,2",ADMINISTRATIVE,Win
"TPAA,100,判,1581,20110908,1",ADMINISTRATIVE,Lose
"TPAA,89,判,950,20000330",ADMINISTRATIVE,Lose
"TPBA,90,訴,4228,20020508,2",ADMINISTRATIVE,Lose
"TPBA,90,訴,3458,20020328,2",ADMINISTRATIVE,Win
"TPAA,89,判,808,20000323",ADMINISTRATIVE,Lose
"TPBA,95,訴,2118,20070419,2",ADMINISTRATIVE,Lose
"IPCA,105,行專訴,56,20170118,4",ADMINISTRATIVE,Lose
"TPBA,91,訴,3455,20031009,2",ADMINISTRATIVE,Lose
"IPCA,101,行商訴,159,20130131,2",ADMINISTRATIVE,Lose
"TPBA,96,訴,2391,20080221,1",ADMINISTRATIVE,Lose
"IPCA,104,行著更(一),2,20160622,1",ADMINISTRATIVE,Lose
"TPBA,95,訴,1505,20070315,1",ADMINISTRATIVE,Lose
"IPCA,106,行專訴,10,20171229,3",ADMINISTRATIVE,Win
"TPBA,96,訴,1092,20071122,2",ADMINISTRATIVE,Lose
"IPCA,109,行專訴,27,20201029,3",ADMINISTRATIVE,Lose
"IPCA,103,行商訴,80,20150121,1",ADMINISTRATIVE,Lose
"IPCA,98,行商訴,133,20091022,1",ADMINISTRATIVE,Lose
"TPAA,90,判,1583,20010905,1",ADMINISTRATIVE,Lose
"IPCA,99,行專訴,155,20110323,3",ADMINISTRATIVE,Lose
"IPCA,101,行專訴,121,20130411,2",ADMINISTRATIVE,Win
"IPCA,102,行商訴,97,20131113,2",ADMINISTRATIVE,Win
"TPAA,90,判,1799,20011005,1",ADMINISTRATIVE,Win
"TPBA,90,訴,6348,20021011,2",ADMINISTRATIVE,Lose
"TPAA,96,判,70,20070118,1",ADMINISTRATIVE,Lose
"TPAA,97,判,611,20080619,1",ADMINISTRATIVE,Lose
"TPAA,97,判,281,20080423,1",ADMINISTRATIVE,Lose
"TPAA,94,判,1027,20050714,1",ADMINISTRATIVE,Lose
"IPCA,104,行商訴,150,20161130,3",ADMINISTRATIVE,Lose
"IPCA,102,行專訴,43,20130704,3",ADMINISTRATIVE,Lose
"IPCA,107,行商訴,56,20181025,2",ADMINISTRATIVE,Lose
"IPCA,104,行商訴,107,20151126,1",ADMINISTRATIVE,Lose
"TPBA,90,訴,5156,20020926,3",ADMINISTRATIVE,Lose
"TPAA,92,判,1880,20031231,1",ADMINISTRATIVE,Lose
"TPBA,95,訴,347,20070131,2",ADMINISTRATIVE,Lose
"TPBA,89,訴,1042,20001226,1",ADMINISTRATIVE,Lose
"TPAA,89,判,164,20000120",ADMINISTRATIVE,Lose
"IPCA,112,行商訴,59,20240502,2",ADMINISTRATIVE,Lose
"IPCA,107,行商訴,35,20181101,2",ADMINISTRATIVE,Lose
"TPBA,93,訴,1224,20050608,2",ADMINISTRATIVE,Lose
"IPCA,101,行商訴,13,20120531,2",ADMINISTRATIVE,Win
"TPAA,89,判,947,20000330",ADMINISTRATIVE,Lose
"TPAA,89,判,6,20000106",ADMINISTRATIVE,Lose
"IPCA,104,行商訴,136,20160325,1",ADMINISTRATIVE,Win
"TPBA,95,訴,274,20061207,2",ADMINISTRATIVE,Lose
"IPCA,108,行商訴,119,20200326,2",ADMINISTRATIVE,Lose
"TPBA,91,訴,4754,20040805,2",ADMINISTRATIVE,Win
"TPBA,95,訴,344,20061207,1",ADMINISTRATIVE,Lose
"TPAA,103,判,359,20140710,1",ADMINISTRATIVE,Lose
"TPBA,90,訴,1997,20020328,1",ADMINISTRATIVE,Lose
"TPBA,91,訴,2897,20031023,2",ADMINISTRATIVE,Lose
"TPBA,90,訴,249,20020815,2",ADMINISTRATIVE,Win
"TPBA,95,訴,3138,20070712,2",ADMINISTRATIVE,Lose
"TPBA,89,訴,557,20010222,1",ADMINISTRATIVE,Lose
"TPAA,108,判,517,20191113,1",ADMINISTRATIVE,Lose
"TPAA,89,判,2589,20000824,1",ADMINISTRATIVE,Lose
"IPCA,111,行商訴,28,20221019,2",ADMINISTRATIVE,Win
"TPBA,93,訴,4037,20060124,2",ADMINISTRATIVE,Lose
"IPCA,104,行商訴,63,20151029,2",ADMINISTRATIVE,Lose
"TPBA,93,訴,2285,20050713,1",ADMINISTRATIVE,Lose
"TPBA,92,訴,2375,20041013,2",ADMINISTRATIVE,Lose
"TPAA,96,判,754,20070430,1",ADMINISTRATIVE,Lose
"IPCA,108,行專訴,90,20200430,3",ADMINISTRATIVE,Lose
"IPCA,100,行專訴,39,20110825,2",ADMINISTRATIVE,Lose
"TPAA,99,判,637,20100617,1",ADMINISTRATIVE,Lose
"TPBA,94,訴,2976,20060727,2",ADMINISTRATIVE,Win
"IPCA,105,行商訴,20,20161103,3",ADMINISTRATIVE,Lose
"TPAA,96,判,1513,20070823,1",ADMINISTRATIVE,Lose
"TPBA,97,訴,1254,20081120,1",ADMINISTRATIVE,Lose
"TPBA,93,訴,3980,20051222,2",ADMINISTRATIVE,Lose
"IPCA,112,行專訴,31,20240125,3",ADMINISTRATIVE,Lose
"TPAA,109,上,301,20210520,1",ADMINISTRATIVE,Lose
"TPBA,91,訴,1156,20030424,2",ADMINISTRATIVE,Mixed
"TPBA,95,訴,3245,20070614,2",ADMINISTRATIVE,Lose
"TPBA,92,訴,218,20040310,2",ADMINISTRATIVE,Lose
"IPCA,107,行專訴,98,20190620,3",ADMINISTRATIVE,Lose
"TPAA,101,判,1007,20121129,1",ADMINISTRATIVE,Lose
"TPBA,94,訴,710,20060302,2",ADMINISTRATIVE,Lose
"TPAA,89,判,2513,20000804,1",ADMINISTRATIVE,Lose
"TPAA,92,判,432,20030424,1",ADMINISTRATIVE,Lose
"TPAA,90,判,886,20010524,1",ADMINISTRATIVE,Lose
"IPCA,101,行專訴,82,20130131,4",ADMINISTRATIVE,Lose
"TPBA,93,訴,3268,20051222,1",ADMINISTRATIVE,Lose
"TPBA,95,訴,1821,20070321,2",ADMINISTRATIVE,Lose
"TPBA,95,訴,851,20061226,2",ADMINISTRATIVE,Mixed
"IPCA,98,行專訴,18,20090604,2",ADMINISTRATIVE,Lose
"TPBA,94,訴,42,20060111,2",ADMINISTRATIVE,Lose
"TPBA,90,訴,5677,20020911,2",ADMINISTRATIVE,Lose
"TPBA,93,訴,1544,20050713,2",ADMINISTRATIVE,Lose
"TPAA,88,判,604,19990318",ADMINISTRATIVE,Lose
"TPBA,95,訴,3639,20070719,1",ADMINISTRATIVE,Lose
"TPBA,90,訴,6094,20030313,2",ADMINISTRATIVE,Lose
"TPAA,96,判,1886,20071025,1",ADMINISTRATIVE,Lose
"TPBA,90,訴,417,20020306,1",ADMINISTRATIVE,Lose
"TPBA,92,訴,3469,20040826,2",ADMINISTRATIVE,Lose
"IPCA,100,行專訴,56,20111117,3",ADMINISTRATIVE,Mixed
"IPCA,99,行商訴,84,20101021,2",ADMINISTRATIVE,Lose
"TPAA,102,判,545,20130829,1",ADMINISTRATIVE,Lose
"IPCA,104,行商訴,16,20150625,3",ADMINISTRATIVE,Lose
"TPBA,91,訴,2591,20031127,1",ADMINISTRATIVE,Mixed
"TPBA,91,訴,3584,20031112,2",ADMINISTRATIVE,Lose
"TPAA,96,判,1656,20070920,1",ADMINISTRATIVE,Lose
"IPCA,113,行商訴,31,20241114,2",ADMINISTRATIVE,Lose
"TPBA,95,訴,1450,20070329,2",ADMINISTRATIVE,Lose
"TPAA,101,判,549,20120621,1",ADMINISTRATIVE,Lose
"TPBA,94,訴,954,20060420,3",ADMINISTRATIVE,Lose
"TPBA,91,訴,3039,20030910,2",ADMINISTRATIVE,Lose
"TPBA,91,訴,3645,20040115,2",ADMINISTRATIVE,Lose
"TPBA,95,訴更二,119,20080306,1",ADMINISTRATIVE,Lose
"IPCA,98,行專訴,76,20091119,4",ADMINISTRATIVE,Lose
"TPAA,90,判,1140,20010622,1",ADMINISTRATIVE,Lose
"TPBA,93,訴,1933,20050808,2",ADMINISTRATIVE,Lose
"TPAA,95,判,937,20060622,1",ADMINISTRATIVE,Lose
"TPBA,93,訴,3725,20060309,2",ADMINISTRATIVE,Lose
"TPBA,95,訴,423,20070111,2",ADMINISTRATIVE,Lose
"TPBA,93,訴,404,20050706,2",ADMINISTRATIVE,Lose
"IPCA,98,行商訴,41,20090625,2",ADMINISTRATIVE,Lose
"IPCA,100,行商訴,159,20120229,1",ADMINISTRATIVE,Mixed
"TPAA,89,判,1851,20000608",ADMINISTRATIVE,Lose
"TPBA,94,訴,2369,20060720,2",ADMINISTRATIVE,Lose
"TPBA,92,訴,5599,20050429,2",ADMINISTRATIVE,Mixed
"TPAA,105,判,2,20160107,1",ADMINISTRATIVE,Lose
"TPBA,92,訴,4550,20041203,1",ADMINISTRATIVE,Lose
"IPCA,111,行專訴,41,20230209,4",ADMINISTRATIVE,Lose
"TPBA,91,訴,5092,20040610,2",ADMINISTRATIVE,Lose
"IPCA,102,行商訴,140,20140417,1",ADMINISTRATIVE,Lose
"IPCA,105,行商訴,112,20170330,3",ADMINISTRATIVE,Win
"IPCA,108,行商訴,134,20200528,2",ADMINISTRATIVE,Mixed
"IPCA,100,行商訴,151,20120531,1",ADMINISTRATIVE,Lose
"TPBA,91,訴,4909,20040513,2",ADMINISTRATIVE,Lose
"IPCA,109,行商訴,12,20201118,2",ADMINISTRATIVE,Lose
"TPBA,96,訴,2876,20080508,1",ADMINISTRATIVE,Lose
"TPBA,89,訴,854,20010712,2",ADMINISTRATIVE,Lose
"TPBA,95,訴,3704,20070823,2",ADMINISTRATIVE,Lose
"TPBA,95,訴,2303,20070418,2",ADMINISTRATIVE,Lose
"TPBA,95,訴,3609,20070621,2",ADMINISTRATIVE,Lose
"TPAA,96,判,1685,20070920,1",ADMINISTRATIVE,Lose
"TPAA,90,判,326,20010301,1",ADMINISTRATIVE,Lose
"TPBA,91,訴,3903,20031112,2",ADMINISTRATIVE,Lose
"IPCA,107,行商訴,1,20180712,2",ADMINISTRATIVE,Lose
"TPBA,92,訴,4778,20050112,1",ADMINISTRATIVE,Lose
"TPBA,96,訴,164,20071011,1",ADMINISTRATIVE,Lose
"TPBA,95,訴,3122,20070524,2",ADMINISTRATIVE,Lose
"TPBA,96,訴,3582,20080424,2",ADMINISTRATIVE,Lose
"TPBA,95,訴,3079,20070620,2",ADMINISTRATIVE,Lose
"TPAA,96,判,1828,20071011,1",ADMINISTRATIVE,Lose
"IPCA,98,行商更(一),3,20091029,2",ADMINISTRATIVE,Lose
"TPBA,96,訴,3755,20080415,2",ADMINISTRATIVE,Lose
"IPCA,98,行商訴,155,20091217,2",ADMINISTRATIVE,Lose
"TPBA,89,訴,1442,20010425,1",ADMINISTRATIVE,Lose
"IPCA,98,行商訴,244,20100422,1",ADMINISTRATIVE,Lose
"IPCA,103,行商訴,129,20150521,2",ADMINISTRATIVE,Lose
"IPCA,107,行專訴,34,20180823,2",ADMINISTRATIVE,Lose
"TPBA,96,訴,1558,20080130,2",ADMINISTRATIVE,Lose
"IPCA,99,行專訴,101,20110310,3",ADMINISTRATIVE,Win
"TPBA,93,訴,1962,20050920,2",ADMINISTRATIVE,Lose
"TPBA,90,訴,4504,20020521,1",ADMINISTRATIVE,Lose
"IPCA,101,行商訴,24,20121011,2",ADMINISTRATIVE,Lose
"IPCA,105,行商訴,46,20160825,2",ADMINISTRATIVE,Lose
"TPBA,96,訴,912,20071026,2",ADMINISTRATIVE,Lose
"TPAA,88,判,3634,19991007",ADMINISTRATIVE,Lose
"TPAA,88,判,3266,19990820",ADMINISTRATIVE,Lose
"TPBA,90,訴,5718,20021023,2",ADMINISTRATIVE,Lose
"TPAA,95,判,1280,20060810,1",ADMINISTRATIVE,Lose
"TPBA,94,訴,2888,20060928,2",ADMINISTRATIVE,Lose
"TPBA,91,訴,206,20021231,1",ADMINISTRATIVE,Lose
"TPBA,91,訴,342,20030227,1",ADMINISTRATIVE,Lose
"TPAA,95,判,1925,20061123,1",ADMINISTRATIVE,Lose
"TPBA,90,訴,1653,20020508,2",ADMINISTRATIVE,Lose
"TPBA,92,訴,1707,20041111,2",ADMINISTRATIVE,Lose
"TPBA,96,訴,3475,20080306,2",ADMINISTRATIVE,Lose
"IPCA,109,行專訴,3,20200708,3",ADMINISTRATIVE,Lose
"IPCA,112,行專訴,49,20240425,3",ADMINISTRATIVE,Lose
"TPBA,95,訴,3555,20070816,1",ADMINISTRATIVE,Lose
"IPCA,113,行專訴,17,20241219,3",ADMINISTRATIVE,Lose
"IPCA,103,行商訴,133,20150326,2",ADMINISTRATIVE,Lose
"TPBA,89,訴,4110,20011227,2",ADMINISTRATIVE,Lose
"TPBA,89,訴,189,20001222,1",ADMINISTRATIVE,Lose
"TPBA,95,訴,359,20070510,2",ADMINISTRATIVE,Lose
"TPAA,95,判,1186,20060731,1",ADMINISTRATIVE,Lose
"IPCA,105,行專訴,9,20170816,4",ADMINISTRATIVE,Win
"TPBA,91,訴,3512,20031023,2",ADMINISTRATIVE,Lose
"TPAA,89,判,183,20000120",ADMINISTRATIVE,Lose
"TPBA,92,訴,5414,20041231,1",ADMINISTRATIVE,Lose
"IPCA,105,行商訴,148,20170525,2",ADMINISTRATIVE,Lose
"IPCA,103,行商訴,117,20150422,2",ADMINISTRATIVE,Lose
"IPCA,110,行專訴,6,20210922,5",ADMINISTRATIVE,Lose
"IPCA,99,行商訴,2,20100422,1",ADMINISTRATIVE,Mixed
"TPAA,88,判,3927,19991119",ADMINISTRATIVE,Lose
"TPBA,91,訴,897,20030327,2",ADMINISTRATIVE,Lose
"IPCA,97,行專更(一),1,20090108,2",ADMINISTRATIVE,Lose
"IPCA,102,行商訴,18,20130523,2",ADMINISTRATIVE,Lose
"TPBA,91,訴,3796,20031204,2",ADMINISTRATIVE,Lose
"TPBA,92,訴,5012,20050112,2",ADMINISTRATIVE,Lose
"IPCA,98,行專訴,47,20091008,4",ADMINISTRATIVE,Lose
"IPCA,106,行商訴,108,20171228,1",ADMINISTRATIVE,Lose
"IPCA,103,行專訴,69,20150115,3",ADMINISTRATIVE,Mixed
"TPAA,100,判,519,20110414,1",ADMINISTRATIVE,Lose
"TPAA,90,判,1458,20010817,1",ADMINISTRATIVE,Lose
"TPBA,95,訴,333,20070111,2",ADMINISTRATIVE,Lose
"IPCA,97,行專訴,12,20081231,3",ADMINISTRATIVE,Win
"IPCA,99,行商訴,188,20110217,2",ADMINISTRATIVE,Mixed
"IPCA,100,行商訴,154,20120523,2",ADMINISTRATIVE,Win
"TPBA,95,訴,3024,20070607,2",ADMINISTRATIVE,Lose
"IPCA,98,行商訴,126,20091112,2",ADMINISTRATIVE,Lose
"TPBA,92,訴,1606,20040723,2",ADMINISTRATIVE,Lose
"TPAA,92,判,1045,20030814,1",ADMINISTRATIVE,Lose
"IPCA,106,行商訴,146,20180419,2",ADMINISTRATIVE,Win
"TPBA,95,訴,2637,20070424,2",ADMINISTRATIVE,Lose
"IPCA,100,行商訴,119,20120117,2",ADMINISTRATIVE,Lose
"IPCA,106,行商訴,70,20171116,2",ADMINISTRATIVE,Lose
"IPCA,106,行專訴,19,20171227,4",ADMINISTRATIVE,Lose
"IPCA,97,行商訴,23,20081126,2",ADMINISTRATIVE,Win
"IPCA,100,行專更(一),8,20110922,2",ADMINISTRATIVE,Lose
"IPCA,106,行商訴,62,20181226,3",ADMINISTRATIVE,Lose
"IPCA,101,行商訴,145,20130227,3",ADMINISTRATIVE,Win
"IPCA,103,行專訴,109,20150729,3",ADMINISTRATIVE,Lose
"IPCA,104,行專訴,81,20160331,3",ADMINISTRATIVE,Lose
"IPCA,106,行商訴,39,20180124,2",ADMINISTRATIVE,Lose
"TPBA,93,訴,3986,20051027,2",ADMINISTRATIVE,Lose
"TPBA,93,訴,3269,20051101,1",ADMINISTRATIVE,Lose
"TPBA,93,訴,2509,20050929,2",ADMINISTRATIVE,Lose
"TPBA,93,訴,3428,20050927,2",ADMINISTRATIVE,Lose
"TPBA,94,訴,2958,20060913,2",ADMINISTRATIVE,Lose
"IPCA,109,行專訴,57,20210526,4",ADMINISTRATIVE,Mixed
"IPCA,98,行商訴,174,20100107,2",ADMINISTRATIVE,Lose
"TPAA,88,判,3200,19990730",ADMINISTRATIVE,Lose
"TPBA,96,訴,1339,20071128,1",ADMINISTRATIVE,Lose
"TPBA,91,訴,2891,20030904,2",ADMINISTRATIVE,Lose
"TPBA,94,訴,2812,20060816,2",ADMINISTRATIVE,Lose
"TPAA,98,判,1299,20091029,1",ADMINISTRATIVE,Lose
"IPCA,105,行商訴,18,20160714,2",ADMINISTRATIVE,Lose
"TPAA,111,上,897,20240125,1",ADMINISTRATIVE,Lose
"IPCA,110,行專訴,61,20220720,4",ADMINISTRATIVE,Lose
"TPBA,89,訴,4013,20020110,2",ADMINISTRATIVE,Lose
"IPCA,112,行商訴,53,20240502,1",ADMINISTRATIVE,Lose
"TPAA,106,判,602,20171031,1",ADMINISTRATIVE,Lose
"IPCA,98,行商訴,113,20090910,1",ADMINISTRATIVE,Lose
"TPBA,94,訴,3565,20061219,2",ADMINISTRATIVE,Lose
"IPCA,98,行商訴,12,20090630,2",ADMINISTRATIVE,Lose
"TPAA,88,判,3428,19990903",ADMINISTRATIVE,Lose
"TPBA,90,訴,6246,20021211,1",ADMINISTRATIVE,Lose
"TPBA,94,訴,703,20060323,2",ADMINISTRATIVE,Lose
"TPBA,89,訴,1497,20010620,1",ADMINISTRATIVE,Lose
"TPBA,90,訴,6171,20021120,2",ADMINISTRATIVE,Lose
"IPCA,98,行商訴,146,20091022,1",ADMINISTRATIVE,Lose
"TPBA,93,訴,2546,20051116,3",ADMINISTRATIVE,Lose
"IPCA,111,行商訴,52,20221208,2",ADMINISTRATIVE,Win
"TPAA,109,上,589,20220512,1",ADMINISTRATIVE,Lose
"IPCA,102,行專訴,91,20131213,3",ADMINISTRATIVE,Lose
"TPBA,92,訴,580,20040617,1",ADMINISTRATIVE,Lose
"TPBA,94,訴,1603,20060406,1",ADMINISTRATIVE,Mixed
"IPCA,101,行專訴,28,20130124,3",ADMINISTRATIVE,Lose
"IPCA,99,行專訴,17,20100527,3",ADMINISTRATIVE,Lose
"TPBA,94,訴更一,60,20060206,1",ADMINISTRATIVE,Win
"TPAA,91,判,1738,20020927,1",ADMINISTRATIVE,Lose
"TPBA,95,訴,2023,20070315,2",ADMINISTRATIVE,Lose
"TPBA,90,訴,5580,20020815,2",ADMINISTRATIVE,Lose
"TPAA,108,判,421,20190823,1",ADMINISTRATIVE,Lose
"TPBA,90,訴,289,20020219,1",ADMINISTRATIVE,Lose
"TPAA,107,判,686,20181122,1",ADMINISTRATIVE,Lose
"TPAA,100,判,1532,20110831,1",ADMINISTRATIVE,Lose
"TPBA,96,訴,2080,20080306,2",ADMINISTRATIVE,Lose
"IPCA,100,行商訴,37,20110721,2",ADMINISTRATIVE,Lose
"TPAA,95,判,621,20060504,1",ADMINISTRATIVE,Lose
"TPAA,100,判,1933,20111103,1",ADMINISTRATIVE,Lose
"IPCA,107,行專訴,49,20190131,3",ADMINISTRATIVE,Lose
"TPBA,92,訴,1941,20041104,2",ADMINISTRATIVE,Lose
"TPBA,95,訴,2300,20070329,2",ADMINISTRATIVE,Lose
"TPAA,96,判,1787,20071004,1",ADMINISTRATIVE,Lose
"TPBA,95,訴,2969,20070809,2",ADMINISTRATIVE,Lose
"TPBA,97,訴,1081,20080813,1",ADMINISTRATIVE,Lose
"TPBA,94,訴,3246,20060817,2",ADMINISTRATIVE,Lose
"TPAA,98,判,322,20090326,1",ADMINISTRATIVE,Lose
"TPAA,90,判,1652,20010914,1",ADMINISTRATIVE,Lose
"IPCA,106,行商訴,92,20180308,2",ADMINISTRATIVE,Lose
"TPBA,96,訴,2539,20080626,1",ADMINISTRATIVE,Lose
"TPBA,90,訴,6510,20021120,1",ADMINISTRATIVE,Lose
"TPAA,89,判,1832,20000608",ADMINISTRATIVE,Lose
"IPCA,110,行商訴,93,20220414,1",ADMINISTRATIVE,Lose
"TPBA,91,訴,986,20030423,2",ADMINISTRATIVE,Lose
"IPCA,109,行專訴,47,20210922,2",ADMINISTRATIVE,Lose
"TPBA,95,訴,4155,20070919,1",ADMINISTRATIVE,Lose
"IPCA,105,行專訴,81,20170607,3",ADMINISTRATIVE,Lose
"TPAA,108,上,1083,20211007,1",ADMINISTRATIVE,Lose
"IPCA,98,行商訴,153,20091203,2",ADMINISTRATIVE,Lose
"TPBA,89,訴,1851,20010525,1",ADMINISTRATIVE,Lose
"TPBA,90,訴,6314,20021219,2",ADMINISTRATIVE,Lose
"IPCA,100,行專訴,100,20120328,3",ADMINISTRATIVE,Mixed
"IPCA,98,行商訴,48,20090723,2",ADMINISTRATIVE,Lose
"TPBA,92,訴,4595,20041222,2",ADMINISTRATIVE,Lose
"TPBA,91,訴,5227,20040729,2",ADMINISTRATIVE,Mixed
"TPBA,91,訴,695,20030403,2",ADMINISTRATIVE,Lose
"TPBA,90,訴,5732,20020814,2",ADMINISTRATIVE,Lose
"TPBA,93,訴,4001,20051110,2",ADMINISTRATIVE,Lose
"TPBA,95,訴,3636,20070719,1",ADMINISTRATIVE,Lose
"IPCA,99,行專訴,21,20100701,3",ADMINISTRATIVE,Lose
"TPBA,89,訴,505,20011109,2",ADMINISTRATIVE,Win
"IPCA,101,行商訴,85,20121025,2",ADMINISTRATIVE,Lose
"IPCA,97,行商訴,108,20090910,3",ADMINISTRATIVE,Win
"IPCA,112,行商訴,39,20240118,2",ADMINISTRATIVE,Lose
"TPBA,97,訴更一,66,20081126,1",ADMINISTRATIVE,Lose
"TPAA,88,判,3967,19991125",ADMINISTRATIVE,Lose
"TPAA,88,判,3473,19990916",ADMINISTRATIVE,Lose
"TPBA,92,訴,4531,20041201,2",ADMINISTRATIVE,Lose
"IPCA,102,行商訴,123,20140213,1",ADMINISTRATIVE,Lose
"TPBA,92,訴,3949,20041104,1",ADMINISTRATIVE,Lose
"IPCA,104,行商訴,26,20151231,3",ADMINISTRATIVE,Lose
"TPBA,93,訴,382,20050526,2",ADMINISTRATIVE,Lose
"TPAA,89,判,116,20000114",ADMINISTRATIVE,Lose
"TPBA,91,訴,3757,20030922,1",ADMINISTRATIVE,Lose
"TPAA,95,判,938,20060622,1",ADMINISTRATIVE,Lose
"TPBA,97,訴,1266,20081120,1",ADMINISTRATIVE,Lose
"IPCA,99,行商訴,86,20100826,1",ADMINISTRATIVE,Lose
"TPBA,96,訴,3244,20080424,1",ADMINISTRATIVE,Lose
"TPBA,93,訴,1530,20050721,2",ADMINISTRATIVE,Lose
"TPBA,94,訴,2252,20060712,2",ADMINISTRATIVE,Lose
"TPAA,96,判,893,20070524,1",ADMINISTRATIVE,Lose
"TPBA,95,訴,14,20061226,2",ADMINISTRATIVE,Lose
"IPCA,100,行專訴,107,20120328,2",ADMINISTRATIVE,Lose
"TPAA,95,判,1778,20061031,1",ADMINISTRATIVE,Lose
"TPBA,89,訴,490,20010523,1",ADMINISTRATIVE,Lose
"TPBA,92,訴,499,20040324,1",ADMINISTRATIVE,Lose
"TPBA,91,訴,3629,20031105,2",ADMINISTRATIVE,Lose
"IPCA,111,行專訴,64,20230525,3",ADMINISTRATIVE,Win
"IPCA,107,行著訴,1,20181009,2",ADMINISTRATIVE,Lose
"IPCA,106,行商訴,65,20180131,2",ADMINISTRATIVE,Lose
"IPCA,100,行商更(一),2,20110630,1",ADMINISTRATIVE,Lose
"TPAA,98,判,555,20090521,1",ADMINISTRATIVE,Lose
"TPAA,94,判,1727,20051110,1",ADMINISTRATIVE,Lose
"TPAA,89,判,2010,20000622",ADMINISTRATIVE,Lose
"TPBA,96,訴,2933,20080619,2",ADMINISTRATIVE,Lose
"IPCA,100,行專訴,97,20120216,3",ADMINISTRATIVE,Lose
"TPBA,92,訴,3725,20041201,2",ADMINISTRATIVE,Lose
"TPAA,108,判,518,20191113,1",ADMINISTRATIVE,Lose
"TPAA,94,判,2107,20051230,1",ADMINISTRATIVE,Lose
"TPBA,90,訴,4500,20020516,1",ADMINISTRATIVE,Lose
"TPBA,92,訴,5537,20050323,2",ADMINISTRATIVE,Lose
"IPCA,100,行專訴,93,20111222,3",ADMINISTRATIVE,Lose
"TPBA,91,訴,2315,20031016,2",ADMINISTRATIVE,Lose
"TPAA,90,判,1694,20010921,1",ADMINISTRATIVE,Lose
"TPAA,89,判,3034,20001031,1",ADMINISTRATIVE,Lose
"IPCA,100,行商訴,76,20110825,1",ADMINISTRATIVE,Lose
"TPBA,92,訴,1016,20040902,2",ADMINISTRATIVE,Lose
"IPCA,105,行商訴,139,20170629,3",ADMINISTRATIVE,Lose
"TPBA,89,訴,2354,20010606,1",ADMINISTRATIVE,Lose
"TPBA,94,訴,1008,20060530,2",ADMINISTRATIVE,Lose
"IPCA,98,行商訴,218,20100520,2",ADMINISTRATIVE,Lose
"TPBA,92,訴,302,20040423,2",ADMINISTRATIVE,Mixed
"TPBA,96,訴,2655,20080424,2",ADMINISTRATIVE,Lose
"IPCA,105,行商訴,127,20170601,2",ADMINISTRATIVE,Lose
"TPAA,88,判,269,19990205",ADMINISTRATIVE,Lose
"TPBA,96,訴,3685,20080522,2",ADMINISTRATIVE,Lose
"IPCA,106,行專訴,63,20180726,2",ADMINISTRATIVE,Lose
"IPCA,109,行專訴,55,20210513,3",ADMINISTRATIVE,Lose
"TPBA,91,訴,1166,20030507,2",ADMINISTRATIVE,Lose
"TPBA,93,訴,1570,20050715,2",ADMINISTRATIVE,Lose
"TPAA,94,判,916,20050623,1",ADMINISTRATIVE,Lose
"TPAA,99,判,446,20100429,1",ADMINISTRATIVE,Lose
"TPAA,89,判,1552,20000518",ADMINISTRATIVE,Lose
"IPCA,107,行專訴,61,20181025,3",ADMINISTRATIVE,Win
"TPAA,88,判,365,19990211",ADMINISTRATIVE,Lose
"IPCA,103,行商訴,83,20141106,2",ADMINISTRATIVE,Mixed
"TPAA,91,判,395,20020314,1",ADMINISTRATIVE,Lose
"IPCA,109,行專訴,60,20210831,3",ADMINISTRATIVE,Lose
"TPBA,94,訴,3836,20061116,2",ADMINISTRATIVE,Lose
"IPCA,97,行專訴,19,20081113,4",ADMINISTRATIVE,Lose
"IPCA,109,行商訴,103,20210421,2",ADMINISTRATIVE,Lose
"TPAA,90,判,2147,20011116,1",ADMINISTRATIVE,Lose
"IPCA,108,行專訴,28,20191231,4",ADMINISTRATIVE,Lose
"TPBA,94,訴,607,20060126,1",ADMINISTRATIVE,Lose
"TPBA,94,訴,2427,20060608,2",ADMINISTRATIVE,Lose
"TPBA,90,訴,6208,20021011,2",ADMINISTRATIVE,Lose
"TPBA,95,訴,3504,20071004,2",ADMINISTRATIVE,Lose
"TPAA,88,判,3996,19991126",ADMINISTRATIVE,Lose
"IPCA,98,行專訴,113,20100311,3",ADMINISTRATIVE,Lose
"IPCA,105,行商訴,109,20161124,1",ADMINISTRATIVE,Lose
"TPBA,93,訴,2015,20060622,2",ADMINISTRATIVE,Lose
"IPCA,98,行商訴,243,20100527,3",ADMINISTRATIVE,Win
"TPBA,91,訴,828,20030409,3",ADMINISTRATIVE,Lose
"TPBA,95,訴,3127,20070524,1",ADMINISTRATIVE,Lose
"TPBA,90,訴,2959,20020314,2",ADMINISTRATIVE,Lose
"TPAA,96,判,1413,20070809,1",ADMINISTRATIVE,Lose
"TPBA,91,訴,2082,20030814,2",ADMINISTRATIVE,Win
"TPBA,89,訴,855,20001227,1",ADMINISTRATIVE,Lose
"TPBA,97,訴,1286,20081105,2",ADMINISTRATIVE,Lose
"TPAA,103,判,95,20140227,1",ADMINISTRATIVE,Lose
"TPBA,93,訴,4120,20060309,2",ADMINISTRATIVE,Lose
"IPCA,113,行專訴,13,20240912,3",ADMINISTRATIVE,Lose
"TPBA,95,訴,1445,20070215,1",ADMINISTRATIVE,Lose
"TPBA,91,訴,235,20030327,2",ADMINISTRATIVE,Lose
"IPCA,98,行專更(一),4,20100128,2",ADMINISTRATIVE,Mixed
"TPAA,101,判,212,20120301,1",ADMINISTRATIVE,Lose
"TPAA,92,判,234,20030306,1",ADMINISTRATIVE,Lose
"TPBA,91,訴,4585,20040304,2",ADMINISTRATIVE,Lose
"TPBA,92,訴,2866,20040910,2",ADMINISTRATIVE,Lose
"IPCA,102,行專訴,49,20130814,3",ADMINISTRATIVE,Mixed
"IPCA,112,行商訴,37,20240229,2",ADMINISTRATIVE,Lose
"TPAA,106,判,465,20170817,1",ADMINISTRATIVE,Lose
"TPBA,96,訴,3583,20080408,2",ADMINISTRATIVE,Lose
"IPCA,101,行專訴,115,20130417,2",ADMINISTRATIVE,Lose
"IPCA,101,行商訴,154,20121227,1",ADMINISTRATIVE,Lose
"IPCA,111,行商訴,63,20230223,1",ADMINISTRATIVE,Lose
"TPBA,95,訴,3813,20070823,1",ADMINISTRATIVE,Lose
"IPCA,103,行商訴,158,20150715,2",ADMINISTRATIVE,Lose
"TPBA,95,訴,4521,20071101,2",ADMINISTRATIVE,Lose
"TPBA,92,訴,4080,20050106,1",ADMINISTRATIVE,Lose
"TPBA,97,訴,1281,20081023,2",ADMINISTRATIVE,Lose
"TPBA,94,訴,3814,20061031,1",ADMINISTRATIVE,Mixed
"IPCA,100,行商訴,124,20120105,2",ADMINISTRATIVE,Mixed
"IPCA,101,行商訴,166,20130314,1",ADMINISTRATIVE,Lose
"IPCA,99,行商訴,197,20110407,2",ADMINISTRATIVE,Lose
"IPCA,101,行專訴,49,20121213,3",ADMINISTRATIVE,Lose
"IPCA,104,行專訴,1,20150722,4",ADMINISTRATIVE,Lose
"TPAA,104,判,240,20150521,1",ADMINISTRATIVE,Lose
"TPBA,94,訴,2053,20060425,2",ADMINISTRATIVE,Lose
"TPBA,94,訴,1866,20060518,2",ADMINISTRATIVE,Lose
"TPBA,92,訴,4310,20050317,2",ADMINISTRATIVE,Lose
"TPBA,96,訴,1013,20071206,2",ADMINISTRATIVE,Lose
"IPCA,111,行商訴,38,20221020,1",ADMINISTRATIVE,Lose
"IPCA,108,行商訴,84,20200212,2",ADMINISTRATIVE,Lose
"TPBA,93,訴,3610,20051012,1",ADMINISTRATIVE,Lose
"TPAA,109,判,281,20200521,1",ADMINISTRATIVE,Lose
"IPCA,112,行專訴,4,20231221,3",ADMINISTRATIVE,Lose
"TPBA,93,訴,855,20050512,2",ADMINISTRATIVE,Lose
"TPAA,89,判,68,20000113",ADMINISTRATIVE,Lose
"TPBA,91,訴,1724,20030717,2",ADMINISTRATIVE,Lose
"TPAA,91,判,99,20020117,1",ADMINISTRATIVE,Lose
"IPCA,108,行專訴,48,20191212,3",ADMINISTRATIVE,Lose
"TPBA,91,訴,5420,20040408,2",ADMINISTRATIVE,Lose
"TPAA,95,判,837,20060608,1",ADMINISTRATIVE,Lose
"TPBA,93,訴,1256,20050622,2",ADMINISTRATIVE,Lose
"TPAA,90,判,996,20010607,1",ADMINISTRATIVE,Lose
"IPCA,99,行專訴,161,20110421,3",ADMINISTRATIVE,Win
"TPBA,90,訴,4616,20020829,2",ADMINISTRATIVE,Lose
"IPCA,103,行商訴,3,20140529,2",ADMINISTRATIVE,Lose
"IPCA,112,行商訴,52,20240411,2",ADMINISTRATIVE,Lose
"TPBA,95,訴,1029,20070118,1",ADMINISTRATIVE,Lose
"IPCA,98,行專訴,59,20091022,4",ADMINISTRATIVE,Lose
"TPBA,95,訴,2385,20070419,2",ADMINISTRATIVE,Lose
"IPCA,101,行專訴,34,20120905,3",ADMINISTRATIVE,Lose
"TPBA,89,訴,569,20010130,1",ADMINISTRATIVE,Lose
"TPAA,93,判,926,20040722,1",ADMINISTRATIVE,Lose
"IPCA,110,行專訴,23,20211124,2",ADMINISTRATIVE,Mixed
"TPBA,92,訴,3769,20041027,2",ADMINISTRATIVE,Lose
"TPAA,89,判,1278,20000427",ADMINISTRATIVE,Lose
"TPBA,95,訴,4154,20070927,1",ADMINISTRATIVE,Lose
"TPBA,92,訴,1810,20041118,2",ADMINISTRATIVE,Lose
"IPCA,100,行專訴,24,20111027,4",ADMINISTRATIVE,Lose
"IPCA,102,行著訴,6,20131115,2",ADMINISTRATIVE,Lose
"TPBA,93,訴,115,20050318,1",ADMINISTRATIVE,Lose
"IPCA,102,行商訴,138,20140423,2",ADMINISTRATIVE,Lose
"TPBA,96,訴,2419,20080227,2",ADMINISTRATIVE,Lose
"IPCA,107,行專訴,5,20180712,3",ADMINISTRATIVE,Lose
"IPCA,98,行商訴,195,20100121,3",ADMINISTRATIVE,Lose
"IPCA,101,行專訴,30,20130124,4",ADMINISTRATIVE,Win
"IPCA,102,行商訴,17,20130620,2",ADMINISTRATIVE,Lose
"IPCA,105,行專訴,89,20170518,3",ADMINISTRATIVE,Win
"TPBA,93,訴,467,20050505,2",ADMINISTRATIVE,Lose
"TPBA,94,訴,1727,20060726,2",ADMINISTRATIVE,Lose
"IPCA,100,行專訴,55,20110929,2",ADMINISTRATIVE,Lose
"TPAA,90,判,923,20010525,1",ADMINISTRATIVE,Lose
"TPAA,90,判,2076,20011109,1",ADMINISTRATIVE,Lose
"TPBA,89,訴,2753,20010913,1",ADMINISTRATIVE,Lose
"TPBA,91,訴,4033,20040226,2",ADMINISTRATIVE,Win
"TPBA,94,訴,2483,20060816,2",ADMINISTRATIVE,Lose
"TPAA,103,判,713,20141230,1",ADMINISTRATIVE,Lose
"TPBA,90,訴,174,20020227,2",ADMINISTRATIVE,Lose
"IPCA,103,行專訴,97,20150930,4",ADMINISTRATIVE,Mixed
"TPBA,94,訴,1454,20060406,1",ADMINISTRATIVE,Lose
"TPBA,91,訴,4409,20040219,1",ADMINISTRATIVE,Lose
"IPCA,113,行商訴,10,20240822,2",ADMINISTRATIVE,Lose
"TPAA,101,判,1136,20121227,1",ADMINISTRATIVE,Lose
"TPAA,109,判,325,20200611,1",ADMINISTRATIVE,Lose
"TPBA,95,訴,3810,20070801,2",ADMINISTRATIVE,Win
"TPAA,105,判,231,20160512,1",ADMINISTRATIVE,Lose
"TPBA,93,訴,1406,20050606,2",ADMINISTRATIVE,Lose
"TPAA,91,判,80,20020117,1",ADMINISTRATIVE,Lose
"IPCA,103,行專訴,75,20141218,2",ADMINISTRATIVE,Win
"TPAA,94,判,445,20050324,1",ADMINISTRATIVE,Lose
"IPCA,98,行專訴,32,20090813,4",ADMINISTRATIVE,Lose
"IPCA,105,行商訴,61,20161208,2",ADMINISTRATIVE,Lose
"IPCA,97,行商訴,18,20081013,1",ADMINISTRATIVE,Lose
"IPCA,109,行商訴,105,20210429,3",ADMINISTRATIVE,Lose
"IPCA,108,行專訴,30,20190829,3",ADMINISTRATIVE,Lose
"TPAA,91,判,415,20020315,1",ADMINISTRATIVE,Lose
"IPCA,104,行專訴,27,20150826,3",ADMINISTRATIVE,Lose
"IPCA,100,行著更(一),1,20110818,1",ADMINISTRATIVE,Win
"TPBA,96,訴,805,20080403,2",ADMINISTRATIVE,Lose
"TPAA,96,判,1958,20071108,1",ADMINISTRATIVE,Win
"TPBA,94,訴,128,20051228,2",ADMINISTRATIVE,Lose
"TPBA,91,訴,4285,20040219,1",ADMINISTRATIVE,Mixed
"TPBA,90,訴,457,20020115,1",ADMINISTRATIVE,Lose
"TPBA,91,訴,4853,20040128,1",ADMINISTRATIVE,Lose
"TPAA,89,判,262,20000127",ADMINISTRATIVE,Lose
"TPAA,88,判,3923,19991119",ADMINISTRATIVE,Win
"TPBA,97,訴,673,20080918,2",ADMINISTRATIVE,Lose
"TPAA,88,判,1526,19990423",ADMINISTRATIVE,Lose
"TPBA,95,訴,3759,20070920,2",ADMINISTRATIVE,Lose
"TPBA,95,訴,788,20061214,2",ADMINISTRATIVE,Win
"TPAA,90,判,853,20010518,1",ADMINISTRATIVE,Lose
"IPCA,100,行商訴,52,20110825,1",ADMINISTRATIVE,Lose
"TPBA,92,訴,2687,20040804,1",ADMINISTRATIVE,Lose
"TPBA,91,訴,2553,20030722,2",ADMINISTRATIVE,Lose
"TPBA,93,訴,2443,20050908,2",ADMINISTRATIVE,Lose
"TPAA,90,判,1611,20010907,1",ADMINISTRATIVE,Lose
"TPBA,93,訴,1701,20050819,2",ADMINISTRATIVE,Lose
"TPAA,95,判,1278,20060810,1",ADMINISTRATIVE,Lose
"TPAA,94,判,1632,20051027,1",ADMINISTRATIVE,Lose
"IPCA,112,行商訴,49,20240328,2",ADMINISTRATIVE,Lose
"TPBA,89,訴,698,20011115,2",ADMINISTRATIVE,Win
"IPCA,101,行著訴,2,20120822,1",ADMINISTRATIVE,Win
"TPAA,90,判,1948,20011025,1",ADMINISTRATIVE,Lose
"IPCA,104,行專訴,51,20160129,5",ADMINISTRATIVE,Lose
"TPBA,90,訴,4683,20021024,2",ADMINISTRATIVE,Lose
"TPBA,96,訴,4204,20080422,2",ADMINISTRATIVE,Lose
"IPCA,99,行專更(一),6,20110714,3",ADMINISTRATIVE,Lose
"TPBA,91,訴,1572,20030625,2",ADMINISTRATIVE,Lose
"TPAA,89,判,1469,20000511",ADMINISTRATIVE,Win
"TPAA,98,判,1114,20090924,1",ADMINISTRATIVE,Lose
"TPBA,93,訴,2570,20050902,2",ADMINISTRATIVE,Lose
"TPAA,109,上,596,20210819,1",ADMINISTRATIVE,Lose
"IPCA,109,行專訴,6,20200729,3",ADMINISTRATIVE,Win
"TPBA,94,訴,348,20070130,2",ADMINISTRATIVE,Lose
"IPCA,99,行商訴,196,20110323,2",ADMINISTRATIVE,Lose
"TPAA,95,判,1054,20060713,1",ADMINISTRATIVE,Lose
"TPAA,95,判,492,20060413,1",ADMINISTRATIVE,Lose
"TPBA,90,訴,5937,20030109,1",ADMINISTRATIVE,Mixed
"IPCA,107,行專訴,97,20190716,3",ADMINISTRATIVE,Lose
"IPCA,99,行商訴,241,20110623,3",ADMINISTRATIVE,Lose
"TPBA,90,訴,4625,20021024,2",ADMINISTRATIVE,Lose
"IPCA,99,行商訴,182,20110127,2",ADMINISTRATIVE,Lose
"TPBA,90,訴,4954,20020529,2",ADMINISTRATIVE,Lose
"IPCA,110,行專訴,62,20220830,2",ADMINISTRATIVE,Lose
"TPAA,90,判,2302,20011206,1",ADMINISTRATIVE,Lose
"TPBA,90,訴,6832,20021128,2",ADMINISTRATIVE,Win
"IPCA,101,行專訴,10,20120628,2",ADMINISTRATIVE,Lose
"TPAA,89,判,1942,20000615",ADMINISTRATIVE,Lose
"TPAA,92,判,1582,20031120,1",ADMINISTRATIVE,Lose
"TPBA,94,訴,2234,20060705,2",ADMINISTRATIVE,Lose
"IPCA,110,行專訴,29,20220209,2",ADMINISTRATIVE,Lose
"TPBA,90,訴,5215,20020529,2",ADMINISTRATIVE,Win
"TPAA,110,上,27,20230309,3",ADMINISTRATIVE,Lose
"IPCA,107,行專訴,4,20180911,3",ADMINISTRATIVE,Mixed
"IPCA,101,行專訴,37,20120830,3",ADMINISTRATIVE,Mixed
"TPBA,90,訴,1045,20020220,2",ADMINISTRATIVE,Lose
"IPCA,101,行專訴,98,20130227,3",ADMINISTRATIVE,Lose
"IPCA,110,行商更(一),3,20211013,1",ADMINISTRATIVE,Lose
"TPAA,97,判,567,20080612,1",ADMINISTRATIVE,Lose
"TPBA,96,訴,568,20071220,2",ADMINISTRATIVE,Win
"TPBA,91,訴,2271,20030730,2",ADMINISTRATIVE,Lose
"IPCA,108,行商訴,51,20190822,1",ADMINISTRATIVE,Lose
"IPCA,107,行專訴,26,20181101,3",ADMINISTRATIVE,Lose
"IPCA,103,行商訴,127,20150819,3",ADMINISTRATIVE,Win
"IPCA,97,行專訴,40,20081127,4",ADMINISTRATIVE,Lose
"TPBA,97,訴,1006,20080904,1",ADMINISTRATIVE,Lose
"TPBA,90,訴,4897,20021219,2",ADMINISTRATIVE,Lose
"TPBA,89,訴,735,20010524,1",ADMINISTRATIVE,Lose
"TPBA,91,訴,3341,20031008,2",ADMINISTRATIVE,Lose
"TPAA,101,判,824,20120913,1",ADMINISTRATIVE,Lose
"TPBA,91,訴,4263,20031210,2",ADMINISTRATIVE,Lose
"TPBA,92,訴,2464,20050519,2",ADMINISTRATIVE,Win
"TPBA,94,訴,1622,20060406,2",ADMINISTRATIVE,Lose
"IPCA,102,行商訴,9,20130425,2",ADMINISTRATIVE,Lose
"IPCA,98,行商訴,84,20091029,3",ADMINISTRATIVE,Lose
"IPCA,99,行商訴,92,20101028,1",ADMINISTRATIVE,Lose
"TPBA,91,訴,3148,20031016,2",ADMINISTRATIVE,Lose
"TPAA,104,判,72,20150205,1",ADMINISTRATIVE,Lose
"TPBA,92,訴,5222,20041231,2",ADMINISTRATIVE,Lose
"TPBA,95,訴,64,20061116,2",ADMINISTRATIVE,Lose
"TPAA,92,判,67,20030117,1",ADMINISTRATIVE,Lose
"TPBA,95,訴,630,20070214,1",ADMINISTRATIVE,Lose
"IPCA,103,行商訴,107,20150115,2",ADMINISTRATIVE,Lose
"TPBA,89,訴,2873,20011129,2",ADMINISTRATIVE,Lose
"IPCA,102,行商訴,54,20130628,1",ADMINISTRATIVE,Lose
"TPBA,92,訴,5156,20050302,2",ADMINISTRATIVE,Lose
"TPAA,89,判,2748,20000915,1",ADMINISTRATIVE,Lose
"TPBA,97,訴,1289,20080917,1",ADMINISTRATIVE,Lose
"IPCA,105,行商訴,89,20170331,2",ADMINISTRATIVE,Lose
"IPCA,100,行專訴,28,20110825,3",ADMINISTRATIVE,Lose
"TPAA,88,判,2683,19990617",ADMINISTRATIVE,Lose
"TPAA,96,判,874,20070518,1",ADMINISTRATIVE,Lose
"IPCA,100,行商訴,112,20111201,1",ADMINISTRATIVE,Lose
"IPCA,101,行商訴,70,20120830,1",ADMINISTRATIVE,Lose
"IPCA,112,行商訴,23,20231031,2",ADMINISTRATIVE,Lose
"IPCA,111,行專訴,32,20221228,2",ADMINISTRATIVE,Lose
"TPAA,110,上,221,20220616,1",ADMINISTRATIVE,Lose
"TPBA,90,訴,4867,20020523,2",ADMINISTRATIVE,Lose
"TPBA,90,訴,5264,20020904,2",ADMINISTRATIVE,Lose
"TPBA,92,訴,1681,20040623,1",ADMINISTRATIVE,Lose
"TPAA,98,判,30,20090115,1",ADMINISTRATIVE,Lose
"IPCA,100,行專訴,15,20110825,3",ADMINISTRATIVE,Win
"TPBA,92,訴,1,20040317,2",ADMINISTRATIVE,Lose
"TPBA,96,訴,2358,20080327,2",ADMINISTRATIVE,Lose
"TPBA,93,訴,1745,20050908,2",ADMINISTRATIVE,Lose
"TPBA,92,訴,5033,20050105,2",ADMINISTRATIVE,Lose
"TPBA,91,訴,2814,20030827,1",ADMINISTRATIVE,Lose
"TPAA,91,判,67,20020111,1",ADMINISTRATIVE,Lose
"IPCA,109,行專訴,17,20201130,3",ADMINISTRATIVE,Mixed
"TPAA,90,判,1195,20010712,1",ADMINISTRATIVE,Lose
"TPAA,89,判,2394,20000627",ADMINISTRATIVE,Lose
"IPCA,103,行商訴,37,20140717,2",ADMINISTRATIVE,Lose
"IPCA,102,行專訴,23,20131025,4",ADMINISTRATIVE,Win
"TPBA,94,訴,118,20060119,2",ADMINISTRATIVE,Lose
"TPBA,94,訴,159,20060104,1",ADMINISTRATIVE,Win
"TPBA,96,訴,1737,20080130,1",ADMINISTRATIVE,Mixed
"IPCA,106,行專訴,73,20180329,3",ADMINISTRATIVE,Mixed
"TPBA,96,訴,167,20071024,1",ADMINISTRATIVE,Lose
"TPBA,94,訴,2884,20061030,2",ADMINISTRATIVE,Win
"TPAA,105,判,488,20160922,1",ADMINISTRATIVE,Lose
"TPAA,94,判,1614,20051020,1",ADMINISTRATIVE,Lose
"TPBA,89,訴,2370,20010816,2",ADMINISTRATIVE,Lose
"TPBA,89,訴,506,20010410,1",ADMINISTRATIVE,Lose
"IPCA,111,行專訴,47,20230223,3",ADMINISTRATIVE,Lose
"IPCA,99,行商訴,43,20100624,2",ADMINISTRATIVE,Lose
"TPBA,90,訴,5639,20020828,1",ADMINISTRATIVE,Lose
"TPBA,93,訴,3958,20060126,1",ADMINISTRATIVE,Lose
"IPCA,104,行專訴,120,20160617,3",ADMINISTRATIVE,Lose
"IPCA,106,行專訴,99,20180828,3",ADMINISTRATIVE,Mixed
"IPCA,103,行商訴,89,20150114,2",ADMINISTRATIVE,Lose
"TPAA,90,判,2014,20011101,1",ADMINISTRATIVE,Lose
"IPCA,98,行專訴,117,20100422,3",ADMINISTRATIVE,Lose
"IPCA,101,行商訴,30,20120614,2",ADMINISTRATIVE,Lose
"TPBA,90,訴,6212,20021009,1",ADMINISTRATIVE,Lose
"TPAA,109,判,279,20200521,1",ADMINISTRATIVE,Lose
"TPBA,92,訴,17,20040310,2",ADMINISTRATIVE,Lose
"TPBA,96,訴,3282,20080430,2",ADMINISTRATIVE,Lose
"TPAA,90,判,1293,20010726,1",ADMINISTRATIVE,Lose
"TPBA,89,訴,1645,20010906,3",ADMINISTRATIVE,Lose
"IPCA,100,行商再,2,20110630,1",ADMINISTRATIVE,Lose
"TPAA,98,判,1413,20091119,1",ADMINISTRATIVE,Lose
"IPCA,103,行專訴,58,20150331,3",ADMINISTRATIVE,Lose
"IPCA,102,行商訴,154,20140625,1",ADMINISTRATIVE,Lose
"IPCA,98,行專訴,130,20100325,3",ADMINISTRATIVE,Lose
"IPCA,112,行商訴,4,20230810,2",ADMINISTRATIVE,Lose
"TPAA,108,判,101,20190314,1",ADMINISTRATIVE,Lose
"TPBA,93,訴,4152,20060104,2",ADMINISTRATIVE,Lose
"IPCA,105,行專訴,53,20170324,4",ADMINISTRATIVE,Mixed
"TPBA,95,訴,3064,20070802,2",ADMINISTRATIVE,Lose
"TPAA,88,判,4103,19991203",ADMINISTRATIVE,Lose
"TPBA,93,訴,1550,20050630,2",ADMINISTRATIVE,Lose
"IPCA,105,行商訴,62,20161215,2",ADMINISTRATIVE,Win
"IPCA,108,行商訴,35,20190829,2",ADMINISTRATIVE,Lose
"TPBA,89,訴,1766,20020913,2",ADMINISTRATIVE,Lose
"IPCA,107,行商訴,28,20180809,2",ADMINISTRATIVE,Lose
"TPBA,93,訴,1723,20050722,2",ADMINISTRATIVE,Lose
"TPAA,96,判,19,20070111,1",ADMINISTRATIVE,Lose
"TPBA,91,訴,2882,20031120,2",ADMINISTRATIVE,Lose
"TPBA,90,訴,6259,20021212,2",ADMINISTRATIVE,Lose
"TPAA,93,判,452,20040422,1",ADMINISTRATIVE,Lose
"TPBA,96,訴更一,131,20080424,1",ADMINISTRATIVE,Lose
"TPAA,91,判,391,20020315,1",ADMINISTRATIVE,Lose
"IPCA,100,行商訴,110,20111201,3",ADMINISTRATIVE,Win
"TPBA,94,訴,3422,20061018,2",ADMINISTRATIVE,Lose
"IPCA,103,行商訴,33,20140827,2",ADMINISTRATIVE,Lose
"TPAA,106,判,402,20170727,1",ADMINISTRATIVE,Lose
"TPAA,100,判,806,20110519,1",ADMINISTRATIVE,Lose
"TPBA,91,訴,287,20021225,2",ADMINISTRATIVE,Lose
"TPBA,91,訴更一,16,20031231,1",ADMINISTRATIVE,Win
"TPAA,96,判,1626,20070913,1",ADMINISTRATIVE,Lose
"IPCA,100,行專訴,104,20120329,3",ADMINISTRATIVE,Lose
"TPBA,93,訴,1378,20050601,2",ADMINISTRATIVE,Lose
"IPCA,99,行商訴,113,20101125,3",ADMINISTRATIVE,Win
"TPAA,97,判,29,20080215,1",ADMINISTRATIVE,Lose
"TPAA,96,判,612,20070412,1",ADMINISTRATIVE,Lose
"TPBA,96,訴,543,20071115,2",ADMINISTRATIVE,Lose
"IPCA,105,行商訴,73,20170224,2",ADMINISTRATIVE,Win
"IPCA,103,行商訴,114,20150417,2",ADMINISTRATIVE,Win
"TPBA,94,訴,2556,20060824,2",ADMINISTRATIVE,Lose
"IPCA,105,行商訴,41,20160729,1",ADMINISTRATIVE,Lose
"TPBA,91,訴,482,20030305,2",ADMINISTRATIVE,Lose
"IPCA,106,行著訴,3,20180510,2",ADMINISTRATIVE,Lose
"TPAA,89,判,937,20000330",ADMINISTRATIVE,Lose
"TPAA,104,判,180,20150416,1",ADMINISTRATIVE,Lose
"TPBA,96,訴,3395,20080320,2",ADMINISTRATIVE,Lose
"TPAA,93,判,472,20040423,1",ADMINISTRATIVE,Lose
"TPAA,92,判,1542,20031113,1",ADMINISTRATIVE,Lose
"TPBA,94,訴,2965,20060727,1",ADMINISTRATIVE,Lose
"IPCA,106,行專訴,79,20180629,2",ADMINISTRATIVE,Lose
"TPBA,91,訴,2429,20031030,2",ADMINISTRATIVE,Win
"TPBA,91,訴,612,20030226,2",ADMINISTRATIVE,Lose
"TPBA,96,訴,3863,20080327,2",ADMINISTRATIVE,Lose
"TPAA,93,判,998,20040805,1",ADMINISTRATIVE,Lose
"IPCA,108,行商訴,108,20200312,2",ADMINISTRATIVE,Lose
"IPCA,101,行商訴,7,20121129,1",ADMINISTRATIVE,Lose
"IPCA,102,行商訴,101,20140219,1",ADMINISTRATIVE,Lose
"TPBA,94,訴,1390,20060425,2",ADMINISTRATIVE,Lose
"IPCA,97,行商訴,29,20081204,2",ADMINISTRATIVE,Lose
"TPAA,88,判,4034,19991130",ADMINISTRATIVE,Lose
"IPCA,106,行商訴,54,20171116,2",ADMINISTRATIVE,Lose
"IPCA,109,行商訴,51,20201119,2",ADMINISTRATIVE,Lose
"TPAA,89,判,1450,20000511",ADMINISTRATIVE,Lose
"TPBA,92,訴,1846,20041217,3",ADMINISTRATIVE,Mixed
"TPBA,90,訴,5468,20020814,1",ADMINISTRATIVE,Lose
"IPCA,97,行專訴,18,20081113,3",ADMINISTRATIVE,Lose
"TPBA,94,訴,3451,20060921,2",ADMINISTRATIVE,Lose
"TPBA,90,訴,5072,20020926,2",ADMINISTRATIVE,Lose
"TPBA,90,訴,2615,20020314,2",ADMINISTRATIVE,Mixed
"IPCA,108,行專訴,57,20200618,4",ADMINISTRATIVE,Lose
"TPBA,89,訴,3386,20020221,1",ADMINISTRATIVE,Lose
"IPCA,98,行專訴,79,20091008,1",ADMINISTRATIVE,Lose
"TPBA,97,訴,510,20080709,2",ADMINISTRATIVE,Lose
"TPAA,108,判,224,20190502,1",ADMINISTRATIVE,Lose
"IPCA,103,行專訴,111,20150709,3",ADMINISTRATIVE,Lose
"TPBA,93,訴,1173,20050622,2",ADMINISTRATIVE,Lose
"IPCA,98,行商訴,194,20100121,4",ADMINISTRATIVE,Mixed
"IPCA,112,行商訴,11,20230810,2",ADMINISTRATIVE,Lose
"TPAA,88,判,3992,19991126",ADMINISTRATIVE,Lose
"IPCA,106,行商訴,100,20180331,2",ADMINISTRATIVE,Lose
"IPCA,107,行商訴,68,20190131,2",ADMINISTRATIVE,Lose
"IPCA,97,行商訴,35,20081211,3",ADMINISTRATIVE,Lose
"TPBA,95,訴,1459,20070215,2",ADMINISTRATIVE,Lose
"IPCA,99,行專訴,145,20110329,3",ADMINISTRATIVE,Lose
"TPAA,96,判,325,20070301,1",ADMINISTRATIVE,Lose
"IPCA,110,行專訴,27,20220112,3",ADMINISTRATIVE,Lose
"TPAA,93,判,1177,20040916,1",ADMINISTRATIVE,Lose
"IPCA,103,行商訴,110,20150226,3",ADMINISTRATIVE,Lose
"IPCA,102,行商訴,63,20131128,3",ADMINISTRATIVE,Lose
"TPBA,95,訴,2342,20070424,2",ADMINISTRATIVE,Lose
"IPCA,107,行著訴,2,20190529,1",ADMINISTRATIVE,Lose
"TPAA,89,判,1447,20000511",ADMINISTRATIVE,Lose
"TPAA,107,判,442,20180730,1",ADMINISTRATIVE,Lose
"TPBA,90,訴,6193,20021107,2",ADMINISTRATIVE,Lose
"IPCA,110,行專訴,22,20211020,2",ADMINISTRATIVE,Lose
"TPAA,99,判,1215,20101111,1",ADMINISTRATIVE,Lose
"IPCA,109,行商訴,6,20200910,1",ADMINISTRATIVE,Win
"TPBA,91,訴,1868,20030709,2",ADMINISTRATIVE,Lose
"TPAA,96,判,1831,20071011,1",ADMINISTRATIVE,Lose
"TPAA,110,上,641,20230706,1",ADMINISTRATIVE,Lose
"TPBA,89,訴,2493,20020404,2",ADMINISTRATIVE,Lose
"TPBA,89,訴,1367,20010427,1",ADMINISTRATIVE,Lose
"IPCA,106,行商訴,160,20180524,2",ADMINISTRATIVE,Mixed
"TPAA,94,判,509,20050407,1",ADMINISTRATIVE,Lose
"TPAA,90,判,2056,20011108,1",ADMINISTRATIVE,Lose
"IPCA,99,行商訴,7,20100520,3",ADMINISTRATIVE,Lose
"TPAA,108,上,1046,20211007,1",ADMINISTRATIVE,Lose
"TPBA,92,訴,3168,20040818,2",ADMINISTRATIVE,Lose
"TPAA,89,判,1556,20000518",ADMINISTRATIVE,Lose
"IPCA,100,行商訴,153,20120216,1",ADMINISTRATIVE,Lose
"IPCA,102,行專訴,32,20130918,4",ADMINISTRATIVE,Lose
"TPBA,90,訴,4982,20020821,1",ADMINISTRATIVE,Win
"TPBA,95,訴,2177,20070328,2",ADMINISTRATIVE,Lose
"TPAA,88,判,3688,19991008",ADMINISTRATIVE,Lose
"IPCA,98,行專訴,63,20091112,3",ADMINISTRATIVE,Mixed
"TPBA,96,訴,2553,20080306,2",ADMINISTRATIVE,Lose
"TPBA,92,訴,3884,20050429,3",ADMINISTRATIVE,Lose
"TPBA,94,訴,2856,20060831,2",ADMINISTRATIVE,Lose
"IPCA,98,行商訴,189,20100128,3",ADMINISTRATIVE,Lose
"IPCA,101,行專訴,36,20121220,3",ADMINISTRATIVE,Lose
"TPAA,90,判,903,20010524,1",ADMINISTRATIVE,Lose
"IPCA,101,行專訴,1,20120426,3",ADMINISTRATIVE,Lose
"IPCA,97,行商訴,105,20090219,2",ADMINISTRATIVE,Lose
"TPBA,96,訴,119,20071004,2",ADMINISTRATIVE,Lose
"IPCA,103,行專訴,107,20150430,3",ADMINISTRATIVE,Mixed
"IPCA,98,行專訴,104,20100128,4",ADMINISTRATIVE,Lose
"TPAA,93,判,1597,20041216,1",ADMINISTRATIVE,Lose
"TPAA,106,判,247,20170511,1",ADMINISTRATIVE,Lose
"TPBA,93,訴,273,20050414,2",ADMINISTRATIVE,Lose
"IPCA,104,行專訴,48,20151120,3",ADMINISTRATIVE,Lose
"TPAA,93,判,1702,20041230,1",ADMINISTRATIVE,Lose
"TPBA,94,訴,346,20060208,4",ADMINISTRATIVE,Lose
"IPCA,108,行專訴,27,20201029,4",ADMINISTRATIVE,Lose
"TPBA,91,訴,815,20030327,2",ADMINISTRATIVE,Win
"IPCA,111,行商訴,45,20221130,1",ADMINISTRATIVE,Win
"IPCA,99,行商訴,23,20100603,2",ADMINISTRATIVE,Lose
"TPBA,91,訴,2893,20030918,1",ADMINISTRATIVE,Lose
"IPCA,97,行商訴,92,20090122,1",ADMINISTRATIVE,Lose
"IPCA,105,行商訴,110,20170531,2",ADMINISTRATIVE,Lose
"TPBA,91,訴,3493,20030930,1",ADMINISTRATIVE,Lose
"IPCA,103,行商訴,57,20140925,2",ADMINISTRATIVE,Lose
"TPBA,93,訴,388,20050616,2",ADMINISTRATIVE,Lose
"TPBA,92,訴,325,20040317,1",ADMINISTRATIVE,Lose
"TPAA,108,判,199,20190425,1",ADMINISTRATIVE,Lose
"TPAA,88,判,3371,19990831",ADMINISTRATIVE,Lose
"TPBA,90,訴,4868,20020822,1",ADMINISTRATIVE,Lose
"TPBA,95,訴,2783,20080313,2",ADMINISTRATIVE,Win
"TPBA,91,訴,189,20030313,1",ADMINISTRATIVE,Lose
"TPBA,93,訴,2821,20051012,2",ADMINISTRATIVE,Lose
"IPCA,106,行商訴,66,20171207,2",ADMINISTRATIVE,Lose
"TPBA,92,訴,1579,20040630,2",ADMINISTRATIVE,Lose
"TPAA,96,判,104,20070125,1",ADMINISTRATIVE,Lose
"TPBA,91,訴,3910,20031218,2",ADMINISTRATIVE,Lose
"IPCA,105,行商訴,13,20161103,4",ADMINISTRATIVE,Lose
"IPCA,105,行商訴,69,20161024,1",ADMINISTRATIVE,Lose
"TPBA,90,訴,4979,20020704,2",ADMINISTRATIVE,Lose
"TPAA,88,判,738,19990326",ADMINISTRATIVE,Lose
"IPCA,101,行商訴,32,20120629,2",ADMINISTRATIVE,Lose
"IPCA,97,行商訴,43,20081120,1",ADMINISTRATIVE,Lose
"IPCA,112,行商訴,31,20231221,2",ADMINISTRATIVE,Lose
"TPBA,91,訴,1336,20030521,2",ADMINISTRATIVE,Lose
"TPBA,92,訴,989,20040611,2",ADMINISTRATIVE,Lose
"TPAA,89,判,2383,20000627",ADMINISTRATIVE,Lose
"TPBA,92,訴,529,20040527,2",ADMINISTRATIVE,Lose
"TPAA,97,判,148,20080320,1",ADMINISTRATIVE,Lose
"IPCA,107,行商訴,105,20190717,2",ADMINISTRATIVE,Lose
"TPBA,95,訴,2975,20070607,2",ADMINISTRATIVE,Lose
"TPBA,95,訴,866,20070125,2",ADMINISTRATIVE,Lose
"IPCA,108,行商訴,131,20200423,3",ADMINISTRATIVE,Lose
"TPBA,97,訴,1339,20080910,2",ADMINISTRATIVE,Lose
"TPBA,96,訴,124,20071004,2",ADMINISTRATIVE,Lose
"TPBA,93,訴,3521,20051201,2",ADMINISTRATIVE,Lose
"IPCA,101,行專訴,44,20130227,3",ADMINISTRATIVE,Lose
"IPCA,106,行商訴,61,20190109,2",ADMINISTRATIVE,Lose
"TPAA,92,判,297,20030327,1",ADMINISTRATIVE,Lose
"TPBA,92,訴,1862,20040630,2",ADMINISTRATIVE,Lose
"TPBA,96,訴,2924,20080424,2",ADMINISTRATIVE,Lose
"IPCA,100,行專訴,70,20111229,3",ADMINISTRATIVE,Lose
"TPBA,95,訴,4018,20070809,2",ADMINISTRATIVE,Lose
"IPCA,102,行專訴,126,20140612,3",ADMINISTRATIVE,Lose
"TPBA,95,訴,874,20070227,2",ADMINISTRATIVE,Lose
"IPCA,107,行專訴,82,20190418,3",ADMINISTRATIVE,Lose
"TPAA,89,判,3285,20001123,1",ADMINISTRATIVE,Lose
"TPBA,91,訴,1141,20030430,2",ADMINISTRATIVE,Lose
"IPCA,107,行專訴,96,20190606,4",ADMINISTRATIVE,Lose
"TPAA,95,判,1032,20060706,1",ADMINISTRATIVE,Lose
"TPAA,99,判,1310,20101209,1",ADMINISTRATIVE,Lose
"TPBA,95,訴,3672,20070801,1",ADMINISTRATIVE,Lose
"TPBA,89,訴,163,20010328,1",ADMINISTRATIVE,Win
"TPBA,90,訴,6089,20021231,2",ADMINISTRATIVE,Lose
"IPCA,101,行商訴,5,20130207,2",ADMINISTRATIVE,Lose
"TPBA,93,訴,4065,20060127,3",ADMINISTRATIVE,Lose
"IPCA,108,行商訴,69,20191226,2",ADMINISTRATIVE,Mixed
"TPAA,96,判,2035,20071206,1",ADMINISTRATIVE,Lose
"IPCA,104,行商訴,38,20150827,2",ADMINISTRATIVE,Lose
"TPAA,104,判,764,20151217,1",ADMINISTRATIVE,Lose
"TPBA,93,訴,1958,20050808,2",ADMINISTRATIVE,Lose
"IPCA,104,行商訴,53,20151130,3",ADMINISTRATIVE,Lose
"IPCA,98,行商訴,71,20090806,1",ADMINISTRATIVE,Mixed
"IPCA,106,行商訴,7,20170727,2",ADMINISTRATIVE,Lose
"TPBA,93,訴,42,20050603,2",ADMINISTRATIVE,Lose
"IPCA,101,行商訴,21,20120524,1",ADMINISTRATIVE,Lose
"IPCA,106,行專訴,17,20171102,3",ADMINISTRATIVE,Mixed
"TPAA,88,判,4024,19991126",ADMINISTRATIVE,Lose
"TPBA,94,訴,1609,20060615,2",ADMINISTRATIVE,Lose
"TPAA,88,判,711,19990326",ADMINISTRATIVE,Lose
"TPBA,92,訴,3154,20040917,1",ADMINISTRATIVE,Lose
"TPBA,95,訴,1043,20070308,2",ADMINISTRATIVE,Lose
"TPAA,107,判,101,20180226,1",ADMINISTRATIVE,Lose
"TPAA,109,上,757,20211007,1",ADMINISTRATIVE,Lose
"TPBA,93,訴,3396,20050914,1",ADMINISTRATIVE,Lose
"TPBA,91,訴,124,20030116,2",ADMINISTRATIVE,Lose
"IPCA,109,行商訴,49,20201029,2",ADMINISTRATIVE,Lose
"TPBA,96,訴,3641,20080424,2",ADMINISTRATIVE,Lose
"TPAA,89,判,52,20000113",ADMINISTRATIVE,Lose
"TPBA,95,訴,1766,20070322,2",ADMINISTRATIVE,Lose
"IPCA,102,行專訴,33,20130822,2",ADMINISTRATIVE,Lose
"TPBA,94,訴,1932,20060511,2",ADMINISTRATIVE,Lose
"TPAA,96,判,1876,20071025,1",ADMINISTRATIVE,Lose
"IPCA,111,行專訴,9,20220629,3",ADMINISTRATIVE,Lose
"IPCA,98,行商訴,85,20091112,1",ADMINISTRATIVE,Lose
"TPBA,97,訴,342,20080717,1",ADMINISTRATIVE,Lose
"TPBA,90,訴,5458,20020515,1",ADMINISTRATIVE,Lose
"IPCA,98,行商訴,125,20091008,1",ADMINISTRATIVE,Lose
"TPBA,89,訴,271,20010118,1",ADMINISTRATIVE,Lose
"TPAA,90,判,2325,20011207,1",ADMINISTRATIVE,Lose
"IPCA,98,行專訴,82,20091126,3",ADMINISTRATIVE,Lose
"TPBA,94,訴,1966,20060621,2",ADMINISTRATIVE,Lose
"TPBA,93,訴,1367,20050902,2",ADMINISTRATIVE,Win
"TPBA,95,訴,773,20070125,2",ADMINISTRATIVE,Lose
"TPBA,96,訴,3500,20080327,1",ADMINISTRATIVE,Lose
"IPCA,112,行商訴,26,20231109,1",ADMINISTRATIVE,Lose
"TPBA,90,訴,1946,20011214,1",ADMINISTRATIVE,Lose
"IPCA,110,行商訴,39,20211130,2",ADMINISTRATIVE,Lose
"IPCA,106,行商訴,105,20180312,2",ADMINISTRATIVE,Lose
"TPBA,91,訴,1364,20030731,2",ADMINISTRATIVE,Win
"TPAA,98,判,479,20090507,1",ADMINISTRATIVE,Lose
"IPCA,99,行商訴,151,20101125,1",ADMINISTRATIVE,Lose
"IPCA,99,行商訴,163,20101223,2",ADMINISTRATIVE,Mixed
"IPCA,98,行專訴,41,20100415,3",ADMINISTRATIVE,Win
"TPBA,89,訴,821,20030625,1",ADMINISTRATIVE,Win
"TPBA,95,訴,3253,20070620,2",ADMINISTRATIVE,Lose
"IPCA,102,行專訴,90,20140213,4",ADMINISTRATIVE,Win
"TPBA,91,訴,1812,20030828,2",ADMINISTRATIVE,Mixed
"TPAA,92,判,291,20030307,1",ADMINISTRATIVE,Lose
"TPBA,90,訴,2981,20020328,1",ADMINISTRATIVE,Win
"IPCA,111,行專訴,5,20221012,3",ADMINISTRATIVE,Lose
"TPBA,92,訴,421,20040413,2",ADMINISTRATIVE,Lose
"TPAA,89,判,272,20000127",ADMINISTRATIVE,Lose
"TPBA,92,訴,1377,20040729,1",ADMINISTRATIVE,Lose
"TPBA,89,訴,65,20010503,2",ADMINISTRATIVE,Win
"IPCA,104,行商訴,148,20160624,2",ADMINISTRATIVE,Lose
"TPBA,90,訴,4208,20020708,2",ADMINISTRATIVE,Lose
"TPBA,96,訴,1152,20071122,1",ADMINISTRATIVE,Lose
"TPAA,92,判,553,20030515,1",ADMINISTRATIVE,Lose
"IPCA,99,行專訴,162,20110324,3",ADMINISTRATIVE,Lose
"IPCA,101,行商訴,80,20121122,2",ADMINISTRATIVE,Lose
"TPAA,93,判,1657,20041223,1",ADMINISTRATIVE,Lose
"TPBA,89,訴,1008,20010712,2",ADMINISTRATIVE,Lose
"IPCA,98,行專訴,112,20100401,3",ADMINISTRATIVE,Lose
"IPCA,102,行專訴,67,20131108,3",ADMINISTRATIVE,Lose
"IPCA,102,行專訴,85,20140129,4",ADMINISTRATIVE,Lose
"TPAA,108,判,223,20190502,1",ADMINISTRATIVE,Lose
"TPAA,88,判,3924,19991119",ADMINISTRATIVE,Lose
"IPCA,103,行商訴,148,20150528,2",ADMINISTRATIVE,Lose
"TPAA,97,判,806,20080821,1",ADMINISTRATIVE,Lose
"IPCA,100,行商訴,107,20120131,3",ADMINISTRATIVE,Mixed
"IPCA,106,行專訴,102,20180808,3",ADMINISTRATIVE,Lose
"IPCA,100,行商訴,11,20110602,3",ADMINISTRATIVE,Lose
"TPAA,89,判,3652,20001215,1",ADMINISTRATIVE,Win
"TPAA,98,判,193,20090226,1",ADMINISTRATIVE,Lose
"IPCA,100,行專訴,26,20111006,4",ADMINISTRATIVE,Lose
"TPBA,94,訴,3993,20060907,1",ADMINISTRATIVE,Lose
"TPAA,90,判,2318,20011207,1",ADMINISTRATIVE,Lose
"TPAA,91,判,2172,20021206,1",ADMINISTRATIVE,Lose
"TPBA,92,訴,806,20040708,2",ADMINISTRATIVE,Lose
"IPCA,100,行專訴,11,20110721,3",ADMINISTRATIVE,Lose
"IPCA,98,行商訴,184,20100204,2",ADMINISTRATIVE,Lose
"TPBA,92,訴,4965,20050818,2",ADMINISTRATIVE,Lose
"IPCA,106,行商更(一),5,20180628,1",ADMINISTRATIVE,Lose
"TPBA,93,訴,1084,20050714,2",ADMINISTRATIVE,Lose
"TPBA,95,訴,2800,20070607,2",ADMINISTRATIVE,Lose
"TPBA,94,訴,1972,20060425,2",ADMINISTRATIVE,Lose
"IPCA,112,行商訴,51,20231229,1",ADMINISTRATIVE,Lose
"TPBA,94,訴,690,20060413,2",ADMINISTRATIVE,Lose
"IPCA,107,行商訴,16,20180920,2",ADMINISTRATIVE,Lose
"TPAA,101,判,942,20121101,1",ADMINISTRATIVE,Lose
"IPCA,103,行商訴,58,20141030,2",ADMINISTRATIVE,Lose
"IPCA,98,行專訴,121,20100708,2",ADMINISTRATIVE,Win
"TPAA,106,判,558,20171012,1",ADMINISTRATIVE,Lose
"TPAA,99,判,467,20100506,1",ADMINISTRATIVE,Lose
"TPBA,92,訴,3713,20041029,2",ADMINISTRATIVE,Lose
"IPCA,98,行專訴,3,20090423,3",ADMINISTRATIVE,Lose
"TPBA,95,訴,2608,20070509,2",ADMINISTRATIVE,Lose
"IPCA,112,行專訴,71,20240530,3",ADMINISTRATIVE,Lose
"TPBA,92,訴,151,20040312,2",ADMINISTRATIVE,Lose
"TPBA,94,訴,3600,20061219,2",ADMINISTRATIVE,Lose
"IPCA,110,行商訴,88,20220331,1",ADMINISTRATIVE,Lose
"IPCA,103,行專訴,42,20150326,4",ADMINISTRATIVE,Lose
"IPCA,98,行商訴,198,20100211,3",ADMINISTRATIVE,Lose
"TPAA,89,判,2097,20000622",ADMINISTRATIVE,Lose
"IPCA,100,行專訴,103,20120229,3",ADMINISTRATIVE,Win
"IPCA,101,行商更(一),2,20121115,1",ADMINISTRATIVE,Win
"IPCA,98,行商訴,202,20100225,2",ADMINISTRATIVE,Win
"TPBA,92,訴,1541,20040818,2",ADMINISTRATIVE,Lose
"TPAA,95,判,1525,20060921,1",ADMINISTRATIVE,Lose
"TPBA,90,訴,4560,20020424,2",ADMINISTRATIVE,Lose
"TPAA,96,判,511,20070329,1",ADMINISTRATIVE,Lose
"TPAA,95,判,600,20060427,1",ADMINISTRATIVE,Lose
"IPCA,102,行專訴,55,20130925,3",ADMINISTRATIVE,Lose
"TPAA,97,判,621,20080626,1",ADMINISTRATIVE,Lose
"TPAA,89,判,3071,20001102,1",ADMINISTRATIVE,Lose
"TPBA,96,訴,1070,20071220,2",ADMINISTRATIVE,Lose
"TPAA,90,判,2508,20011221,1",ADMINISTRATIVE,Lose
"TPBA,92,訴,1578,20040721,1",ADMINISTRATIVE,Lose
"IPCA,99,行專訴,99,20110106,3",ADMINISTRATIVE,Lose
"TPBA,97,訴,635,20081204,3",ADMINISTRATIVE,Lose
"TPAA,88,判,3361,19990827",ADMINISTRATIVE,Lose
"TPBA,93,訴,4183,20051201,2",ADMINISTRATIVE,Lose
"IPCA,101,行商訴,103,20121108,1",ADMINISTRATIVE,Mixed
"IPCA,104,行商訴,121,20160226,2",ADMINISTRATIVE,Lose
"TPAA,89,判,45,20000113",ADMINISTRATIVE,Lose
"TPBA,95,訴,1875,20070430,2",ADMINISTRATIVE,Lose
"IPCA,110,行商訴,60,20220706,1",ADMINISTRATIVE,Win
"TPAA,95,判,1834,20061109,1",ADMINISTRATIVE,Mixed
"IPCA,98,行專訴,12,20090625,3",ADMINISTRATIVE,Win
"TPAA,97,判,481,20080529,1",ADMINISTRATIVE,Lose
"TPAA,93,判,942,20040722,1",ADMINISTRATIVE,Lose
"TPBA,90,訴,6199,20030109,2",ADMINISTRATIVE,Lose
"IPCA,111,行專訴,63,20230427,2",ADMINISTRATIVE,Lose
"IPCA,107,行專訴,71,20190716,3",ADMINISTRATIVE,Lose
"IPCA,106,行專訴,51,20180321,3",ADMINISTRATIVE,Lose
"TPAA,94,判,233,20050217,1",ADMINISTRATIVE,Lose
"TPAA,89,判,2565,20000817,1",ADMINISTRATIVE,Lose
"TPBA,93,訴更一,166,20050421,1",ADMINISTRATIVE,Lose
"TPAA,89,判,1738,20000531",ADMINISTRATIVE,Lose
"TPAA,90,判,1446,20010817,1",ADMINISTRATIVE,Lose
"TPBA,93,訴,3740,20051020,1",ADMINISTRATIVE,Lose
"TPBA,91,訴,1571,20030612,2",ADMINISTRATIVE,Lose
"IPCA,99,行商訴,98,20100923,2",ADMINISTRATIVE,Lose
"TPBA,90,訴,3456,20021129,3",ADMINISTRATIVE,Win
"TPAA,89,判,1255,20000427",ADMINISTRATIVE,Lose
"TPBA,94,訴,3834,20070315,2",ADMINISTRATIVE,Lose
"TPBA,94,訴,2758,20060824,2",ADMINISTRATIVE,Lose
"TPBA,90,訴,5680,20020829,2",ADMINISTRATIVE,Lose
"IPCA,102,行商訴,31,20130711,3",ADMINISTRATIVE,Mixed
"TPBA,95,訴,1145,20070607,2",ADMINISTRATIVE,Mixed
"TPBA,94,訴更一,161,20060615,1",ADMINISTRATIVE,Win
"TPBA,95,訴,1220,20070125,2",ADMINISTRATIVE,Lose
"TPAA,90,判,1294,20010726,1",ADMINISTRATIVE,Lose
"TPBA,92,訴,1291,20040531,2",ADMINISTRATIVE,Lose
"IPCA,108,行專訴,13,20190813,3",ADMINISTRATIVE,Lose
"TPAA,91,判,1483,20020816,1",ADMINISTRATIVE,Lose
"TPAA,94,判,461,20050414,1",ADMINISTRATIVE,Lose
"IPCA,102,行商訴,143,20140328,1",ADMINISTRATIVE,Lose
"TPBA,90,訴,3759,20020605,2",ADMINISTRATIVE,Win
"TPAA,95,判,602,20060504,1",ADMINISTRATIVE,Lose
"IPCA,100,行商訴,50,20110825,2",ADMINISTRATIVE,Lose
"IPCA,102,行專訴,48,20140416,4",ADMINISTRATIVE,Lose
"IPCA,108,行專訴,22,20191127,4",ADMINISTRATIVE,Lose
"TPBA,96,訴,85,20071024,2",ADMINISTRATIVE,Lose
"TPAA,90,判,479,20010329,1",ADMINISTRATIVE,Lose
"IPCA,103,行專訴,70,20150115,2",ADMINISTRATIVE,Lose
"TPBA,90,訴,4924,20020605,2",ADMINISTRATIVE,Lose
"TPBA,92,訴,1911,20040721,1",ADMINISTRATIVE,Lose
"TPAA,91,判,1480,20020815,1",ADMINISTRATIVE,Lose
"IPCA,102,行專訴,68,20130925,3",ADMINISTRATIVE,Lose
"IPCA,107,行商訴,78,20190328,2",ADMINISTRATIVE,Lose
"TPBA,91,訴,4523,20040218,2",ADMINISTRATIVE,Lose
"IPCA,102,行專訴,112,20140423,3",ADMINISTRATIVE,Lose
"IPCA,104,行商訴,141,20160415,3",ADMINISTRATIVE,Lose
"IPCA,108,行專訴,59,20200331,4",ADMINISTRATIVE,Lose
"TPAA,96,判,873,20070518,1",ADMINISTRATIVE,Lose
"TPAA,88,判,2001,19990521",ADMINISTRATIVE,Lose
"TPBA,90,訴,473,20020822,1",ADMINISTRATIVE,Lose
"TPAA,89,判,1826,20000608",ADMINISTRATIVE,Lose
"TPAA,88,判,3694,19991021",ADMINISTRATIVE,Lose
"TPAA,95,判,1370,20060824,1",ADMINISTRATIVE,Lose
"TPBA,97,訴,1409,20081008,2",ADMINISTRATIVE,Lose
"TPAA,103,判,23,20140116,1",ADMINISTRATIVE,Lose
"IPCA,104,行商訴,99,20151231,2",ADMINISTRATIVE,Lose
"TPBA,91,訴,1838,20030528,2",ADMINISTRATIVE,Mixed
"TPAA,88,判,2040,19990528",ADMINISTRATIVE,Lose
"TPBA,89,訴,545,20010321,1",ADMINISTRATIVE,Lose
"TPAA,90,判,296,20010301,1",ADMINISTRATIVE,Lose
"TPBA,92,訴,4541,20041117,2",ADMINISTRATIVE,Lose
"IPCA,111,行商訴,44,20221124,1",ADMINISTRATIVE,Lose
"IPCA,99,行專訴,46,20100805,3",ADMINISTRATIVE,Lose
"TPBA,91,訴,855,20030227,2",ADMINISTRATIVE,Lose
"IPCA,106,行商訴,120,20180208,2",ADMINISTRATIVE,Lose
"TPBA,96,訴,2536,20080522,2",ADMINISTRATIVE,Lose
"TPBA,89,訴,1773,20010912,1",ADMINISTRATIVE,Lose
"IPCA,101,行商訴,182,20130313,1",ADMINISTRATIVE,Lose
"IPCA,104,行商訴,14,20151130,3",ADMINISTRATIVE,Lose
"IPCA,110,行商訴,2,20220511,2",ADMINISTRATIVE,Win
"TPBA,89,訴,2584,20011231,2",ADMINISTRATIVE,Lose
"TPBA,91,訴,760,20030305,1",ADMINISTRATIVE,Lose
"IPCA,109,行商訴,28,20201022,2",ADMINISTRATIVE,Win
"TPBA,92,訴,883,20040714,2",ADMINISTRATIVE,Win
"TPBA,94,訴,2233,20060705,2",ADMINISTRATIVE,Lose
"IPCA,106,行專訴,91,20180524,4",ADMINISTRATIVE,Lose
"IPCA,98,行商訴,21,20090514,1",ADMINISTRATIVE,Lose
"TPAA,92,判,1197,20030910,1",ADMINISTRATIVE,Lose
"TPBA,93,訴,1154,20050623,2",ADMINISTRATIVE,Lose
"TPBA,97,訴,1099,20080910,2",ADMINISTRATIVE,Lose
"IPCA,105,行商訴,60,20170726,3",ADMINISTRATIVE,Lose
"TPBA,93,訴,1876,20050803,2",ADMINISTRATIVE,Lose
"TPBA,92,訴,38,20050615,3",ADMINISTRATIVE,Win
"TPBA,91,訴,3227,20030916,2",ADMINISTRATIVE,Lose
"TPBA,91,訴,3669,20040115,2",ADMINISTRATIVE,Win
"TPBA,89,訴,2426,20011026,1",ADMINISTRATIVE,Lose
"TPAA,93,判,501,20040429,1",ADMINISTRATIVE,Lose
"TPBA,90,訴,151,20011206,2",ADMINISTRATIVE,Lose
"IPCA,106,行商訴,170,20180731,2",ADMINISTRATIVE,Lose
"TPBA,96,訴,1159,20071213,2",ADMINISTRATIVE,Lose
"TPAA,88,判,798,19990402",ADMINISTRATIVE,Lose
"TPBA,92,訴,2368,20040728,2",ADMINISTRATIVE,Lose
"TPBA,92,訴,832,20040413,2",ADMINISTRATIVE,Lose
"TPDA,109,簡,139,20210223,2",ADMINISTRATIVE,Win
"IPCA,111,行專訴,76,20230629,3",ADMINISTRATIVE,Lose
"TPBA,90,訴,2105,20020611,2",ADMINISTRATIVE,Lose
"TPAA,88,判,2052,19990531",ADMINISTRATIVE,Lose
"TPBA,92,訴,3075,20050304,2",ADMINISTRATIVE,Lose
"TPBA,93,訴,7,20050406,2",ADMINISTRATIVE,Lose
"TPAA,91,判,40,20020110,1",ADMINISTRATIVE,Lose
"TPAA,91,判,128,20020118,1",ADMINISTRATIVE,Lose
"TPAA,99,判,1064,20101014,1",ADMINISTRATIVE,Lose
"TPBA,96,訴,15,20070920,2",ADMINISTRATIVE,Lose
"TPBA,95,訴,1787,20070322,2",ADMINISTRATIVE,Lose
"IPCA,98,行專訴,9,20090625,3",ADMINISTRATIVE,Lose
"TPBA,89,訴,740,20010608,2",ADMINISTRATIVE,Mixed
"IPCA,111,行專訴,22,20221109,3",ADMINISTRATIVE,Lose
"TPAA,93,判,1150,20040909,1",ADMINISTRATIVE,Lose
"TPAA,100,判,920,20110603,1",ADMINISTRATIVE,Lose
"TPBA,92,訴,2884,20040818,1",ADMINISTRATIVE,Lose
"IPCA,111,行商訴,22,20230524,3",ADMINISTRATIVE,Lose
"TPBA,93,訴,271,20050503,2",ADMINISTRATIVE,Lose
"IPCA,97,行商訴,139,20090521,2",ADMINISTRATIVE,Lose
"TPBA,92,訴,5449,20050121,2",ADMINISTRATIVE,Lose
"IPCA,101,行商訴,2,20120531,1",ADMINISTRATIVE,Mixed
"TPAA,88,判,3995,19991126",ADMINISTRATIVE,Lose
"IPCA,103,行專訴,34,20150108,2",ADMINISTRATIVE,Mixed
"IPCA,101,行商訴,135,20121227,2",ADMINISTRATIVE,Lose
"TPAA,99,判,366,20100408,1",ADMINISTRATIVE,Lose
"TPBA,96,訴,2944,20080305,2",ADMINISTRATIVE,Lose
"TPBA,91,訴,2351,20031009,2",ADMINISTRATIVE,Lose
"IPCA,109,行專訴,29,20201119,3",ADMINISTRATIVE,Lose
"IPCA,100,行商訴,148,20120412,2",ADMINISTRATIVE,Lose
"TPBA,92,訴,2123,20041216,2",ADMINISTRATIVE,Lose
"TPBA,93,訴,4016,20051207,2",ADMINISTRATIVE,Lose
"IPCA,104,行商訴,29,20151008,2",ADMINISTRATIVE,Win
"IPCA,98,行商訴,145,20091112,3",ADMINISTRATIVE,Lose
"IPCA,97,行商訴,20,20081030,1",ADMINISTRATIVE,Lose
"IPCA,102,行商訴,125,20140305,1",ADMINISTRATIVE,Lose
"TPBA,90,訴,2078,20020325,1",ADMINISTRATIVE,Lose
"IPCA,99,行商更(一),2,20100517,1",ADMINISTRATIVE,Lose
"TPBA,94,訴,2759,20060816,2",ADMINISTRATIVE,Lose
"TPBA,95,訴,3466,20070809,2",ADMINISTRATIVE,Lose
"TPAA,88,判,4324,19991230",ADMINISTRATIVE,Lose
"TPAA,100,判,2130,20111208,1",ADMINISTRATIVE,Lose
"TPAA,90,判,2305,20011206,1",ADMINISTRATIVE,Lose
"TPBA,96,訴,1891,20080306,1",ADMINISTRATIVE,Lose
"TPBA,93,訴,3418,20051013,3",ADMINISTRATIVE,Lose
"IPCA,106,行商訴,44,20170921,2",ADMINISTRATIVE,Lose
"IPCA,101,行專訴,38,20121025,3",ADMINISTRATIVE,Lose
"TPBA,89,訴,2999,20020626,1",ADMINISTRATIVE,Lose
"TPBA,96,訴,966,20071219,2",ADMINISTRATIVE,Lose
"TPBA,93,訴,2451,20051110,2",ADMINISTRATIVE,Lose
"TPBA,94,訴,2404,20060608,2",ADMINISTRATIVE,Lose
"IPCA,99,行專訴,4,20100506,3",ADMINISTRATIVE,Lose
"TPAA,102,判,384,20130625,1",ADMINISTRATIVE,Win
"TPAA,95,判,495,20060413,1",ADMINISTRATIVE,Lose
"IPCA,112,行商訴,14,20240329,2",ADMINISTRATIVE,Lose
"IPCA,100,行商訴,116,20111215,2",ADMINISTRATIVE,Lose
"IPCA,108,行商訴,139,20201231,2",ADMINISTRATIVE,Lose
"IPCA,98,行專訴,114,20100415,3",ADMINISTRATIVE,Lose
"TPBA,93,訴,450,20050729,2",ADMINISTRATIVE,Lose
"TPBA,89,訴,1190,20010531,1",ADMINISTRATIVE,Lose
"TPBA,90,訴,7046,20030129,2",ADMINISTRATIVE,Lose
"TPAA,91,判,87,20020117,1",ADMINISTRATIVE,Lose
"TPAA,94,判,694,20050519,1",ADMINISTRATIVE,Lose
"IPCA,103,行專訴,17,20140820,3",ADMINISTRATIVE,Lose
"TPAA,90,判,958,20010531,1",ADMINISTRATIVE,Lose
"TPBA,90,訴,4354,20021011,2",ADMINISTRATIVE,Lose
"IPCA,99,行專訴,94,20101104,3",ADMINISTRATIVE,Win
"TPBA,93,訴,1427,20050818,2",ADMINISTRATIVE,Lose
"TPBA,93,訴,1597,20050804,2",ADMINISTRATIVE,Lose
"TPAA,90,判,2244,20011129,1",ADMINISTRATIVE,Lose
"IPCA,98,行商訴,134,20090827,1",ADMINISTRATIVE,Lose
"TPAA,99,判,86,20100204,1",ADMINISTRATIVE,Lose
"TPBA,94,訴,1811,20060628,2",ADMINISTRATIVE,Lose
"TPBA,89,訴,1023,20011019,1",ADMINISTRATIVE,Lose
"TPBA,89,訴,1564,20010802,1",ADMINISTRATIVE,Lose
"TPAA,111,上,483,20230510,1",ADMINISTRATIVE,Lose
"TPBA,93,訴,2920,20050908,1",ADMINISTRATIVE,Lose
"IPCA,98,行商訴,36,20090604,2",ADMINISTRATIVE,Lose
"IPCA,110,行專訴,25,20211125,1",ADMINISTRATIVE,Lose
"TPBA,92,訴,3664,20050302,2",ADMINISTRATIVE,Lose
"TPAA,88,判,3376,19990831",ADMINISTRATIVE,Lose
"TPAA,110,上,51,20220127,1",ADMINISTRATIVE,Lose
"TPBA,92,訴,1129,20041021,1",ADMINISTRATIVE,Mixed
"TPBA,90,訴,5640,20020904,2",ADMINISTRATIVE,Lose
"TPBA,89,訴,1274,20011123,1",ADMINISTRATIVE,Lose
"TPAA,99,判,1014,20100930,1",ADMINISTRATIVE,Lose
"TPBA,90,訴,4381,20020828,2",ADMINISTRATIVE,Lose
"IPCA,100,行專訴,47,20111013,4",ADMINISTRATIVE,Lose
"TPAA,100,判,494,20110414,1",ADMINISTRATIVE,Lose
"TPBA,89,訴,528,20020220,1",ADMINISTRATIVE,Lose
"TPBA,92,訴,3954,20041110,2",ADMINISTRATIVE,Lose
"IPCA,98,行專訴,78,20091029,4",ADMINISTRATIVE,Win
"IPCA,105,行商訴,44,20160804,2",ADMINISTRATIVE,Lose
"TPAA,100,判,389,20110317,1",ADMINISTRATIVE,Lose
"TPAA,94,判,860,20050616,1",ADMINISTRATIVE,Lose
"IPCA,99,行專再,2,20110325,2",ADMINISTRATIVE,Lose
"TPBA,92,訴,2386,20041015,1",ADMINISTRATIVE,Mixed
"IPCA,102,行商訴,93,20131211,3",ADMINISTRATIVE,Lose
"TPBA,90,訴,4025,20021212,1",ADMINISTRATIVE,Lose
"IPCA,101,行商訴,148,20130131,2",ADMINISTRATIVE,Lose
"TPBA,91,訴,3860,20031211,2",ADMINISTRATIVE,Lose
"IPCA,103,行專訴,66,20150206,3",ADMINISTRATIVE,Mixed
"IPCA,97,行商訴,121,20090312,1",ADMINISTRATIVE,Lose
"TPAA,100,判,1425,20110811,1",ADMINISTRATIVE,Lose
"IPCA,99,行商訴,139,20101230,2",ADMINISTRATIVE,Lose
"IPCA,103,行商更(一),1,20141016,1",ADMINISTRATIVE,Mixed
"TPAA,108,判,446,20190920,1",ADMINISTRATIVE,Lose
"TPAA,94,判,1121,20050728,1",ADMINISTRATIVE,Lose
"TPAA,89,判,2384,20000627",ADMINISTRATIVE,Lose
"TPBA,90,訴,6365,20021031,2",ADMINISTRATIVE,Lose
"TPAA,102,判,224,20130418,1",ADMINISTRATIVE,Lose
"TPAA,89,判,1831,20000608",ADMINISTRATIVE,Lose
"TPBA,89,訴,2718,20011109,1",ADMINISTRATIVE,Lose
"TPAA,105,判,276,20160526,1",ADMINISTRATIVE,Lose
"IPCA,99,行商訴,46,20100826,3",ADMINISTRATIVE,Mixed
"IPCA,98,行商訴,109,20090827,1",ADMINISTRATIVE,Lose
"TPBA,91,訴,3276,20031016,1",ADMINISTRATIVE,Lose
"TPBA,94,訴,767,20060323,2",ADMINISTRATIVE,Lose
"TPBA,90,訴,2971,20011026,1",ADMINISTRATIVE,Lose
"TPBA,96,訴,1648,20080221,2",ADMINISTRATIVE,Lose
"IPCA,111,行專訴,3,20221118,3",ADMINISTRATIVE,Lose
"TPAA,92,判,517,20030508,1",ADMINISTRATIVE,Lose
"TPBA,97,訴,445,20080716,2",ADMINISTRATIVE,Lose
"IPCA,100,行專訴,81,20111130,3",ADMINISTRATIVE,Win
"TPAA,97,判,772,20080731,1",ADMINISTRATIVE,Lose
"TPBA,90,訴,4509,20021219,2",ADMINISTRATIVE,Lose
"IPCA,102,行專訴,81,20131106,3",ADMINISTRATIVE,Lose
"TPAA,90,判,2550,20011227,1",ADMINISTRATIVE,Lose
"IPCA,99,行專訴,160,20110323,3",ADMINISTRATIVE,Lose
"TPBA,95,訴,4290,20070920,2",ADMINISTRATIVE,Mixed
"TPAA,93,判,330,20040326,1",ADMINISTRATIVE,Lose
"TPBA,89,訴,3308,20020110,2",ADMINISTRATIVE,Lose
"TPAA,90,判,2482,20011221,1",ADMINISTRATIVE,Lose
"IPCA,109,行專訴,46,20210609,3",ADMINISTRATIVE,Win
"IPCA,105,行商訴,71,20161027,2",ADMINISTRATIVE,Lose
"IPCA,98,行商訴,77,20090924,1",ADMINISTRATIVE,Lose
"IPCA,109,行商訴,75,20210311,2",ADMINISTRATIVE,Lose
"IPCA,98,行商訴,119,20091105,2",ADMINISTRATIVE,Lose
"TPAA,98,判,250,20090312,1",ADMINISTRATIVE,Lose
"TPBA,92,訴,1761,20041104,2",ADMINISTRATIVE,Win
"TPAA,91,判,310,20020222,1",ADMINISTRATIVE,Lose
"TPBA,94,訴,655,20060413,2",ADMINISTRATIVE,Lose
"TPAA,95,判,45,20060112,1",ADMINISTRATIVE,Lose
"TPBA,93,訴,2363,20050722,2",ADMINISTRATIVE,Lose
"IPCA,102,行商訴,28,20130725,2",ADMINISTRATIVE,Lose
"TPAA,97,判,479,20080529,1",ADMINISTRATIVE,Lose
"TPBA,96,訴,2061,20080320,2",ADMINISTRATIVE,Lose
"IPCA,108,行商訴,62,20191128,2",ADMINISTRATIVE,Lose
"TPBA,94,訴,3317,20060824,1",ADMINISTRATIVE,Lose
"TPAA,98,判,1086,20090918,1",ADMINISTRATIVE,Lose
"TPBA,90,訴,6006,20021011,2",ADMINISTRATIVE,Lose
"IPCA,98,行商訴,156,20100121,4",ADMINISTRATIVE,Lose
"TPBA,91,訴,502,20030129,2",ADMINISTRATIVE,Lose
"TPBA,95,訴,2717,20070726,2",ADMINISTRATIVE,Lose
"TPBA,94,訴,2054,20060425,2",ADMINISTRATIVE,Lose
"IPCA,99,行商訴,5,20100527,2",ADMINISTRATIVE,Lose
"IPCA,108,行著訴,6,20200519,2",ADMINISTRATIVE,Lose
"TPBA,94,訴,2905,20060817,1",ADMINISTRATIVE,Lose
"IPCA,98,行商訴,203,20100513,2",ADMINISTRATIVE,Lose
"TPAA,104,判,247,20150521,1",ADMINISTRATIVE,Lose
"IPCA,107,行商訴,18,20181017,2",ADMINISTRATIVE,Lose
"IPCA,98,行商更(一),13,20100527,1",ADMINISTRATIVE,Lose
"TPBA,94,訴,697,20060223,2",ADMINISTRATIVE,Lose
"TPBA,93,訴,3696,20051130,2",ADMINISTRATIVE,Lose
"TPBA,91,訴,499,20030312,2",ADMINISTRATIVE,Lose
"TPAA,100,判,945,20110609,1",ADMINISTRATIVE,Lose
"TPBA,92,訴,231,20040506,1",ADMINISTRATIVE,Lose
"IPCA,98,行專更(一),6,20100701,2",ADMINISTRATIVE,Lose
"TPAA,97,判,920,20081009,1",ADMINISTRATIVE,Lose
"TPBA,93,訴,3290,20051026,2",ADMINISTRATIVE,Lose
"TPBA,96,訴,1639,20080131,2",ADMINISTRATIVE,Lose
"IPCA,99,行專訴,146,20110328,3",ADMINISTRATIVE,Lose
"TPBA,92,訴,5593,20050414,2",ADMINISTRATIVE,Lose
"IPCA,107,行商更(一),4,20190711,1",ADMINISTRATIVE,Win
"IPCA,100,行專訴,122,20120412,3",ADMINISTRATIVE,Lose
"TPAA,106,判,462,20170817,1",ADMINISTRATIVE,Lose
"TPBA,93,訴,3534,20051027,2",ADMINISTRATIVE,Lose
"TPAA,109,上,249,20220217,1",ADMINISTRATIVE,Lose
"IPCA,112,行商訴,30,20240229,2",ADMINISTRATIVE,Mixed
"IPCA,103,行商訴,71,20140925,1",ADMINISTRATIVE,Lose
"IPCA,108,行商訴,113,20200529,2",ADMINISTRATIVE,Lose
"TPBA,92,訴,2738,20041125,1",ADMINISTRATIVE,Lose
"TPAA,90,判,1791,20011005,1",ADMINISTRATIVE,Lose
"TPBA,92,訴,249,20040312,2",ADMINISTRATIVE,Lose
"TPAA,90,判,1257,20010720,1",ADMINISTRATIVE,Lose
"TPAA,112,上,31,20230720,1",ADMINISTRATIVE,Lose
"IPCA,113,行商訴,23,20241121,2",ADMINISTRATIVE,Lose
"TPBA,91,訴,1159,20030515,1",ADMINISTRATIVE,Mixed
"TPBA,92,訴,4092,20041117,2",ADMINISTRATIVE,Lose
"TPBA,95,訴,2958,20070524,2",ADMINISTRATIVE,Lose
"TPBA,90,訴,3924,20020117,1",ADMINISTRATIVE,Lose
"TPBA,96,訴,3839,20080401,1",ADMINISTRATIVE,Lose
"TPAA,96,判,1414,20070809,1",ADMINISTRATIVE,Lose
"TPAA,102,判,577,20130911,1",ADMINISTRATIVE,Lose
"TPBA,90,訴,4600,20020515,2",ADMINISTRATIVE,Lose
"TPBA,94,訴,1014,20060425,2",ADMINISTRATIVE,Lose
"TPBA,90,訴,6653,20030508,2",ADMINISTRATIVE,Lose
"TPBA,94,訴,2439,20060620,2",ADMINISTRATIVE,Lose
"TPBA,91,訴,3570,20031113,2",ADMINISTRATIVE,Lose
"TPBA,93,訴更一,36,20041222,1",ADMINISTRATIVE,Win
"TPBA,92,訴,1975,20040707,1",ADMINISTRATIVE,Win
"TPBA,91,訴,78,20030226,2",ADMINISTRATIVE,Lose
"IPCA,100,行商訴,61,20111031,2",ADMINISTRATIVE,Lose
"TPBA,93,訴,3643,20051222,1",ADMINISTRATIVE,Lose
"IPCA,111,行商訴,66,20230209,2",ADMINISTRATIVE,Lose
"TPBA,91,訴,1759,20030605,2",ADMINISTRATIVE,Lose
"TPBA,91,訴,278,20021225,2",ADMINISTRATIVE,Lose
"IPCA,110,行專訴,17,20210929,2",ADMINISTRATIVE,Lose
"TPAA,100,判,390,20110317,1",ADMINISTRATIVE,Lose
"IPCA,110,行專訴,55,20220428,1",ADMINISTRATIVE,Lose
"IPCA,100,行專訴,120,20120531,3",ADMINISTRATIVE,Lose
"TPBA,97,訴,157,20080717,2",ADMINISTRATIVE,Lose
"IPCA,104,行商訴,44,20150917,2",ADMINISTRATIVE,Lose
"IPCA,108,行專訴,58,20200227,4",ADMINISTRATIVE,Mixed
"IPCA,108,行專訴,54,20191219,3",ADMINISTRATIVE,Win
"IPCA,98,行商訴,4,20090430,3",ADMINISTRATIVE,Lose
"TPAA,95,判,1546,20060921,1",ADMINISTRATIVE,Lose
"IPCA,99,行商訴,67,20100805,2",ADMINISTRATIVE,Lose
"IPCA,102,行專訴,60,20131114,3",ADMINISTRATIVE,Lose
"TPBA,94,訴,2249,20060628,1",ADMINISTRATIVE,Lose
"TPAA,90,判,1085,20010614,1",ADMINISTRATIVE,Win
"TPAA,95,判,583,20060427,1",ADMINISTRATIVE,Lose
"TPBA,95,訴,523,20061221,2",ADMINISTRATIVE,Lose
"IPCA,100,行專更(二),5,20110526,2",ADMINISTRATIVE,Lose
"TPBA,92,訴,5331,20041231,1",ADMINISTRATIVE,Lose
"TPBA,93,訴,805,20050721,2",ADMINISTRATIVE,Lose
"TPBA,89,訴,853,20020326,2",ADMINISTRATIVE,Lose
"TPBA,93,訴,1931,20051020,2",ADMINISTRATIVE,Lose
"IPCA,97,行商訴,56,20081211,2",ADMINISTRATIVE,Lose
"TPAA,91,判,392,20020314,1",ADMINISTRATIVE,Lose
"IPCA,106,行專訴,57,20171123,1",ADMINISTRATIVE,Win
"IPCA,103,行商訴,144,20160226,2",ADMINISTRATIVE,Lose
"TPAA,95,判,1119,20060720,1",ADMINISTRATIVE,Lose
"TPBA,97,訴,147,20080528,2",ADMINISTRATIVE,Lose
"IPCA,109,行商訴,60,20201231,3",ADMINISTRATIVE,Lose
"TPBA,90,訴,219,20011108,1",ADMINISTRATIVE,Lose
"IPCA,111,行專訴,17,20220830,4",ADMINISTRATIVE,Win
"IPCA,98,行商更(一),5,20091112,1",ADMINISTRATIVE,Lose
"TPBA,92,訴,1661,20040616,2",ADMINISTRATIVE,Mixed
"TPBA,91,訴,4604,20040325,2",ADMINISTRATIVE,Lose
"TPBA,91,訴,5140,20040128,3",ADMINISTRATIVE,Lose
"TPAA,89,判,3033,20001031,1",ADMINISTRATIVE,Lose
"TPAA,90,判,381,20010315,1",ADMINISTRATIVE,Lose
"TPAA,95,判,544,20060420,1",ADMINISTRATIVE,Lose
"IPCA,98,行專訴,30,20090820,4",ADMINISTRATIVE,Lose
"TPAA,109,判,68,20200213,1",ADMINISTRATIVE,Lose
"TPAA,90,判,1880,20011018,1",ADMINISTRATIVE,Lose
"TPBA,95,訴,2098,20070517,1",ADMINISTRATIVE,Lose
"IPCA,106,行商訴,20,20171229,2",ADMINISTRATIVE,Lose
"IPCA,100,行專訴,95,20120209,4",ADMINISTRATIVE,Lose
"IPCA,99,行商訴,117,20110224,4",ADMINISTRATIVE,Lose
"IPCA,106,行商訴,89,20180329,2",ADMINISTRATIVE,Lose
"TPBA,95,訴,2136,20070329,1",ADMINISTRATIVE,Lose
"IPCA,103,行商訴,109,20150212,3",ADMINISTRATIVE,Lose
"IPCA,100,行專訴,36,20110825,3",ADMINISTRATIVE,Lose
"TPBA,95,訴,2770,20070627,2",ADMINISTRATIVE,Win
"IPCA,104,行商訴,96,20160107,2",ADMINISTRATIVE,Lose
"IPCA,106,行商訴,106,20180222,1",ADMINISTRATIVE,Lose
"TPBA,90,訴,6141,20021226,2",ADMINISTRATIVE,Lose
"TPBA,95,訴,4393,20071024,2",ADMINISTRATIVE,Mixed
"TPBA,95,訴,970,20070125,2",ADMINISTRATIVE,Lose
"TPAA,91,判,1381,20020726,1",ADMINISTRATIVE,Lose
"IPCA,109,行商訴,23,20200902,2",ADMINISTRATIVE,Lose
"TPBA,93,訴,3289,20051110,2",ADMINISTRATIVE,Lose
"TPAA,94,判,167,20050131,1",ADMINISTRATIVE,Lose
"IPCA,97,行專訴,85,20090507,3",ADMINISTRATIVE,Lose
"TPAA,95,判,1369,20060824,1",ADMINISTRATIVE,Lose
"TPAA,96,判,1357,20070802,1",ADMINISTRATIVE,Lose
"TPAA,98,判,1224,20091008,1",ADMINISTRATIVE,Lose
"IPCA,107,行專訴,95,20190625,3",ADMINISTRATIVE,Lose
"IPCA,113,行商訴,34,20241231,1",ADMINISTRATIVE,Lose
"IPCA,112,行商訴,19,20231019,2",ADMINISTRATIVE,Mixed
"TPBA,96,訴,1286,20080117,2",ADMINISTRATIVE,Lose
"TPBA,96,訴,2194,20080213,2",ADMINISTRATIVE,Lose
"TPAA,90,判,676,20010427,1",ADMINISTRATIVE,Lose
"TPBA,90,訴,1056,20020620,2",ADMINISTRATIVE,Lose
"TPBA,95,訴,334,20061221,2",ADMINISTRATIVE,Lose
"TPBA,90,訴,2042,20020410,2",ADMINISTRATIVE,Lose
"TPAA,105,判,549,20161026,1",ADMINISTRATIVE,Lose
"IPCA,108,行專訴,45,20191106,3",ADMINISTRATIVE,Lose
"IPCA,101,行專訴,42,20121101,3",ADMINISTRATIVE,Lose
"IPCA,106,行商訴,101,20181130,3",ADMINISTRATIVE,Lose
"TPAA,93,判,1149,20040909,1",ADMINISTRATIVE,Lose
"TPAA,95,判,1266,20060810,1",ADMINISTRATIVE,Lose
"TPBA,94,訴,2943,20060727,2",ADMINISTRATIVE,Lose
"TPBA,93,訴,3039,20051018,3",ADMINISTRATIVE,Win
"IPCA,101,行專訴,87,20130307,3",ADMINISTRATIVE,Lose
"TPBA,89,訴,1518,20010829,2",ADMINISTRATIVE,Lose
"IPCA,99,行專訴,172,20110609,4",ADMINISTRATIVE,Lose
"IPCA,112,行商訴,44,20240726,2",ADMINISTRATIVE,Lose
"IPCA,108,行商訴,30,20190822,2",ADMINISTRATIVE,Mixed
"TPBA,89,訴,1702,20010517,1",ADMINISTRATIVE,Lose
"TPBA,96,訴,1374,20071213,2",ADMINISTRATIVE,Lose
"TPBA,92,訴,4438,20041215,2",ADMINISTRATIVE,Lose
"TPAA,106,判,509,20170921,1",ADMINISTRATIVE,Lose
"TPBA,90,訴,6033,20021226,2",ADMINISTRATIVE,Mixed
"TPBA,93,訴,2648,20050929,2",ADMINISTRATIVE,Lose
"TPAA,96,判,1638,20070913,1",ADMINISTRATIVE,Lose
"TPBA,90,訴,334,20011017,2",ADMINISTRATIVE,Lose
"TPBA,96,訴,3558,20080401,1",ADMINISTRATIVE,Lose
"TPAA,94,判,358,20050317,1",ADMINISTRATIVE,Lose
"IPCA,97,行商訴,86,20090319,3",ADMINISTRATIVE,Lose
"TPAA,93,判,684,20040531,1",ADMINISTRATIVE,Lose
"TPAA,98,判,380,20090409,1",ADMINISTRATIVE,Lose
"IPCA,101,行商訴,178,20130327,2",ADMINISTRATIVE,Mixed
"TPAA,89,判,2380,20000627",ADMINISTRATIVE,Lose
"IPCA,109,行專訴,2,20200805,3",ADMINISTRATIVE,Lose
"TPAA,90,判,2511,20011221,1",ADMINISTRATIVE,Lose
"IPCA,108,行商訴,4,20190725,2",ADMINISTRATIVE,Lose
"TPBA,93,訴,4101,20051201,2",ADMINISTRATIVE,Lose
"IPCA,108,行商訴,102,20200116,2",ADMINISTRATIVE,Lose
"TPBA,94,訴,2416,20060530,2",ADMINISTRATIVE,Lose
"TPAA,89,判,1268,20000427",ADMINISTRATIVE,Lose
"TPAA,88,判,3474,19990916",ADMINISTRATIVE,Lose
"IPCA,105,行商訴,135,20170525,2",ADMINISTRATIVE,Lose
"TPBA,95,訴,1855,20070419,2",ADMINISTRATIVE,Lose
"TPBA,93,訴,4006,20051110,2",ADMINISTRATIVE,Lose
"TPBA,90,訴,3884,20020418,1",ADMINISTRATIVE,Lose
"TPAA,111,上,151,20221020,1",ADMINISTRATIVE,Lose
"TPBA,95,訴,623,20070131,2",ADMINISTRATIVE,Lose
"TPAA,104,判,61,20150129,1",ADMINISTRATIVE,Lose
"TPBA,90,訴,2047,20020515,2",ADMINISTRATIVE,Lose
"TPAA,93,判,518,20040429,1",ADMINISTRATIVE,Lose
"TPBA,92,訴,2101,20040730,1",ADMINISTRATIVE,Lose
"TPAA,91,判,131,20020118,1",ADMINISTRATIVE,Lose
"TPBA,94,訴,2381,20060712,2",ADMINISTRATIVE,Lose
"IPCA,104,行商訴,37,20151030,2",ADMINISTRATIVE,Lose
"IPCA,112,行專訴,35,20240229,3",ADMINISTRATIVE,Lose
"IPCA,106,行商更(一),3,20180614,1",ADMINISTRATIVE,Win
"TPBA,94,訴,3560,20060914,2",ADMINISTRATIVE,Lose
"IPCA,99,行商訴,58,20100624,1",ADMINISTRATIVE,Lose
"IPCA,97,行商訴,107,20090326,2",ADMINISTRATIVE,Lose
"IPCA,112,行專訴,33,20240425,2",ADMINISTRATIVE,Mixed
"IPCA,105,行商訴,136,20170426,2",ADMINISTRATIVE,Lose
"IPCA,104,行商訴,127,20160428,2",ADMINISTRATIVE,Mixed
"TPBA,96,訴,3622,20080424,2",ADMINISTRATIVE,Win
"TPBA,94,訴,1951,20060511,2",ADMINISTRATIVE,Lose
"TPAA,91,判,18,20020104,1",ADMINISTRATIVE,Lose
"IPCA,109,行商訴,7,20200630,2",ADMINISTRATIVE,Lose
"TPBA,97,訴,919,20080827,2",ADMINISTRATIVE,Lose
"TPAA,111,上,877,20230420,1",ADMINISTRATIVE,Lose
"TPBA,92,訴,4815,20041208,2",ADMINISTRATIVE,Lose
"IPCA,98,行專訴,72,20091203,3",ADMINISTRATIVE,Lose
"TPBA,95,訴,2493,20070628,2",ADMINISTRATIVE,Lose
"TPBA,95,訴,3438,20070809,2",ADMINISTRATIVE,Win
"TPBA,91,訴,3615,20031106,1",ADMINISTRATIVE,Win
"TPAA,95,判,626,20060504,1",ADMINISTRATIVE,Lose
"TPBA,92,訴,859,20040624,2",ADMINISTRATIVE,Lose
"TPAA,98,判,1001,20090827,1",ADMINISTRATIVE,Lose
"TPBA,89,訴,1188,20010326,2",ADMINISTRATIVE,Lose
"IPCA,107,行專訴,80,20190321,3",ADMINISTRATIVE,Lose
"TPBA,95,訴,3958,20070727,1",ADMINISTRATIVE,Lose
"IPCA,105,行商訴,22,20160901,2",ADMINISTRATIVE,Lose
"TPBA,91,訴,3257,20031008,2",ADMINISTRATIVE,Lose
"IPCA,101,行商訴,33,20120719,2",ADMINISTRATIVE,Lose
"TPBA,92,訴,482,20040520,2",ADMINISTRATIVE,Lose
"TPAA,98,判,621,20090604,1",ADMINISTRATIVE,Lose
"IPCA,106,行商訴,41,20170817,1",ADMINISTRATIVE,Lose
"TPBA,96,訴,698,20071114,1",ADMINISTRATIVE,Lose
"TPAA,88,判,3372,19990831",ADMINISTRATIVE,Lose
"TPBA,91,訴,4624,20050426,1",ADMINISTRATIVE,Lose
"TPBA,95,訴,3148,20070726,1",ADMINISTRATIVE,Lose
"IPCA,98,行商訴,181,20100211,3",ADMINISTRATIVE,Lose
"TPBA,93,訴,744,20050525,2",ADMINISTRATIVE,Lose
"TPBA,94,訴,1542,20060323,2",ADMINISTRATIVE,Lose
"TPAA,89,判,3368,20001130,1",ADMINISTRATIVE,Lose
"TPAA,110,上,671,20230316,1",ADMINISTRATIVE,Lose
"IPCA,104,行專更(一),1,20151130,2",ADMINISTRATIVE,Lose
"TPBA,94,訴,569,20060413,2",ADMINISTRATIVE,Lose
"IPCA,106,行商訴,35,20180328,3",ADMINISTRATIVE,Lose
"TPBA,97,訴,376,20080528,1",ADMINISTRATIVE,Lose
"IPCA,103,行專訴,11,20140709,3",ADMINISTRATIVE,Lose
"IPCA,99,行商訴,138,20101223,1",ADMINISTRATIVE,Lose
"TPBA,96,訴,1326,20071129,2",ADMINISTRATIVE,Lose
"IPCA,100,行商訴,67,20111103,3",ADMINISTRATIVE,Lose
"IPCA,108,行商訴,43,20191017,2",ADMINISTRATIVE,Lose
"TPBA,90,訴,4938,20020815,2",ADMINISTRATIVE,Lose
"IPCA,102,行商訴,137,20140618,2",ADMINISTRATIVE,Lose
"IPCA,102,行商訴,147,20140509,1",ADMINISTRATIVE,Lose
"IPCA,112,行專訴,1,20230727,3",ADMINISTRATIVE,Lose
"IPCA,102,行專訴,87,20140122,4",ADMINISTRATIVE,Mixed
"TPBA,96,訴,1246,20080124,2",ADMINISTRATIVE,Lose
"IPCA,101,行專訴,91,20130103,1",ADMINISTRATIVE,Lose
"TPBA,95,訴,83,20061109,1",ADMINISTRATIVE,Lose
"IPCA,100,行商訴,49,20110825,2",ADMINISTRATIVE,Lose
"IPCA,110,行專訴,18,20211130,3",ADMINISTRATIVE,Lose
"IPCA,106,行著訴,2,20180418,3",ADMINISTRATIVE,Lose
"IPCA,107,行商訴,87,20190516,3",ADMINISTRATIVE,Lose
"IPCA,104,行專訴,58,20151211,3",ADMINISTRATIVE,Mixed
"TPBA,95,訴,3420,20070614,2",ADMINISTRATIVE,Mixed
"TPAA,88,判,247,19990204",ADMINISTRATIVE,Lose
"IPCA,97,行商訴,68,20090122,2",ADMINISTRATIVE,Lose
"TPAA,88,判,3731,19991022",ADMINISTRATIVE,Lose
"TPBA,90,訴,5825,20021219,2",ADMINISTRATIVE,Lose
"TPBA,90,訴,2667,20020704,1",ADMINISTRATIVE,Mixed
"TPAA,88,判,3308,19990820",ADMINISTRATIVE,Lose
"TPAA,107,判,161,20180329,1",ADMINISTRATIVE,Lose
"IPCA,101,行專訴,39,20121025,4",ADMINISTRATIVE,Lose
"TPBA,97,訴,377,20080508,1",ADMINISTRATIVE,Lose
"IPCA,103,行專訴,114,20150917,3",ADMINISTRATIVE,Win
"IPCA,106,行商訴,141,20180510,1",ADMINISTRATIVE,Win
"TPBA,91,訴,1091,20030423,2",ADMINISTRATIVE,Lose
"TPBA,95,訴更一,101,20070227,1",ADMINISTRATIVE,Lose
"IPCA,99,行專訴,114,20101230,3",ADMINISTRATIVE,Win
"IPCA,108,行商訴,13,20190829,1",ADMINISTRATIVE,Lose
"TPAA,109,上,1106,20220714,1",ADMINISTRATIVE,Lose
"TPBA,95,訴,2283,20070719,1",ADMINISTRATIVE,Mixed
"IPCA,98,行商訴,95,20090827,1",ADMINISTRATIVE,Lose
"TPAA,95,判,311,20060309,1",ADMINISTRATIVE,Lose
"TPAA,93,判,72,20040130,1",ADMINISTRATIVE,Lose
"IPCA,112,行專訴,18,20240104,3",ADMINISTRATIVE,Win
"TPAA,90,判,2227,20011129,1",ADMINISTRATIVE,Lose
"TPBA,92,訴,1018,20040512,2",ADMINISTRATIVE,Lose
"IPCA,104,行專訴,19,20150827,3",ADMINISTRATIVE,Lose
"IPCA,104,行專訴,32,20151022,3",ADMINISTRATIVE,Mixed
"TPBA,90,訴,3900,20020708,2",ADMINISTRATIVE,Lose
"TPAA,111,上,348,20230131,1",ADMINISTRATIVE,Lose
"TPAA,89,判,1032,20000413",ADMINISTRATIVE,Lose
"TPAA,105,判,394,20160728,1",ADMINISTRATIVE,Lose
"TPBA,95,訴,2921,20070530,1",ADMINISTRATIVE,Win
"TPAA,90,判,1705,20010924,1",ADMINISTRATIVE,Win
"TPBA,97,訴,1501,20081120,2",ADMINISTRATIVE,Lose
"TPBA,95,訴,4364,20070828,1",ADMINISTRATIVE,Lose
"IPCA,99,行專訴,109,20101223,3",ADMINISTRATIVE,Win
"IPCA,109,行專訴,28,20210225,4",ADMINISTRATIVE,Lose
"TPBA,94,訴,695,20060420,2",ADMINISTRATIVE,Lose
"IPCA,110,行專訴,32,20211229,3",ADMINISTRATIVE,Lose
"TPAA,110,上,568,20220519,1",ADMINISTRATIVE,Lose
"TPBA,96,訴,3455,20080501,2",ADMINISTRATIVE,Lose
"IPCA,109,行商訴,118,20210225,1",ADMINISTRATIVE,Lose
"IPCA,108,行商訴,67,20191121,2",ADMINISTRATIVE,Lose
"IPCA,97,行專訴,77,20090625,3",ADMINISTRATIVE,Lose
"TPAA,109,上,33,20220224,1",ADMINISTRATIVE,Lose
"TPAA,89,判,1542,20000518",ADMINISTRATIVE,Lose
"IPCA,99,行專訴,40,20100923,4",ADMINISTRATIVE,Win
"IPCA,108,行商訴,31,20190919,1",ADMINISTRATIVE,Win
"IPCA,106,行著訴,4,20180426,2",ADMINISTRATIVE,Lose
"TPAA,95,判,1181,20060731,1",ADMINISTRATIVE,Lose
"TPBA,94,訴,3356,20060720,2",ADMINISTRATIVE,Lose
"TPBA,89,訴,736,20010309,1",ADMINISTRATIVE,Lose
"TPAA,91,判,2158,20021129,1",ADMINISTRATIVE,Lose
"TPBA,89,訴,3216,20011231,1",ADMINISTRATIVE,Lose
"TPAA,90,判,1132,20010622,1",ADMINISTRATIVE,Lose
"TPBA,89,訴,1498,20010517,1",ADMINISTRATIVE,Lose
"TPBA,91,訴,2676,20030918,1",ADMINISTRATIVE,Lose
"TPAA,102,判,556,20130830,1",ADMINISTRATIVE,Lose
"TPAA,96,判,808,20070510,1",ADMINISTRATIVE,Lose
"TPAA,89,判,2179,20000623",ADMINISTRATIVE,Lose
"TPAA,91,判,1758,20020926,1",ADMINISTRATIVE,Lose
"IPCA,98,行專訴,15,20090820,3",ADMINISTRATIVE,Lose
"IPCA,101,行商訴,169,20130131,1",ADMINISTRATIVE,Lose
"TPBA,90,訴,4268,20020619,2",ADMINISTRATIVE,Lose
"TPBA,90,訴,2999,20020208,1",ADMINISTRATIVE,Lose
"IPCA,108,行商訴,2,20190828,2",ADMINISTRATIVE,Lose
"IPCA,100,行商訴,28,20110804,3",ADMINISTRATIVE,Lose
"TPAA,92,判,990,20030731,1",ADMINISTRATIVE,Lose
"IPCA,102,行專訴,8,20130530,3",ADMINISTRATIVE,Win
"TPBA,96,訴,1008,20071227,2",ADMINISTRATIVE,Lose
"IPCA,108,行專訴,82,20200409,3",ADMINISTRATIVE,Lose
"TPBA,95,訴,2698,20070809,1",ADMINISTRATIVE,Lose
"TPBA,89,訴,3283,20011017,2",ADMINISTRATIVE,Win
"TPAA,90,判,741,20010504,1",ADMINISTRATIVE,Lose
"IPCA,99,行專訴,22,20100610,2",ADMINISTRATIVE,Lose
"IPCA,97,行專訴,81,20090430,3",ADMINISTRATIVE,Win
"TPAA,110,上,171,20230406,1",ADMINISTRATIVE,Lose
"IPCA,103,行專訴,29,20140807,3",ADMINISTRATIVE,Lose
"IPCA,99,行商訴,147,20101223,2",ADMINISTRATIVE,Mixed
"TPAA,96,判,907,20070524,1",ADMINISTRATIVE,Lose
"IPCA,97,行商訴,123,20090430,2",ADMINISTRATIVE,Lose
"TPAA,96,判,166,20070131,1",ADMINISTRATIVE,Lose
"TPBA,95,訴,2509,20070424,1",ADMINISTRATIVE,Lose
"IPCA,103,行商訴,7,20140507,1",ADMINISTRATIVE,Lose
"TPAA,88,判,4019,19991126",ADMINISTRATIVE,Lose
"IPCA,100,行商訴,7,20110602,3",ADMINISTRATIVE,Lose
"TPBA,94,訴,4141,20061214,2",ADMINISTRATIVE,Lose
"IPCA,108,行商訴,116,20200429,1",ADMINISTRATIVE,Lose
"TPBA,90,訴,1988,20020718,2",ADMINISTRATIVE,Lose
"IPCA,102,行商訴,87,20131031,3",ADMINISTRATIVE,Lose
"TPBA,94,訴更一,139,20060803,2",ADMINISTRATIVE,Lose
"IPCA,97,行商訴,102,20090331,2",ADMINISTRATIVE,Lose
"TPBA,93,訴,1673,20050610,2",ADMINISTRATIVE,Win
"TPBA,95,訴,972,20061228,2",ADMINISTRATIVE,Lose
"TPBA,95,訴,2889,20070524,1",ADMINISTRATIVE,Lose
"TPBA,90,訴,2876,20020307,2",ADMINISTRATIVE,Lose
"TPBA,93,訴,832,20050527,2",ADMINISTRATIVE,Lose
"TPBA,90,訴,233,20011214,2",ADMINISTRATIVE,Lose
"TPAA,90,判,140,20010111,1",ADMINISTRATIVE,Lose
"TPBA,97,訴,932,20081030,2",ADMINISTRATIVE,Lose
"TPBA,97,訴,197,20080724,2",ADMINISTRATIVE,Lose
"TPBA,92,訴,3652,20050311,2",ADMINISTRATIVE,Lose
"TPBA,94,訴,4121,20061130,2",ADMINISTRATIVE,Lose
"IPCA,99,行商訴,8,20100513,1",ADMINISTRATIVE,Mixed
"IPCA,102,行商訴,89,20140129,3",ADMINISTRATIVE,Lose
"IPCA,105,行商訴,152,20170713,3",ADMINISTRATIVE,Lose
"IPCA,103,行商訴,143,20150429,2",ADMINISTRATIVE,Lose
"IPCA,103,行專訴,31,20141030,3",ADMINISTRATIVE,Lose
"TPAA,105,判,546,20161026,1",ADMINISTRATIVE,Lose
"TPAA,91,判,589,20020425,1",ADMINISTRATIVE,Lose
"IPCA,98,行專訴,38,20090806,4",ADMINISTRATIVE,Lose
"TPBA,94,訴,3602,20070130,2",ADMINISTRATIVE,Lose
"TPBA,91,訴,1316,20030522,2",ADMINISTRATIVE,Lose
"TPBA,90,訴,441,20020227,2",ADMINISTRATIVE,Lose
"TPBA,95,訴,4286,20071129,2",ADMINISTRATIVE,Lose
"TPAA,88,判,3463,19990916",ADMINISTRATIVE,Lose
"TPBA,91,訴,2671,20030722,2",ADMINISTRATIVE,Lose
"IPCA,105,行專訴,26,20170125,4",ADMINISTRATIVE,Lose
"IPCA,101,行專訴,11,20120628,4",ADMINISTRATIVE,Lose
"TPAA,88,判,3781,19991028",ADMINISTRATIVE,Lose
"IPCA,108,行專訴,26,20200206,3",ADMINISTRATIVE,Lose
"TPAA,93,判,1589,20041216,1",ADMINISTRATIVE,Lose
"TPBA,95,訴,1075,20070103,1",ADMINISTRATIVE,Lose
"TPAA,89,判,2403,20000627",ADMINISTRATIVE,Lose
"TPBA,91,訴,3539,20040115,2",ADMINISTRATIVE,Win
"TPBA,94,訴,559,20060210,2",ADMINISTRATIVE,Lose
"IPCA,105,行專訴,94,20170830,1",ADMINISTRATIVE,Lose
"TPBA,97,訴,639,20080827,2",ADMINISTRATIVE,Lose
"TPBA,91,訴,2034,20030717,2",ADMINISTRATIVE,Lose
"TPAA,92,判,607,20030522,1",ADMINISTRATIVE,Lose
"TPBA,95,訴,2012,20070419,1",ADMINISTRATIVE,Lose
"TPBA,93,訴,328,20050503,2",ADMINISTRATIVE,Lose
"TPBA,91,訴,607,20030306,1",ADMINISTRATIVE,Lose
"IPCA,102,行專訴,5,20130501,3",ADMINISTRATIVE,Lose
"TPBA,90,訴,5753,20021106,2",ADMINISTRATIVE,Lose
"TPAA,87,判,2051,19981015,1",ADMINISTRATIVE,Lose
"TPAA,99,判,7,20100114,1",ADMINISTRATIVE,Lose
"IPCA,109,行商訴,8,20200630,2",ADMINISTRATIVE,Lose
"TPBA,96,訴,1836,20080116,2",ADMINISTRATIVE,Lose
"TPBA,94,訴,4129,20061219,2",ADMINISTRATIVE,Lose
"TPBA,93,訴,3267,20051102,2",ADMINISTRATIVE,Lose
"TPAA,97,判,62,20080306,1",ADMINISTRATIVE,Lose
"TPAA,89,判,2370,20000627",ADMINISTRATIVE,Lose
"TPAA,90,判,679,20010427,1",ADMINISTRATIVE,Lose
"TPBA,97,訴,13,20080430,2",ADMINISTRATIVE,Lose
"TPAA,108,判,581,20191219,1",ADMINISTRATIVE,Lose
"TPBA,93,訴,1934,20050908,2",ADMINISTRATIVE,Lose
"IPCA,108,行專訴,34,20191031,3",ADMINISTRATIVE,Lose
"TPBA,94,訴,2030,20060628,2",ADMINISTRATIVE,Mixed
"TPAA,88,判,2022,19990527",ADMINISTRATIVE,Lose
"TPAA,112,上,222,20230720,1",ADMINISTRATIVE,Lose
"TPBA,94,訴,2847,20060823,2",ADMINISTRATIVE,Lose
"TPAA,102,判,177,20130329,1",ADMINISTRATIVE,Lose
"TPAA,90,判,881,20010524,1",ADMINISTRATIVE,Lose
"TPAA,89,判,1935,20000615",ADMINISTRATIVE,Lose
"TPBA,93,訴,2377,20050922,2",ADMINISTRATIVE,Lose
"TPBA,89,訴,138,20010621,3",ADMINISTRATIVE,Lose
"TPAA,89,判,2782,20000921,1",ADMINISTRATIVE,Lose
"TPBA,94,訴,4099,20061205,2",ADMINISTRATIVE,Lose
"TPBA,97,訴,1183,20080827,2",ADMINISTRATIVE,Lose
"IPCA,102,行專訴,106,20140220,3",ADMINISTRATIVE,Lose
"IPCA,105,行商訴,48,20160831,2",ADMINISTRATIVE,Win
"TPBA,93,訴,847,20050527,2",ADMINISTRATIVE,Lose
"IPCA,105,行商訴,81,20161125,2",ADMINISTRATIVE,Lose
"TPBA,93,訴,3054,20051124,2",ADMINISTRATIVE,Lose
"TPBA,96,訴,1072,20071128,2",ADMINISTRATIVE,Lose
"IPCA,100,行商訴,6,20110519,2",ADMINISTRATIVE,Lose
"IPCA,105,行商訴,156,20170823,3",ADMINISTRATIVE,Lose
"IPCA,104,行專更(一),7,20160324,2",ADMINISTRATIVE,Win
"TPAA,96,判,1929,20071031,1",ADMINISTRATIVE,Lose
"TPBA,91,訴,3098,20030910,2",ADMINISTRATIVE,Lose
"TPAA,96,判,1514,20070823,1",ADMINISTRATIVE,Lose
"IPCA,110,行商訴,82,20220310,1",ADMINISTRATIVE,Lose
"IPCA,113,行商訴,39,20241212,1",ADMINISTRATIVE,Lose
"IPCA,103,行商訴,101,20150212,2",ADMINISTRATIVE,Win
"IPCA,103,行專訴,51,20141009,3",ADMINISTRATIVE,Lose
"TPBA,94,訴,2623,20060713,2",ADMINISTRATIVE,Lose
"TPBA,94,訴,3188,20060810,2",ADMINISTRATIVE,Lose
"TPAA,89,判,294,20000128",ADMINISTRATIVE,Lose
"TPBA,95,訴,3375,20070725,2",ADMINISTRATIVE,Lose
"TPBA,95,訴,3437,20070719,1",ADMINISTRATIVE,Mixed
"TPAA,96,判,753,20070430,1",ADMINISTRATIVE,Lose
"TPBA,91,訴,4799,20040331,3",ADMINISTRATIVE,Lose
"TPBA,92,訴,1036,20041104,2",ADMINISTRATIVE,Lose
"TPBA,97,訴,148,20080528,2",ADMINISTRATIVE,Lose
"IPCA,101,行專訴,89,20130327,3",ADMINISTRATIVE,Mixed
"IPCA,111,行商訴,81,20230720,2",ADMINISTRATIVE,Win
"IPCA,108,行商訴,140,20200527,1",ADMINISTRATIVE,Lose
"TPBA,93,訴,18,20050429,2",ADMINISTRATIVE,Lose
"TPBA,95,訴,1292,20070726,2",ADMINISTRATIVE,Win
"TPAA,104,判,794,20151231,1",ADMINISTRATIVE,Lose
"TPBA,91,訴,4793,20040114,1",ADMINISTRATIVE,Lose
"TPBA,90,訴,6140,20021009,2",ADMINISTRATIVE,Lose
"TPBA,90,訴,5033,20021114,1",ADMINISTRATIVE,Lose
"IPCA,98,行專訴,100,20100204,3",ADMINISTRATIVE,Lose
"TPAA,93,判,443,20040422,1",ADMINISTRATIVE,Lose
"IPCA,107,行專訴,20,20180920,4",ADMINISTRATIVE,Lose
"TPBA,95,訴,2097,20070517,1",ADMINISTRATIVE,Lose
"TPAA,90,判,1699,20010924,1",ADMINISTRATIVE,Win
"TPAA,109,判,87,20200221,1",ADMINISTRATIVE,Lose
"IPCA,104,行商訴,86,20160129,2",ADMINISTRATIVE,Lose
"TPBA,90,訴,4696,20020521,1",ADMINISTRATIVE,Lose
"IPCA,110,行專訴,7,20211027,3",ADMINISTRATIVE,Lose
"IPCA,99,行商訴,100,20101125,1",ADMINISTRATIVE,Lose
"IPCA,98,行專訴,92,20100211,3",ADMINISTRATIVE,Lose
"TPBA,95,訴,3489,20070711,1",ADMINISTRATIVE,Lose
"TPAA,98,判,456,20090430,1",ADMINISTRATIVE,Lose
"IPCA,104,行商訴,128,20160204,2",ADMINISTRATIVE,Lose
"TPBA,94,訴,1846,20060622,2",ADMINISTRATIVE,Lose
"TPBA,96,訴,163,20070927,2",ADMINISTRATIVE,Win
"IPCA,102,行商訴,116,20140528,2",ADMINISTRATIVE,Lose
"IPCA,105,行專訴,22,20161125,3",ADMINISTRATIVE,Mixed
"TPAA,90,判,1901,20011019,1",ADMINISTRATIVE,Lose
"TPBA,93,訴,1973,20050804,2",ADMINISTRATIVE,Lose
"TPBA,92,訴,3227,20040915,1",ADMINISTRATIVE,Lose
"TPBA,91,訴,4869,20040211,1",ADMINISTRATIVE,Lose
"TPAA,90,判,1258,20010720,1",ADMINISTRATIVE,Lose
"IPCA,104,行專訴,119,20160421,3",ADMINISTRATIVE,Lose
"TPBA,93,訴,3644,20051102,2",ADMINISTRATIVE,Mixed
"IPCA,98,行商訴,237,20100415,2",ADMINISTRATIVE,Lose
"TPBA,93,訴,4182,20060105,2",ADMINISTRATIVE,Lose
"TPAA,98,判,1302,20091029,1",ADMINISTRATIVE,Lose
"TPBA,90,訴,6739,20030123,2",ADMINISTRATIVE,Lose
"TPAA,89,判,3386,20001130,1",ADMINISTRATIVE,Lose
"IPCA,106,行專訴,13,20190124,3",ADMINISTRATIVE,Win
"IPCA,107,行專訴,21,20181226,3",ADMINISTRATIVE,Lose
"TPBA,91,訴,4498,20031231,2",ADMINISTRATIVE,Lose
"TPBA,89,訴,552,20001123,1",ADMINISTRATIVE,Lose
"TPBA,93,訴,734,20050429,1",ADMINISTRATIVE,Lose
"TPAA,89,判,645,20000309",ADMINISTRATIVE,Lose
"IPCA,110,行專訴,26,20220413,3",ADMINISTRATIVE,Lose
"IPCA,109,行商訴,108,20210422,2",ADMINISTRATIVE,Lose
"IPCA,102,行專訴,25,20130808,3",ADMINISTRATIVE,Lose
"TPAA,91,判,327,20020227,1",ADMINISTRATIVE,Lose
"TPBA,92,訴,3340,20041013,1",ADMINISTRATIVE,Lose
"IPCA,106,行商訴,82,20180312,2",ADMINISTRATIVE,Lose
"IPCA,104,行著更(一),5,20160622,1",ADMINISTRATIVE,Lose
"IPCA,105,行商訴,132,20170712,2",ADMINISTRATIVE,Lose
"IPCA,98,行專訴,89,20100204,3",ADMINISTRATIVE,Win
"IPCA,110,行商訴,36,20220105,2",ADMINISTRATIVE,Lose
"TPBA,91,訴,394,20030213,2",ADMINISTRATIVE,Win
"IPCA,104,行著訴,4,20160225,2",ADMINISTRATIVE,Lose
"IPCA,109,行專訴,31,20210114,3",ADMINISTRATIVE,Lose
"TPAA,91,判,380,20020307,1",ADMINISTRATIVE,Lose
"TPBA,92,訴,886,20040428,2",ADMINISTRATIVE,Lose
"IPCA,111,行商訴,6,20220831,2",ADMINISTRATIVE,Lose
"TPBA,95,訴,465,20061227,2",ADMINISTRATIVE,Lose
"TPBA,95,訴,4542,20070830,2",ADMINISTRATIVE,Lose
"TPBA,90,訴,6719,20020930,2",ADMINISTRATIVE,Lose
"IPCA,100,行專訴,7,20110421,1",ADMINISTRATIVE,Lose
"TPBA,91,訴,130,20021205,2",ADMINISTRATIVE,Lose
"IPCA,98,行專訴,74,20091118,3",ADMINISTRATIVE,Lose
"TPAA,89,判,3820,20001222,1",ADMINISTRATIVE,Lose
"TPAA,91,判,206,20020131,1",ADMINISTRATIVE,Lose
"TPAA,89,判,2990,20001026,1",ADMINISTRATIVE,Lose
"TPAA,111,上,799,20230914,3",ADMINISTRATIVE,Lose
"TPBA,95,訴,3644,20070809,2",ADMINISTRATIVE,Lose
"IPCA,99,行專訴,153,20110303,3",ADMINISTRATIVE,Win
"IPCA,106,行專訴,68,20180927,1",ADMINISTRATIVE,Win
"TPBA,93,訴,1936,20050729,1",ADMINISTRATIVE,Lose
"TPAA,96,判,662,20070419,1",ADMINISTRATIVE,Lose
"TPAA,106,判,574,20171026,1",ADMINISTRATIVE,Lose
"TPBA,89,訴,382,20001024,1",ADMINISTRATIVE,Win
"IPCA,112,行商訴,33,20240125,2",ADMINISTRATIVE,Mixed
"IPCA,103,行商訴,36,20141113,2",ADMINISTRATIVE,Win
"TPAA,88,判,3395,19990831",ADMINISTRATIVE,Lose
"TPBA,90,訴,3895,20020501,2",ADMINISTRATIVE,Lose
"IPCA,105,行專訴,14,20160722,4",ADMINISTRATIVE,Lose
"IPCA,101,行商訴,23,20120830,2",ADMINISTRATIVE,Mixed
"IPCA,103,行專訴,6,20140604,3",ADMINISTRATIVE,Lose
"TPBA,92,訴,1485,20040719,2",ADMINISTRATIVE,Lose
"IPCA,98,行商訴,44,20090618,2",ADMINISTRATIVE,Lose
"TPBA,96,訴,726,20080410,2",ADMINISTRATIVE,Lose
"IPCA,106,行商訴,33,20170831,1",ADMINISTRATIVE,Lose
"TPBA,95,訴,3262,20070607,2",ADMINISTRATIVE,Lose
"IPCA,105,行專訴,92,20170712,3",ADMINISTRATIVE,Lose
"IPCA,100,行專訴,19,20110623,3",ADMINISTRATIVE,Lose
"TPAA,97,判,972,20081030,1",ADMINISTRATIVE,Lose
"IPCA,107,行專訴,55,20190327,3",ADMINISTRATIVE,Win
"TPBA,89,訴,1233,20010628,2",ADMINISTRATIVE,Lose
"TPBA,89,訴,1456,20010328,1",ADMINISTRATIVE,Lose
"TPBA,92,訴,2197,20040811,2",ADMINISTRATIVE,Lose
"TPBA,91,訴,290,20021231,2",ADMINISTRATIVE,Lose
"TPBA,95,訴,541,20070208,2",ADMINISTRATIVE,Lose
"IPCA,100,行商訴,41,20110811,2",ADMINISTRATIVE,Lose
"TPAA,104,判,248,20150521,1",ADMINISTRATIVE,Lose
"TPAA,96,判,429,20070322,1",ADMINISTRATIVE,Lose
"IPCA,110,行專訴,13,20211007,3",ADMINISTRATIVE,Lose
"IPCA,106,行專訴,82,20180425,3",ADMINISTRATIVE,Win
"TPBA,93,訴,2622,20050902,1",ADMINISTRATIVE,Lose
"TPBA,89,訴,1732,20010426,1",ADMINISTRATIVE,Lose
"TPBA,97,訴,490,20080626,2",ADMINISTRATIVE,Lose
"TPBA,91,訴,85,20021226,2",ADMINISTRATIVE,Lose
"TPAA,88,判,505,19990305",ADMINISTRATIVE,Lose
"TPAA,90,判,1496,20010830,1",ADMINISTRATIVE,Lose
"IPCA,111,行商訴,34,20221109,1",ADMINISTRATIVE,Lose
"TPBA,92,訴,5579,20050303,2",ADMINISTRATIVE,Lose
"TPBA,91,訴,245,20030313,1",ADMINISTRATIVE,Mixed
"TPAA,90,判,220,20010215,1",ADMINISTRATIVE,Lose
"TPBA,95,訴,4147,20070829,2",ADMINISTRATIVE,Lose
"IPCA,103,行商訴,96,20150325,2",ADMINISTRATIVE,Lose
"TPAA,93,判,1580,20041210,1",ADMINISTRATIVE,Lose
"TPBA,97,訴,88,20080422,2",ADMINISTRATIVE,Lose
"TPBA,92,訴,2250,20050128,2",ADMINISTRATIVE,Mixed
"IPCA,110,行專訴,28,20211117,4",ADMINISTRATIVE,Lose
"TPBA,90,訴,5938,20020815,1",ADMINISTRATIVE,Lose
"IPCA,102,行專訴,41,20130717,4",ADMINISTRATIVE,Lose
"IPCA,98,行商訴,13,20090527,2",ADMINISTRATIVE,Lose
"TPBA,90,訴,5860,20021030,1",ADMINISTRATIVE,Lose
"IPCA,100,行專訴,21,20110825,4",ADMINISTRATIVE,Win
"TPAA,89,判,1144,20000420",ADMINISTRATIVE,Lose
"TPBA,92,訴,3338,20041027,2",ADMINISTRATIVE,Lose
"TPBA,90,訴,6738,20030129,3",ADMINISTRATIVE,Win
"TPAA,89,判,754,20000316",ADMINISTRATIVE,Lose
"TPBA,91,訴,2337,20030821,2",ADMINISTRATIVE,Lose
"TPAA,90,判,2561,20011228,1",ADMINISTRATIVE,Lose
"TPBA,89,訴,92,20001101,2",ADMINISTRATIVE,Lose
"IPCA,108,行專訴,67,20200731,3",ADMINISTRATIVE,Lose
"IPCA,101,行商訴,180,20130620,2",ADMINISTRATIVE,Lose
"TPBA,92,訴,3906,20050331,2",ADMINISTRATIVE,Lose
"TPAA,94,判,390,20050310,1",ADMINISTRATIVE,Lose
"TPBA,91,訴,2698,20030716,2",ADMINISTRATIVE,Lose
"TPBA,93,訴更一,222,20050927,2",ADMINISTRATIVE,Lose
"IPCA,109,行商訴,117,20210325,1",ADMINISTRATIVE,Lose
"TPBA,93,訴,224,20050526,2",ADMINISTRATIVE,Lose
"TPAA,106,判,137,20170316,1",ADMINISTRATIVE,Lose
"TPBA,95,訴,894,20061228,2",ADMINISTRATIVE,Lose
"IPCA,109,行商訴,35,20200831,1",ADMINISTRATIVE,Lose
"TPBA,90,訴,5283,20021128,1",ADMINISTRATIVE,Lose
"IPCA,106,行專訴,48,20180130,3",ADMINISTRATIVE,Lose
"TPBA,89,訴,1898,20011116,2",ADMINISTRATIVE,Lose
"TPBA,97,訴,1247,20080814,1",ADMINISTRATIVE,Lose
"TPBA,95,訴,2101,20070412,1",ADMINISTRATIVE,Lose
"TPBA,97,訴,448,20080611,2",ADMINISTRATIVE,Win
"TPAA,88,判,3291,19990820",ADMINISTRATIVE,Lose
"TPAA,97,判,872,20080925,1",ADMINISTRATIVE,Lose
"TPAA,90,判,1097,20010615,1",ADMINISTRATIVE,Lose
"TPAA,96,判,2082,20071220,1",ADMINISTRATIVE,Lose
"TPBA,94,訴,2804,20060713,2",ADMINISTRATIVE,Lose
"TPBA,95,訴,862,20070227,3",ADMINISTRATIVE,Mixed
"TPAA,108,判,602,20191231,1",ADMINISTRATIVE,Lose
"IPCA,105,行商訴,75,20161201,2",ADMINISTRATIVE,Lose
"IPCA,111,行商訴,24,20221221,2",ADMINISTRATIVE,Lose
"IPCA,99,行專訴,106,20101223,3",ADMINISTRATIVE,Win
"TPBA,93,訴,2550,20051020,2",ADMINISTRATIVE,Lose
"TPBA,90,訴,5166,20021024,2",ADMINISTRATIVE,Lose
"TPBA,90,訴,120,20020410,3",ADMINISTRATIVE,Lose
"TPBA,96,訴,1035,20071121,1",ADMINISTRATIVE,Lose
"TPAA,109,上,753,20210927,1",ADMINISTRATIVE,Lose
"IPCA,99,行商訴,238,20110519,2",ADMINISTRATIVE,Lose
"TPAA,105,判,56,20160204,1",ADMINISTRATIVE,Lose
"TPBA,92,訴,527,20040409,2",ADMINISTRATIVE,Lose
"TPBA,92,訴,3846,20040929,1",ADMINISTRATIVE,Lose
"IPCA,104,行專訴,28,20150820,4",ADMINISTRATIVE,Lose
"IPCA,105,行專訴,36,20160929,2",ADMINISTRATIVE,Lose
"TPAA,108,判,134,20190322,1",ADMINISTRATIVE,Lose
"IPCA,101,行專訴,19,20120614,3",ADMINISTRATIVE,Lose
"IPCA,102,行商訴,27,20130620,1",ADMINISTRATIVE,Lose
"IPCA,111,行專訴,8,20221019,3",ADMINISTRATIVE,Lose
"TPBA,90,訴,2069,20020523,1",ADMINISTRATIVE,Lose
"TPBA,91,訴,4215,20031203,2",ADMINISTRATIVE,Lose
"IPCA,105,行商訴,50,20161209,2",ADMINISTRATIVE,Lose
"TPBA,91,訴,667,20030324,2",ADMINISTRATIVE,Lose
"TPBA,91,訴,3760,20040212,2",ADMINISTRATIVE,Lose
"TPAA,96,判,807,20070510,1",ADMINISTRATIVE,Lose
"TPBA,97,訴,160,20080717,1",ADMINISTRATIVE,Lose
"TPBA,95,訴,1362,20070130,2",ADMINISTRATIVE,Lose
"TPBA,89,訴,4077,20020325,2",ADMINISTRATIVE,Lose
"IPCA,108,行商訴,25,20190905,2",ADMINISTRATIVE,Win
"TPBA,93,訴,916,20050525,2",ADMINISTRATIVE,Lose
"TPAA,103,判,688,20141218,1",ADMINISTRATIVE,Lose
"TPBA,93,訴,1286,20050707,2",ADMINISTRATIVE,Lose
"TPBA,94,訴,318,20060111,2",ADMINISTRATIVE,Win
"TPBA,96,訴,1662,20080313,2",ADMINISTRATIVE,Lose
"TPBA,95,訴,2127,20070322,2",ADMINISTRATIVE,Lose
"TPBA,95,訴,2830,20070712,2",ADMINISTRATIVE,Lose
"IPCA,107,行商訴,109,20190704,2",ADMINISTRATIVE,Win
"TPBA,94,訴,3478,20060824,2",ADMINISTRATIVE,Lose
"TPAA,98,判,721,20090630,1",ADMINISTRATIVE,Lose
"IPCA,105,行專訴,44,20170308,5",ADMINISTRATIVE,Lose
"TPBA,93,訴,377,20050330,1",ADMINISTRATIVE,Lose
"IPCA,110,行商訴,18,20211202,3",ADMINISTRATIVE,Lose
"TPBA,91,訴,2929,20030918,2",ADMINISTRATIVE,Mixed
"TPBA,95,訴,3491,20070809,2",ADMINISTRATIVE,Lose
"IPCA,105,行商訴,10,20160714,2",ADMINISTRATIVE,Lose
"IPCA,99,行商訴,206,20110504,2",ADMINISTRATIVE,Lose
"TPBA,92,訴,1907,20040721,1",ADMINISTRATIVE,Lose
"TPAA,112,上,592,20240618,1",ADMINISTRATIVE,Lose
"IPCA,104,行專訴,40,20151016,3",ADMINISTRATIVE,Lose
"TPAA,92,判,1299,20030926,1",ADMINISTRATIVE,Lose
"IPCA,106,行專訴,83,20180517,3",ADMINISTRATIVE,Lose
"IPCA,101,行商訴,173,20130508,3",ADMINISTRATIVE,Lose
"TPAA,109,判,302,20200529,1",ADMINISTRATIVE,Lose
"TPAA,90,判,1450,20010817,1",ADMINISTRATIVE,Lose
"TPBA,95,訴,271,20061228,2",ADMINISTRATIVE,Lose
"TPAA,90,判,2228,20011129,1",ADMINISTRATIVE,Lose
"TPAA,89,判,1,20000106",ADMINISTRATIVE,Lose
"IPCA,112,行專訴,44,20240418,2",ADMINISTRATIVE,Lose
"TPAA,89,判,2833,20000928,1",ADMINISTRATIVE,Lose
"TPBA,92,訴,2829,20040910,2",ADMINISTRATIVE,Lose
"IPCA,101,行商訴,84,20121206,3",ADMINISTRATIVE,Mixed
"TPBA,93,訴,1975,20050810,2",ADMINISTRATIVE,Lose
"IPCA,104,行專訴,18,20151130,4",ADMINISTRATIVE,Lose
"IPCA,104,行商訴,36,20150831,2",ADMINISTRATIVE,Lose
"TPAA,88,判,3286,19990820",ADMINISTRATIVE,Lose
"IPCA,110,行專訴,70,20220907,3",ADMINISTRATIVE,Lose
"TPAA,98,判,780,20090716,1",ADMINISTRATIVE,Lose
"TPBA,96,訴,3318,20080306,2",ADMINISTRATIVE,Lose
"IPCA,99,行商訴,135,20101209,2",ADMINISTRATIVE,Lose
"TPBA,91,訴,910,20030423,1",ADMINISTRATIVE,Lose
"IPCA,108,行專訴,47,20191226,3",ADMINISTRATIVE,Lose
"TPBA,96,訴,2279,20080410,2",ADMINISTRATIVE,Win
"TPBA,96,訴,2666,20080508,3",ADMINISTRATIVE,Lose
"TPBA,95,訴,4074,20070823,2",ADMINISTRATIVE,Win
"TPBA,91,訴,863,20030226,2",ADMINISTRATIVE,Lose
"TPBA,91,訴,1022,20030501,1",ADMINISTRATIVE,Lose
"TPAA,101,判,396,20120503,1",ADMINISTRATIVE,Lose
"IPCA,101,行商訴,83,20121220,3",ADMINISTRATIVE,Mixed
"TPAA,91,判,100,20020117,1",ADMINISTRATIVE,Lose
"TPAA,95,判,510,20060413,1",ADMINISTRATIVE,Lose
"TPBA,94,訴,2419,20060530,2",ADMINISTRATIVE,Lose
"TPAA,95,判,2135,20061221,1",ADMINISTRATIVE,Lose
"TPBA,93,訴更一,6,20060118,2",ADMINISTRATIVE,Lose
"TPAA,100,判,1567,20110908,1",ADMINISTRATIVE,Lose
"TPAA,107,判,472,20180816,1",ADMINISTRATIVE,Lose
"IPCA,100,行商訴,166,20120329,2",ADMINISTRATIVE,Lose
"TPBA,94,訴,3433,20061018,2",ADMINISTRATIVE,Lose
"IPCA,110,行商訴,61,20220224,2",ADMINISTRATIVE,Lose
"IPCA,97,行商訴,128,20090402,1",ADMINISTRATIVE,Lose
"IPCA,102,行商訴,91,20131121,2",ADMINISTRATIVE,Lose
"TPAA,96,判,1637,20070913,1",ADMINISTRATIVE,Lose
"TPAA,99,判,1164,20101104,1",ADMINISTRATIVE,Lose
"IPCA,110,行專訴,54,20220720,4",ADMINISTRATIVE,Lose
"IPCA,107,行商訴,91,20190411,1",ADMINISTRATIVE,Lose
"IPCA,112,行商訴,47,20231229,1",ADMINISTRATIVE,Lose
"TPBA,95,訴,33,20061121,1",ADMINISTRATIVE,Lose
"IPCA,107,行商訴,58,20190102,2",ADMINISTRATIVE,Lose
"TPBA,96,訴,3427,20080522,1",ADMINISTRATIVE,Win
"IPCA,105,行專訴,97,20170810,3",ADMINISTRATIVE,Lose
"TPAA,90,判,2215,20011129,1",ADMINISTRATIVE,Lose
"TPBA,94,訴,2093,20060621,2",ADMINISTRATIVE,Lose
"TPBA,91,訴,5131,20040610,1",ADMINISTRATIVE,Mixed
"IPCA,110,行專訴,69,20220907,3",ADMINISTRATIVE,Lose
"IPCA,98,行商訴,228,20100401,2",ADMINISTRATIVE,Win
"TPAA,93,判,1,20040108,1",ADMINISTRATIVE,Lose
"TPBA,94,訴,1942,20060511,1",ADMINISTRATIVE,Lose
"TPBA,95,訴,4312,20070906,2",ADMINISTRATIVE,Lose
"TPBA,90,訴,5787,20021219,2",ADMINISTRATIVE,Lose
"TPAA,99,判,520,20100520,1",ADMINISTRATIVE,Lose
"TPBA,94,訴,639,20060413,2",ADMINISTRATIVE,Lose
"TPBA,89,訴,1450,20010531,2",ADMINISTRATIVE,Lose
"TPBA,95,訴,1452,20070208,2",ADMINISTRATIVE,Lose
"TPBA,91,訴,936,20030409,2",ADMINISTRATIVE,Lose
"TPBA,94,訴,523,20070208,1",ADMINISTRATIVE,Mixed
"TPAA,90,判,1449,20010817,1",ADMINISTRATIVE,Lose
"IPCA,104,行商訴,22,20160108,3",ADMINISTRATIVE,Lose
"IPCA,99,行專訴,25,20110310,4",ADMINISTRATIVE,Win
"TPBA,95,訴,2504,20070510,2",ADMINISTRATIVE,Lose
"TPAA,89,判,1856,20000608",ADMINISTRATIVE,Lose
"TPBA,91,訴,3952,20031119,1",ADMINISTRATIVE,Lose
"IPCA,105,行專訴,49,20170118,3",ADMINISTRATIVE,Mixed
"IPCA,103,行商訴,120,20150416,1",ADMINISTRATIVE,Lose
"TPBA,94,訴,882,20060406,1",ADMINISTRATIVE,Lose
"TPBA,92,訴,1602,20041111,1",ADMINISTRATIVE,Lose
"IPCA,109,行商訴,97,20210114,1",ADMINISTRATIVE,Lose
"TPBA,90,訴,245,20011212,1",ADMINISTRATIVE,Win
"TPBA,92,訴,2678,20050324,3",ADMINISTRATIVE,Lose
"TPAA,96,判,1909,20071030,1",ADMINISTRATIVE,Lose
"IPCA,105,行商訴,4,20160819,2",ADMINISTRATIVE,Lose
"IPCA,109,行商訴,71,20210129,2",ADMINISTRATIVE,Lose
"TPBA,91,訴更一,10,20030501,1",ADMINISTRATIVE,Lose
"TPAA,109,判,152,20200319,1",ADMINISTRATIVE,Lose
"TPBA,96,訴,3555,20080403,2",ADMINISTRATIVE,Lose
"IPCA,99,行商訴,121,20101125,2",ADMINISTRATIVE,Lose
"TPBA,91,訴,4729,20040114,2",ADMINISTRATIVE,Lose
"IPCA,103,行專訴,105,20150702,2",ADMINISTRATIVE,Lose
"TPAA,95,判,1319,20060817,1",ADMINISTRATIVE,Lose
"IPCA,103,行商訴,39,20140711,2",ADMINISTRATIVE,Lose
"IPCA,101,行專更(一),2,20130327,2",ADMINISTRATIVE,Lose
"IPCA,101,行商訴,40,20120830,2",ADMINISTRATIVE,Mixed
"TPBA,92,訴,166,20040317,2",ADMINISTRATIVE,Lose
"IPCA,109,行專訴,12,20200924,4",ADMINISTRATIVE,Lose
"TPBA,91,訴,579,20030227,1",ADMINISTRATIVE,Mixed
"TPBA,96,訴,2352,20080424,2",ADMINISTRATIVE,Lose
"TPBA,92,訴,1939,20040930,3",ADMINISTRATIVE,Lose
"TPAA,101,判,597,20120712,1",ADMINISTRATIVE,Lose
"IPCA,108,行專訴,65,20200618,5",ADMINISTRATIVE,Lose
"TPAA,109,上,318,20220915,1",ADMINISTRATIVE,Lose
"TPBA,95,訴,2775,20070509,2",ADMINISTRATIVE,Lose
"TPBA,97,訴,1659,20081217,2",ADMINISTRATIVE,Win
"TPBA,96,訴,2160,20080522,2",ADMINISTRATIVE,Lose
"IPCA,104,行專訴,36,20150902,3",ADMINISTRATIVE,Lose
"TPAA,100,判,2145,20111208,1",ADMINISTRATIVE,Lose
"IPCA,104,行專更(一),4,20160325,3",ADMINISTRATIVE,Lose
"IPCA,102,行商訴,44,20130830,2",ADMINISTRATIVE,Win
"IPCA,102,行專訴,47,20130828,3",ADMINISTRATIVE,Lose
"TPBA,97,訴,1135,20081009,1",ADMINISTRATIVE,Lose
"TPBA,91,訴,4978,20040318,2",ADMINISTRATIVE,Lose
"TPBA,91,訴,2776,20030813,2",ADMINISTRATIVE,Lose
"TPBA,91,訴,2057,20030709,2",ADMINISTRATIVE,Lose
"TPBA,94,訴,3459,20060928,1",ADMINISTRATIVE,Lose
"TPBA,92,訴,5390,20050217,2",ADMINISTRATIVE,Lose
"TPAA,108,判,335,20190711,1",ADMINISTRATIVE,Lose
"TPBA,95,訴,3647,20070830,2",ADMINISTRATIVE,Lose
"IPCA,102,行商訴,8,20130620,2",ADMINISTRATIVE,Win
"TPBA,92,訴,1969,20041028,1",ADMINISTRATIVE,Lose
"IPCA,103,行專訴,21,20140917,3",ADMINISTRATIVE,Lose
"TPAA,103,判,205,20140430,1",ADMINISTRATIVE,Lose
"TPAA,99,判,468,20100506,1",ADMINISTRATIVE,Lose
"TPAA,111,上,463,20240222,1",ADMINISTRATIVE,Lose
"IPCA,98,行商訴,165,20091224,2",ADMINISTRATIVE,Lose
"TPBA,94,訴,1431,20060608,2",ADMINISTRATIVE,Lose
"TPBA,91,訴,3873,20040304,2",ADMINISTRATIVE,Lose
"TPBA,95,訴,1539,20070329,1",ADMINISTRATIVE,Win
"IPCA,97,行專訴,10,20081113,3",ADMINISTRATIVE,Lose
"IPCA,98,行商訴,102,20090910,1",ADMINISTRATIVE,Lose
"TPBA,92,訴,3406,20041130,2",ADMINISTRATIVE,Lose
"TPAA,97,判,414,20080509,1",ADMINISTRATIVE,Lose
"TPAA,88,判,3654,19991007",ADMINISTRATIVE,Lose
"TPBA,90,訴,4854,20020529,2",ADMINISTRATIVE,Lose
"TPAA,109,上,639,20210819,1",ADMINISTRATIVE,Lose
"IPCA,108,行商訴,24,20190711,1",ADMINISTRATIVE,Lose
"TPBA,97,訴,263,20080710,1",ADMINISTRATIVE,Lose
"TPAA,91,判,52,20020111,1",ADMINISTRATIVE,Win
"TPAA,111,上,907,20230628,1",ADMINISTRATIVE,Lose
"TPAA,90,判,2507,20011221,1",ADMINISTRATIVE,Lose
"TPBA,92,訴,1577,20040721,1",ADMINISTRATIVE,Lose
"IPCA,107,行商訴,8,20180911,2",ADMINISTRATIVE,Lose
"IPCA,110,行商訴,30,20211028,2",ADMINISTRATIVE,Lose
"IPCA,110,行專訴,45,20220413,3",ADMINISTRATIVE,Lose
"IPCA,104,行商訴,3,20150521,2",ADMINISTRATIVE,Lose
"IPCA,103,行商訴,21,20140619,2",ADMINISTRATIVE,Lose
"IPCA,108,行專訴,80,20200709,4",ADMINISTRATIVE,Mixed
"TPBA,91,訴,1989,20030717,2",ADMINISTRATIVE,Mixed
"IPCA,105,行專訴,52,20170802,3",ADMINISTRATIVE,Win
"TPBA,91,訴,2559,20030918,2",ADMINISTRATIVE,Lose
"IPCA,109,行商訴,115,20210415,2",ADMINISTRATIVE,Lose
"IPCA,99,行商訴,137,20101202,2",ADMINISTRATIVE,Lose
"TPBA,90,訴,1644,20011224,1",ADMINISTRATIVE,Lose
"TPBA,91,訴更一,7,20031001,1",ADMINISTRATIVE,Lose
"TPAA,107,判,672,20181115,1",ADMINISTRATIVE,Lose
"IPCA,100,行著訴,1,20120426,1",ADMINISTRATIVE,Lose
"TPBA,91,訴,1443,20030529,2",ADMINISTRATIVE,Lose
"TPBA,97,訴,939,20081023,2",ADMINISTRATIVE,Lose
"TPBA,91,訴,3496,20031029,2",ADMINISTRATIVE,Lose
"TPBA,94,訴,2400,20060530,2",ADMINISTRATIVE,Lose
"IPCA,98,行專訴,61,20090924,3",ADMINISTRATIVE,Lose
"TPBA,97,訴,375,20080612,1",ADMINISTRATIVE,Lose
"IPCA,103,行商訴,12,20140528,2",ADMINISTRATIVE,Lose
"TPAA,89,判,832,20000323",ADMINISTRATIVE,Lose
"IPCA,108,行商訴,125,20200528,2",ADMINISTRATIVE,Lose
"TPBA,91,訴,1732,20030828,2",ADMINISTRATIVE,Lose
"TPAA,88,判,3950,19991119",ADMINISTRATIVE,Lose
"TPBA,91,訴,5353,20040310,2",ADMINISTRATIVE,Lose
"IPCA,98,行專訴,107,20100318,3",ADMINISTRATIVE,Lose
"TPBA,95,訴,1665,20070215,2",ADMINISTRATIVE,Lose
"IPCA,97,行商訴,135,20090430,2",ADMINISTRATIVE,Win
"IPCA,102,行商訴,75,20131009,1",ADMINISTRATIVE,Lose
"IPCA,101,行專訴,118,20130313,1",ADMINISTRATIVE,Lose
"IPCA,112,行商訴,13,20231026,2",ADMINISTRATIVE,Lose
"TPAA,109,上,1113,20220609,1",ADMINISTRATIVE,Lose
"TPBA,95,訴,1805,20070215,2",ADMINISTRATIVE,Lose
"IPCA,100,行專訴,27,20110811,3",ADMINISTRATIVE,Lose
"IPCA,105,行商訴,57,20160825,2",ADMINISTRATIVE,Lose
"IPCA,110,行專訴,50,20220629,3",ADMINISTRATIVE,Lose
"TPAA,95,判,235,20060223,1",ADMINISTRATIVE,Lose
"IPCA,105,行專訴,67,20170420,3",ADMINISTRATIVE,Mixed
"TPAA,109,上,513,20210527,1",ADMINISTRATIVE,Lose
"IPCA,98,行商訴,93,20091015,3",ADMINISTRATIVE,Lose
"TPBA,91,訴,10,20021121,2",ADMINISTRATIVE,Lose
"TPBA,91,訴,3060,20030910,2",ADMINISTRATIVE,Lose
"IPCA,101,行專訴,84,20130808,3",ADMINISTRATIVE,Mixed
"IPCA,97,行專訴,31,20081120,3",ADMINISTRATIVE,Lose
"TPBA,90,訴,6028,20021011,1",ADMINISTRATIVE,Lose
"TPBA,95,訴,1451,20070315,2",ADMINISTRATIVE,Mixed
"IPCA,106,行商訴,168,20180524,2",ADMINISTRATIVE,Lose
"IPCA,99,行商訴,229,20110616,3",ADMINISTRATIVE,Lose
"IPCA,102,行商訴,62,20130925,2",ADMINISTRATIVE,Lose
"TPAA,88,判,124,19990128",ADMINISTRATIVE,Lose
"TPBA,92,訴,1378,20040729,1",ADMINISTRATIVE,Lose
"TPBA,93,訴,1410,20050811,2",ADMINISTRATIVE,Lose
"TPBA,90,訴,6975,20030306,2",ADMINISTRATIVE,Lose
"TPBA,90,訴,1119,20011221,1",ADMINISTRATIVE,Lose
"IPCA,103,行專訴,37,20150305,6",ADMINISTRATIVE,Mixed
"TPAA,90,判,1315,20010727,1",ADMINISTRATIVE,Lose
"TPBA,92,訴,2340,20040804,2",ADMINISTRATIVE,Lose
"TPBA,92,訴,3922,20041104,1",ADMINISTRATIVE,Lose
"TPBA,95,訴,1936,20070208,1",ADMINISTRATIVE,Lose
"TPAA,105,判,42,20160128,1",ADMINISTRATIVE,Lose
"TPBA,93,訴,4262,20051130,2",ADMINISTRATIVE,Lose
"TPBA,91,訴,5103,20040520,2",ADMINISTRATIVE,Lose
"TPAA,96,判,1175,20070705,1",ADMINISTRATIVE,Lose
"IPCA,99,行商訴,159,20110210,3",ADMINISTRATIVE,Mixed
"TPBA,91,訴,205,20030306,2",ADMINISTRATIVE,Lose
"IPCA,102,行商訴,110,20140226,2",ADMINISTRATIVE,Lose
"TPBA,89,訴,953,20010607,1",ADMINISTRATIVE,Lose
"IPCA,99,行商訴,134,20101216,1",ADMINISTRATIVE,Lose
"IPCA,97,行專訴,24,20081204,3",ADMINISTRATIVE,Lose
"TPBA,96,訴,151,20071030,2",ADMINISTRATIVE,Lose
"IPCA,99,行商訴,168,20110616,2",ADMINISTRATIVE,Win
"TPBA,90,訴,4994,20020926,2",ADMINISTRATIVE,Lose
"TPBA,91,訴,4297,20031203,2",ADMINISTRATIVE,Lose
"TPBA,93,訴,1997,20050722,2",ADMINISTRATIVE,Lose
"TPBA,91,訴,5134,20040120,3",ADMINISTRATIVE,Lose
"IPCA,103,行商訴,77,20141023,2",ADMINISTRATIVE,Lose
"IPCA,98,行專訴,1,20090611,3",ADMINISTRATIVE,Win
"TPBA,92,訴,3693,20041008,2",ADMINISTRATIVE,Lose
"TPAA,88,判,598,19990318",ADMINISTRATIVE,Lose
"TPBA,95,訴,1839,20070419,2",ADMINISTRATIVE,Lose
"TPBA,94,訴,3063,20060809,2",ADMINISTRATIVE,Lose
"TPAA,89,判,2374,20000627",ADMINISTRATIVE,Lose
"TPAA,90,判,2063,20011108,1",ADMINISTRATIVE,Lose
"TPAA,94,判,1536,20050929,1",ADMINISTRATIVE,Lose
"IPCA,99,行專訴,150,20110224,3",ADMINISTRATIVE,Lose
"TPBA,92,訴,3169,20050505,3",ADMINISTRATIVE,Lose
"TPBA,90,訴,257,20020612,2",ADMINISTRATIVE,Lose
"IPCA,100,行商訴,3,20110526,2",ADMINISTRATIVE,Win
"TPBA,94,訴,2776,20060817,2",ADMINISTRATIVE,Lose
"TPAA,92,判,456,20030424,1",ADMINISTRATIVE,Lose
"TPAA,108,上,720,20210204,1",ADMINISTRATIVE,Lose
"TPBA,90,訴,6507,20021031,2",ADMINISTRATIVE,Lose
"TPAA,96,判,970,20070531,1",ADMINISTRATIVE,Lose
"TPBA,91,訴,1821,20030611,2",ADMINISTRATIVE,Lose
"IPCA,110,行商訴,96,20221230,2",ADMINISTRATIVE,Win
"IPCA,102,行專訴,39,20130718,3",ADMINISTRATIVE,Lose
"TPAA,108,上,521,20210121,1",ADMINISTRATIVE,Lose
"TPBA,92,訴,3887,20041230,1",ADMINISTRATIVE,Lose
"IPCA,99,行商訴,35,20100701,2",ADMINISTRATIVE,Lose
"TPBA,96,訴,3529,20080320,1",ADMINISTRATIVE,Lose
"TPBA,96,訴,2475,20080213,2",ADMINISTRATIVE,Lose
"TPBA,91,訴,4555,20031231,2",ADMINISTRATIVE,Lose
"IPCA,102,行專訴,92,20140129,3",ADMINISTRATIVE,Lose
"TPBA,96,訴,1988,20080213,2",ADMINISTRATIVE,Lose
"TPAA,92,判,518,20030508,1",ADMINISTRATIVE,Lose
"IPCA,104,行專訴,82,20160121,3",ADMINISTRATIVE,Lose
"TPBA,93,訴,3756,20051013,2",ADMINISTRATIVE,Mixed
"TPAA,91,判,183,20020125,1",ADMINISTRATIVE,Lose
"TPBA,89,訴,3366,20011130,2",ADMINISTRATIVE,Win
"TPBA,95,訴,4442,20071108,1",ADMINISTRATIVE,Lose
"TPBA,92,訴,523,20040408,2",ADMINISTRATIVE,Lose
"TPBA,89,訴,129,20010315,1",ADMINISTRATIVE,Lose
"TPBA,96,訴,1441,20071228,1",ADMINISTRATIVE,Lose
"IPCA,103,行專訴,102,20150805,3",ADMINISTRATIVE,Lose
"TPBA,91,訴,3533,20031203,2",ADMINISTRATIVE,Lose
"TPBA,93,訴,2408,20050907,3",ADMINISTRATIVE,Lose
"IPCA,104,行商訴,9,20150630,1",ADMINISTRATIVE,Lose
"IPCA,102,行專訴,75,20131017,3",ADMINISTRATIVE,Win
"TPBA,97,訴,644,20080925,2",ADMINISTRATIVE,Lose
"TPBA,89,訴,2840,20011031,2",ADMINISTRATIVE,Lose
"TPAA,96,判,1465,20070816,1",ADMINISTRATIVE,Lose
"TPAA,89,判,1852,20000608",ADMINISTRATIVE,Lose
"IPCA,99,行專訴,122,20110113,3",ADMINISTRATIVE,Win
"TPBA,96,訴,3103,20080612,2",ADMINISTRATIVE,Lose
"IPCA,108,行專訴,76,20200514,3",ADMINISTRATIVE,Mixed
"IPCA,103,行著訴,1,20140514,1",ADMINISTRATIVE,Lose
"IPCA,103,行商訴,119,20150325,1",ADMINISTRATIVE,Lose
"TPBA,94,訴,1461,20060323,2",ADMINISTRATIVE,Lose
"TPBA,96,訴,2088,20080410,2",ADMINISTRATIVE,Lose
"TPAA,94,判,1684,20051031,1",ADMINISTRATIVE,Lose
"IPCA,112,行專訴,53,20240830,2",ADMINISTRATIVE,Mixed
"IPCA,98,行商訴,112,20091008,2",ADMINISTRATIVE,Lose
"TPBA,93,訴,281,20050408,1",ADMINISTRATIVE,Lose
"IPCA,113,行商訴,27,20241223,2",ADMINISTRATIVE,Lose
"TPBA,91,訴,4146,20040129,2",ADMINISTRATIVE,Win
"TPBA,96,訴,341,20071114,2",ADMINISTRATIVE,Lose
"IPCA,103,行專訴,23,20141204,3",ADMINISTRATIVE,Lose
"TPBA,91,訴,776,20030416,2",ADMINISTRATIVE,Lose
"TPAA,98,判,1272,20091022,1",ADMINISTRATIVE,Lose
"TPBA,89,訴,672,20010208,1",ADMINISTRATIVE,Lose
"IPCA,108,行商訴,5,20190530,2",ADMINISTRATIVE,Lose
"TPBA,96,訴,2909,20080529,1",ADMINISTRATIVE,Lose
"IPCA,107,行商訴,96,20190328,2",ADMINISTRATIVE,Win
"TPBA,94,訴,618,20061012,1",ADMINISTRATIVE,Mixed
"TPBA,93,訴,4083,20051201,3",ADMINISTRATIVE,Lose
"TPBA,89,訴,1636,20020315,3",ADMINISTRATIVE,Win
"IPCA,108,行商訴,21,20190606,1",ADMINISTRATIVE,Win
"TPAA,96,判,430,20070322,1",ADMINISTRATIVE,Lose
"TPAA,89,判,944,20000330",ADMINISTRATIVE,Lose
"TPAA,94,判,927,20050630,1",ADMINISTRATIVE,Lose
"IPCA,112,行專訴,11,20231012,3",ADMINISTRATIVE,Lose
"IPCA,108,行專訴,61,20191231,2",ADMINISTRATIVE,Lose
"TPBA,96,訴,2832,20080131,2",ADMINISTRATIVE,Lose
"TPAA,88,判,2881,19990625",ADMINISTRATIVE,Lose
"TPAA,96,判,1458,20070816,1",ADMINISTRATIVE,Lose
"IPCA,101,行專訴,104,20130417,2",ADMINISTRATIVE,Lose
"TPAA,91,判,718,20020510,1",ADMINISTRATIVE,Lose
"TPBA,93,訴,2892,20051013,2",ADMINISTRATIVE,Lose
"TPAA,109,上,581,20210722,1",ADMINISTRATIVE,Lose
"TPAA,99,判,106,20100205,1",ADMINISTRATIVE,Lose
"IPCA,110,行商訴,74,20220803,2",ADMINISTRATIVE,Lose
"TPBA,92,訴,3519,20040915,2",ADMINISTRATIVE,Lose
"TPBA,89,訴,3362,20011115,2",ADMINISTRATIVE,Lose
"TPBA,92,訴,2515,20041223,2",ADMINISTRATIVE,Lose
"IPCA,98,行商訴,39,20090604,2",ADMINISTRATIVE,Lose
"TPBA,94,訴,1578,20060809,2",ADMINISTRATIVE,Win
"TPBA,90,訴,3528,20020205,2",ADMINISTRATIVE,Lose
"TPAA,89,判,1688,20000526",ADMINISTRATIVE,Lose
"TPAA,91,判,305,20020221,1",ADMINISTRATIVE,Lose
"IPCA,99,行商訴,126,20101111,2",ADMINISTRATIVE,Lose
"TPBA,97,訴,1531,20081127,2",ADMINISTRATIVE,Lose
"IPCA,103,行專訴,77,20150212,4",ADMINISTRATIVE,Lose
"TPAA,90,判,2494,20011221,1",ADMINISTRATIVE,Lose
"IPCA,103,行專訴,91,20150326,4",ADMINISTRATIVE,Lose
"TPAA,104,判,215,20150430,1",ADMINISTRATIVE,Lose
"TPAA,90,判,2546,20011227,1",ADMINISTRATIVE,Lose
"TPBA,94,訴,2846,20060720,2",ADMINISTRATIVE,Lose
"IPCA,99,行商訴,74,20100826,3",ADMINISTRATIVE,Lose
"IPCA,107,行商更(一),6,20190515,1",ADMINISTRATIVE,Win
"TPBA,97,訴,956,20080730,2",ADMINISTRATIVE,Lose
"TPAA,90,判,957,20010531,1",ADMINISTRATIVE,Lose
"TPAA,89,判,678,20000309",ADMINISTRATIVE,Lose
"TPAA,91,判,88,20020117,1",ADMINISTRATIVE,Lose
"IPCA,97,行專訴,4,20081225,3",ADMINISTRATIVE,Lose
"TPBA,89,訴,1939,20010718,2",ADMINISTRATIVE,Win
"IPCA,109,行商訴,16,20200812,2",ADMINISTRATIVE,Lose
"TPBA,92,訴,1574,20040630,1",ADMINISTRATIVE,Lose
"TPBA,95,訴,3126,20070705,1",ADMINISTRATIVE,Lose
"TPBA,90,訴,13,20020305,2",ADMINISTRATIVE,Lose
"IPCA,100,行專訴,101,20120117,3",ADMINISTRATIVE,Lose
"TPAA,88,判,3260,19990819",ADMINISTRATIVE,Lose
"TPBA,91,訴,4232,20040226,2",ADMINISTRATIVE,Lose
"TPAA,88,判,220,19990204",ADMINISTRATIVE,Lose
"TPBA,91,訴,3372,20031119,1",ADMINISTRATIVE,Lose
"IPCA,107,行專訴,35,20190328,3",ADMINISTRATIVE,Lose
"IPCA,102,行專訴,44,20130927,3",ADMINISTRATIVE,Win
"TPAA,96,判,1304,20070726,1",ADMINISTRATIVE,Lose
"IPCA,101,行商訴,94,20121025,2",ADMINISTRATIVE,Lose
"IPCA,108,行商訴,18,20191225,3",ADMINISTRATIVE,Lose
"IPCA,109,行專更(一),6,20201223,3",ADMINISTRATIVE,Mixed
"IPCA,100,行商訴,19,20110728,3",ADMINISTRATIVE,Lose
"TPBA,95,訴,3392,20070719,2",ADMINISTRATIVE,Lose
"TPAA,88,判,237,19990204",ADMINISTRATIVE,Lose
"TPBA,90,訴,5775,20021025,2",ADMINISTRATIVE,Lose
"TPBA,95,訴,4461,20071011,2",ADMINISTRATIVE,Lose
"TPAA,106,判,634,20171116,1",ADMINISTRATIVE,Lose
"TPBA,90,訴,447,20020731,1",ADMINISTRATIVE,Lose
"IPCA,101,行商訴,72,20121011,2",ADMINISTRATIVE,Lose
"IPCA,101,行專訴,35,20121018,3",ADMINISTRATIVE,Lose
"TPBA,96,訴,1056,20071121,1",ADMINISTRATIVE,Lose
"IPCA,104,行專訴,108,20160616,3",ADMINISTRATIVE,Win
"TPAA,89,判,953,20000330",ADMINISTRATIVE,Lose
"TPAA,105,判,566,20161103,1",ADMINISTRATIVE,Lose
"TPAA,88,判,4350,19991230",ADMINISTRATIVE,Lose
"IPCA,102,行商訴,73,20131114,2",ADMINISTRATIVE,Lose
"TPAA,99,判,673,20100708,1",ADMINISTRATIVE,Lose
"TPBA,96,訴,1119,20071121,1",ADMINISTRATIVE,Lose
"IPCA,105,行商訴,34,20161209,3",ADMINISTRATIVE,Lose
"TPBA,94,訴,3561,20061031,2",ADMINISTRATIVE,Lose
"IPCA,98,行專訴,125,20100408,3",ADMINISTRATIVE,Lose
"TPAA,91,判,127,20020118,1",ADMINISTRATIVE,Lose
"IPCA,98,行專訴,43,20090806,3",ADMINISTRATIVE,Lose
"TPBA,96,訴,2207,20080403,2",ADMINISTRATIVE,Mixed
"TPAA,101,判,348,20120416,1",ADMINISTRATIVE,Lose
"TPBA,96,訴,1055,20071122,1",ADMINISTRATIVE,Lose
"TPAA,99,判,947,20100916,1",ADMINISTRATIVE,Lose
"TPBA,93,訴,3053,20051116,4",ADMINISTRATIVE,Lose
"IPCA,99,行專訴,70,20101202,3",ADMINISTRATIVE,Lose
"TPBA,94,訴,3360,20060823,1",ADMINISTRATIVE,Lose
"IPCA,98,行商訴,18,20090611,3",ADMINISTRATIVE,Win
"IPCA,107,行商訴,81,20190131,2",ADMINISTRATIVE,Lose
"TPAA,91,判,2063,20021121,1",ADMINISTRATIVE,Lose
"TPAA,94,判,1483,20050922,1",ADMINISTRATIVE,Lose
"TPBA,92,訴,1306,20040705,2",ADMINISTRATIVE,Lose
"TPBA,94,訴,3489,20061011,2",ADMINISTRATIVE,Lose
"IPCA,103,行專訴,101,20150918,3",ADMINISTRATIVE,Lose
"TPBA,91,訴,4535,20021231,2",ADMINISTRATIVE,Lose
"TPBA,94,訴,3149,20060927,2",ADMINISTRATIVE,Lose
"TPBA,92,訴,276,20040624,2",ADMINISTRATIVE,Lose
"TPBA,90,訴,5173,20020918,2",ADMINISTRATIVE,Lose
"TPBA,96,訴,3518,20090730,2",ADMINISTRATIVE,Win
"TPBA,93,訴,1263,20050714,2",ADMINISTRATIVE,Lose
"TPAA,90,判,1015,20010607,1",ADMINISTRATIVE,Lose
"TPBA,94,訴,3191,20060810,2",ADMINISTRATIVE,Lose
"TPBA,97,訴,1423,20081009,1",ADMINISTRATIVE,Lose
"TPBA,91,訴,2224,20030717,2",ADMINISTRATIVE,Lose
"IPCA,99,行商訴,75,20100722,1",ADMINISTRATIVE,Lose
"TPBA,97,訴,1689,20081105,2",ADMINISTRATIVE,Lose
"IPCA,101,行商訴,107,20121227,2",ADMINISTRATIVE,Lose
"TPAA,91,判,384,20020314,1",ADMINISTRATIVE,Lose
"IPCA,101,行專訴,90,20130327,3",ADMINISTRATIVE,Lose
"IPCA,97,行專訴,56,20090527,4",ADMINISTRATIVE,Lose
"TPAA,89,判,2837,20000929,1",ADMINISTRATIVE,Lose
"TPAA,88,判,2355,19990610",ADMINISTRATIVE,Lose
"IPCA,98,行商訴,209,20100520,2",ADMINISTRATIVE,Lose
"IPCA,105,行專訴,70,20170119,3",ADMINISTRATIVE,Lose
"TPAA,90,判,1685,20010921,1",ADMINISTRATIVE,Lose
"IPCA,100,行專訴,18,20110613,2",ADMINISTRATIVE,Lose
"IPCA,98,行專訴,87,20091224,4",ADMINISTRATIVE,Lose
"TPBA,90,訴,5768,20021128,2",ADMINISTRATIVE,Lose
"TPBA,96,訴,3850,20080401,2",ADMINISTRATIVE,Lose
"IPCA,102,行專訴,86,20131219,3",ADMINISTRATIVE,Mixed
"TPAA,101,判,809,20120905,1",ADMINISTRATIVE,Win
"TPBA,90,訴,3463,20021025,2",ADMINISTRATIVE,Lose
"TPBA,91,訴,4531,20040219,2",ADMINISTRATIVE,Lose
"TPAA,89,判,2740,20000915,1",ADMINISTRATIVE,Lose
"IPCA,97,行商訴,112,20090409,2",ADMINISTRATIVE,Lose
"IPCA,101,行專訴,103,20130509,3",ADMINISTRATIVE,Lose
"TPBA,90,訴,4271,20020328,2",ADMINISTRATIVE,Lose
"TPBA,91,訴,2054,20030813,2",ADMINISTRATIVE,Lose
"TPBA,95,訴,2330,20070424,2",ADMINISTRATIVE,Lose
"TPAA,91,判,1538,20020823,1",ADMINISTRATIVE,Lose
"TPBA,91,訴,1357,20030603,2",ADMINISTRATIVE,Lose
"TPAA,91,判,142,20020124,1",ADMINISTRATIVE,Lose
"IPCA,102,行專訴,117,20140625,3",ADMINISTRATIVE,Lose
"IPCA,107,行商訴,94,20190430,1",ADMINISTRATIVE,Lose
"TPBA,95,訴,579,20070517,2",ADMINISTRATIVE,Lose
"TPAA,96,判,1039,20070614,1",ADMINISTRATIVE,Lose
"TPAA,90,判,2415,20011214,1",ADMINISTRATIVE,Lose
"TPBA,89,訴,4048,20021030,1",ADMINISTRATIVE,Lose
"TPBA,89,訴,1291,20011123,2",ADMINISTRATIVE,Lose
"TPBA,89,訴,773,20010222,1",ADMINISTRATIVE,Lose
"IPCA,106,行專訴,86,20180830,5",ADMINISTRATIVE,Lose
"IPCA,108,行商訴,15,20190822,2",ADMINISTRATIVE,Lose
"TPBA,89,訴,2571,20011107,2",ADMINISTRATIVE,Lose
"TPBA,89,訴,1292,20010517,2",ADMINISTRATIVE,Lose
"IPCA,104,行商訴,105,20160428,3",ADMINISTRATIVE,Lose
"IPCA,104,行商訴,117,20160129,1",ADMINISTRATIVE,Lose
"IPCA,99,行專訴,23,20100819,3",ADMINISTRATIVE,Lose
"IPCA,99,行專訴,75,20101028,3",ADMINISTRATIVE,Lose
"TPBA,91,訴,3894,20031119,2",ADMINISTRATIVE,Lose
"TPBA,95,訴,1120,20061207,2",ADMINISTRATIVE,Lose
"TPBA,96,訴,299,20071129,2",ADMINISTRATIVE,Lose
"IPCA,111,行商訴,7,20220414,1",ADMINISTRATIVE,Lose
"TPBA,93,訴,1877,20050803,2",ADMINISTRATIVE,Lose
"TPAA,89,判,2839,20000929,1",ADMINISTRATIVE,Lose
"TPBA,91,訴,3114,20031009,2",ADMINISTRATIVE,Lose
"TPBA,96,訴,4242,20080401,1",ADMINISTRATIVE,Lose
"TPBA,95,訴,2740,20070503,2",ADMINISTRATIVE,Lose
"IPCA,103,行專訴,46,20141009,3",ADMINISTRATIVE,Lose
"IPCA,102,行商訴,79,20131031,2",ADMINISTRATIVE,Mixed
"IPCA,106,行專更(一),1,20180312,2",ADMINISTRATIVE,Lose
"TPAA,89,判,1754,20000601",ADMINISTRATIVE,Lose
"TPBA,91,訴,2427,20030722,2",ADMINISTRATIVE,Lose
"TPAA,105,判,62,20160218,1",ADMINISTRATIVE,Lose
"TPBA,94,訴,237,20060223,2",ADMINISTRATIVE,Lose
"TPBA,89,訴,3287,20011121,1",ADMINISTRATIVE,Lose
"IPCA,108,行商訴,74,20191219,2",ADMINISTRATIVE,Win
"TPBA,96,訴,1629,20080306,2",ADMINISTRATIVE,Win
"TPAA,99,判,214,20100304,1",ADMINISTRATIVE,Lose
"TPAA,94,判,1738,20051110,1",ADMINISTRATIVE,Lose
"IPCA,106,行商訴,131,20180605,2",ADMINISTRATIVE,Lose
"TPBA,95,訴,2321,20070503,1",ADMINISTRATIVE,Lose
"TPAA,103,判,22,20140116,1",ADMINISTRATIVE,Lose
"TPBA,92,訴,4665,20041124,1",ADMINISTRATIVE,Lose
"IPCA,104,行專訴,68,20160128,3",ADMINISTRATIVE,Lose
"TPAA,95,判,1371,20060824,1",ADMINISTRATIVE,Lose
"TPBA,94,訴,3116,20061030,2",ADMINISTRATIVE,Lose
"TPAA,90,判,297,20010301,1",ADMINISTRATIVE,Lose
"IPCA,107,行商訴,77,20190627,2",ADMINISTRATIVE,Win
"TPBA,95,訴,4404,20070920,2",ADMINISTRATIVE,Lose
"TPAA,88,判,3822,19991029",ADMINISTRATIVE,Lose
"TPBA,94,訴,2247,20060518,2",ADMINISTRATIVE,Lose
"TPBA,93,訴,1658,20060727,2",ADMINISTRATIVE,Lose
"TPBA,89,訴,1530,20010419,1",ADMINISTRATIVE,Lose
"TPBA,97,訴,230,20080625,1",ADMINISTRATIVE,Lose
"IPCA,104,行商訴,147,20160519,2",ADMINISTRATIVE,Lose
"TPBA,92,訴,37,20040317,2",ADMINISTRATIVE,Lose
"IPCA,103,行商訴,146,20150722,1",ADMINISTRATIVE,Mixed
"TPAA,93,判,1151,20040909,1",ADMINISTRATIVE,Lose
"TPAA,100,判,921,20110603,1",ADMINISTRATIVE,Lose
"IPCA,100,行專訴,13,20110630,3",ADMINISTRATIVE,Win
"TPBA,94,訴,3576,20061019,2",ADMINISTRATIVE,Lose
"TPBA,93,訴,3069,20050908,1",ADMINISTRATIVE,Mixed
"IPCA,100,行商訴,149,20120229,1",ADMINISTRATIVE,Lose
"TPAA,89,判,143,20000120",ADMINISTRATIVE,Lose
"TPBA,89,訴,751,20010305,2",ADMINISTRATIVE,Lose
"IPCA,109,行商訴,67,20201230,1",ADMINISTRATIVE,Lose
"TPAA,88,判,321,19990211",ADMINISTRATIVE,Lose
"TPBA,92,訴,5512,20050429,2",ADMINISTRATIVE,Lose
"TPBA,95,訴,2190,20070404,2",ADMINISTRATIVE,Lose
"TPBA,95,訴,2419,20070524,1",ADMINISTRATIVE,Lose
"TPBA,97,訴,517,20080625,2",ADMINISTRATIVE,Lose
"TPAA,90,判,95,20010111,1",ADMINISTRATIVE,Lose
"TPAA,99,判,367,20100408,1",ADMINISTRATIVE,Lose
"TPBA,95,訴,3130,20070613,1",ADMINISTRATIVE,Lose
"IPCA,103,行專訴,112,20160226,3",ADMINISTRATIVE,Win
"TPBA,91,訴,22,20021113,2",ADMINISTRATIVE,Lose
"TPBA,90,訴,6434,20021211,1",ADMINISTRATIVE,Win
"TPBA,93,訴,3044,20051102,2",ADMINISTRATIVE,Lose
"TPBA,96,訴,1223,20071213,2",ADMINISTRATIVE,Lose
"TPBA,93,訴,389,20050622,2",ADMINISTRATIVE,Win
"TPAA,89,判,2104,20000622",ADMINISTRATIVE,Lose
"TPBA,94,訴,3614,20061031,2",ADMINISTRATIVE,Lose
"TPAA,99,判,1065,20101014,1",ADMINISTRATIVE,Lose
"TPBA,89,訴,453,20010531,1",ADMINISTRATIVE,Lose
"IPCA,101,行專訴,43,20121129,3",ADMINISTRATIVE,Lose
"TPAA,108,判,162,20190408,1",ADMINISTRATIVE,Lose
"TPAA,91,判,41,20020110,1",ADMINISTRATIVE,Win
"TPBA,92,訴,3285,20030918,1",ADMINISTRATIVE,Lose
"IPCA,99,行專訴,45,20100826,3",ADMINISTRATIVE,Win
"IPCA,109,行商訴,32,20201029,2",ADMINISTRATIVE,Mixed
"TPBA,93,訴,2646,20051020,2",ADMINISTRATIVE,Lose
"TPAA,102,判,661,20131030,1",ADMINISTRATIVE,Lose
"TPBA,89,訴,4010,20020131,2",ADMINISTRATIVE,Lose
"TPBA,95,訴,3688,20070823,2",ADMINISTRATIVE,Lose
"TPAA,89,判,838,20000323",ADMINISTRATIVE,Lose
"TPBA,93,訴,3249,20051027,2",ADMINISTRATIVE,Lose
"TPBA,94,訴,3954,20061207,2",ADMINISTRATIVE,Lose
"TPBA,95,訴,896,20070322,2",ADMINISTRATIVE,Lose
"TPAA,88,判,1119,19990415",ADMINISTRATIVE,Lose
"TPAA,88,判,3862,19991111",ADMINISTRATIVE,Lose
"TPAA,104,判,74,20150205,1",ADMINISTRATIVE,Lose
"TPBA,90,訴,3544,20020424,1",ADMINISTRATIVE,Lose
"TPBA,94,訴,3527,20060810,2",ADMINISTRATIVE,Lose
"TPBA,93,訴,1423,20050601,1",ADMINISTRATIVE,Lose
"TPAA,95,判,494,20060413,1",ADMINISTRATIVE,Lose
"IPCA,97,行商訴,122,20090331,1",ADMINISTRATIVE,Lose
"TPBA,92,訴,1280,20040602,2",ADMINISTRATIVE,Lose
"TPAA,91,判,86,20020117,1",ADMINISTRATIVE,Lose
"TPBA,91,訴,3200,20030903,2",ADMINISTRATIVE,Lose
"IPCA,97,行專訴,36,20081225,3",ADMINISTRATIVE,Lose
"IPCA,100,行商訴,79,20111117,3",ADMINISTRATIVE,Lose
"TPAA,90,判,2548,20011227,1",ADMINISTRATIVE,Lose
"IPCA,112,行商訴,15,20240229,2",ADMINISTRATIVE,Lose
"TPAA,90,判,2245,20011129,1",ADMINISTRATIVE,Lose
"TPAA,99,判,87,20100204,1",ADMINISTRATIVE,Lose
"IPCA,108,行商訴,73,20200109,2",ADMINISTRATIVE,Lose
"TPBA,94,訴,2482,20060830,2",ADMINISTRATIVE,Lose
"TPAA,90,判,959,20010531,1",ADMINISTRATIVE,Lose
"TPAA,88,判,4299,19991230",ADMINISTRATIVE,Lose
"IPCA,104,行商訴,67,20160204,3",ADMINISTRATIVE,Lose
"IPCA,108,行專訴,10,20190822,3",ADMINISTRATIVE,Lose
"TPBA,96,訴更一,160,20080605,1",ADMINISTRATIVE,Lose
"TPBA,91,訴,2479,20030813,2",ADMINISTRATIVE,Lose
"TPBA,92,訴,387,20040331,2",ADMINISTRATIVE,Lose
"TPBA,93,訴,674,20050421,1",ADMINISTRATIVE,Lose
"TPBA,93,訴,1741,20050720,2",ADMINISTRATIVE,Lose
"TPAA,89,判,154,20000120",ADMINISTRATIVE,Lose
"TPBA,95,訴,3300,20070621,2",ADMINISTRATIVE,Win
"TPAA,111,上,490,20230807,1",ADMINISTRATIVE,Lose
"IPCA,99,行專訴,111,20110113,3",ADMINISTRATIVE,Win
"TPBA,94,訴,1141,20060406,2",ADMINISTRATIVE,Lose
"TPBA,94,訴,3415,20060824,2",ADMINISTRATIVE,Lose
"TPBA,90,訴,4537,20020725,2",ADMINISTRATIVE,Lose
"TPAA,91,判,716,20020510,1",ADMINISTRATIVE,Win
"TPBA,93,訴,1295,20050630,2",ADMINISTRATIVE,Lose
"IPCA,103,行專訴,80,20150212,3",ADMINISTRATIVE,Lose
"TPBA,95,訴,2803,20070621,1",ADMINISTRATIVE,Lose
"IPCA,101,行專訴,63,20130530,4",ADMINISTRATIVE,Lose
"TPBA,89,訴,76,20001214,1",ADMINISTRATIVE,Lose
"TPAA,90,判,2304,20011206,1",ADMINISTRATIVE,Lose
"IPCA,101,行專訴,56,20121213,3",ADMINISTRATIVE,Lose
"IPCA,105,行商訴,84,20170105,2",ADMINISTRATIVE,Lose
"TPAA,107,判,36,20180118,1",ADMINISTRATIVE,Lose
"TPBA,95,訴,2940,20070524,2",ADMINISTRATIVE,Lose
"IPCA,112,行商訴,54,20240418,1",ADMINISTRATIVE,Lose
"IPCA,105,行商訴,21,20160818,2",ADMINISTRATIVE,Lose
"IPCA,97,行商訴,93,20090108,1",ADMINISTRATIVE,Lose
"TPBA,93,訴,3739,20051103,1",ADMINISTRATIVE,Lose
"TPAA,90,判,1916,20011019,1",ADMINISTRATIVE,Lose
"TPBA,91,訴,3124,20030910,1",ADMINISTRATIVE,Lose
"IPCA,98,行專訴,67,20100304,4",ADMINISTRATIVE,Win
"IPCA,108,行商訴,47,20191128,2",ADMINISTRATIVE,Lose
"IPCA,98,行商訴,45,20091008,2",ADMINISTRATIVE,Lose
"TPAA,110,上,642,20230706,2",ADMINISTRATIVE,Lose
"IPCA,110,行專訴,1,20210729,2",ADMINISTRATIVE,Mixed
"TPBA,94,訴,4072,20060926,2",ADMINISTRATIVE,Lose
"TPAA,102,判,225,20130418,1",ADMINISTRATIVE,Lose
"IPCA,98,行商訴,7,20090514,1",ADMINISTRATIVE,Lose
"TPBA,95,訴,474,20061228,1",ADMINISTRATIVE,Lose
"IPCA,104,行商訴,140,20160204,1",ADMINISTRATIVE,Win
"TPBA,97,訴,1713,20081126,1",ADMINISTRATIVE,Lose
"TPBA,91,訴,4677,20040128,2",ADMINISTRATIVE,Lose
"TPAA,92,判,516,20030508,1",ADMINISTRATIVE,Lose
"IPCA,106,行專訴,37,20171123,3",ADMINISTRATIVE,Lose
"IPCA,99,行商訴,115,20101111,2",ADMINISTRATIVE,Lose
"IPCA,108,行商訴,114,20200507,2",ADMINISTRATIVE,Mixed
"IPCA,110,行商訴,12,20210819,2",ADMINISTRATIVE,Lose
"IPCA,99,行專再,3,20110225,2",ADMINISTRATIVE,Lose
"TPAA,91,判,330,20020227,1",ADMINISTRATIVE,Lose
"TPBA,89,訴,271,20001208,1",ADMINISTRATIVE,Lose
"TPBA,96,訴,455,20071114,1",ADMINISTRATIVE,Lose
"TPAA,100,判,495,20110414,1",ADMINISTRATIVE,Lose
"IPCA,98,行商訴,158,20091119,2",ADMINISTRATIVE,Lose
"IPCA,99,行商訴,16,20100520,2",ADMINISTRATIVE,Mixed
"IPCA,105,行商訴,52,20161121,2",ADMINISTRATIVE,Lose
"IPCA,105,行商訴,86,20170126,2",ADMINISTRATIVE,Lose
"TPAA,89,判,2851,20001005,1",ADMINISTRATIVE,Lose
"IPCA,112,行專訴,45,20241226,4",ADMINISTRATIVE,Win
"TPAA,88,判,4080,19991203",ADMINISTRATIVE,Lose
"TPBA,97,訴,232,20080904,2",ADMINISTRATIVE,Lose
"TPBA,92,訴,1678,20040721,1",ADMINISTRATIVE,Lose
"IPCA,108,行專訴,69,20200715,3",ADMINISTRATIVE,Win
"IPCA,110,行專訴,11,20210901,3",ADMINISTRATIVE,Lose
"IPCA,101,行商訴,149,20130131,2",ADMINISTRATIVE,Lose
"IPCA,105,行商訴,26,20160818,3",ADMINISTRATIVE,Lose
"TPBA,92,訴,1369,20040602,2",ADMINISTRATIVE,Lose
"TPBA,90,訴,6999,20021127,2",ADMINISTRATIVE,Lose
"TPBA,91,訴,4083,20040107,2",ADMINISTRATIVE,Lose
"IPCA,103,行商訴,126,20150129,1",ADMINISTRATIVE,Lose
"TPAA,90,判,274,20010222,1",ADMINISTRATIVE,Lose
"TPBA,95,訴,4176,20071226,3",ADMINISTRATIVE,Win
"TPAA,88,判,1804,19990506",ADMINISTRATIVE,Lose
"IPCA,108,行專訴,77,20200617,3",ADMINISTRATIVE,Lose
"IPCA,102,行著訴,10,20140327,2",ADMINISTRATIVE,Win
"TPAA,90,判,2324,20011207,1",ADMINISTRATIVE,Lose
"TPAA,94,判,1538,20050929,1",ADMINISTRATIVE,Lose
"IPCA,108,行專訴,83,20200521,3",ADMINISTRATIVE,Mixed
"TPAA,96,判,1877,20071025,1",ADMINISTRATIVE,Lose
"IPCA,108,行商更(一),1,20190814,1",ADMINISTRATIVE,Lose
"IPCA,112,行商訴,5,20230928,2",ADMINISTRATIVE,Lose
"IPCA,104,行商訴,78,20151211,2",ADMINISTRATIVE,Win
"TPBA,95,訴,726,20070315,2",ADMINISTRATIVE,Lose
"IPCA,101,行商訴,69,20121227,2",ADMINISTRATIVE,Lose
"TPAA,98,判,1370,20091119,1",ADMINISTRATIVE,Lose
"TPBA,92,訴,2068,20040728,2",ADMINISTRATIVE,Lose
"TPBA,96,訴,2742,20080424,2",ADMINISTRATIVE,Lose
"IPCA,99,行專訴,78,20101216,3",ADMINISTRATIVE,Lose
"IPCA,108,行專訴,35,20190926,3",ADMINISTRATIVE,Lose
"TPBA,92,訴,134,20040310,2",ADMINISTRATIVE,Lose
"TPBA,94,訴,2208,20060731,2",ADMINISTRATIVE,Lose
"TPBA,97,訴,1596,20081224,2",ADMINISTRATIVE,Win
"IPCA,107,行專訴,83,20190418,3",ADMINISTRATIVE,Mixed
"TPAA,109,上,224,20220106,1",ADMINISTRATIVE,Lose
"TPBA,91,訴,3181,20030916,2",ADMINISTRATIVE,Lose
"TPAA,90,判,589,20010413,1",ADMINISTRATIVE,Win
"TPBA,94,訴,157,20051222,1",ADMINISTRATIVE,Lose
"TPBA,96,訴,1010,20071227,2",ADMINISTRATIVE,Lose
"TPAA,96,判,2034,20071206,1",ADMINISTRATIVE,Lose
"TPBA,95,訴,1811,20070412,2",ADMINISTRATIVE,Lose
"IPCA,100,行專訴,96,20120426,3",ADMINISTRATIVE,Win
"TPAA,95,判,1786,20061031,1",ADMINISTRATIVE,Lose
"TPBA,89,訴,162,20010321,2",ADMINISTRATIVE,Lose
"TPAA,91,判,1740,20020926,1",ADMINISTRATIVE,Lose
"TPAA,96,判,810,20070510,1",ADMINISTRATIVE,Lose
"TPAA,94,判,1329,20050831,1",ADMINISTRATIVE,Lose
"TPBA,93,訴,1384,20050606,2",ADMINISTRATIVE,Lose
"IPCA,97,行商訴,45,20081120,1",ADMINISTRATIVE,Lose
"TPBA,90,訴,4139,20020516,2",ADMINISTRATIVE,Lose
"IPCA,108,行商訴,95,20200131,2",ADMINISTRATIVE,Win
"IPCA,107,行專訴,11,20180823,3",ADMINISTRATIVE,Lose
"IPCA,100,行專訴,17,20110707,3",ADMINISTRATIVE,Win
"TPBA,90,訴,6859,20021226,1",ADMINISTRATIVE,Lose
"IPCA,103,行專訴,1,20140529,3",ADMINISTRATIVE,Lose
"IPCA,112,行專更一,1,20230720,2",ADMINISTRATIVE,Lose
"TPBA,90,訴,4143,20020404,2",ADMINISTRATIVE,Lose
"TPAA,89,判,1483,20000511",ADMINISTRATIVE,Lose
"IPCA,97,行專訴,61,20090226,3",ADMINISTRATIVE,Lose
"IPCA,113,行專訴,32,20241219,2",ADMINISTRATIVE,Lose
"TPBA,96,訴,1396,20080117,2",ADMINISTRATIVE,Lose
"TPAA,90,判,2319,20011207,1",ADMINISTRATIVE,Lose
"IPCA,100,行商訴,122,20111130,2",ADMINISTRATIVE,Lose
"IPCA,99,行商訴,59,20100617,2",ADMINISTRATIVE,Lose
"TPBA,90,訴,291,20020328,2",ADMINISTRATIVE,Mixed
"TPAA,104,判,569,20150930,1",ADMINISTRATIVE,Lose
"TPBA,93,訴,3061,20051018,2",ADMINISTRATIVE,Lose
"TPAA,90,判,2050,20011108,1",ADMINISTRATIVE,Lose
"TPBA,97,訴,1136,20080910,2",ADMINISTRATIVE,Lose
"TPAA,95,判,1503,20060914,1",ADMINISTRATIVE,Lose
"TPBA,93,訴,3447,20051103,2",ADMINISTRATIVE,Lose
"IPCA,98,行商更(一),14,20100329,1",ADMINISTRATIVE,Lose
"TPAA,90,判,1879,20011018,1",ADMINISTRATIVE,Lose
"TPAA,104,判,97,20150226,1",ADMINISTRATIVE,Lose
"IPCA,109,行商訴,91,20210224,3",ADMINISTRATIVE,Mixed
"TPBA,94,訴,4052,20061205,2",ADMINISTRATIVE,Lose
"IPCA,113,行專訴,14,20240930,2",ADMINISTRATIVE,Lose
"TPBA,92,訴,1353,20040721,1",ADMINISTRATIVE,Lose
"TPBA,90,訴,6056,20020822,2",ADMINISTRATIVE,Lose
"TPBA,97,訴,385,20080814,3",ADMINISTRATIVE,Lose
"TPBA,89,訴,1096,20010620,1",ADMINISTRATIVE,Lose
"TPBA,96,訴,3167,20080424,1",ADMINISTRATIVE,Lose
"TPAA,104,判,341,20150618,1",ADMINISTRATIVE,Lose
"TPBA,91,訴,163,20021211,1",ADMINISTRATIVE,Win
"IPCA,99,行商訴,149,20110414,2",ADMINISTRATIVE,Lose
"TPBA,92,訴,2505,20040903,2",ADMINISTRATIVE,Lose
"TPBA,96,訴,526,20071031,2",ADMINISTRATIVE,Lose
"TPBA,97,訴,1368,20081001,2",ADMINISTRATIVE,Lose
"TPBA,91,訴,4031,20031225,2",ADMINISTRATIVE,Lose
"IPCA,113,行商訴,29,20241226,1",ADMINISTRATIVE,Lose
"TPBA,91,訴,2921,20030828,2",ADMINISTRATIVE,Mixed
"IPCA,100,行商訴,141,20120112,1",ADMINISTRATIVE,Lose
"TPBA,90,訴,3995,20020314,1",ADMINISTRATIVE,Lose
"TPBA,93,訴,1422,20050624,2",ADMINISTRATIVE,Lose
"TPBA,91,訴,1090,20030515,2",ADMINISTRATIVE,Lose
"TPBA,91,訴,1904,20030814,2",ADMINISTRATIVE,Lose
"TPAA,90,判,905,20010524,1",ADMINISTRATIVE,Lose
"TPAA,111,上,908,20231221,1",ADMINISTRATIVE,Lose
"IPCA,107,行專訴,45,20181031,3",ADMINISTRATIVE,Lose
"TPAA,110,上,397,20230116,2",ADMINISTRATIVE,Lose
"TPAA,89,判,360,20000217",ADMINISTRATIVE,Lose
"TPBA,95,訴,2994,20070613,2",ADMINISTRATIVE,Lose
"IPCA,111,行專訴,42,20230224,4",ADMINISTRATIVE,Lose
"IPCA,112,行專訴,3,20230907,3",ADMINISTRATIVE,Lose
"IPCA,99,行商訴,6,20100520,2",ADMINISTRATIVE,Lose
"TPAA,108,判,55,20190214,1",ADMINISTRATIVE,Lose
"TPBA,95,訴,979,20070328,2",ADMINISTRATIVE,Lose
"IPCA,99,行專訴,120,20110217,4",ADMINISTRATIVE,Lose
"IPCA,106,行商更(一),1,20170727,1",ADMINISTRATIVE,Lose
"TPBA,95,訴,826,20070830,2",ADMINISTRATIVE,Lose
"TPBA,95,訴,4186,20071004,1",ADMINISTRATIVE,Lose
"IPCA,100,行專訴,102,20120229,3",ADMINISTRATIVE,Lose
"IPCA,99,行商訴,165,20110602,1",ADMINISTRATIVE,Win
"TPBA,97,訴,934,20081120,2",ADMINISTRATIVE,Lose
"IPCA,111,行專訴,67,20230504,3",ADMINISTRATIVE,Lose
"IPCA,112,行專訴,27,20231123,2",ADMINISTRATIVE,Lose
"TPBA,89,訴,4015,20011129,2",ADMINISTRATIVE,Lose
"IPCA,106,行專訴,67,20180607,3",ADMINISTRATIVE,Lose
"TPAA,98,判,756,20090709,1",ADMINISTRATIVE,Lose
"IPCA,103,行商更(三),3,20141120,1",ADMINISTRATIVE,Win
"TPBA,96,訴,2081,20080424,2",ADMINISTRATIVE,Lose
"TPBA,91,訴,4521,20031231,2",ADMINISTRATIVE,Lose
"TPAA,96,判,510,20070329,1",ADMINISTRATIVE,Lose
"TPAA,97,判,620,20080626,1",ADMINISTRATIVE,Lose
"IPCA,104,行商訴,123,20160325,2",ADMINISTRATIVE,Lose
"TPBA,96,訴,1071,20071220,2",ADMINISTRATIVE,Lose
"IPCA,111,行專訴,27,20221020,3",ADMINISTRATIVE,Lose
"TPBA,90,訴,3766,20020606,2",ADMINISTRATIVE,Lose
"TPBA,95,訴,2858,20070705,2",ADMINISTRATIVE,Lose
"TPBA,96,訴,113,20080110,1",ADMINISTRATIVE,Lose
"TPAA,90,判,2509,20011221,1",ADMINISTRATIVE,Lose
"TPBA,92,訴,1409,20040917,1",ADMINISTRATIVE,Lose
"TPBA,90,訴,4417,20020501,2",ADMINISTRATIVE,Lose
"TPAA,89,判,377,20000217",ADMINISTRATIVE,Lose
"IPCA,101,行商訴,102,20121108,1",ADMINISTRATIVE,Lose
"TPAA,92,判,1067,20030814,1",ADMINISTRATIVE,Lose
"TPBA,97,訴,591,20080724,2",ADMINISTRATIVE,Lose
"TPBA,90,訴,5479,20021031,1",ADMINISTRATIVE,Lose
"TPAA,93,判,1656,20041223,1",ADMINISTRATIVE,Lose
"TPBA,92,訴,704,20051021,3",ADMINISTRATIVE,Lose
"IPCA,107,行商訴,17,20180920,2",ADMINISTRATIVE,Win
"TPAA,89,判,2559,20000817,1",ADMINISTRATIVE,Lose
"IPCA,107,行商訴,108,20190523,2",ADMINISTRATIVE,Lose
"IPCA,100,行商訴,10,20110602,3",ADMINISTRATIVE,Win
"IPCA,105,行商訴,12,20161107,2",ADMINISTRATIVE,Lose
"TPAA,106,判,559,20171012,1",ADMINISTRATIVE,Lose
"IPCA,99,行專訴,20,20100916,3",ADMINISTRATIVE,Mixed
"TPAA,98,判,1487,20091210,1",ADMINISTRATIVE,Lose
"TPAA,101,判,943,20121101,1",ADMINISTRATIVE,Lose
"IPCA,97,行商訴,127,20090326,1",ADMINISTRATIVE,Lose
"TPBA,92,訴,268,20040409,2",ADMINISTRATIVE,Lose
"TPBA,93,訴,2749,20051011,1",ADMINISTRATIVE,Lose
"IPCA,104,行商訴,77,20151126,3",ADMINISTRATIVE,Win
"IPCA,99,行商訴,189,20110310,1",ADMINISTRATIVE,Mixed
"TPBA,92,訴,5589,20050309,2",ADMINISTRATIVE,Lose
"TPBA,90,訴,5372,20020912,2",ADMINISTRATIVE,Lose
"IPCA,108,行商訴,36,20190829,1",ADMINISTRATIVE,Lose
"TPBA,93,訴,3364,20060605,1",ADMINISTRATIVE,Lose
"TPBA,89,訴,1552,20010323,1",ADMINISTRATIVE,Lose
"TPBA,94,訴,1925,20060628,2",ADMINISTRATIVE,Lose
"IPCA,104,行商訴,154,20160804,3",ADMINISTRATIVE,Lose
"TPBA,92,訴,1968,20040805,1",ADMINISTRATIVE,Lose
"TPBA,89,訴,51,20010111,1",ADMINISTRATIVE,Lose
"IPCA,107,行專訴,93,20190627,3",ADMINISTRATIVE,Lose
"TPBA,89,訴,1647,20010710,2",ADMINISTRATIVE,Lose
"TPBA,90,訴,6296,20021128,2",ADMINISTRATIVE,Lose
"IPCA,111,行商訴,58,20221125,1",ADMINISTRATIVE,Lose
"TPBA,92,訴,4164,20050316,1",ADMINISTRATIVE,Lose
"IPCA,100,行專訴,82,20111027,2",ADMINISTRATIVE,Lose
"TPAA,88,判,624,19990319",ADMINISTRATIVE,Lose
"IPCA,107,行專訴,90,20190724,3",ADMINISTRATIVE,Lose
"TPBA,90,訴,5963,20021011,1",ADMINISTRATIVE,Lose
"TPAA,93,判,965,20040729,1",ADMINISTRATIVE,Lose
"TPBA,96,訴,412,20071114,1",ADMINISTRATIVE,Lose
"IPCA,110,行商訴,5,20210922,3",ADMINISTRATIVE,Lose
"TPAA,95,判,728,20060518,1",ADMINISTRATIVE,Lose
"TPBA,90,訴,3880,20020430,2",ADMINISTRATIVE,Lose
"TPBA,95,訴,4326,20070920,2",ADMINISTRATIVE,Lose
"TPAA,90,判,478,20010329,1",ADMINISTRATIVE,Lose
"TPBA,94,訴,941,20060323,2",ADMINISTRATIVE,Lose
"TPBA,92,訴,2476,20040728,2",ADMINISTRATIVE,Lose
"IPCA,102,行商訴,82,20140108,3",ADMINISTRATIVE,Lose
"TPAA,89,判,3486,20001207,1",ADMINISTRATIVE,Lose
"IPCA,100,行商訴,125,20120119,2",ADMINISTRATIVE,Win
"TPAA,97,判,480,20080529,1",ADMINISTRATIVE,Lose
"TPAA,95,判,309,20060309,1",ADMINISTRATIVE,Lose
"IPCA,106,行商訴,60,20180130,3",ADMINISTRATIVE,Lose
"IPCA,105,行商訴,66,20160811,1",ADMINISTRATIVE,Win
"TPBA,93,訴,3326,20051026,2",ADMINISTRATIVE,Lose
"TPAA,95,判,1317,20060817,1",ADMINISTRATIVE,Lose
"IPCA,111,行專訴,72,20230720,3",ADMINISTRATIVE,Lose
"TPAA,100,判,1086,20110623,1",ADMINISTRATIVE,Lose
"TPBA,92,訴,1408,20040722,1",ADMINISTRATIVE,Lose
"TPAA,90,判,1447,20010817,1",ADMINISTRATIVE,Lose
"TPAA,93,判,943,20040722,1",ADMINISTRATIVE,Lose
"TPBA,95,訴,2337,20070621,2",ADMINISTRATIVE,Lose
"TPAA,90,判,2012,20011101,1",ADMINISTRATIVE,Lose
"IPCA,103,行專訴,76,20150115,3",ADMINISTRATIVE,Lose
"IPCA,107,行專訴,87,20190523,3",ADMINISTRATIVE,Lose
"TPBA,89,訴,1188,20010524,3",ADMINISTRATIVE,Lose
"TPBA,92,訴,3229,20040826,2",ADMINISTRATIVE,Lose
"TPBA,91,訴,3955,20031231,2",ADMINISTRATIVE,Lose
"TPBA,94,訴,927,20060530,2",ADMINISTRATIVE,Lose
"IPCA,109,行專訴,34,20210204,3",ADMINISTRATIVE,Lose
"TPAA,95,判,27,20060112,1",ADMINISTRATIVE,Lose
"TPBA,91,訴更一,17,20031217,1",ADMINISTRATIVE,Lose
"TPAA,103,判,592,20141106,1",ADMINISTRATIVE,Lose
"TPBA,91,訴,2064,20030709,2",ADMINISTRATIVE,Lose
"IPCA,113,行商訴,16,20240930,2",ADMINISTRATIVE,Lose
"IPCA,106,行商訴,67,20170914,1",ADMINISTRATIVE,Mixed
"IPCA,106,行商訴,119,20180208,1",ADMINISTRATIVE,Lose
"TPAA,98,判,620,20090604,1",ADMINISTRATIVE,Lose
"TPBA,89,訴,1380,20010503,1",ADMINISTRATIVE,Lose
"TPBA,94,訴,1050,20060406,2",ADMINISTRATIVE,Lose
"TPBA,96,訴,3560,20080424,1",ADMINISTRATIVE,Lose
"TPBA,96,訴,2229,20080306,2",ADMINISTRATIVE,Lose
"IPCA,109,行專訴,52,20210519,2",ADMINISTRATIVE,Lose
"TPAA,94,判,359,20050317,1",ADMINISTRATIVE,Lose
"IPCA,107,行專訴,37,20181226,4",ADMINISTRATIVE,Lose
"TPBA,89,訴,2029,20020409,2",ADMINISTRATIVE,Lose
"TPBA,93,訴,2319,20050817,2",ADMINISTRATIVE,Lose
"TPBA,95,訴,2346,20070531,2",ADMINISTRATIVE,Lose
"IPCA,97,行商訴,22,20081009,1",ADMINISTRATIVE,Lose
"IPCA,99,行專訴,82,20101223,4",ADMINISTRATIVE,Win
"TPAA,109,上,625,20211111,1",ADMINISTRATIVE,Lose
"TPBA,93,訴,685,20050721,2",ADMINISTRATIVE,Lose
"TPBA,91,訴,281,20021204,1",ADMINISTRATIVE,Lose
"TPBA,92,訴,1912,20040723,2",ADMINISTRATIVE,Lose
"IPCA,108,行商訴,136,20200513,2",ADMINISTRATIVE,Lose
"IPCA,99,行商訴,169,20110303,2",ADMINISTRATIVE,Lose
"IPCA,107,行專訴,12,20180816,3",ADMINISTRATIVE,Lose
"TPBA,92,訴,445,20040419,2",ADMINISTRATIVE,Lose
"TPBA,91,訴,2808,20030821,2",ADMINISTRATIVE,Lose
"TPBA,95,訴,3467,20070726,2",ADMINISTRATIVE,Lose
"TPBA,92,訴,4392,20041117,2",ADMINISTRATIVE,Lose
"IPCA,108,行商訴,109,20200430,2",ADMINISTRATIVE,Lose
"IPCA,98,行商訴,76,20090723,1",ADMINISTRATIVE,Lose
"TPAA,90,判,2510,20011221,1",ADMINISTRATIVE,Lose
"TPAA,91,判,640,20020502,1",ADMINISTRATIVE,Lose
"IPCA,100,行專訴,125,20121031,3",ADMINISTRATIVE,Lose
"IPCA,106,行商訴,164,20180531,2",ADMINISTRATIVE,Lose
"TPAA,98,判,381,20090409,1",ADMINISTRATIVE,Lose
"TPAA,88,判,780,19990401",ADMINISTRATIVE,Lose
"IPCA,111,行商訴,29,20220817,1",ADMINISTRATIVE,Lose
"TPBA,96,訴,3494,20080529,1",ADMINISTRATIVE,Lose
"IPCA,97,行商訴,40,20081113,1",ADMINISTRATIVE,Lose
"IPCA,104,行商訴,114,20160107,2",ADMINISTRATIVE,Win
"TPBA,93,訴,2894,20050922,2",ADMINISTRATIVE,Lose
"TPAA,90,判,1065,20010614,1",ADMINISTRATIVE,Lose
"IPCA,97,行商訴,87,20090219,3",ADMINISTRATIVE,Lose
"TPAA,89,判,1659,20000525",ADMINISTRATIVE,Win
"TPBA,95,訴,769,20070118,2",ADMINISTRATIVE,Lose
"IPCA,104,行商訴,102,20151231,2",ADMINISTRATIVE,Lose
"TPAA,100,判,1534,20110831,1",ADMINISTRATIVE,Lose
"TPAA,95,判,627,20060504,1",ADMINISTRATIVE,Lose
"IPCA,104,行商訴,51,20151023,2",ADMINISTRATIVE,Lose
"IPCA,98,行專訴,95,20100114,3",ADMINISTRATIVE,Lose
"IPCA,104,行商訴,71,20151127,1",ADMINISTRATIVE,Lose
"TPBA,95,訴,4425,20070920,1",ADMINISTRATIVE,Lose
"IPCA,99,行商訴,21,20100610,2",ADMINISTRATIVE,Win
"IPCA,99,行專訴,115,20101230,3",ADMINISTRATIVE,Win
"TPBA,92,訴,3238,20050311,2",ADMINISTRATIVE,Win
"TPBA,94,訴,3311,20060810,1",ADMINISTRATIVE,Mixed
"TPBA,96,訴,3118,20080320,2",ADMINISTRATIVE,Lose
"IPCA,109,行專訴,58,20210609,5",ADMINISTRATIVE,Lose
"IPCA,113,行專訴,10,20240905,3",ADMINISTRATIVE,Lose
"TPBA,92,訴,230,20040331,2",ADMINISTRATIVE,Lose
"TPBA,91,訴,2720,20031225,2",ADMINISTRATIVE,Lose
"TPBA,90,訴,5678,20020912,1",ADMINISTRATIVE,Mixed
"IPCA,110,行專訴,40,20220127,4",ADMINISTRATIVE,Lose
"TPBA,90,訴,4274,20020703,1",ADMINISTRATIVE,Lose
"TPBA,92,訴,2802,20040818,2",ADMINISTRATIVE,Lose
"IPCA,101,行商更(一),4,20130227,1",ADMINISTRATIVE,Lose
"TPBA,95,訴,4047,20070823,2",ADMINISTRATIVE,Lose
"TPBA,95,訴,78,20061019,2",ADMINISTRATIVE,Win
"TPAA,94,判,1948,20051215,1",ADMINISTRATIVE,Lose
"IPCA,106,行商訴,136,20180607,2",ADMINISTRATIVE,Lose
"IPCA,104,行商訴,21,20150819,2",ADMINISTRATIVE,Lose
"TPBA,97,訴,1622,20081022,2",ADMINISTRATIVE,Lose
"TPBA,97,訴,1333,20081008,2",ADMINISTRATIVE,Lose
"TPBA,89,訴,2295,20011116,2",ADMINISTRATIVE,Lose
"TPBA,89,訴,2319,20011123,1",ADMINISTRATIVE,Lose
"IPCA,100,行專訴,14,20110901,2",ADMINISTRATIVE,Mixed
"IPCA,98,行專訴,35,20090813,3",ADMINISTRATIVE,Lose
"TPBA,95,訴,2810,20070530,2",ADMINISTRATIVE,Lose
"IPCA,98,行商訴,148,20091224,3",ADMINISTRATIVE,Lose
"IPCA,99,行專訴,90,20101125,3",ADMINISTRATIVE,Lose
"TPAA,96,判,809,20070510,1",ADMINISTRATIVE,Lose
"TPAA,94,判,723,20050527,1",ADMINISTRATIVE,Lose
"TPAA,90,判,1133,20010622,1",ADMINISTRATIVE,Lose
"TPBA,92,訴,4121,20050318,2",ADMINISTRATIVE,Lose
"IPCA,111,行商訴,10,20220630,2",ADMINISTRATIVE,Lose
"TPAA,103,判,503,20140918,1",ADMINISTRATIVE,Lose
"TPBA,89,訴,2218,20030219,2",ADMINISTRATIVE,Mixed
"IPCA,97,行專訴,38,20090312,3",ADMINISTRATIVE,Lose
"IPCA,102,行商訴,36,20130912,2",ADMINISTRATIVE,Lose
"TPBA,90,訴,136,20010928,1",ADMINISTRATIVE,Lose
"IPCA,112,行專訴,16,20240215,3",ADMINISTRATIVE,Lose
"IPCA,99,行商訴,103,20100930,2",ADMINISTRATIVE,Lose
"TPAA,90,判,1099,20010615,1",ADMINISTRATIVE,Lose
"IPCA,104,行商訴,87,20151225,2",ADMINISTRATIVE,Lose
"TPBA,97,訴,127,20080423,2",ADMINISTRATIVE,Lose
"IPCA,112,行商訴,45,20240118,2",ADMINISTRATIVE,Lose
"TPBA,94,訴,4104,20061205,2",ADMINISTRATIVE,Lose
"TPBA,90,訴,7022,20021204,1",ADMINISTRATIVE,Lose
"TPAA,89,判,1742,20000531",ADMINISTRATIVE,Lose
"IPCA,103,行專訴,47,20141113,3",ADMINISTRATIVE,Win
"IPCA,99,行商訴,66,20100715,1",ADMINISTRATIVE,Lose
"IPCA,103,行專訴,12,20140821,3",ADMINISTRATIVE,Lose
"TPBA,95,訴,3270,20070726,2",ADMINISTRATIVE,Lose
"IPCA,103,行商訴,60,20141023,2",ADMINISTRATIVE,Lose
"TPBA,95,訴,3084,20070719,2",ADMINISTRATIVE,Lose
"TPBA,91,訴,2001,20030703,2",ADMINISTRATIVE,Lose
"TPBA,92,訴,1932,20040630,2",ADMINISTRATIVE,Lose
"IPCA,102,行專訴,118,20150108,5",ADMINISTRATIVE,Lose
"IPCA,108,行商訴,61,20200326,1",ADMINISTRATIVE,Lose
"TPBA,90,訴,4175,20020606,2",ADMINISTRATIVE,Lose
"TPBA,94,訴,2398,20060608,2",ADMINISTRATIVE,Lose
"TPBA,90,訴,47,20011226,1",ADMINISTRATIVE,Lose
"TPAA,101,判,500,20120607,1",ADMINISTRATIVE,Lose
"IPCA,103,行專訴,4,20140522,2",ADMINISTRATIVE,Lose
"TPBA,92,訴,2163,20040804,2",ADMINISTRATIVE,Lose
"IPCA,103,行商訴,115,20150213,3",ADMINISTRATIVE,Lose
"IPCA,109,行專訴,5,20200630,2",ADMINISTRATIVE,Mixed
"IPCA,106,行商訴,96,20180222,1",ADMINISTRATIVE,Win
"IPCA,99,行商訴,208,20110504,2",ADMINISTRATIVE,Lose
"IPCA,97,行專訴,1,20081113,2",ADMINISTRATIVE,Lose
"TPBA,90,訴,1860,20020123,1",ADMINISTRATIVE,Lose
"TPBA,90,訴,6815,20021021,2",ADMINISTRATIVE,Lose
"TPAA,111,上,491,20230914,2",ADMINISTRATIVE,Lose
"IPCA,100,行商訴,12,20110609,3",ADMINISTRATIVE,Lose
"IPCA,105,行專訴,76,20171115,4",ADMINISTRATIVE,Mixed
"TPBA,93,訴,2594,20050929,2",ADMINISTRATIVE,Lose
"IPCA,106,行商訴,30,20171102,3",ADMINISTRATIVE,Lose
"IPCA,99,行商訴,42,20100819,3",ADMINISTRATIVE,Lose
"TPBA,93,訴,1380,20050615,2",ADMINISTRATIVE,Lose
"IPCA,98,行商訴,227,20100325,2",ADMINISTRATIVE,Lose
"TPAA,98,判,319,20090326,1",ADMINISTRATIVE,Lose
"IPCA,101,行商訴,128,20121227,1",ADMINISTRATIVE,Lose
"TPBA,94,訴,3773,20060913,2",ADMINISTRATIVE,Lose
"TPBA,96,訴,3564,20080408,2",ADMINISTRATIVE,Lose
"TPBA,89,訴,4064,20010905,2",ADMINISTRATIVE,Lose
"IPCA,106,行商訴,155,20180705,3",ADMINISTRATIVE,Win
"IPCA,101,行商訴,179,20130515,2",ADMINISTRATIVE,Lose
"IPCA,97,行商訴,125,20090430,3",ADMINISTRATIVE,Lose
"IPCA,98,行專訴,110,20100318,3",ADMINISTRATIVE,Win
"TPBA,91,訴,1725,20030828,2",ADMINISTRATIVE,Lose
"TPAA,90,判,141,20010111,1",ADMINISTRATIVE,Lose
"IPCA,98,行商訴,115,20091203,3",ADMINISTRATIVE,Lose
"IPCA,103,行商更(一),4,20150507,1",ADMINISTRATIVE,Mixed
"IPCA,107,行商訴,51,20181206,2",ADMINISTRATIVE,Lose
"TPBA,91,訴,657,20030327,2",ADMINISTRATIVE,Lose
"TPBA,94,訴,1021,20060720,2",ADMINISTRATIVE,Lose
"IPCA,100,行專訴,91,20111215,3",ADMINISTRATIVE,Lose
"TPBA,96,訴,1860,20080131,1",ADMINISTRATIVE,Lose
"TPAA,89,判,82,20000113",ADMINISTRATIVE,Lose
"TPBA,94,訴,1297,20060608,2",ADMINISTRATIVE,Lose
"TPBA,94,訴,1786,20060622,2",ADMINISTRATIVE,Lose
"TPAA,90,判,740,20010504,1",ADMINISTRATIVE,Lose
"TPBA,93,訴,3737,20051201,2",ADMINISTRATIVE,Lose
"IPCA,112,行商訴,29,20231207,2",ADMINISTRATIVE,Lose
"TPBA,97,訴,1463,20080903,2",ADMINISTRATIVE,Lose
"TPBA,90,訴,3527,20020208,1",ADMINISTRATIVE,Lose
"TPBA,91,訴,1331,20030529,2",ADMINISTRATIVE,Lose
"IPCA,109,行商訴,124,20210225,1",ADMINISTRATIVE,Lose
"TPAA,96,判,1240,20070719,1",ADMINISTRATIVE,Lose
"IPCA,103,行商訴,63,20141106,3",ADMINISTRATIVE,Lose
"IPCA,103,行商訴,48,20140903,3",ADMINISTRATIVE,Lose
"TPBA,95,訴,1285,20070130,2",ADMINISTRATIVE,Lose
"TPBA,97,訴,406,20080625,2",ADMINISTRATIVE,Lose
"IPCA,105,行商訴,16,20161114,2",ADMINISTRATIVE,Lose
"TPAA,88,判,4093,19991203",ADMINISTRATIVE,Lose
"IPCA,98,行商訴,141,20091015,2",ADMINISTRATIVE,Lose
"TPBA,96,訴,4093,20080320,1",ADMINISTRATIVE,Lose
"TPAA,90,判,2049,20011108,1",ADMINISTRATIVE,Lose
"IPCA,111,行商訴,79,20230427,2",ADMINISTRATIVE,Lose
"TPBA,95,訴,949,20061207,1",ADMINISTRATIVE,Lose
"TPBA,94,訴,2657,20060906,2",ADMINISTRATIVE,Lose
"TPBA,95,訴,4128,20070830,2",ADMINISTRATIVE,Lose
"TPAA,88,判,4125,19991216",ADMINISTRATIVE,Lose
"TPAA,104,判,246,20150521,1",ADMINISTRATIVE,Lose
"IPCA,108,行商更(二),8,20200416,1",ADMINISTRATIVE,Win
"IPCA,104,行專訴,20,20150625,3",ADMINISTRATIVE,Mixed
"TPAA,98,判,277,20090319,1",ADMINISTRATIVE,Lose
"TPBA,92,訴,1151,20040526,2",ADMINISTRATIVE,Lose
"IPCA,106,行商訴,93,20180510,2",ADMINISTRATIVE,Lose
"TPAA,87,判,2051,19981015",ADMINISTRATIVE,Lose
"IPCA,103,行專訴,87,20150430,3",ADMINISTRATIVE,Mixed
"TPAA,91,判,1594,20020830,1",ADMINISTRATIVE,Lose
"TPBA,90,訴,6674,20021113,2",ADMINISTRATIVE,Lose
"TPBA,91,訴,5275,20040407,2",ADMINISTRATIVE,Lose
"IPCA,105,行商訴,150,20170302,1",ADMINISTRATIVE,Win
"TPBA,97,訴,243,20080508,1",ADMINISTRATIVE,Lose
"TPBA,96,訴,1429,20080130,1",ADMINISTRATIVE,Lose
"TPAA,106,判,463,20170817,1",ADMINISTRATIVE,Lose
"TPBA,91,訴,1421,20030626,2",ADMINISTRATIVE,Lose
"TPBA,91,訴,1497,20030507,2",ADMINISTRATIVE,Lose
"TPBA,94,訴,50,20060104,2",ADMINISTRATIVE,Lose
"TPAA,89,判,1660,20000525",ADMINISTRATIVE,Lose
"IPCA,98,行專訴,131,20100429,5",ADMINISTRATIVE,Lose
"TPBA,92,訴,856,20040519,2",ADMINISTRATIVE,Lose
"IPCA,97,行專訴,53,20090122,1",ADMINISTRATIVE,Lose
"TPAA,90,判,2551,20011227,1",ADMINISTRATIVE,Lose
"TPAA,91,判,267,20020207,1",ADMINISTRATIVE,Lose
"TPBA,91,訴,873,20030416,2",ADMINISTRATIVE,Lose
"TPAA,88,判,3703,19991021",ADMINISTRATIVE,Lose
"TPBA,92,訴,3935,20041008,1",ADMINISTRATIVE,Lose
"IPCA,99,行專訴,117,20110127,4",ADMINISTRATIVE,Win
"IPCA,102,行著訴,4,20131030,2",ADMINISTRATIVE,Lose
"TPBA,96,訴,1876,20080313,2",ADMINISTRATIVE,Lose
"TPBA,92,訴,2209,20050317,2",ADMINISTRATIVE,Lose
"IPCA,110,行專訴,15,20210916,4",ADMINISTRATIVE,Lose
"TPAA,90,判,1046,20010608,1",ADMINISTRATIVE,Lose
"TPAA,98,判,251,20090312,1",ADMINISTRATIVE,Lose
"IPCA,99,行商訴,1,20100422,2",ADMINISTRATIVE,Lose
"TPAA,95,判,44,20060112,1",ADMINISTRATIVE,Lose
"TPBA,95,訴,370,20061207,1",ADMINISTRATIVE,Lose
"TPAA,89,判,749,20000316",ADMINISTRATIVE,Lose
"IPCA,103,行商訴,18,20140529,2",ADMINISTRATIVE,Lose
"IPCA,103,行專訴,43,20141120,4",ADMINISTRATIVE,Lose
"TPBA,91,訴,2215,20030702,2",ADMINISTRATIVE,Lose
"IPCA,107,行商訴,102,20190613,2",ADMINISTRATIVE,Lose
"TPBA,89,訴,370,20011115,2",ADMINISTRATIVE,Lose
"TPAA,100,判,391,20110317,1",ADMINISTRATIVE,Lose
"TPBA,91,訴,3900,20031112,1",ADMINISTRATIVE,Lose
"TPBA,96,訴,4009,20080529,2",ADMINISTRATIVE,Lose
"TPBA,93,訴,3248,20051117,3",ADMINISTRATIVE,Win
"TPBA,90,訴,3868,20020718,1",ADMINISTRATIVE,Lose
"IPCA,104,行專訴,63,20151225,3",ADMINISTRATIVE,Lose
"TPAA,107,判,447,20180802,1",ADMINISTRATIVE,Lose
"TPAA,91,判,435,20020328,1",ADMINISTRATIVE,Lose
"IPCA,103,行商訴,151,20150513,1",ADMINISTRATIVE,Mixed
"TPAA,93,判,561,20040506,1",ADMINISTRATIVE,Lose
"TPBA,95,訴,898,20061207,2",ADMINISTRATIVE,Lose
"IPCA,111,行商訴,80,20230531,2",ADMINISTRATIVE,Lose
"TPBA,95,訴,146,20070111,2",ADMINISTRATIVE,Lose
"TPBA,94,訴,3432,20060927,2",ADMINISTRATIVE,Lose
"TPAA,95,判,1547,20060921,1",ADMINISTRATIVE,Lose
"TPBA,94,訴,443,20060331,2",ADMINISTRATIVE,Lose
"TPAA,90,判,1739,20010928,1",ADMINISTRATIVE,Lose
"TPAA,89,判,812,20000323",ADMINISTRATIVE,Lose
"TPAA,90,判,1084,20010614,1",ADMINISTRATIVE,Lose
"IPCA,102,行商訴,88,20131212,3",ADMINISTRATIVE,Lose
"IPCA,107,行商訴,80,20190502,3",ADMINISTRATIVE,Lose
"TPBA,97,訴,872,20080724,2",ADMINISTRATIVE,Win
"TPAA,92,判,232,20030306,1",ADMINISTRATIVE,Lose
"TPAA,89,判,169,20000120",ADMINISTRATIVE,Lose
"IPCA,100,行商訴,168,20120517,2",ADMINISTRATIVE,Win
"IPCA,108,行商訴,12,20190627,2",ADMINISTRATIVE,Lose
"TPBA,93,訴,2115,20050909,1",ADMINISTRATIVE,Lose
"IPCA,109,行商訴,82,20201231,1",ADMINISTRATIVE,Lose
"TPAA,90,判,1256,20010720,1",ADMINISTRATIVE,Lose
"TPAA,112,上,30,20230720,1",ADMINISTRATIVE,Lose
"TPBA,89,訴,641,20021231,1",ADMINISTRATIVE,Mixed
"TPBA,90,訴,3489,20011207,1",ADMINISTRATIVE,Win
"TPBA,95,訴,1443,20070215,1",ADMINISTRATIVE,Lose
"TPBA,91,訴,3001,20031120,2",ADMINISTRATIVE,Lose
"TPAA,102,判,731,20131128,1",ADMINISTRATIVE,Lose
"TPBA,90,訴,7043,20021218,2",ADMINISTRATIVE,Lose
"IPCA,99,行專訴,43,20100916,3",ADMINISTRATIVE,Mixed
"TPAA,96,判,1415,20070809,1",ADMINISTRATIVE,Lose
"IPCA,100,行商訴,134,20120222,2",ADMINISTRATIVE,Lose
"TPAA,88,判,4211,19991223",ADMINISTRATIVE,Lose
"TPAA,89,判,676,20000309",ADMINISTRATIVE,Lose
"IPCA,98,行商訴,105,20091008,2",ADMINISTRATIVE,Lose
"IPCA,101,行商更(一),5,20130530,2",ADMINISTRATIVE,Lose
"IPCA,99,行專訴,100,20101118,3",ADMINISTRATIVE,Lose
"IPCA,106,行商訴,13,20171026,2",ADMINISTRATIVE,Mixed
"IPCA,111,行專訴,70,20230928,4",ADMINISTRATIVE,Mixed
"TPAA,91,判,2074,20021121,1",ADMINISTRATIVE,Lose
"TPAA,88,判,4252,19991224",ADMINISTRATIVE,Win
"TPAA,109,判,69,20200213,1",ADMINISTRATIVE,Lose
"TPBA,95,訴,247,20061221,2",ADMINISTRATIVE,Lose
"TPBA,96,訴,1057,20071206,1",ADMINISTRATIVE,Lose
"IPCA,106,行商訴,88,20180329,2",ADMINISTRATIVE,Lose
"TPBA,91,訴,4715,20040513,2",ADMINISTRATIVE,Lose
"TPBA,92,訴更一,47,20040107,2",ADMINISTRATIVE,Lose
"TPAA,93,判,524,20040429,1",ADMINISTRATIVE,Lose
"TPBA,92,訴,3298,20041027,2",ADMINISTRATIVE,Lose
"IPCA,107,行專訴,53,20190110,3",ADMINISTRATIVE,Lose
"TPAA,95,判,1368,20060824,1",ADMINISTRATIVE,Lose
"TPAA,98,判,1225,20091008,1",ADMINISTRATIVE,Lose
"IPCA,110,行商訴,3,20210826,2",ADMINISTRATIVE,Lose
"TPAA,98,判,553,20090521,1",ADMINISTRATIVE,Lose
"TPBA,90,訴,6513,20021120,2",ADMINISTRATIVE,Lose
"IPCA,101,行商訴,133,20121220,1",ADMINISTRATIVE,Lose
"TPAA,95,判,1118,20060720,1",ADMINISTRATIVE,Lose
"IPCA,99,行商訴,80,20100909,3",ADMINISTRATIVE,Win
"TPBA,96,訴,2755,20080619,2",ADMINISTRATIVE,Lose
"TPAA,90,判,1697,20010924,1",ADMINISTRATIVE,Win
"TPBA,97,訴,383,20080612,1",ADMINISTRATIVE,Lose
"IPCA,113,行專訴,11,20240829,3",ADMINISTRATIVE,Lose
"TPBA,94,訴更一,20,20051229,1",ADMINISTRATIVE,Win
"IPCA,106,行商訴,74,20171130,1",ADMINISTRATIVE,Lose
"TPBA,94,訴,3218,20060927,2",ADMINISTRATIVE,Lose
"TPAA,110,上,303,20220421,1",ADMINISTRATIVE,Lose
"IPCA,102,行專訴,111,20140227,1",ADMINISTRATIVE,Lose
"TPBA,94,訴,2508,20060629,2",ADMINISTRATIVE,Lose
"TPBA,97,訴,751,20081001,2",ADMINISTRATIVE,Lose
"TPBA,95,訴,1675,20070321,2",ADMINISTRATIVE,Lose
"IPCA,99,行專訴,163,20110428,4",ADMINISTRATIVE,Win
"TPBA,94,訴,1860,20060406,2",ADMINISTRATIVE,Lose
"IPCA,98,行商訴,6,20090402,1",ADMINISTRATIVE,Lose
"TPAA,89,判,3032,20001031,1",ADMINISTRATIVE,Lose
"TPAA,95,判,545,20060420,1",ADMINISTRATIVE,Lose
"IPCA,101,行專訴,5,20121108,3",ADMINISTRATIVE,Lose
"TPBA,90,訴,6148,20021106,1",ADMINISTRATIVE,Lose
"IPCA,111,行專訴,16,20221208,3",ADMINISTRATIVE,Lose
"TPAA,96,判,1139,20070628,1",ADMINISTRATIVE,Lose
"IPCA,97,行專訴,59,20090219,3",ADMINISTRATIVE,Mixed
"TPBA,97,訴,666,20081030,2",ADMINISTRATIVE,Lose
"TPBA,92,訴,3661,20050311,2",ADMINISTRATIVE,Lose
"TPBA,96,訴,1544,20080109,2",ADMINISTRATIVE,Lose
"IPCA,98,行專訴,132,20100408,3",ADMINISTRATIVE,Lose
"TPBA,97,訴,994,20081002,2",ADMINISTRATIVE,Lose
"IPCA,99,行專訴,80,20101216,3",ADMINISTRATIVE,Win
"IPCA,104,行商訴,156,20160630,2",ADMINISTRATIVE,Win
"TPBA,93,訴,3193,20051020,1",ADMINISTRATIVE,Lose
"IPCA,99,行專訴,113,20110106,3",ADMINISTRATIVE,Lose
"TPAA,91,判,1725,20020920,1",ADMINISTRATIVE,Lose
"TPBA,89,訴,3325,20020306,1",ADMINISTRATIVE,Lose
"TPBA,91,訴,2675,20030820,2",ADMINISTRATIVE,Lose
"TPBA,89,訴,1957,20010802,2",ADMINISTRATIVE,Win
"TPBA,94,訴,2216,20060810,2",ADMINISTRATIVE,Lose
"TPBA,89,訴,936,20011019,1",ADMINISTRATIVE,Win
"TPAA,92,判,609,20030522,1",ADMINISTRATIVE,Lose
"TPBA,96,訴,1353,20080117,2",ADMINISTRATIVE,Lose
"IPCA,98,行商訴,167,20091105,1",ADMINISTRATIVE,Lose
"TPBA,89,訴,642,20020612,2",ADMINISTRATIVE,Win
"TPBA,89,訴,3413,20011116,2",ADMINISTRATIVE,Lose
"IPCA,109,行商訴,61,20201217,2",ADMINISTRATIVE,Lose
"TPBA,93,訴,3189,20051102,2",ADMINISTRATIVE,Lose
"TPBA,96,訴,3409,20080306,2",ADMINISTRATIVE,Lose
"TPBA,95,訴,3177,20070620,2",ADMINISTRATIVE,Lose
"TPBA,93,訴,323,20050406,2",ADMINISTRATIVE,Lose
"TPBA,96,訴,4186,20080508,2",ADMINISTRATIVE,Lose
"TPBA,92,訴,3151,20041223,2",ADMINISTRATIVE,Lose
"IPCA,109,行商訴,119,20210512,2",ADMINISTRATIVE,Win
"TPAA,105,判,548,20161026,1",ADMINISTRATIVE,Lose
"IPCA,100,行商訴,150,20120329,1",ADMINISTRATIVE,Lose
"IPCA,101,行商訴,86,20121129,1",ADMINISTRATIVE,Lose
"TPBA,96,訴,1073,20071227,2",ADMINISTRATIVE,Lose
"IPCA,105,行專訴,68,20170216,3",ADMINISTRATIVE,Lose
"TPAA,93,判,1471,20041125,1",ADMINISTRATIVE,Lose
"TPBA,93,訴,891,20050519,1",ADMINISTRATIVE,Lose
"IPCA,106,行專訴,58,20190627,3",ADMINISTRATIVE,Win
"TPBA,89,訴,1273,20010524,1",ADMINISTRATIVE,Win
"TPBA,90,訴,312,20011130,2",ADMINISTRATIVE,Mixed
"TPBA,89,訴,1596,20010531,1",ADMINISTRATIVE,Lose
"IPCA,99,行專訴,173,20110609,4",ADMINISTRATIVE,Lose
"TPBA,96,訴,370,20071108,1",ADMINISTRATIVE,Win
"IPCA,102,行專訴,54,20130927,2",ADMINISTRATIVE,Lose
"TPAA,92,判,792,20030619,1",ADMINISTRATIVE,Lose
"TPBA,93,訴,2209,20050908,1",ADMINISTRATIVE,Lose
"IPCA,99,行商訴,60,20100708,2",ADMINISTRATIVE,Lose
"IPCA,100,行專更(一),6,20110512,2",ADMINISTRATIVE,Win
"TPBA,91,訴,152,20030312,2",ADMINISTRATIVE,Lose
"IPCA,112,行專訴,48,20240411,3",ADMINISTRATIVE,Lose
"TPBA,92,訴,1396,20040721,1",ADMINISTRATIVE,Lose
"IPCA,97,行專訴,63,20090409,4",ADMINISTRATIVE,Mixed
"TPAA,90,判,1436,20010816,1",ADMINISTRATIVE,Lose
"TPAA,96,判,728,20070430,1",ADMINISTRATIVE,Lose
"TPBA,96,訴,4023,20080424,1",ADMINISTRATIVE,Mixed
"IPCA,106,行商訴,71,20171221,2",ADMINISTRATIVE,Lose
"TPBA,91,訴,1251,20030424,2",ADMINISTRATIVE,Lose
"IPCA,111,行專更一,2,20221116,2",ADMINISTRATIVE,Lose
"IPCA,99,行商訴,26,20100527,2",ADMINISTRATIVE,Lose
"IPCA,109,行商訴,127,20210819,2",ADMINISTRATIVE,Lose
"IPCA,105,行專訴,39,20170224,4",ADMINISTRATIVE,Lose
"IPCA,108,行商訴,78,20200108,2",ADMINISTRATIVE,Lose
"TPAA,90,判,1330,20010727,1",ADMINISTRATIVE,Lose
"TPAA,87,判,2529,19981204",ADMINISTRATIVE,Lose
"TPBA,90,訴,436,20011227,2",ADMINISTRATIVE,Lose
"TPAA,90,判,2560,20011228,1",ADMINISTRATIVE,Lose
"TPBA,96,訴,3568,20080415,2",ADMINISTRATIVE,Lose
"TPBA,89,訴,3334,20010920,2",ADMINISTRATIVE,Lose
"TPAA,94,判,1806,20051124,1",ADMINISTRATIVE,Lose
"IPCA,99,行專訴,174,20110428,3",ADMINISTRATIVE,Lose
"TPBA,90,訴,7037,20021226,2",ADMINISTRATIVE,Lose
"TPAA,89,判,502,20000224",ADMINISTRATIVE,Lose
"TPBA,92,訴,4324,20041027,2",ADMINISTRATIVE,Lose
"TPBA,89,訴,2825,20011109,2",ADMINISTRATIVE,Lose
"TPBA,91,訴,3737,20031022,1",ADMINISTRATIVE,Lose
"TPBA,95,訴,4468,20070920,2",ADMINISTRATIVE,Lose
"TPBA,89,訴,440,20010426,1",ADMINISTRATIVE,Lose
"IPCA,102,行專訴,98,20140227,3",ADMINISTRATIVE,Lose
"TPBA,90,訴,451,20011231,1",ADMINISTRATIVE,Lose
"TPAA,93,判,438,20040422,1",ADMINISTRATIVE,Lose
"TPBA,89,訴,816,20010220,2",ADMINISTRATIVE,Lose
"IPCA,99,行商訴,222,20110512,2",ADMINISTRATIVE,Lose
"TPAA,110,上,92,20220210,1",ADMINISTRATIVE,Lose
"IPCA,101,行商訴,143,20130110,2",ADMINISTRATIVE,Lose
"TPBA,94,訴,2801,20060823,2",ADMINISTRATIVE,Lose
"TPBA,97,訴,947,20081002,2",ADMINISTRATIVE,Lose
"TPAA,89,判,1486,20000512",ADMINISTRATIVE,Lose
"TPAA,89,判,694,20000310",ADMINISTRATIVE,Lose
"IPCA,99,行商訴,50,20100630,1",ADMINISTRATIVE,Mixed
"TPBA,90,訴,2041,20020627,1",ADMINISTRATIVE,Mixed
"IPCA,102,行著更(一),1,20131129,2",ADMINISTRATIVE,Win
"IPCA,105,行專訴,16,20160711,2",ADMINISTRATIVE,Lose
"TPBA,92,訴,1900,20040730,2",ADMINISTRATIVE,Lose
"TPBA,97,訴,731,20080807,2",ADMINISTRATIVE,Win
"IPCA,110,行商訴,47,20211209,1",ADMINISTRATIVE,Lose
"TPBA,94,訴,928,20060420,3",ADMINISTRATIVE,Lose
"TPBA,92,訴,5165,20050217,1",ADMINISTRATIVE,Lose
"IPCA,97,行專訴,80,20090625,4",ADMINISTRATIVE,Win
"TPAA,88,判,4304,19991230",ADMINISTRATIVE,Lose
"TPBA,95,訴,3665,20070801,1",ADMINISTRATIVE,Lose
"TPBA,92,訴,3847,20040929,1",ADMINISTRATIVE,Lose
"IPCA,112,行商訴,63,20240530,2",ADMINISTRATIVE,Lose
"TPBA,94,訴,3865,20061005,2",ADMINISTRATIVE,Lose
"TPAA,109,上,58,20211209,1",ADMINISTRATIVE,Lose
"IPCA,101,行商訴,65,20120927,1",ADMINISTRATIVE,Mixed
"IPCA,109,行商訴,21,20201118,3",ADMINISTRATIVE,Lose
"TPAA,106,判,136,20170316,1",ADMINISTRATIVE,Lose
"IPCA,106,行商訴,76,20171207,2",ADMINISTRATIVE,Lose
"TPAA,96,判,1861,20071025,1",ADMINISTRATIVE,Lose
"TPBA,97,訴,1233,20081022,2",ADMINISTRATIVE,Lose
"IPCA,110,行商訴,59,20220316,1",ADMINISTRATIVE,Lose
"TPBA,94,訴,3358,20060720,2",ADMINISTRATIVE,Lose
"IPCA,101,行商訴,185,20130605,2",ADMINISTRATIVE,Lose
"IPCA,99,行專訴,29,20100826,3",ADMINISTRATIVE,Lose
"TPAA,88,判,3538,19990923",ADMINISTRATIVE,Lose
"TPBA,97,訴,553,20080508,1",ADMINISTRATIVE,Lose
"TPAA,88,判,2065,19990531",ADMINISTRATIVE,Lose
"TPBA,91,訴,2955,20030730,1",ADMINISTRATIVE,Lose
"IPCA,99,行商訴,29,20100805,3",ADMINISTRATIVE,Lose
"IPCA,105,行專訴,4,20160630,6",ADMINISTRATIVE,Lose
"IPCA,105,行專訴,12,20160819,3",ADMINISTRATIVE,Win
"TPAA,90,判,1451,20010817,1",ADMINISTRATIVE,Lose
"IPCA,105,行專訴,74,20170614,3",ADMINISTRATIVE,Lose
"IPCA,104,行專訴,41,20151016,3",ADMINISTRATIVE,Lose
"TPBA,90,訴,329,20020508,2",ADMINISTRATIVE,Lose
"IPCA,111,行專訴,38,20221229,3",ADMINISTRATIVE,Lose
"IPCA,107,行專訴,47,20190117,3",ADMINISTRATIVE,Lose
"IPCA,101,行著訴,8,20130606,3",ADMINISTRATIVE,Mixed
"TPAA,109,上,644,20210630,1",ADMINISTRATIVE,Lose
"TPBA,90,訴,4871,20020529,2",ADMINISTRATIVE,Lose
"TPAA,94,判,662,20050519,1",ADMINISTRATIVE,Lose
"TPBA,91,訴,4626,20040128,2",ADMINISTRATIVE,Lose
"TPBA,94,訴,2189,20060511,2",ADMINISTRATIVE,Win
"TPAA,90,判,2229,20011129,1",ADMINISTRATIVE,Lose
"TPBA,94,訴,1667,20060713,1",ADMINISTRATIVE,Lose
"TPBA,94,訴,2037,20060622,2",ADMINISTRATIVE,Lose
"IPCA,109,行商訴,22,20210415,3",ADMINISTRATIVE,Win
"TPBA,94,訴,4081,20061228,1",ADMINISTRATIVE,Lose
"TPAA,89,判,910,20000330",ADMINISTRATIVE,Lose
"TPBA,93,訴,2844,20050824,1",ADMINISTRATIVE,Lose
"IPCA,105,行專訴,42,20180202,4",ADMINISTRATIVE,Win
"TPBA,94,訴,858,20060309,2",ADMINISTRATIVE,Lose
"TPBA,90,訴,196,20020822,2",ADMINISTRATIVE,Lose
"TPBA,92,訴,1555,20040719,1",ADMINISTRATIVE,Lose
"IPCA,105,行商更(一),1,20170815,1",ADMINISTRATIVE,Lose
"TPAA,97,判,873,20080925,1",ADMINISTRATIVE,Lose
"TPAA,88,判,425,19990226",ADMINISTRATIVE,Lose
"TPAA,90,判,1096,20010615,1",ADMINISTRATIVE,Lose
"TPBA,95,訴,2582,20070523,2",ADMINISTRATIVE,Lose
"IPCA,97,行專訴,15,20081126,2",ADMINISTRATIVE,Lose
"TPAA,88,判,2735,19990624",ADMINISTRATIVE,Lose
"IPCA,103,行專訴,104,20150708,4",ADMINISTRATIVE,Lose
"TPBA,92,訴,484,20040617,2",ADMINISTRATIVE,Lose
"TPBA,94,訴,3453,20061116,1",ADMINISTRATIVE,Win
"IPCA,104,行專訴,16,20150903,4",ADMINISTRATIVE,Mixed
"IPCA,112,行專訴,52,20240627,3",ADMINISTRATIVE,Lose
"TPBA,93,訴,3096,20051103,1",ADMINISTRATIVE,Lose
"TPBA,95,訴更一,146,20070628,1",ADMINISTRATIVE,Lose
"IPCA,100,行商訴,23,20110714,3",ADMINISTRATIVE,Lose
"IPCA,98,行商訴,160,20100114,2",ADMINISTRATIVE,Lose
"TPBA,89,訴,1994,20011108,1",ADMINISTRATIVE,Lose
"TPBA,89,訴,3388,20011220,1",ADMINISTRATIVE,Lose
"IPCA,103,行商訴,138,20150429,2",ADMINISTRATIVE,Lose
"IPCA,107,行商訴,89,20190516,3",ADMINISTRATIVE,Lose
"TPBA,89,訴,482,20010308,1",ADMINISTRATIVE,Lose
"TPBA,91,訴,5096,20040422,2",ADMINISTRATIVE,Lose
"TPBA,95,訴,2771,20070524,2",ADMINISTRATIVE,Lose
"TPBA,91,訴,1522,20030603,2",ADMINISTRATIVE,Lose
"TPBA,94,訴,2506,20060810,2",ADMINISTRATIVE,Lose
"TPBA,91,訴,4384,20040226,2",ADMINISTRATIVE,Lose
"TPBA,90,訴,6881,20021121,2",ADMINISTRATIVE,Lose
"TPBA,92,訴,5426,20041229,1",ADMINISTRATIVE,Lose
"TPAA,91,判,1895,20021024,1",ADMINISTRATIVE,Lose
"TPAA,98,判,781,20090716,1",ADMINISTRATIVE,Lose
"IPCA,107,行商訴,25,20180614,1",ADMINISTRATIVE,Win
"TPAA,100,判,722,20110512,1",ADMINISTRATIVE,Lose
"TPAA,100,判,426,20110329,1",ADMINISTRATIVE,Lose
"TPBA,96,訴,1937,20080221,2",ADMINISTRATIVE,Lose
"TPBA,96,訴,1654,20080110,1",ADMINISTRATIVE,Lose
"TPAA,90,判,1033,20010608,1",ADMINISTRATIVE,Lose
"TPAA,90,判,1392,20010809,1",ADMINISTRATIVE,Lose
"TPBA,90,訴,4567,20020605,2",ADMINISTRATIVE,Win
"TPBA,91,訴,393,20030207,2",ADMINISTRATIVE,Lose
"TPBA,90,訴,336,20011212,1",ADMINISTRATIVE,Lose
"TPAA,89,判,2099,20000622",ADMINISTRATIVE,Lose
"IPCA,109,行專訴,40,20210304,4",ADMINISTRATIVE,Lose
"TPBA,95,訴,4546,20070927,2",ADMINISTRATIVE,Lose
"TPAA,89,判,1477,20000511",ADMINISTRATIVE,Lose
"IPCA,100,行商訴,162,20120426,3",ADMINISTRATIVE,Lose
"TPBA,89,訴,1523,20010410,1",ADMINISTRATIVE,Lose
"IPCA,103,行商訴,140,20150506,2",ADMINISTRATIVE,Mixed
"TPBA,96,訴,1328,20071129,2",ADMINISTRATIVE,Lose
"TPBA,94,訴,1474,20060731,2",ADMINISTRATIVE,Lose
"TPAA,93,判,1107,20040831,1",ADMINISTRATIVE,Lose
"TPAA,89,判,2930,20001012,1",ADMINISTRATIVE,Win
"IPCA,97,行專訴,75,20090518,1",ADMINISTRATIVE,Lose
"TPAA,88,判,3447,19990916",ADMINISTRATIVE,Win
"IPCA,112,行專訴,24,20231221,3",ADMINISTRATIVE,Lose
"IPCA,101,行專訴,22,20120823,4",ADMINISTRATIVE,Lose
"TPBA,91,訴,930,20030507,2",ADMINISTRATIVE,Lose
"TPAA,88,判,4156,19991217",ADMINISTRATIVE,Win
"IPCA,98,行專訴,91,20100408,4",ADMINISTRATIVE,Win
"TPBA,96,訴,1314,20080306,2",ADMINISTRATIVE,Win
"TPBA,93,訴,41,20050519,2",ADMINISTRATIVE,Lose
"TPAA,108,上,854,20210401,1",ADMINISTRATIVE,Lose
"TPBA,92,訴,3880,20050615,2",ADMINISTRATIVE,Lose
"TPAA,88,判,3432,19990903",ADMINISTRATIVE,Lose
"IPCA,104,行專訴,88,20160407,4",ADMINISTRATIVE,Win
"TPBA,95,訴,3051,20070613,2",ADMINISTRATIVE,Lose
"TPBA,96,訴,4130,20080423,1",ADMINISTRATIVE,Mixed
"IPCA,107,行商訴,99,20190822,3",ADMINISTRATIVE,Win
"TPAA,90,判,563,20010412,1",ADMINISTRATIVE,Lose
"TPBA,94,訴,1429,20060608,2",ADMINISTRATIVE,Lose
"IPCA,103,行商訴,78,20140918,2",ADMINISTRATIVE,Lose
"IPCA,103,行專訴,92,20150409,3",ADMINISTRATIVE,Lose
"TPBA,94,訴,3749,20061018,2",ADMINISTRATIVE,Lose
"TPBA,91,訴,1023,20030501,1",ADMINISTRATIVE,Lose
"TPBA,89,訴,367,20010531,1",ADMINISTRATIVE,Lose
"IPCA,110,行專訴,43,20220331,3",ADMINISTRATIVE,Lose
"TPAA,91,判,2111,20021125,1",ADMINISTRATIVE,Win
"TPBA,96,訴,3187,20080626,2",ADMINISTRATIVE,Lose
"TPAA,90,判,961,20010601,1",ADMINISTRATIVE,Lose
"TPBA,92,訴,965,20040805,2",ADMINISTRATIVE,Win
"TPAA,104,判,355,20150625,1",ADMINISTRATIVE,Lose
"TPAA,95,判,2134,20061221,1",ADMINISTRATIVE,Lose
"TPAA,91,判,815,20020524,1",ADMINISTRATIVE,Lose
"TPAA,91,判,101,20020117,1",ADMINISTRATIVE,Lose
"IPCA,110,行專訴,5,20211028,3",ADMINISTRATIVE,Mixed
"TPBA,94,訴,1941,20060413,2",ADMINISTRATIVE,Lose
"TPBA,93,訴,1329,20050615,2",ADMINISTRATIVE,Lose
"TPAA,105,判,240,20160519,1",ADMINISTRATIVE,Lose
"TPAA,107,判,473,20180816,1",ADMINISTRATIVE,Lose
"IPCA,104,行專訴,23,20151130,5",ADMINISTRATIVE,Lose
"TPBA,95,訴,557,20061221,2",ADMINISTRATIVE,Lose
"IPCA,101,行商訴,108,20121025,1",ADMINISTRATIVE,Lose
"IPCA,105,行專訴,30,20161215,3",ADMINISTRATIVE,Win
"TPBA,96,訴,3047,20080522,2",ADMINISTRATIVE,Lose
"TPAA,99,判,1165,20101104,1",ADMINISTRATIVE,Lose
"TPAA,89,判,3066,20001102,1",ADMINISTRATIVE,Lose
"TPAA,90,判,2137,20011115,1",ADMINISTRATIVE,Lose
"TPAA,94,判,356,20050317,1",ADMINISTRATIVE,Lose
"IPCA,102,行商訴,136,20140417,2",ADMINISTRATIVE,Lose
"TPAA,90,判,1922,20011025,1",ADMINISTRATIVE,Lose
"TPBA,93,訴,1354,20050721,2",ADMINISTRATIVE,Lose
"IPCA,109,行商訴,64,20201111,2",ADMINISTRATIVE,Lose
"TPBA,93,訴更一,203,20050728,1",ADMINISTRATIVE,Lose
"IPCA,100,行商訴,165,20120426,2",ADMINISTRATIVE,Mixed
"TPBA,89,訴,1431,20010529,1",ADMINISTRATIVE,Lose
"TPBA,93,訴,3124,20051027,2",ADMINISTRATIVE,Win
"TPBA,90,訴,4714,20020612,1",ADMINISTRATIVE,Lose
"TPAA,102,判,176,20130329,1",ADMINISTRATIVE,Lose
"TPAA,99,判,1073,20101014,1",ADMINISTRATIVE,Lose
"TPBA,95,訴,865,20070215,2",ADMINISTRATIVE,Lose
"TPBA,95,再,8,20080602,1",ADMINISTRATIVE,Lose
"IPCA,102,行商訴,55,20131031,3",ADMINISTRATIVE,Mixed
"IPCA,101,行商訴,125,20121227,3",ADMINISTRATIVE,Lose
"TPAA,106,判,651,20171122,1",ADMINISTRATIVE,Lose
"TPBA,96,訴,967,20071129,1",ADMINISTRATIVE,Lose
"IPCA,108,行商訴,88,20191128,1",ADMINISTRATIVE,Lose
"TPAA,96,判,1880,20071025,1",ADMINISTRATIVE,Lose
"TPBA,90,訴,5136,20020828,1",ADMINISTRATIVE,Lose
"IPCA,107,行專訴,75,20190214,3",ADMINISTRATIVE,Win
"TPBA,97,訴,946,20090520,2",ADMINISTRATIVE,Lose
"TPAA,101,判,1032,20121206,1",ADMINISTRATIVE,Lose
"TPBA,97,訴,222,20080709,2",ADMINISTRATIVE,Win
"IPCA,99,行專訴,54,20100826,2",ADMINISTRATIVE,Win
"TPBA,90,訴,1156,20011109,2",ADMINISTRATIVE,Lose
"TPAA,93,判,648,20040521,1",ADMINISTRATIVE,Lose
"TPBA,94,訴,600,20060317,1",ADMINISTRATIVE,Mixed
"TPAA,88,判,481,19990305",ADMINISTRATIVE,Lose
"TPBA,92,訴,2941,20040917,2",ADMINISTRATIVE,Lose
"TPBA,93,訴,1473,20050624,2",ADMINISTRATIVE,Lose
"TPBA,96,訴,486,20071030,1",ADMINISTRATIVE,Lose
"IPCA,110,行商訴,69,20220128,1",ADMINISTRATIVE,Lose
"IPCA,99,行商訴,156,20101216,1",ADMINISTRATIVE,Lose
"IPCA,109,行商訴,45,20201030,2",ADMINISTRATIVE,Lose
"TPAA,92,判,606,20030522,1",ADMINISTRATIVE,Lose
"TPBA,96,訴,3697,20080529,2",ADMINISTRATIVE,Win
"TPBA,91,訴,5243,20040310,2",ADMINISTRATIVE,Lose
"TPAA,109,上,479,20220113,1",ADMINISTRATIVE,Lose
"TPBA,90,訴,244,20020206,2",ADMINISTRATIVE,Lose
"TPBA,90,訴,5043,20020612,2",ADMINISTRATIVE,Lose
"IPCA,112,行專訴,15,20240111,4",ADMINISTRATIVE,Lose
"TPBA,92,訴,2092,20050505,3",ADMINISTRATIVE,Lose
"TPBA,94,訴,4128,20061219,2",ADMINISTRATIVE,Lose
"TPAA,89,判,1828,20000608",ADMINISTRATIVE,Lose
"TPBA,96,訴,438,20071031,2",ADMINISTRATIVE,Lose
"TPAA,90,判,880,20010524,1",ADMINISTRATIVE,Lose
"TPAA,89,判,1965,20000615",ADMINISTRATIVE,Lose
"TPAA,89,判,2783,20000921,1",ADMINISTRATIVE,Lose
"TPBA,94,訴,167,20060223,2",ADMINISTRATIVE,Lose
"TPBA,90,訴,3007,20020516,2",ADMINISTRATIVE,Lose
"IPCA,107,行商訴,9,20180913,3",ADMINISTRATIVE,Mixed
"TPBA,89,訴,877,20010322,1",ADMINISTRATIVE,Lose
"TPAA,91,判,232,20020206,1",ADMINISTRATIVE,Lose
"TPAA,105,判,547,20161026,1",ADMINISTRATIVE,Lose
"TPBA,95,訴,2984,20070607,2",ADMINISTRATIVE,Lose
"TPBA,94,訴,3645,20061123,2",ADMINISTRATIVE,Lose
"TPAA,108,判,580,20191219,1",ADMINISTRATIVE,Lose
"IPCA,101,行專訴,58,20120927,3",ADMINISTRATIVE,Lose
"TPAA,90,判,678,20010427,1",ADMINISTRATIVE,Lose
"TPBA,95,訴,4489,20070920,2",ADMINISTRATIVE,Lose
"TPAA,95,判,1367,20060824,1",ADMINISTRATIVE,Lose
"TPBA,97,訴,153,20080403,2",ADMINISTRATIVE,Lose
"IPCA,100,行商訴,8,20110825,3",ADMINISTRATIVE,Win
"TPBA,90,訴,4021,20011224,1",ADMINISTRATIVE,Lose
"TPBA,93,訴,3955,20051019,3",ADMINISTRATIVE,Lose
"TPAA,89,判,3912,20001228,1",ADMINISTRATIVE,Lose
"TPAA,108,判,432,20190904,1",ADMINISTRATIVE,Lose
"IPCA,102,行商訴,92,20131128,3",ADMINISTRATIVE,Lose
"IPCA,101,行專訴,71,20130327,4",ADMINISTRATIVE,Lose
"TPBA,97,訴,14,20080410,3",ADMINISTRATIVE,Lose
"IPCA,99,行專訴,15,20100701,3",ADMINISTRATIVE,Lose
"TPAA,89,判,245,20000127",ADMINISTRATIVE,Lose
"TPAA,93,判,442,20040422,1",ADMINISTRATIVE,Lose
"TPBA,94,訴,1984,20060425,2",ADMINISTRATIVE,Lose
"TPBA,94,訴,4115,20061219,2",ADMINISTRATIVE,Lose
"IPCA,105,行商訴,96,20170712,2",ADMINISTRATIVE,Lose
"TPBA,94,訴,2352,20060720,2",ADMINISTRATIVE,Lose
"IPCA,107,行專訴,91,20190509,2",ADMINISTRATIVE,Lose
"IPCA,101,行專訴,27,20120830,3",ADMINISTRATIVE,Lose
"TPBA,91,訴,4691,20040225,2",ADMINISTRATIVE,Lose
"TPBA,91,訴,3099,20030910,2",ADMINISTRATIVE,Lose
"IPCA,97,行商訴,64,20081231,2",ADMINISTRATIVE,Lose
"IPCA,112,行商訴,16,20231130,1",ADMINISTRATIVE,Lose
"IPCA,102,行專訴,50,20131009,3",ADMINISTRATIVE,Lose
"TPAA,89,判,1038,20000413",ADMINISTRATIVE,Win
"IPCA,99,行專訴,88,20101230,3",ADMINISTRATIVE,Win
"TPAA,96,判,752,20070430,1",ADMINISTRATIVE,Lose
"IPCA,110,行商訴,83,20220310,1",ADMINISTRATIVE,Lose
"IPCA,101,行專訴,23,20120726,2",ADMINISTRATIVE,Lose
"TPAA,88,判,170,19990128",ADMINISTRATIVE,Lose
"TPAA,90,判,1698,20010924,1",ADMINISTRATIVE,Win
"TPBA,90,訴,456,20010927,1",ADMINISTRATIVE,Win
"IPCA,97,行專訴,31,20081120,4",ADMINISTRATIVE,Lose
"TPAA,96,判,1213,20070712,1",ADMINISTRATIVE,Lose
"TPBA,92,訴,5372,20050302,2",ADMINISTRATIVE,Lose
"IPCA,103,行專訴,113,20150507,3",ADMINISTRATIVE,Lose
"IPCA,109,行商訴,72,20201224,2",ADMINISTRATIVE,Lose
"IPCA,97,行商訴,91,20090305,2",ADMINISTRATIVE,Lose
"TPAA,90,判,801,20010511,1",ADMINISTRATIVE,Lose
"TPBA,92,訴,3804,20041230,1",ADMINISTRATIVE,Lose
"IPCA,105,行商訴,151,20170608,2",ADMINISTRATIVE,Win
"TPBA,92,訴,4906,20050310,2",ADMINISTRATIVE,Mixed
"IPCA,99,行專訴,129,20110217,2",ADMINISTRATIVE,Mixed
"TPAA,109,上,913,20220519,1",ADMINISTRATIVE,Lose
"IPCA,99,行商訴,129,20101230,3",ADMINISTRATIVE,Lose
"TPBA,92,訴,1163,20040526,2",ADMINISTRATIVE,Lose
"TPBA,94,訴,3285,20061012,2",ADMINISTRATIVE,Lose
"IPCA,99,行專訴,87,20101021,3",ADMINISTRATIVE,Lose
"IPCA,100,行專訴,42,20110929,3",ADMINISTRATIVE,Win
"IPCA,102,行商訴,61,20131226,3",ADMINISTRATIVE,Win
"TPAA,107,判,707,20181129,1",ADMINISTRATIVE,Lose
"IPCA,106,行專訴,35,20171227,3",ADMINISTRATIVE,Mixed
"IPCA,98,行商訴,188,20100225,3",ADMINISTRATIVE,Lose
"TPBA,92,訴,3684,20040929,2",ADMINISTRATIVE,Lose
"IPCA,101,行著訴,3,20121108,2",ADMINISTRATIVE,Win
"TPBA,94,訴,3043,20060809,1",ADMINISTRATIVE,Lose
"IPCA,106,行專訴,29,20170928,3",ADMINISTRATIVE,Lose
"TPBA,95,訴,1044,20070125,2",ADMINISTRATIVE,Lose
"IPCA,102,行商訴,115,20140227,2",ADMINISTRATIVE,Lose
"IPCA,103,行專訴,49,20141119,2",ADMINISTRATIVE,Lose
"TPAA,98,判,118,20090212,1",ADMINISTRATIVE,Lose
"IPCA,97,行商訴,85,20090108,1",ADMINISTRATIVE,Lose
"IPCA,113,行專訴,5,20240627,3",ADMINISTRATIVE,Lose
"TPAA,90,判,1900,20011019,1",ADMINISTRATIVE,Lose
"IPCA,106,行專訴,39,20180412,4",ADMINISTRATIVE,Lose
"TPBA,94,訴,3674,20060913,2",ADMINISTRATIVE,Lose
"IPCA,100,行專訴,126,20120718,3",ADMINISTRATIVE,Lose
"TPBA,92,訴,4488,20041203,2",ADMINISTRATIVE,Lose
"TPAA,90,判,1259,20010720,1",ADMINISTRATIVE,Lose
"TPBA,95,訴,3822,20070926,1",ADMINISTRATIVE,Lose
"TPAA,91,判,255,20020207,1",ADMINISTRATIVE,Lose
"TPBA,95,訴,2638,20070430,2",ADMINISTRATIVE,Lose
"TPBA,90,訴,101,20010928,2",ADMINISTRATIVE,Lose
"TPBA,93,訴,3446,20051208,2",ADMINISTRATIVE,Lose
"IPCA,102,行專訴,78,20140219,3",ADMINISTRATIVE,Lose
"TPAA,89,判,3387,20001130,1",ADMINISTRATIVE,Win
"TPBA,93,訴,3547,20051013,2",ADMINISTRATIVE,Lose
"IPCA,102,行商訴,10,20130529,3",ADMINISTRATIVE,Lose
"IPCA,106,行商訴,102,20180613,2",ADMINISTRATIVE,Lose
"IPCA,112,行商訴,24,20231228,2",ADMINISTRATIVE,Lose
"IPCA,102,行商訴,71,20131107,3",ADMINISTRATIVE,Lose
"IPCA,99,行專訴,107,20110113,3",ADMINISTRATIVE,Lose
"TPBA,90,訴,2602,20011231,2",ADMINISTRATIVE,Lose
"TPBA,95,訴,524,20070214,2",ADMINISTRATIVE,Lose
"IPCA,100,行專訴,108,20120216,3",ADMINISTRATIVE,Mixed
"TPBA,95,訴,1059,20061214,2",ADMINISTRATIVE,Mixed
"TPAA,94,判,683,20050519,1",ADMINISTRATIVE,Lose
"IPCA,104,行專訴,6,20151120,3",ADMINISTRATIVE,Mixed
"TPBA,94,訴,4059,20060926,2",ADMINISTRATIVE,Lose
"TPAA,95,判,458,20060407,1",ADMINISTRATIVE,Lose
"TPAA,96,判,663,20070419,1",ADMINISTRATIVE,Lose
"IPCA,104,行專訴,70,20160219,3",ADMINISTRATIVE,Lose
"IPCA,103,行商訴,55,20141009,2",ADMINISTRATIVE,Lose
"TPAA,106,判,575,20171026,1",ADMINISTRATIVE,Lose
"TPBA,96,訴,720,20071115,2",ADMINISTRATIVE,Lose
"TPBA,90,訴,5695,20020918,2",ADMINISTRATIVE,Lose
"IPCA,106,行商訴,133,20180315,3",ADMINISTRATIVE,Lose
"TPBA,91,訴,4308,20031119,2",ADMINISTRATIVE,Lose
"IPCA,111,行專訴,45,20221229,2",ADMINISTRATIVE,Lose
"TPBA,95,訴,2035,20070329,2",ADMINISTRATIVE,Lose
"IPCA,106,行商訴,28,20170706,2",ADMINISTRATIVE,Lose
"TPAA,97,判,973,20081030,1",ADMINISTRATIVE,Lose
"IPCA,98,行商訴,26,20090604,3",ADMINISTRATIVE,Lose
"TPAA,91,判,1476,20020815,1",ADMINISTRATIVE,Lose
"TPAA,96,判,955,20070531,1",ADMINISTRATIVE,Lose
"TPAA,87,判,1,19980106,1",ADMINISTRATIVE,Win
"TPBA,89,訴,1959,20010629,2",ADMINISTRATIVE,Lose
"TPAA,98,判,278,20090319,1",ADMINISTRATIVE,Lose
"TPAA,108,判,249,20190524,1",ADMINISTRATIVE,Lose
"TPBA,94,訴,1213,20060425,2",ADMINISTRATIVE,Lose
"IPCA,107,行專訴,68,20190307,3",ADMINISTRATIVE,Lose
"TPAA,109,上,34,20211130,1",ADMINISTRATIVE,Lose
"IPCA,100,行專訴,72,20111027,3",ADMINISTRATIVE,Lose
"TPBA,94,訴,3848,20061228,2",ADMINISTRATIVE,Lose
"TPAA,91,判,268,20020207,1",ADMINISTRATIVE,Lose
"IPCA,105,行商訴,5,20160617,1",ADMINISTRATIVE,Lose
"IPCA,99,行專訴,85,20101118,4",ADMINISTRATIVE,Mixed
"TPBA,94,訴,4044,20061221,2",ADMINISTRATIVE,Lose
"TPBA,91,訴,4359,20031204,2",ADMINISTRATIVE,Lose
"TPBA,95,訴,595,20061207,2",ADMINISTRATIVE,Lose
"IPCA,105,行商訴,78,20170215,2",ADMINISTRATIVE,Lose
"IPCA,103,行商訴,88,20150226,1",ADMINISTRATIVE,Lose
"TPBA,94,訴,1933,20060907,2",ADMINISTRATIVE,Lose
"TPBA,92,訴更一,1,20031203,1",ADMINISTRATIVE,Lose
"TPBA,93,訴,1913,20050629,1",ADMINISTRATIVE,Lose
"TPBA,95,訴,1326,20070125,2",ADMINISTRATIVE,Lose
"IPCA,98,行商訴,107,20090827,1",ADMINISTRATIVE,Lose
"IPCA,108,行商訴,40,20190923,2",ADMINISTRATIVE,Lose
"IPCA,107,行專訴,58,20190103,3",ADMINISTRATIVE,Lose
"IPCA,111,行商訴,48,20221019,1",ADMINISTRATIVE,Lose
"IPCA,104,行專訴,76,20160311,2",ADMINISTRATIVE,Win
"IPCA,110,行商訴,79,20220413,1",ADMINISTRATIVE,Lose
"IPCA,111,行專訴,6,20220810,3",ADMINISTRATIVE,Lose
"TPBA,94,訴,3654,20061214,2",ADMINISTRATIVE,Lose
"TPBA,89,訴,2998,20011214,1",ADMINISTRATIVE,Lose
"TPAA,96,判,1087,20070622,1",ADMINISTRATIVE,Lose
"TPBA,91,訴,777,20030416,2",ADMINISTRATIVE,Lose
"TPBA,95,訴,1933,20070328,2",ADMINISTRATIVE,Lose
"TPBA,92,訴,1677,20040721,1",ADMINISTRATIVE,Lose
"IPCA,97,行商訴,100,20090820,2",ADMINISTRATIVE,Mixed
"TPBA,95,訴,2124,20070517,2",ADMINISTRATIVE,Lose
"IPCA,100,行專訴,76,20111130,4",ADMINISTRATIVE,Lose
"IPCA,106,行商訴,86,20171130,2",ADMINISTRATIVE,Lose
"IPCA,104,行專訴,12,20150918,3",ADMINISTRATIVE,Win
"TPAA,87,判,983,19980528",ADMINISTRATIVE,Lose
"TPBA,94,訴,2684,20060830,2",ADMINISTRATIVE,Lose
"TPBA,93,訴,3680,20051110,2",ADMINISTRATIVE,Win
"TPAA,94,判,20,20050113,1",ADMINISTRATIVE,Lose
"TPBA,93,訴,510,20050609,2",ADMINISTRATIVE,Lose
"TPBA,91,訴,1213,20030417,2",ADMINISTRATIVE,Lose
"IPCA,104,行商訴,8,20150630,1",ADMINISTRATIVE,Lose
"TPAA,109,上,1075,20220421,1",ADMINISTRATIVE,Lose
"TPBA,97,訴,185,20080724,1",ADMINISTRATIVE,Lose
"IPCA,109,行商訴,48,20201223,1",ADMINISTRATIVE,Lose
"TPBA,97,訴,757,20080709,2",ADMINISTRATIVE,Lose
"IPCA,98,行商訴,185,20100121,3",ADMINISTRATIVE,Lose
"TPBA,93,訴,3726,20051222,1",ADMINISTRATIVE,Lose
"TPAA,94,判,1250,20050818,1",ADMINISTRATIVE,Lose
"TPBA,94,訴,1579,20060809,2",ADMINISTRATIVE,Win
"TPBA,95,訴,3583,20070823,1",ADMINISTRATIVE,Lose
"TPAA,90,判,956,20010531,1",ADMINISTRATIVE,Lose
"IPCA,109,行商訴,128,20210527,2",ADMINISTRATIVE,Lose
"IPCA,110,行商訴,91,20220727,3",ADMINISTRATIVE,Lose
"TPAA,98,判,779,20090716,1",ADMINISTRATIVE,Lose
"TPAA,90,判,2547,20011227,1",ADMINISTRATIVE,Lose
"TPBA,95,訴,3735,20070802,2",ADMINISTRATIVE,Lose
"IPCA,109,行商訴,84,20210225,2",ADMINISTRATIVE,Lose
"TPAA,89,判,137,20000120",ADMINISTRATIVE,Lose
"TPBA,95,訴,3377,20070719,1",ADMINISTRATIVE,Lose
"TPBA,93,訴,2035,20050811,2",ADMINISTRATIVE,Lose
"TPBA,90,訴,255,20020808,2",ADMINISTRATIVE,Lose
"TPBA,90,訴,1081,20020124,1",ADMINISTRATIVE,Lose
"TPBA,95,訴,1753,20070404,2",ADMINISTRATIVE,Lose
"TPAA,94,判,715,20050526,1",ADMINISTRATIVE,Lose
"IPCA,108,行專訴,84,20200604,3",ADMINISTRATIVE,Lose
"IPCA,104,行專訴,69,20160219,3",ADMINISTRATIVE,Lose
"TPBA,92,訴,4664,20041215,1",ADMINISTRATIVE,Lose
"TPAA,95,判,52,20060112,1",ADMINISTRATIVE,Lose
"IPCA,110,行商訴,95,20220831,2",ADMINISTRATIVE,Lose
"TPAA,88,判,1009,19990409",ADMINISTRATIVE,Lose
"IPCA,101,行商訴,38,20120726,2",ADMINISTRATIVE,Lose
"TPBA,94,訴,32,20051221,1",ADMINISTRATIVE,Lose
"TPBA,91,訴,4651,20040325,1",ADMINISTRATIVE,Mixed
"TPBA,91,訴,2968,20030916,2",ADMINISTRATIVE,Lose
"TPBA,92,訴,5299,20050317,2",ADMINISTRATIVE,Lose
"TPBA,95,訴,4467,20071129,2",ADMINISTRATIVE,Lose
"TPBA,96,訴,2936,20080306,1",ADMINISTRATIVE,Lose
"TPAA,96,判,431,20070322,1",ADMINISTRATIVE,Lose
"IPCA,112,行商訴,10,20231109,2",ADMINISTRATIVE,Lose
"TPBA,95,訴,2796,20070503,1",ADMINISTRATIVE,Mixed
"TPAA,96,判,1459,20070816,1",ADMINISTRATIVE,Lose
"TPBA,94,訴,3830,20060913,2",ADMINISTRATIVE,Lose
"TPAA,91,判,719,20020510,1",ADMINISTRATIVE,Lose
"IPCA,99,行商訴,130,20101216,2",ADMINISTRATIVE,Lose
"TPBA,96,訴,1039,20071220,2",ADMINISTRATIVE,Lose
"TPBA,93,訴,3287,20051026,2",ADMINISTRATIVE,Lose
"IPCA,102,行商訴,40,20130801,3",ADMINISTRATIVE,Lose
"TPBA,95,訴,4525,20070927,2",ADMINISTRATIVE,Lose
"IPCA,111,行商訴,19,20220907,2",ADMINISTRATIVE,Lose
"TPBA,90,訴,317,20011205,1",ADMINISTRATIVE,Lose
"TPBA,96,訴,2357,20080221,2",ADMINISTRATIVE,Lose
"TPAA,88,判,3939,19991119",ADMINISTRATIVE,Lose
"TPBA,93,訴,3993,20051027,1",ADMINISTRATIVE,Mixed
"IPCA,98,行商訴,234,20100225,1",ADMINISTRATIVE,Lose
"IPCA,105,行專訴,23,20161013,3",ADMINISTRATIVE,Lose
"TPAA,102,判,477,20130726,1",ADMINISTRATIVE,Lose
"IPCA,106,行商訴,129,20180227,1",ADMINISTRATIVE,Win
"IPCA,108,行商訴,86,20191226,2",ADMINISTRATIVE,Lose
"TPAA,88,判,4300,19991230",ADMINISTRATIVE,Lose
"TPAA,96,判,1593,20070906,1",ADMINISTRATIVE,Lose
"TPAA,108,上,976,20210825,1",ADMINISTRATIVE,Lose
"TPBA,89,訴,3335,20010924,2",ADMINISTRATIVE,Lose
"TPBA,94,訴,2392,20060629,2",ADMINISTRATIVE,Lose
"TPBA,90,訴,4079,20020328,2",ADMINISTRATIVE,Win
"TPAA,101,判,556,20120621,1",ADMINISTRATIVE,Lose
"IPCA,101,行商訴,90,20121129,1",ADMINISTRATIVE,Lose
"TPAA,98,判,1032,20090903,1",ADMINISTRATIVE,Lose
"TPBA,103,簡上,3,20140731,1",ADMINISTRATIVE,Lose
"IPCA,103,行商訴,23,20140925,3",ADMINISTRATIVE,Lose
"IPCA,109,行商訴,121,20210630,2",ADMINISTRATIVE,Lose
"TPBA,90,訴,1839,20020314,1",ADMINISTRATIVE,Lose
"IPCA,98,行著訴,2,20100506,1",ADMINISTRATIVE,Lose
"TPBA,94,訴,1886,20060615,2",ADMINISTRATIVE,Lose
"TPAA,101,判,349,20120416,1",ADMINISTRATIVE,Lose
"TPBA,90,訴,5616,20020926,2",ADMINISTRATIVE,Lose
"TPBA,96,再,79,20071213,2",ADMINISTRATIVE,Lose
"TPBA,93,訴,25,20050421,2",ADMINISTRATIVE,Mixed
"TPBA,96,訴,2887,20080508,1",ADMINISTRATIVE,Lose
"TPAA,90,判,1014,20010607,1",ADMINISTRATIVE,Lose
"IPCA,99,行商訴,105,20101028,1",ADMINISTRATIVE,Lose
"IPCA,99,行專訴,86,20101111,2",ADMINISTRATIVE,Lose
"IPCA,104,行專訴,90,20160531,3",ADMINISTRATIVE,Mixed
"TPBA,94,訴,2860,20060809,1",ADMINISTRATIVE,Lose
"TPBA,94,訴,506,20060302,2",ADMINISTRATIVE,Lose
"IPCA,109,行商訴,86,20210218,2",ADMINISTRATIVE,Lose
"IPCA,99,行專訴,37,20100812,3",ADMINISTRATIVE,Win
"TPBA,90,訴,5848,20030717,2",ADMINISTRATIVE,Lose
"IPCA,100,行商訴,5,20110512,2",ADMINISTRATIVE,Lose
"TPBA,94,訴,3301,20060913,2",ADMINISTRATIVE,Lose
"IPCA,106,行專訴,81,20180530,3",ADMINISTRATIVE,Lose
"TPAA,91,判,126,20020118,1",ADMINISTRATIVE,Lose
"IPCA,112,行商訴,2,20231031,2",ADMINISTRATIVE,Lose
"TPBA,92,訴,4505,20041229,2",ADMINISTRATIVE,Lose
"IPCA,103,行商訴,69,20150529,3",ADMINISTRATIVE,Mixed
"TPAA,92,判,144,20030213,1",ADMINISTRATIVE,Lose
"IPCA,111,行商訴,11,20221012,2",ADMINISTRATIVE,Lose
"TPBA,90,訴,5231,20020814,1",ADMINISTRATIVE,Lose
"TPAA,99,判,946,20100916,1",ADMINISTRATIVE,Lose
"IPCA,98,行商訴,91,20091022,2",ADMINISTRATIVE,Lose
"IPCA,106,行專訴,25,20171130,3",ADMINISTRATIVE,Lose
"TPBA,90,訴,2268,20020619,2",ADMINISTRATIVE,Lose
"TPAA,89,判,1629,20000525",ADMINISTRATIVE,Lose
"TPBA,90,訴,6581,20021107,1",ADMINISTRATIVE,Lose
"IPCA,109,行專更(一),4,20200924,2",ADMINISTRATIVE,Win
"TPBA,90,訴,4285,20020807,2",ADMINISTRATIVE,Lose
"TPBA,94,訴,1821,20060906,3",ADMINISTRATIVE,Win
"TPAA,91,判,143,20020124,1",ADMINISTRATIVE,Lose
"IPCA,110,行商訴,73,20230105,2",ADMINISTRATIVE,Win
"TPBA,94,訴,3910,20061019,2",ADMINISTRATIVE,Lose
"TPAA,89,判,1958,20000615",ADMINISTRATIVE,Lose
"TPAA,89,判,58,20000113",ADMINISTRATIVE,Lose
"TPBA,92,訴,3054,20040811,1",ADMINISTRATIVE,Lose
"IPCA,102,行商訴,135,20140430,2",ADMINISTRATIVE,Lose
"TPAA,91,判,1539,20020823,1",ADMINISTRATIVE,Lose
"TPBA,96,訴,328,20071213,1",ADMINISTRATIVE,Mixed
"IPCA,99,行專訴,33,20100722,3",ADMINISTRATIVE,Lose
"TPBA,93,訴,4186,20060110,3",ADMINISTRATIVE,Lose
"IPCA,98,行商訴,99,20090820,1",ADMINISTRATIVE,Lose
"TPAA,94,判,1482,20050922,1",ADMINISTRATIVE,Lose
"TPBA,89,訴,880,20010713,1",ADMINISTRATIVE,Lose
"IPCA,111,行商訴,69,20230216,1",ADMINISTRATIVE,Lose
"IPCA,100,行專訴,87,20120216,3",ADMINISTRATIVE,Lose
"TPBA,90,訴,6144,20021024,2",ADMINISTRATIVE,Lose
"TPBA,90,訴,1053,20011213,2",ADMINISTRATIVE,Lose
"TPBA,92,訴,167,20040317,2",ADMINISTRATIVE,Lose
"IPCA,100,行商訴,143,20120329,2",ADMINISTRATIVE,Win
"IPCA,109,行專訴,13,20200924,4",ADMINISTRATIVE,Win
"IPCA,110,行專訴,34,20220127,3",ADMINISTRATIVE,Lose
"TPBA,94,訴,1414,20060629,1",ADMINISTRATIVE,Mixed
"TPAA,90,判,477,20010329,1",ADMINISTRATIVE,Lose
"TPBA,91,訴,893,20030611,2",ADMINISTRATIVE,Win
"TPAA,87,判,2607,19981217",ADMINISTRATIVE,Lose
"TPAA,90,判,2113,20011115,1",ADMINISTRATIVE,Lose
"TPBA,93,訴,1880,20050720,2",ADMINISTRATIVE,Lose
"IPCA,97,行專訴,14,20081030,2",ADMINISTRATIVE,Lose
"TPAA,90,判,1159,20010628,1",ADMINISTRATIVE,Lose
"TPAA,96,判,843,20070517,1",ADMINISTRATIVE,Lose
"IPCA,109,行商訴,43,20201112,2",ADMINISTRATIVE,Lose
"TPAA,93,判,1300,20041014,1",ADMINISTRATIVE,Lose
"IPCA,105,行商訴,129,20170816,2",ADMINISTRATIVE,Lose
"TPAA,108,上,862,20210916,1",ADMINISTRATIVE,Lose
"IPCA,101,行商訴,42,20120726,2",ADMINISTRATIVE,Lose
"TPAA,109,上,57,20211130,1",ADMINISTRATIVE,Lose
"IPCA,107,行專訴,64,20190131,3",ADMINISTRATIVE,Lose
"TPBA,96,訴,4039,20080430,2",ADMINISTRATIVE,Lose
"IPCA,101,行商訴,87,20130117,2",ADMINISTRATIVE,Lose
"TPBA,89,訴,11,20010223,2",ADMINISTRATIVE,Win
"IPCA,110,行商訴,77,20220727,2",ADMINISTRATIVE,Lose
"TPAA,99,判,247,20100311,1",ADMINISTRATIVE,Lose
"TPBA,91,訴,3370,20031016,1",ADMINISTRATIVE,Lose
"IPCA,98,行商訴,82,20090827,1",ADMINISTRATIVE,Lose
"TPBA,93,訴,4058,20051221,2",ADMINISTRATIVE,Lose
"IPCA,99,行商訴,205,20110323,2",ADMINISTRATIVE,Lose
"TPBA,91,訴,28,20030226,2",ADMINISTRATIVE,Lose
"IPCA,100,行商訴,118,20120216,2",ADMINISTRATIVE,Lose
"IPCA,109,行商訴,83,20210311,2",ADMINISTRATIVE,Lose
"TPAA,90,判,2474,20011221,1",ADMINISTRATIVE,Win
"TPBA,91,訴,4792,20040715,2",ADMINISTRATIVE,Mixed
"IPCA,108,行商訴,94,20191121,1",ADMINISTRATIVE,Win
"TPAA,99,判,521,20100520,1",ADMINISTRATIVE,Lose
"TPBA,94,訴,134,20060111,2",ADMINISTRATIVE,Lose
"IPCA,107,行商訴,86,20190717,2",ADMINISTRATIVE,Win
"TPBA,95,訴,2316,20070503,2",ADMINISTRATIVE,Lose
"TPAA,87,判,983,19980528,1",ADMINISTRATIVE,Lose
"IPCA,105,行專訴,48,20170809,3",ADMINISTRATIVE,Lose
"TPBA,95,訴,16,20061121,1",ADMINISTRATIVE,Lose
"IPCA,98,行專訴,133,20100603,3",ADMINISTRATIVE,Lose
"TPAA,95,判,1318,20060817,1",ADMINISTRATIVE,Lose
"TPAA,93,判,1664,20041223,1",ADMINISTRATIVE,Lose
"IPCA,101,行商訴,41,20120830,2",ADMINISTRATIVE,Win
"IPCA,98,行商訴,96,20091008,2",ADMINISTRATIVE,Win
"IPCA,107,行商訴,26,20180823,2",ADMINISTRATIVE,Win
"TPBA,89,訴,1091,20010417,1",ADMINISTRATIVE,Lose
"TPBA,91,訴,4921,20040324,2",ADMINISTRATIVE,Lose
"TPBA,92,訴,1040,20040729,2",ADMINISTRATIVE,Win
"IPCA,99,行商更(二),4,20100930,1",ADMINISTRATIVE,Win
"TPAA,90,判,2506,20011221,1",ADMINISTRATIVE,Lose
"IPCA,98,行商訴,38,20090716,2",ADMINISTRATIVE,Lose
"IPCA,97,行商訴,69,20090205,2",ADMINISTRATIVE,Lose
"IPCA,99,行商訴,40,20100527,1",ADMINISTRATIVE,Lose
"IPCA,112,行專訴,6,20231031,3",ADMINISTRATIVE,Lose
"TPBA,91,訴,3143,20031030,1",ADMINISTRATIVE,Mixed
"IPCA,106,行專訴,101,20180531,3",ADMINISTRATIVE,Lose
"IPCA,106,行商訴,138,20180913,1",ADMINISTRATIVE,Lose
"IPCA,104,行商更(一),2,20160608,1",ADMINISTRATIVE,Lose
"IPCA,111,行專訴,68,20230504,3",ADMINISTRATIVE,Lose
"IPCA,106,行商訴,132,20180329,2",ADMINISTRATIVE,Mixed
"TPAA,107,判,673,20181115,1",ADMINISTRATIVE,Lose
"TPBA,91,訴,545,20030327,1",ADMINISTRATIVE,Lose
"IPCA,105,行商訴,29,20160630,1",ADMINISTRATIVE,Lose
"TPBA,91,訴,2997,20030918,2",ADMINISTRATIVE,Lose
"TPBA,91,訴,729,20030312,2",ADMINISTRATIVE,Mixed
"TPBA,90,訴,5134,20020926,2",ADMINISTRATIVE,Lose
"TPBA,94,訴,2401,20060530,2",ADMINISTRATIVE,Lose
"TPBA,91,訴,1500,20030605,2",ADMINISTRATIVE,Lose
"TPBA,95,訴,2520,20070430,2",ADMINISTRATIVE,Lose
"IPCA,97,行商更(一),1,20090806,2",ADMINISTRATIVE,Win
"TPBA,92,訴,4997,20041215,1",ADMINISTRATIVE,Lose
"IPCA,99,行商訴,110,20101209,2",ADMINISTRATIVE,Lose
"IPCA,98,行商訴,164,20091224,2",ADMINISTRATIVE,Lose
"TPBA,91,訴,4579,20040128,2",ADMINISTRATIVE,Lose
"TPAA,90,判,1493,20010823,1",ADMINISTRATIVE,Lose
"IPCA,104,行商訴,109,20160527,3",ADMINISTRATIVE,Lose
"TPAA,97,判,415,20080509,1",ADMINISTRATIVE,Lose
"TPAA,93,判,1365,20041028,1",ADMINISTRATIVE,Lose
"TPBA,92,訴,5379,20041230,2",ADMINISTRATIVE,Lose
"TPAA,89,判,340,20000210",ADMINISTRATIVE,Win
"TPAA,109,上,580,20210630,1",ADMINISTRATIVE,Lose
"TPAA,88,判,3306,19990820",ADMINISTRATIVE,Lose
"TPAA,90,判,206,20010208,1",ADMINISTRATIVE,Lose
"IPCA,100,行商訴,113,20111124,1",ADMINISTRATIVE,Lose
"TPAA,101,判,536,20120614,1",ADMINISTRATIVE,Lose
"TPBA,90,訴,4791,20020731,2",ADMINISTRATIVE,Lose
"IPCA,102,行專訴,19,20130627,3",ADMINISTRATIVE,Lose
"TPBA,93,訴,4231,20060209,2",ADMINISTRATIVE,Lose
"TPAA,89,判,2929,20001012,1",ADMINISTRATIVE,Lose
"TPAA,91,判,670,20020509,1",ADMINISTRATIVE,Lose
"TPBA,90,訴,1200,20020314,1",ADMINISTRATIVE,Lose
"TPBA,92,訴,4689,20041119,1",ADMINISTRATIVE,Lose
"IPCA,100,行商訴,164,20120430,2",ADMINISTRATIVE,Win
"TPBA,91,訴,821,20030327,2",ADMINISTRATIVE,Lose
"TPAA,104,判,98,20150226,1",ADMINISTRATIVE,Lose
"TPBA,91,訴,232,20021219,1",ADMINISTRATIVE,Lose
"IPCA,101,行商訴,34,20121011,2",ADMINISTRATIVE,Lose
"TPAA,99,判,1261,20101125,1",ADMINISTRATIVE,Lose
"TPBA,89,訴,1485,20010614,2",ADMINISTRATIVE,Lose
"TPBA,97,訴,1119,20080814,1",ADMINISTRATIVE,Lose
"IPCA,106,行專訴,87,20180524,3",ADMINISTRATIVE,Lose
"IPCA,99,行專訴,32,20100805,3",ADMINISTRATIVE,Win
"TPAA,100,判,2264,20111229,1",ADMINISTRATIVE,Lose
"IPCA,99,行專訴,49,20100722,3",ADMINISTRATIVE,Lose
"TPBA,93,訴,2261,20050824,2",ADMINISTRATIVE,Lose
"IPCA,103,行商訴,74,20141009,1",ADMINISTRATIVE,Lose
"IPCA,98,行商更(一),2,20090716,1",ADMINISTRATIVE,Lose
"IPCA,99,行商訴,162,20110210,2",ADMINISTRATIVE,Lose
"TPAA,111,上,159,20240118,2",ADMINISTRATIVE,Lose
"TPBA,94,訴,3299,20070227,2",ADMINISTRATIVE,Win
"TPBA,96,訴,3176,20080306,1",ADMINISTRATIVE,Lose
"IPCA,106,行專訴,96,20180830,3",ADMINISTRATIVE,Lose
"TPAA,88,判,3505,19990923",ADMINISTRATIVE,Lose
"TPBA,89,訴,514,20010320,2",ADMINISTRATIVE,Lose
"TPBA,89,訴,194,20010517,2",ADMINISTRATIVE,Mixed
"IPCA,101,行商訴,47,20120828,2",ADMINISTRATIVE,Lose
"IPCA,102,行專訴,59,20130918,3",ADMINISTRATIVE,Lose
"IPCA,104,行商訴,56,20150917,1",ADMINISTRATIVE,Lose
"TPAA,96,判,1042,20070614,1",ADMINISTRATIVE,Lose
"IPCA,111,行專訴,36,20221130,3",ADMINISTRATIVE,Lose
"IPCA,105,行商訴,53,20160929,1",ADMINISTRATIVE,Lose
"TPBA,89,訴,2762,20020329,1",ADMINISTRATIVE,Lose
"IPCA,106,行專訴,55,20180719,3",ADMINISTRATIVE,Lose
"TPBA,91,訴,4605,20040119,1",ADMINISTRATIVE,Lose
"TPAA,90,判,336,20010301,1",ADMINISTRATIVE,Lose
"TPBA,90,訴,3942,20021031,2",ADMINISTRATIVE,Lose
"TPAA,109,上,233,20210304,1",ADMINISTRATIVE,Lose
"TPBA,95,訴,2279,20070510,2",ADMINISTRATIVE,Lose
"TPAA,98,判,1364,20091112,1",ADMINISTRATIVE,Lose
"TPBA,89,訴,1648,20010607,1",ADMINISTRATIVE,Lose
"TPAA,90,判,377,20010315,1",ADMINISTRATIVE,Lose
"TPBA,91,訴,4511,20040226,2",ADMINISTRATIVE,Lose
"TPBA,95,訴,974,20070315,2",ADMINISTRATIVE,Mixed
"IPCA,98,行專訴,106,20100318,3",ADMINISTRATIVE,Lose
"TPBA,91,訴,4995,20040901,2",ADMINISTRATIVE,Lose
"TPAA,88,判,3879,19991118",ADMINISTRATIVE,Lose
"TPBA,91,訴,3171,20030903,1",ADMINISTRATIVE,Lose
"TPBA,93,訴,114,20050630,2",ADMINISTRATIVE,Lose
"TPBA,95,訴,2787,20070607,2",ADMINISTRATIVE,Lose
"TPBA,90,訴,6120,20021023,1",ADMINISTRATIVE,Win
"TPAA,94,判,1863,20051130,1",ADMINISTRATIVE,Lose
"TPBA,89,訴,4041,20011108,2",ADMINISTRATIVE,Lose
"TPBA,94,訴,2391,20060726,2",ADMINISTRATIVE,Lose
"IPCA,106,行專訴,60,20180530,3",ADMINISTRATIVE,Mixed
"TPBA,90,訴,5361,20020821,2",ADMINISTRATIVE,Lose
"IPCA,108,行專訴,50,20200429,4",ADMINISTRATIVE,Lose
"IPCA,105,行商訴,126,20170412,2",ADMINISTRATIVE,Lose
"IPCA,100,行專訴,80,20111229,4",ADMINISTRATIVE,Lose
"IPCA,104,行商訴,95,20160311,2",ADMINISTRATIVE,Lose
"TPBA,92,訴,4395,20041208,2",ADMINISTRATIVE,Lose
"TPAA,89,判,108,20000114",ADMINISTRATIVE,Lose
"TPAA,90,判,680,20010427,1",ADMINISTRATIVE,Lose
"IPCA,104,行商訴,35,20150924,2",ADMINISTRATIVE,Mixed
"TPAA,96,判,1174,20070705,1",ADMINISTRATIVE,Lose
"TPBA,94,訴,3404,20070614,2",ADMINISTRATIVE,Lose
"IPCA,112,行商訴,38,20231221,2",ADMINISTRATIVE,Win
"TPAA,90,判,1314,20010727,1",ADMINISTRATIVE,Lose
"TPAA,95,判,952,20060622,1",ADMINISTRATIVE,Lose
"TPAA,91,判,1758,20021003,1",ADMINISTRATIVE,Lose
"TPAA,89,判,14,20000106",ADMINISTRATIVE,Win
"TPAA,109,上,914,20220412,2",ADMINISTRATIVE,Lose
"TPBA,97,訴,725,20081009,2",ADMINISTRATIVE,Lose
"IPCA,97,行商更(一),5,20081231,1",ADMINISTRATIVE,Lose
"IPCA,98,行專訴,57,20091008,4",ADMINISTRATIVE,Lose
"TPAA,90,判,2062,20011108,1",ADMINISTRATIVE,Lose
"TPBA,90,訴,6112,20021225,2",ADMINISTRATIVE,Lose
"TPBA,97,訴,1386,20081113,2",ADMINISTRATIVE,Lose
"TPAA,96,判,1878,20071025,1",ADMINISTRATIVE,Lose
"IPCA,99,行商訴,122,20101118,2",ADMINISTRATIVE,Lose
"IPCA,109,行商訴,38,20201118,3",ADMINISTRATIVE,Lose
"TPBA,95,訴,4126,20071213,1",ADMINISTRATIVE,Lose
"TPAA,109,上,733,20210916,1",ADMINISTRATIVE,Lose
"TPAA,98,判,1459,20091130,1",ADMINISTRATIVE,Lose
"IPCA,101,行專訴,21,20120719,3",ADMINISTRATIVE,Lose
"IPCA,98,行商訴,16,20090423,1",ADMINISTRATIVE,Mixed
"TPBA,91,訴,3394,20031016,2",ADMINISTRATIVE,Win
"IPCA,104,行商訴,83,20170111,2",ADMINISTRATIVE,Lose
"IPCA,103,行專訴,24,20140903,1",ADMINISTRATIVE,Lose
"IPCA,98,行商訴,132,20091029,2",ADMINISTRATIVE,Lose
"TPBA,95,訴,2892,20070621,2",ADMINISTRATIVE,Lose
"TPAA,88,判,3418,19990903",ADMINISTRATIVE,Lose
"TPBA,91,訴,2262,20030717,2",ADMINISTRATIVE,Lose
"IPCA,100,行商訴,145,20111229,1",ADMINISTRATIVE,Lose
"TPBA,91,訴,2879,20030820,2",ADMINISTRATIVE,Lose
"TPBA,90,訴,4985,20021003,2",ADMINISTRATIVE,Lose
"IPCA,104,行商訴,55,20151210,1",ADMINISTRATIVE,Lose
"IPCA,110,行商訴,29,20211118,2",ADMINISTRATIVE,Lose
"TPAA,100,判,300,20110310,1",ADMINISTRATIVE,Lose
"TPAA,111,上,673,20230706,2",ADMINISTRATIVE,Lose
"TPBA,96,訴,513,20071031,2",ADMINISTRATIVE,Lose
"TPBA,89,訴,2248,20010919,2",ADMINISTRATIVE,Lose
"TPAA,90,判,1121,20010621,1",ADMINISTRATIVE,Lose
"IPCA,104,行商訴,110,20151225,1",ADMINISTRATIVE,Lose
"IPCA,98,行專訴,19,20090702,4",ADMINISTRATIVE,Lose
"IPCA,97,行商訴,13,20081113,2",ADMINISTRATIVE,Lose
"TPBA,89,訴,2758,20020220,2",ADMINISTRATIVE,Lose
"IPCA,99,行專訴,116,20110526,4",ADMINISTRATIVE,Lose
"TPAA,90,判,1313,20010727,1",ADMINISTRATIVE,Lose
"IPCA,103,行商訴,147,20170621,4",ADMINISTRATIVE,Mixed
"TPBA,93,訴,4264,20051130,2",ADMINISTRATIVE,Lose
"TPAA,96,判,1173,20070705,1",ADMINISTRATIVE,Lose
"IPCA,113,行商訴,12,20241009,1",ADMINISTRATIVE,Lose
"TPAA,90,判,1521,20010824,1",ADMINISTRATIVE,Lose
"TPBA,94,訴,36,20051227,2",ADMINISTRATIVE,Lose
"TPBA,91,訴,1122,20030603,2",ADMINISTRATIVE,Lose
"TPBA,91,訴,2806,20030918,1",ADMINISTRATIVE,Lose
"TPAA,88,判,3444,19990916",ADMINISTRATIVE,Lose
"TPAA,89,判,2692,20000907,1",ADMINISTRATIVE,Lose
"TPBA,89,訴,2065,20010724,2",ADMINISTRATIVE,Lose
"TPBA,92,訴,2060,20040721,1",ADMINISTRATIVE,Lose
"TPBA,95,訴,4104,20070830,2",ADMINISTRATIVE,Lose
"TPBA,90,訴,478,20020123,2",ADMINISTRATIVE,Lose
"IPCA,102,行專訴,83,20131212,4",ADMINISTRATIVE,Lose
"IPCA,98,行商訴,61,20090827,2",ADMINISTRATIVE,Lose
"IPCA,102,行專訴,22,20130619,3",ADMINISTRATIVE,Lose
"IPCA,104,行專訴,115,20160715,4",ADMINISTRATIVE,Lose
"TPAA,88,判,3431,19990903",ADMINISTRATIVE,Lose
"IPCA,101,行商訴,73,20121025,2",ADMINISTRATIVE,Lose
"TPAA,89,判,1735,20000531",ADMINISTRATIVE,Win
"TPBA,97,訴,324,20080528,2",ADMINISTRATIVE,Lose
"TPBA,96,訴,3155,20080327,2",ADMINISTRATIVE,Lose
"TPBA,91,訴,2753,20030903,2",ADMINISTRATIVE,Lose
"IPCA,107,行專訴,16,20181114,4",ADMINISTRATIVE,Mixed
"TPBA,97,訴,1515,20081105,2",ADMINISTRATIVE,Lose
"TPBA,95,訴,3246,20070704,1",ADMINISTRATIVE,Lose
"TPBA,96,訴,1854,20080130,2",ADMINISTRATIVE,Lose
"IPCA,108,行商訴,112,20200624,2",ADMINISTRATIVE,Lose
"IPCA,98,行商訴,248,20100506,3",ADMINISTRATIVE,Lose
"IPCA,98,行專訴,23,20090611,1",ADMINISTRATIVE,Lose
"TPBA,90,訴,5886,20021023,2",ADMINISTRATIVE,Lose
"TPBA,92,訴,2019,20040630,1",ADMINISTRATIVE,Lose
"IPCA,102,行專訴,17,20130530,3",ADMINISTRATIVE,Lose
"IPCA,111,行專訴,31,20221130,3",ADMINISTRATIVE,Lose
"TPBA,89,訴,449,20010628,2",ADMINISTRATIVE,Lose
"TPBA,89,訴,2207,20020111,2",ADMINISTRATIVE,Lose
"TPBA,96,訴,2821,20080319,2",ADMINISTRATIVE,Lose
"TPBA,95,訴,2299,20070328,2",ADMINISTRATIVE,Lose
"TPAA,110,上,366,20230105,1",ADMINISTRATIVE,Lose
"IPCA,98,行專訴,46,20090917,3",ADMINISTRATIVE,Win
"IPCA,108,行商訴,53,20191009,2",ADMINISTRATIVE,Lose
"IPCA,97,行商更(一),9,20090402,2",ADMINISTRATIVE,Lose
"TPBA,92,訴,526,20040407,2",ADMINISTRATIVE,Mixed
"IPCA,108,行商訴,81,20200730,2",ADMINISTRATIVE,Lose
"TPBA,93,訴,2031,20040930,1",ADMINISTRATIVE,Lose
"TPAA,105,判,147,20160331,1",ADMINISTRATIVE,Lose
"TPBA,89,訴,1741,20010713,1",ADMINISTRATIVE,Lose
"TPBA,93,訴更一,247,20050629,1",ADMINISTRATIVE,Lose
"IPCA,109,行商訴,125,20210721,2",ADMINISTRATIVE,Lose
"TPAA,108,判,564,20191212,1",ADMINISTRATIVE,Lose
"TPBA,90,訴,4609,20020531,2",ADMINISTRATIVE,Lose
"TPBA,93,訴,3879,20051019,2",ADMINISTRATIVE,Lose
"TPBA,90,訴,4607,20020717,1",ADMINISTRATIVE,Lose
"IPCA,105,行商訴,20,20161103,4",ADMINISTRATIVE,Lose
"TPBA,89,訴,1315,20010316,2",ADMINISTRATIVE,Lose
"TPBA,91,訴,5090,20040318,2",ADMINISTRATIVE,Lose
"TPBA,93,訴,282,20050408,2",ADMINISTRATIVE,Lose
"TPAA,90,判,751,20010504,1",ADMINISTRATIVE,Win
"TPBA,90,訴,5267,20030324,2",ADMINISTRATIVE,Win
"IPCA,107,行專訴,13,20181011,4",ADMINISTRATIVE,Win
"TPAA,94,判,1289,20050825,1",ADMINISTRATIVE,Lose
"IPCA,109,行商訴,120,20210831,2",ADMINISTRATIVE,Lose
"TPAA,96,判,1251,20070719,1",ADMINISTRATIVE,Lose
"TPBA,97,訴,137,20080403,2",ADMINISTRATIVE,Lose
"IPCA,106,行商訴,31,20170830,1",ADMINISTRATIVE,Lose
"TPBA,93,訴,4185,20060127,3",ADMINISTRATIVE,Lose
"TPAA,89,判,403,20000217",ADMINISTRATIVE,Lose
"TPBA,90,訴,480,20020110,1",ADMINISTRATIVE,Lose
"IPCA,99,行商訴,69,20100819,2",ADMINISTRATIVE,Lose
"IPCA,104,行專訴,66,20160122,3",ADMINISTRATIVE,Lose
"TPBA,89,訴,1663,20021225,1",ADMINISTRATIVE,Lose
"IPCA,102,行商訴,99,20131226,2",ADMINISTRATIVE,Lose
"TPAA,89,判,904,20000330",ADMINISTRATIVE,Lose
"TPBA,90,訴,6468,20021024,2",ADMINISTRATIVE,Lose
"TPBA,89,訴,1071,20010503,1",ADMINISTRATIVE,Win
"TPBA,91,訴,911,20030424,2",ADMINISTRATIVE,Lose
"IPCA,111,行專更一,7,20231102,3",ADMINISTRATIVE,Lose
"TPAA,98,判,1420,20091119,1",ADMINISTRATIVE,Lose
"TPBA,97,訴,518,20081231,1",ADMINISTRATIVE,Lose
"IPCA,102,行商訴,41,20130815,3",ADMINISTRATIVE,Lose
"TPAA,99,判,1096,20101021,1",ADMINISTRATIVE,Lose
"TPBA,95,訴,612,20070110,2",ADMINISTRATIVE,Lose
"TPBA,94,訴,1275,20060406,2",ADMINISTRATIVE,Win
"TPAA,101,判,569,20120628,1",ADMINISTRATIVE,Lose
"TPBA,91,訴,1588,20030501,2",ADMINISTRATIVE,Lose
"IPCA,98,行商訴,104,20090910,1",ADMINISTRATIVE,Lose
"IPCA,100,行商訴,126,20111222,2",ADMINISTRATIVE,Win
"TPBA,91,訴,950,20030430,2",ADMINISTRATIVE,Lose
"TPBA,91,訴,4732,20040119,2",ADMINISTRATIVE,Lose
"TPAA,97,判,412,20080509,1",ADMINISTRATIVE,Lose
"TPBA,95,訴,3737,20070815,2",ADMINISTRATIVE,Lose
"TPBA,94,訴,3515,20060824,2",ADMINISTRATIVE,Lose
"IPCA,108,行商訴,124,20200519,1",ADMINISTRATIVE,Lose
"TPAA,90,判,1494,20010823,1",ADMINISTRATIVE,Lose
"IPCA,102,行專訴,21,20130704,3",ADMINISTRATIVE,Lose
"TPAA,99,判,1037,20101007,1",ADMINISTRATIVE,Lose
"TPBA,94,訴,3914,20061116,2",ADMINISTRATIVE,Lose
"IPCA,110,行專訴,52,20220608,4",ADMINISTRATIVE,Lose
"IPCA,98,行商訴,163,20091224,2",ADMINISTRATIVE,Lose
"TPAA,96,判,1062,20070621,1",ADMINISTRATIVE,Lose
"TPAA,93,判,616,20040519,1",ADMINISTRATIVE,Lose
"IPCA,111,行商訴,36,20221013,2",ADMINISTRATIVE,Mixed
"TPBA,92,訴,1814,20040616,1",ADMINISTRATIVE,Mixed
"TPAA,94,判,1152,20050728,1",ADMINISTRATIVE,Lose
"TPAA,101,判,107,20120202,1",ADMINISTRATIVE,Lose
"TPBA,96,訴,2457,20080229,2",ADMINISTRATIVE,Lose
"IPCA,102,行專訴,77,20131120,3",ADMINISTRATIVE,Lose
"TPAA,90,判,2129,20011115,1",ADMINISTRATIVE,Win
"TPBA,94,訴,3601,20061030,2",ADMINISTRATIVE,Lose
"TPBA,95,訴,569,20070110,2",ADMINISTRATIVE,Lose
"IPCA,102,行專訴,105,20140327,2",ADMINISTRATIVE,Lose
"TPBA,90,訴,6238,20021128,2",ADMINISTRATIVE,Lose
"TPAA,104,判,435,20150730,1",ADMINISTRATIVE,Lose
"TPBA,96,訴,2646,20080221,2",ADMINISTRATIVE,Mixed
"TPBA,90,訴,4355,20020808,2",ADMINISTRATIVE,Lose
"TPBA,96,訴,3548,20080401,1",ADMINISTRATIVE,Lose
"TPAA,91,判,1811,20021004,1",ADMINISTRATIVE,Lose
"TPAA,88,判,1984,19990520",ADMINISTRATIVE,Lose
"TPBA,95,訴,662,20070208,2",ADMINISTRATIVE,Lose
"IPCA,108,行商訴,123,20200213,1",ADMINISTRATIVE,Lose
"IPCA,100,行商訴,78,20110901,1",ADMINISTRATIVE,Lose
"IPCA,101,行商訴,155,20130502,1",ADMINISTRATIVE,Lose
"TPBA,93,訴,2183,20060406,3",ADMINISTRATIVE,Win
"TPAA,90,判,2501,20011221,1",ADMINISTRATIVE,Lose
"IPCA,100,行商訴,72,20111006,3",ADMINISTRATIVE,Lose
"TPBA,89,訴,1565,20010425,2",ADMINISTRATIVE,Lose
"IPCA,106,行專訴,40,20171026,3",ADMINISTRATIVE,Lose
"TPAA,91,判,290,20020221,1",ADMINISTRATIVE,Lose
"IPCA,99,行商訴,220,20110428,1",ADMINISTRATIVE,Lose
"TPBA,97,訴,211,20080424,2",ADMINISTRATIVE,Lose
"TPAA,97,判,488,20080529,1",ADMINISTRATIVE,Lose
"TPAA,102,判,561,20130905,1",ADMINISTRATIVE,Lose
"TPBA,93,訴,1083,20050525,2",ADMINISTRATIVE,Lose
"TPBA,97,訴,1338,20081023,2",ADMINISTRATIVE,Lose
"IPCA,102,行專訴,66,20130925,2",ADMINISTRATIVE,Mixed
"TPBA,96,訴,3042,20080529,2",ADMINISTRATIVE,Lose
"TPBA,97,訴,106,20080611,2",ADMINISTRATIVE,Lose
"TPBA,97,訴,1530,20081113,2",ADMINISTRATIVE,Lose
"IPCA,97,行商訴,47,20090108,1",ADMINISTRATIVE,Lose
"IPCA,106,行專訴,11,20170831,3",ADMINISTRATIVE,Win
"IPCA,108,行商訴,104,20200331,2",ADMINISTRATIVE,Lose
"IPCA,104,行商訴,101,20160122,2",ADMINISTRATIVE,Lose
"TPBA,94,訴,3929,20061116,2",ADMINISTRATIVE,Lose
"IPCA,97,行商訴,78,20090122,2",ADMINISTRATIVE,Win
"TPBA,90,訴,6575,20020930,2",ADMINISTRATIVE,Lose
"IPCA,109,行商訴,62,20201119,2",ADMINISTRATIVE,Lose
"TPAA,109,上,1098,20220127,1",ADMINISTRATIVE,Lose
"TPAA,90,判,2473,20011221,1",ADMINISTRATIVE,Lose
"IPCA,104,行專訴,29,20150625,4",ADMINISTRATIVE,Lose
"IPCA,104,行專更(一),6,20160226,2",ADMINISTRATIVE,Win
"TPAA,89,判,1485,20000512",ADMINISTRATIVE,Lose
"IPCA,98,行專訴,58,20091203,2",ADMINISTRATIVE,Mixed
"TPBA,89,訴,1888,20011207,2",ADMINISTRATIVE,Lose
"IPCA,113,行專訴,15,20241023,3",ADMINISTRATIVE,Lose
"TPBA,97,訴,349,20080723,2",ADMINISTRATIVE,Lose
"TPBA,89,訴,2255,20010803,1",ADMINISTRATIVE,Lose
"IPCA,104,行商訴,13,20150917,2",ADMINISTRATIVE,Lose
"TPBA,89,訴,3368,20010920,1",ADMINISTRATIVE,Lose
"TPBA,94,訴,4030,20061128,2",ADMINISTRATIVE,Lose
"IPCA,103,行商訴,124,20150514,2",ADMINISTRATIVE,Lose
"TPAA,99,判,240,20100311,1",ADMINISTRATIVE,Lose
"TPBA,96,訴,2477,20080508,2",ADMINISTRATIVE,Lose
"TPAA,99,判,649,20100624,1",ADMINISTRATIVE,Lose
"IPCA,101,行專訴,2,20120614,3",ADMINISTRATIVE,Win
"IPCA,111,行商訴,26,20220810,2",ADMINISTRATIVE,Lose
"IPCA,98,行商訴,42,20090604,3",ADMINISTRATIVE,Win
"TPAA,109,上,834,20211028,1",ADMINISTRATIVE,Lose
"TPBA,90,訴,6804,20021021,2",ADMINISTRATIVE,Lose
"TPBA,89,訴,192,20001130,1",ADMINISTRATIVE,Lose
"TPBA,92,訴,3964,20041027,2",ADMINISTRATIVE,Lose
"TPBA,96,訴,2129,20080619,2",ADMINISTRATIVE,Lose
"TPBA,90,訴,4941,20020530,2",ADMINISTRATIVE,Lose
"TPBA,89,訴,3314,20020207,1",ADMINISTRATIVE,Lose
"TPBA,90,訴,4953,20021205,2",ADMINISTRATIVE,Win
"IPCA,110,行專訴,60,20220511,3",ADMINISTRATIVE,Lose
"IPCA,106,行專訴,90,20180802,3",ADMINISTRATIVE,Lose
"IPCA,97,行商更(一),4,20081225,1",ADMINISTRATIVE,Lose
"TPBA,96,訴,2796,20080424,2",ADMINISTRATIVE,Lose
"IPCA,101,行專訴,64,20130117,3",ADMINISTRATIVE,Lose
"TPBA,91,訴,3773,20031126,2",ADMINISTRATIVE,Lose
"IPCA,106,行專訴,69,20180918,3",ADMINISTRATIVE,Win
"TPBA,91,訴,3361,20030916,2",ADMINISTRATIVE,Lose
"TPBA,94,訴,417,20060317,1",ADMINISTRATIVE,Lose
"TPBA,90,訴,2046,20020131,1",ADMINISTRATIVE,Lose
"TPBA,93,訴,1587,20050727,2",ADMINISTRATIVE,Lose
"TPBA,95,訴,498,20061228,2",ADMINISTRATIVE,Win
"IPCA,110,行商訴,35,20211027,2",ADMINISTRATIVE,Lose
"IPCA,108,行專更(二),3,20191226,2",ADMINISTRATIVE,Win
"TPBA,94,訴,2375,20060705,2",ADMINISTRATIVE,Lose
"TPAA,89,判,2591,20000824,1",ADMINISTRATIVE,Lose
"IPCA,112,行商訴,55,20240606,2",ADMINISTRATIVE,Win
"TPBA,96,訴,3705,20080410,1",ADMINISTRATIVE,Lose
"TPAA,97,判,1038,20081120,1",ADMINISTRATIVE,Lose
"IPCA,100,行商訴,22,20110728,3",ADMINISTRATIVE,Lose
"TPBA,91,訴,1887,20030709,2",ADMINISTRATIVE,Lose
"IPCA,108,行專訴,64,20200122,3",ADMINISTRATIVE,Lose
"IPCA,98,行專訴,25,20090730,4",ADMINISTRATIVE,Lose
"TPBA,90,訴,6488,20030326,2",ADMINISTRATIVE,Lose
"TPBA,95,訴,2030,20070510,2",ADMINISTRATIVE,Lose
"TPBA,97,訴,1256,20081002,2",ADMINISTRATIVE,Lose
"TPBA,91,訴,3872,20031204,2",ADMINISTRATIVE,Lose
"TPBA,95,訴,2928,20070503,2",ADMINISTRATIVE,Lose
"IPCA,104,行商訴,90,20151231,2",ADMINISTRATIVE,Lose
"IPCA,99,行商訴,184,20110210,2",ADMINISTRATIVE,Lose
"TPBA,93,訴,4052,20060119,1",ADMINISTRATIVE,Lose
"IPCA,98,行專訴,40,20090730,2",ADMINISTRATIVE,Lose
"IPCA,97,行商訴,114,20090409,2",ADMINISTRATIVE,Lose
"IPCA,102,行商訴,13,20130515,1",ADMINISTRATIVE,Lose
"IPCA,109,行商訴,70,20201231,3",ADMINISTRATIVE,Win
"IPCA,100,行專訴,37,20111006,3",ADMINISTRATIVE,Lose
"TPAA,89,判,1139,20000420",ADMINISTRATIVE,Lose
"TPAA,90,判,860,20010518,1",ADMINISTRATIVE,Lose
"IPCA,101,行專訴,8,20121025,3",ADMINISTRATIVE,Lose
"IPCA,97,行商訴,46,20081211,2",ADMINISTRATIVE,Lose
"TPBA,95,訴,305,20061205,1",ADMINISTRATIVE,Mixed
"TPBA,90,訴,1941,20020131,2",ADMINISTRATIVE,Lose
"TPBA,90,訴,368,20020314,3",ADMINISTRATIVE,Lose
"TPBA,94,訴,3574,20060831,2",ADMINISTRATIVE,Win
"TPBA,96,訴,724,20071129,1",ADMINISTRATIVE,Lose
"IPCA,104,行商訴,10,20150918,2",ADMINISTRATIVE,Lose
"IPCA,110,行專訴,14,20211111,3",ADMINISTRATIVE,Mixed
"IPCA,101,行商訴,156,20130221,1",ADMINISTRATIVE,Lose
"TPAA,89,判,251,20000127",ADMINISTRATIVE,Lose
"IPCA,99,行商訴,48,20100624,1",ADMINISTRATIVE,Lose
"TPBA,92,訴,4332,20050120,2",ADMINISTRATIVE,Mixed
"TPBA,91,訴,1158,20030603,2",ADMINISTRATIVE,Lose
"IPCA,97,行商訴,137,20090521,3",ADMINISTRATIVE,Lose
"IPCA,104,行專訴,117,20160831,4",ADMINISTRATIVE,Lose
"IPCA,98,行商訴,117,20091015,2",ADMINISTRATIVE,Lose
"IPCA,98,行商訴,60,20090709,1",ADMINISTRATIVE,Mixed
"TPBA,89,訴,958,20010315,1",ADMINISTRATIVE,Lose
"TPAA,94,判,2025,20051222,1",ADMINISTRATIVE,Lose
"TPBA,90,訴,85,20011129,1",ADMINISTRATIVE,Win
"IPCA,98,行商訴,28,20090514,1",ADMINISTRATIVE,Lose
"TPAA,90,判,1013,20010607,1",ADMINISTRATIVE,Lose
"IPCA,110,行商訴,58,20220223,2",ADMINISTRATIVE,Lose
"TPAA,93,判,956,20040723,1",ADMINISTRATIVE,Lose
"IPCA,100,行商訴,133,20120112,1",ADMINISTRATIVE,Lose
"TPBA,91,訴,805,20030417,2",ADMINISTRATIVE,Lose
"TPBA,95,訴,1667,20070322,2",ADMINISTRATIVE,Lose
"IPCA,101,行專訴,18,20120807,4",ADMINISTRATIVE,Lose
"TPBA,91,訴,1807,20030702,2",ADMINISTRATIVE,Lose
"IPCA,108,行商訴,19,20191225,2",ADMINISTRATIVE,Lose
"TPAA,95,判,1276,20060810,1",ADMINISTRATIVE,Lose
"TPAA,88,判,4329,19991230",ADMINISTRATIVE,Lose
"IPCA,100,行商訴,142,20120223,2",ADMINISTRATIVE,Win
"TPBA,94,訴,1138,20060720,2",ADMINISTRATIVE,Lose
"TPAA,96,判,1115,20070628,1",ADMINISTRATIVE,Lose
"IPCA,108,行專訴,81,20200723,4",ADMINISTRATIVE,Lose
"TPAA,96,判,1956,20071108,1",ADMINISTRATIVE,Lose
"IPCA,100,行商訴,138,20111229,1",ADMINISTRATIVE,Lose
"TPBA,93,訴,3282,20051012,1",ADMINISTRATIVE,Lose
"TPBA,89,訴,1375,20010518,1",ADMINISTRATIVE,Lose
"TPBA,97,訴,1310,20080820,1",ADMINISTRATIVE,Lose
"IPCA,100,行專更(一),4,20110616,3",ADMINISTRATIVE,Lose
"TPAA,88,判,3611,19990930",ADMINISTRATIVE,Lose
"IPCA,103,行專訴,19,20140918,3",ADMINISTRATIVE,Lose
"TPBA,93,訴,3370,20051110,2",ADMINISTRATIVE,Lose
"TPBA,90,訴,5547,20021025,2",ADMINISTRATIVE,Lose
"IPCA,100,行著訴,2,20120531,1",ADMINISTRATIVE,Win
"IPCA,108,行商訴,138,20210324,2",ADMINISTRATIVE,Lose
"TPBA,90,訴,6180,20021106,2",ADMINISTRATIVE,Lose
"TPBA,92,訴,668,20040722,2",ADMINISTRATIVE,Lose
"TPAA,88,判,3237,19990730",ADMINISTRATIVE,Lose
"TPBA,90,訴,6063,20030130,2",ADMINISTRATIVE,Lose
"IPCA,103,行商訴,99,20150108,2",ADMINISTRATIVE,Win
"TPBA,92,訴,2491,20041130,2",ADMINISTRATIVE,Lose
"TPBA,94,訴,3646,20061130,2",ADMINISTRATIVE,Lose
"IPCA,97,行商訴,16,20081113,1",ADMINISTRATIVE,Lose
"IPCA,102,行商訴,100,20131127,2",ADMINISTRATIVE,Lose
"TPBA,89,訴,644,20020227,2",ADMINISTRATIVE,Lose
"TPBA,91,訴,3508,20031203,2",ADMINISTRATIVE,Lose
"TPBA,94,訴,3497,20061107,2",ADMINISTRATIVE,Lose
"TPBA,96,訴,2181,20080424,2",ADMINISTRATIVE,Lose
"TPAA,90,判,2540,20011227,1",ADMINISTRATIVE,Lose
"TPBA,91,訴,47,20021218,2",ADMINISTRATIVE,Lose
"TPBA,95,訴,2436,20070418,2",ADMINISTRATIVE,Lose
"IPCA,97,行商更(一),7,20081231,2",ADMINISTRATIVE,Lose
"TPAA,89,判,246,20000127",ADMINISTRATIVE,Lose
"TPAA,90,判,951,20010531,1",ADMINISTRATIVE,Lose
"IPCA,104,行商訴,75,20151211,1",ADMINISTRATIVE,Win
"TPBA,96,訴,2354,20080313,1",ADMINISTRATIVE,Lose
"TPBA,89,訴,2299,20011109,2",ADMINISTRATIVE,Lose
"TPAA,109,上,136,20220113,1",ADMINISTRATIVE,Lose
"IPCA,98,行專訴,127,20100429,4",ADMINISTRATIVE,Lose
"TPBA,94,訴,3754,20061109,2",ADMINISTRATIVE,Mixed
"TPBA,96,訴,1345,20071220,2",ADMINISTRATIVE,Lose
"TPBA,95,訴,4363,20071108,2",ADMINISTRATIVE,Lose
"TPBA,96,訴,3464,20080305,1",ADMINISTRATIVE,Lose
"TPBA,93,訴,779,20050616,2",ADMINISTRATIVE,Lose
"IPCA,103,行商訴,46,20140807,2",ADMINISTRATIVE,Win
"TPBA,95,訴,1309,20070227,3",ADMINISTRATIVE,Lose
"IPCA,97,行專訴,8,20081009,2",ADMINISTRATIVE,Lose
"TPBA,92,訴,4683,20050112,2",ADMINISTRATIVE,Lose
"TPBA,92,訴,1140,20040526,2",ADMINISTRATIVE,Lose
"TPBA,93,訴,2432,20050908,1",ADMINISTRATIVE,Lose
"TPBA,90,訴,5513,20020829,2",ADMINISTRATIVE,Lose
"IPCA,105,行商訴,14,20160818,2",ADMINISTRATIVE,Lose
"IPCA,100,行專訴,20,20110728,3",ADMINISTRATIVE,Lose
"IPCA,99,行商訴,37,20100624,2",ADMINISTRATIVE,Lose
"IPCA,98,行商訴,81,20090910,1",ADMINISTRATIVE,Lose
"TPBA,92,訴,4515,20041130,2",ADMINISTRATIVE,Lose
"TPAA,90,判,1946,20011025,1",ADMINISTRATIVE,Lose
"TPAA,94,判,332,20050317,1",ADMINISTRATIVE,Lose
"TPBA,95,訴,2807,20070524,2",ADMINISTRATIVE,Lose
"TPBA,97,訴,957,20080716,2",ADMINISTRATIVE,Lose
"TPBA,92,訴,2963,20040929,2",ADMINISTRATIVE,Lose
"TPBA,91,訴,1398,20030522,1",ADMINISTRATIVE,Lose
"TPBA,92,訴,5409,20050302,2",ADMINISTRATIVE,Lose
"IPCA,109,行商訴,25,20201119,2",ADMINISTRATIVE,Win
"TPBA,91,訴,949,20030326,2",ADMINISTRATIVE,Lose
"TPAA,98,判,1274,20091022,1",ADMINISTRATIVE,Lose
"TPBA,93,訴,4268,20051230,2",ADMINISTRATIVE,Lose
"IPCA,99,行商訴,160,20110210,1",ADMINISTRATIVE,Lose
"TPAA,89,判,1276,20000427",ADMINISTRATIVE,Lose
"TPBA,91,訴,3647,20040129,1",ADMINISTRATIVE,Mixed
"IPCA,98,行商訴,196,20100225,3",ADMINISTRATIVE,Lose
"TPBA,92,訴,1725,20040916,2",ADMINISTRATIVE,Lose
"TPBA,91,訴,222,20030227,2",ADMINISTRATIVE,Lose
"TPAA,98,判,357,20090402,1",ADMINISTRATIVE,Lose
"TPAA,88,判,725,19990326",ADMINISTRATIVE,Lose
"TPAA,95,判,593,20060427,1",ADMINISTRATIVE,Lose
"IPCA,108,行商訴,3,20190516,3",ADMINISTRATIVE,Lose
"IPCA,107,行商訴,101,20190411,2",ADMINISTRATIVE,Lose
"TPAA,107,判,717,20181206,1",ADMINISTRATIVE,Lose
"TPBA,91,訴,121,20021023,1",ADMINISTRATIVE,Mixed
"TPBA,94,訴,2908,20060913,2",ADMINISTRATIVE,Lose
"IPCA,103,行專訴,41,20141218,3",ADMINISTRATIVE,Win
"TPAA,90,判,2078,20011109,1",ADMINISTRATIVE,Lose
"TPAA,99,判,966,20100923,1",ADMINISTRATIVE,Lose
"TPAA,91,判,185,20020125,1",ADMINISTRATIVE,Lose
"TPAA,89,判,1966,20000615",ADMINISTRATIVE,Lose
"TPAA,109,上,645,20210819,1",ADMINISTRATIVE,Lose
"TPBA,91,訴,644,20030424,2",ADMINISTRATIVE,Lose
"TPBA,93,訴,3449,20051109,2",ADMINISTRATIVE,Lose
"IPCA,106,行商訴,117,20180315,2",ADMINISTRATIVE,Lose
"IPCA,108,行專訴,32,20191107,3",ADMINISTRATIVE,Lose
"TPAA,96,判,68,20070118,1",ADMINISTRATIVE,Lose
"TPBA,89,訴,2573,20010724,2",ADMINISTRATIVE,Lose
"TPBA,94,訴,427,20060125,1",ADMINISTRATIVE,Lose
"IPCA,99,行商訴,243,20110421,2",ADMINISTRATIVE,Mixed
"IPCA,101,行商訴,130,20130221,2",ADMINISTRATIVE,Lose
"TPAA,95,判,839,20060608,1",ADMINISTRATIVE,Lose
"TPAA,106,判,572,20171026,1",ADMINISTRATIVE,Lose
"TPAA,91,判,319,20020222,1",ADMINISTRATIVE,Lose
"TPBA,89,訴,3155,20011031,1",ADMINISTRATIVE,Lose
"TPBA,96,訴,3297,20080501,2",ADMINISTRATIVE,Lose
"TPBA,93,訴,1262,20050811,2",ADMINISTRATIVE,Lose
"IPCA,105,行專訴,101,20170720,3",ADMINISTRATIVE,Lose
"TPBA,96,訴,152,20071011,2",ADMINISTRATIVE,Lose
"IPCA,103,行商訴,10,20140529,2",ADMINISTRATIVE,Lose
"TPBA,95,訴,13,20061031,2",ADMINISTRATIVE,Lose
"TPAA,91,判,97,20020117,1",ADMINISTRATIVE,Lose
"TPAA,100,判,779,20110519,1",ADMINISTRATIVE,Lose
"TPBA,93,訴,2758,20051103,1",ADMINISTRATIVE,Lose
"TPAA,94,判,938,20050630,1",ADMINISTRATIVE,Lose
"TPBA,90,訴,5568,20020626,2",ADMINISTRATIVE,Lose
"TPBA,94,訴,2859,20060720,2",ADMINISTRATIVE,Lose
"TPAA,105,判,198,20160428,1",ADMINISTRATIVE,Lose
"TPBA,94,訴,3202,20061019,2",ADMINISTRATIVE,Lose
"TPBA,96,訴,3418,20080415,1",ADMINISTRATIVE,Lose
"IPCA,111,行專訴,4,20230615,4",ADMINISTRATIVE,Lose
"IPCA,98,行商訴,151,20091118,1",ADMINISTRATIVE,Mixed
"TPBA,91,訴,539,20030226,2",ADMINISTRATIVE,Lose
"TPAA,95,判,485,20060413,1",ADMINISTRATIVE,Lose
"IPCA,108,行專訴,29,20191024,3",ADMINISTRATIVE,Lose
"TPAA,98,判,902,20090806,1",ADMINISTRATIVE,Lose
"IPCA,101,行商訴,26,20120726,2",ADMINISTRATIVE,Lose
"IPCA,100,行商訴,82,20110922,1",ADMINISTRATIVE,Lose
"IPCA,104,行專訴,56,20151225,3",ADMINISTRATIVE,Lose
"IPCA,98,行商訴,147,20091210,3",ADMINISTRATIVE,Win
"TPAA,96,判,952,20070531,1",ADMINISTRATIVE,Lose
"IPCA,109,行商訴,15,20200723,1",ADMINISTRATIVE,Lose
"TPBA,91,訴,4577,20031231,2",ADMINISTRATIVE,Lose
"IPCA,100,行商訴,158,20120412,2",ADMINISTRATIVE,Lose
"TPAA,90,判,1582,20010905,1",ADMINISTRATIVE,Lose
"TPBA,94,訴,421,20060608,3",ADMINISTRATIVE,Lose
"TPAA,91,判,252,20020207,1",ADMINISTRATIVE,Lose
"TPAA,97,判,610,20080619,1",ADMINISTRATIVE,Lose
"TPBA,93,訴,1867,20050728,2",ADMINISTRATIVE,Lose
"TPAA,90,判,1798,20011005,1",ADMINISTRATIVE,Lose
"TPBA,96,訴,1458,20071227,2",ADMINISTRATIVE,Lose
"TPAA,90,判,1907,20011019,1",ADMINISTRATIVE,Lose
"TPBA,90,訴,4488,20020822,2",ADMINISTRATIVE,Lose
"TPBA,93,訴,1261,20050707,2",ADMINISTRATIVE,Lose
"TPAA,88,判,3422,19990903",ADMINISTRATIVE,Lose
"TPAA,106,判,351,20170706,1",ADMINISTRATIVE,Lose
"IPCA,107,行專訴,9,20180731,3",ADMINISTRATIVE,Lose
"IPCA,107,行商訴,106,20190516,1",ADMINISTRATIVE,Lose
"IPCA,103,行商訴,35,20141016,2",ADMINISTRATIVE,Lose
"TPBA,95,訴,517,20061221,2",ADMINISTRATIVE,Lose
"TPBA,94,訴,325,20060105,2",ADMINISTRATIVE,Lose
"IPCA,104,行專訴,77,20160303,4",ADMINISTRATIVE,Lose
"TPBA,89,訴,2965,20020411,2",ADMINISTRATIVE,Lose
"TPAA,110,上,580,20221130,1",ADMINISTRATIVE,Lose
"IPCA,98,行商訴,86,20090917,2",ADMINISTRATIVE,Lose
"IPCA,108,行商訴,118,20200326,2",ADMINISTRATIVE,Lose
"TPAA,93,判,1071,20040820,1",ADMINISTRATIVE,Lose
"TPBA,95,訴,4490,20070830,2",ADMINISTRATIVE,Lose
"TPAA,95,判,197,20060216,1",ADMINISTRATIVE,Lose
"TPBA,97,訴,977,20081204,2",ADMINISTRATIVE,Lose
"IPCA,106,行商訴,73,20171228,2",ADMINISTRATIVE,Lose
"TPBA,95,訴,2885,20070524,2",ADMINISTRATIVE,Lose
"TPBA,97,訴,432,20080709,2",ADMINISTRATIVE,Lose
"IPCA,100,行專訴,45,20110929,3",ADMINISTRATIVE,Lose
"IPCA,105,行商訴,33,20160707,1",ADMINISTRATIVE,Lose
"TPBA,92,訴,5604,20050505,3",ADMINISTRATIVE,Lose
"TPBA,94,訴,2094,20060713,2",ADMINISTRATIVE,Lose
"TPBA,90,訴,325,20011004,1",ADMINISTRATIVE,Mixed
"TPBA,90,訴,2966,20020708,4",ADMINISTRATIVE,Lose
"TPAA,91,判,321,20020227,1",ADMINISTRATIVE,Lose
"TPBA,92,訴,25,20040303,1",ADMINISTRATIVE,Lose
"TPBA,94,訴,438,20060123,1",ADMINISTRATIVE,Lose
"IPCA,101,行商訴,144,20121220,2",ADMINISTRATIVE,Lose
"IPCA,111,行專訴,65,20230921,3",ADMINISTRATIVE,Win
"TPBA,93,訴,3241,20051011,2",ADMINISTRATIVE,Lose
"TPBA,95,訴,3820,20070823,1",ADMINISTRATIVE,Lose
"TPBA,92,訴,595,20040812,2",ADMINISTRATIVE,Lose
"TPBA,93,訴,426,20050616,2",ADMINISTRATIVE,Lose
"IPCA,102,行商訴,65,20131225,3",ADMINISTRATIVE,Lose
"IPCA,98,行商訴,215,20100311,2",ADMINISTRATIVE,Lose
"IPCA,99,行專訴,140,20110127,3",ADMINISTRATIVE,Lose
"TPBA,92,訴,5374,20050407,1",ADMINISTRATIVE,Mixed
"TPBA,89,訴,406,20001130,1",ADMINISTRATIVE,Win
"IPCA,102,行專訴,104,20140305,3",ADMINISTRATIVE,Lose
"TPBA,96,訴,1858,20080306,2",ADMINISTRATIVE,Lose
"TPBA,97,訴,1687,20081204,2",ADMINISTRATIVE,Lose
"IPCA,113,行專訴,19,20240829,3",ADMINISTRATIVE,Win
"TPBA,97,訴,1696,20081105,2",ADMINISTRATIVE,Lose
"IPCA,104,行商訴,137,20160526,3",ADMINISTRATIVE,Lose
"IPCA,99,行商更(一),3,20100708,1",ADMINISTRATIVE,Lose
"TPAA,96,判,1026,20070614,1",ADMINISTRATIVE,Lose
"TPAA,99,判,636,20100617,1",ADMINISTRATIVE,Lose
"TPBA,96,訴,2992,20080410,2",ADMINISTRATIVE,Lose
"TPAA,96,判,1512,20070823,1",ADMINISTRATIVE,Lose
"TPAA,95,判,1252,20060810,1",ADMINISTRATIVE,Lose
"TPBA,92,訴,545,20040407,2",ADMINISTRATIVE,Lose
"TPBA,94,訴,3718,20061207,2",ADMINISTRATIVE,Lose
"IPCA,99,行專訴,64,20101028,3",ADMINISTRATIVE,Win
"TPBA,95,訴,4057,20070927,2",ADMINISTRATIVE,Lose
"TPBA,91,訴,4900,20040527,2",ADMINISTRATIVE,Lose
"TPAA,99,判,1381,20101230,1",ADMINISTRATIVE,Lose
"IPCA,109,行專訴,10,20200730,4",ADMINISTRATIVE,Lose
"TPAA,104,判,792,20151231,1",ADMINISTRATIVE,Lose
"IPCA,99,行商訴,155,20110106,2",ADMINISTRATIVE,Lose
"TPAA,90,判,773,20010510,1",ADMINISTRATIVE,Lose
"TPAA,103,判,358,20140710,1",ADMINISTRATIVE,Lose
"TPAA,109,判,61,20200213,1",ADMINISTRATIVE,Lose
"TPAA,108,判,516,20191113,1",ADMINISTRATIVE,Lose
"IPCA,100,行專訴,78,20111215,3",ADMINISTRATIVE,Lose
"IPCA,106,行商訴,24,20171005,2",ADMINISTRATIVE,Lose
"IPCA,101,行商訴,172,20130321,1",ADMINISTRATIVE,Lose
"TPAA,93,判,713,20040603,1",ADMINISTRATIVE,Lose
"IPCA,106,行商訴,18,20171025,2",ADMINISTRATIVE,Lose
"TPBA,94,訴,1934,20060831,2",ADMINISTRATIVE,Lose
"IPCA,100,行商訴,83,20110915,2",ADMINISTRATIVE,Lose
"TPBA,89,訴,1441,20010712,2",ADMINISTRATIVE,Lose
"TPAA,88,判,3440,19990916",ADMINISTRATIVE,Lose
"TPAA,89,判,1330,20000428",ADMINISTRATIVE,Lose
"IPCA,99,行專訴,79,20101125,3",ADMINISTRATIVE,Lose
"TPAA,95,判,1776,20061031,1",ADMINISTRATIVE,Lose
"IPCA,108,行商訴,11,20191024,2",ADMINISTRATIVE,Win
"TPBA,93,訴,1233,20050526,1",ADMINISTRATIVE,Lose
"TPBA,96,訴,3782,20080410,2",ADMINISTRATIVE,Lose
"TPAA,89,判,1731,20000531",ADMINISTRATIVE,Lose
"TPAA,94,判,1729,20051110,1",ADMINISTRATIVE,Lose
"IPCA,97,行商訴,8,20081030,2",ADMINISTRATIVE,Win
"TPBA,96,訴,4067,20080401,1",ADMINISTRATIVE,Lose
"TPBA,97,訴,1100,20080820,1",ADMINISTRATIVE,Lose
"TPBA,89,訴,837,20010515,2",ADMINISTRATIVE,Lose
"IPCA,98,行商訴,118,20090910,2",ADMINISTRATIVE,Lose
"IPCA,104,行商訴,34,20150918,2",ADMINISTRATIVE,Lose
"IPCA,97,行專訴,9,20090305,3",ADMINISTRATIVE,Lose
"TPAA,94,判,1625,20051027,1",ADMINISTRATIVE,Lose
"TPBA,96,訴,1258,20071129,1",ADMINISTRATIVE,Win
"IPCA,106,行商訴,32,20180124,1",ADMINISTRATIVE,Lose
"TPBA,91,訴,1375,20030603,2",ADMINISTRATIVE,Win
"IPCA,97,行商訴,109,20090326,3",ADMINISTRATIVE,Lose
"TPBA,93,訴更一,58,20041223,1",ADMINISTRATIVE,Lose
"IPCA,101,行商訴,59,20120726,1",ADMINISTRATIVE,Mixed
"TPBA,92,訴,2206,20041013,2",ADMINISTRATIVE,Lose
"TPBA,94,訴,968,20060406,2",ADMINISTRATIVE,Lose
"TPBA,95,訴,1794,20070321,2",ADMINISTRATIVE,Lose
"IPCA,99,行商訴,51,20100624,1",ADMINISTRATIVE,Lose
"TPBA,93,訴,4033,20051130,2",ADMINISTRATIVE,Lose
"IPCA,108,行專更(一),5,20200910,2",ADMINISTRATIVE,Lose
"IPCA,97,行商訴,59,20081231,3",ADMINISTRATIVE,Lose
"TPBA,89,訴,2056,20010531,2",ADMINISTRATIVE,Lose
"TPBA,90,訴,5187,20020515,2",ADMINISTRATIVE,Lose
"TPBA,94,訴,2709,20060629,2",ADMINISTRATIVE,Lose
"TPBA,94,訴,3361,20060824,2",ADMINISTRATIVE,Win
"TPBA,95,訴,2389,20070424,2",ADMINISTRATIVE,Lose
"TPBA,96,訴,3419,20080522,2",ADMINISTRATIVE,Lose
"TPBA,90,訴,4955,20020619,1",ADMINISTRATIVE,Lose
"IPCA,99,行商訴,166,20110329,2",ADMINISTRATIVE,Lose
"TPAA,98,判,27,20090115,1",ADMINISTRATIVE,Lose
"TPAA,110,上,463,20230118,1",ADMINISTRATIVE,Lose
"IPCA,97,行專訴,25,20081218,3",ADMINISTRATIVE,Lose
"IPCA,99,行專訴,148,20110310,3",ADMINISTRATIVE,Lose
"TPBA,95,訴,2547,20070424,1",ADMINISTRATIVE,Lose
"TPAA,90,判,284,20010222,1",ADMINISTRATIVE,Win
"TPBA,95,訴,4138,20070926,2",ADMINISTRATIVE,Lose
"TPAA,91,判,551,20020418,1",ADMINISTRATIVE,Lose
"IPCA,98,行專訴,20,20090611,4",ADMINISTRATIVE,Lose
"TPBA,89,訴,42,20001207,2",ADMINISTRATIVE,Lose
"TPBA,94,訴,2505,20060620,2",ADMINISTRATIVE,Lose
"TPAA,90,判,357,20010308,1",ADMINISTRATIVE,Lose
"TPAA,90,判,2080,20011109,1",ADMINISTRATIVE,Lose
"TPAA,95,判,1990,20061130,1",ADMINISTRATIVE,Lose
"TPAA,91,判,289,20020221,1",ADMINISTRATIVE,Lose
"TPAA,106,判,538,20170928,1",ADMINISTRATIVE,Lose
"TPAA,96,判,1789,20071004,1",ADMINISTRATIVE,Lose
"IPCA,100,行專訴,4,20110519,3",ADMINISTRATIVE,Lose
"TPBA,91,訴,2716,20030904,2",ADMINISTRATIVE,Lose
"TPBA,90,訴,2980,20020612,2",ADMINISTRATIVE,Lose
"TPBA,91,訴,3782,20031231,2",ADMINISTRATIVE,Lose
"TPBA,91,訴,2665,20030731,2",ADMINISTRATIVE,Lose
"IPCA,99,行專訴,5,20100715,3",ADMINISTRATIVE,Lose
"TPBA,89,訴,2760,20010920,2",ADMINISTRATIVE,Lose
"TPAA,101,判,138,20120209,1",ADMINISTRATIVE,Lose
"TPAA,104,判,352,20150625,1",ADMINISTRATIVE,Win
"IPCA,106,行商訴,153,20180412,2",ADMINISTRATIVE,Win
"TPBA,95,訴,3930,20070822,2",ADMINISTRATIVE,Lose
"TPBA,90,訴,410,20011214,2",ADMINISTRATIVE,Lose
"IPCA,103,行商訴,154,20150917,3",ADMINISTRATIVE,Lose
"IPCA,98,行專訴,136,20100708,3",ADMINISTRATIVE,Mixed
"TPAA,96,判,860,20070517,1",ADMINISTRATIVE,Lose
"TPAA,90,判,966,20010601,1",ADMINISTRATIVE,Lose
"IPCA,107,行商訴,64,20190124,2",ADMINISTRATIVE,Lose
"IPCA,106,行專訴,59,20180329,3",ADMINISTRATIVE,Lose
"TPBA,89,訴,1409,20010503,2",ADMINISTRATIVE,Lose
"TPAA,88,判,777,19990401",ADMINISTRATIVE,Lose
"IPCA,104,行商訴,64,20151023,2",ADMINISTRATIVE,Lose
"TPBA,89,訴,501,20010731,1",ADMINISTRATIVE,Lose
"TPAA,88,判,991,19990409",ADMINISTRATIVE,Lose
"IPCA,104,行專更(一),5,20160331,4",ADMINISTRATIVE,Lose
"TPAA,88,判,2382,19990610",ADMINISTRATIVE,Lose
"TPBA,90,訴,4119,20020911,2",ADMINISTRATIVE,Lose
"TPBA,95,訴,3563,20070711,2",ADMINISTRATIVE,Lose
"TPBA,93,訴,2743,20051013,2",ADMINISTRATIVE,Lose
"TPAA,95,判,1840,20061115,1",ADMINISTRATIVE,Lose
"TPBA,96,訴,3251,20080306,2",ADMINISTRATIVE,Lose
"TPAA,100,判,634,20110428,1",ADMINISTRATIVE,Lose
"IPCA,107,行專訴,66,20181220,3",ADMINISTRATIVE,Win
"TPBA,92,訴,3874,20050505,2",ADMINISTRATIVE,Mixed
"TPAA,93,判,358,20040401,1",ADMINISTRATIVE,Lose
"IPCA,107,行專訴,23,20180726,3",ADMINISTRATIVE,Lose
"IPCA,111,行專訴,7,20221228,2",ADMINISTRATIVE,Lose
"IPCA,112,行專訴,39,20240516,4",ADMINISTRATIVE,Lose
"TPBA,96,訴,4062,20080401,2",ADMINISTRATIVE,Lose
"IPCA,106,行商訴,29,20170907,2",ADMINISTRATIVE,Lose
"TPBA,95,訴,2941,20070802,2",ADMINISTRATIVE,Lose
"IPCA,99,行商訴,70,20100819,2",ADMINISTRATIVE,Lose
"TPBA,90,訴,5402,20020829,2",ADMINISTRATIVE,Win
"IPCA,106,行商訴,52,20180118,2",ADMINISTRATIVE,Win
"TPBA,96,訴,3324,20080320,2",ADMINISTRATIVE,Lose
"TPBA,93,訴,879,20050427,1",ADMINISTRATIVE,Lose
"TPAA,89,判,939,20000330",ADMINISTRATIVE,Lose
"TPBA,97,訴,1383,20081106,2",ADMINISTRATIVE,Lose
"TPBA,95,訴,2264,20070404,1",ADMINISTRATIVE,Lose
"TPAA,104,判,312,20150611,1",ADMINISTRATIVE,Lose
"IPCA,106,行專訴,47,20180227,3",ADMINISTRATIVE,Lose
"IPCA,98,行商訴,230,20100401,3",ADMINISTRATIVE,Win
"TPBA,95,訴,3285,20070607,2",ADMINISTRATIVE,Lose
"IPCA,107,行專訴,81,20190724,3",ADMINISTRATIVE,Win
"TPAA,97,判,548,20080605,1",ADMINISTRATIVE,Lose
"TPBA,93,訴,2721,20051109,2",ADMINISTRATIVE,Win
"IPCA,101,行專訴,40,20121227,3",ADMINISTRATIVE,Lose
"TPAA,99,判,650,20100624,1",ADMINISTRATIVE,Lose
"IPCA,99,行商訴,133,20101209,2",ADMINISTRATIVE,Lose
"IPCA,103,行商訴,75,20141030,2",ADMINISTRATIVE,Lose
"TPAA,100,判,171,20110217,1",ADMINISTRATIVE,Lose
"IPCA,102,行專訴,124,20140528,3",ADMINISTRATIVE,Lose
"TPBA,96,訴,1069,20071129,2",ADMINISTRATIVE,Lose
"IPCA,108,行專訴,74,20200227,3",ADMINISTRATIVE,Lose
"TPBA,90,訴,2067,20020131,2",ADMINISTRATIVE,Lose
"IPCA,100,行商訴,117,20120117,2",ADMINISTRATIVE,Lose
"IPCA,103,行商訴,44,20140702,1",ADMINISTRATIVE,Lose
"TPBA,94,訴,2348,20060628,1",ADMINISTRATIVE,Lose
"TPBA,94,訴,2521,20060608,2",ADMINISTRATIVE,Lose
"IPCA,103,行商訴,26,20140711,2",ADMINISTRATIVE,Lose
"TPBA,92,訴,2531,20040915,2",ADMINISTRATIVE,Lose
"TPBA,91,訴,1478,20030508,1",ADMINISTRATIVE,Lose
"IPCA,106,行專訴,85,20180517,3",ADMINISTRATIVE,Lose
"TPAA,90,判,1456,20010817,1",ADMINISTRATIVE,Lose
"IPCA,97,行商訴,94,20090312,3",ADMINISTRATIVE,Lose
"TPAA,110,上,522,20220530,1",ADMINISTRATIVE,Lose
"TPBA,91,訴,2353,20030730,2",ADMINISTRATIVE,Lose
"TPBA,90,訴,5746,20020814,2",ADMINISTRATIVE,Lose
"TPAA,111,上,756,20231123,1",ADMINISTRATIVE,Lose
"TPBA,93,訴,212,20050126,2",ADMINISTRATIVE,Lose
"TPBA,90,訴,3896,20020501,1",ADMINISTRATIVE,Lose
"TPAA,107,判,518,20180906,1",ADMINISTRATIVE,Lose
"TPAA,90,判,1091,20010615,1",ADMINISTRATIVE,Lose
"TPAA,97,判,874,20080925,1",ADMINISTRATIVE,Lose
"TPAA,95,判,1715,20061019,1",ADMINISTRATIVE,Lose
"IPCA,99,行專訴,14,20100715,3",ADMINISTRATIVE,Lose
"TPAA,90,判,2374,20011213,1",ADMINISTRATIVE,Lose
"TPBA,92,訴,1940,20040811,3",ADMINISTRATIVE,Lose
"TPBA,92,訴,5106,20050302,2",ADMINISTRATIVE,Lose
"TPBA,92,訴,4440,20050303,2",ADMINISTRATIVE,Lose
"IPCA,104,行專訴,14,20150709,3",ADMINISTRATIVE,Lose
"IPCA,103,行專更(一),2,20150205,2",ADMINISTRATIVE,Win
"TPBA,95,訴,1005,20061227,2",ADMINISTRATIVE,Lose
"TPBA,90,訴,5191,20020620,2",ADMINISTRATIVE,Lose
"TPAA,95,判,1188,20060731,1",ADMINISTRATIVE,Lose
"IPCA,108,行專訴,44,20200115,3",ADMINISTRATIVE,Lose
"TPBA,91,訴,1740,20030521,1",ADMINISTRATIVE,Mixed
"TPAA,89,判,1449,20000511",ADMINISTRATIVE,Lose
"TPAA,90,判,2335,20011207,1",ADMINISTRATIVE,Lose
"TPAA,89,判,343,20000210",ADMINISTRATIVE,Lose
"TPBA,97,訴,1595,20081126,2",ADMINISTRATIVE,Lose
"TPBA,89,訴,772,20010928,1",ADMINISTRATIVE,Lose
"TPBA,92,訴,2138,20041130,2",ADMINISTRATIVE,Lose
"IPCA,99,行專訴,16,20100805,2",ADMINISTRATIVE,Lose
"TPBA,96,訴,903,20071108,2",ADMINISTRATIVE,Lose
"IPCA,97,行專訴,16,20090219,3",ADMINISTRATIVE,Lose
"TPAA,91,判,955,20020613,1",ADMINISTRATIVE,Lose
"TPBA,92,訴,5067,20041215,1",ADMINISTRATIVE,Lose
"IPCA,101,行商訴,160,20130131,1",ADMINISTRATIVE,Mixed
"IPCA,97,行商訴,54,20081120,1",ADMINISTRATIVE,Lose
"IPCA,105,行商訴,56,20161209,2",ADMINISTRATIVE,Lose
"IPCA,100,行專訴,117,20120524,4",ADMINISTRATIVE,Lose
"IPCA,104,行專訴,113,20160721,3",ADMINISTRATIVE,Mixed
"TPAA,100,判,1667,20110922,1",ADMINISTRATIVE,Lose
"TPAA,88,判,3914,19991119",ADMINISTRATIVE,Lose
"IPCA,98,行商訴,171,20091119,1",ADMINISTRATIVE,Lose
"TPBA,92,訴,2492,20041117,2",ADMINISTRATIVE,Win
"TPAA,96,判,712,20070430,1",ADMINISTRATIVE,Lose
"TPBA,90,訴,6710,20021011,2",ADMINISTRATIVE,Lose
"TPAA,110,上,575,20230116,1",ADMINISTRATIVE,Lose
"TPBA,92,訴,3181,20040924,2",ADMINISTRATIVE,Lose
"TPBA,91,訴,2874,20031120,2",ADMINISTRATIVE,Lose
"TPAA,105,判,701,20161229,1",ADMINISTRATIVE,Lose
"IPCA,98,行商訴,128,20091105,1",ADMINISTRATIVE,Lose
"TPAA,88,判,4003,19991126",ADMINISTRATIVE,Lose
"TPAA,102,判,525,20130822,1",ADMINISTRATIVE,Lose
"TPAA,96,判,1248,20070719,1",ADMINISTRATIVE,Lose
"TPBA,95,訴,4106,20071219,2",ADMINISTRATIVE,Lose
"TPBA,95,訴,2954,20070524,1",ADMINISTRATIVE,Lose
"TPBA,93,訴,3417,20051117,2",ADMINISTRATIVE,Lose
"TPBA,90,訴,3530,20020326,1",ADMINISTRATIVE,Win
"TPBA,95,訴,152,20070130,2",ADMINISTRATIVE,Lose
"IPCA,98,行商訴,217,20100318,3",ADMINISTRATIVE,Lose
"IPCA,111,行專訴,51,20230531,3",ADMINISTRATIVE,Win
"TPAA,98,判,701,20090625,1",ADMINISTRATIVE,Lose
"TPBA,91,訴,3613,20031217,1",ADMINISTRATIVE,Lose
"TPBA,90,訴,3878,20020130,1",ADMINISTRATIVE,Lose
"IPCA,99,行商訴,223,20110414,2",ADMINISTRATIVE,Lose
"IPCA,101,行商訴,45,20120905,2",ADMINISTRATIVE,Lose
"TPBA,95,訴,1359,20070130,2",ADMINISTRATIVE,Lose
"IPCA,103,行專訴,61,20141231,3",ADMINISTRATIVE,Lose
"IPCA,109,行商訴,41,20201028,1",ADMINISTRATIVE,Lose
"IPCA,113,行專訴,37,20241114,1",ADMINISTRATIVE,Lose
"IPCA,98,行商訴,210,20100318,2",ADMINISTRATIVE,Lose
"TPAA,106,判,656,20171130,1",ADMINISTRATIVE,Lose
"IPCA,105,行商訴,59,20161006,2",ADMINISTRATIVE,Win
"TPBA,93,訴,489,20050413,2",ADMINISTRATIVE,Lose
"TPBA,97,訴,1666,20081204,2",ADMINISTRATIVE,Lose
"TPAA,111,上,872,20230112,1",ADMINISTRATIVE,Lose
"TPBA,93,訴,1507,20050616,2",ADMINISTRATIVE,Lose
"IPCA,101,行專訴,33,20121122,3",ADMINISTRATIVE,Lose
"TPAA,88,判,4168,19991217",ADMINISTRATIVE,Lose
"IPCA,110,行專訴,56,20220601,3",ADMINISTRATIVE,Lose
"IPCA,104,行商訴,131,20160414,2",ADMINISTRATIVE,Lose
"TPAA,92,判,660,20030529,1",ADMINISTRATIVE,Lose
"TPBA,94,訴,21,20060119,2",ADMINISTRATIVE,Lose
"TPBA,92,訴,3765,20041008,2",ADMINISTRATIVE,Lose
"TPBA,90,訴,3948,20010501,1",ADMINISTRATIVE,Lose
"TPAA,90,判,1431,20010816,1",ADMINISTRATIVE,Lose
"TPBA,94,訴,3217,20060913,2",ADMINISTRATIVE,Lose
"IPCA,99,行專訴,39,20100729,3",ADMINISTRATIVE,Lose
"TPBA,95,訴,875,20070531,2",ADMINISTRATIVE,Lose
"TPAA,92,判,1082,20030821,1",ADMINISTRATIVE,Lose
"IPCA,105,行商訴,13,20161103,3",ADMINISTRATIVE,Lose
"TPBA,90,訴,2965,20011212,1",ADMINISTRATIVE,Lose
"TPBA,93,訴,1549,20060210,3",ADMINISTRATIVE,Lose
"IPCA,101,行專訴,79,20130411,3",ADMINISTRATIVE,Lose
"TPAA,95,判,939,20060622,1",ADMINISTRATIVE,Lose
"TPAA,96,判,892,20070524,1",ADMINISTRATIVE,Lose
"TPBA,94,訴,2954,20061011,2",ADMINISTRATIVE,Mixed
"TPBA,92,訴,4792,20041124,1",ADMINISTRATIVE,Lose
"IPCA,104,行專訴,25,20150917,4",ADMINISTRATIVE,Lose
"TPAA,95,判,1779,20061031,1",ADMINISTRATIVE,Lose
"IPCA,104,行專更(一),2,20160128,2",ADMINISTRATIVE,Win
"TPBA,90,訴,6091,20021205,2",ADMINISTRATIVE,Lose
"IPCA,97,行商訴,119,20090402,2",ADMINISTRATIVE,Lose
"TPAA,93,判,1512,20041202,1",ADMINISTRATIVE,Lose
"IPCA,100,行專訴,62,20111031,3",ADMINISTRATIVE,Lose
"TPBA,92,訴,1806,20040923,2",ADMINISTRATIVE,Lose
"TPBA,94,訴,1432,20060426,2",ADMINISTRATIVE,Lose
"IPCA,111,行專訴,21,20221124,3",ADMINISTRATIVE,Win
"TPBA,92,訴,881,20040610,1",ADMINISTRATIVE,Lose
"IPCA,105,行商訴,128,20170302,2",ADMINISTRATIVE,Lose
"IPCA,97,行商訴,53,20090108,3",ADMINISTRATIVE,Lose
"IPCA,110,行商訴,51,20211215,1",ADMINISTRATIVE,Lose
"TPBA,91,訴,632,20030326,1",ADMINISTRATIVE,Lose
"TPAA,98,判,28,20090115,1",ADMINISTRATIVE,Lose
"IPCA,101,行商訴,20,20120531,2",ADMINISTRATIVE,Lose
"TPAA,89,判,1862,20000608",ADMINISTRATIVE,Lose
"TPBA,90,訴,4605,20020501,1",ADMINISTRATIVE,Lose
"IPCA,111,行專訴,69,20230629,3",ADMINISTRATIVE,Lose
"TPBA,92,訴,787,20040331,2",ADMINISTRATIVE,Lose
"IPCA,113,行專訴,26,20241127,3",ADMINISTRATIVE,Lose
"IPCA,99,行專訴,76,20110303,4",ADMINISTRATIVE,Win
"TPBA,92,訴,1257,20041014,1",ADMINISTRATIVE,Lose
"IPCA,101,行專訴,78,20130207,4",ADMINISTRATIVE,Mixed
"TPAA,93,判,760,20040617,1",ADMINISTRATIVE,Lose
"TPBA,94,訴,4100,20061214,2",ADMINISTRATIVE,Lose
"TPBA,95,訴,3323,20070823,1",ADMINISTRATIVE,Lose
"TPBA,92,訴,1051,20040930,2",ADMINISTRATIVE,Lose
"IPCA,110,行商訴,52,20211216,1",ADMINISTRATIVE,Lose
"IPCA,98,行商訴,219,20100520,2",ADMINISTRATIVE,Lose
"TPBA,94,訴,2928,20061005,2",ADMINISTRATIVE,Lose
"TPBA,89,訴,2714,20010817,1",ADMINISTRATIVE,Win
"IPCA,102,行專訴,14,20130606,3",ADMINISTRATIVE,Lose
"IPCA,100,行商訴,77,20110825,1",ADMINISTRATIVE,Lose
"IPCA,105,行專訴,87,20170621,3",ADMINISTRATIVE,Lose
"IPCA,102,行專訴,58,20131009,3",ADMINISTRATIVE,Lose
"TPBA,90,訴,4071,20011218,1",ADMINISTRATIVE,Lose
"TPBA,89,訴,503,20010411,1",ADMINISTRATIVE,Lose
"TPBA,89,訴,770,20010503,1",ADMINISTRATIVE,Lose
"IPCA,97,行專訴,86,20090402,3",ADMINISTRATIVE,Lose
"TPBA,90,訴,5147,20021212,2",ADMINISTRATIVE,Lose
"TPAA,99,判,447,20100429,1",ADMINISTRATIVE,Lose
"TPBA,92,訴,120,20040624,2",ADMINISTRATIVE,Lose
"TPBA,97,訴,1086,20080910,2",ADMINISTRATIVE,Lose
"TPAA,91,判,394,20020314,1",ADMINISTRATIVE,Lose
"IPCA,108,行專訴,31,20190905,4",ADMINISTRATIVE,Lose
"TPAA,89,判,1007,20000406",ADMINISTRATIVE,Lose
"IPCA,112,行商訴,22,20231019,2",ADMINISTRATIVE,Win
"TPAA,89,判,648,20000309",ADMINISTRATIVE,Lose
"TPBA,95,訴,3920,20070809,1",ADMINISTRATIVE,Lose
"TPBA,96,訴,1561,20071228,2",ADMINISTRATIVE,Lose
"IPCA,100,行商更(一),3,20110630,1",ADMINISTRATIVE,Lose
"TPAA,98,判,554,20090521,1",ADMINISTRATIVE,Lose
"TPAA,97,判,841,20080911,1",ADMINISTRATIVE,Lose
"IPCA,100,行專訴,65,20111117,3",ADMINISTRATIVE,Win
"TPBA,97,訴,1563,20081127,1",ADMINISTRATIVE,Lose
"IPCA,98,行商訴,177,20100128,2",ADMINISTRATIVE,Lose
"TPBA,94,訴,2740,20060907,1",ADMINISTRATIVE,Lose
"TPAA,89,判,2040,20000622",ADMINISTRATIVE,Lose
"TPBA,90,訴,176,20010928,1",ADMINISTRATIVE,Lose
"TPBA,97,訴,1677,20081218,2",ADMINISTRATIVE,Lose
"IPCA,107,行商訴,15,20180614,2",ADMINISTRATIVE,Lose
"IPCA,111,行商訴,14,20220721,2",ADMINISTRATIVE,Lose
"IPCA,110,行商訴,23,20211027,2",ADMINISTRATIVE,Lose
"IPCA,98,行專訴,48,20090917,4",ADMINISTRATIVE,Lose
"TPBA,89,訴,2034,20011213,2",ADMINISTRATIVE,Lose
"IPCA,107,行專再,1,20190626,3",ADMINISTRATIVE,Win
"IPCA,104,行商訴,45,20150826,1",ADMINISTRATIVE,Lose
"TPBA,96,訴,3840,20080401,2",ADMINISTRATIVE,Lose
"IPCA,109,行商訴,11,20201029,2",ADMINISTRATIVE,Lose
"IPCA,100,行商訴,15,20110623,2",ADMINISTRATIVE,Win
"TPBA,91,訴,576,20030312,2",ADMINISTRATIVE,Lose
"IPCA,101,行專訴,53,20130124,3",ADMINISTRATIVE,Lose
"TPAA,89,判,1358,20000504",ADMINISTRATIVE,Win
"IPCA,113,行商訴,19,20241101,2",ADMINISTRATIVE,Lose
"TPBA,95,訴,1444,20070315,1",ADMINISTRATIVE,Lose
"IPCA,111,行專訴,74,20230615,1",ADMINISTRATIVE,Lose
"TPAA,95,判,198,20060216,1",ADMINISTRATIVE,Lose
"IPCA,100,行商訴,96,20110929,1",ADMINISTRATIVE,Lose
"TPBA,96,訴,3796,20080320,1",ADMINISTRATIVE,Lose
"IPCA,107,行專訴,14,20180731,3",ADMINISTRATIVE,Lose
"TPBA,90,訴,194,20011205,1",ADMINISTRATIVE,Lose
"TPAA,96,判,1412,20070809,1",ADMINISTRATIVE,Lose
"IPCA,111,行專訴,50,20230608,4",ADMINISTRATIVE,Lose
"TPAA,90,判,1908,20011019,1",ADMINISTRATIVE,Lose
"TPBA,92,訴,1811,20041118,2",ADMINISTRATIVE,Lose
"TPBA,89,訴,2958,20011023,2",ADMINISTRATIVE,Lose
"TPBA,91,訴,3364,20031008,2",ADMINISTRATIVE,Lose
"IPCA,104,行商訴,119,20160415,3",ADMINISTRATIVE,Lose
"IPCA,99,行商訴,25,20100701,2",ADMINISTRATIVE,Lose
"TPBA,91,訴,1832,20030612,2",ADMINISTRATIVE,Lose
"IPCA,109,行商訴,101,20210422,2",ADMINISTRATIVE,Lose
"TPBA,90,訴,4793,20020501,2",ADMINISTRATIVE,Lose
"IPCA,106,行商訴,72,20180208,2",ADMINISTRATIVE,Lose
"TPBA,97,訴,330,20080507,2",ADMINISTRATIVE,Lose
"IPCA,102,行商訴,34,20130628,3",ADMINISTRATIVE,Lose
"TPAA,90,判,1797,20011005,1",ADMINISTRATIVE,Lose
"TPBA,91,訴,4589,20040128,2",ADMINISTRATIVE,Lose
"TPBA,93,訴,3745,20051110,2",ADMINISTRATIVE,Lose
"TPBA,91,訴,2421,20030821,2",ADMINISTRATIVE,Lose
"TPBA,89,訴,926,20010822,1",ADMINISTRATIVE,Lose
"IPCA,100,行商訴,105,20111110,1",ADMINISTRATIVE,Lose
"TPBA,91,訴,5196,20040422,2",ADMINISTRATIVE,Lose
"IPCA,107,行商訴,79,20190418,2",ADMINISTRATIVE,Lose
"TPBA,89,訴,972,20010322,2",ADMINISTRATIVE,Lose
"TPAA,101,判,213,20120301,1",ADMINISTRATIVE,Lose
"TPAA,90,判,2146,20011116,1",ADMINISTRATIVE,Lose
"IPCA,106,行專訴,72,20190418,3",ADMINISTRATIVE,Win
"TPBA,94,訴,2426,20060608,2",ADMINISTRATIVE,Lose
"TPBA,90,訴,4473,20020508,1",ADMINISTRATIVE,Lose
"TPBA,89,訴,3988,20011025,2",ADMINISTRATIVE,Lose
"TPAA,92,判,382,20030410,1",ADMINISTRATIVE,Lose
"IPCA,106,行商訴,3,20170720,2",ADMINISTRATIVE,Lose
"TPBA,95,訴,3419,20070830,2",ADMINISTRATIVE,Lose
"TPBA,96,訴,1451,20071228,1",ADMINISTRATIVE,Lose
"TPAA,89,判,1010,20000406",ADMINISTRATIVE,Lose
"TPAA,88,判,3335,19990826",ADMINISTRATIVE,Lose
"TPAA,88,判,322,19990211",ADMINISTRATIVE,Win
"IPCA,109,行商訴,116,20210930,2",ADMINISTRATIVE,Lose
"IPCA,108,行商訴,54,20190926,2",ADMINISTRATIVE,Lose
"TPBA,91,訴,1616,20030703,2",ADMINISTRATIVE,Lose
"IPCA,99,行商訴,64,20100715,2",ADMINISTRATIVE,Lose
"TPBA,95,訴,926,20070227,1",ADMINISTRATIVE,Lose
"IPCA,110,行商訴,90,20220429,1",ADMINISTRATIVE,Lose
"TPAA,109,判,280,20200521,1",ADMINISTRATIVE,Lose
"TPBA,95,訴,540,20061214,1",ADMINISTRATIVE,Mixed
"IPCA,102,行商訴,52,20130918,4",ADMINISTRATIVE,Win
"IPCA,100,行商訴,132,20120202,2",ADMINISTRATIVE,Lose
"TPBA,91,訴,888,20030409,2",ADMINISTRATIVE,Lose
"TPAA,106,判,464,20170817,1",ADMINISTRATIVE,Lose
"IPCA,100,行專訴,124,20120412,3",ADMINISTRATIVE,Lose
"TPBA,90,訴,4583,20020529,2",ADMINISTRATIVE,Lose
"TPBA,94,訴,3200,20060817,2",ADMINISTRATIVE,Lose
"IPCA,108,行商訴,42,20191023,2",ADMINISTRATIVE,Lose
"IPCA,102,行商訴,104,20131225,2",ADMINISTRATIVE,Lose
"TPBA,95,訴,4342,20070920,2",ADMINISTRATIVE,Lose
"IPCA,109,行商訴,55,20201126,2",ADMINISTRATIVE,Lose
"IPCA,100,行商訴,68,20110915,1",ADMINISTRATIVE,Mixed
"TPBA,91,訴,720,20030424,2",ADMINISTRATIVE,Lose
"IPCA,107,行商訴,2,20180828,2",ADMINISTRATIVE,Lose
"TPBA,95,訴,2478,20070424,2",ADMINISTRATIVE,Lose
"TPBA,96,訴,3662,20080401,1",ADMINISTRATIVE,Lose
"TPBA,92,訴,717,20040729,2",ADMINISTRATIVE,Lose
"TPBA,93,訴,3369,20051208,1",ADMINISTRATIVE,Mixed
"TPBA,92,訴,247,20040617,2",ADMINISTRATIVE,Lose
"IPCA,101,行商訴,43,20121122,2",ADMINISTRATIVE,Lose
"TPAA,95,判,836,20060608,1",ADMINISTRATIVE,Lose
"TPBA,89,訴,2314,20010919,1",ADMINISTRATIVE,Mixed
"TPBA,90,訴,5081,20020430,1",ADMINISTRATIVE,Lose
"TPBA,95,訴,3085,20070613,2",ADMINISTRATIVE,Lose
"TPBA,93,訴,2928,20051124,2",ADMINISTRATIVE,Lose
"IPCA,110,行商訴,54,20220216,2",ADMINISTRATIVE,Lose
"IPCA,99,行商訴,179,20101223,1",ADMINISTRATIVE,Lose
"IPCA,99,行專訴,138,20110303,4",ADMINISTRATIVE,Mixed
"TPAA,101,判,1113,20121227,1",ADMINISTRATIVE,Lose
"TPBA,93,訴,1383,20050622,2",ADMINISTRATIVE,Lose
"TPAA,96,判,1829,20071011,1",ADMINISTRATIVE,Lose
"IPCA,106,行專訴,30,20180208,3",ADMINISTRATIVE,Lose
"TPAA,92,判,1111,20030821,1",ADMINISTRATIVE,Lose
"IPCA,106,行商訴,85,20180131,2",ADMINISTRATIVE,Lose
"IPCA,103,行專訴,45,20141016,3",ADMINISTRATIVE,Lose
"TPBA,92,訴,5261,20041215,1",ADMINISTRATIVE,Lose
"IPCA,106,行商訴,1,20170629,3",ADMINISTRATIVE,Lose
"TPBA,96,訴,571,20080103,2",ADMINISTRATIVE,Lose
"TPBA,97,訴,440,20080731,2",ADMINISTRATIVE,Lose
"IPCA,110,行商訴,85,20220608,2",ADMINISTRATIVE,Lose
"TPAA,96,判,1247,20070719,1",ADMINISTRATIVE,Lose
"TPAA,90,判,229,20010215,1",ADMINISTRATIVE,Lose
"TPBA,94,訴,2809,20060823,2",ADMINISTRATIVE,Lose
"TPBA,96,訴,2925,20080320,2",ADMINISTRATIVE,Lose
"TPBA,91,訴,3244,20030910,2",ADMINISTRATIVE,Lose
"TPBA,90,訴,2006,20020515,2",ADMINISTRATIVE,Lose
"TPBA,93,訴,525,20060302,1",ADMINISTRATIVE,Win
"IPCA,107,行專訴,2,20180718,3",ADMINISTRATIVE,Lose
"IPCA,101,行商訴,122,20121115,1",ADMINISTRATIVE,Lose
"TPBA,90,訴,4909,20021023,2",ADMINISTRATIVE,Lose
"TPAA,102,判,385,20130627,1",ADMINISTRATIVE,Lose
"TPBA,91,訴,4315,20031231,2",ADMINISTRATIVE,Lose
"IPCA,106,行專訴,7,20170720,3",ADMINISTRATIVE,Lose
"IPCA,99,行專訴,171,20110811,3",ADMINISTRATIVE,Mixed
"IPCA,107,行商訴,46,20181101,3",ADMINISTRATIVE,Lose
"IPCA,106,行商訴,79,20171221,2",ADMINISTRATIVE,Lose
"IPCA,106,行專訴,2,20170830,3",ADMINISTRATIVE,Win
"IPCA,98,行專訴,83,20100311,4",ADMINISTRATIVE,Win
"TPBA,89,訴,2313,20010726,1",ADMINISTRATIVE,Lose
"TPAA,95,判,538,20060420,1",ADMINISTRATIVE,Lose
"IPCA,100,行商訴,90,20111208,2",ADMINISTRATIVE,Lose
"IPCA,109,行商訴,106,20210324,2",ADMINISTRATIVE,Lose
"TPBA,95,訴,520,20061228,2",ADMINISTRATIVE,Lose
"TPBA,91,訴,247,20030130,2",ADMINISTRATIVE,Lose
"IPCA,100,行專訴,118,20120308,4",ADMINISTRATIVE,Lose
"IPCA,106,行專訴,50,20180507,4",ADMINISTRATIVE,Lose
"TPAA,96,判,1684,20070920,1",ADMINISTRATIVE,Lose
"TPAA,90,判,327,20010301,1",ADMINISTRATIVE,Lose
"TPAA,94,判,399,20050310,1",ADMINISTRATIVE,Lose
"IPCA,104,行專訴,96,20160831,3",ADMINISTRATIVE,Lose
"IPCA,104,行商訴,142,20160225,1",ADMINISTRATIVE,Lose
"TPBA,91,訴,2248,20030904,2",ADMINISTRATIVE,Lose
"IPCA,105,行專訴,21,20161223,3",ADMINISTRATIVE,Mixed
"TPBA,95,訴,4112,20070830,2",ADMINISTRATIVE,Win
"TPBA,94,訴,1893,20060622,2",ADMINISTRATIVE,Lose
"TPBA,92,訴,4547,20041124,1",ADMINISTRATIVE,Lose
"IPCA,106,行商訴,53,20171026,2",ADMINISTRATIVE,Lose
"IPCA,109,行商訴,18,20200723,3",ADMINISTRATIVE,Lose
"IPCA,102,行商訴,124,20140522,2",ADMINISTRATIVE,Mixed
"TPAA,89,判,1376,20000504",ADMINISTRATIVE,Lose
"TPBA,89,訴,3383,20020417,2",ADMINISTRATIVE,Lose
"TPBA,91,訴,3084,20031022,3",ADMINISTRATIVE,Lose
"TPBA,89,訴,1644,20010816,2",ADMINISTRATIVE,Win
"TPAA,89,判,815,20000323",ADMINISTRATIVE,Lose
"TPBA,90,訴,5425,20021031,2",ADMINISTRATIVE,Lose
"TPBA,97,訴,395,20080508,2",ADMINISTRATIVE,Lose
"TPBA,95,訴,3254,20070628,2",ADMINISTRATIVE,Lose
"TPAA,95,判,1281,20060810,1",ADMINISTRATIVE,Lose
"TPBA,94,訴,2889,20060928,2",ADMINISTRATIVE,Lose
"TPBA,89,訴,2500,20010808,1",ADMINISTRATIVE,Lose
"IPCA,104,行著訴,7,20160629,3",ADMINISTRATIVE,Lose
"IPCA,104,行專訴,45,20150826,3",ADMINISTRATIVE,Lose
"TPBA,96,訴,564,20071128,2",ADMINISTRATIVE,Lose
"TPAA,89,判,328,20000203",ADMINISTRATIVE,Lose
"IPCA,100,行專訴,49,20111222,2",ADMINISTRATIVE,Win
"TPBA,93,訴,537,20050526,1",ADMINISTRATIVE,Lose
"TPBA,91,訴,101,20030130,2",ADMINISTRATIVE,Lose
"TPAA,100,判,1668,20110922,1",ADMINISTRATIVE,Lose
"TPAA,95,判,1924,20061123,1",ADMINISTRATIVE,Lose
"TPBA,92,訴,5016,20041222,1",ADMINISTRATIVE,Lose
"TPAA,88,判,4242,19991224",ADMINISTRATIVE,Lose
"TPBA,91,訴,4287,20031203,2",ADMINISTRATIVE,Lose
"IPCA,107,行商訴,82,20190524,1",ADMINISTRATIVE,Win
"TPAA,90,判,1305,20010727,1",ADMINISTRATIVE,Lose
"IPCA,101,行專訴,54,20131220,6",ADMINISTRATIVE,Win
"TPBA,96,訴,1750,20080130,2",ADMINISTRATIVE,Lose
"TPAA,89,判,671,20000309",ADMINISTRATIVE,Lose
"TPBA,95,訴,692,20070322,2",ADMINISTRATIVE,Lose
"TPAA,91,判,619,20020426,1",ADMINISTRATIVE,Win
"IPCA,111,行商訴,67,20230323,2",ADMINISTRATIVE,Lose
"IPCA,104,行商訴,27,20150827,2",ADMINISTRATIVE,Lose
"IPCA,99,行專訴,97,20101125,3",ADMINISTRATIVE,Lose
"TPBA,92,訴,2649,20041125,2",ADMINISTRATIVE,Lose
"IPCA,113,行專訴,2,20241113,3",ADMINISTRATIVE,Win
"IPCA,104,行專訴,7,20150819,3",ADMINISTRATIVE,Lose
"IPCA,98,行商訴,221,20100429,2",ADMINISTRATIVE,Lose
"TPAA,105,判,490,20160922,1",ADMINISTRATIVE,Lose
"TPBA,95,訴,532,20070208,2",ADMINISTRATIVE,Lose
"TPBA,90,訴,4611,20020815,2",ADMINISTRATIVE,Lose
"TPAA,97,判,547,20080605,1",ADMINISTRATIVE,Lose
"TPAA,96,判,852,20070517,1",ADMINISTRATIVE,Lose
"TPBA,94,訴,4058,20061116,1",ADMINISTRATIVE,Lose
"TPAA,88,判,3748,19991022",ADMINISTRATIVE,Lose
"IPCA,111,行商更一,2,20230810,1",ADMINISTRATIVE,Win
"IPCA,106,行專訴,46,20171207,3",ADMINISTRATIVE,Lose
"TPAA,111,上,896,20240125,1",ADMINISTRATIVE,Lose
"TPAA,90,判,1459,20010817,1",ADMINISTRATIVE,Lose
"IPCA,111,行商訴,73,20230615,2",ADMINISTRATIVE,Lose
"TPBA,96,訴,1266,20071220,2",ADMINISTRATIVE,Lose
"IPCA,97,行專訴,13,20081231,3",ADMINISTRATIVE,Lose
"IPCA,101,行專再,2,20121123,1",ADMINISTRATIVE,Lose
"IPCA,105,行專訴,11,20160526,3",ADMINISTRATIVE,Lose
"IPCA,105,行專訴,83,20170712,4",ADMINISTRATIVE,Lose
"IPCA,110,行商訴,10,20210826,2",ADMINISTRATIVE,Lose
"TPBA,94,訴更一,117,20061012,1",ADMINISTRATIVE,Lose
"TPAA,89,判,1480,20000511",ADMINISTRATIVE,Lose
"IPCA,98,行商訴,127,20091112,2",ADMINISTRATIVE,Mixed
"TPAA,88,判,1967,19990520",ADMINISTRATIVE,Lose
"IPCA,98,行商訴,75,20090813,1",ADMINISTRATIVE,Mixed
"TPBA,93,訴,843,20050721,3",ADMINISTRATIVE,Lose
"TPAA,90,判,2221,20011129,1",ADMINISTRATIVE,Lose
"IPCA,98,行商訴,55,20090917,2",ADMINISTRATIVE,Lose
"IPCA,100,行專訴,109,20120117,4",ADMINISTRATIVE,Lose
"IPCA,106,行商訴,23,20170824,3",ADMINISTRATIVE,Lose
"TPBA,94,訴,3436,20061214,2",ADMINISTRATIVE,Lose
"TPBA,92,訴,4823,20050318,2",ADMINISTRATIVE,Lose
"IPCA,111,行商訴,75,20230713,2",ADMINISTRATIVE,Lose
"IPCA,101,行專訴,112,20130425,3",ADMINISTRATIVE,Lose
"IPCA,98,行商訴,220,20100325,2",ADMINISTRATIVE,Lose
"TPBA,97,訴,1084,20080723,1",ADMINISTRATIVE,Lose
"IPCA,111,行商訴,93,20230727,2",ADMINISTRATIVE,Win
"IPCA,104,行專訴,62,20151231,3",ADMINISTRATIVE,Lose
"IPCA,106,行商訴,40,20170831,1",ADMINISTRATIVE,Lose
"IPCA,100,行專訴,123,20120426,3",ADMINISTRATIVE,Lose
"TPBA,91,訴,808,20030410,2",ADMINISTRATIVE,Lose
"TPBA,93,訴,2284,20051027,1",ADMINISTRATIVE,Mixed
"TPBA,89,訴,398,20001214,1",ADMINISTRATIVE,Lose
"TPBA,92,訴,3211,20040924,1",ADMINISTRATIVE,Lose
"TPBA,89,訴,2394,20010809,2",ADMINISTRATIVE,Lose
"TPBA,93,訴,2888,20050929,2",ADMINISTRATIVE,Lose
"IPCA,106,行商訴,107,20180301,2",ADMINISTRATIVE,Lose
"TPBA,95,訴,66,20061031,2",ADMINISTRATIVE,Lose
"TPBA,92,訴,3328,20041118,1",ADMINISTRATIVE,Lose
"TPBA,94,訴,2857,20060907,2",ADMINISTRATIVE,Lose
"TPBA,91,訴,3126,20031204,2",ADMINISTRATIVE,Lose
"IPCA,110,行商訴,86,20220615,2",ADMINISTRATIVE,Lose
"TPBA,90,訴,6509,20021128,1",ADMINISTRATIVE,Mixed
"IPCA,103,行專訴,39,20150206,2",ADMINISTRATIVE,Lose
"TPBA,93,訴,1250,20050616,2",ADMINISTRATIVE,Lose
"IPCA,101,行商訴,29,20120712,3",ADMINISTRATIVE,Lose
"IPCA,101,行商訴,181,20130417,2",ADMINISTRATIVE,Lose
"TPBA,95,訴,1217,20070201,2",ADMINISTRATIVE,Lose
"TPAA,104,判,159,20150409,1",ADMINISTRATIVE,Lose
"TPAA,93,判,123,20040219,1",ADMINISTRATIVE,Lose
"IPCA,106,行專訴,56,20180329,3",ADMINISTRATIVE,Win
"TPBA,93,訴,1672,20050721,1",ADMINISTRATIVE,Lose
"IPCA,98,行商訴,175,20100121,3",ADMINISTRATIVE,Lose
"TPBA,90,訴,5710,20020930,3",ADMINISTRATIVE,Lose
"IPCA,103,行商訴,8,20140619,2",ADMINISTRATIVE,Lose
"TPAA,88,判,630,19990319",ADMINISTRATIVE,Lose
"TPAA,107,判,687,20181122,1",ADMINISTRATIVE,Lose
"TPAA,100,判,681,20110505,1",ADMINISTRATIVE,Lose
"TPBA,89,訴,412,20010427,1",ADMINISTRATIVE,Win
"TPBA,95,訴,1570,20070510,2",ADMINISTRATIVE,Lose
"IPCA,105,行商訴,36,20161121,2",ADMINISTRATIVE,Win
"IPCA,103,行專訴,9,20140710,3",ADMINISTRATIVE,Lose
"IPCA,106,行商訴,163,20180531,2",ADMINISTRATIVE,Lose
"TPAA,90,判,1653,20010914,1",ADMINISTRATIVE,Lose
"TPAA,91,判,286,20020221,1",ADMINISTRATIVE,Lose
"TPAA,106,判,537,20170928,1",ADMINISTRATIVE,Lose
"IPCA,99,行商訴,20,20100630,3",ADMINISTRATIVE,Lose
"IPCA,111,行專訴,12,20220825,3",ADMINISTRATIVE,Lose
"IPCA,100,行商訴,21,20110526,2",ADMINISTRATIVE,Lose
"TPBA,95,訴,3668,20070913,2",ADMINISTRATIVE,Lose
"IPCA,99,行商訴,141,20110127,3",ADMINISTRATIVE,Win
"TPBA,91,訴,3122,20030903,2",ADMINISTRATIVE,Lose
"TPBA,92,訴,807,20040618,2",ADMINISTRATIVE,Lose
"IPCA,108,行商訴,83,20200206,2",ADMINISTRATIVE,Lose
"IPCA,97,行商訴,106,20090205,1",ADMINISTRATIVE,Lose
"IPCA,101,行商訴,117,20130117,2",ADMINISTRATIVE,Lose
"TPBA,90,訴,6142,20021226,1",ADMINISTRATIVE,Lose
"IPCA,111,行專訴,59,20230413,4",ADMINISTRATIVE,Lose
"IPCA,97,行商訴,124,20090507,1",ADMINISTRATIVE,Lose
"TPBA,94,訴,2811,20060720,2",ADMINISTRATIVE,Lose
"TPBA,95,訴,188,20061109,2",ADMINISTRATIVE,Lose
"TPBA,93,訴,2251,20050817,2",ADMINISTRATIVE,Lose
"TPBA,90,訴,4054,20020521,1",ADMINISTRATIVE,Lose
"TPAA,89,判,1670,20000525",ADMINISTRATIVE,Lose
"IPCA,98,行專訴,101,20100121,3",ADMINISTRATIVE,Lose
"TPBA,92,訴,5309,20041229,2",ADMINISTRATIVE,Lose
"IPCA,107,行專訴,86,20190321,3",ADMINISTRATIVE,Mixed
"TPBA,90,訴,6276,20021114,2",ADMINISTRATIVE,Lose
"TPAA,108,判,420,20190823,1",ADMINISTRATIVE,Lose
"IPCA,99,行商訴,108,20101028,2",ADMINISTRATIVE,Lose
"IPCA,105,行專訴,45,20170719,3",ADMINISTRATIVE,Mixed
"TPBA,94,訴,3357,20061207,2",ADMINISTRATIVE,Win
"TPBA,91,訴,3555,20031127,2",ADMINISTRATIVE,Mixed
"TPBA,94,訴,239,20060126,2",ADMINISTRATIVE,Lose
"TPAA,97,判,860,20080918,1",ADMINISTRATIVE,Lose
"TPAA,95,判,855,20060608,1",ADMINISTRATIVE,Lose
"TPAA,89,判,719,20000310",ADMINISTRATIVE,Win
"TPBA,90,訴,5180,20020904,1",ADMINISTRATIVE,Lose
"TPBA,93,訴,3115,20051026,2",ADMINISTRATIVE,Lose
"TPBA,90,訴,1571,20020227,1",ADMINISTRATIVE,Lose
"TPAA,91,判,66,20020111,1",ADMINISTRATIVE,Lose
"TPBA,96,訴,336,20071031,2",ADMINISTRATIVE,Lose
"TPAA,89,判,1741,20000531",ADMINISTRATIVE,Lose
"TPBA,90,訴,6363,20021023,2",ADMINISTRATIVE,Lose
"TPBA,96,訴,4075,20080528,1",ADMINISTRATIVE,Lose
"IPCA,99,行專訴,139,20110303,3",ADMINISTRATIVE,Lose
"TPAA,90,判,2015,20011101,1",ADMINISTRATIVE,Lose
"TPBA,94,訴,2044,20060731,1",ADMINISTRATIVE,Lose
"TPBA,90,訴,6405,20030324,3",ADMINISTRATIVE,Lose
"TPAA,97,判,420,20080509,1",ADMINISTRATIVE,Lose
"TPAA,89,判,1753,20000601",ADMINISTRATIVE,Lose
"TPBA,93,訴,3772,20060317,3",ADMINISTRATIVE,Lose
"TPAA,90,判,459,20010322,1",ADMINISTRATIVE,Lose
"IPCA,101,行商訴,49,20120830,2",ADMINISTRATIVE,Lose
"TPAA,109,上,393,20210422,1",ADMINISTRATIVE,Lose
"TPBA,95,訴,1175,20070201,2",ADMINISTRATIVE,Lose
"TPAA,104,判,533,20150917,1",ADMINISTRATIVE,Lose
"TPBA,93,訴,3718,20051013,2",ADMINISTRATIVE,Lose
"TPBA,91,訴,3517,20031030,2",ADMINISTRATIVE,Lose
"TPAA,95,判,1832,20061109,1",ADMINISTRATIVE,Lose
"TPAA,90,判,924,20010531,1",ADMINISTRATIVE,Lose
"IPCA,102,行專訴,52,20130905,3",ADMINISTRATIVE,Lose
"IPCA,103,行專訴,59,20150331,3",ADMINISTRATIVE,Lose
"TPAA,93,判,999,20040805,1",ADMINISTRATIVE,Lose
"IPCA,101,行商訴,6,20121129,1",ADMINISTRATIVE,Lose
"IPCA,109,行商訴,87,20201228,1",ADMINISTRATIVE,Lose
"IPCA,113,行專訴,24,20241120,3",ADMINISTRATIVE,Lose
"TPBA,93,訴,4173,20060105,2",ADMINISTRATIVE,Lose
"IPCA,105,行專訴,91,20170504,2",ADMINISTRATIVE,Mixed
"TPAA,98,判,969,20090820,1",ADMINISTRATIVE,Lose
"TPBA,93,訴,1343,20050727,2",ADMINISTRATIVE,Lose
"IPCA,112,行專訴,37,20240328,3",ADMINISTRATIVE,Lose
"TPAA,89,判,3654,20001215,1",ADMINISTRATIVE,Lose
"TPBA,95,訴,3869,20070822,2",ADMINISTRATIVE,Lose
"TPAA,94,判,208,20050217,1",ADMINISTRATIVE,Lose
"TPBA,94,訴,4143,20061207,2",ADMINISTRATIVE,Lose
"TPAA,89,判,2921,20001012,1",ADMINISTRATIVE,Lose
"IPCA,105,行商訴,65,20160721,1",ADMINISTRATIVE,Lose
"IPCA,111,行商訴,83,20230427,1",ADMINISTRATIVE,Lose
"IPCA,98,行專訴,29,20090625,3",ADMINISTRATIVE,Lose
"IPCA,107,行商訴,13,20180823,2",ADMINISTRATIVE,Lose
"IPCA,98,行商訴,68,20090723,1",ADMINISTRATIVE,Lose
"TPBA,90,訴,1132,20020403,3",ADMINISTRATIVE,Lose
"TPBA,91,訴,5232,20040225,2",ADMINISTRATIVE,Lose
"TPBA,96,訴,2366,20080424,2",ADMINISTRATIVE,Lose
"TPBA,97,訴,340,20080625,2",ADMINISTRATIVE,Lose
"IPCA,97,行商訴,70,20090122,3",ADMINISTRATIVE,Win
"TPBA,96,訴,1372,20080131,1",ADMINISTRATIVE,Lose
"TPBA,96,訴,166,20071024,1",ADMINISTRATIVE,Lose
"IPCA,100,行商訴,56,20110825,2",ADMINISTRATIVE,Lose
"TPAA,105,判,489,20160922,1",ADMINISTRATIVE,Lose
"TPBA,95,訴,320,20061107,2",ADMINISTRATIVE,Lose
"IPCA,101,行商再,1,20120430,1",ADMINISTRATIVE,Lose
"IPCA,98,行專訴,55,20090924,3",ADMINISTRATIVE,Lose
"TPAA,88,判,3825,19991029",ADMINISTRATIVE,Lose
"TPAA,96,判,1563,20070830,1",ADMINISTRATIVE,Lose
"TPBA,95,訴,3594,20070816,2",ADMINISTRATIVE,Lose
"TPBA,91,訴,1262,20030514,2",ADMINISTRATIVE,Lose
"TPBA,95,訴,2741,20070509,2",ADMINISTRATIVE,Lose
"TPAA,90,判,2126,20011115,1",ADMINISTRATIVE,Lose
"TPBA,90,訴,6508,20021120,1",ADMINISTRATIVE,Lose
"IPCA,103,行專訴,86,20150416,4",ADMINISTRATIVE,Lose
"TPBA,93,訴,4265,20051201,2",ADMINISTRATIVE,Lose
"TPAA,96,判,1627,20070913,1",ADMINISTRATIVE,Lose
"IPCA,109,行商訴,14,20201008,2",ADMINISTRATIVE,Win
"TPBA,95,訴,90,20070130,2",ADMINISTRATIVE,Lose
"IPCA,98,行商訴,204,20100225,2",ADMINISTRATIVE,Lose
"TPBA,94,訴,445,20061116,3",ADMINISTRATIVE,Lose
"IPCA,97,行專訴,21,20081030,2",ADMINISTRATIVE,Lose
"TPAA,98,判,155,20090219,1",ADMINISTRATIVE,Lose
"IPCA,98,行專訴,122,20100902,5",ADMINISTRATIVE,Win
"IPCA,98,行專訴,75,20100128,3",ADMINISTRATIVE,Win
"TPAA,95,判,639,20060504,1",ADMINISTRATIVE,Lose
"IPCA,109,行商訴,58,20201230,2",ADMINISTRATIVE,Lose
"TPAA,94,判,772,20050602,1",ADMINISTRATIVE,Lose
"TPAA,96,判,613,20070412,1",ADMINISTRATIVE,Lose
"TPBA,94,訴,444,20060427,2",ADMINISTRATIVE,Lose
"IPCA,103,行專更(一),1,20141225,3",ADMINISTRATIVE,Mixed
"IPCA,101,行專訴,65,20121108,3",ADMINISTRATIVE,Lose
"TPAA,99,判,1272,20101130,1",ADMINISTRATIVE,Lose
"TPAA,88,判,3550,19990930",ADMINISTRATIVE,Lose
"TPBA,91,訴,4310,20040422,3",ADMINISTRATIVE,Lose
"TPBA,92,訴,2750,20040922,2",ADMINISTRATIVE,Lose
"IPCA,101,行商訴,124,20130307,1",ADMINISTRATIVE,Lose
"TPBA,95,訴,2446,20070503,2",ADMINISTRATIVE,Lose
"TPBA,95,訴,2165,20070726,2",ADMINISTRATIVE,Lose
"TPBA,95,訴,1689,20070322,2",ADMINISTRATIVE,Lose
"IPCA,106,行專訴,62,20190131,3",ADMINISTRATIVE,Lose
"TPBA,91,訴,4933,20040211,2",ADMINISTRATIVE,Lose
"IPCA,112,行商訴,17,20230928,2",ADMINISTRATIVE,Lose
"TPBA,89,訴,2792,20010920,1",ADMINISTRATIVE,Lose
"IPCA,103,行商訴,16,20140604,2",ADMINISTRATIVE,Lose
"IPCA,109,行專訴,41,20220407,3",ADMINISTRATIVE,Lose
"TPBA,90,訴,2974,20011129,1",ADMINISTRATIVE,Lose
"IPCA,97,行商訴,33,20081211,2",ADMINISTRATIVE,Lose
"IPCA,101,行專訴,25,20121122,3",ADMINISTRATIVE,Lose
"TPAA,94,判,1572,20051013,1",ADMINISTRATIVE,Lose
"TPBA,90,訴,5881,20020821,1",ADMINISTRATIVE,Lose
"TPAA,95,判,1009,20060706,1",ADMINISTRATIVE,Lose
"IPCA,103,行商訴,104,20141211,1",ADMINISTRATIVE,Lose
"TPBA,92,訴,1354,20040721,1",ADMINISTRATIVE,Lose
"TPBA,97,訴,382,20080814,3",ADMINISTRATIVE,Lose
"IPCA,101,行專訴,14,20120816,4",ADMINISTRATIVE,Lose
"IPCA,97,行商訴,49,20081225,3",ADMINISTRATIVE,Lose
"IPCA,107,行商訴,83,20190425,2",ADMINISTRATIVE,Lose
"IPCA,103,行專訴,35,20140904,3",ADMINISTRATIVE,Lose
"TPBA,97,訴,138,20080403,2",ADMINISTRATIVE,Lose
"IPCA,99,行專訴,164,20110324,3",ADMINISTRATIVE,Lose
"TPBA,92,訴,2199,20040813,2",ADMINISTRATIVE,Lose
"TPAA,104,判,9,20150115,1",ADMINISTRATIVE,Lose
"TPAA,101,判,927,20121025,1",ADMINISTRATIVE,Lose
"TPAA,89,判,1076,20000413",ADMINISTRATIVE,Lose
"TPBA,91,訴,4956,20040408,1",ADMINISTRATIVE,Mixed
"TPAA,95,判,1504,20060914,1",ADMINISTRATIVE,Lose
"IPCA,104,行商訴,89,20160115,2",ADMINISTRATIVE,Lose
"TPAA,88,判,2376,19990610",ADMINISTRATIVE,Lose
"TPAA,98,判,85,20090205,1",ADMINISTRATIVE,Lose
"TPBA,94,訴,4118,20061226,2",ADMINISTRATIVE,Lose
"TPBA,92,訴,3152,20040917,1",ADMINISTRATIVE,Lose
"IPCA,98,行商訴,247,20100429,1",ADMINISTRATIVE,Lose
"TPBA,90,訴,4014,20020206,2",ADMINISTRATIVE,Lose
"TPBA,89,訴,871,20010712,2",ADMINISTRATIVE,Lose
"TPAA,95,判,1781,20061031,1",ADMINISTRATIVE,Lose
"TPBA,93,訴,2380,20050824,2",ADMINISTRATIVE,Lose
"IPCA,100,行專訴,71,20111229,3",ADMINISTRATIVE,Mixed
"TPBA,96,訴,1058,20071115,1",ADMINISTRATIVE,Lose
"IPCA,102,行商訴,48,20130822,1",ADMINISTRATIVE,Lose
"TPBA,94,訴,673,20060216,2",ADMINISTRATIVE,Lose
"TPBA,96,訴,715,20071031,2",ADMINISTRATIVE,Lose
"TPAA,95,判,373,20060323,1",ADMINISTRATIVE,Lose
"IPCA,103,行專訴,10,20140619,3",ADMINISTRATIVE,Lose
"TPBA,92,訴,1488,20040618,2",ADMINISTRATIVE,Lose
"TPBA,90,訴,2692,20020207,2",ADMINISTRATIVE,Lose
"TPAA,96,判,1830,20071011,1",ADMINISTRATIVE,Lose
"TPBA,93,訴,3875,20051013,1",ADMINISTRATIVE,Lose
"TPBA,93,訴,2517,20050831,2",ADMINISTRATIVE,Lose
"IPCA,103,行商訴,111,20150326,3",ADMINISTRATIVE,Win
"TPAA,93,判,429,20040422,1",ADMINISTRATIVE,Lose
"TPBA,94,訴,62,20060309,2",ADMINISTRATIVE,Win
"TPAA,97,判,698,20080710,1",ADMINISTRATIVE,Lose
"IPCA,102,行專訴,29,20130829,3",ADMINISTRATIVE,Mixed
"IPCA,111,行商訴,17,20220804,1",ADMINISTRATIVE,Lose
"IPCA,111,行商訴,31,20230111,1",ADMINISTRATIVE,Lose
"TPBA,95,訴,25,20061130,2",ADMINISTRATIVE,Lose
"IPCA,111,行商訴,92,20230824,2",ADMINISTRATIVE,Lose
"TPAA,88,判,783,19990401",ADMINISTRATIVE,Lose
"TPBA,89,訴,695,20010920,1",ADMINISTRATIVE,Lose
"TPBA,96,訴,1141,20071206,1",ADMINISTRATIVE,Lose
"TPAA,89,判,2773,20000921,1",ADMINISTRATIVE,Lose
"IPCA,109,行商訴,107,20210526,3",ADMINISTRATIVE,Lose
"IPCA,101,行商訴,112,20130124,2",ADMINISTRATIVE,Lose
"IPCA,105,行商訴,111,20170531,2",ADMINISTRATIVE,Lose
"TPBA,95,訴,4289,20070823,1",ADMINISTRATIVE,Mixed
"TPBA,91,訴,4841,20040211,2",ADMINISTRATIVE,Lose
"IPCA,105,行專訴,69,20170406,3",ADMINISTRATIVE,Lose
"TPAA,94,判,1456,20050922,1",ADMINISTRATIVE,Lose
"IPCA,103,行商訴,112,20150409,3",ADMINISTRATIVE,Lose
"TPAA,109,上,591,20210813,1",ADMINISTRATIVE,Lose
"TPAA,88,判,2072,19990603",ADMINISTRATIVE,Lose
"TPBA,96,訴,1096,20080103,2",ADMINISTRATIVE,Lose
"IPCA,107,行商訴,65,20181108,1",ADMINISTRATIVE,Lose
"TPBA,91,訴,3756,20040219,2",ADMINISTRATIVE,Lose
"TPBA,91,訴,4885,20040527,2",ADMINISTRATIVE,Mixed
"IPCA,109,行商訴,46,20200924,3",ADMINISTRATIVE,Lose
"IPCA,98,行商訴,88,20090813,2",ADMINISTRATIVE,Lose
"TPAA,96,判,105,20070125,1",ADMINISTRATIVE,Lose
"IPCA,99,行商訴,63,20100617,2",ADMINISTRATIVE,Lose
"TPBA,90,訴,3527,20020206,1",ADMINISTRATIVE,Lose
"IPCA,106,行專訴,77,20181129,3",ADMINISTRATIVE,Win
"TPBA,89,訴,1667,20010725,2",ADMINISTRATIVE,Lose
"IPCA,97,行商訴,44,20081126,1",ADMINISTRATIVE,Lose
"IPCA,106,行商訴,78,20171229,2",ADMINISTRATIVE,Win
"TPAA,89,判,1674,20000525",ADMINISTRATIVE,Lose
"TPAA,96,判,700,20070419,1",ADMINISTRATIVE,Lose
"IPCA,97,行專訴,6,20081120,1",ADMINISTRATIVE,Lose
"TPAA,108,判,363,20190719,1",ADMINISTRATIVE,Lose
"TPBA,96,訴,1285,20080124,2",ADMINISTRATIVE,Lose
"IPCA,103,行專訴,85,20150331,3",ADMINISTRATIVE,Lose
"IPCA,106,行商更(一),2,20171227,1",ADMINISTRATIVE,Lose
"TPBA,92,訴,1607,20040805,1",ADMINISTRATIVE,Lose
"TPBA,97,訴,260,20080508,1",ADMINISTRATIVE,Lose
"TPAA,89,判,2665,20000831,1",ADMINISTRATIVE,Lose
"TPBA,89,訴,189,20001226,1",ADMINISTRATIVE,Lose
"TPBA,91,訴,1621,20030521,2",ADMINISTRATIVE,Lose
"IPCA,98,行商訴,199,20100325,3",ADMINISTRATIVE,Lose
"TPAA,88,判,3717,19991021",ADMINISTRATIVE,Lose
"IPCA,101,行商訴,75,20121220,2",ADMINISTRATIVE,Lose
"IPCA,101,行專更(一),1,20130613,2",ADMINISTRATIVE,Lose
"TPBA,90,訴,6310,20030116,2",ADMINISTRATIVE,Lose
"TPBA,93,訴,2003,20050812,2",ADMINISTRATIVE,Lose
"TPAA,104,判,221,20150430,1",ADMINISTRATIVE,Lose
"IPCA,107,行專訴,50,20190103,3",ADMINISTRATIVE,Lose
"TPBA,89,訴,3360,20020227,1",ADMINISTRATIVE,Lose
"IPCA,103,行專更(一),5,20150624,2",ADMINISTRATIVE,Lose
"TPBA,93,訴,1959,20050922,2",ADMINISTRATIVE,Lose
"TPAA,103,判,712,20141230,1",ADMINISTRATIVE,Lose
"TPBA,95,訴,3319,20070726,1",ADMINISTRATIVE,Lose
"IPCA,98,行商訴,19,20090409,1",ADMINISTRATIVE,Lose
"IPCA,105,行商訴,77,20170315,3",ADMINISTRATIVE,Lose
"TPBA,94,訴,4019,20061031,2",ADMINISTRATIVE,Lose
"TPBA,92,訴,3696,20041208,2",ADMINISTRATIVE,Lose
"IPCA,106,行商訴,142,20180426,2",ADMINISTRATIVE,Lose
"TPBA,91,訴,4448,20040408,2",ADMINISTRATIVE,Lose
"IPCA,100,行商訴,44,20111117,2",ADMINISTRATIVE,Lose
"TPBA,95,訴,3726,20070809,2",ADMINISTRATIVE,Lose
"TPAA,99,判,1012,20100930,1",ADMINISTRATIVE,Lose
"IPCA,104,行專訴,13,20150422,2",ADMINISTRATIVE,Win
"TPAA,91,判,2421,20021231,1",ADMINISTRATIVE,Lose
"TPBA,96,訴,3709,20080408,2",ADMINISTRATIVE,Lose
"TPAA,109,上,426,20210825,1",ADMINISTRATIVE,Lose
"TPBA,93,訴,4267,20051230,2",ADMINISTRATIVE,Lose
"TPAA,89,判,3198,20001116,1",ADMINISTRATIVE,Lose
"TPBA,89,訴,541,20010315,2",ADMINISTRATIVE,Lose
"TPBA,91,訴,2635,20030904,2",ADMINISTRATIVE,Mixed
"TPBA,91,訴,4835,20040120,2",ADMINISTRATIVE,Lose
"TPBA,89,訴,1759,20010511,2",ADMINISTRATIVE,Lose
"TPAA,108,判,276,20190606,1",ADMINISTRATIVE,Lose
"TPBA,89,訴,930,20010531,2",ADMINISTRATIVE,Lose
"TPAA,90,判,2303,20011206,1",ADMINISTRATIVE,Lose
"IPCA,100,行商訴,51,20110811,2",ADMINISTRATIVE,Lose
"TPAA,89,判,852,20000324",ADMINISTRATIVE,Lose
"IPCA,103,行專訴,84,20150311,3",ADMINISTRATIVE,Mixed
"TPBA,89,訴,819,20010322,2",ADMINISTRATIVE,Lose
"IPCA,105,行商訴,63,20160929,2",ADMINISTRATIVE,Lose
"TPBA,94,訴,747,20060504,2",ADMINISTRATIVE,Lose
"TPBA,95,訴,159,20070131,2",ADMINISTRATIVE,Win
"IPCA,108,行專訴,5,20190905,3",ADMINISTRATIVE,Mixed
"TPAA,97,判,566,20080612,1",ADMINISTRATIVE,Lose
"IPCA,106,行商訴,36,20171018,3",ADMINISTRATIVE,Lose
"IPCA,97,行商訴,82,20090226,2",ADMINISTRATIVE,Lose
"TPAA,89,判,977,20000331",ADMINISTRATIVE,Lose
"IPCA,97,行商訴,26,20081030,1",ADMINISTRATIVE,Win
"TPBA,94,訴,399,20060309,2",ADMINISTRATIVE,Lose
"TPBA,90,訴,6406,20030213,2",ADMINISTRATIVE,Lose
"IPCA,102,行專訴,113,20140417,3",ADMINISTRATIVE,Lose
"TPBA,95,訴,3695,20070830,3",ADMINISTRATIVE,Lose
"IPCA,111,行專訴,54,20230810,4",ADMINISTRATIVE,Win
"TPBA,90,訴,2027,20020515,1",ADMINISTRATIVE,Lose
"IPCA,97,行商訴,1,20081009,1",ADMINISTRATIVE,Lose
"TPAA,90,判,1845,20011012,1",ADMINISTRATIVE,Lose
"IPCA,106,行商訴,47,20170824,2",ADMINISTRATIVE,Lose
"IPCA,102,行商訴,53,20130925,1",ADMINISTRATIVE,Lose
"TPBA,89,訴,1078,20010417,1",ADMINISTRATIVE,Lose
"TPBA,97,訴,927,20080814,2",ADMINISTRATIVE,Lose
"TPBA,89,訴,655,20010606,1",ADMINISTRATIVE,Lose
"TPAA,95,判,493,20060413,1",ADMINISTRATIVE,Lose
"IPCA,107,行專訴,84,20190514,3",ADMINISTRATIVE,Lose
"IPCA,110,行商訴,1,20210609,1",ADMINISTRATIVE,Lose
"IPCA,103,行商訴,82,20141030,2",ADMINISTRATIVE,Lose
"IPCA,102,行商訴,5,20130731,3",ADMINISTRATIVE,Lose
"TPBA,94,訴,2210,20060713,2",ADMINISTRATIVE,Lose
"TPBA,96,訴,1567,20080117,2",ADMINISTRATIVE,Lose
"TPBA,96,訴,3473,20080528,2",ADMINISTRATIVE,Lose
"TPBA,89,訴,136,20001207,2",ADMINISTRATIVE,Lose
"TPBA,92,訴,1773,20040616,1",ADMINISTRATIVE,Lose
"IPCA,98,行商訴,131,20090924,1",ADMINISTRATIVE,Lose
"IPCA,97,行商訴,32,20090108,1",ADMINISTRATIVE,Lose
"TPBA,94,訴,654,20060331,2",ADMINISTRATIVE,Lose
"IPCA,98,行商訴,30,20090604,2",ADMINISTRATIVE,Lose
"TPAA,87,判,1655,19980820",ADMINISTRATIVE,Lose
"TPBA,96,訴,1226,20071227,1",ADMINISTRATIVE,Lose
"TPAA,105,判,230,20160512,1",ADMINISTRATIVE,Lose
"IPCA,106,行商訴,98,20180111,1",ADMINISTRATIVE,Win
"TPBA,93,訴,3693,20051012,1",ADMINISTRATIVE,Lose
"IPCA,106,行專訴,78,20180927,1",ADMINISTRATIVE,Win
"TPBA,93,訴,4007,20051109,1",ADMINISTRATIVE,Lose
"TPAA,104,判,201,20150423,1",ADMINISTRATIVE,Lose
"TPBA,92,訴,486,20040527,2",ADMINISTRATIVE,Lose
"TPAA,88,判,3660,19991007",ADMINISTRATIVE,Lose
"IPCA,102,行專訴,57,20130816,4",ADMINISTRATIVE,Lose
"TPAA,104,判,73,20150205,1",ADMINISTRATIVE,Lose
"TPBA,89,訴,4059,20010919,2",ADMINISTRATIVE,Lose
"TPBA,91,訴,4911,20040401,2",ADMINISTRATIVE,Lose
"TPBA,95,訴,2635,20070503,2",ADMINISTRATIVE,Lose
"TPAA,92,判,66,20030117,1",ADMINISTRATIVE,Lose
"IPCA,99,行專訴,42,20100826,3",ADMINISTRATIVE,Lose
"TPBA,92,訴,3182,20041130,2",ADMINISTRATIVE,Lose
"IPCA,104,行著訴,6,20160629,4",ADMINISTRATIVE,Lose
"TPAA,91,判,46,20020110,1",ADMINISTRATIVE,Lose
"TPBA,89,訴,3270,20010919,2",ADMINISTRATIVE,Lose
"IPCA,103,行專訴,98,20150514,4",ADMINISTRATIVE,Lose
"TPBA,89,訴,1688,20010503,1",ADMINISTRATIVE,Lose
"TPBA,90,訴,1120,20011116,2",ADMINISTRATIVE,Lose
"TPAA,88,判,3243,19990730",ADMINISTRATIVE,Lose
"TPAA,88,判,4212,19991223",ADMINISTRATIVE,Lose
"TPAA,110,上,431,20220817,1",ADMINISTRATIVE,Lose
"IPCA,103,行商訴,28,20141204,3",ADMINISTRATIVE,Lose
"TPBA,92,訴,601,20040603,2",ADMINISTRATIVE,Lose
"TPBA,91,訴,184,20021231,1",ADMINISTRATIVE,Lose
"TPAA,88,判,193,19990129",ADMINISTRATIVE,Lose
"IPCA,102,行專訴,110,20140326,3",ADMINISTRATIVE,Lose
"IPCA,113,行專訴,8,20240801,3",ADMINISTRATIVE,Lose
"IPCA,101,行商訴,98,20121129,1",ADMINISTRATIVE,Lose
"IPCA,103,行商訴,13,20140613,2",ADMINISTRATIVE,Lose
"TPAA,91,判,414,20020315,1",ADMINISTRATIVE,Lose
"TPAA,90,判,1021,20010607,1",ADMINISTRATIVE,Lose
"IPCA,106,行商訴,90,20180503,2",ADMINISTRATIVE,Lose
"IPCA,103,行專訴,71,20141225,3",ADMINISTRATIVE,Lose
"TPAA,87,判,1,19980106",ADMINISTRATIVE,Win
"TPBA,91,訴,264,20021231,1",ADMINISTRATIVE,Lose
"TPAA,90,判,119,20010131,1",ADMINISTRATIVE,Lose
"IPCA,104,行商訴,52,20151022,2",ADMINISTRATIVE,Lose
"TPBA,90,訴,6347,20021107,2",ADMINISTRATIVE,Lose
"TPBA,95,訴,346,20070208,2",ADMINISTRATIVE,Lose
"TPBA,95,訴,3876,20070809,1",ADMINISTRATIVE,Lose
"TPBA,93,訴,3153,20051011,1",ADMINISTRATIVE,Lose
"IPCA,98,行商更(一),11,20100318,1",ADMINISTRATIVE,Lose
"TPAA,90,判,852,20010518,1",ADMINISTRATIVE,Lose
"TPAA,94,判,1912,20051208,1",ADMINISTRATIVE,Lose
"IPCA,100,行商訴,53,20110825,1",ADMINISTRATIVE,Lose
"IPCA,98,行專訴,33,20090831,2",ADMINISTRATIVE,Lose
"TPAA,89,判,811,20000323",ADMINISTRATIVE,Win
"IPCA,105,行專訴,57,20170517,3",ADMINISTRATIVE,Win
"TPAA,89,判,949,20000330",ADMINISTRATIVE,Lose
"IPCA,102,行專訴,2,20130606,3",ADMINISTRATIVE,Lose
"TPAA,95,判,2186,20061228,1",ADMINISTRATIVE,Lose
"TPBA,94,訴,442,20060208,1",ADMINISTRATIVE,Lose
"IPCA,107,行商更(一),3,20190912,1",ADMINISTRATIVE,Lose
"TPAA,90,判,1772,20011004,1",ADMINISTRATIVE,Lose
"TPBA,95,訴,561,20061206,2",ADMINISTRATIVE,Lose
"TPBA,94,訴,1417,20060406,2",ADMINISTRATIVE,Lose
"TPAA,94,判,1354,20050831,1",ADMINISTRATIVE,Lose
"TPAA,95,判,1279,20060810,1",ADMINISTRATIVE,Lose
"TPAA,96,判,18,20070111,1",ADMINISTRATIVE,Lose
"IPCA,98,行商訴,52,20090709,1",ADMINISTRATIVE,Lose
"TPBA,90,訴,430,20020123,2",ADMINISTRATIVE,Lose
"TPBA,90,訴,5883,20020919,2",ADMINISTRATIVE,Lose
"TPAA,93,判,453,20040422,1",ADMINISTRATIVE,Lose
"TPBA,89,訴,4047,20020508,2",ADMINISTRATIVE,Win
"TPAA,89,判,2749,20000915,1",ADMINISTRATIVE,Lose
"TPBA,92,訴,1790,20040630,2",ADMINISTRATIVE,Lose
"TPAA,99,判,581,20100603,1",ADMINISTRATIVE,Lose
"IPCA,108,行商訴,55,20191212,2",ADMINISTRATIVE,Win
"TPAA,99,判,71,20100129,1",ADMINISTRATIVE,Lose
"IPCA,104,行專訴,33,20151120,3",ADMINISTRATIVE,Lose
"TPAA,88,判,4126,19991216",ADMINISTRATIVE,Lose
"TPBA,92,訴更一,112,20040519,1",ADMINISTRATIVE,Lose
"TPAA,92,判,1583,20031120,1",ADMINISTRATIVE,Lose
"TPAA,93,判,1060,20040818,1",ADMINISTRATIVE,Lose
"TPBA,92,訴,553,20040407,2",ADMINISTRATIVE,Lose
"TPBA,91,訴,430,20021211,2",ADMINISTRATIVE,Lose
"IPCA,107,行專訴,59,20190214,3",ADMINISTRATIVE,Lose
"TPBA,96,訴,756,20071114,2",ADMINISTRATIVE,Lose
"IPCA,106,行商訴,2,20170823,2",ADMINISTRATIVE,Mixed
"IPCA,111,行商訴,56,20221229,2",ADMINISTRATIVE,Lose
"TPBA,95,訴,1724,20070321,2",ADMINISTRATIVE,Lose
"IPCA,110,行商訴,31,20210826,1",ADMINISTRATIVE,Lose
"TPBA,92,訴,2341,20041014,1",ADMINISTRATIVE,Lose
"IPCA,103,行商訴,67,20141119,2",ADMINISTRATIVE,Lose
"TPAA,99,判,213,20100304,1",ADMINISTRATIVE,Lose
"TPBA,97,訴,1716,20081112,2",ADMINISTRATIVE,Lose
"TPAA,96,判,875,20070518,1",ADMINISTRATIVE,Lose
"TPBA,90,訴,5305,20021024,2",ADMINISTRATIVE,Lose
"TPBA,96,訴,1475,20080130,2",ADMINISTRATIVE,Lose
"TPBA,92,訴,5443,20050427,3",ADMINISTRATIVE,Lose
