bootstrap_id,delta_svm_minus_mnir
0,0.1476821749312474
1,0.23112205904550354
2,0.21677839051930986
3,0.2518717313534892
4,0.17180651969867522
5,0.20104050429777526
6,0.19270348412576382
7,0.1921151782995158
8,0.16704003583904448
9,0.20402670837139225
10,0.20071201290916968
11,0.15453740388867826
12,0.18132900393047124
13,0.22013331015761856
14,0.23529799384786287
15,0.21159205236550627
16,0.1562429282037897
17,0.15478626950433577
18,0.20907055880663
19,0.21445732301965947
20,0.24075790604400693
21,0.1984760247710053
22,0.16910839332808375
23,0.1589290672157882
24,0.18597623468934804
25,0.27245907530250807
26,0.17446331743665427
27,0.13968734583015802
28,0.17570548965048055
29,0.2122698709077313
30,0.278776501844803
31,0.26328434209859797
32,0.22311979938193321
33,0.19575023047591739
34,0.2581720096328603
35,0.2276308761708718
36,0.1649317238113432
37,0.2066924133334943
38,0.17080346973167876
39,0.19017178770808707
40,0.21190422413771565
41,0.21860446437393966
42,0.22220272176193195
43,0.2428700191203631
44,0.1792503743072174
45,0.27995200007094506
46,0.2058287389639895
47,0.29354669509367415
48,0.19576517566733492
49,0.17849901813219132
50,0.23390453794755733
51,0.17760598869766192
52,0.2255359367295175
53,0.23059569874331132
54,0.24995941807642863
55,0.18861290954777882
56,0.23626776857925552
57,0.22294666684130243
58,0.2276439255748714
59,0.23470705432291689
60,0.13392394238892896
61,0.1893764991002313
62,0.21942891430900208
63,0.15136991910020853
64,0.19727780642735315
65,0.2207184025906116
66,0.1856912382592812
67,0.2323114082783681
68,0.18731334555140972
69,0.25629035177402854
70,0.22456901847004285
71,0.17067551995817348
72,0.17393726110553243
73,0.24350835734210124
74,0.3001122338383927
75,0.17308819935586317
76,0.17988231556908169
77,0.24779263270567553
78,0.32128387863242897
79,0.17945848246055113
80,0.19875287114964063
81,0.14435594829563092
82,0.21363407069688012
83,0.30482794645644845
84,0.1865052391922178
85,0.2458039836320733
86,0.26195041047584533
87,0.17641059272441623
88,0.22813862532001644
89,0.21165420596569995
90,0.13966029113503436
91,0.2144269285528222
92,0.21382157091119497
93,0.2698323257821807
94,0.21964450373666927
95,0.19898536815949325
96,0.2280548716667235
97,0.16738507314176676
98,0.25083193586016056
99,0.24141749886065816
100,0.1991468874808457
101,0.21848317075781137
102,0.2419251972582973
103,0.2483140146487594
104,0.1753871359012787
105,0.16429429252839267
106,0.1774232334205641
107,0.24676150156366788
108,0.2236121854637642
109,0.2646130920752972
110,0.22772341033825688
111,0.18160997890700853
112,0.19109340377556422
113,0.2868657792318155
114,0.2469148622063279
115,0.20480719709211304
116,0.25662634423265424
117,0.21152023254041413
118,0.27636430665552975
119,0.21564873437975024
120,0.23588354570379483
121,0.21442927716685728
122,0.1901727765091446
123,0.23503268365809415
124,0.27595688517503775
125,0.28678361292867594
126,0.23864816646086817
127,0.20809271655585898
128,0.23161825805953817
129,0.22477758968415879
130,0.18776421326363196
131,0.1521140004870914
132,0.21406060616707906
133,0.18483537107538373
134,0.1929792658402366
135,0.22120827004589044
136,0.2186009351383315
137,0.1949883306262286
138,0.22502998533373225
139,0.19083516283284435
140,0.19412138701474108
141,0.25736815411646846
142,0.21885294456226684
143,0.1796725374949712
144,0.24631411969063005
145,0.2002563784491373
146,0.22894087427032922
147,0.18367603426415247
148,0.15591021354380724
149,0.24446045444584485
150,0.17232249499698632
151,0.22682689509352444
152,0.24176986732811395
153,0.14100106091857384
154,0.20147179639063367
155,0.1501123381872928
156,0.22060379916431205
157,0.21436864164207642
158,0.1654252429780822
159,0.22296037944082836
160,0.16136083542613516
161,0.2534099871528424
162,0.156665263597288
163,0.17659891273315304
164,0.23109501418147632
165,0.22259902352125688
166,0.16689046064058205
167,0.1751828170357178
168,0.1426348482652265
169,0.16567029099987657
170,0.19425101354512048
171,0.206576181232333
172,0.20203562491411742
173,0.23363537656088856
174,0.19150107592301963
175,0.18976125535551147
176,0.22237843799082085
177,0.20916685456574152
178,0.17936398416533111
179,0.25580311636445646
180,0.22854561641120297
181,0.19689897238844123
182,0.23457814491477763
183,0.1555330702975209
184,0.19511395005151871
185,0.21573877099169436
186,0.1958101737155305
187,0.16582310743797446
188,0.19927530774129854
189,0.20790793026584636
190,0.18935795415447432
191,0.19897354895110203
192,0.2026195928099182
193,0.14209255035952878
194,0.26143256823853417
195,0.27038841700092286
196,0.21393482598003438
197,0.20595201255496826
198,0.23428707001352256
199,0.18525459225389096
200,0.16768329073991306
201,0.17144370070174136
202,0.2221224275708642
203,0.2029558478925811
204,0.16120888847267972
205,0.14550314601396525
206,0.23966746475744855
207,0.19867062902436172
208,0.17542055736109552
209,0.22788767026787798
210,0.2243893392293118
211,0.23066834449117185
212,0.23020360690427377
213,0.28865127961009224
214,0.1968359036911737
215,0.22638441400306203
216,0.18418252530008672
217,0.2687874440806622
218,0.19679362055714628
219,0.20980294992638726
220,0.21669018424112335
221,0.2134736665424748
222,0.19151723869296472
223,0.1814925759745079
224,0.21548027478356685
225,0.2796221881042866
226,0.24040631377014782
227,0.20341075839566236
228,0.16930298606063487
229,0.2236559735043075
230,0.19084760215411717
231,0.1952059216082928
232,0.21218995288432657
233,0.1986643886306036
234,0.20144886856565497
235,0.2327031675564804
236,0.19122601273740575
237,0.15921288393444005
238,0.23393017620481354
239,0.2392029878820453
240,0.22580910274955984
241,0.21734114038600932
242,0.1930953973742871
243,0.1701996978856259
244,0.1867362578054838
245,0.2065800019262855
246,0.25587408983176174
247,0.15412737223638362
248,0.20226559312191178
249,0.1729815661737914
250,0.20783393217214657
251,0.19101299532359645
252,0.18289484499906455
253,0.19548914945610701
254,0.16166060846327218
255,0.157262680358294
256,0.15597034579838265
257,0.19061610121779476
258,0.20625684570888642
259,0.2559286881239082
260,0.21931331327623793
261,0.16741312499943434
262,0.17427871125216515
263,0.21822914800208787
264,0.19372506792373173
265,0.27482987914497786
266,0.15464703227363386
267,0.16563989937500567
268,0.22134423477229637
269,0.1841065766532346
270,0.25910992989293186
271,0.18155878114445834
272,0.2055925933874257
273,0.2031530832555794
274,0.19408680530643968
275,0.22360024952363394
276,0.1856435849902005
277,0.20402594769266585
278,0.24345116806152328
279,0.19265324276458617
280,0.2647686318447171
281,0.18361355334402912
282,0.1509889660562394
283,0.21253946684171238
284,0.24928797631293437
285,0.18007021975789772
286,0.20251823742615616
287,0.14956688886041464
288,0.20091674139961208
289,0.1807193369568269
290,0.18145731313082375
291,0.23881723036778324
292,0.1454621720800981
293,0.16433912179542803
294,0.2550025554285505
295,0.22096254022644202
296,0.13891164422819924
297,0.20576965272961162
298,0.22612802566301887
299,0.21553593479428929
300,0.2021242123775639
301,0.22017161268671992
302,0.17989667613845978
303,0.26106942188892807
304,0.22799523765638324
305,0.21244035161588998
306,0.2884827007373587
307,0.20073620905274042
308,0.19413534647811514
309,0.2054348301550341
310,0.1714402275073113
311,0.25884237313793995
312,0.21292951377107489
313,0.2094698452910907
314,0.23222420330122084
315,0.22991720468050636
316,0.20090222005992558
317,0.26621825051551756
318,0.19791414490696674
319,0.14648954058988412
320,0.20821097498498686
321,0.24102117177821453
322,0.20280486301445122
323,0.23584457631424754
324,0.2080419463682865
325,0.16570775447264452
326,0.28205988779012636
327,0.2577277286904229
328,0.24506029991962391
329,0.20764634226880602
330,0.21988178911964368
331,0.17629685138438544
332,0.1922769630981005
333,0.2611797102224131
334,0.1811033257431801
335,0.22756160015105775
336,0.19572119801274396
337,0.15590150858082352
338,0.17218116806503664
339,0.1781891263803595
340,0.2004096026574011
341,0.1731671570041028
342,0.20343968868800044
343,0.1702823296219247
344,0.19693158708759967
345,0.209922525617051
346,0.24354137090766576
347,0.2565599664469133
348,0.2511882980635917
349,0.2609886745366174
350,0.23168758469103923
351,0.2527119111925834
352,0.17772830932752648
353,0.16574708354599754
354,0.16362097491259514
355,0.20103609558831376
356,0.24640540512504477
357,0.19946552679832397
358,0.261333979125454
359,0.23950574997246182
360,0.18119975684719902
361,0.16417828409036567
362,0.2623163306595882
363,0.22134159505036416
364,0.17435808992047647
365,0.2442922865965439
366,0.23008257436071006
367,0.20506144171731827
368,0.21448802562768654
369,0.20809594379153323
370,0.16283198219758888
371,0.14820962410181043
372,0.20566395876190702
373,0.15518572169993178
374,0.307907416018175
375,0.13661703637306427
376,0.1405182484470025
377,0.2238704882501636
378,0.2093301339487082
379,0.24072101707482424
380,0.13704050673602958
381,0.1859000886845945
382,0.1759490275319649
383,0.2447621927780726
384,0.2456235081288069
385,0.1794712695017115
386,0.2226665726750553
387,0.23717363158662008
388,0.23633226209847535
389,0.13676099452992546
390,0.1582568627772853
391,0.25378155125666446
392,0.19793793349031363
393,0.14481904742261564
394,0.1735172689509636
395,0.2129319067025754
396,0.2181759724124091
397,0.19670444870279652
398,0.19746006895570084
399,0.21644144958458994
400,0.21693575374644097
401,0.2114819109792544
402,0.1997426368424134
403,0.2451968750069093
404,0.1559739465997999
405,0.21392076476163002
406,0.18140989304129213
407,0.15941344156771303
408,0.17963435886927442
409,0.16673376219846464
410,0.16889923827380515
411,0.16164943154376388
412,0.2128683579833261
413,0.21664024713470648
414,0.2117426866341569
415,0.21501944754147911
416,0.23265824181873385
417,0.23206008126482125
418,0.22546270610586755
419,0.19056210863169082
420,0.24721615092017307
421,0.19092089139737484
422,0.14540030269465593
423,0.2689696881388876
424,0.20035044180631273
425,0.25180688466484275
426,0.19679765610387429
427,0.17738614123015384
428,0.21064950020150747
429,0.206227032045941
430,0.158147880682465
431,0.20353044442293033
432,0.20061408009001552
433,0.15154281451115675
434,0.19675769924362202
435,0.1449861003419436
436,0.22248265101319048
437,0.16373486731575737
438,0.17974175579148294
439,0.2202303170682151
440,0.21021930457089633
441,0.21554771952405155
442,0.24045520270128767
443,0.22464662993662393
444,0.27416010929005863
445,0.19968264293107063
446,0.1851302015069481
447,0.17739663010710732
448,0.22456589948363254
449,0.20360779230594522
450,0.16465253437319133
451,0.22836946582882084
452,0.2068410272714713
453,0.19416153534981978
454,0.18266509391346486
455,0.16717606217168507
456,0.2192114763227372
457,0.21858667546331528
458,0.13731477952425586
459,0.22352343570528826
460,0.24127592104542256
461,0.1490717706940035
462,0.19609274319813152
463,0.15024770927499176
464,0.24391313000139825
465,0.2121300106614316
466,0.19652279362713743
467,0.1810819806891638
468,0.19307054878750418
469,0.21328650042377445
470,0.13265305785378417
471,0.1979875697843178
472,0.15227875202388036
473,0.17630058055368852
474,0.23924868267557586
475,0.21687934797659353
476,0.19647769712685692
477,0.15920645412533363
478,0.19847851226276453
479,0.17151639153176557
480,0.24335712688608202
481,0.23687150534689466
482,0.16557276783972324
483,0.17873492582004202
484,0.24642887739884217
485,0.24307906687222364
486,0.2396612835228044
487,0.23308777422657523
488,0.23222691770421927
489,0.20307386784944825
490,0.22675578126002466
491,0.2568492679835774
492,0.22429676526208658
493,0.15657471583731108
494,0.2285453194557054
495,0.2146783100383302
496,0.13428885167098092
497,0.20188780350860103
498,0.21255188224810778
499,0.2022013805050037
500,0.23902716117035244
501,0.21504191287667124
502,0.2179743745821821
503,0.2880781964677569
504,0.22565303700858147
505,0.2251454621788999
506,0.19282939222495654
507,0.1740701186526064
508,0.22760349833005128
509,0.24082455942862835
510,0.20395709748187735
511,0.19639108996784077
512,0.17107966018338122
513,0.1772125698943255
514,0.2532630191183108
515,0.26884249561312784
516,0.2111897301581006
517,0.2054943193379633
518,0.1782533081036749
519,0.18263327878674623
520,0.207561283696372
521,0.19853831197858385
522,0.1944780838715338
523,0.20191780765702128
524,0.17022805044762812
525,0.2173334190766119
526,0.23687276322517853
527,0.2230196630224937
528,0.21469561736409898
529,0.21465922706818102
530,0.20976889152997552
531,0.24684614350193707
532,0.2753632332765957
533,0.2255242122841466
534,0.24439199731327604
535,0.2471903616717946
536,0.17843141011443053
537,0.1483605104965437
538,0.1808426702954367
539,0.20431716702447572
540,0.23322719382102958
541,0.1706612166853187
542,0.21079916959621486
543,0.16776493628664307
544,0.21480756141202023
545,0.2579050195646855
546,0.22209156296008603
547,0.17035598771976096
548,0.20677721899912926
549,0.1938273710006253
550,0.1989825361317798
551,0.26315679885715554
552,0.19608884224155015
553,0.23748218469753818
554,0.1655572221764669
555,0.18653268311630705
556,0.24751382625874052
557,0.26111247497073503
558,0.21230789805608014
559,0.1767031213991958
560,0.21294193923384014
561,0.17052964877934434
562,0.2227546400256032
563,0.2743744899841774
564,0.19198940504913325
565,0.1945780679254155
566,0.2069689162231803
567,0.25545170633173886
568,0.21918171704612005
569,0.2189233603758759
570,0.20718488303472615
571,0.2274622659709532
572,0.15275284336076783
573,0.1643289761989531
574,0.2460897454913809
575,0.16402506001522005
576,0.13195835509061327
577,0.2380646715957585
578,0.2271434970896281
579,0.23985284790633965
580,0.260408461689062
581,0.19163123819993194
582,0.16212808948678253
583,0.25236158174715073
584,0.19606754898930728
585,0.1737522866995928
586,0.14699871628876737
587,0.24047546116981466
588,0.23425130707512992
589,0.1988577399895931
590,0.2184312595095967
591,0.25747428664169175
592,0.2780934301293207
593,0.23419745901023925
594,0.2641578610289546
595,0.2138209717967065
596,0.23274649491925875
597,0.20275014669718577
598,0.20932115461895295
599,0.18849099540499437
600,0.23336716037948224
601,0.20275924346448138
602,0.22100421364433026
603,0.20696299522005773
604,0.17914668292390934
605,0.15760244790553352
606,0.23539965354260367
607,0.24314922646529874
608,0.2161675278138016
609,0.22416725126945203
610,0.16951292292977432
611,0.16539621802122834
612,0.16806843625282897
613,0.2133252314552277
614,0.15907834235982277
615,0.21725648994132635
616,0.14521833142405344
617,0.17473021887427104
618,0.17976843293480482
619,0.17903741944071278
620,0.20175057295268584
621,0.20735252677791893
622,0.23836070412593086
623,0.1521569882018367
624,0.19616763553035005
625,0.20229676699817883
626,0.22049965998672316
627,0.21037133082431658
628,0.18953546042035468
629,0.21552265950171023
630,0.23153287952020468
631,0.16667746580833792
632,0.20958774657047924
633,0.1775657581801499
634,0.20006868942891004
635,0.22457814021199518
636,0.2647122616572602
637,0.1830934631497958
638,0.20048229794241096
639,0.2039821034717889
640,0.1855696718135202
641,0.19125591731991992
642,0.1742393341573692
643,0.16157839026400683
644,0.23231969025649385
645,0.20007787222818468
646,0.1357998891751649
647,0.17048660335924398
648,0.2243094040007948
649,0.2161688950692059
650,0.22286701332075315
651,0.18365507103254247
652,0.21411577806435222
653,0.20095183690790525
654,0.2089961879580241
655,0.1490142930936037
656,0.13015562033830258
657,0.1370708280908483
658,0.20909558818537505
659,0.20277715882351582
660,0.17869179201440383
661,0.19022236139537607
662,0.18297634885542824
663,0.18091492975115014
664,0.1987135568046141
665,0.20986380859471943
666,0.2587253986687981
667,0.14073577687522087
668,0.2834362419367957
669,0.161661768460372
670,0.20373045449156613
671,0.14065290976830852
672,0.22274325332911526
673,0.19191021121828306
674,0.26875083951663925
675,0.18909527149291733
676,0.2235455367926551
677,0.20333333317462554
678,0.25109870990102484
679,0.23849220509070845
680,0.16365940235043436
681,0.2868897162571849
682,0.27783678540827655
683,0.20918544674089395
684,0.18748735272797096
685,0.20399924849385515
686,0.22574757219462654
687,0.22470078342925476
688,0.18652552893101887
689,0.18232049971175612
690,0.17944511358467935
691,0.1820881521729008
692,0.14423073689977606
693,0.22259923711401614
694,0.2077989978420932
695,0.17310742253807038
696,0.23837384627331726
697,0.23131626184009274
698,0.2075615698035161
699,0.18460689934712377
700,0.2077288523296132
701,0.13854961724128756
702,0.21129781028031197
703,0.15460142800941984
704,0.18809584267712104
705,0.24625304795726682
706,0.22808234702478186
707,0.23788395399129875
708,0.18304975795026363
709,0.14882432851322464
710,0.13324825484722586
711,0.3135588962540305
712,0.20289256254230287
713,0.17607445459986926
714,0.1521250862016184
715,0.14807561968795485
716,0.18730431200857212
717,0.2520950594553563
718,0.16989308168858008
719,0.23492563820790996
720,0.26544579037906474
721,0.20110997865408936
722,0.15961132849026832
723,0.22492068432703632
724,0.21061108637491394
725,0.23741500353919892
726,0.1601771439070931
727,0.20893714687051118
728,0.24625445522068218
729,0.19478597005646475
730,0.19065327383980518
731,0.286574269335479
732,0.19100998237517647
733,0.15499223008562413
734,0.14897516538872052
735,0.20661272881764914
736,0.15167156798911668
737,0.291483195007195
738,0.22239883833879764
739,0.18992399051099257
740,0.18441470623684258
741,0.2309023037482441
742,0.25837990820993606
743,0.12136109100898407
744,0.25441801147232695
745,0.22132232472859215
746,0.24443777249106863
747,0.15845095673267978
748,0.1837195746436428
749,0.1529237095061068
750,0.2296103971549212
751,0.2185526080662395
752,0.22496604345545884
753,0.17699601813669824
754,0.17623768018335134
755,0.25006814566664515
756,0.21422149904479937
757,0.21580181538378013
758,0.19336138796958152
759,0.23165710172460707
760,0.22732021791945833
761,0.23410661307984876
762,0.21129421468356507
763,0.20656777964670214
764,0.18902812586498047
765,0.14323229244183305
766,0.2426633323384751
767,0.1736578884925542
768,0.1775719084193288
769,0.19234517303054427
770,0.21267078543954815
771,0.15917055498866856
772,0.19490048916470276
773,0.15570156294779375
774,0.3003656270197838
775,0.17917784982514967
776,0.2677515444205903
777,0.207014533898432
778,0.26982617142013926
779,0.22953717004955954
780,0.19671969175034182
781,0.18169597600072757
782,0.16793972664756796
783,0.20561902534553883
784,0.2267472394332623
785,0.18786563682595492
786,0.18949495907717928
787,0.18356829654513113
788,0.16453243309557491
789,0.1666381859104365
790,0.15100099033166192
791,0.14724538098866108
792,0.20268931554181085
793,0.2517324404954738
794,0.2733898260863215
795,0.16683823868758335
796,0.1603364292116946
797,0.18352235846385828
798,0.26808205124626977
799,0.25745402388339167
800,0.17927231799412718
801,0.23874788969748034
802,0.20958879755080273
803,0.1537065374179009
804,0.19819379058876035
805,0.25509448836915954
806,0.13954374225691651
807,0.22000587122306092
808,0.1670185819266245
809,0.19985196109770226
810,0.19815015175312495
811,0.2476045445993008
812,0.16178084115440927
813,0.19089372709424757
814,0.23284189196956773
815,0.20625385647777073
816,0.26319507744005954
817,0.20868182004611774
818,0.17879604650153885
819,0.2617872173751663
820,0.20268720878147878
821,0.1800178248180772
822,0.23657433470946426
823,0.20270823606147498
824,0.2136536532560977
825,0.23374757798429358
826,0.22057245339151876
827,0.18011343131133212
828,0.2299012635683219
829,0.16139612242326368
830,0.1323204033138206
831,0.2542973698779371
832,0.25289705702637744
833,0.2383126138550084
834,0.2119151631554404
835,0.14581412973004737
836,0.1351959694958162
837,0.22959609319370927
838,0.23517525641638554
839,0.1363923744603922
840,0.18700222121319293
841,0.26312871174529723
842,0.19015050285740615
843,0.2202759962339858
844,0.2489314602621709
845,0.17073371593757142
846,0.20565021102092412
847,0.23885925149948928
848,0.23775672445504265
849,0.20260880100774464
850,0.14932821111132283
851,0.21867068456751343
852,0.1948037768610565
853,0.22037108305378478
854,0.1989067633113557
855,0.20868848446811278
856,0.22975812077715807
857,0.2215881688253732
858,0.20612292042394503
859,0.16349423918464495
860,0.1634513676979587
861,0.2947861007215493
862,0.15171027658360003
863,0.20536839793100775
864,0.2366563027487084
865,0.17677252200340798
866,0.1909607840567052
867,0.22725714943449887
868,0.14823216483343754
869,0.22459284921652217
870,0.1511664008171204
871,0.24205310446087552
872,0.194047881691625
873,0.2085072201345365
874,0.18676598301784342
875,0.23512299755904637
876,0.20791410762358303
877,0.25809822508865676
878,0.1830119914577496
879,0.22759376731800768
880,0.1869114903758421
881,0.17553419749729215
882,0.19614145781885378
883,0.27533572765179454
884,0.19195722959822653
885,0.1792618951766013
886,0.15663957400901124
887,0.2503667713986401
888,0.24061837174865935
889,0.23532536374770563
890,0.1695671745296254
891,0.1863473420608957
892,0.23743116541611087
893,0.21665740444936338
894,0.22061183732511086
895,0.21879746927402416
896,0.18568711154740808
897,0.21573811462193493
898,0.18816722900605592
899,0.2199149017562832
900,0.21797313929666784
901,0.14929950175856815
902,0.26543691654773033
903,0.1526105607398331
904,0.21621039167195605
905,0.20675092199435724
906,0.25168207826572087
907,0.17244507235845835
908,0.19063478721332078
909,0.23047230995686857
910,0.2152025470109134
911,0.1902766296928109
912,0.22181092576220257
913,0.19999511464199032
914,0.1797029031115427
915,0.1857804698053968
916,0.1486227458684491
917,0.23266778613636757
918,0.17504741068727564
919,0.14593803252992543
920,0.21088911400183047
921,0.22185124775078385
922,0.26723642112243323
923,0.17880791606346502
924,0.23193280586787923
925,0.19408753443637067
926,0.22149441136134668
927,0.23125063396917228
928,0.1547935303169637
929,0.178951633304954
930,0.18125694371960382
931,0.22019517932541544
932,0.21652839824310682
933,0.20134465424496945
934,0.25511638509151635
935,0.25943605584589075
936,0.2629298516165764
937,0.22092998324502927
938,0.17859343287916968
939,0.15701393568729793
940,0.1784966201670245
941,0.20778592834186854
942,0.1525541978441587
943,0.18476737831718487
944,0.21463377197620126
945,0.13841878068331065
946,0.24767701078994875
947,0.18964006310484727
948,0.21245388485230665
949,0.2454113355307201
950,0.18185835970458214
951,0.2232654100472677
952,0.20239934560539574
953,0.21010237422826955
954,0.2113586462881421
955,0.1739078926850698
956,0.17280641434170046
957,0.18268905887465314
958,0.23124785260900765
959,0.1378960895629477
960,0.19202207792942405
961,0.15556766038793407
962,0.14473797695368712
963,0.2143439739287269
964,0.22182077398125538
965,0.18078463062083522
966,0.220169758311836
967,0.2537869806285021
968,0.21314975180056012
969,0.2197906658089407
970,0.18666690217712695
971,0.19578638591142672
972,0.26486329926125113
973,0.20989007516100128
974,0.15732330035469638
975,0.1532793145569507
976,0.19399833794653987
977,0.2224728104762438
978,0.15479370527871372
979,0.2464547098331133
980,0.23388050549133205
981,0.23065692686012634
982,0.1956782600719193
983,0.1847168260194441
984,0.17737489974559734
985,0.21061538832405174
986,0.1760815626392016
987,0.17563811584039624
988,0.2033540576188994
989,0.1993641728381349
990,0.19367039847334866
991,0.17901467355642298
992,0.21085879005989294
993,0.26109861583455085
994,0.18617976898918104
995,0.1950053963632779
996,0.22139922853098754
997,0.1915720249267276
998,0.22192752384758935
999,0.17697235941022477
1000,0.19324017535587584
1001,0.21833811163143985
1002,0.2577450000873303
1003,0.2003655318849828
1004,0.22118353883996145
1005,0.22285589036714365
1006,0.24124455226971958
1007,0.21193036425518158
1008,0.25312859565438334
1009,0.2571890458822816
1010,0.23789039824331637
1011,0.28436709307772323
1012,0.20377374455500114
1013,0.1854020840848672
1014,0.15318839864246991
1015,0.22131385452298263
1016,0.17891433816629926
1017,0.17669870776975732
1018,0.21588499592475047
1019,0.20602617638298593
1020,0.2028504459085964
1021,0.21459887099183433
1022,0.18941807359432788
1023,0.13193173649805884
1024,0.2280053238126511
1025,0.2785469291174748
1026,0.20439308584301702
1027,0.20022521600121584
1028,0.21484675277389004
1029,0.21333189249757434
1030,0.15021461741076786
1031,0.2057616872765355
1032,0.2149808119343422
1033,0.1805449969805858
1034,0.2557557469178306
1035,0.23306685674297128
1036,0.1809362474349661
1037,0.1902693847096913
1038,0.17462535462385825
1039,0.22030266038053692
1040,0.23373875152474105
1041,0.17929267895126805
1042,0.21639794805485463
1043,0.19629287035433396
1044,0.2344442763016334
1045,0.2331584678489403
1046,0.18202660829269895
1047,0.17176127308212646
1048,0.2468780372419434
1049,0.15274928498851964
1050,0.23489577586788696
1051,0.1769672990653196
1052,0.18097064252388562
1053,0.16685918706165614
1054,0.1798608037277551
1055,0.18436963950576135
1056,0.20559003024131944
1057,0.16799568971571682
1058,0.1668196607885405
1059,0.22370891190161507
1060,0.2874913165686082
1061,0.2097486835321241
1062,0.17850234488395184
1063,0.2660091685054059
1064,0.17431965790433251
1065,0.26099385778013773
1066,0.17922446735617253
1067,0.17459395365152913
1068,0.2118530663475232
1069,0.1947014972252779
1070,0.201506915428677
1071,0.16898972300105114
1072,0.16572662059849713
1073,0.22227444623771359
1074,0.22389980449737595
1075,0.17500478673397368
1076,0.17462401791374704
1077,0.17467138656442016
1078,0.18789026457376456
1079,0.17165794655195943
1080,0.18612464055196926
1081,0.20251720761158026
1082,0.19387023732332742
1083,0.1505678516740046
1084,0.2511838569526876
1085,0.15715117088347158
1086,0.1436248739578283
1087,0.171566076771613
1088,0.1636695480103197
1089,0.27834067565515525
1090,0.24189581957130807
1091,0.23358929855788507
1092,0.1801728766305788
1093,0.20897165643576726
1094,0.18609739208742987
1095,0.17898704026719708
1096,0.1913134705530702
1097,0.17597707120724515
1098,0.1725934086586885
1099,0.16390541529507646
1100,0.19848348663320886
1101,0.15454987912838553
1102,0.19945168793514173
1103,0.17448496967922694
1104,0.21250070097811696
1105,0.20029968149498606
1106,0.22411393366012805
1107,0.2507360730755021
1108,0.1948325495056326
1109,0.22622166512666614
1110,0.19043026176403804
1111,0.1597694676570786
1112,0.27733072898876326
1113,0.15875985508998464
1114,0.13492725745552947
1115,0.1978102911332444
1116,0.19862466423425362
1117,0.2023264881408468
1118,0.23555221797461978
1119,0.15000966791453324
1120,0.18104055921400247
1121,0.1629113053582339
1122,0.2182260546536008
1123,0.17086099869481775
1124,0.22903837515925046
1125,0.18592300302728187
1126,0.20740743454395055
1127,0.1474564932022096
1128,0.17460787411893697
1129,0.2799214491471537
1130,0.28160588292312877
1131,0.1992738181296408
1132,0.18120353224182673
1133,0.20923149150009163
1134,0.23983525916137144
1135,0.2080419092302201
1136,0.22409807444689295
1137,0.260480773596715
1138,0.1899014230134966
1139,0.2988598603841031
1140,0.18783173597729436
1141,0.2185276487675633
1142,0.17377685185373037
1143,0.18194567601340444
1144,0.1962504359785417
1145,0.2246622770462003
1146,0.2489775984189358
1147,0.21942146224555759
1148,0.18040281615787962
1149,0.19823450592213288
1150,0.17307383361228373
1151,0.25023703070328773
1152,0.18720442372089013
1153,0.24429213481153234
1154,0.2392401293025096
1155,0.2786226666570614
1156,0.2080923134675216
1157,0.18753833802089676
1158,0.20343435864957382
1159,0.188033025944078
1160,0.22016363838173741
1161,0.23754617091733038
1162,0.16465053377701883
1163,0.1746930943446452
1164,0.17187463360474903
1165,0.2157111490577972
1166,0.19635775044473286
1167,0.2531248909287655
1168,0.27556917483853555
1169,0.2013310072045867
1170,0.21688062532232705
1171,0.20611894173684053
1172,0.17777635779148832
1173,0.20545424482637736
1174,0.19295820914573353
1175,0.23303102468556552
1176,0.17650471880704216
1177,0.20791865560587408
1178,0.2052569920654937
1179,0.15697878471527377
1180,0.2152793564987197
1181,0.18481201988643858
1182,0.1813584567513663
1183,0.17702926262262803
1184,0.19264355410744133
1185,0.2338634283690043
1186,0.21525408747509017
1187,0.13335496368165728
1188,0.17280488311642106
1189,0.1911634556307878
1190,0.22107011595101328
1191,0.18059337277867432
1192,0.14839165812501764
1193,0.21078964355709578
1194,0.18041215606924987
1195,0.21092190364662672
1196,0.20009595128644642
1197,0.16814589887219028
1198,0.22443708594145956
1199,0.19021037753194875
1200,0.24263191301378612
1201,0.17836309547838364
1202,0.17893742311784833
1203,0.1616936068383144
1204,0.18095478430982587
1205,0.146213506207374
1206,0.15684117385256624
1207,0.22198783511931258
1208,0.22547216796293673
1209,0.20052355621913276
1210,0.1425924397905068
1211,0.26358280253985306
1212,0.22417535492490043
1213,0.18648752133237895
1214,0.2057691848431205
1215,0.14751364892028246
1216,0.22647899856375725
1217,0.21968397117835708
1218,0.1717078331905818
1219,0.19444920332780924
1220,0.20212207776022945
1221,0.1782157790884209
1222,0.23474725019284265
1223,0.16564877656413973
1224,0.18133187273173246
1225,0.1671320246207328
1226,0.18981643563459255
1227,0.16299697078354825
1228,0.16767711710113192
1229,0.19640001040720134
1230,0.20522871470988163
1231,0.18961752483501287
1232,0.24751160210264905
1233,0.13741993958387305
1234,0.19303951150410315
1235,0.22095720904608546
1236,0.258080406332372
1237,0.2505168060397781
1238,0.1866109014342729
1239,0.22060038359720108
1240,0.15567266216217157
1241,0.16151631354669355
1242,0.23695402410468902
1243,0.2618194641644785
1244,0.16057564887277764
1245,0.21612738086359756
1246,0.18814713773652886
1247,0.16201715683980916
1248,0.19683825301408214
1249,0.2090184374902238
1250,0.26643748798434835
1251,0.20320590273986022
1252,0.228846071849928
1253,0.22051573518046613
1254,0.2751374516592927
1255,0.21812935945746642
1256,0.20539777251827146
1257,0.23990207662321578
1258,0.2569505768948383
1259,0.19309854186146574
1260,0.21462064292257843
1261,0.27684276349371445
1262,0.2052341054367236
1263,0.23697772668229006
1264,0.15261544953312617
1265,0.23114528332527923
1266,0.17205429248229892
1267,0.20718339624689014
1268,0.20991299353745346
1269,0.16318182125333763
1270,0.21599058456779446
1271,0.19107551794887695
1272,0.23471505320367742
1273,0.18603289507690196
1274,0.18070663632230638
1275,0.22591990384742128
1276,0.1604395294952255
1277,0.17979776475551185
1278,0.235980605200534
1279,0.21251762694631776
1280,0.2459228943855395
1281,0.2391985853677227
1282,0.21751372563841276
1283,0.2721647154435026
1284,0.1503885027259943
1285,0.24938469350723208
1286,0.2320374460253392
1287,0.21335664749392663
1288,0.19125926498806478
1289,0.2696091788818045
1290,0.17931607631653562
1291,0.17262729099711605
1292,0.2027098041112116
1293,0.24086925337458504
1294,0.2983106621782478
1295,0.25308314549611394
1296,0.2521485303151882
1297,0.21253879639516132
1298,0.2632469865348657
1299,0.22415032700345355
1300,0.20356591640589133
1301,0.19815104559084767
1302,0.16154055297567593
1303,0.17430173490333561
1304,0.2206689961335171
1305,0.21468189751385242
1306,0.17407158050553606
1307,0.2768535435886979
1308,0.1603251258594014
1309,0.1988366920691042
1310,0.1482256300767092
1311,0.17490524227723075
1312,0.2252028231022129
1313,0.17589138365878332
1314,0.25815915156615266
1315,0.16831168686721637
1316,0.2290781155565768
1317,0.18475084869653197
1318,0.2590582384160872
1319,0.23634248838874183
1320,0.22426523113011437
1321,0.14171958848661026
1322,0.18083829947777447
1323,0.1727418004707263
1324,0.2262361783449271
1325,0.15737712050824143
1326,0.20402399757972284
1327,0.21573868268086244
1328,0.18952552425231067
1329,0.2374533249574335
1330,0.18460468109031397
1331,0.20736372493504102
1332,0.18798165521612903
1333,0.1995207275797905
1334,0.19003728970529243
1335,0.19479351170899933
1336,0.17672486651215175
1337,0.20671680741133985
1338,0.1650651647853681
1339,0.2237967111182378
1340,0.2230778809723234
1341,0.23217545581372734
1342,0.28646234700861456
1343,0.28465111120729797
1344,0.20971584155319017
1345,0.20936691079224407
1346,0.24077761048308216
1347,0.13681172950720788
1348,0.21204348869338385
1349,0.22205217657513587
1350,0.22395029782407788
1351,0.23157145147710906
1352,0.20191769247819458
1353,0.14895637493869124
1354,0.16457671212296482
1355,0.14854145334955732
1356,0.23149214844782906
1357,0.20344290904780304
1358,0.1854241053616525
1359,0.17427482812956668
1360,0.19672887023923252
1361,0.18447310248993015
1362,0.17657132978221296
1363,0.18520307775637346
1364,0.141168330744171
1365,0.17412289172752232
1366,0.17355807774258725
1367,0.17261348082877281
1368,0.20398709818176336
1369,0.2258489824546982
1370,0.20451911589312882
1371,0.18762553821868228
1372,0.2009034716663876
1373,0.19907936930416276
1374,0.23497552024332619
1375,0.24910204399181146
1376,0.21755765309236302
1377,0.2515255741901082
1378,0.2086898362066752
1379,0.2696052975492004
1380,0.17360225699383686
1381,0.14712548036469453
1382,0.14354549268016403
1383,0.18619410187874347
1384,0.20727901314048036
1385,0.23616050898910268
1386,0.20015022251598985
1387,0.2677243538135562
1388,0.19494397846072414
1389,0.19490558437167038
1390,0.1552123086394956
1391,0.2250872401431458
1392,0.2078450215322516
1393,0.20586470195421908
1394,0.19860868890635225
1395,0.20633984503109054
1396,0.2175214418470231
1397,0.2568072910262334
1398,0.1730771148199705
1399,0.2052654488566285
1400,0.18070933938209904
1401,0.14958334639798138
1402,0.19190087583594023
1403,0.15684414390105633
1404,0.19561647094422718
1405,0.23436193438858616
1406,0.21983334767953883
1407,0.1899578509085706
1408,0.22405600886557625
1409,0.18193203320333734
1410,0.20416634982706344
1411,0.21070240294275455
1412,0.2538512031294292
1413,0.19774442486529392
1414,0.17670482875988225
1415,0.19262375005258342
1416,0.20471697428972474
1417,0.2792438476884722
1418,0.2691209670447426
1419,0.1948490232021473
1420,0.18048336358539985
1421,0.24444902592317758
1422,0.18208621601175523
1423,0.16590536619120072
1424,0.3004781069630099
1425,0.19099262800882139
1426,0.15640843840968693
1427,0.15779489606731262
1428,0.20921066778173653
1429,0.24065901017854346
1430,0.22320502762829697
1431,0.21644961737399265
1432,0.1983407032693294
1433,0.23778773983193507
1434,0.23300422036622603
1435,0.18292235025890036
1436,0.18523262887398112
1437,0.1922636644892422
1438,0.21611300966430896
1439,0.23950966948858982
1440,0.24853943275864665
1441,0.2576763304688438
1442,0.2360376023067448
1443,0.19120510498039994
1444,0.1471898680040556
1445,0.15883482783217595
1446,0.1810514395776754
1447,0.22769109469336107
1448,0.19345132100783008
1449,0.1514658652864334
1450,0.14122859160763018
1451,0.1798930690173614
1452,0.1850542333928188
1453,0.2507045313567516
1454,0.1393149873742584
1455,0.21517346723886616
1456,0.1977961814673343
1457,0.15784391437984469
1458,0.17404656296975834
1459,0.17107502264856844
1460,0.16849846645101713
1461,0.25036089690582125
1462,0.23233212405467424
1463,0.1938355578205781
1464,0.27317112266730265
1465,0.16179575892678988
1466,0.2535543131490348
1467,0.21223842884487926
1468,0.20974186913455484
1469,0.2074980798441965
1470,0.22462999312710763
1471,0.15263207372169768
1472,0.2564316513491679
1473,0.2317340308872325
1474,0.2619188208252245
1475,0.17341308936718297
1476,0.2100352843683599
1477,0.21321235521658866
1478,0.18819415875736406
1479,0.22469366369193783
1480,0.2171648757637844
1481,0.21055441959040955
1482,0.28082869917664455
1483,0.23319749989636152
1484,0.21175797223315046
1485,0.17262820666289241
1486,0.2531948211143736
1487,0.2411289273739315
1488,0.21538858265854616
1489,0.16597976910523904
1490,0.17752174162735324
1491,0.20807727808201149
1492,0.2283460442659872
1493,0.14969540910310059
1494,0.1514559260851553
1495,0.22152973266460474
1496,0.21688210719569645
1497,0.24549174821360664
1498,0.15693829393701203
1499,0.22732354918753417
1500,0.2091470253432482
1501,0.2827003834548461
1502,0.2088562855361789
1503,0.25157704786909557
1504,0.20475635612901927
1505,0.18833067720726077
1506,0.1490380913869523
1507,0.19826542953562548
1508,0.16466329717768985
1509,0.15876806544154903
1510,0.23747225344939732
1511,0.22336049335909863
1512,0.16291556711710808
1513,0.18956987239972484
1514,0.2938544698696276
1515,0.22977959078564197
1516,0.19552822830699884
1517,0.2060582651172116
1518,0.21847823612363254
1519,0.20943161503757363
1520,0.1716422416079701
1521,0.1306941159218919
1522,0.22120478879905559
1523,0.17844135496025443
1524,0.2977619944742557
1525,0.1471492292933257
1526,0.20692686438990565
1527,0.26957123742340766
1528,0.23027960667938469
1529,0.23531858740288208
1530,0.20465005327688945
1531,0.259516472116393
1532,0.1937580683197767
1533,0.2093487228192305
1534,0.16082207364458567
1535,0.2241887143037764
1536,0.18274039520023205
1537,0.18822105243135662
1538,0.21185114061225968
1539,0.2274378002174796
1540,0.14981180938546218
1541,0.24894094732041055
1542,0.23098587979846708
1543,0.23787474726868363
1544,0.235519315180031
1545,0.23039675946353527
1546,0.2029394266173356
1547,0.21588901303871927
1548,0.1854631827038824
1549,0.23953345705987478
1550,0.20489128869753148
1551,0.17861965338167468
1552,0.1873122903807441
1553,0.22138183862040267
1554,0.18598651074448053
1555,0.21096353233279286
1556,0.16028247115083788
1557,0.20164366527448535
1558,0.18178615730396014
1559,0.17388060916833747
1560,0.20077544333362107
1561,0.22909278257194549
1562,0.19706894571738615
1563,0.23981646393942024
1564,0.22111743678641987
1565,0.26526253134751604
1566,0.17809334606892918
1567,0.2713027876164212
1568,0.21280667142747384
1569,0.15288138472203744
1570,0.21772099749297624
1571,0.23388743985472676
1572,0.2306350616512634
1573,0.209535497713201
1574,0.17449469896823266
1575,0.23876756775784153
1576,0.13352898399219165
1577,0.20314474687142553
1578,0.13775228473965673
1579,0.15785993169918483
1580,0.19075808938349942
1581,0.27399184005326566
1582,0.19598211459863774
1583,0.23097196948729354
1584,0.23299475122873814
1585,0.19571482400987666
1586,0.20577692570409045
1587,0.20863370896716082
1588,0.2898886809836344
1589,0.20128198061723135
1590,0.294508344227938
1591,0.1885756211985567
1592,0.20735915018017997
1593,0.13915554978689204
1594,0.2684908922040698
1595,0.1912551757791085
1596,0.22493648938149285
1597,0.14366129373495146
1598,0.21645927948791588
1599,0.20907420282179706
1600,0.2568106189552562
1601,0.15116709499671027
1602,0.22968442967332636
1603,0.24241521907854363
1604,0.19655502058991725
1605,0.2886611734198724
1606,0.2320551563700753
1607,0.2218009775045634
1608,0.15061119774904386
1609,0.1910353373837934
1610,0.2223807813391549
1611,0.18483051372134035
1612,0.2630592417566881
1613,0.1814611212411022
1614,0.17765886943174836
1615,0.24085498433792768
1616,0.15017348689975385
1617,0.2143210217349974
1618,0.21264888080692185
1619,0.19429255106084425
1620,0.18437587016414236
1621,0.15545128589507357
1622,0.1977068351230375
1623,0.18288684660510385
1624,0.24370241519807734
1625,0.1709184329771148
1626,0.23042154776571772
1627,0.20157380023697025
1628,0.2444654097250687
1629,0.17657138444661785
1630,0.21501481312580129
1631,0.24709370774996992
1632,0.14226838844490652
1633,0.1817618652868
1634,0.24340230670853674
1635,0.1631652324982814
1636,0.21757700880863945
1637,0.21811368454172536
1638,0.24318208878627956
1639,0.2281004560316675
1640,0.17857303462043617
1641,0.24429198821375758
1642,0.2519709537749559
1643,0.23004409129092845
1644,0.16118031776305763
1645,0.20884001106178185
1646,0.21471063020487008
1647,0.23021955470911748
1648,0.24010835534313618
1649,0.18598797381627458
1650,0.23685827343451044
1651,0.23038383435114695
1652,0.22672996762165176
1653,0.1985112597745488
1654,0.19402811105326295
1655,0.20851655641044453
1656,0.21445919206669384
1657,0.20008458876252194
1658,0.21045576349195766
1659,0.25832255995089065
1660,0.17507100597933795
1661,0.2609885783164317
1662,0.19394771174953657
1663,0.24313557768430694
1664,0.293771361136493
1665,0.20533512427670936
1666,0.19134612860418626
1667,0.15767213457846813
1668,0.18676671724847205
1669,0.1487417950957322
1670,0.20896334583480808
1671,0.19796549810909386
1672,0.20204469348809617
1673,0.2461335583554537
1674,0.2184941509948432
1675,0.19812756901099
1676,0.2653065376936119
1677,0.19176919069407844
1678,0.21421522784736136
1679,0.19964850341110435
1680,0.13239661392323848
1681,0.20336690586441342
1682,0.2592185209164897
1683,0.24732125069127825
1684,0.26266228800758507
1685,0.19881143851877126
1686,0.1984012479066556
1687,0.2114609434647287
1688,0.18375291289782975
1689,0.21020075590484527
1690,0.23171438333056588
1691,0.2096867359859681
1692,0.12830049834627982
1693,0.19335111437600228
1694,0.28067476808809666
1695,0.22648035700334035
1696,0.2646962143900412
1697,0.19426384203477093
1698,0.15094992094566184
1699,0.24307022271606743
1700,0.22178747233294815
1701,0.24301654133471146
1702,0.18200382056790937
1703,0.1487252658516705
1704,0.21727403149436192
1705,0.2670561809570821
1706,0.1848793191285259
1707,0.20221925828781978
1708,0.2266472023916813
1709,0.19603345857422122
1710,0.15068343296884273
1711,0.2621776958654168
1712,0.22670831593335244
1713,0.19722561392392007
1714,0.17218483337044738
1715,0.21690114981123204
1716,0.1804513679767229
1717,0.21728030601894083
1718,0.16626053129582163
1719,0.188384360330966
1720,0.23388833976316953
1721,0.20234413335462503
1722,0.19594577391341556
1723,0.13651950787921718
1724,0.18147504984639085
1725,0.2296609114459649
1726,0.18259067508383697
1727,0.29028986449226507
1728,0.22879898096556872
1729,0.22801086107809715
1730,0.1755411431048724
1731,0.21743691653282993
1732,0.18740796489278538
1733,0.14947315082416435
1734,0.16694149534284325
1735,0.20313757364058393
1736,0.15991540926658898
1737,0.21950134551992972
1738,0.19363135550967947
1739,0.15136245319115782
1740,0.21234027919304183
1741,0.14739805751364032
1742,0.2198389797881401
1743,0.21183821214449228
1744,0.17737266632301585
1745,0.2102539870436586
1746,0.1943752060122264
1747,0.26101686192673873
1748,0.22422205764367142
1749,0.1510408030866492
1750,0.18268672631371657
1751,0.15771731641821185
1752,0.21302577549352514
1753,0.27682166229174004
1754,0.15810349102093463
1755,0.22805790686941907
1756,0.17855930085668664
1757,0.21754487250498933
1758,0.2057015748126389
1759,0.2706678989841021
1760,0.22284694464571675
1761,0.13722123414925375
1762,0.18060164305541276
1763,0.16461040031469693
1764,0.23295749203293675
1765,0.20497250201797668
1766,0.1904247029447947
1767,0.2688197832312655
1768,0.22444744324860394
1769,0.2191769282749264
1770,0.25082899178732815
1771,0.1616213748365422
1772,0.26052858131233886
1773,0.16405150733905216
1774,0.18327327146314915
1775,0.17948362008299573
1776,0.25887104696026014
1777,0.1887414689502857
1778,0.23531216772070113
1779,0.18501205163626605
1780,0.25354753518919376
1781,0.17701393480114097
1782,0.21112189737597398
1783,0.21720001506725461
1784,0.22714898567470743
1785,0.1792737749872984
1786,0.21884358360702932
1787,0.28892058529243064
1788,0.18973907218811947
1789,0.19223889607073685
1790,0.1998247471765851
1791,0.1384951178029753
1792,0.21284673425462586
1793,0.25257044477234997
1794,0.1696401711175427
1795,0.2550153182970186
1796,0.14464862562004988
1797,0.21154642497602832
1798,0.16313345656420902
1799,0.21827562561014352
1800,0.1735961933219367
1801,0.2249099184610615
1802,0.1717764552678286
1803,0.24131292077078914
1804,0.20696023093906174
1805,0.2392337869485502
1806,0.22178219580436903
1807,0.2103940541729769
1808,0.1740271006763373
1809,0.20435064916806722
1810,0.21179015083389097
1811,0.2070017942143389
1812,0.16135587141268648
1813,0.1763233538018797
1814,0.22416301523633603
1815,0.19488579968755104
1816,0.1664245677150878
1817,0.19493070991869377
1818,0.1553798515980785
1819,0.2293699578625587
1820,0.21941077047719787
1821,0.26680752819365994
1822,0.1761783572580939
1823,0.22616097949275354
1824,0.20044905448343603
1825,0.19343492675325613
1826,0.22382276391898875
1827,0.2172636453067927
1828,0.20084828340612143
1829,0.219685803659318
1830,0.19599736792069578
1831,0.2583175475504052
1832,0.20937872161601528
1833,0.16464602615219381
1834,0.16791870709094886
1835,0.24605843507944786
1836,0.1983443440052331
1837,0.20680386302061826
1838,0.1721028360272694
1839,0.1834612608895153
1840,0.23647089168528118
1841,0.19738589259615902
1842,0.2317096712711832
1843,0.2001910818759724
1844,0.2433527441463097
1845,0.2124748311782883
1846,0.22340064574246765
1847,0.24294246977406164
1848,0.18227353051219258
1849,0.20129532944757894
1850,0.28051306343173354
1851,0.19274277195757122
1852,0.14866974205945288
1853,0.19751542305114533
1854,0.18272981334770327
1855,0.255931690567966
1856,0.22740530695149858
1857,0.17980058360083706
1858,0.22411379793459302
1859,0.24383026453664752
1860,0.21441778844749732
1861,0.254719873763465
1862,0.27541132497091736
1863,0.19326356221327157
1864,0.20569185791972683
1865,0.18374142124553916
1866,0.2158336499511403
1867,0.2089927857666442
1868,0.16701373130289776
1869,0.13755212537913564
1870,0.18915145849557652
1871,0.21470169949237305
1872,0.27651162387172123
1873,0.20567871822935352
1874,0.22411164128076316
1875,0.20547797793843392
1876,0.17213544537307496
1877,0.18472266825181421
1878,0.21077218153974464
1879,0.1535434285643718
1880,0.292188050521215
1881,0.20949785682454886
1882,0.1704317641301608
1883,0.21651281709726283
1884,0.22671762661207373
1885,0.1837241534974488
1886,0.19425021245007668
1887,0.14777073800532442
1888,0.17118604232214218
1889,0.19959953927933377
1890,0.1445579905703212
1891,0.23502937808781693
1892,0.21441438594520307
1893,0.21517330631845766
1894,0.18364899838186471
1895,0.2644628091706231
1896,0.25745899884127993
1897,0.23707692000965291
1898,0.21142245643273794
1899,0.2056573367729781
1900,0.23127931468840685
1901,0.23964885674345354
1902,0.23754398556785677
1903,0.15562755556756513
1904,0.22837730028735204
1905,0.14451926324406045
1906,0.14456761707183946
1907,0.23125148743831164
1908,0.2346642407702168
1909,0.22463641178265575
1910,0.17774613073904438
1911,0.19136889768526955
1912,0.20486552388279006
1913,0.22393365843601226
1914,0.24412872751958897
1915,0.23137091137748972
1916,0.17973826056171577
1917,0.1424450203481854
1918,0.2041118554707922
1919,0.2248377768221011
1920,0.16325339982784082
1921,0.2040404229346801
1922,0.2118051448531797
1923,0.27532436583785785
1924,0.15582945376886698
1925,0.25535151161544645
1926,0.2026104217525267
1927,0.28418627466212987
1928,0.23326034784365424
1929,0.32297687656032975
1930,0.19717149556232366
1931,0.23926858316439753
1932,0.17801756598633856
1933,0.2302590740161698
1934,0.17438927840774343
1935,0.22803588057951057
1936,0.27002169582050856
1937,0.19897914930422494
1938,0.18854798380804189
1939,0.18392210907997636
1940,0.17867774987726814
1941,0.23884796522346197
1942,0.22564823758805647
1943,0.20451628118081017
1944,0.20851101605450834
1945,0.21101323391737942
1946,0.24080644516284394
1947,0.2505886035325983
1948,0.19414385453018035
1949,0.2303100179231924
1950,0.21946160418344623
1951,0.17838570286242156
1952,0.18853345404341176
1953,0.16281612121315586
1954,0.20687414066547272
1955,0.2206314724464003
1956,0.20280265814745146
1957,0.18553162212468105
1958,0.2773269723509157
1959,0.20732576824377685
1960,0.22936154232520367
1961,0.2086936648394379
1962,0.1805944251996262
1963,0.22885666772193186
1964,0.15971759528963142
1965,0.22743813344703878
1966,0.1676780294822367
1967,0.20951843825059085
1968,0.18824490173370312
1969,0.21832258374345598
1970,0.31212948905319277
1971,0.24574147381682038
1972,0.14024991060229558
1973,0.18087474534611692
1974,0.14159749699649476
1975,0.22418890192649527
1976,0.21524870947569025
1977,0.17189840602447098
1978,0.21208890137563247
1979,0.2611944148308304
1980,0.2634081889474498
1981,0.24420240184831216
1982,0.14301776760931834
1983,0.2006191159039269
1984,0.22876358577581063
1985,0.18342215091330905
1986,0.23192871741259885
1987,0.27302260614325585
1988,0.1770054214588837
1989,0.2647126319894547
1990,0.20664308271152748
1991,0.20828138648692146
1992,0.20083553766526813
1993,0.19501990131850572
1994,0.277197917759652
1995,0.19252833989889268
1996,0.18519065127404277
1997,0.17523041363557257
1998,0.2422085935027954
1999,0.20271604004398153
2000,0.15576957587920848
2001,0.20249265935667132
2002,0.18583232626872925
2003,0.22667537625621875
2004,0.23096839086374804
2005,0.22760460326444382
2006,0.17900726980961174
2007,0.21603701881635112
2008,0.16996174108383738
2009,0.26790016122772137
2010,0.2521164025754861
2011,0.21825059049925183
2012,0.17723932720715624
2013,0.23299571008814218
2014,0.16981199133749886
2015,0.19942728114029412
2016,0.18531678101319876
2017,0.13781406543676572
2018,0.1958908377028425
2019,0.20400859870640303
2020,0.16557686153928375
2021,0.21443512130344272
2022,0.18743078848425504
2023,0.26328689273751477
2024,0.1306897950703486
2025,0.1750277595586351
2026,0.2580325614104434
2027,0.17316857695407356
2028,0.14329827112816523
2029,0.2165441980728557
2030,0.19807682195265813
2031,0.22835504842251303
2032,0.23894130307244404
2033,0.19995660088504047
2034,0.22857931978452667
2035,0.18447725926434105
2036,0.17632758981977376
2037,0.1950316725310171
2038,0.23686321720889625
2039,0.1940732502813604
2040,0.2614099761612795
2041,0.16884911072444703
2042,0.16899762978779892
2043,0.19040344481751015
2044,0.15430718155615203
2045,0.19078994562192314
2046,0.19597092195527205
2047,0.21095312209056039
2048,0.20845977221643752
2049,0.15502169373287567
2050,0.15241615839117667
2051,0.28856121549087443
2052,0.2084566012741308
2053,0.1914835192449525
2054,0.16260282676982013
2055,0.20871909841863712
2056,0.22386766341759218
2057,0.1713789021607522
2058,0.20065018192440326
2059,0.2353700771832417
2060,0.24433986076657993
2061,0.2179855245674393
2062,0.20892783645439134
2063,0.23548387725942993
2064,0.214379571672617
2065,0.14620330594143577
2066,0.2064553891947451
2067,0.1410517069380572
2068,0.13780389250110925
2069,0.17575477566600356
2070,0.25949588309079624
2071,0.2005569270895023
2072,0.2620709571538354
2073,0.22006851369101893
2074,0.17941035072660355
2075,0.1629990439381181
2076,0.2846822345057714
2077,0.22758734546287512
2078,0.1542074491631627
2079,0.16617376936320666
2080,0.26694082117972046
2081,0.189675553409914
2082,0.19049274057611498
2083,0.21158427273148223
2084,0.24282219920475628
2085,0.22423031768666057
2086,0.17930226704715196
2087,0.22289549696035255
2088,0.2344231329154992
2089,0.20625517829168005
2090,0.22316205394558397
2091,0.16308522653224689
2092,0.22420891586606995
2093,0.2036747500521074
2094,0.18381904136636645
2095,0.28221757186321467
2096,0.14963913597292017
2097,0.21699584214766243
2098,0.20840727389843444
2099,0.21747675158450158
2100,0.16451382773237333
2101,0.14921305626545384
2102,0.19803853555575301
2103,0.2388665107254721
2104,0.15613446540520265
2105,0.18634873138869118
2106,0.14706454522503537
2107,0.1723316197741
2108,0.20596928338532455
2109,0.1877771053764869
2110,0.18652927171349726
2111,0.1755042657509056
2112,0.20126209252051608
2113,0.16241387462216034
2114,0.14951730497985888
2115,0.19731501128740864
2116,0.20243043232934704
2117,0.1870612057385571
2118,0.18858396375182535
2119,0.23223002153701527
2120,0.23070283021961158
2121,0.20223602549945435
2122,0.14467726722746999
2123,0.18612272085423986
2124,0.20263977734536248
2125,0.19383656427136137
2126,0.184323126955804
2127,0.17760524743218775
2128,0.20560047937202525
2129,0.20759020412759882
2130,0.18080645883274155
2131,0.14514332934062218
2132,0.2131645321485695
2133,0.23865832507773677
2134,0.2047142213740662
2135,0.20397937167165453
2136,0.21842564734579561
2137,0.14302734230967123
2138,0.20136847454847817
2139,0.1817995784929622
2140,0.168939591797853
2141,0.2325465297023041
2142,0.1592209316849416
2143,0.197642699810805
2144,0.19937386826640496
2145,0.1767826983471344
2146,0.23314690285917217
2147,0.13630536109662938
2148,0.24802152226780455
2149,0.23505041339485416
2150,0.1803514754356601
2151,0.18907317354790992
2152,0.2071648953195389
2153,0.17832329339096853
2154,0.14110861955719461
2155,0.20855062845518552
2156,0.19657227100457858
2157,0.19375592263608904
2158,0.24698152766406206
2159,0.16286466054494564
2160,0.14757498944251907
2161,0.1357887653020805
2162,0.2199581460039623
2163,0.2589305997466543
2164,0.18330557662061803
2165,0.17786353591895648
2166,0.18968359239167842
2167,0.20633562341446543
2168,0.23350532683474445
2169,0.14006238360005646
2170,0.1730716748336794
2171,0.19682356331166234
2172,0.209078369785982
2173,0.19005523411800912
2174,0.18352786998831627
2175,0.2476177878022497
2176,0.20814158705914737
2177,0.23613551658029303
2178,0.2265399256917987
2179,0.19574213917320454
2180,0.2236294014769446
2181,0.1881928651150146
2182,0.2089777155482337
2183,0.15619294785641308
2184,0.2176854358985536
2185,0.2112857653638892
2186,0.1492439316547331
2187,0.15183828030497026
2188,0.15646440251678279
2189,0.20595631597071845
2190,0.20074954423192576
2191,0.21379890732094353
2192,0.24535349770754744
2193,0.2369566916113729
2194,0.15162226952885577
2195,0.18636952382149624
2196,0.1840295035447485
2197,0.15750802116760781
2198,0.23582726680657767
2199,0.242351409869418
2200,0.18892219639328472
2201,0.20517139521508138
2202,0.18404562886498466
2203,0.2041286972595684
2204,0.1999499804260922
2205,0.16265850822072986
2206,0.18909810927799592
2207,0.16150962002158742
2208,0.19290289932723997
2209,0.18933031879509293
2210,0.19250564688073002
2211,0.23810452413629518
2212,0.18828742546108473
2213,0.1661185754504636
2214,0.2611828233448555
2215,0.28652300956818794
2216,0.16158504308136906
2217,0.17118052348009044
2218,0.25349359053550674
2219,0.2289331617186559
2220,0.18827956951251823
2221,0.14135129639971705
2222,0.16814556850933282
2223,0.13144735373551092
2224,0.17294033834028333
2225,0.16484187575856085
2226,0.1837383093608434
2227,0.18850427039338985
2228,0.19413880201927636
2229,0.18868397094211276
2230,0.2614758746996625
2231,0.19878190042417032
2232,0.21298603236073188
2233,0.17208386078762328
2234,0.20520455578170976
2235,0.16608307944621808
2236,0.19183311470041886
2237,0.2046873797198177
2238,0.24861938574501874
2239,0.221227051890451
2240,0.21887788994282698
2241,0.1690041160022982
2242,0.2193621682689727
2243,0.15480906466143923
2244,0.14530413635249217
2245,0.17600487257748093
2246,0.20981405897165334
2247,0.17898926669062265
2248,0.23772215769476662
2249,0.14562675006628134
2250,0.20590384390448818
2251,0.20975022926941111
2252,0.14547609015047952
2253,0.14602662021153573
2254,0.19077476483433858
2255,0.21786323700314225
2256,0.16506150558242327
2257,0.19708235227879595
2258,0.22018248262493584
2259,0.1912906733302956
2260,0.15551453526014097
2261,0.1687259666119763
2262,0.19683577031082045
2263,0.2228810679462015
2264,0.2157603225030043
2265,0.17549477362639415
2266,0.2199460022234469
2267,0.18344976984054429
2268,0.19267082250424422
2269,0.1643909735605718
2270,0.18116925897972508
2271,0.19754743777232414
2272,0.24974447258710303
2273,0.21534621139493826
2274,0.20004856012551592
2275,0.22733224520818002
2276,0.15427201594722212
2277,0.15731039338257463
2278,0.17214008659445185
2279,0.22317357835271034
2280,0.2819694832183848
2281,0.1723110344166972
2282,0.18184306613231593
2283,0.18434490877174364
2284,0.26544404768595836
2285,0.19882230354651526
2286,0.20932843059125322
2287,0.234843266385465
2288,0.2438631604031593
2289,0.23385351858449976
2290,0.21067367829686606
2291,0.18441356680645993
2292,0.18040900460090442
2293,0.2511921696858275
2294,0.2548948488313452
2295,0.2675308108788806
2296,0.15825828760371274
2297,0.18848294802908028
2298,0.21076595030550688
2299,0.17953449815380323
2300,0.14046897213453308
2301,0.19774805760101716
2302,0.16596799504336945
2303,0.19077752131555975
2304,0.18350853536619238
2305,0.20618003021439796
2306,0.20720250895820908
2307,0.2146318277052212
2308,0.1846860106977774
2309,0.18797852237046125
2310,0.23273394725433721
2311,0.2429660365292297
2312,0.1840944445465037
2313,0.2695525900294468
2314,0.1818261554742992
2315,0.16230770038304387
2316,0.20895561987222439
2317,0.1513479831352279
2318,0.21322879530140743
2319,0.21737101144502208
2320,0.16042716679567975
2321,0.2300649181920375
2322,0.20180086753637666
2323,0.21308417202296243
2324,0.20233275910027998
2325,0.2330385617157839
2326,0.16595096608891424
2327,0.2394260624533931
2328,0.23400595725899914
2329,0.21358291478451202
2330,0.2320623960383697
2331,0.1764318462149651
2332,0.1899889902142557
2333,0.188004970531009
2334,0.19043114966272373
2335,0.19413341974999226
2336,0.17252297028049768
2337,0.22939282694667862
2338,0.16959452137048692
2339,0.2647635425800603
2340,0.19770144565276804
2341,0.18008335831471273
2342,0.2657008766847158
2343,0.2037832398810177
2344,0.17510851052304172
2345,0.26050715143304787
2346,0.2065681877625865
2347,0.16379841144064006
2348,0.17717358702324632
2349,0.13378430865431307
2350,0.19896382528705814
2351,0.21866501723797227
2352,0.19565442060391408
2353,0.19045420490929826
2354,0.21797366633352316
2355,0.18626972656710827
2356,0.21534388009243066
2357,0.24548403248056616
2358,0.19294342227078393
2359,0.3024840085473163
2360,0.15865681162672973
2361,0.31775877141740166
2362,0.2786687118235998
2363,0.2721301882838997
2364,0.24321304359783386
2365,0.1882943000934177
2366,0.20111266285996804
2367,0.180194215891876
2368,0.19738057602534487
2369,0.2794953805838554
2370,0.20995762527484813
2371,0.1497917460364448
2372,0.19459706259602433
2373,0.2099364618871714
2374,0.1665201457057573
2375,0.25124649075461136
2376,0.22401346451880982
2377,0.17930354286132272
2378,0.20104151918228141
2379,0.14817444333408852
2380,0.2745290011986487
2381,0.16325271422118143
2382,0.1474578947341803
2383,0.23386966152498323
2384,0.19456628858843122
2385,0.22850810349862244
2386,0.1943715013029229
2387,0.16478076218967158
2388,0.23845402797073179
2389,0.2027412957687454
2390,0.19190742222245266
2391,0.21005279966339901
2392,0.22134465712003887
2393,0.2016599382565783
2394,0.1989915819864026
2395,0.1943298379742871
2396,0.2972416367676202
2397,0.22770060727263947
2398,0.22259119781729414
2399,0.16264410948569846
2400,0.16196350307378643
2401,0.18315139100521988
2402,0.15991321074945725
2403,0.19617613048737242
2404,0.2574405838365635
2405,0.14388338148385454
2406,0.257201976231304
2407,0.2438278671897896
2408,0.17132250365856316
2409,0.23017610321032178
2410,0.21404182703301516
2411,0.25941964240697085
2412,0.22984237686000936
2413,0.2789122860694084
2414,0.1608512791735493
2415,0.25391463804583486
2416,0.2210263483877824
2417,0.2535451079966065
2418,0.17880476469292705
2419,0.22155590581498852
2420,0.24639478249840713
2421,0.22319660727965623
2422,0.2999988018828819
2423,0.14456274309286504
2424,0.18241314819966903
2425,0.15030007520657002
2426,0.19057049388510067
2427,0.1355807697609695
2428,0.17505702384847532
2429,0.19912341475944267
2430,0.2374395431553527
2431,0.18206886302526148
2432,0.22248943269501836
2433,0.2331868867058579
2434,0.1821957591558499
2435,0.17879427161431105
2436,0.22637044729023886
2437,0.2573647482034024
2438,0.1748303067613432
2439,0.17296009643710464
2440,0.189878686192042
2441,0.30147079156836576
2442,0.20620661912327715
2443,0.22050680786556554
2444,0.2077792824398505
2445,0.154644537790058
2446,0.1889525389638494
2447,0.20593993786129605
2448,0.25381483119751475
2449,0.20715668754238487
2450,0.24451103929160856
2451,0.28902083756843316
2452,0.23201703629151488
2453,0.24725560466944174
2454,0.19036481831085988
2455,0.16558996611337767
2456,0.22833659212840313
2457,0.1867979138414711
2458,0.18584439561483596
2459,0.15862427863020157
2460,0.1959405433489529
2461,0.205751737035424
2462,0.2353202465358582
2463,0.24656072985570765
2464,0.2747300464533205
2465,0.18817251285107278
2466,0.18756430336913293
2467,0.1802931656789047
2468,0.17879558728641654
2469,0.13791865323300412
2470,0.26209043632272006
2471,0.1883309943485763
2472,0.20162614213798796
2473,0.17662359972785363
2474,0.21378798270327937
2475,0.205395895305523
2476,0.21264779563827813
2477,0.2296088513017241
2478,0.18681130173244648
2479,0.1662648825508936
2480,0.21707474304219176
2481,0.25347802117124274
2482,0.1983817604431723
2483,0.22054809018381166
2484,0.22292415693864126
2485,0.23155556821581175
2486,0.1898061418480098
2487,0.199596088415966
2488,0.27390715651749337
2489,0.2389392558577897
2490,0.20559509154015715
2491,0.21402813976299906
2492,0.17096702551110393
2493,0.22457991554952267
2494,0.22884763714581846
2495,0.24063045791168536
2496,0.2137220811465526
2497,0.17580143896332207
2498,0.21301569281462734
2499,0.1829862241771233
2500,0.1617876801081647
2501,0.2068168222108983
2502,0.1896395711842475
2503,0.22149654729742668
2504,0.17741466518464938
2505,0.22128535881301536
2506,0.18657118927678812
2507,0.22435414468412807
2508,0.14785794780203315
2509,0.19654357421373014
2510,0.19916219044084077
2511,0.16061556226833795
2512,0.15134248334267214
2513,0.21521995746671135
2514,0.21745185622356755
2515,0.17220975044308845
2516,0.1841362740370373
2517,0.17023930728976294
2518,0.2722851785685472
2519,0.22636598403014363
2520,0.16025471805645614
2521,0.19651890744607653
2522,0.22173577310006426
2523,0.1725971634248638
2524,0.16349262546392623
2525,0.19298503993326338
2526,0.19035876554541192
2527,0.18632906705618674
2528,0.24125774433144825
2529,0.15615424933331118
2530,0.25187974403350954
2531,0.25104331053800577
2532,0.17386818315080915
2533,0.17794251828086088
2534,0.1626909722279795
2535,0.17853945541879895
2536,0.15720153177601398
2537,0.1687961675758412
2538,0.21972033752332176
2539,0.22971186146690586
2540,0.2231207928650667
2541,0.18919198662548176
2542,0.15954534212086974
2543,0.22190681509519677
2544,0.2552892177359792
2545,0.20528475701598342
2546,0.18363543193251236
2547,0.20349938098659842
2548,0.2447028139162824
2549,0.16879299290783462
2550,0.20408113381198584
2551,0.2282555671404008
2552,0.1520055734054931
2553,0.20647279007540276
2554,0.20354703569878063
2555,0.25283082578185395
2556,0.15241645461481323
2557,0.16136443245237975
2558,0.15459136952368785
2559,0.20600578823530274
2560,0.2875245036350464
2561,0.2267781387566214
2562,0.24921585019541675
2563,0.20201721567504516
2564,0.26611812769137544
2565,0.21641290546203568
2566,0.25366576291408605
2567,0.177620542521974
2568,0.18404661704071773
2569,0.2192632840867486
2570,0.21688176708604773
2571,0.23890636091057937
2572,0.1947148161567978
2573,0.15269758656652976
2574,0.15190534506520775
2575,0.15625046185448893
2576,0.222641436309634
2577,0.18741692476521704
2578,0.2650356114115113
2579,0.21264946054306516
2580,0.27167875124627827
2581,0.24644851410254398
2582,0.17331418319989583
2583,0.2131817965376971
2584,0.19721486834094443
2585,0.20899626305688251
2586,0.175681230201646
2587,0.18280524744237564
2588,0.2114242232913785
2589,0.21360873477256154
2590,0.24314750231486165
2591,0.1870765206854646
2592,0.1943704893797698
2593,0.23913278134177635
2594,0.30316932009548164
2595,0.19854788623401598
2596,0.20862560891823267
2597,0.22373175580114346
2598,0.1499488486162659
2599,0.21054626213887423
2600,0.19926616850901097
2601,0.2286550979751215
2602,0.18486626317216182
2603,0.24833094283963347
2604,0.24077723094652287
2605,0.24985963392075522
2606,0.26468642287766897
2607,0.2084930540367133
2608,0.1390306956718212
2609,0.25300178703013804
2610,0.2062197675654715
2611,0.23594994431802124
2612,0.1449146584371267
2613,0.20976778395364576
2614,0.20698204623030164
2615,0.2822639696412335
2616,0.1563712210960692
2617,0.1968545875314125
2618,0.19584167818389042
2619,0.19545713774825274
2620,0.24885045930411548
2621,0.14190337259878766
2622,0.1735405835488601
2623,0.26759173112318124
2624,0.22254167859374885
2625,0.17868608477004116
2626,0.16755116210823273
2627,0.17744156315684528
2628,0.20991675993369424
2629,0.20587701654056106
2630,0.15659831067942925
2631,0.18753891480056334
2632,0.18476404781672334
2633,0.17530433701638054
2634,0.29392116008507085
2635,0.18168052934559514
2636,0.2635238339142297
2637,0.15267876388728002
2638,0.19013396228806617
2639,0.21956619927155047
2640,0.21206214919108818
2641,0.22497757574810112
2642,0.14791898083568206
2643,0.20178701894482964
2644,0.22725477829349955
2645,0.22627597883402067
2646,0.24667312352354054
2647,0.17786139470309376
2648,0.2525943593193311
2649,0.1995478633637307
2650,0.27017332464265226
2651,0.16841573929868414
2652,0.20909896992874255
2653,0.21851342788095568
2654,0.23850982000602888
2655,0.22369830238458072
2656,0.23869792248113814
2657,0.253693933111273
2658,0.2172613359509848
2659,0.14100080512176794
2660,0.29694061269229693
2661,0.22844889659520712
2662,0.15427861300474227
2663,0.21274295567985446
2664,0.17140153415439469
2665,0.2096748354440195
2666,0.15804954946022515
2667,0.17055772395092933
2668,0.19499914042755956
2669,0.17574743680665467
2670,0.20079369520710982
2671,0.21067670688004864
2672,0.20925845261623738
2673,0.18542822507404016
2674,0.2027003320945192
2675,0.22343248178877168
2676,0.18247625410138907
2677,0.23018237549957382
2678,0.18627530025973488
2679,0.15585588031440556
2680,0.21304398393767826
2681,0.18472465188742643
2682,0.2782766201199906
2683,0.22826837880341116
2684,0.17686961008943697
2685,0.19919243163483102
2686,0.16681811638971195
2687,0.20416834905202141
2688,0.19448019987491477
2689,0.1894269776108189
2690,0.2070333940731287
2691,0.15945256205172936
2692,0.16376395997944215
2693,0.24934726317127465
2694,0.2384605005752009
2695,0.24198927391309782
2696,0.21725686069648892
2697,0.21582959755189252
2698,0.19141123925669545
2699,0.2732820378306792
2700,0.19898130944221853
2701,0.22453070571676081
2702,0.221550051202841
2703,0.18719925086108224
2704,0.17504581517554668
2705,0.18509262603353832
2706,0.2144400846348668
2707,0.17606036296091887
2708,0.12143429084859275
2709,0.20022910594235366
2710,0.18460506738179572
2711,0.1974883643150141
2712,0.21335081998186906
2713,0.23834457422035976
2714,0.2032664648417843
2715,0.2623085039748094
2716,0.24895776809676912
2717,0.1711992456255434
2718,0.20751965961265045
2719,0.21506799645886776
2720,0.2602837714421054
2721,0.18426422524791075
2722,0.2392037694070529
2723,0.22443710709640252
2724,0.21928163188443567
2725,0.21796307260671133
2726,0.23898851496386203
2727,0.1971544127800519
2728,0.23243755145908757
2729,0.2567668317485537
2730,0.20925818469323382
2731,0.1846636405050876
2732,0.24143733300582637
2733,0.2164247647209857
2734,0.23570706832742433
2735,0.25009892477817297
2736,0.2048429707328921
2737,0.1876929574381278
2738,0.2088488116565162
2739,0.1719752726732276
2740,0.1803032169393622
2741,0.2433743666828217
2742,0.2480920906557184
2743,0.15376957879041192
2744,0.17351257514914042
2745,0.22477911599358952
2746,0.1367029182564511
2747,0.23588203926379553
2748,0.1969985798076212
2749,0.18669225566219894
2750,0.19923534554551287
2751,0.29863391907551434
2752,0.2115716008232454
2753,0.30326827140766943
2754,0.19361563573649926
2755,0.2646192070342445
2756,0.2541599110157303
2757,0.23538590396181908
2758,0.20273120347775442
2759,0.2008366149201259
2760,0.19910481523280887
2761,0.21777988199973908
2762,0.23656014369461864
2763,0.22162700222025716
2764,0.21420215727156322
2765,0.18577983179996926
2766,0.23928768423492536
2767,0.19364524279260908
2768,0.17772111678447872
2769,0.22459462386789703
2770,0.1760541233697694
2771,0.18259356185278436
2772,0.1985782740108633
2773,0.2503220546841574
2774,0.19778758051469342
2775,0.28022231264365155
2776,0.2350798577761153
2777,0.19319919169931532
2778,0.20695452830218447
2779,0.2057743591902073
2780,0.24011146839429054
2781,0.2335285774017098
2782,0.16733961917795592
2783,0.2366914472124137
2784,0.16487566044943386
2785,0.17334708839343077
2786,0.17494389657579112
2787,0.22484884221406592
2788,0.21114627391112373
2789,0.15953491487545196
2790,0.2004490789516185
2791,0.17243475280232307
2792,0.17745088590234837
2793,0.1545871715171327
2794,0.22939493700721492
2795,0.14129888999624096
2796,0.19087603076308934
2797,0.2580245542405309
2798,0.2464563480473314
2799,0.1730469907908943
2800,0.23814870589446224
2801,0.2503312535086468
2802,0.15953834556825902
2803,0.25748471384561716
2804,0.19809105793785392
2805,0.20491386971698972
2806,0.23192495724913365
2807,0.22520981907850463
2808,0.1728625049288744
2809,0.1854957915800391
2810,0.18304559418487693
2811,0.19993249157861676
2812,0.21794851224597728
2813,0.19608431513576668
2814,0.22295635214577164
2815,0.17265569104875927
2816,0.24675238671944527
2817,0.2421119614731539
2818,0.21433461253716085
2819,0.14730864195684507
2820,0.2369099605999757
2821,0.2136842806876093
2822,0.2009810803411587
2823,0.20109381227593576
2824,0.2654772011584377
2825,0.18262360630626356
2826,0.1769925442996093
2827,0.1655243611275925
2828,0.20143866856110687
2829,0.18698698414722154
2830,0.18887462955192552
2831,0.17885028536361902
2832,0.1855245577484098
2833,0.2638004899009018
2834,0.24117792453208792
2835,0.1494721195923971
2836,0.22816827655425304
2837,0.14727676303661869
2838,0.20311758910280037
2839,0.17660530781971412
2840,0.17898148311810524
2841,0.17463326179131206
2842,0.13235128572269506
2843,0.21452633354537737
2844,0.19898116289322937
2845,0.20055473659232564
2846,0.21513170775120943
2847,0.20857472588349119
2848,0.19148855755727828
2849,0.2100462672673194
2850,0.2205134531274992
2851,0.18748218223387247
2852,0.26292646839859435
2853,0.2411687243273854
2854,0.29770556210354227
2855,0.27249773656033904
2856,0.19179572575875226
2857,0.24847997366729568
2858,0.20709186602107238
2859,0.2485861796452104
2860,0.21113554697430065
2861,0.2320184825099691
2862,0.2575557068022124
2863,0.18356742580968793
2864,0.19074409313092805
2865,0.17938904853950377
2866,0.2217852288117646
2867,0.22043390257204581
2868,0.20444046657046028
2869,0.3003073536438673
2870,0.13810721414660038
2871,0.1845946753019917
2872,0.17708882604008508
2873,0.30089604029829214
2874,0.23352207286821375
2875,0.29238033354366005
2876,0.29689898772218487
2877,0.17910103307550856
2878,0.2828090810712898
2879,0.20777422005712115
2880,0.17083086057250063
2881,0.22096143030664578
2882,0.1566535602035523
2883,0.21154064078848173
2884,0.20987520563577217
2885,0.16982978067608512
2886,0.1789929655147518
2887,0.18037735697370733
2888,0.20699988308242073
2889,0.20915883604996588
2890,0.1920421682141712
2891,0.1816613255945344
2892,0.23634676375812452
2893,0.17707116254181815
2894,0.17006240597256733
2895,0.1521599814847881
2896,0.19983522748675397
2897,0.24265077643839528
2898,0.18024379225968168
2899,0.24880062446359819
2900,0.20084889996394267
2901,0.23285777449461048
2902,0.24984182398286375
2903,0.21231537721463162
2904,0.221852543011884
2905,0.18960911277808862
2906,0.17063700810719395
2907,0.27176948422425834
2908,0.22638993618044334
2909,0.20955052929855317
2910,0.15234547175999452
2911,0.18390661207192655
2912,0.1947440930736673
2913,0.1907778018034227
2914,0.2152889144868132
2915,0.19917536280119824
2916,0.21589035193147083
2917,0.19137236166184396
2918,0.2486269539180065
2919,0.27013852692437673
2920,0.1535437489689469
2921,0.15200743892524932
2922,0.2824748840864291
2923,0.1652600204762379
2924,0.18854779780784325
2925,0.24498206714308968
2926,0.19662302866185238
2927,0.2222118081766295
2928,0.2569805474908187
2929,0.23578194473858455
2930,0.21772966776630243
2931,0.21865970954245284
2932,0.18283041496325353
2933,0.2621259205514615
2934,0.19563560615937908
2935,0.15933985186302163
2936,0.18180050623154392
2937,0.1846868495169462
2938,0.23670165678852917
2939,0.2727580890481418
2940,0.22928260537185197
2941,0.19270897177060825
2942,0.1650597193190872
2943,0.24988878640183432
2944,0.21523646783414413
2945,0.17544431057063042
2946,0.22529261719867988
2947,0.20233066110172943
2948,0.19464849969807002
2949,0.29143737487701793
2950,0.1777988589951533
2951,0.2708240051517545
2952,0.18440781809719414
2953,0.20040936956091177
2954,0.2437704138641159
2955,0.25713722804107425
2956,0.18091039833857753
2957,0.19502449480685335
2958,0.2054159767353027
2959,0.16427882890106532
2960,0.2812241614202223
2961,0.25180574231882463
2962,0.24716803603180149
2963,0.1670064824876269
2964,0.17776296132994995
2965,0.14624561347394754
2966,0.20676599481982177
2967,0.1918941414208078
2968,0.21011100753938827
2969,0.1580313555527061
2970,0.18194779227511415
2971,0.14894946238681706
2972,0.21075620422661429
2973,0.27540474145179744
2974,0.19597747102985763
2975,0.21345118218387665
2976,0.25304480116663824
2977,0.1866930604016786
2978,0.23261478599773927
2979,0.25940151310973364
2980,0.20083419323836177
2981,0.25757656595474043
2982,0.19413141565343955
2983,0.24465841062137383
2984,0.22916230975600943
2985,0.22429043823270234
2986,0.1968800182565677
2987,0.2322628427754037
2988,0.2465421570346329
2989,0.20706824737822183
2990,0.22523003187558815
2991,0.2482520361318618
2992,0.24978408127315566
2993,0.22376008158623556
2994,0.16803049994090735
2995,0.21840380958824163
2996,0.20134075743585295
2997,0.16485448447995082
2998,0.17356206007218195
2999,0.2376527973244596
3000,0.2753252638430724
3001,0.2250742638325703
3002,0.16823714994992428
3003,0.27900021300084454
3004,0.2002726812011667
3005,0.2607212694640059
3006,0.20647302364266884
3007,0.1767179598632534
3008,0.19964791546531968
3009,0.28873524843014065
3010,0.1942662739354707
3011,0.14779026062228307
3012,0.21603960443250764
3013,0.1916942493905896
3014,0.20885733550569324
3015,0.17061147581010677
3016,0.19201272212906773
3017,0.2695921958307821
3018,0.2430123480950498
3019,0.19876528312464375
3020,0.14511860570678542
3021,0.16837039642017765
3022,0.23935572399980887
3023,0.13831874007503403
3024,0.20046753807127932
3025,0.16489951529060393
3026,0.1866745173529551
3027,0.2284541688839044
3028,0.2776072264382631
3029,0.2759523832089968
3030,0.17492632394103141
3031,0.17922117647437558
3032,0.2537724498648108
3033,0.13531375472753343
3034,0.1843926698750426
3035,0.22859274662042345
3036,0.21060106473988421
3037,0.13401036344046258
3038,0.15507614025956962
3039,0.24696978370906492
3040,0.24767341713494873
3041,0.21292772253299092
3042,0.13941829671678346
3043,0.251894842925607
3044,0.16971560827233922
3045,0.15424804269369685
3046,0.1772649618384743
3047,0.1771411507380301
3048,0.20561264072659063
3049,0.23933518733186804
3050,0.16797929505904058
3051,0.11923737128737982
3052,0.2635164930919767
3053,0.22194260971707352
3054,0.1714061088535121
3055,0.17942359544922587
3056,0.24442577973623464
3057,0.24349954311918676
3058,0.2090641911674775
3059,0.20828619222776312
3060,0.25865034806443
3061,0.17881875152078924
3062,0.17436966191362113
3063,0.3142703446541788
3064,0.182847941408466
3065,0.2164795666234371
3066,0.24634210996192307
3067,0.21626954812467497
3068,0.1883149889560624
3069,0.26542120529040597
3070,0.22063261048001875
3071,0.19745961180806998
3072,0.23968869801163784
3073,0.2363553103873251
3074,0.2473672004223239
3075,0.20000963264786364
3076,0.22332134864345937
3077,0.3200536002790773
3078,0.16177943855799165
3079,0.20243051734419965
3080,0.20390200500119654
3081,0.22658187386817802
3082,0.23444661363044245
3083,0.22429562975224904
3084,0.2168163878254707
3085,0.19626181069677312
3086,0.22841286449598408
3087,0.18279672365468763
3088,0.18087437291041636
3089,0.18736673253817943
3090,0.20272601713546534
3091,0.15765117473677853
3092,0.20032922532167446
3093,0.29758599697367244
3094,0.17379175237678485
3095,0.21609356446774003
3096,0.16184015036572724
3097,0.2581880847826549
3098,0.1739423770306074
3099,0.17909756722901443
3100,0.19426338935525445
3101,0.23291349926296528
3102,0.25293111381000793
3103,0.1967964686631964
3104,0.1900995140857059
3105,0.23431139388243272
3106,0.17262648563644373
3107,0.22843025068126027
3108,0.196746160607237
3109,0.14918034378960898
3110,0.27857081521999894
3111,0.18627533134551338
3112,0.22000011823163407
3113,0.1670842392936121
3114,0.22813524247443623
3115,0.17834027531978985
3116,0.18406040194020035
3117,0.17255005821807762
3118,0.21026690762699007
3119,0.1705283474659548
3120,0.1603626760302308
3121,0.23146150121750214
3122,0.21600999559981415
3123,0.21293254442644388
3124,0.17829612586852922
3125,0.18472889397090336
3126,0.19856957320040053
3127,0.21090974873526058
3128,0.21717928629229016
3129,0.19348332839971583
3130,0.2305857985542601
3131,0.2161292296732099
3132,0.17167436564083655
3133,0.22464682730804125
3134,0.23106640414696145
3135,0.22371322868442683
3136,0.22670856144506352
3137,0.231618526096877
3138,0.1666730780431166
3139,0.26957150912675754
3140,0.18066181729452951
3141,0.24155729035771462
3142,0.17687150973924792
3143,0.24392047064964045
3144,0.22694315521016872
3145,0.2429842501848007
3146,0.16253396908514722
3147,0.19759701431777094
3148,0.15354707300119896
3149,0.15528724886715445
3150,0.22089356375592856
3151,0.252527279768097
3152,0.33888594288039636
3153,0.13307315266316622
3154,0.19088768990013227
3155,0.2598308759606169
3156,0.3028786407222539
3157,0.2228292541830062
3158,0.15284696052721963
3159,0.2247501932118604
3160,0.18861977781149936
3161,0.1859036142118204
3162,0.22079026648541905
3163,0.20413691604168788
3164,0.21548506602888745
3165,0.19956581397765666
3166,0.22653984081578865
3167,0.2625942207447434
3168,0.19200676720380233
3169,0.17511320793333318
3170,0.27815543158501216
3171,0.18563868203838768
3172,0.2774095084044957
3173,0.21138057871953936
3174,0.17949768306114422
3175,0.24222295598074467
3176,0.16954912020374951
3177,0.265981885389775
3178,0.17655405652690265
3179,0.14185845718463597
3180,0.20030814227983312
3181,0.20433805998652438
3182,0.2143697467384103
3183,0.20564143685924557
3184,0.2097557909994498
3185,0.1871771803689225
3186,0.18844326858278682
3187,0.2061074992378668
3188,0.21967129815136638
3189,0.19550514942178449
3190,0.17647058231595275
3191,0.16545670935309098
3192,0.21201662405203925
3193,0.21462088727966427
3194,0.18191168149736742
3195,0.2140224095062196
3196,0.24277647640370797
3197,0.2482855109306295
3198,0.14858201555781386
3199,0.1868349755646555
3200,0.20549178204669266
3201,0.23066480640124726
3202,0.27926056043732567
3203,0.19820427459597711
3204,0.2378924369548479
3205,0.20448675750695972
3206,0.24923499789936826
3207,0.17087211992112578
3208,0.168471561564369
3209,0.1893178852844722
3210,0.17369942449449838
3211,0.20485468735141626
3212,0.25089889828935114
3213,0.20641134979300874
3214,0.23571257727850353
3215,0.17549448824853398
3216,0.16639210193441373
3217,0.20978909278929908
3218,0.15847611416931867
3219,0.2848042583412134
3220,0.20614739158584888
3221,0.2007697335644209
3222,0.21154849390647507
3223,0.18079044301113867
3224,0.19756027417130306
3225,0.18768281574230739
3226,0.19446064281066544
3227,0.15983545543221522
3228,0.21913497550665245
3229,0.22038429512310248
3230,0.17572326933378452
3231,0.18493936651963372
3232,0.17572699326335445
3233,0.26693375082667586
3234,0.16888759642406032
3235,0.25974366813707495
3236,0.1593451043650312
3237,0.14106275461400708
3238,0.17426071308146263
3239,0.2119956329365748
3240,0.19077774218005655
3241,0.1568833271787407
3242,0.22442610641028166
3243,0.1908641752232701
3244,0.30647095830575405
3245,0.20867927501752703
3246,0.22781510068825228
3247,0.27309329919271536
3248,0.2818979715164764
3249,0.14640609229264212
3250,0.19686153499705827
3251,0.12875320444273564
3252,0.24808523666607252
3253,0.17242471926494524
3254,0.25964638421222686
3255,0.18900686085664492
3256,0.19999441106471277
3257,0.1843342925034483
3258,0.16679257764376682
3259,0.23825088836452668
3260,0.2565218496309672
3261,0.25141074458912066
3262,0.27153996967953214
3263,0.23651809142785685
3264,0.21278463789291985
3265,0.19955589027005421
3266,0.21554213915083398
3267,0.2445619413727686
3268,0.20410281456105056
3269,0.2676827643893126
3270,0.2143407821933408
3271,0.17917951546182292
3272,0.17005075550920423
3273,0.1902725714032124
3274,0.22301475065692317
3275,0.1990872081953884
3276,0.22533266770954835
3277,0.26141456499281973
3278,0.22022111026120839
3279,0.21233195639857383
3280,0.21384049921909853
3281,0.18183170775305119
3282,0.18466463941094785
3283,0.23741581919191773
3284,0.14094409552473303
3285,0.204303752309266
3286,0.19101889892968188
3287,0.19416864271114959
3288,0.1906960457222836
3289,0.2099960734367609
3290,0.23385052213022278
3291,0.1882607380539169
3292,0.21465493011255343
3293,0.14739470069753807
3294,0.214870405461485
3295,0.23330431707548588
3296,0.1752915395942411
3297,0.27878728093950095
3298,0.19360711750515963
3299,0.24667927731776912
3300,0.15677674012763032
3301,0.1853923908898215
3302,0.1528842251849259
3303,0.24870148878856208
3304,0.2110994119162189
3305,0.14604768958940878
3306,0.18548247139618684
3307,0.18294286238680696
3308,0.22508736515062916
3309,0.21628341263784046
3310,0.20807690010843244
3311,0.179632122579444
3312,0.18418358724756168
3313,0.2232914203224035
3314,0.2237984602989932
3315,0.21335092266245087
3316,0.23578109637537403
3317,0.2041163154072807
3318,0.2528488671184116
3319,0.19246701928952403
3320,0.2624145920903433
3321,0.25240951772329157
3322,0.15037620902787818
3323,0.17773494305248694
3324,0.26751991746595943
3325,0.1934349350935955
3326,0.2838577085026817
3327,0.16516662874348703
3328,0.17335253323927585
3329,0.2156048922371397
3330,0.20410709452118952
3331,0.20909128898968693
3332,0.18233495503573355
3333,0.18726027489941666
3334,0.1749678322969665
3335,0.20926995225466255
3336,0.22873782232769507
3337,0.2267401642127463
3338,0.20018336343054927
3339,0.1866484534279576
3340,0.27763931375437945
3341,0.20241732050267508
3342,0.23576758992597868
3343,0.2684707389611169
3344,0.16479627057662244
3345,0.2044755394259405
3346,0.18313264222303044
3347,0.13483492167255734
3348,0.2337774482720209
3349,0.1951797148102496
3350,0.2646664096667923
3351,0.18878447960588035
3352,0.21065846181069064
3353,0.24402413058982036
3354,0.19316996530022618
3355,0.25728143375603024
3356,0.20019580640421614
3357,0.1721027918980444
3358,0.23584981880965855
3359,0.2508800869465684
3360,0.23155321170958232
3361,0.2042776829360632
3362,0.25352540434077214
3363,0.19253823760389666
3364,0.25396902097127877
3365,0.25810091410042746
3366,0.1975580918778203
3367,0.17437832226505173
3368,0.17238765995817285
3369,0.2374693186188555
3370,0.21299730361775732
3371,0.20700315683962273
3372,0.1814976898752868
3373,0.22056436893019832
3374,0.2591696113567558
3375,0.2031288820101766
3376,0.24376887324672286
3377,0.19405884734209
3378,0.23775204452038035
3379,0.22232802427016046
3380,0.22171296475799246
3381,0.17949878985518963
3382,0.182640430342567
3383,0.1661939294920945
3384,0.23726289808417927
3385,0.1891872190689184
3386,0.22235841839618314
3387,0.22308562200326448
3388,0.17888010012161498
3389,0.20120473997393112
3390,0.1820856177566781
3391,0.20978261203095333
3392,0.18066071646086668
3393,0.2642403401373091
3394,0.21688593975153098
3395,0.19566857520119807
3396,0.19007062736572328
3397,0.15903802293135266
3398,0.2546494796956235
3399,0.20372115299755594
3400,0.19972781909243859
3401,0.23083702926820077
3402,0.15476960209630236
3403,0.20237517375925812
3404,0.22090850563984443
3405,0.19596938905943168
3406,0.2441094606144944
3407,0.14998030306978943
3408,0.22790648272186098
3409,0.22861301490004465
3410,0.20115436600809994
3411,0.2485701168817776
3412,0.25075170864052876
3413,0.1477588385344848
3414,0.24300884165531839
3415,0.25561313410234954
3416,0.19063360670863572
3417,0.2540359667605449
3418,0.20556707733461999
3419,0.23703107351706892
3420,0.22908656744767536
3421,0.2666696331311735
3422,0.16499203851687966
3423,0.2201116156759907
3424,0.20363499758867493
3425,0.14886271649524818
3426,0.24691335434298511
3427,0.17992429147168493
3428,0.18496867536349215
3429,0.1738453087915362
3430,0.1630476768919466
3431,0.2769499814660778
3432,0.23802782030879194
3433,0.18607076484029822
3434,0.20356417632243773
3435,0.21842470840790135
3436,0.21087589016226432
3437,0.20339318633623327
3438,0.2454722091810821
3439,0.17361356166663028
3440,0.16107875052693782
3441,0.22865236136577505
3442,0.2171950467838818
3443,0.21403387900907245
3444,0.1670093013143507
3445,0.24503056045907295
3446,0.2697637082803605
3447,0.19380926360409018
3448,0.23880804521089843
3449,0.25156369791023186
3450,0.21605443306481636
3451,0.1984892794073198
3452,0.23985580644785148
3453,0.24434361531409182
3454,0.17673114546012597
3455,0.19894128558387902
3456,0.3134229400892012
3457,0.1899854838204726
3458,0.17538839327179728
3459,0.2784668243207293
3460,0.30614436045101934
3461,0.21303180173933017
3462,0.19261069929660374
3463,0.21927366498047507
3464,0.15022053253408946
3465,0.2572516748922407
3466,0.2148418245294163
3467,0.19118554171480012
3468,0.17742386479841182
3469,0.1730072206514962
3470,0.2159141476815516
3471,0.2464685604595827
3472,0.17052357143329439
3473,0.25942169484752503
3474,0.2334742731974439
3475,0.2191774810721997
3476,0.1852080296756377
3477,0.23100512711799542
3478,0.20043572918367497
3479,0.2415681753577309
3480,0.195672440256008
3481,0.14936716359489027
3482,0.1978116910824253
3483,0.22929205574781397
3484,0.18638067599523533
3485,0.2578387067427012
3486,0.23235220221418762
3487,0.2071984918840058
3488,0.1851373663569097
3489,0.19814337149713696
3490,0.18049812351151023
3491,0.24848434646395573
3492,0.1964843457709925
3493,0.26688459101943435
3494,0.19119036179573073
3495,0.2539715614828915
3496,0.23814754546550143
3497,0.22512819685028568
3498,0.1637884002575416
3499,0.14155977649545576
3500,0.16525710672562627
3501,0.18114133412269795
3502,0.1991576099197958
3503,0.22168419914711313
3504,0.1914689531848645
3505,0.16055941384319822
3506,0.27821689165040897
3507,0.21387849759887634
3508,0.20274690168439308
3509,0.20405700458216536
3510,0.25135522893067713
3511,0.20696298353352488
3512,0.23792124255360048
3513,0.22041557492442815
3514,0.20222650048802032
3515,0.21551992314814877
3516,0.19085309236126552
3517,0.17823260722771594
3518,0.22273182125431212
3519,0.17182863239955637
3520,0.19858397672619033
3521,0.1951432351748612
3522,0.2327545150917939
3523,0.22623920444353884
3524,0.22294427109324838
3525,0.22482531962447522
3526,0.2357320262333546
3527,0.2104359963251437
3528,0.3126575007693144
3529,0.20104976534801128
3530,0.17991955487725397
3531,0.30032324785893255
3532,0.17733582563254097
3533,0.21612463878543248
3534,0.19385083387962876
3535,0.23066776650298182
3536,0.17914129757182312
3537,0.2458026192825134
3538,0.18538124719408794
3539,0.16790281468582452
3540,0.23413564942673715
3541,0.2443060959496055
3542,0.26956173139919526
3543,0.20139453920361522
3544,0.25307813731213963
3545,0.16650720614897918
3546,0.1956082782716479
3547,0.24086674428572474
3548,0.19812472854877006
3549,0.15899887610675084
3550,0.21859265582039467
3551,0.15544618081579697
3552,0.19531400948422611
3553,0.2227576258799317
3554,0.2107102667206005
3555,0.24084494760880198
3556,0.17115719051940914
3557,0.20809670146647302
3558,0.16456334436451425
3559,0.21000331012132728
3560,0.18618579010358915
3561,0.24246058257366615
3562,0.2731897254825911
3563,0.22023745504116482
3564,0.14723531529550166
3565,0.21441726534646816
3566,0.23913376361173272
3567,0.27383346335353864
3568,0.2278076441520292
3569,0.24963872416824323
3570,0.20565802209350081
3571,0.280926493669452
3572,0.22244567106648738
3573,0.21590616243332633
3574,0.16910133885619516
3575,0.238904475036533
3576,0.1878354741118427
3577,0.17628715859509886
3578,0.3252146475964458
3579,0.2253115802117044
3580,0.20980193010861442
3581,0.17720400331363306
3582,0.21200383185738642
3583,0.2080829928910411
3584,0.1598757734219471
3585,0.20824810707924107
3586,0.19508997093996117
3587,0.18688533375570138
3588,0.16656471119395094
3589,0.19577097609003252
3590,0.223060335208833
3591,0.21029666016279264
3592,0.18528116510157017
3593,0.2611696620786903
3594,0.21253632861160304
3595,0.15812061028220986
3596,0.23401757145937613
3597,0.20136629336567158
3598,0.19174540069917445
3599,0.20867385174082237
3600,0.14111076378979442
3601,0.23262926337753925
3602,0.2030410837016326
3603,0.21630072930685168
3604,0.21048454048353887
3605,0.14858513747592467
3606,0.23865508237607574
3607,0.2024040400764247
3608,0.15899104750354687
3609,0.25695275759676584
3610,0.2304813634149268
3611,0.14964280212402675
3612,0.19770304163219649
3613,0.18663987197633886
3614,0.30147071930096836
3615,0.166288726803216
3616,0.23302972343493328
3617,0.19728921112781972
3618,0.2312334669150971
3619,0.21645469163193148
3620,0.14937199123688755
3621,0.20244282606933045
3622,0.25061575567571254
3623,0.27112131281119806
3624,0.24143425449827316
3625,0.25135976530286713
3626,0.1575332196346912
3627,0.14057273399245107
3628,0.22924831226571724
3629,0.18458056915508975
3630,0.13068914320638692
3631,0.14442565734279178
3632,0.18226652310090652
3633,0.18321811444202268
3634,0.14172766084041577
3635,0.1652378584661039
3636,0.20803844420414935
3637,0.22134766041593573
3638,0.2031772588431751
3639,0.2225291582628685
3640,0.16518223212674366
3641,0.18635445355542973
3642,0.25332985990923296
3643,0.21054632865853457
3644,0.2149515728979869
3645,0.20272633319346112
3646,0.1818168909374855
3647,0.20316591884156215
3648,0.20165860007522562
3649,0.18954124014108548
3650,0.2245885057545507
3651,0.15482112991404978
3652,0.2673027414480757
3653,0.16928713901995396
3654,0.21003409912391596
3655,0.23345704077595703
3656,0.16400052396157927
3657,0.23264695851811773
3658,0.1598859437315336
3659,0.18656748143486585
3660,0.18807101840740797
3661,0.20341878797713753
3662,0.22451756213530144
3663,0.1815398807620719
3664,0.2136627935032715
3665,0.18560425539734954
3666,0.21734852200971438
3667,0.17143462682561822
3668,0.1993273932214928
3669,0.2346608022265902
3670,0.255079547043361
3671,0.18568612732388468
3672,0.15355692887830724
3673,0.24981586561337216
3674,0.2006137333857202
3675,0.2400590906443642
3676,0.14758670077465502
3677,0.20506771451012523
3678,0.24206702828613358
3679,0.1611853995645331
3680,0.14321029662312595
3681,0.19819850910285403
3682,0.189830308778074
3683,0.14692311364005411
3684,0.19804525166963316
3685,0.2116785335607329
3686,0.17268299513653823
3687,0.22458856192897858
3688,0.2120351791388459
3689,0.1851260896809857
3690,0.1526125538430808
3691,0.19321872400465873
3692,0.2202709034030838
3693,0.23654180624435517
3694,0.21529940573736905
3695,0.23917170113470126
3696,0.23037843584783907
3697,0.2478960719092938
3698,0.17571482715465497
3699,0.2092042576969157
3700,0.23893728621746618
3701,0.2087686068593781
3702,0.1789579305924221
3703,0.20286503183388532
3704,0.19115768712378617
3705,0.22465550820171504
3706,0.19002709251964406
3707,0.20314113802347428
3708,0.2818193367881048
3709,0.21944838783924564
3710,0.2068165387790067
3711,0.20066604240897096
3712,0.19636787193938982
3713,0.19245182907892877
3714,0.17258397398099906
3715,0.23661886267782606
3716,0.23400011321349629
3717,0.24947215937327843
3718,0.2610512131660171
3719,0.17503389983412343
3720,0.2770722813506256
3721,0.217704082618069
3722,0.15347552003652615
3723,0.2580084500474807
3724,0.26125319012911263
3725,0.21362320125761286
3726,0.18248688016223924
3727,0.17948309905167042
3728,0.2599455027283933
3729,0.26893651803068047
3730,0.2032862028614163
3731,0.24431690928603383
3732,0.1669434908920568
3733,0.17870482528979154
3734,0.21300605080144958
3735,0.22164980828134817
3736,0.2480808438301178
3737,0.24317028282865671
3738,0.162741308228966
3739,0.1921650722675307
3740,0.19194654201889705
3741,0.24856113391415408
3742,0.2067356328670738
3743,0.2452655873417579
3744,0.15343876802141776
3745,0.202736357787537
3746,0.29124561120663117
3747,0.2037989864023652
3748,0.22139542652779054
3749,0.21295014651486105
3750,0.1756634892928422
3751,0.21075733723232554
3752,0.2531399249602643
3753,0.17653405121447868
3754,0.22761122058099315
3755,0.24124784895659562
3756,0.19001739070942741
3757,0.15800410885612765
3758,0.16527831638876467
3759,0.24626204583832584
3760,0.20746739707556577
3761,0.21032449991862928
3762,0.17684829816183706
3763,0.3056902858783463
3764,0.22261016894530689
3765,0.15834616344013902
3766,0.21150059949746308
3767,0.23429524157229292
3768,0.21005248099009105
3769,0.19884750612637525
3770,0.18423352909425333
3771,0.20888506981980293
3772,0.22009185897315536
3773,0.1442593283117503
3774,0.20607478264078632
3775,0.20788308023733093
3776,0.24347935659705228
3777,0.1791261990687925
3778,0.19071085400284393
3779,0.23543864888999794
3780,0.1988874118195575
3781,0.21291149771187606
3782,0.14688949780218424
3783,0.18594087167914336
3784,0.1842879078082954
3785,0.23066917859242603
3786,0.2345309837913062
3787,0.18193388856449771
3788,0.24377557154191326
3789,0.2597840249772881
3790,0.22757399851501664
3791,0.20560580252638955
3792,0.24231856933196466
3793,0.1867229514369942
3794,0.22903850221878147
3795,0.19073449449358665
3796,0.1815027171530928
3797,0.17315968976279633
3798,0.18029939204400597
3799,0.22863133572256006
3800,0.1845670608976268
3801,0.20322325756877302
3802,0.2074580595229173
3803,0.18181179399570735
3804,0.1857170958380866
3805,0.2136123098151806
3806,0.19165589912908992
3807,0.20805326282921316
3808,0.21093752228030388
3809,0.19297086390466167
3810,0.14199128355932306
3811,0.2547377721650816
3812,0.1784631470203411
3813,0.20619457163685312
3814,0.18217080930041613
3815,0.15120440530806362
3816,0.14417340274501156
3817,0.2193802442550873
3818,0.2012451836392563
3819,0.21738149132038326
3820,0.15694125725972669
3821,0.14966054625141706
3822,0.3115090842836092
3823,0.20573949661212787
3824,0.26856634063147294
3825,0.13863295045992058
3826,0.22573244214134608
3827,0.22106518294232702
3828,0.2314791921418854
3829,0.17460775789581096
3830,0.16702524331740992
3831,0.186090235576298
3832,0.13386038319694976
3833,0.26618289634480036
3834,0.18629151072061412
3835,0.19988804588436565
3836,0.2424627995725911
3837,0.18867327378682874
3838,0.1477506432704977
3839,0.23151257195347774
3840,0.18315897547990645
3841,0.2589602246711931
3842,0.20198174681900133
3843,0.19788523936708524
3844,0.2224772828511089
3845,0.2439290455864721
3846,0.19457925331798415
3847,0.18684892198375747
3848,0.17753788394175996
3849,0.22217714042547881
3850,0.21297520901282446
3851,0.21399315541425923
3852,0.2011153788649715
3853,0.1966760369318576
3854,0.26671567170229865
3855,0.2543435687332913
3856,0.1861323123318646
3857,0.1893907529053122
3858,0.2245532835499517
3859,0.23448763095354935
3860,0.24017166429195452
3861,0.28860551646111476
3862,0.19721475126256988
3863,0.15849489880795897
3864,0.1736573664492081
3865,0.20233062678119945
3866,0.19115159633126588
3867,0.19815612103567098
3868,0.17535652423234782
3869,0.18352151886024226
3870,0.161538898540038
3871,0.22790669143182768
3872,0.15679522140618823
3873,0.27132635768329527
3874,0.2148100711910389
3875,0.27998774326565823
3876,0.2131424949056963
3877,0.21023767535247923
3878,0.15929844047542302
3879,0.19491138265097913
3880,0.15270104083070296
3881,0.23754545090420143
3882,0.25342140880664826
3883,0.22781281300276335
3884,0.20513509087847154
3885,0.1759178711711688
3886,0.1958108902770102
3887,0.2723903680550936
3888,0.20488131448297126
3889,0.2065502898003641
3890,0.21395829089034435
3891,0.18939356358292397
3892,0.1927963757128014
3893,0.20566446483740802
3894,0.27575353800085667
3895,0.21642414352776695
3896,0.24844207657216988
3897,0.1862930893156854
3898,0.20006829606006277
3899,0.2914058116504658
3900,0.21220519128240484
3901,0.23396890844407048
3902,0.15673408575164854
3903,0.21960453976934563
3904,0.1798753396544624
3905,0.15101541274880315
3906,0.25999501474108316
3907,0.19562971763402487
3908,0.20586150327752523
3909,0.15342243393534177
3910,0.21539122572963088
3911,0.21600494311873636
3912,0.22090415777279743
3913,0.18230441274152226
3914,0.1628829904728724
3915,0.23633500490452125
3916,0.16791601479637236
3917,0.2501583897123623
3918,0.2375461813933109
3919,0.20473427694629692
3920,0.18244273372383663
3921,0.2236987756519681
3922,0.21040548246033192
3923,0.24799340402166076
3924,0.14923055875508978
3925,0.18783230068382
3926,0.20332618120316248
3927,0.20438543059237074
3928,0.247707499841041
3929,0.20705368679912678
3930,0.1438585364592056
3931,0.23441436115481484
3932,0.17782381525058832
3933,0.17243701499241537
3934,0.17935287298585517
3935,0.3056552034793503
3936,0.17326223585079886
3937,0.15495092830034057
3938,0.16951615981653018
3939,0.24682646123314023
3940,0.21490118908552636
3941,0.17327061904940522
3942,0.213298318943638
3943,0.2694605923113277
3944,0.17851908456609145
3945,0.18571284878452238
3946,0.21378786398997346
3947,0.13961992792563188
3948,0.1738076260691454
3949,0.16942814915148424
3950,0.17335196155135757
3951,0.23198227993608833
3952,0.22117376909512987
3953,0.1841506012114001
3954,0.2415818269408817
3955,0.21428802564371863
3956,0.2018468323306975
3957,0.16982501156584778
3958,0.2651933709674901
3959,0.18449270188676375
3960,0.14959240661429607
3961,0.19716992148972934
3962,0.225960433777683
3963,0.24583484756643953
3964,0.14893230961705473
3965,0.14897132146013287
3966,0.2228907392095465
3967,0.21691635000635273
3968,0.2672470633508578
3969,0.23560721843583288
3970,0.13960977808658898
3971,0.26077187002456664
3972,0.1560730222347793
3973,0.15430499706688228
3974,0.21477626069336114
3975,0.2140858332348387
3976,0.1834851570922449
3977,0.1987002169289488
3978,0.27983454170387206
3979,0.2717772792359479
3980,0.162549122368853
3981,0.3064936378167202
3982,0.1836708776555263
3983,0.2290232622260256
3984,0.17088972849058187
3985,0.21591694721032711
3986,0.1948011038536847
3987,0.12646945079938926
3988,0.17298549703766813
3989,0.20568416279329965
3990,0.2237236610804751
3991,0.19308354953983015
3992,0.20105924506767686
3993,0.21541481376391297
3994,0.2525412762444716
3995,0.2616643830903615
3996,0.1789337537780185
3997,0.16589204013714742
3998,0.21062810978924945
3999,0.20385226606335
4000,0.17787709918358346
4001,0.2120043755681904
4002,0.23109853875003555
4003,0.19739537354450115
4004,0.22833337854909902
4005,0.21125235147939353
4006,0.17768889232670793
4007,0.21552272085517282
4008,0.2578448989716126
4009,0.14401997468557626
4010,0.22587980854399592
4011,0.22689936504415653
4012,0.2984024352888979
4013,0.21377842221193682
4014,0.167337284867214
4015,0.18378320938832154
4016,0.20916354577086627
4017,0.18402851127605369
4018,0.233439192373688
4019,0.20841075190131692
4020,0.19111713444913453
4021,0.17547513397678804
4022,0.22435419608007795
4023,0.14033849836999768
4024,0.19947010628549405
4025,0.2121561240473659
4026,0.19223726395331997
4027,0.19303227120996486
4028,0.2113032103096087
4029,0.1877828893028815
4030,0.20502336389322395
4031,0.17368852486062641
4032,0.2046272102031832
4033,0.18374292440450102
4034,0.28078225236972254
4035,0.2070819624591242
4036,0.19071785349691212
4037,0.14670975693968663
4038,0.20976120751336313
4039,0.15552636252912194
4040,0.24895496183228305
4041,0.1801460728596866
4042,0.14966321468273708
4043,0.2804554453759468
4044,0.23859736541349424
4045,0.2593844207945734
4046,0.1710899725647208
4047,0.2559901042588835
4048,0.18910086707817303
4049,0.16955479516075395
4050,0.17230709064574973
4051,0.21191979561466173
4052,0.18180231384720386
4053,0.2544184824721632
4054,0.15193871741850412
4055,0.17663687523464977
4056,0.18495591346068418
4057,0.18049848505894922
4058,0.16760370027977917
4059,0.21419171217304506
4060,0.2339906771330974
4061,0.21846816385846135
4062,0.22299950508587946
4063,0.21555671523533737
4064,0.17772595384346895
4065,0.281410029825024
4066,0.23693342352152919
4067,0.1662157799485352
4068,0.21013958621688572
4069,0.16229664270501398
4070,0.2497720214832963
4071,0.16935389871875728
4072,0.27336464996647314
4073,0.24502579047263434
4074,0.15793467217783574
4075,0.17716189775069324
4076,0.24804943648151723
4077,0.23848448005242756
4078,0.25511065134145544
4079,0.2165189993055031
4080,0.16741992946425716
4081,0.23692434456123657
4082,0.2188562934292287
4083,0.254044961368244
4084,0.21766712927712312
4085,0.22562547018584944
4086,0.2715359494618891
4087,0.2562720844169081
4088,0.2270716294907515
4089,0.21335875267191134
4090,0.26098882502643567
4091,0.25323838583225583
4092,0.17458354706401996
4093,0.22730968794524414
4094,0.14779597543477835
4095,0.21189733997608834
4096,0.2247246103252833
4097,0.18188908294465328
4098,0.1722258358841941
4099,0.14186617706313437
4100,0.1820895021889798
4101,0.21366285673679913
4102,0.18935249620717803
4103,0.21972485486727822
4104,0.19507108950914792
4105,0.1840692704497331
4106,0.22703287661523985
4107,0.21687199401522933
4108,0.25750518716898524
4109,0.2246454543619753
4110,0.23175485548234803
4111,0.2942058560266146
4112,0.2920014610034755
4113,0.20150526984375028
4114,0.20384914041238783
4115,0.27442971503067104
4116,0.1861004342291181
4117,0.1862064371908118
4118,0.2598831746026021
4119,0.2362233827585985
4120,0.202402870926428
4121,0.2071098372623295
4122,0.1829975634004003
4123,0.2005777410026679
4124,0.21265733264099668
4125,0.19284461733763125
4126,0.20066609272898867
4127,0.1936039142593598
4128,0.14021462382127725
4129,0.14450606116709946
4130,0.287410178201208
4131,0.17075413921029842
4132,0.17635649747230348
4133,0.22893439138860822
4134,0.19968716863677016
4135,0.14882519132379707
4136,0.25621529340961674
4137,0.2170473083699011
4138,0.2319153492598517
4139,0.15867500130513662
4140,0.14161116370029758
4141,0.21767316403070264
4142,0.17748862806546722
4143,0.22574906967246228
4144,0.18041802210481495
4145,0.1829517320259782
4146,0.2054773368949358
4147,0.13919781311893314
4148,0.18486881468336336
4149,0.2615670440189269
4150,0.24518435326672383
4151,0.23690319889774436
4152,0.18929605391638676
4153,0.20617182140399926
4154,0.21788523783487507
4155,0.1929331231916958
4156,0.18662528120267757
4157,0.18379094257098072
4158,0.22777438854512555
4159,0.22243399158682714
4160,0.1968176639884428
4161,0.25344090940745606
4162,0.19149284974443143
4163,0.26022052256354805
4164,0.2514838201578454
4165,0.13719391713324425
4166,0.21836404893009725
4167,0.2502871280053088
4168,0.2539767722318339
4169,0.20831659956713316
4170,0.18155549660452547
4171,0.2195356721693193
4172,0.15327224806745426
4173,0.18382746212610762
4174,0.17469973603617467
4175,0.17332830317207432
4176,0.16542590979644983
4177,0.1706861625509669
4178,0.16792589062661012
4179,0.18075160421341135
4180,0.20874665880749116
4181,0.21848602898399738
4182,0.16927446557906045
4183,0.1967785613893543
4184,0.18487848215586417
4185,0.22869262013586483
4186,0.1512174472898955
4187,0.16284398087145163
4188,0.2411799586279207
4189,0.1772043431135909
4190,0.18903657614303665
4191,0.28108680316173457
4192,0.24648412526839614
4193,0.31592344498094677
4194,0.3003665182961022
4195,0.20690125338606552
4196,0.20628755420194217
4197,0.25275023650272127
4198,0.2394166708222586
4199,0.1925762179166906
4200,0.20698452152681118
4201,0.138711144949825
4202,0.19059844310657703
4203,0.2085980867899419
4204,0.17655778145993178
4205,0.2135083307435801
4206,0.21326900624217549
4207,0.21816299578502563
4208,0.16838482632463225
4209,0.17965192134897084
4210,0.23023497460733816
4211,0.24384782605221494
4212,0.15278896419226667
4213,0.193618432105707
4214,0.2045421819438174
4215,0.21931009833718101
4216,0.24490938740102258
4217,0.19073817900887752
4218,0.15323777580973552
4219,0.23281469701548396
4220,0.2979044718162042
4221,0.1678962729660865
4222,0.18985248904189606
4223,0.144467136634627
4224,0.25883009543823454
4225,0.18309984069694202
4226,0.2711855084456168
4227,0.21415750814159595
4228,0.17145074295657714
4229,0.26391434580559664
4230,0.2004388068444321
4231,0.2668458620096602
4232,0.19344917677494788
4233,0.19767437254723602
4234,0.2299863426677033
4235,0.22057581535188403
4236,0.2016505524054671
4237,0.1339410761316388
4238,0.19466614390472953
4239,0.24275310784288578
4240,0.14815195584149438
4241,0.2757459431272054
4242,0.15563980374654912
4243,0.19274987785038084
4244,0.20127357835161602
4245,0.23438371146478965
4246,0.20427293836116583
4247,0.166150144374774
4248,0.1610209777834789
4249,0.1370290617595839
4250,0.22812944797229823
4251,0.24294154699516984
4252,0.17330957920151324
4253,0.2157691309535415
4254,0.1936014991043476
4255,0.22347680827059685
4256,0.1804492853489837
4257,0.1547417532615195
4258,0.24195219980263372
4259,0.2117363053313891
4260,0.2584033852536378
4261,0.21485046498761434
4262,0.2506411662336366
4263,0.23797803766406056
4264,0.23064636371142566
4265,0.18450953866998737
4266,0.15746653428597218
4267,0.18436844521046136
4268,0.17103438950698807
4269,0.15118841376397674
4270,0.19263370466727225
4271,0.14781668030928208
4272,0.19646039857874348
4273,0.20991743662185908
4274,0.19059750515819568
4275,0.22855503145555162
4276,0.2192233539729238
4277,0.15808364391691293
4278,0.14541471727242744
4279,0.175549546267096
4280,0.19621572505817292
4281,0.22035403824645755
4282,0.22496823451725356
4283,0.20016468877407928
4284,0.1673739799807593
4285,0.17241401522290095
4286,0.18819848783084087
4287,0.1789751068946991
4288,0.27810904704447564
4289,0.22064873625188836
4290,0.27561752125155403
4291,0.17063032391383665
4292,0.2085173452809147
4293,0.1321490631816305
4294,0.18349798430299885
4295,0.17750882468141022
4296,0.25766804929566217
4297,0.21706528093535649
4298,0.18452349622921765
4299,0.24530927997986746
4300,0.23471781725927882
4301,0.179362990556082
4302,0.20746027259641464
4303,0.3113859257320348
4304,0.15608087656328645
4305,0.20824064475191595
4306,0.17029288438776585
4307,0.20765174059662567
4308,0.24614564700911445
4309,0.21573421165905793
4310,0.2403441630462252
4311,0.16893727519327323
4312,0.17907699604845917
4313,0.18406999747782998
4314,0.20497713303480103
4315,0.20858928488199674
4316,0.1749238892174515
4317,0.21632964667390425
4318,0.18650910695004164
4319,0.2057741487514571
4320,0.20835489075250496
4321,0.22794484455087632
4322,0.2081922064680906
4323,0.21817087755485437
4324,0.25509775285823383
4325,0.21921894015398447
4326,0.2580247874986619
4327,0.19747664156617056
4328,0.17010697283041776
4329,0.2335816333553043
4330,0.201935184843474
4331,0.19326468639489408
4332,0.23879655190164933
4333,0.1518146481499752
4334,0.22423545453710902
4335,0.2563496882351364
4336,0.1945938782303001
4337,0.23046847624362538
4338,0.16687545237276702
4339,0.17802114399406815
4340,0.26237706133219524
4341,0.21447756723010197
4342,0.18210717518061337
4343,0.19769736172934277
4344,0.22558567728590112
4345,0.2385650780572931
4346,0.13437811802013028
4347,0.18325101772997082
4348,0.17746327210327156
4349,0.1919731056432174
4350,0.18304579402983945
4351,0.15582252059436297
4352,0.1914416755109915
4353,0.19793569591180632
4354,0.1941574912495288
4355,0.2083209297274468
4356,0.18592252317691593
4357,0.2237162601189861
4358,0.2430300246553742
4359,0.16274331330826997
4360,0.16508602824822954
4361,0.18728231569533232
4362,0.23021232852948376
4363,0.19168013984474486
4364,0.22391835184806186
4365,0.21253827994183888
4366,0.1877069662634291
4367,0.21384390293590178
4368,0.14003115626403223
4369,0.14115500712342538
4370,0.1992774665465467
4371,0.19159505753434097
4372,0.15450622394313857
4373,0.21167336652508156
4374,0.18348699683193076
4375,0.2041419460825909
4376,0.22677299737263856
4377,0.1592949154879612
4378,0.17537880608399886
4379,0.1344983636275321
4380,0.2067564490263189
4381,0.17980301556727113
4382,0.29747052511984146
4383,0.20513082324179438
4384,0.20348857507514972
4385,0.18420980689716665
4386,0.2298391738416662
4387,0.2540070401470809
4388,0.2634352711192447
4389,0.2305209665245832
4390,0.18681399486765476
4391,0.23588084367592094
4392,0.24295593495488982
4393,0.24639235868753123
4394,0.21299130279436024
4395,0.20763173253289052
4396,0.19751921556760832
4397,0.1790404742721604
4398,0.3086182937201903
4399,0.19867912475803645
4400,0.23218492473775493
4401,0.2017256895104903
4402,0.21441847551591037
4403,0.14686028632386278
4404,0.1903834331029462
4405,0.20543389544249974
4406,0.16231558972475763
4407,0.18886198936117077
4408,0.28384466325972163
4409,0.24937837726249384
4410,0.21019787825417552
4411,0.20963746030502334
4412,0.24092836357808517
4413,0.2401303630825996
4414,0.2335669574403017
4415,0.21980682132655355
4416,0.25474163560488344
4417,0.2602215486939852
4418,0.2562924173162712
4419,0.21859197784681234
4420,0.21968106817181715
4421,0.2595589019719253
4422,0.18767892987133666
4423,0.25801338022686415
4424,0.21359993865937427
4425,0.20209360442704655
4426,0.1553548746113887
4427,0.17250551762361765
4428,0.1794521938428843
4429,0.2137214730505067
4430,0.20823987043869124
4431,0.2376752973239578
4432,0.18849680021523202
4433,0.19166627218836046
4434,0.20950619893819533
4435,0.19662077868804168
4436,0.1847761994021213
4437,0.21896925136407058
4438,0.1677206749231555
4439,0.2456958009207862
4440,0.2724496324376826
4441,0.22856064547561078
4442,0.168253082605403
4443,0.2659312541316627
4444,0.15828930303889133
4445,0.25351094331889484
4446,0.2506803684837652
4447,0.20284769065698038
4448,0.2095651187304372
4449,0.18510096053707886
4450,0.16347512932197317
4451,0.18348026695841185
4452,0.2441245057753284
4453,0.13725789894411605
4454,0.19890708259865836
4455,0.2791147357446359
4456,0.21944821657542934
4457,0.19379506590176382
4458,0.18985460780555774
4459,0.23805484669547133
4460,0.15715542742996275
4461,0.1797470047607322
4462,0.19864761192954278
4463,0.2294227507352456
4464,0.2165608771681939
4465,0.2659100131473057
4466,0.22937761762114156
4467,0.21194688792634797
4468,0.21872119222152592
4469,0.2069153461702325
4470,0.23712416622631732
4471,0.18708550906158727
4472,0.24330121452048398
4473,0.2032020181300055
4474,0.2560072405995916
4475,0.20332593435539975
4476,0.17764259345771877
4477,0.1775075304208258
4478,0.21681426650621477
4479,0.2774072996779752
4480,0.253427086654335
4481,0.18064459017530182
4482,0.2664396148609565
4483,0.18655225637897088
4484,0.24310856854367263
4485,0.21552150216865068
4486,0.2604864083670837
4487,0.18384806350347532
4488,0.22994462991728865
4489,0.2044029843670247
4490,0.20109534841272086
4491,0.21773139330313546
4492,0.215289452336484
4493,0.25576853099017444
4494,0.23772791029548207
4495,0.21730481367295285
4496,0.14403600656803978
4497,0.21390867288550058
4498,0.2587658320779847
4499,0.2975191264122367
4500,0.2017640955975965
4501,0.19699073158283958
4502,0.17774082372263944
4503,0.22963318451374126
4504,0.14716333460680914
4505,0.2284240956478133
4506,0.2389895907842034
4507,0.19600037088843675
4508,0.1891837178509616
4509,0.21616429696231704
4510,0.22401945579595867
4511,0.1464255984394039
4512,0.21825038624924797
4513,0.1988396113794203
4514,0.23626337440128792
4515,0.21593646335821176
4516,0.17496287755651063
4517,0.19887124546695434
4518,0.2377182095398504
4519,0.23379749572812297
4520,0.18397143034568386
4521,0.164038353024813
4522,0.19013213064026252
4523,0.24327773333546265
4524,0.19402641879211158
4525,0.1865775887152617
4526,0.20582497522613302
4527,0.22031610236772992
4528,0.16919255008954293
4529,0.188969364060814
4530,0.21720386763413946
4531,0.1795572294100803
4532,0.13890359566801863
4533,0.18233168549115591
4534,0.19764137656751063
4535,0.16821998112240294
4536,0.17480154043621454
4537,0.17779000389790095
4538,0.1735388094756239
4539,0.19059481386013294
4540,0.2119711482444181
4541,0.17548002521829148
4542,0.2681106479512381
4543,0.26471805270166343
4544,0.28900287163529664
4545,0.16912486888541306
4546,0.18379243908026527
4547,0.22315101155077277
4548,0.22936355226208371
4549,0.20475757506638992
4550,0.22013940566208995
4551,0.1995445567078184
4552,0.25321980829636276
4553,0.2643101115158876
4554,0.17704790814877724
4555,0.19270653526334763
4556,0.2353078889071849
4557,0.20459073045619613
4558,0.2364040266036455
4559,0.24246639366579675
4560,0.1486180670309985
4561,0.19863160017242082
4562,0.16541168411852508
4563,0.15086421582034037
4564,0.15513731086319976
4565,0.23213685984231197
4566,0.2608243272135859
4567,0.20631841377828852
4568,0.2658992060661014
4569,0.22797409805751262
4570,0.2120312284486156
4571,0.2145377801714582
4572,0.2508029786949352
4573,0.1543685282870823
4574,0.19192386781096255
4575,0.22198135114360568
4576,0.28570303504767797
4577,0.1804287983928588
4578,0.15912129466906794
4579,0.26385898687903614
4580,0.17207835592410153
4581,0.1909488930402105
4582,0.1805931071469314
4583,0.21527422306979543
4584,0.23495738939856298
4585,0.19363371923914202
4586,0.26281242212419437
4587,0.17612174177319367
4588,0.21654101177292556
4589,0.18981319375036682
4590,0.1947970167037844
4591,0.2586197815844973
4592,0.2197549880441842
4593,0.25714644125333713
4594,0.18426844122093372
4595,0.18386955147408518
4596,0.21562160626816057
4597,0.2255260758446706
4598,0.14132891440240564
4599,0.1750709033613308
4600,0.17890794702742963
4601,0.19307786928392678
4602,0.15460726794741692
4603,0.22257404426442906
4604,0.1918435951537208
4605,0.21743524793184904
4606,0.1794755568946615
4607,0.19999135919071448
4608,0.25571019838033465
4609,0.12798776438854048
4610,0.21581588014024156
4611,0.26229920966273546
4612,0.1690806079925799
4613,0.19934029288769645
4614,0.16971741958605085
4615,0.18040849967872902
4616,0.18967322189772057
4617,0.17060598370082453
4618,0.2249782673127853
4619,0.14904122930688585
4620,0.22840200686330786
4621,0.14966203468610267
4622,0.20635714755497275
4623,0.18016697514229119
4624,0.21603001821956375
4625,0.2010757265598449
4626,0.22900005653859118
4627,0.20347561742977333
4628,0.16447790489759678
4629,0.2573327418089392
4630,0.19373375472168436
4631,0.15988551811350343
4632,0.18156090537962694
4633,0.14604065728611842
4634,0.18437910161605636
4635,0.2247666992118022
4636,0.24904024171174266
4637,0.24745105495324754
4638,0.28353084187256783
4639,0.14846567261281768
4640,0.1543158962607601
4641,0.20095857926004834
4642,0.27000916250238177
4643,0.23962492422788312
4644,0.16822695006310334
4645,0.20797979068434014
4646,0.31517637934445936
4647,0.26870368184643195
4648,0.2618032484102097
4649,0.25259142012930164
4650,0.23537943958660357
4651,0.2788031825273403
4652,0.21046781475223747
4653,0.21174321845939098
4654,0.1913194975263895
4655,0.20126602743491784
4656,0.2052050733412914
4657,0.14447453906602797
4658,0.1584864271742577
4659,0.2278673860885544
4660,0.2029000915956573
4661,0.15864275694927887
4662,0.2562682287412866
4663,0.2547005319419554
4664,0.2269522192529816
4665,0.16218412700497303
4666,0.21311205357120644
4667,0.2426163500073582
4668,0.24345664275154627
4669,0.19324098403228313
4670,0.21067367829686606
4671,0.22079409907469977
4672,0.17947096966982895
4673,0.23869255708285475
4674,0.19357174689139695
4675,0.16449734098466934
4676,0.21239559005884195
4677,0.28399851955117456
4678,0.20421693416549108
4679,0.18926913083485702
4680,0.25779667934182426
4681,0.24410486799511272
4682,0.24727497521065506
4683,0.21569161116391733
4684,0.2560788542614069
4685,0.16053144751662335
4686,0.2653847478747174
4687,0.19076112707376264
4688,0.19859619265624356
4689,0.2707781295417963
4690,0.23777704317869713
4691,0.17744233898829292
4692,0.21166121406752214
4693,0.16789189679025934
4694,0.19153768324667736
4695,0.24539292782463423
4696,0.16679897957649775
4697,0.23551878467837656
4698,0.2039291008047352
4699,0.2739502451003934
4700,0.1377303417946571
4701,0.19737883443162063
4702,0.17604710008651508
4703,0.2594235073114985
4704,0.2777541725335413
4705,0.1794205992278745
4706,0.1573622465686872
4707,0.17510578383517045
4708,0.2557796381855723
4709,0.15073498149835246
4710,0.20259436173359208
4711,0.2750175134627919
4712,0.212488987600652
4713,0.22886147363358955
4714,0.1460435825549644
4715,0.2438674001217621
4716,0.1576778853937824
4717,0.2481852928414267
4718,0.22048118095345615
4719,0.1850476888061488
4720,0.21654901104447183
4721,0.19798992811045152
4722,0.21413942119704227
4723,0.2158162908507793
4724,0.17801441051242234
4725,0.234083804571314
4726,0.2242636628868115
4727,0.16906813341003102
4728,0.19954987928955498
4729,0.1908257307635986
4730,0.14230027392276845
4731,0.21305573190210075
4732,0.25026798297784947
4733,0.2907588772525861
4734,0.3084056214055052
4735,0.16799639709973457
4736,0.18848413865005442
4737,0.2042267806749466
4738,0.21570828420632976
4739,0.2769777964718235
4740,0.23888125944612898
4741,0.19674001570374783
4742,0.2214061187380031
4743,0.15970171343299905
4744,0.15723324082094414
4745,0.23497580700679171
4746,0.16427645398606577
4747,0.25221517403122623
4748,0.21087335419103942
4749,0.15607678042513823
4750,0.1909271669838148
4751,0.17865010681150822
4752,0.183181458407581
4753,0.20198087160889794
4754,0.2525027836164684
4755,0.2021813601476195
4756,0.26373426979274384
4757,0.2819772168942753
4758,0.1932787705639777
4759,0.2316253986182083
4760,0.21208778528658911
4761,0.1556122403164943
4762,0.2571477906450709
4763,0.19128453257999123
4764,0.21575315889104085
4765,0.2715763356702434
4766,0.1933280370828373
4767,0.2159974093198836
4768,0.2206224332640117
4769,0.23741956364241457
4770,0.1881491333213846
4771,0.21268158522956537
4772,0.2857173443722108
4773,0.18367802842450182
4774,0.1789574393306651
4775,0.17827703501091596
4776,0.22796783941546211
4777,0.208712896234711
4778,0.20016369546812224
4779,0.1823262233918978
4780,0.26794984655216275
4781,0.22752879216317462
4782,0.19441705617816407
4783,0.13814504871431516
4784,0.17461036574673255
4785,0.19600764788642938
4786,0.19968870168394892
4787,0.2193313561149472
4788,0.1832668858427523
4789,0.1942433215564653
4790,0.24032716568303442
4791,0.17174622077495327
4792,0.17136667283717782
4793,0.208353649467362
4794,0.1894599748145827
4795,0.1501282404694434
4796,0.23241836037354408
4797,0.26393421124598443
4798,0.17909019477630844
4799,0.14369335151664409
4800,0.19038530523489056
4801,0.2629395369928977
4802,0.18514353958776558
4803,0.2267975532294274
4804,0.19576587321393085
4805,0.1776890187320454
4806,0.2929943652600749
4807,0.20014996408949276
4808,0.20845336493665506
4809,0.19351442637616945
4810,0.26218182992523315
4811,0.16710731298445242
4812,0.17312561414331984
4813,0.16658582798795046
4814,0.1854777346903959
4815,0.2727178445273822
4816,0.18634334790133594
4817,0.20974425135494656
4818,0.2264426227384681
4819,0.23986757032673994
4820,0.16965074706666677
4821,0.30657355370154277
4822,0.18012885541747753
4823,0.22132767124107017
4824,0.25169776580544706
4825,0.2624130869234383
4826,0.2479593015978842
4827,0.24704736936282118
4828,0.17118302372467847
4829,0.21317766186671405
4830,0.23354676805750613
4831,0.29731120437261743
4832,0.1794582954622715
4833,0.19519600014102495
4834,0.22666970244843138
4835,0.19973326491875493
4836,0.18892244237324513
4837,0.1810703159484282
4838,0.2070102324620004
4839,0.22008462778577398
4840,0.22738201293706195
4841,0.18980614307159
4842,0.17692597460299336
4843,0.23007247007346981
4844,0.2334918008407077
4845,0.22498759059527168
4846,0.25726574154259424
4847,0.23866832249455133
4848,0.20246168282251753
4849,0.21222293654349444
4850,0.20705883424809085
4851,0.17626781949780745
4852,0.22422792529942692
4853,0.23002247482408167
4854,0.22487075542530743
4855,0.19987317418081235
4856,0.22583670038893916
4857,0.24828386958069737
4858,0.21159225925998865
4859,0.24610723364096887
4860,0.2361915079663564
4861,0.17036010650282674
4862,0.25702588807268
4863,0.15112259003601236
4864,0.22737421004941105
4865,0.23770266019302871
4866,0.20894419802775704
4867,0.213600721957319
4868,0.22427698154812659
4869,0.21040965694601038
4870,0.17335367756184167
4871,0.18911994849786107
4872,0.18589324650818972
4873,0.16394127033527578
4874,0.15278075505336847
4875,0.16618897753921913
4876,0.22195773767078364
4877,0.20937348928362082
4878,0.2482126925019043
4879,0.14632913761315808
4880,0.17506497847427888
4881,0.21756441431049428
4882,0.17396654197306005
4883,0.19954548189842225
4884,0.167090545293905
4885,0.18924374542133549
4886,0.1897696123909055
4887,0.20561221750657727
4888,0.21501885839139218
4889,0.26490078848711973
4890,0.12155074273790517
4891,0.274922990114462
4892,0.1826545053355107
4893,0.14607632005443377
4894,0.22240046617052472
4895,0.22553763167288415
4896,0.1578548392900131
4897,0.19831992682962524
4898,0.21019114840212738
4899,0.1852564513449516
4900,0.1482104650694625
4901,0.19455000979453224
4902,0.27830427096809124
4903,0.27222122381562314
4904,0.2617125290212721
4905,0.20299772391743037
4906,0.21565779432061988
4907,0.21883859005530432
4908,0.18605345917646215
4909,0.30199513678726186
4910,0.2686365155504501
4911,0.2512380067065892
4912,0.19734660746499438
4913,0.1439621603496974
4914,0.2850887391038887
4915,0.20501406451617848
4916,0.21222010032207772
4917,0.13991634048361284
4918,0.23954319050195966
4919,0.16898932460553945
4920,0.17588718015604748
4921,0.19147751727177847
4922,0.24128307985903263
4923,0.2147366729888961
4924,0.2152749223739066
4925,0.1853844852357424
4926,0.1941685472449412
4927,0.17839813870344529
4928,0.186494857221204
4929,0.23874363294744455
4930,0.20659246853540042
4931,0.22924090901924726
4932,0.199817817373997
4933,0.1941021179414532
4934,0.17912795134664755
4935,0.19003314508231667
4936,0.15413232080902078
4937,0.2471204008374181
4938,0.2122248534923004
4939,0.2689420433999887
4940,0.20825766397688983
4941,0.1689514391990054
4942,0.25241145875998666
4943,0.19332221154470802
4944,0.15100189740481534
4945,0.23913797569747403
4946,0.28057518840220624
4947,0.1812243224924313
4948,0.2633307624770935
4949,0.21057254189375735
4950,0.21143398282594889
4951,0.2261672780387986
4952,0.15174757347394707
4953,0.17608197102601786
4954,0.25217957620090725
4955,0.2148749228466219
4956,0.20395968526220015
4957,0.21338687508754356
4958,0.2236780668242488
4959,0.20775357332577576
4960,0.2228345289872924
4961,0.18130788261158676
4962,0.24312572446454134
4963,0.2372145994594474
4964,0.2650118805845307
4965,0.23354292205150534
4966,0.214672497584315
4967,0.21119670576020882
4968,0.1626577217106141
4969,0.19713133807282762
4970,0.2521919942546507
4971,0.2397885980308075
4972,0.1582173066898569
4973,0.2623816593119554
4974,0.26391008012948886
4975,0.21136680024987836
4976,0.25332909346867233
4977,0.18412632926490058
4978,0.19750014995123782
4979,0.18782642425868168
4980,0.22314223741977057
4981,0.23559776610028743
4982,0.21082014725231174
4983,0.15141856612629867
4984,0.1895078777149512
4985,0.2553262073817722
4986,0.14772007532537962
4987,0.1561331047641133
4988,0.1607089567892856
4989,0.19901806924843674
4990,0.22647713226200233
4991,0.18675611529204555
4992,0.17898735470392108
4993,0.2462365707386555
4994,0.2488216244591145
4995,0.1589586804038437
4996,0.2007283777253261
4997,0.14305521423267104
4998,0.23175087280897805
4999,0.18076988555554158
