Date,File,Maturity,Contract,ContractExpiryDate,Rf,S0
2024/01/02,OptionsDaily_2024_01_02.csv,0.0410958904109589,202401  ,2024/01/17,0.011,17853.76
2024/01/02,OptionsDaily_2024_01_02.csv,0.0027397260273972603,202401W1  ,2024/01/03,0.011,17853.76
2024/01/02,OptionsDaily_2024_01_02.csv,0.021917808219178082,202401W2  ,2024/01/10,0.011,17853.76
2024/01/02,OptionsDaily_2024_01_02.csv,0.136986301369863,202402  ,2024/02/21,0.011,17853.76
2024/01/02,OptionsDaily_2024_01_02.csv,0.2136986301369863,202403  ,2024/03/20,0.011,17853.76
2024/01/03,OptionsDaily_2024_01_03.csv,0.038356164383561646,202401  ,2024/01/17,0.011,17559.31
2024/01/03,OptionsDaily_2024_01_03.csv,0.0027397260273972603,202401W1  ,2024/01/03,0.011,17559.31
2024/01/03,OptionsDaily_2024_01_03.csv,0.019178082191780823,202401W2  ,2024/01/10,0.011,17559.31
2024/01/03,OptionsDaily_2024_01_03.csv,0.13424657534246576,202402  ,2024/02/21,0.011,17559.31
2024/01/03,OptionsDaily_2024_01_03.csv,0.4602739726027397,202406  ,2024/06/19,0.011,17559.31
2024/01/04,OptionsDaily_2024_01_04.csv,0.03561643835616438,202401  ,2024/01/17,0.011,17549.65
2024/01/04,OptionsDaily_2024_01_04.csv,0.01643835616438356,202401W2  ,2024/01/10,0.011,17549.65
2024/01/04,OptionsDaily_2024_01_04.csv,0.13150684931506848,202402  ,2024/02/21,0.011,17549.65
2024/01/04,OptionsDaily_2024_01_04.csv,0.20821917808219179,202403  ,2024/03/20,0.011,17549.65
2024/01/05,OptionsDaily_2024_01_05.csv,0.03287671232876712,202401  ,2024/01/17,0.011,17519.14
2024/01/05,OptionsDaily_2024_01_05.csv,0.0136986301369863,202401W2  ,2024/01/10,0.011,17519.14
2024/01/05,OptionsDaily_2024_01_05.csv,0.12876712328767123,202402  ,2024/02/21,0.011,17519.14
2024/01/05,OptionsDaily_2024_01_05.csv,0.2054794520547945,202403  ,2024/03/20,0.011,17519.14
2024/01/08,OptionsDaily_2024_01_08.csv,0.024657534246575342,202401  ,2024/01/17,0.011,17572.66
2024/01/08,OptionsDaily_2024_01_08.csv,0.005479452054794521,202401W2  ,2024/01/10,0.011,17572.66
2024/01/08,OptionsDaily_2024_01_08.csv,0.12054794520547946,202402  ,2024/02/21,0.011,17572.66
2024/01/08,OptionsDaily_2024_01_08.csv,0.19726027397260273,202403  ,2024/03/20,0.011,17572.66
2024/01/09,OptionsDaily_2024_01_09.csv,0.021917808219178082,202401  ,2024/01/17,0.011,17535.49
2024/01/09,OptionsDaily_2024_01_09.csv,0.0027397260273972603,202401W2  ,2024/01/10,0.011,17535.49
2024/01/09,OptionsDaily_2024_01_09.csv,0.1178082191780822,202402  ,2024/02/21,0.011,17535.49
2024/01/09,OptionsDaily_2024_01_09.csv,0.19452054794520549,202403  ,2024/03/20,0.011,17535.49
2024/01/10,OptionsDaily_2024_01_10.csv,0.019178082191780823,202401  ,2024/01/17,0.011,17465.63
2024/01/10,OptionsDaily_2024_01_10.csv,0.0027397260273972603,202401W2  ,2024/01/10,0.011,17465.63
2024/01/10,OptionsDaily_2024_01_10.csv,0.038356164383561646,202401W4  ,2024/01/24,0.011,17465.63
2024/01/10,OptionsDaily_2024_01_10.csv,0.11506849315068493,202402  ,2024/02/21,0.011,17465.63
2024/01/10,OptionsDaily_2024_01_10.csv,0.1917808219178082,202403  ,2024/03/20,0.011,17465.63
2024/01/10,OptionsDaily_2024_01_10.csv,0.4410958904109589,202406  ,2024/06/19,0.011,17465.63
2024/01/11,OptionsDaily_2024_01_11.csv,0.01643835616438356,202401  ,2024/01/17,0.011,17545.32
2024/01/11,OptionsDaily_2024_01_11.csv,0.03561643835616438,202401W4  ,2024/01/24,0.011,17545.32
2024/01/11,OptionsDaily_2024_01_11.csv,0.11232876712328767,202402  ,2024/02/21,0.011,17545.32
2024/01/11,OptionsDaily_2024_01_11.csv,0.18904109589041096,202403  ,2024/03/20,0.011,17545.32
2024/01/12,OptionsDaily_2024_01_12.csv,0.0136986301369863,202401  ,2024/01/17,0.011,17512.83
2024/01/12,OptionsDaily_2024_01_12.csv,0.03287671232876712,202401W4  ,2024/01/24,0.011,17512.83
2024/01/12,OptionsDaily_2024_01_12.csv,0.1095890410958904,202402  ,2024/02/21,0.011,17512.83
2024/01/12,OptionsDaily_2024_01_12.csv,0.1863013698630137,202403  ,2024/03/20,0.011,17512.83
2024/01/12,OptionsDaily_2024_01_12.csv,0.684931506849315,202409  ,2024/09/18,0.011,17512.83
2024/01/15,OptionsDaily_2024_01_15.csv,0.005479452054794521,202401  ,2024/01/17,0.011,17546.82
2024/01/15,OptionsDaily_2024_01_15.csv,0.024657534246575342,202401W4  ,2024/01/24,0.011,17546.82
2024/01/15,OptionsDaily_2024_01_15.csv,0.10136986301369863,202402  ,2024/02/21,0.011,17546.82
2024/01/15,OptionsDaily_2024_01_15.csv,0.1780821917808219,202403  ,2024/03/20,0.011,17546.82
2024/01/16,OptionsDaily_2024_01_16.csv,0.0027397260273972603,202401  ,2024/01/17,0.011,17346.87
2024/01/16,OptionsDaily_2024_01_16.csv,0.021917808219178082,202401W4  ,2024/01/24,0.011,17346.87
2024/01/16,OptionsDaily_2024_01_16.csv,0.09863013698630137,202402  ,2024/02/21,0.011,17346.87
2024/01/16,OptionsDaily_2024_01_16.csv,0.17534246575342466,202403  ,2024/03/20,0.011,17346.87
2024/01/17,OptionsDaily_2024_01_17.csv,0.0027397260273972603,202401  ,2024/01/17,0.011,17161.79
2024/01/17,OptionsDaily_2024_01_17.csv,0.019178082191780823,202401W4  ,2024/01/24,0.011,17161.79
2024/01/17,OptionsDaily_2024_01_17.csv,0.038356164383561646,202401W5  ,2024/01/31,0.011,17161.79
2024/01/17,OptionsDaily_2024_01_17.csv,0.0958904109589041,202402  ,2024/02/21,0.011,17161.79
2024/01/17,OptionsDaily_2024_01_17.csv,0.1726027397260274,202403  ,2024/03/20,0.011,17161.79
2024/01/17,OptionsDaily_2024_01_17.csv,0.42191780821917807,202406  ,2024/06/19,0.011,17161.79
2024/01/18,OptionsDaily_2024_01_18.csv,0.01643835616438356,202401W4  ,2024/01/24,0.011,17227.79
2024/01/18,OptionsDaily_2024_01_18.csv,0.03561643835616438,202401W5  ,2024/01/31,0.011,17227.79
2024/01/18,OptionsDaily_2024_01_18.csv,0.09315068493150686,202402  ,2024/02/21,0.011,17227.79
2024/01/18,OptionsDaily_2024_01_18.csv,0.16986301369863013,202403  ,2024/03/20,0.011,17227.79
2024/01/18,OptionsDaily_2024_01_18.csv,0.4191780821917808,202406  ,2024/06/19,0.011,17227.79
2024/01/18,OptionsDaily_2024_01_18.csv,0.6684931506849315,202409  ,2024/09/18,0.011,17227.79
2024/01/19,OptionsDaily_2024_01_19.csv,0.0136986301369863,202401W4  ,2024/01/24,0.011,17681.52
2024/01/19,OptionsDaily_2024_01_19.csv,0.03287671232876712,202401W5  ,2024/01/31,0.011,17681.52
2024/01/19,OptionsDaily_2024_01_19.csv,0.09041095890410959,202402  ,2024/02/21,0.011,17681.52
2024/01/19,OptionsDaily_2024_01_19.csv,0.16712328767123288,202403  ,2024/03/20,0.011,17681.52
2024/01/22,OptionsDaily_2024_01_22.csv,0.005479452054794521,202401W4  ,2024/01/24,0.011,17815.1
2024/01/22,OptionsDaily_2024_01_22.csv,0.024657534246575342,202401W5  ,2024/01/31,0.011,17815.1
2024/01/22,OptionsDaily_2024_01_22.csv,0.0821917808219178,202402  ,2024/02/21,0.011,17815.1
2024/01/22,OptionsDaily_2024_01_22.csv,0.1589041095890411,202403  ,2024/03/20,0.011,17815.1
2024/01/22,OptionsDaily_2024_01_22.csv,0.6575342465753424,202409  ,2024/09/18,0.011,17815.1
2024/01/23,OptionsDaily_2024_01_23.csv,0.0027397260273972603,202401W4  ,2024/01/24,0.011,17874.59
2024/01/23,OptionsDaily_2024_01_23.csv,0.021917808219178082,202401W5  ,2024/01/31,0.011,17874.59
2024/01/23,OptionsDaily_2024_01_23.csv,0.07945205479452055,202402  ,2024/02/21,0.011,17874.59
2024/01/23,OptionsDaily_2024_01_23.csv,0.15616438356164383,202403  ,2024/03/20,0.011,17874.59
2024/01/24,OptionsDaily_2024_01_24.csv,0.0027397260273972603,202401W4  ,2024/01/24,0.011,17875.83
2024/01/24,OptionsDaily_2024_01_24.csv,0.019178082191780823,202401W5  ,2024/01/31,0.011,17875.83
2024/01/24,OptionsDaily_2024_01_24.csv,0.07671232876712329,202402  ,2024/02/21,0.011,17875.83
2024/01/24,OptionsDaily_2024_01_24.csv,0.038356164383561646,202402W1  ,2024/02/07,0.011,17875.83
2024/01/24,OptionsDaily_2024_01_24.csv,0.15342465753424658,202403  ,2024/03/20,0.011,17875.83
2024/01/24,OptionsDaily_2024_01_24.csv,0.6520547945205479,202409  ,2024/09/18,0.011,17875.83
2024/01/25,OptionsDaily_2024_01_25.csv,0.01643835616438356,202401W5  ,2024/01/31,0.011,18002.62
2024/01/25,OptionsDaily_2024_01_25.csv,0.07397260273972603,202402  ,2024/02/21,0.011,18002.62
2024/01/25,OptionsDaily_2024_01_25.csv,0.03561643835616438,202402W1  ,2024/02/07,0.011,18002.62
2024/01/25,OptionsDaily_2024_01_25.csv,0.1506849315068493,202403  ,2024/03/20,0.011,18002.62
2024/01/25,OptionsDaily_2024_01_25.csv,0.4,202406  ,2024/06/19,0.011,18002.62
2024/01/26,OptionsDaily_2024_01_26.csv,0.0136986301369863,202401W5  ,2024/01/31,0.011,17995.03
2024/01/26,OptionsDaily_2024_01_26.csv,0.07123287671232877,202402  ,2024/02/21,0.011,17995.03
2024/01/26,OptionsDaily_2024_01_26.csv,0.03287671232876712,202402W1  ,2024/02/07,0.011,17995.03
2024/01/26,OptionsDaily_2024_01_26.csv,0.14794520547945206,202403  ,2024/03/20,0.011,17995.03
2024/01/29,OptionsDaily_2024_01_29.csv,0.005479452054794521,202401W5  ,2024/01/31,0.011,18119.63
2024/01/29,OptionsDaily_2024_01_29.csv,0.06301369863013699,202402  ,2024/02/21,0.011,18119.63
2024/01/29,OptionsDaily_2024_01_29.csv,0.024657534246575342,202402W1  ,2024/02/07,0.011,18119.63
2024/01/29,OptionsDaily_2024_01_29.csv,0.13972602739726028,202403  ,2024/03/20,0.011,18119.63
2024/01/29,OptionsDaily_2024_01_29.csv,0.38904109589041097,202406  ,2024/06/19,0.011,18119.63
2024/01/30,OptionsDaily_2024_01_30.csv,0.0027397260273972603,202401W5  ,2024/01/31,0.011,18034.63
2024/01/30,OptionsDaily_2024_01_30.csv,0.06027397260273973,202402  ,2024/02/21,0.011,18034.63
2024/01/30,OptionsDaily_2024_01_30.csv,0.021917808219178082,202402W1  ,2024/02/07,0.011,18034.63
2024/01/30,OptionsDaily_2024_01_30.csv,0.136986301369863,202403  ,2024/03/20,0.011,18034.63
2024/01/30,OptionsDaily_2024_01_30.csv,0.6356164383561644,202409  ,2024/09/18,0.011,18034.63
2024/01/31,OptionsDaily_2024_01_31.csv,0.0027397260273972603,202401W5  ,2024/01/31,0.011,17889.56
2024/01/31,OptionsDaily_2024_01_31.csv,0.057534246575342465,202402  ,2024/02/21,0.011,17889.56
2024/01/31,OptionsDaily_2024_01_31.csv,0.019178082191780823,202402W1  ,2024/02/07,0.011,17889.56
2024/01/31,OptionsDaily_2024_01_31.csv,0.13424657534246576,202403  ,2024/03/20,0.011,17889.56
2024/01/31,OptionsDaily_2024_01_31.csv,0.21095890410958903,202404  ,2024/04/17,0.011,17889.56
2024/01/31,OptionsDaily_2024_01_31.csv,0.3835616438356164,202406  ,2024/06/19,0.011,17889.56
2024/01/31,OptionsDaily_2024_01_31.csv,0.6328767123287671,202409  ,2024/09/18,0.011,17889.56
2024/02/01,OptionsDaily_2024_02_01.csv,0.0547945205479452,202402  ,2024/02/21,0.011,17968.11
2024/02/01,OptionsDaily_2024_02_01.csv,0.01643835616438356,202402W1  ,2024/02/07,0.011,17968.11
2024/02/01,OptionsDaily_2024_02_01.csv,0.13150684931506848,202403  ,2024/03/20,0.011,17968.11
2024/02/01,OptionsDaily_2024_02_01.csv,0.20821917808219179,202404  ,2024/04/17,0.011,17968.11
2024/02/02,OptionsDaily_2024_02_02.csv,0.052054794520547946,202402  ,2024/02/21,0.011,18059.93
2024/02/02,OptionsDaily_2024_02_02.csv,0.0136986301369863,202402W1  ,2024/02/07,0.011,18059.93
2024/02/02,OptionsDaily_2024_02_02.csv,0.12876712328767123,202403  ,2024/03/20,0.011,18059.93
2024/02/02,OptionsDaily_2024_02_02.csv,0.6273972602739726,202409  ,2024/09/18,0.011,18059.93
2024/02/05,OptionsDaily_2024_02_05.csv,0.043835616438356165,202402  ,2024/02/21,0.011,18096.07
2024/02/05,OptionsDaily_2024_02_05.csv,0.005479452054794521,202402W1  ,2024/02/07,0.011,18096.07
2024/02/05,OptionsDaily_2024_02_05.csv,0.12054794520547946,202403  ,2024/03/20,0.011,18096.07
2024/02/15,OptionsDaily_2024_02_15.csv,0.01643835616438356,202402  ,2024/02/21,0.011,18644.57
2024/02/15,OptionsDaily_2024_02_15.csv,0.0027397260273972603,202402W1  ,2024/02/07,0.011,18644.57
2024/02/15,OptionsDaily_2024_02_15.csv,0.03561643835616438,202402W4  ,2024/02/28,0.011,18644.57
2024/02/15,OptionsDaily_2024_02_15.csv,0.09315068493150686,202403  ,2024/03/20,0.011,18644.57
2024/02/15,OptionsDaily_2024_02_15.csv,0.16986301369863013,202404  ,2024/04/17,0.011,18644.57
2024/02/15,OptionsDaily_2024_02_15.csv,0.3424657534246575,202406  ,2024/06/19,0.011,18644.57
2024/02/16,OptionsDaily_2024_02_16.csv,0.0136986301369863,202402  ,2024/02/21,0.011,18607.25
2024/02/16,OptionsDaily_2024_02_16.csv,0.03287671232876712,202402W4  ,2024/02/28,0.011,18607.25
2024/02/16,OptionsDaily_2024_02_16.csv,0.09041095890410959,202403  ,2024/03/20,0.011,18607.25
2024/02/16,OptionsDaily_2024_02_16.csv,0.16712328767123288,202404  ,2024/04/17,0.011,18607.25
2024/02/16,OptionsDaily_2024_02_16.csv,0.33972602739726027,202406  ,2024/06/19,0.011,18607.25
2024/02/19,OptionsDaily_2024_02_19.csv,0.005479452054794521,202402  ,2024/02/21,0.011,18635.8
2024/02/19,OptionsDaily_2024_02_19.csv,0.024657534246575342,202402W4  ,2024/02/28,0.011,18635.8
2024/02/19,OptionsDaily_2024_02_19.csv,0.0821917808219178,202403  ,2024/03/20,0.011,18635.8
2024/02/19,OptionsDaily_2024_02_19.csv,0.1589041095890411,202404  ,2024/04/17,0.011,18635.8
2024/02/19,OptionsDaily_2024_02_19.csv,0.3315068493150685,202406  ,2024/06/19,0.011,18635.8
2024/02/20,OptionsDaily_2024_02_20.csv,0.0027397260273972603,202402  ,2024/02/21,0.011,18753.16
2024/02/20,OptionsDaily_2024_02_20.csv,0.021917808219178082,202402W4  ,2024/02/28,0.011,18753.16
2024/02/20,OptionsDaily_2024_02_20.csv,0.07945205479452055,202403  ,2024/03/20,0.011,18753.16
2024/02/20,OptionsDaily_2024_02_20.csv,0.15616438356164383,202404  ,2024/04/17,0.011,18753.16
2024/02/20,OptionsDaily_2024_02_20.csv,0.5780821917808219,202409  ,2024/09/18,0.011,18753.16
2024/02/21,OptionsDaily_2024_02_21.csv,0.0027397260273972603,202402  ,2024/02/21,0.011,18676.31
2024/02/21,OptionsDaily_2024_02_21.csv,0.019178082191780823,202402W4  ,2024/02/28,0.011,18676.31
2024/02/21,OptionsDaily_2024_02_21.csv,0.07671232876712329,202403  ,2024/03/20,0.011,18676.31
2024/02/21,OptionsDaily_2024_02_21.csv,0.038356164383561646,202403W1  ,2024/03/06,0.011,18676.31
2024/02/21,OptionsDaily_2024_02_21.csv,0.15342465753424658,202404  ,2024/04/17,0.011,18676.31
2024/02/22,OptionsDaily_2024_02_22.csv,0.01643835616438356,202402W4  ,2024/02/28,0.011,18852.78
2024/02/22,OptionsDaily_2024_02_22.csv,0.07397260273972603,202403  ,2024/03/20,0.011,18852.78
2024/02/22,OptionsDaily_2024_02_22.csv,0.03561643835616438,202403W1  ,2024/03/06,0.011,18852.78
2024/02/22,OptionsDaily_2024_02_22.csv,0.1506849315068493,202404  ,2024/04/17,0.011,18852.78
2024/02/22,OptionsDaily_2024_02_22.csv,0.2273972602739726,202405  ,2024/05/15,0.011,18852.78
2024/02/22,OptionsDaily_2024_02_22.csv,0.3232876712328767,202406  ,2024/06/19,0.011,18852.78
2024/02/23,OptionsDaily_2024_02_23.csv,0.0136986301369863,202402W4  ,2024/02/28,0.011,18889.19
2024/02/23,OptionsDaily_2024_02_23.csv,0.07123287671232877,202403  ,2024/03/20,0.011,18889.19
2024/02/23,OptionsDaily_2024_02_23.csv,0.03287671232876712,202403W1  ,2024/03/06,0.011,18889.19
2024/02/23,OptionsDaily_2024_02_23.csv,0.14794520547945206,202404  ,2024/04/17,0.011,18889.19
2024/02/23,OptionsDaily_2024_02_23.csv,0.22465753424657534,202405  ,2024/05/15,0.011,18889.19
2024/02/23,OptionsDaily_2024_02_23.csv,0.32054794520547947,202406  ,2024/06/19,0.011,18889.19
2024/02/23,OptionsDaily_2024_02_23.csv,0.5698630136986301,202409  ,2024/09/18,0.011,18889.19
2024/02/26,OptionsDaily_2024_02_26.csv,0.005479452054794521,202402W4  ,2024/02/28,0.011,18948.05
2024/02/26,OptionsDaily_2024_02_26.csv,0.06301369863013699,202403  ,2024/03/20,0.011,18948.05
2024/02/26,OptionsDaily_2024_02_26.csv,0.024657534246575342,202403W1  ,2024/03/06,0.011,18948.05
2024/02/26,OptionsDaily_2024_02_26.csv,0.13972602739726028,202404  ,2024/04/17,0.011,18948.05
2024/02/26,OptionsDaily_2024_02_26.csv,0.21643835616438356,202405  ,2024/05/15,0.011,18948.05
2024/02/26,OptionsDaily_2024_02_26.csv,0.31232876712328766,202406  ,2024/06/19,0.011,18948.05
2024/02/27,OptionsDaily_2024_02_27.csv,0.0027397260273972603,202402W4  ,2024/02/28,0.011,18854.41
2024/02/27,OptionsDaily_2024_02_27.csv,0.06027397260273973,202403  ,2024/03/20,0.011,18854.41
2024/02/27,OptionsDaily_2024_02_27.csv,0.021917808219178082,202403W1  ,2024/03/06,0.011,18854.41
2024/02/27,OptionsDaily_2024_02_27.csv,0.136986301369863,202404  ,2024/04/17,0.011,18854.41
2024/02/27,OptionsDaily_2024_02_27.csv,0.2136986301369863,202405  ,2024/05/15,0.011,18854.41
2024/02/27,OptionsDaily_2024_02_27.csv,0.5589041095890411,202409  ,2024/09/18,0.011,18854.41
2024/02/29,OptionsDaily_2024_02_29.csv,0.0027397260273972603,202402W4  ,2024/02/28,0.011,18966.77
2024/02/29,OptionsDaily_2024_02_29.csv,0.0547945205479452,202403  ,2024/03/20,0.011,18966.77
2024/02/29,OptionsDaily_2024_02_29.csv,0.01643835616438356,202403W1  ,2024/03/06,0.011,18966.77
2024/02/29,OptionsDaily_2024_02_29.csv,0.03561643835616438,202403W2  ,2024/03/13,0.011,18966.77
2024/02/29,OptionsDaily_2024_02_29.csv,0.13150684931506848,202404  ,2024/04/17,0.011,18966.77
2024/02/29,OptionsDaily_2024_02_29.csv,0.3041095890410959,202406  ,2024/06/19,0.011,18966.77
2024/03/01,OptionsDaily_2024_03_01.csv,0.052054794520547946,202403  ,2024/03/20,0.011,18935.93
2024/03/01,OptionsDaily_2024_03_01.csv,0.0136986301369863,202403W1  ,2024/03/06,0.011,18935.93
2024/03/01,OptionsDaily_2024_03_01.csv,0.03287671232876712,202403W2  ,2024/03/13,0.011,18935.93
2024/03/01,OptionsDaily_2024_03_01.csv,0.12876712328767123,202404  ,2024/04/17,0.011,18935.93
2024/03/01,OptionsDaily_2024_03_01.csv,0.2054794520547945,202405  ,2024/05/15,0.011,18935.93
2024/03/01,OptionsDaily_2024_03_01.csv,0.5506849315068493,202409  ,2024/09/18,0.011,18935.93
2024/03/04,OptionsDaily_2024_03_04.csv,0.043835616438356165,202403  ,2024/03/20,0.011,19305.31
2024/03/04,OptionsDaily_2024_03_04.csv,0.005479452054794521,202403W1  ,2024/03/06,0.011,19305.31
2024/03/04,OptionsDaily_2024_03_04.csv,0.024657534246575342,202403W2  ,2024/03/13,0.011,19305.31
2024/03/04,OptionsDaily_2024_03_04.csv,0.12054794520547946,202404  ,2024/04/17,0.011,19305.31
2024/03/04,OptionsDaily_2024_03_04.csv,0.19726027397260273,202405  ,2024/05/15,0.011,19305.31
2024/03/05,OptionsDaily_2024_03_05.csv,0.0410958904109589,202403  ,2024/03/20,0.011,19386.92
2024/03/05,OptionsDaily_2024_03_05.csv,0.0027397260273972603,202403W1  ,2024/03/06,0.011,19386.92
2024/03/05,OptionsDaily_2024_03_05.csv,0.021917808219178082,202403W2  ,2024/03/13,0.011,19386.92
2024/03/05,OptionsDaily_2024_03_05.csv,0.1178082191780822,202404  ,2024/04/17,0.011,19386.92
2024/03/05,OptionsDaily_2024_03_05.csv,0.19452054794520549,202405  ,2024/05/15,0.011,19386.92
2024/03/05,OptionsDaily_2024_03_05.csv,0.5397260273972603,202409  ,2024/09/18,0.011,19386.92
2024/03/06,OptionsDaily_2024_03_06.csv,0.038356164383561646,202403  ,2024/03/20,0.011,19499.45
2024/03/06,OptionsDaily_2024_03_06.csv,0.0027397260273972603,202403W1  ,2024/03/06,0.011,19499.45
2024/03/06,OptionsDaily_2024_03_06.csv,0.019178082191780823,202403W2  ,2024/03/13,0.011,19499.45
2024/03/06,OptionsDaily_2024_03_06.csv,0.11506849315068493,202404  ,2024/04/17,0.011,19499.45
2024/03/06,OptionsDaily_2024_03_06.csv,0.2876712328767123,202406  ,2024/06/19,0.011,19499.45
2024/03/07,OptionsDaily_2024_03_07.csv,0.03561643835616438,202403  ,2024/03/20,0.011,19693.52
2024/03/07,OptionsDaily_2024_03_07.csv,0.01643835616438356,202403W2  ,2024/03/13,0.011,19693.52
2024/03/07,OptionsDaily_2024_03_07.csv,0.11232876712328767,202404  ,2024/04/17,0.011,19693.52
2024/03/07,OptionsDaily_2024_03_07.csv,0.5342465753424658,202409  ,2024/09/18,0.011,19693.52
2024/03/08,OptionsDaily_2024_03_08.csv,0.03287671232876712,202403  ,2024/03/20,0.011,19785.32
2024/03/08,OptionsDaily_2024_03_08.csv,0.0136986301369863,202403W2  ,2024/03/13,0.011,19785.32
2024/03/08,OptionsDaily_2024_03_08.csv,0.1095890410958904,202404  ,2024/04/17,0.011,19785.32
2024/03/08,OptionsDaily_2024_03_08.csv,0.1863013698630137,202405  ,2024/05/15,0.011,19785.32
2024/03/08,OptionsDaily_2024_03_08.csv,0.2821917808219178,202406  ,2024/06/19,0.011,19785.32
2024/03/08,OptionsDaily_2024_03_08.csv,0.5315068493150685,202409  ,2024/09/18,0.011,19785.32
2024/03/11,OptionsDaily_2024_03_11.csv,0.024657534246575342,202403  ,2024/03/20,0.011,19726.08
2024/03/11,OptionsDaily_2024_03_11.csv,0.005479452054794521,202403W2  ,2024/03/13,0.011,19726.08
2024/03/11,OptionsDaily_2024_03_11.csv,0.10136986301369863,202404  ,2024/04/17,0.011,19726.08
2024/03/11,OptionsDaily_2024_03_11.csv,0.1780821917808219,202405  ,2024/05/15,0.011,19726.08
2024/03/11,OptionsDaily_2024_03_11.csv,0.273972602739726,202406  ,2024/06/19,0.011,19726.08
2024/03/12,OptionsDaily_2024_03_12.csv,0.021917808219178082,202403  ,2024/03/20,0.011,19914.55
2024/03/12,OptionsDaily_2024_03_12.csv,0.0027397260273972603,202403W2  ,2024/03/13,0.011,19914.55
2024/03/12,OptionsDaily_2024_03_12.csv,0.09863013698630137,202404  ,2024/04/17,0.011,19914.55
2024/03/12,OptionsDaily_2024_03_12.csv,0.17534246575342466,202405  ,2024/05/15,0.011,19914.55
2024/03/12,OptionsDaily_2024_03_12.csv,0.27123287671232876,202406  ,2024/06/19,0.011,19914.55
2024/03/13,OptionsDaily_2024_03_13.csv,0.019178082191780823,202403  ,2024/03/20,0.011,19928.51
2024/03/13,OptionsDaily_2024_03_13.csv,0.0027397260273972603,202403W2  ,2024/03/13,0.011,19928.51
2024/03/13,OptionsDaily_2024_03_13.csv,0.038356164383561646,202403W4  ,2024/03/27,0.011,19928.51
2024/03/13,OptionsDaily_2024_03_13.csv,0.0958904109589041,202404  ,2024/04/17,0.011,19928.51
2024/03/13,OptionsDaily_2024_03_13.csv,0.2684931506849315,202406  ,2024/06/19,0.011,19928.51
2024/03/14,OptionsDaily_2024_03_14.csv,0.01643835616438356,202403  ,2024/03/20,0.011,19937.92
2024/03/14,OptionsDaily_2024_03_14.csv,0.03561643835616438,202403W4  ,2024/03/27,0.011,19937.92
2024/03/14,OptionsDaily_2024_03_14.csv,0.09315068493150686,202404  ,2024/04/17,0.011,19937.92
2024/03/14,OptionsDaily_2024_03_14.csv,0.16986301369863013,202405  ,2024/05/15,0.011,19937.92
2024/03/14,OptionsDaily_2024_03_14.csv,0.26575342465753427,202406  ,2024/06/19,0.011,19937.92
2024/03/14,OptionsDaily_2024_03_14.csv,0.5150684931506849,202409  ,2024/09/18,0.011,19937.92
2024/03/15,OptionsDaily_2024_03_15.csv,0.0136986301369863,202403  ,2024/03/20,0.011,19682.5
2024/03/15,OptionsDaily_2024_03_15.csv,0.03287671232876712,202403W4  ,2024/03/27,0.011,19682.5
2024/03/15,OptionsDaily_2024_03_15.csv,0.09041095890410959,202404  ,2024/04/17,0.011,19682.5
2024/03/15,OptionsDaily_2024_03_15.csv,0.16712328767123288,202405  ,2024/05/15,0.011,19682.5
2024/03/15,OptionsDaily_2024_03_15.csv,0.5123287671232877,202409  ,2024/09/18,0.011,19682.5
2024/03/18,OptionsDaily_2024_03_18.csv,0.005479452054794521,202403  ,2024/03/20,0.011,19879.85
2024/03/18,OptionsDaily_2024_03_18.csv,0.024657534246575342,202403W4  ,2024/03/27,0.011,19879.85
2024/03/18,OptionsDaily_2024_03_18.csv,0.0821917808219178,202404  ,2024/04/17,0.011,19879.85
2024/03/18,OptionsDaily_2024_03_18.csv,0.1589041095890411,202405  ,2024/05/15,0.011,19879.85
2024/03/18,OptionsDaily_2024_03_18.csv,0.2547945205479452,202406  ,2024/06/19,0.011,19879.85
2024/03/18,OptionsDaily_2024_03_18.csv,0.5041095890410959,202409  ,2024/09/18,0.011,19879.85
2024/03/19,OptionsDaily_2024_03_19.csv,0.0027397260273972603,202403  ,2024/03/20,0.011,19857.2
2024/03/19,OptionsDaily_2024_03_19.csv,0.021917808219178082,202403W4  ,2024/03/27,0.011,19857.2
2024/03/19,OptionsDaily_2024_03_19.csv,0.07945205479452055,202404  ,2024/04/17,0.011,19857.2
2024/03/19,OptionsDaily_2024_03_19.csv,0.25205479452054796,202406  ,2024/06/19,0.011,19857.2
2024/03/20,OptionsDaily_2024_03_20.csv,0.0027397260273972603,202403  ,2024/03/20,0.011,19784.45
2024/03/20,OptionsDaily_2024_03_20.csv,0.019178082191780823,202403W4  ,2024/03/27,0.011,19784.45
2024/03/20,OptionsDaily_2024_03_20.csv,0.07671232876712329,202404  ,2024/04/17,0.011,19784.45
2024/03/20,OptionsDaily_2024_03_20.csv,0.038356164383561646,202404W1  ,2024/04/03,0.011,19784.45
2024/03/20,OptionsDaily_2024_03_20.csv,0.15342465753424658,202405  ,2024/05/15,0.011,19784.45
2024/03/20,OptionsDaily_2024_03_20.csv,0.2493150684931507,202406  ,2024/06/19,0.011,19784.45
2024/03/21,OptionsDaily_2024_03_21.csv,0.01643835616438356,202403W4  ,2024/03/27,0.011,20199.09
2024/03/21,OptionsDaily_2024_03_21.csv,0.07397260273972603,202404  ,2024/04/17,0.011,20199.09
2024/03/21,OptionsDaily_2024_03_21.csv,0.03561643835616438,202404W1  ,2024/04/03,0.011,20199.09
2024/03/21,OptionsDaily_2024_03_21.csv,0.1506849315068493,202405  ,2024/05/15,0.011,20199.09
2024/03/21,OptionsDaily_2024_03_21.csv,0.2465753424657534,202406  ,2024/06/19,0.011,20199.09
2024/03/21,OptionsDaily_2024_03_21.csv,0.4958904109589041,202409  ,2024/09/18,0.011,20199.09
2024/03/22,OptionsDaily_2024_03_22.csv,0.0136986301369863,202403W4  ,2024/03/27,0.011,20228.43
2024/03/22,OptionsDaily_2024_03_22.csv,0.07123287671232877,202404  ,2024/04/17,0.011,20228.43
2024/03/22,OptionsDaily_2024_03_22.csv,0.03287671232876712,202404W1  ,2024/04/03,0.011,20228.43
2024/03/22,OptionsDaily_2024_03_22.csv,0.14794520547945206,202405  ,2024/05/15,0.011,20228.43
2024/03/22,OptionsDaily_2024_03_22.csv,0.24383561643835616,202406  ,2024/06/19,0.011,20228.43
2024/03/22,OptionsDaily_2024_03_22.csv,0.4931506849315068,202409  ,2024/09/18,0.011,20228.43
2024/03/25,OptionsDaily_2024_03_25.csv,0.005479452054794521,202403W4  ,2024/03/27,0.0125,20192.25
2024/03/25,OptionsDaily_2024_03_25.csv,0.06301369863013699,202404  ,2024/04/17,0.0125,20192.25
2024/03/25,OptionsDaily_2024_03_25.csv,0.024657534246575342,202404W1  ,2024/04/03,0.0125,20192.25
2024/03/25,OptionsDaily_2024_03_25.csv,0.13972602739726028,202405  ,2024/05/15,0.0125,20192.25
2024/03/25,OptionsDaily_2024_03_25.csv,0.2356164383561644,202406  ,2024/06/19,0.0125,20192.25
2024/03/25,OptionsDaily_2024_03_25.csv,0.4849315068493151,202409  ,2024/09/18,0.0125,20192.25
2024/03/26,OptionsDaily_2024_03_26.csv,0.0027397260273972603,202403W4  ,2024/03/27,0.0125,20126.49
2024/03/26,OptionsDaily_2024_03_26.csv,0.06027397260273973,202404  ,2024/04/17,0.0125,20126.49
2024/03/26,OptionsDaily_2024_03_26.csv,0.021917808219178082,202404W1  ,2024/04/03,0.0125,20126.49
2024/03/26,OptionsDaily_2024_03_26.csv,0.136986301369863,202405  ,2024/05/15,0.0125,20126.49
2024/03/26,OptionsDaily_2024_03_26.csv,0.2328767123287671,202406  ,2024/06/19,0.0125,20126.49
2024/03/26,OptionsDaily_2024_03_26.csv,0.4821917808219178,202409  ,2024/09/18,0.0125,20126.49
2024/03/27,OptionsDaily_2024_03_27.csv,0.0027397260273972603,202403W4  ,2024/03/27,0.0125,20200.12
2024/03/27,OptionsDaily_2024_03_27.csv,0.057534246575342465,202404  ,2024/04/17,0.0125,20200.12
2024/03/27,OptionsDaily_2024_03_27.csv,0.019178082191780823,202404W1  ,2024/04/03,0.0125,20200.12
2024/03/27,OptionsDaily_2024_03_27.csv,0.038356164383561646,202404W2  ,2024/04/10,0.0125,20200.12
2024/03/27,OptionsDaily_2024_03_27.csv,0.23013698630136986,202406  ,2024/06/19,0.0125,20200.12
2024/03/27,OptionsDaily_2024_03_27.csv,0.4794520547945205,202409  ,2024/09/18,0.0125,20200.12
2024/03/28,OptionsDaily_2024_03_28.csv,0.0547945205479452,202404  ,2024/04/17,0.0125,20146.55
2024/03/28,OptionsDaily_2024_03_28.csv,0.01643835616438356,202404W1  ,2024/04/03,0.0125,20146.55
2024/03/28,OptionsDaily_2024_03_28.csv,0.03561643835616438,202404W2  ,2024/04/10,0.0125,20146.55
2024/03/28,OptionsDaily_2024_03_28.csv,0.13150684931506848,202405  ,2024/05/15,0.0125,20146.55
2024/03/28,OptionsDaily_2024_03_28.csv,0.2273972602739726,202406  ,2024/06/19,0.0125,20146.55
2024/03/29,OptionsDaily_2024_03_29.csv,0.052054794520547946,202404  ,2024/04/17,0.0125,20294.45
2024/03/29,OptionsDaily_2024_03_29.csv,0.0136986301369863,202404W1  ,2024/04/03,0.0125,20294.45
2024/03/29,OptionsDaily_2024_03_29.csv,0.03287671232876712,202404W2  ,2024/04/10,0.0125,20294.45
2024/03/29,OptionsDaily_2024_03_29.csv,0.12876712328767123,202405  ,2024/05/15,0.0125,20294.45
2024/04/01,OptionsDaily_2024_04_01.csv,0.043835616438356165,202404  ,2024/04/17,0.0125,20222.33
2024/04/01,OptionsDaily_2024_04_01.csv,0.005479452054794521,202404W1  ,2024/04/03,0.0125,20222.33
2024/04/01,OptionsDaily_2024_04_01.csv,0.024657534246575342,202404W2  ,2024/04/10,0.0125,20222.33
2024/04/01,OptionsDaily_2024_04_01.csv,0.12054794520547946,202405  ,2024/05/15,0.0125,20222.33
2024/04/01,OptionsDaily_2024_04_01.csv,0.21643835616438356,202406  ,2024/06/19,0.0125,20222.33
2024/04/02,OptionsDaily_2024_04_02.csv,0.0410958904109589,202404  ,2024/04/17,0.0125,20466.57
2024/04/02,OptionsDaily_2024_04_02.csv,0.0027397260273972603,202404W1  ,2024/04/03,0.0125,20466.57
2024/04/02,OptionsDaily_2024_04_02.csv,0.021917808219178082,202404W2  ,2024/04/10,0.0125,20466.57
2024/04/02,OptionsDaily_2024_04_02.csv,0.1178082191780822,202405  ,2024/05/15,0.0125,20466.57
2024/04/02,OptionsDaily_2024_04_02.csv,0.2136986301369863,202406  ,2024/06/19,0.0125,20466.57
2024/04/03,OptionsDaily_2024_04_03.csv,0.038356164383561646,202404  ,2024/04/17,0.0125,20337.6
2024/04/03,OptionsDaily_2024_04_03.csv,0.0027397260273972603,202404W1  ,2024/04/03,0.0125,20337.6
2024/04/03,OptionsDaily_2024_04_03.csv,0.019178082191780823,202404W2  ,2024/04/10,0.0125,20337.6
2024/04/03,OptionsDaily_2024_04_03.csv,0.11506849315068493,202405  ,2024/05/15,0.0125,20337.6
2024/04/03,OptionsDaily_2024_04_03.csv,0.21095890410958903,202406  ,2024/06/19,0.0125,20337.6
2024/04/08,OptionsDaily_2024_04_08.csv,0.024657534246575342,202404  ,2024/04/17,0.0125,20417.7
2024/04/08,OptionsDaily_2024_04_08.csv,0.005479452054794521,202404W2  ,2024/04/10,0.0125,20417.7
2024/04/08,OptionsDaily_2024_04_08.csv,0.10136986301369863,202405  ,2024/05/15,0.0125,20417.7
2024/04/08,OptionsDaily_2024_04_08.csv,0.19726027397260273,202406  ,2024/06/19,0.0125,20417.7
2024/04/09,OptionsDaily_2024_04_09.csv,0.021917808219178082,202404  ,2024/04/17,0.0125,20796.2
2024/04/09,OptionsDaily_2024_04_09.csv,0.0027397260273972603,202404W2  ,2024/04/10,0.0125,20796.2
2024/04/09,OptionsDaily_2024_04_09.csv,0.09863013698630137,202405  ,2024/05/15,0.0125,20796.2
2024/04/09,OptionsDaily_2024_04_09.csv,0.19452054794520549,202406  ,2024/06/19,0.0125,20796.2
2024/04/09,OptionsDaily_2024_04_09.csv,0.6931506849315069,202412  ,2024/12/18,0.0125,20796.2
2024/04/10,OptionsDaily_2024_04_10.csv,0.019178082191780823,202404  ,2024/04/17,0.0125,20763.53
2024/04/10,OptionsDaily_2024_04_10.csv,0.0027397260273972603,202404W2  ,2024/04/10,0.0125,20763.53
2024/04/10,OptionsDaily_2024_04_10.csv,0.038356164383561646,202404W4  ,2024/04/24,0.0125,20763.53
2024/04/10,OptionsDaily_2024_04_10.csv,0.0958904109589041,202405  ,2024/05/15,0.0125,20763.53
2024/04/10,OptionsDaily_2024_04_10.csv,0.1917808219178082,202406  ,2024/06/19,0.0125,20763.53
2024/04/11,OptionsDaily_2024_04_11.csv,0.01643835616438356,202404  ,2024/04/17,0.0125,20753.22
2024/04/11,OptionsDaily_2024_04_11.csv,0.03561643835616438,202404W4  ,2024/04/24,0.0125,20753.22
2024/04/11,OptionsDaily_2024_04_11.csv,0.09315068493150686,202405  ,2024/05/15,0.0125,20753.22
2024/04/11,OptionsDaily_2024_04_11.csv,0.18904109589041096,202406  ,2024/06/19,0.0125,20753.22
2024/04/12,OptionsDaily_2024_04_12.csv,0.0136986301369863,202404  ,2024/04/17,0.0125,20736.57
2024/04/12,OptionsDaily_2024_04_12.csv,0.03287671232876712,202404W4  ,2024/04/24,0.0125,20736.57
2024/04/12,OptionsDaily_2024_04_12.csv,0.09041095890410959,202405  ,2024/05/15,0.0125,20736.57
2024/04/12,OptionsDaily_2024_04_12.csv,0.43561643835616437,202409  ,2024/09/18,0.0125,20736.57
2024/04/15,OptionsDaily_2024_04_15.csv,0.005479452054794521,202404  ,2024/04/17,0.0125,20449.77
2024/04/15,OptionsDaily_2024_04_15.csv,0.024657534246575342,202404W4  ,2024/04/24,0.0125,20449.77
2024/04/15,OptionsDaily_2024_04_15.csv,0.0821917808219178,202405  ,2024/05/15,0.0125,20449.77
2024/04/15,OptionsDaily_2024_04_15.csv,0.1780821917808219,202406  ,2024/06/19,0.0125,20449.77
2024/04/16,OptionsDaily_2024_04_16.csv,0.0027397260273972603,202404  ,2024/04/17,0.0125,19901.96
2024/04/16,OptionsDaily_2024_04_16.csv,0.021917808219178082,202404W4  ,2024/04/24,0.0125,19901.96
2024/04/16,OptionsDaily_2024_04_16.csv,0.07945205479452055,202405  ,2024/05/15,0.0125,19901.96
2024/04/16,OptionsDaily_2024_04_16.csv,0.17534246575342466,202406  ,2024/06/19,0.0125,19901.96
2024/04/16,OptionsDaily_2024_04_16.csv,0.4246575342465753,202409  ,2024/09/18,0.0125,19901.96
2024/04/16,OptionsDaily_2024_04_16.csv,0.673972602739726,202412  ,2024/12/18,0.0125,19901.96
2024/04/17,OptionsDaily_2024_04_17.csv,0.0027397260273972603,202404  ,2024/04/17,0.0125,20213.33
2024/04/17,OptionsDaily_2024_04_17.csv,0.019178082191780823,202404W4  ,2024/04/24,0.0125,20213.33
2024/04/17,OptionsDaily_2024_04_17.csv,0.07671232876712329,202405  ,2024/05/15,0.0125,20213.33
2024/04/17,OptionsDaily_2024_04_17.csv,0.038356164383561646,202405W1  ,2024/05/01,0.0125,20213.33
2024/04/17,OptionsDaily_2024_04_17.csv,0.1726027397260274,202406  ,2024/06/19,0.0125,20213.33
2024/04/18,OptionsDaily_2024_04_18.csv,0.01643835616438356,202404W4  ,2024/04/24,0.0125,20301.2
2024/04/18,OptionsDaily_2024_04_18.csv,0.07397260273972603,202405  ,2024/05/15,0.0125,20301.2
2024/04/18,OptionsDaily_2024_04_18.csv,0.03561643835616438,202405W1  ,2024/05/01,0.0125,20301.2
2024/04/18,OptionsDaily_2024_04_18.csv,0.16986301369863013,202406  ,2024/06/19,0.0125,20301.2
2024/04/19,OptionsDaily_2024_04_19.csv,0.0136986301369863,202404W4  ,2024/04/24,0.0125,19527.12
2024/04/19,OptionsDaily_2024_04_19.csv,0.07123287671232877,202405  ,2024/05/15,0.0125,19527.12
2024/04/19,OptionsDaily_2024_04_19.csv,0.03287671232876712,202405W1  ,2024/05/01,0.0125,19527.12
2024/04/19,OptionsDaily_2024_04_19.csv,0.16712328767123288,202406  ,2024/06/19,0.0125,19527.12
2024/04/19,OptionsDaily_2024_04_19.csv,0.6657534246575343,202412  ,2024/12/18,0.0125,19527.12
2024/04/22,OptionsDaily_2024_04_22.csv,0.005479452054794521,202404W4  ,2024/04/24,0.0125,19411.22
2024/04/22,OptionsDaily_2024_04_22.csv,0.06301369863013699,202405  ,2024/05/15,0.0125,19411.22
2024/04/22,OptionsDaily_2024_04_22.csv,0.024657534246575342,202405W1  ,2024/05/01,0.0125,19411.22
2024/04/22,OptionsDaily_2024_04_22.csv,0.1589041095890411,202406  ,2024/06/19,0.0125,19411.22
2024/04/23,OptionsDaily_2024_04_23.csv,0.0027397260273972603,202404W4  ,2024/04/24,0.0125,19599.28
2024/04/23,OptionsDaily_2024_04_23.csv,0.06027397260273973,202405  ,2024/05/15,0.0125,19599.28
2024/04/23,OptionsDaily_2024_04_23.csv,0.021917808219178082,202405W1  ,2024/05/01,0.0125,19599.28
2024/04/23,OptionsDaily_2024_04_23.csv,0.15616438356164383,202406  ,2024/06/19,0.0125,19599.28
2024/04/24,OptionsDaily_2024_04_24.csv,0.0027397260273972603,202404W4  ,2024/04/24,0.0125,20131.74
2024/04/24,OptionsDaily_2024_04_24.csv,0.057534246575342465,202405  ,2024/05/15,0.0125,20131.74
2024/04/24,OptionsDaily_2024_04_24.csv,0.019178082191780823,202405W1  ,2024/05/01,0.0125,20131.74
2024/04/24,OptionsDaily_2024_04_24.csv,0.038356164383561646,202405W2  ,2024/05/08,0.0125,20131.74
2024/04/24,OptionsDaily_2024_04_24.csv,0.15342465753424658,202406  ,2024/06/19,0.0125,20131.74
2024/04/25,OptionsDaily_2024_04_25.csv,0.0547945205479452,202405  ,2024/05/15,0.0125,19857.42
2024/04/25,OptionsDaily_2024_04_25.csv,0.01643835616438356,202405W1  ,2024/05/01,0.0125,19857.42
2024/04/25,OptionsDaily_2024_04_25.csv,0.03561643835616438,202405W2  ,2024/05/08,0.0125,19857.42
2024/04/25,OptionsDaily_2024_04_25.csv,0.1506849315068493,202406  ,2024/06/19,0.0125,19857.42
2024/04/25,OptionsDaily_2024_04_25.csv,0.2273972602739726,202407  ,2024/07/17,0.0125,19857.42
2024/04/26,OptionsDaily_2024_04_26.csv,0.052054794520547946,202405  ,2024/05/15,0.0125,20120.51
2024/04/26,OptionsDaily_2024_04_26.csv,0.0136986301369863,202405W1  ,2024/05/01,0.0125,20120.51
2024/04/26,OptionsDaily_2024_04_26.csv,0.03287671232876712,202405W2  ,2024/05/08,0.0125,20120.51
2024/04/26,OptionsDaily_2024_04_26.csv,0.14794520547945206,202406  ,2024/06/19,0.0125,20120.51
2024/04/26,OptionsDaily_2024_04_26.csv,0.22465753424657534,202407  ,2024/07/17,0.0125,20120.51
2024/04/26,OptionsDaily_2024_04_26.csv,0.3972602739726027,202409  ,2024/09/18,0.0125,20120.51
2024/04/26,OptionsDaily_2024_04_26.csv,0.6465753424657534,202412  ,2024/12/18,0.0125,20120.51
2024/04/29,OptionsDaily_2024_04_29.csv,0.043835616438356165,202405  ,2024/05/15,0.0125,20495.52
2024/04/29,OptionsDaily_2024_04_29.csv,0.005479452054794521,202405W1  ,2024/05/01,0.0125,20495.52
2024/04/29,OptionsDaily_2024_04_29.csv,0.024657534246575342,202405W2  ,2024/05/08,0.0125,20495.52
2024/04/29,OptionsDaily_2024_04_29.csv,0.13972602739726028,202406  ,2024/06/19,0.0125,20495.52
2024/04/29,OptionsDaily_2024_04_29.csv,0.21643835616438356,202407  ,2024/07/17,0.0125,20495.52
2024/04/30,OptionsDaily_2024_04_30.csv,0.0410958904109589,202405  ,2024/05/15,0.0125,20396.6
2024/04/30,OptionsDaily_2024_04_30.csv,0.0027397260273972603,202405W1  ,2024/05/01,0.0125,20396.6
2024/04/30,OptionsDaily_2024_04_30.csv,0.021917808219178082,202405W2  ,2024/05/08,0.0125,20396.6
2024/04/30,OptionsDaily_2024_04_30.csv,0.136986301369863,202406  ,2024/06/19,0.0125,20396.6
2024/04/30,OptionsDaily_2024_04_30.csv,0.3863013698630137,202409  ,2024/09/18,0.0125,20396.6
2024/05/02,OptionsDaily_2024_05_02.csv,0.03561643835616438,202405  ,2024/05/15,0.0125,20222.44
2024/05/02,OptionsDaily_2024_05_02.csv,0.0027397260273972603,202405W1  ,2024/05/01,0.0125,20222.44
2024/05/02,OptionsDaily_2024_05_02.csv,0.01643835616438356,202405W2  ,2024/05/08,0.0125,20222.44
2024/05/02,OptionsDaily_2024_05_02.csv,0.13150684931506848,202406  ,2024/06/19,0.0125,20222.44
2024/05/03,OptionsDaily_2024_05_03.csv,0.03287671232876712,202405  ,2024/05/15,0.0125,20330.32
2024/05/03,OptionsDaily_2024_05_03.csv,0.0136986301369863,202405W2  ,2024/05/08,0.0125,20330.32
2024/05/03,OptionsDaily_2024_05_03.csv,0.12876712328767123,202406  ,2024/06/19,0.0125,20330.32
2024/05/03,OptionsDaily_2024_05_03.csv,0.2054794520547945,202407  ,2024/07/17,0.0125,20330.32
2024/05/06,OptionsDaily_2024_05_06.csv,0.024657534246575342,202405  ,2024/05/15,0.0125,20523.31
2024/05/06,OptionsDaily_2024_05_06.csv,0.005479452054794521,202405W2  ,2024/05/08,0.0125,20523.31
2024/05/06,OptionsDaily_2024_05_06.csv,0.12054794520547946,202406  ,2024/06/19,0.0125,20523.31
2024/05/06,OptionsDaily_2024_05_06.csv,0.19726027397260273,202407  ,2024/07/17,0.0125,20523.31
2024/05/06,OptionsDaily_2024_05_06.csv,0.3698630136986301,202409  ,2024/09/18,0.0125,20523.31
2024/05/07,OptionsDaily_2024_05_07.csv,0.021917808219178082,202405  ,2024/05/15,0.0125,20653.53
2024/05/07,OptionsDaily_2024_05_07.csv,0.0027397260273972603,202405W2  ,2024/05/08,0.0125,20653.53
2024/05/07,OptionsDaily_2024_05_07.csv,0.1178082191780822,202406  ,2024/06/19,0.0125,20653.53
2024/05/07,OptionsDaily_2024_05_07.csv,0.36712328767123287,202409  ,2024/09/18,0.0125,20653.53
2024/05/07,OptionsDaily_2024_05_07.csv,0.6164383561643836,202412  ,2024/12/18,0.0125,20653.53
2024/05/08,OptionsDaily_2024_05_08.csv,0.019178082191780823,202405  ,2024/05/15,0.0125,20700.51
2024/05/08,OptionsDaily_2024_05_08.csv,0.0027397260273972603,202405W2  ,2024/05/08,0.0125,20700.51
2024/05/08,OptionsDaily_2024_05_08.csv,0.038356164383561646,202405W4  ,2024/05/22,0.0125,20700.51
2024/05/08,OptionsDaily_2024_05_08.csv,0.11506849315068493,202406  ,2024/06/19,0.0125,20700.51
2024/05/09,OptionsDaily_2024_05_09.csv,0.01643835616438356,202405  ,2024/05/15,0.0125,20560.77
2024/05/09,OptionsDaily_2024_05_09.csv,0.03561643835616438,202405W4  ,2024/05/22,0.0125,20560.77
2024/05/09,OptionsDaily_2024_05_09.csv,0.11232876712328767,202406  ,2024/06/19,0.0125,20560.77
2024/05/09,OptionsDaily_2024_05_09.csv,0.18904109589041096,202407  ,2024/07/17,0.0125,20560.77
2024/05/09,OptionsDaily_2024_05_09.csv,0.36164383561643837,202409  ,2024/09/18,0.0125,20560.77
2024/05/10,OptionsDaily_2024_05_10.csv,0.0136986301369863,202405  ,2024/05/15,0.0125,20708.84
2024/05/10,OptionsDaily_2024_05_10.csv,0.03287671232876712,202405W4  ,2024/05/22,0.0125,20708.84
2024/05/10,OptionsDaily_2024_05_10.csv,0.1095890410958904,202406  ,2024/06/19,0.0125,20708.84
2024/05/10,OptionsDaily_2024_05_10.csv,0.3589041095890411,202409  ,2024/09/18,0.0125,20708.84
2024/05/13,OptionsDaily_2024_05_13.csv,0.005479452054794521,202405  ,2024/05/15,0.0125,20857.71
2024/05/13,OptionsDaily_2024_05_13.csv,0.024657534246575342,202405W4  ,2024/05/22,0.0125,20857.71
2024/05/13,OptionsDaily_2024_05_13.csv,0.10136986301369863,202406  ,2024/06/19,0.0125,20857.71
2024/05/13,OptionsDaily_2024_05_13.csv,0.1780821917808219,202407  ,2024/07/17,0.0125,20857.71
2024/05/13,OptionsDaily_2024_05_13.csv,0.3506849315068493,202409  ,2024/09/18,0.0125,20857.71
2024/05/14,OptionsDaily_2024_05_14.csv,0.0027397260273972603,202405  ,2024/05/15,0.0125,20985.85
2024/05/14,OptionsDaily_2024_05_14.csv,0.021917808219178082,202405W4  ,2024/05/22,0.0125,20985.85
2024/05/14,OptionsDaily_2024_05_14.csv,0.09863013698630137,202406  ,2024/06/19,0.0125,20985.85
2024/05/14,OptionsDaily_2024_05_14.csv,0.17534246575342466,202407  ,2024/07/17,0.0125,20985.85
2024/05/15,OptionsDaily_2024_05_15.csv,0.0027397260273972603,202405  ,2024/05/15,0.0125,21147.21
2024/05/15,OptionsDaily_2024_05_15.csv,0.019178082191780823,202405W4  ,2024/05/22,0.0125,21147.21
2024/05/15,OptionsDaily_2024_05_15.csv,0.038356164383561646,202405W5  ,2024/05/29,0.0125,21147.21
2024/05/15,OptionsDaily_2024_05_15.csv,0.0958904109589041,202406  ,2024/06/19,0.0125,21147.21
2024/05/15,OptionsDaily_2024_05_15.csv,0.1726027397260274,202407  ,2024/07/17,0.0125,21147.21
2024/05/15,OptionsDaily_2024_05_15.csv,0.3452054794520548,202409  ,2024/09/18,0.0125,21147.21
2024/05/16,OptionsDaily_2024_05_16.csv,0.01643835616438356,202405W4  ,2024/05/22,0.0125,21304.26
2024/05/16,OptionsDaily_2024_05_16.csv,0.03561643835616438,202405W5  ,2024/05/29,0.0125,21304.26
2024/05/16,OptionsDaily_2024_05_16.csv,0.09315068493150686,202406  ,2024/06/19,0.0125,21304.26
2024/05/16,OptionsDaily_2024_05_16.csv,0.16986301369863013,202407  ,2024/07/17,0.0125,21304.26
2024/05/16,OptionsDaily_2024_05_16.csv,0.3424657534246575,202409  ,2024/09/18,0.0125,21304.26
2024/05/17,OptionsDaily_2024_05_17.csv,0.0136986301369863,202405W4  ,2024/05/22,0.0125,21258.47
2024/05/17,OptionsDaily_2024_05_17.csv,0.03287671232876712,202405W5  ,2024/05/29,0.0125,21258.47
2024/05/17,OptionsDaily_2024_05_17.csv,0.09041095890410959,202406  ,2024/06/19,0.0125,21258.47
2024/05/17,OptionsDaily_2024_05_17.csv,0.16712328767123288,202407  ,2024/07/17,0.0125,21258.47
2024/05/20,OptionsDaily_2024_05_20.csv,0.005479452054794521,202405W4  ,2024/05/22,0.0125,21271.63
2024/05/20,OptionsDaily_2024_05_20.csv,0.024657534246575342,202405W5  ,2024/05/29,0.0125,21271.63
2024/05/20,OptionsDaily_2024_05_20.csv,0.0821917808219178,202406  ,2024/06/19,0.0125,21271.63
2024/05/20,OptionsDaily_2024_05_20.csv,0.1589041095890411,202407  ,2024/07/17,0.0125,21271.63
2024/05/21,OptionsDaily_2024_05_21.csv,0.0027397260273972603,202405W4  ,2024/05/22,0.0125,21236.75
2024/05/21,OptionsDaily_2024_05_21.csv,0.021917808219178082,202405W5  ,2024/05/29,0.0125,21236.75
2024/05/21,OptionsDaily_2024_05_21.csv,0.07945205479452055,202406  ,2024/06/19,0.0125,21236.75
2024/05/21,OptionsDaily_2024_05_21.csv,0.3287671232876712,202409  ,2024/09/18,0.0125,21236.75
2024/05/22,OptionsDaily_2024_05_22.csv,0.0027397260273972603,202405W4  ,2024/05/22,0.0125,21551.83
2024/05/22,OptionsDaily_2024_05_22.csv,0.019178082191780823,202405W5  ,2024/05/29,0.0125,21551.83
2024/05/22,OptionsDaily_2024_05_22.csv,0.07671232876712329,202406  ,2024/06/19,0.0125,21551.83
2024/05/22,OptionsDaily_2024_05_22.csv,0.038356164383561646,202406W1  ,2024/06/05,0.0125,21551.83
2024/05/22,OptionsDaily_2024_05_22.csv,0.32602739726027397,202409  ,2024/09/18,0.0125,21551.83
2024/05/23,OptionsDaily_2024_05_23.csv,0.01643835616438356,202405W5  ,2024/05/29,0.0125,21607.43
2024/05/23,OptionsDaily_2024_05_23.csv,0.07397260273972603,202406  ,2024/06/19,0.0125,21607.43
2024/05/23,OptionsDaily_2024_05_23.csv,0.03561643835616438,202406W1  ,2024/06/05,0.0125,21607.43
2024/05/23,OptionsDaily_2024_05_23.csv,0.1506849315068493,202407  ,2024/07/17,0.0125,21607.43
2024/05/23,OptionsDaily_2024_05_23.csv,0.3232876712328767,202409  ,2024/09/18,0.0125,21607.43
2024/05/24,OptionsDaily_2024_05_24.csv,0.0136986301369863,202405W5  ,2024/05/29,0.0125,21565.34
2024/05/24,OptionsDaily_2024_05_24.csv,0.07123287671232877,202406  ,2024/06/19,0.0125,21565.34
2024/05/24,OptionsDaily_2024_05_24.csv,0.03287671232876712,202406W1  ,2024/06/05,0.0125,21565.34
2024/05/24,OptionsDaily_2024_05_24.csv,0.14794520547945206,202407  ,2024/07/17,0.0125,21565.34
2024/05/24,OptionsDaily_2024_05_24.csv,0.24383561643835616,202408  ,2024/08/21,0.0125,21565.34
2024/05/24,OptionsDaily_2024_05_24.csv,0.5698630136986301,202412  ,2024/12/18,0.0125,21565.34
2024/05/27,OptionsDaily_2024_05_27.csv,0.005479452054794521,202405W5  ,2024/05/29,0.0125,21803.77
2024/05/27,OptionsDaily_2024_05_27.csv,0.06301369863013699,202406  ,2024/06/19,0.0125,21803.77
2024/05/27,OptionsDaily_2024_05_27.csv,0.024657534246575342,202406W1  ,2024/06/05,0.0125,21803.77
2024/05/27,OptionsDaily_2024_05_27.csv,0.13972602739726028,202407  ,2024/07/17,0.0125,21803.77
2024/05/28,OptionsDaily_2024_05_28.csv,0.0027397260273972603,202405W5  ,2024/05/29,0.0125,21858.41
2024/05/28,OptionsDaily_2024_05_28.csv,0.06027397260273973,202406  ,2024/06/19,0.0125,21858.41
2024/05/28,OptionsDaily_2024_05_28.csv,0.021917808219178082,202406W1  ,2024/06/05,0.0125,21858.41
2024/05/28,OptionsDaily_2024_05_28.csv,0.136986301369863,202407  ,2024/07/17,0.0125,21858.41
2024/05/28,OptionsDaily_2024_05_28.csv,0.3095890410958904,202409  ,2024/09/18,0.0125,21858.41
2024/05/29,OptionsDaily_2024_05_29.csv,0.0027397260273972603,202405W5  ,2024/05/29,0.0125,21662.5
2024/05/29,OptionsDaily_2024_05_29.csv,0.057534246575342465,202406  ,2024/06/19,0.0125,21662.5
2024/05/29,OptionsDaily_2024_05_29.csv,0.019178082191780823,202406W1  ,2024/06/05,0.0125,21662.5
2024/05/29,OptionsDaily_2024_05_29.csv,0.038356164383561646,202406W2  ,2024/06/12,0.0125,21662.5
2024/05/29,OptionsDaily_2024_05_29.csv,0.13424657534246576,202407  ,2024/07/17,0.0125,21662.5
2024/05/29,OptionsDaily_2024_05_29.csv,0.23013698630136986,202408  ,2024/08/21,0.0125,21662.5
2024/05/30,OptionsDaily_2024_05_30.csv,0.0547945205479452,202406  ,2024/06/19,0.0125,21364.48
2024/05/30,OptionsDaily_2024_05_30.csv,0.01643835616438356,202406W1  ,2024/06/05,0.0125,21364.48
2024/05/30,OptionsDaily_2024_05_30.csv,0.03561643835616438,202406W2  ,2024/06/12,0.0125,21364.48
2024/05/30,OptionsDaily_2024_05_30.csv,0.13150684931506848,202407  ,2024/07/17,0.0125,21364.48
2024/05/30,OptionsDaily_2024_05_30.csv,0.5534246575342465,202412  ,2024/12/18,0.0125,21364.48
2024/05/31,OptionsDaily_2024_05_31.csv,0.052054794520547946,202406  ,2024/06/19,0.0125,21174.22
2024/05/31,OptionsDaily_2024_05_31.csv,0.0136986301369863,202406W1  ,2024/06/05,0.0125,21174.22
2024/05/31,OptionsDaily_2024_05_31.csv,0.03287671232876712,202406W2  ,2024/06/12,0.0125,21174.22
2024/05/31,OptionsDaily_2024_05_31.csv,0.12876712328767123,202407  ,2024/07/17,0.0125,21174.22
2024/05/31,OptionsDaily_2024_05_31.csv,0.22465753424657534,202408  ,2024/08/21,0.0125,21174.22
2024/05/31,OptionsDaily_2024_05_31.csv,0.5506849315068493,202412  ,2024/12/18,0.0125,21174.22
2024/06/03,OptionsDaily_2024_06_03.csv,0.043835616438356165,202406  ,2024/06/19,0.0125,21536.76
2024/06/03,OptionsDaily_2024_06_03.csv,0.005479452054794521,202406W1  ,2024/06/05,0.0125,21536.76
2024/06/03,OptionsDaily_2024_06_03.csv,0.024657534246575342,202406W2  ,2024/06/12,0.0125,21536.76
2024/06/03,OptionsDaily_2024_06_03.csv,0.12054794520547946,202407  ,2024/07/17,0.0125,21536.76
2024/06/03,OptionsDaily_2024_06_03.csv,0.21643835616438356,202408  ,2024/08/21,0.0125,21536.76
2024/06/03,OptionsDaily_2024_06_03.csv,0.29315068493150687,202409  ,2024/09/18,0.0125,21536.76
2024/06/04,OptionsDaily_2024_06_04.csv,0.0410958904109589,202406  ,2024/06/19,0.0125,21356.62
2024/06/04,OptionsDaily_2024_06_04.csv,0.0027397260273972603,202406W1  ,2024/06/05,0.0125,21356.62
2024/06/04,OptionsDaily_2024_06_04.csv,0.021917808219178082,202406W2  ,2024/06/12,0.0125,21356.62
2024/06/04,OptionsDaily_2024_06_04.csv,0.1178082191780822,202407  ,2024/07/17,0.0125,21356.62
2024/06/04,OptionsDaily_2024_06_04.csv,0.2136986301369863,202408  ,2024/08/21,0.0125,21356.62
2024/06/04,OptionsDaily_2024_06_04.csv,0.5397260273972603,202412  ,2024/12/18,0.0125,21356.62
2024/06/05,OptionsDaily_2024_06_05.csv,0.038356164383561646,202406  ,2024/06/19,0.0125,21484.88
2024/06/05,OptionsDaily_2024_06_05.csv,0.0027397260273972603,202406W1  ,2024/06/05,0.0125,21484.88
2024/06/05,OptionsDaily_2024_06_05.csv,0.019178082191780823,202406W2  ,2024/06/12,0.0125,21484.88
2024/06/05,OptionsDaily_2024_06_05.csv,0.11506849315068493,202407  ,2024/07/17,0.0125,21484.88
2024/06/06,OptionsDaily_2024_06_06.csv,0.03561643835616438,202406  ,2024/06/19,0.0125,21902.7
2024/06/06,OptionsDaily_2024_06_06.csv,0.01643835616438356,202406W2  ,2024/06/12,0.0125,21902.7
2024/06/06,OptionsDaily_2024_06_06.csv,0.11232876712328767,202407  ,2024/07/17,0.0125,21902.7
2024/06/06,OptionsDaily_2024_06_06.csv,0.20821917808219179,202408  ,2024/08/21,0.0125,21902.7
2024/06/06,OptionsDaily_2024_06_06.csv,0.28493150684931506,202409  ,2024/09/18,0.0125,21902.7
2024/06/06,OptionsDaily_2024_06_06.csv,0.5342465753424658,202412  ,2024/12/18,0.0125,21902.7
2024/06/07,OptionsDaily_2024_06_07.csv,0.03287671232876712,202406  ,2024/06/19,0.0125,21858.38
2024/06/07,OptionsDaily_2024_06_07.csv,0.0136986301369863,202406W2  ,2024/06/12,0.0125,21858.38
2024/06/07,OptionsDaily_2024_06_07.csv,0.1095890410958904,202407  ,2024/07/17,0.0125,21858.38
2024/06/07,OptionsDaily_2024_06_07.csv,0.5315068493150685,202412  ,2024/12/18,0.0125,21858.38
2024/06/11,OptionsDaily_2024_06_11.csv,0.021917808219178082,202406  ,2024/06/19,0.0125,21792.12
2024/06/11,OptionsDaily_2024_06_11.csv,0.0027397260273972603,202406W2  ,2024/06/12,0.0125,21792.12
2024/06/11,OptionsDaily_2024_06_11.csv,0.09863013698630137,202407  ,2024/07/17,0.0125,21792.12
2024/06/11,OptionsDaily_2024_06_11.csv,0.19452054794520549,202408  ,2024/08/21,0.0125,21792.12
2024/06/12,OptionsDaily_2024_06_12.csv,0.019178082191780823,202406  ,2024/06/19,0.0125,22048.96
2024/06/12,OptionsDaily_2024_06_12.csv,0.0027397260273972603,202406W2  ,2024/06/12,0.0125,22048.96
2024/06/12,OptionsDaily_2024_06_12.csv,0.038356164383561646,202406W4  ,2024/06/26,0.0125,22048.96
2024/06/12,OptionsDaily_2024_06_12.csv,0.0958904109589041,202407  ,2024/07/17,0.0125,22048.96
2024/06/12,OptionsDaily_2024_06_12.csv,0.1917808219178082,202408  ,2024/08/21,0.0125,22048.96
2024/06/13,OptionsDaily_2024_06_13.csv,0.01643835616438356,202406  ,2024/06/19,0.0125,22312.04
2024/06/13,OptionsDaily_2024_06_13.csv,0.03561643835616438,202406W4  ,2024/06/26,0.0125,22312.04
2024/06/13,OptionsDaily_2024_06_13.csv,0.09315068493150686,202407  ,2024/07/17,0.0125,22312.04
2024/06/13,OptionsDaily_2024_06_13.csv,0.18904109589041096,202408  ,2024/08/21,0.0125,22312.04
2024/06/13,OptionsDaily_2024_06_13.csv,0.5150684931506849,202412  ,2024/12/18,0.0125,22312.04
2024/06/14,OptionsDaily_2024_06_14.csv,0.0136986301369863,202406  ,2024/06/19,0.0125,22504.72
2024/06/14,OptionsDaily_2024_06_14.csv,0.03287671232876712,202406W4  ,2024/06/26,0.0125,22504.72
2024/06/14,OptionsDaily_2024_06_14.csv,0.09041095890410959,202407  ,2024/07/17,0.0125,22504.72
2024/06/14,OptionsDaily_2024_06_14.csv,0.1863013698630137,202408  ,2024/08/21,0.0125,22504.72
2024/06/14,OptionsDaily_2024_06_14.csv,0.26301369863013696,202409  ,2024/09/18,0.0125,22504.72
2024/06/17,OptionsDaily_2024_06_17.csv,0.005479452054794521,202406  ,2024/06/19,0.0125,22496.53
2024/06/17,OptionsDaily_2024_06_17.csv,0.024657534246575342,202406W4  ,2024/06/26,0.0125,22496.53
2024/06/17,OptionsDaily_2024_06_17.csv,0.0821917808219178,202407  ,2024/07/17,0.0125,22496.53
2024/06/18,OptionsDaily_2024_06_18.csv,0.0027397260273972603,202406  ,2024/06/19,0.0125,22757.43
2024/06/18,OptionsDaily_2024_06_18.csv,0.021917808219178082,202406W4  ,2024/06/26,0.0125,22757.43
2024/06/18,OptionsDaily_2024_06_18.csv,0.07945205479452055,202407  ,2024/07/17,0.0125,22757.43
2024/06/18,OptionsDaily_2024_06_18.csv,0.17534246575342466,202408  ,2024/08/21,0.0125,22757.43
2024/06/18,OptionsDaily_2024_06_18.csv,0.25205479452054796,202409  ,2024/09/18,0.0125,22757.43
2024/06/19,OptionsDaily_2024_06_19.csv,0.0027397260273972603,202406  ,2024/06/19,0.0125,23209.54
2024/06/19,OptionsDaily_2024_06_19.csv,0.019178082191780823,202406W4  ,2024/06/26,0.0125,23209.54
2024/06/19,OptionsDaily_2024_06_19.csv,0.07671232876712329,202407  ,2024/07/17,0.0125,23209.54
2024/06/19,OptionsDaily_2024_06_19.csv,0.038356164383561646,202407W1  ,2024/07/03,0.0125,23209.54
2024/06/19,OptionsDaily_2024_06_19.csv,0.1726027397260274,202408  ,2024/08/21,0.0125,23209.54
2024/06/19,OptionsDaily_2024_06_19.csv,0.2493150684931507,202409  ,2024/09/18,0.0125,23209.54
2024/06/19,OptionsDaily_2024_06_19.csv,0.4986301369863014,202412  ,2024/12/18,0.0125,23209.54
2024/06/20,OptionsDaily_2024_06_20.csv,0.01643835616438356,202406W4  ,2024/06/26,0.0125,23406.1
2024/06/20,OptionsDaily_2024_06_20.csv,0.07397260273972603,202407  ,2024/07/17,0.0125,23406.1
2024/06/20,OptionsDaily_2024_06_20.csv,0.03561643835616438,202407W1  ,2024/07/03,0.0125,23406.1
2024/06/20,OptionsDaily_2024_06_20.csv,0.16986301369863013,202408  ,2024/08/21,0.0125,23406.1
2024/06/20,OptionsDaily_2024_06_20.csv,0.4958904109589041,202412  ,2024/12/18,0.0125,23406.1
2024/06/21,OptionsDaily_2024_06_21.csv,0.0136986301369863,202406W4  ,2024/06/26,0.0125,23253.39
2024/06/21,OptionsDaily_2024_06_21.csv,0.07123287671232877,202407  ,2024/07/17,0.0125,23253.39
2024/06/21,OptionsDaily_2024_06_21.csv,0.03287671232876712,202407W1  ,2024/07/03,0.0125,23253.39
2024/06/21,OptionsDaily_2024_06_21.csv,0.16712328767123288,202408  ,2024/08/21,0.0125,23253.39
2024/06/21,OptionsDaily_2024_06_21.csv,0.4931506849315068,202412  ,2024/12/18,0.0125,23253.39
2024/06/24,OptionsDaily_2024_06_24.csv,0.005479452054794521,202406W4  ,2024/06/26,0.0125,22813.7
2024/06/24,OptionsDaily_2024_06_24.csv,0.06301369863013699,202407  ,2024/07/17,0.0125,22813.7
2024/06/24,OptionsDaily_2024_06_24.csv,0.024657534246575342,202407W1  ,2024/07/03,0.0125,22813.7
2024/06/24,OptionsDaily_2024_06_24.csv,0.1589041095890411,202408  ,2024/08/21,0.0125,22813.7
2024/06/24,OptionsDaily_2024_06_24.csv,0.2356164383561644,202409  ,2024/09/18,0.0125,22813.7
2024/06/24,OptionsDaily_2024_06_24.csv,0.4849315068493151,202412  ,2024/12/18,0.0125,22813.7
2024/06/25,OptionsDaily_2024_06_25.csv,0.0027397260273972603,202406W4  ,2024/06/26,0.0125,22875.97
2024/06/25,OptionsDaily_2024_06_25.csv,0.06027397260273973,202407  ,2024/07/17,0.0125,22875.97
2024/06/25,OptionsDaily_2024_06_25.csv,0.021917808219178082,202407W1  ,2024/07/03,0.0125,22875.97
2024/06/25,OptionsDaily_2024_06_25.csv,0.15616438356164383,202408  ,2024/08/21,0.0125,22875.97
2024/06/25,OptionsDaily_2024_06_25.csv,0.2328767123287671,202409  ,2024/09/18,0.0125,22875.97
2024/06/26,OptionsDaily_2024_06_26.csv,0.0027397260273972603,202406W4  ,2024/06/26,0.0125,22986.69
2024/06/26,OptionsDaily_2024_06_26.csv,0.057534246575342465,202407  ,2024/07/17,0.0125,22986.69
2024/06/26,OptionsDaily_2024_06_26.csv,0.019178082191780823,202407W1  ,2024/07/03,0.0125,22986.69
2024/06/26,OptionsDaily_2024_06_26.csv,0.038356164383561646,202407W2  ,2024/07/10,0.0125,22986.69
2024/06/26,OptionsDaily_2024_06_26.csv,0.15342465753424658,202408  ,2024/08/21,0.0125,22986.69
2024/06/26,OptionsDaily_2024_06_26.csv,0.7287671232876712,202503  ,2025/03/19,0.0125,22986.69
2024/06/27,OptionsDaily_2024_06_27.csv,0.0547945205479452,202407  ,2024/07/17,0.0125,22905.98
2024/06/27,OptionsDaily_2024_06_27.csv,0.01643835616438356,202407W1  ,2024/07/03,0.0125,22905.98
2024/06/27,OptionsDaily_2024_06_27.csv,0.03561643835616438,202407W2  ,2024/07/10,0.0125,22905.98
2024/06/27,OptionsDaily_2024_06_27.csv,0.1506849315068493,202408  ,2024/08/21,0.0125,22905.98
2024/06/28,OptionsDaily_2024_06_28.csv,0.052054794520547946,202407  ,2024/07/17,0.0125,23032.25
2024/06/28,OptionsDaily_2024_06_28.csv,0.0136986301369863,202407W1  ,2024/07/03,0.0125,23032.25
2024/06/28,OptionsDaily_2024_06_28.csv,0.03287671232876712,202407W2  ,2024/07/10,0.0125,23032.25
2024/06/28,OptionsDaily_2024_06_28.csv,0.14794520547945206,202408  ,2024/08/21,0.0125,23032.25
2024/06/28,OptionsDaily_2024_06_28.csv,0.22465753424657534,202409  ,2024/09/18,0.0125,23032.25
2024/07/01,OptionsDaily_2024_07_01.csv,0.043835616438356165,202407  ,2024/07/17,0.0125,23058.57
2024/07/01,OptionsDaily_2024_07_01.csv,0.005479452054794521,202407W1  ,2024/07/03,0.0125,23058.57
2024/07/01,OptionsDaily_2024_07_01.csv,0.024657534246575342,202407W2  ,2024/07/10,0.0125,23058.57
2024/07/01,OptionsDaily_2024_07_01.csv,0.13972602739726028,202408  ,2024/08/21,0.0125,23058.57
2024/07/01,OptionsDaily_2024_07_01.csv,0.21643835616438356,202409  ,2024/09/18,0.0125,23058.57
2024/07/02,OptionsDaily_2024_07_02.csv,0.0410958904109589,202407  ,2024/07/17,0.0125,22879.37
2024/07/02,OptionsDaily_2024_07_02.csv,0.0027397260273972603,202407W1  ,2024/07/03,0.0125,22879.37
2024/07/02,OptionsDaily_2024_07_02.csv,0.021917808219178082,202407W2  ,2024/07/10,0.0125,22879.37
2024/07/02,OptionsDaily_2024_07_02.csv,0.136986301369863,202408  ,2024/08/21,0.0125,22879.37
2024/07/02,OptionsDaily_2024_07_02.csv,0.2136986301369863,202409  ,2024/09/18,0.0125,22879.37
2024/07/03,OptionsDaily_2024_07_03.csv,0.038356164383561646,202407  ,2024/07/17,0.0125,23172.43
2024/07/03,OptionsDaily_2024_07_03.csv,0.0027397260273972603,202407W1  ,2024/07/03,0.0125,23172.43
2024/07/03,OptionsDaily_2024_07_03.csv,0.019178082191780823,202407W2  ,2024/07/10,0.0125,23172.43
2024/07/03,OptionsDaily_2024_07_03.csv,0.13424657534246576,202408  ,2024/08/21,0.0125,23172.43
2024/07/04,OptionsDaily_2024_07_04.csv,0.03561643835616438,202407  ,2024/07/17,0.0125,23522.53
2024/07/04,OptionsDaily_2024_07_04.csv,0.01643835616438356,202407W2  ,2024/07/10,0.0125,23522.53
2024/07/04,OptionsDaily_2024_07_04.csv,0.13150684931506848,202408  ,2024/08/21,0.0125,23522.53
2024/07/04,OptionsDaily_2024_07_04.csv,0.20821917808219179,202409  ,2024/09/18,0.0125,23522.53
2024/07/05,OptionsDaily_2024_07_05.csv,0.03287671232876712,202407  ,2024/07/17,0.0125,23556.59
2024/07/05,OptionsDaily_2024_07_05.csv,0.0136986301369863,202407W2  ,2024/07/10,0.0125,23556.59
2024/07/05,OptionsDaily_2024_07_05.csv,0.12876712328767123,202408  ,2024/08/21,0.0125,23556.59
2024/07/08,OptionsDaily_2024_07_08.csv,0.024657534246575342,202407  ,2024/07/17,0.0125,23878.15
2024/07/08,OptionsDaily_2024_07_08.csv,0.005479452054794521,202407W2  ,2024/07/10,0.0125,23878.15
2024/07/08,OptionsDaily_2024_07_08.csv,0.12054794520547946,202408  ,2024/08/21,0.0125,23878.15
2024/07/08,OptionsDaily_2024_07_08.csv,0.19726027397260273,202409  ,2024/09/18,0.0125,23878.15
2024/07/09,OptionsDaily_2024_07_09.csv,0.021917808219178082,202407  ,2024/07/17,0.0125,23900.08
2024/07/09,OptionsDaily_2024_07_09.csv,0.0027397260273972603,202407W2  ,2024/07/10,0.0125,23900.08
2024/07/09,OptionsDaily_2024_07_09.csv,0.1178082191780822,202408  ,2024/08/21,0.0125,23900.08
2024/07/09,OptionsDaily_2024_07_09.csv,0.19452054794520549,202409  ,2024/09/18,0.0125,23900.08
2024/07/10,OptionsDaily_2024_07_10.csv,0.019178082191780823,202407  ,2024/07/17,0.0125,24007.08
2024/07/10,OptionsDaily_2024_07_10.csv,0.0027397260273972603,202407W2  ,2024/07/10,0.0125,24007.08
2024/07/10,OptionsDaily_2024_07_10.csv,0.11506849315068493,202408  ,2024/08/21,0.0125,24007.08
2024/07/10,OptionsDaily_2024_07_10.csv,0.1917808219178082,202409  ,2024/09/18,0.0125,24007.08
2024/07/10,OptionsDaily_2024_07_10.csv,0.4410958904109589,202412  ,2024/12/18,0.0125,24007.08
2024/07/10,OptionsDaily_2024_07_10.csv,0.6904109589041096,202503  ,2025/03/19,0.0125,24007.08
2024/07/11,OptionsDaily_2024_07_11.csv,0.01643835616438356,202407  ,2024/07/17,0.0125,24390.03
2024/07/11,OptionsDaily_2024_07_11.csv,0.03561643835616438,202407W4  ,2024/07/24,0.0125,24390.03
2024/07/11,OptionsDaily_2024_07_11.csv,0.11232876712328767,202408  ,2024/08/21,0.0125,24390.03
2024/07/11,OptionsDaily_2024_07_11.csv,0.18904109589041096,202409  ,2024/09/18,0.0125,24390.03
2024/07/11,OptionsDaily_2024_07_11.csv,0.6876712328767123,202503  ,2025/03/19,0.0125,24390.03
2024/07/12,OptionsDaily_2024_07_12.csv,0.0136986301369863,202407  ,2024/07/17,0.0125,23916.93
2024/07/12,OptionsDaily_2024_07_12.csv,0.03287671232876712,202407W4  ,2024/07/24,0.0125,23916.93
2024/07/12,OptionsDaily_2024_07_12.csv,0.1095890410958904,202408  ,2024/08/21,0.0125,23916.93
2024/07/12,OptionsDaily_2024_07_12.csv,0.1863013698630137,202409  ,2024/09/18,0.0125,23916.93
2024/07/15,OptionsDaily_2024_07_15.csv,0.005479452054794521,202407  ,2024/07/17,0.0125,23879.36
2024/07/15,OptionsDaily_2024_07_15.csv,0.024657534246575342,202407W4  ,2024/07/24,0.0125,23879.36
2024/07/15,OptionsDaily_2024_07_15.csv,0.10136986301369863,202408  ,2024/08/21,0.0125,23879.36
2024/07/15,OptionsDaily_2024_07_15.csv,0.4273972602739726,202412  ,2024/12/18,0.0125,23879.36
2024/07/15,OptionsDaily_2024_07_15.csv,0.6767123287671233,202503  ,2025/03/19,0.0125,23879.36
2024/07/16,OptionsDaily_2024_07_16.csv,0.0027397260273972603,202407  ,2024/07/17,0.0125,23997.25
2024/07/16,OptionsDaily_2024_07_16.csv,0.021917808219178082,202407W4  ,2024/07/24,0.0125,23997.25
2024/07/16,OptionsDaily_2024_07_16.csv,0.09863013698630137,202408  ,2024/08/21,0.0125,23997.25
2024/07/17,OptionsDaily_2024_07_17.csv,0.0027397260273972603,202407  ,2024/07/17,0.0125,23769.82
2024/07/17,OptionsDaily_2024_07_17.csv,0.019178082191780823,202407W4  ,2024/07/24,0.0125,23769.82
2024/07/17,OptionsDaily_2024_07_17.csv,0.038356164383561646,202407W5  ,2024/07/31,0.0125,23769.82
2024/07/17,OptionsDaily_2024_07_17.csv,0.0958904109589041,202408  ,2024/08/21,0.0125,23769.82
2024/07/18,OptionsDaily_2024_07_18.csv,0.01643835616438356,202407W4  ,2024/07/24,0.0125,23398.47
2024/07/18,OptionsDaily_2024_07_18.csv,0.03561643835616438,202407W5  ,2024/07/31,0.0125,23398.47
2024/07/18,OptionsDaily_2024_07_18.csv,0.09315068493150686,202408  ,2024/08/21,0.0125,23398.47
2024/07/18,OptionsDaily_2024_07_18.csv,0.16986301369863013,202409  ,2024/09/18,0.0125,23398.47
2024/07/18,OptionsDaily_2024_07_18.csv,0.4191780821917808,202412  ,2024/12/18,0.0125,23398.47
2024/07/19,OptionsDaily_2024_07_19.csv,0.0136986301369863,202407W4  ,2024/07/24,0.0125,22869.26
2024/07/19,OptionsDaily_2024_07_19.csv,0.03287671232876712,202407W5  ,2024/07/31,0.0125,22869.26
2024/07/19,OptionsDaily_2024_07_19.csv,0.09041095890410959,202408  ,2024/08/21,0.0125,22869.26
2024/07/19,OptionsDaily_2024_07_19.csv,0.16712328767123288,202409  ,2024/09/18,0.0125,22869.26
2024/07/19,OptionsDaily_2024_07_19.csv,0.41643835616438357,202412  ,2024/12/18,0.0125,22869.26
2024/07/19,OptionsDaily_2024_07_19.csv,0.6657534246575343,202503  ,2025/03/19,0.0125,22869.26
2024/07/22,OptionsDaily_2024_07_22.csv,0.005479452054794521,202407W4  ,2024/07/24,0.0125,22256.99
2024/07/22,OptionsDaily_2024_07_22.csv,0.024657534246575342,202407W5  ,2024/07/31,0.0125,22256.99
2024/07/22,OptionsDaily_2024_07_22.csv,0.0821917808219178,202408  ,2024/08/21,0.0125,22256.99
2024/07/22,OptionsDaily_2024_07_22.csv,0.1589041095890411,202409  ,2024/09/18,0.0125,22256.99
2024/07/23,OptionsDaily_2024_07_23.csv,0.0027397260273972603,202407W4  ,2024/07/24,0.0125,22871.84
2024/07/23,OptionsDaily_2024_07_23.csv,0.021917808219178082,202407W5  ,2024/07/31,0.0125,22871.84
2024/07/23,OptionsDaily_2024_07_23.csv,0.07945205479452055,202408  ,2024/08/21,0.0125,22871.84
2024/07/23,OptionsDaily_2024_07_23.csv,0.15616438356164383,202409  ,2024/09/18,0.0125,22871.84
2024/07/23,OptionsDaily_2024_07_23.csv,0.6547945205479452,202503  ,2025/03/19,0.0125,22871.84
2024/07/26,OptionsDaily_2024_07_26.csv,0.0027397260273972603,202407W4  ,2024/07/24,0.0125,22119.21
2024/07/26,OptionsDaily_2024_07_26.csv,0.0136986301369863,202407W5  ,2024/07/31,0.0125,22119.21
2024/07/26,OptionsDaily_2024_07_26.csv,0.07123287671232877,202408  ,2024/08/21,0.0125,22119.21
2024/07/26,OptionsDaily_2024_07_26.csv,0.03287671232876712,202408W1  ,2024/08/07,0.0125,22119.21
2024/07/26,OptionsDaily_2024_07_26.csv,0.14794520547945206,202409  ,2024/09/18,0.0125,22119.21
2024/07/29,OptionsDaily_2024_07_29.csv,0.005479452054794521,202407W5  ,2024/07/31,0.0125,22164.49
2024/07/29,OptionsDaily_2024_07_29.csv,0.06301369863013699,202408  ,2024/08/21,0.0125,22164.49
2024/07/29,OptionsDaily_2024_07_29.csv,0.024657534246575342,202408W1  ,2024/08/07,0.0125,22164.49
2024/07/29,OptionsDaily_2024_07_29.csv,0.13972602739726028,202409  ,2024/09/18,0.0125,22164.49
2024/07/30,OptionsDaily_2024_07_30.csv,0.0027397260273972603,202407W5  ,2024/07/31,0.0125,22223.57
2024/07/30,OptionsDaily_2024_07_30.csv,0.06027397260273973,202408  ,2024/08/21,0.0125,22223.57
2024/07/30,OptionsDaily_2024_07_30.csv,0.021917808219178082,202408W1  ,2024/08/07,0.0125,22223.57
2024/07/30,OptionsDaily_2024_07_30.csv,0.136986301369863,202409  ,2024/09/18,0.0125,22223.57
2024/07/30,OptionsDaily_2024_07_30.csv,0.3863013698630137,202412  ,2024/12/18,0.0125,22223.57
2024/07/31,OptionsDaily_2024_07_31.csv,0.0027397260273972603,202407W5  ,2024/07/31,0.0125,22199.35
2024/07/31,OptionsDaily_2024_07_31.csv,0.057534246575342465,202408  ,2024/08/21,0.0125,22199.35
2024/07/31,OptionsDaily_2024_07_31.csv,0.019178082191780823,202408W1  ,2024/08/07,0.0125,22199.35
2024/07/31,OptionsDaily_2024_07_31.csv,0.13424657534246576,202409  ,2024/09/18,0.0125,22199.35
2024/08/01,OptionsDaily_2024_08_01.csv,0.0547945205479452,202408  ,2024/08/21,0.0125,22642.1
2024/08/01,OptionsDaily_2024_08_01.csv,0.01643835616438356,202408W1  ,2024/08/07,0.0125,22642.1
2024/08/01,OptionsDaily_2024_08_01.csv,0.03561643835616438,202408W2  ,2024/08/14,0.0125,22642.1
2024/08/01,OptionsDaily_2024_08_01.csv,0.13150684931506848,202409  ,2024/09/18,0.0125,22642.1
2024/08/01,OptionsDaily_2024_08_01.csv,0.38082191780821917,202412  ,2024/12/18,0.0125,22642.1
2024/08/02,OptionsDaily_2024_08_02.csv,0.052054794520547946,202408  ,2024/08/21,0.0125,21638.09
2024/08/02,OptionsDaily_2024_08_02.csv,0.0136986301369863,202408W1  ,2024/08/07,0.0125,21638.09
2024/08/02,OptionsDaily_2024_08_02.csv,0.03287671232876712,202408W2  ,2024/08/14,0.0125,21638.09
2024/08/02,OptionsDaily_2024_08_02.csv,0.12876712328767123,202409  ,2024/09/18,0.0125,21638.09
2024/08/02,OptionsDaily_2024_08_02.csv,0.2054794520547945,202410  ,2024/10/16,0.0125,21638.09
2024/08/02,OptionsDaily_2024_08_02.csv,0.3780821917808219,202412  ,2024/12/18,0.0125,21638.09
2024/08/02,OptionsDaily_2024_08_02.csv,0.6273972602739726,202503  ,2025/03/19,0.0125,21638.09
2024/08/05,OptionsDaily_2024_08_05.csv,0.043835616438356165,202408  ,2024/08/21,0.0125,19830.88
2024/08/05,OptionsDaily_2024_08_05.csv,0.005479452054794521,202408W1  ,2024/08/07,0.0125,19830.88
2024/08/05,OptionsDaily_2024_08_05.csv,0.024657534246575342,202408W2  ,2024/08/14,0.0125,19830.88
2024/08/05,OptionsDaily_2024_08_05.csv,0.12054794520547946,202409  ,2024/09/18,0.0125,19830.88
2024/08/05,OptionsDaily_2024_08_05.csv,0.19726027397260273,202410  ,2024/10/16,0.0125,19830.88
2024/08/05,OptionsDaily_2024_08_05.csv,0.3698630136986301,202412  ,2024/12/18,0.0125,19830.88
2024/08/06,OptionsDaily_2024_08_06.csv,0.0410958904109589,202408  ,2024/08/21,0.0125,20501.02
2024/08/06,OptionsDaily_2024_08_06.csv,0.0027397260273972603,202408W1  ,2024/08/07,0.0125,20501.02
2024/08/06,OptionsDaily_2024_08_06.csv,0.021917808219178082,202408W2  ,2024/08/14,0.0125,20501.02
2024/08/06,OptionsDaily_2024_08_06.csv,0.1178082191780822,202409  ,2024/09/18,0.0125,20501.02
2024/08/06,OptionsDaily_2024_08_06.csv,0.36712328767123287,202412  ,2024/12/18,0.0125,20501.02
2024/08/06,OptionsDaily_2024_08_06.csv,0.6164383561643836,202503  ,2025/03/19,0.0125,20501.02
2024/08/07,OptionsDaily_2024_08_07.csv,0.038356164383561646,202408  ,2024/08/21,0.0125,21295.28
2024/08/07,OptionsDaily_2024_08_07.csv,0.0027397260273972603,202408W1  ,2024/08/07,0.0125,21295.28
2024/08/07,OptionsDaily_2024_08_07.csv,0.019178082191780823,202408W2  ,2024/08/14,0.0125,21295.28
2024/08/07,OptionsDaily_2024_08_07.csv,0.11506849315068493,202409  ,2024/09/18,0.0125,21295.28
2024/08/07,OptionsDaily_2024_08_07.csv,0.6136986301369863,202503  ,2025/03/19,0.0125,21295.28
2024/08/08,OptionsDaily_2024_08_08.csv,0.03561643835616438,202408  ,2024/08/21,0.0125,20870.1
2024/08/08,OptionsDaily_2024_08_08.csv,0.01643835616438356,202408W2  ,2024/08/14,0.0125,20870.1
2024/08/08,OptionsDaily_2024_08_08.csv,0.11232876712328767,202409  ,2024/09/18,0.0125,20870.1
2024/08/08,OptionsDaily_2024_08_08.csv,0.18904109589041096,202410  ,2024/10/16,0.0125,20870.1
2024/08/09,OptionsDaily_2024_08_09.csv,0.03287671232876712,202408  ,2024/08/21,0.0125,21469.0
2024/08/09,OptionsDaily_2024_08_09.csv,0.0136986301369863,202408W2  ,2024/08/14,0.0125,21469.0
2024/08/09,OptionsDaily_2024_08_09.csv,0.1095890410958904,202409  ,2024/09/18,0.0125,21469.0
2024/08/09,OptionsDaily_2024_08_09.csv,0.1863013698630137,202410  ,2024/10/16,0.0125,21469.0
2024/08/09,OptionsDaily_2024_08_09.csv,0.3589041095890411,202412  ,2024/12/18,0.0125,21469.0
2024/08/09,OptionsDaily_2024_08_09.csv,0.6082191780821918,202503  ,2025/03/19,0.0125,21469.0
2024/08/12,OptionsDaily_2024_08_12.csv,0.024657534246575342,202408  ,2024/08/21,0.0125,21773.26
2024/08/12,OptionsDaily_2024_08_12.csv,0.005479452054794521,202408W2  ,2024/08/14,0.0125,21773.26
2024/08/12,OptionsDaily_2024_08_12.csv,0.10136986301369863,202409  ,2024/09/18,0.0125,21773.26
2024/08/13,OptionsDaily_2024_08_13.csv,0.021917808219178082,202408  ,2024/08/21,0.0125,21796.57
2024/08/13,OptionsDaily_2024_08_13.csv,0.0027397260273972603,202408W2  ,2024/08/14,0.0125,21796.57
2024/08/13,OptionsDaily_2024_08_13.csv,0.09863013698630137,202409  ,2024/09/18,0.0125,21796.57
2024/08/13,OptionsDaily_2024_08_13.csv,0.34794520547945207,202412  ,2024/12/18,0.0125,21796.57
2024/08/13,OptionsDaily_2024_08_13.csv,0.5972602739726027,202503  ,2025/03/19,0.0125,21796.57
2024/08/14,OptionsDaily_2024_08_14.csv,0.019178082191780823,202408  ,2024/08/21,0.0125,22027.25
2024/08/14,OptionsDaily_2024_08_14.csv,0.0027397260273972603,202408W2  ,2024/08/14,0.0125,22027.25
2024/08/14,OptionsDaily_2024_08_14.csv,0.038356164383561646,202408W4  ,2024/08/28,0.0125,22027.25
2024/08/14,OptionsDaily_2024_08_14.csv,0.0958904109589041,202409  ,2024/09/18,0.0125,22027.25
2024/08/14,OptionsDaily_2024_08_14.csv,0.1726027397260274,202410  ,2024/10/16,0.0125,22027.25
2024/08/14,OptionsDaily_2024_08_14.csv,0.3452054794520548,202412  ,2024/12/18,0.0125,22027.25
2024/08/15,OptionsDaily_2024_08_15.csv,0.01643835616438356,202408  ,2024/08/21,0.0125,21895.17
2024/08/15,OptionsDaily_2024_08_15.csv,0.03561643835616438,202408W4  ,2024/08/28,0.0125,21895.17
2024/08/15,OptionsDaily_2024_08_15.csv,0.09315068493150686,202409  ,2024/09/18,0.0125,21895.17
2024/08/15,OptionsDaily_2024_08_15.csv,0.16986301369863013,202410  ,2024/10/16,0.0125,21895.17
2024/08/16,OptionsDaily_2024_08_16.csv,0.0136986301369863,202408  ,2024/08/21,0.0125,22349.33
2024/08/16,OptionsDaily_2024_08_16.csv,0.03287671232876712,202408W4  ,2024/08/28,0.0125,22349.33
2024/08/16,OptionsDaily_2024_08_16.csv,0.09041095890410959,202409  ,2024/09/18,0.0125,22349.33
2024/08/16,OptionsDaily_2024_08_16.csv,0.16712328767123288,202410  ,2024/10/16,0.0125,22349.33
2024/08/19,OptionsDaily_2024_08_19.csv,0.005479452054794521,202408  ,2024/08/21,0.0125,22409.63
2024/08/19,OptionsDaily_2024_08_19.csv,0.024657534246575342,202408W4  ,2024/08/28,0.0125,22409.63
2024/08/19,OptionsDaily_2024_08_19.csv,0.0821917808219178,202409  ,2024/09/18,0.0125,22409.63
2024/08/20,OptionsDaily_2024_08_20.csv,0.0027397260273972603,202408  ,2024/08/21,0.0125,22429.1
2024/08/20,OptionsDaily_2024_08_20.csv,0.021917808219178082,202408W4  ,2024/08/28,0.0125,22429.1
2024/08/20,OptionsDaily_2024_08_20.csv,0.07945205479452055,202409  ,2024/09/18,0.0125,22429.1
2024/08/21,OptionsDaily_2024_08_21.csv,0.0027397260273972603,202408  ,2024/08/21,0.0125,22237.89
2024/08/21,OptionsDaily_2024_08_21.csv,0.019178082191780823,202408W4  ,2024/08/28,0.0125,22237.89
2024/08/21,OptionsDaily_2024_08_21.csv,0.07671232876712329,202409  ,2024/09/18,0.0125,22237.89
2024/08/21,OptionsDaily_2024_08_21.csv,0.15342465753424658,202410  ,2024/10/16,0.0125,22237.89
2024/08/21,OptionsDaily_2024_08_21.csv,0.5753424657534246,202503  ,2025/03/19,0.0125,22237.89
2024/08/22,OptionsDaily_2024_08_22.csv,0.01643835616438356,202408W4  ,2024/08/28,0.0125,22148.83
2024/08/22,OptionsDaily_2024_08_22.csv,0.07397260273972603,202409  ,2024/09/18,0.0125,22148.83
2024/08/22,OptionsDaily_2024_08_22.csv,0.03561643835616438,202409W1  ,2024/09/04,0.0125,22148.83
2024/08/22,OptionsDaily_2024_08_22.csv,0.1506849315068493,202410  ,2024/10/16,0.0125,22148.83
2024/08/23,OptionsDaily_2024_08_23.csv,0.0136986301369863,202408W4  ,2024/08/28,0.0125,22158.05
2024/08/23,OptionsDaily_2024_08_23.csv,0.07123287671232877,202409  ,2024/09/18,0.0125,22158.05
2024/08/23,OptionsDaily_2024_08_23.csv,0.03287671232876712,202409W1  ,2024/09/04,0.0125,22158.05
2024/08/23,OptionsDaily_2024_08_23.csv,0.14794520547945206,202410  ,2024/10/16,0.0125,22158.05
2024/08/23,OptionsDaily_2024_08_23.csv,0.32054794520547947,202412  ,2024/12/18,0.0125,22158.05
2024/08/23,OptionsDaily_2024_08_23.csv,0.5698630136986301,202503  ,2025/03/19,0.0125,22158.05
2024/08/26,OptionsDaily_2024_08_26.csv,0.005479452054794521,202408W4  ,2024/08/28,0.0125,22240.12
2024/08/26,OptionsDaily_2024_08_26.csv,0.06301369863013699,202409  ,2024/09/18,0.0125,22240.12
2024/08/26,OptionsDaily_2024_08_26.csv,0.024657534246575342,202409W1  ,2024/09/04,0.0125,22240.12
2024/08/26,OptionsDaily_2024_08_26.csv,0.13972602739726028,202410  ,2024/10/16,0.0125,22240.12
2024/08/26,OptionsDaily_2024_08_26.csv,0.31232876712328766,202412  ,2024/12/18,0.0125,22240.12
2024/08/27,OptionsDaily_2024_08_27.csv,0.0027397260273972603,202408W4  ,2024/08/28,0.0125,22185.0
2024/08/27,OptionsDaily_2024_08_27.csv,0.06027397260273973,202409  ,2024/09/18,0.0125,22185.0
2024/08/27,OptionsDaily_2024_08_27.csv,0.021917808219178082,202409W1  ,2024/09/04,0.0125,22185.0
2024/08/28,OptionsDaily_2024_08_28.csv,0.0027397260273972603,202408W4  ,2024/08/28,0.0125,22370.66
2024/08/28,OptionsDaily_2024_08_28.csv,0.057534246575342465,202409  ,2024/09/18,0.0125,22370.66
2024/08/28,OptionsDaily_2024_08_28.csv,0.019178082191780823,202409W1  ,2024/09/04,0.0125,22370.66
2024/08/28,OptionsDaily_2024_08_28.csv,0.038356164383561646,202409W2  ,2024/09/11,0.0125,22370.66
2024/08/28,OptionsDaily_2024_08_28.csv,0.30684931506849317,202412  ,2024/12/18,0.0125,22370.66
2024/08/29,OptionsDaily_2024_08_29.csv,0.0547945205479452,202409  ,2024/09/18,0.0125,22201.85
2024/08/29,OptionsDaily_2024_08_29.csv,0.01643835616438356,202409W1  ,2024/09/04,0.0125,22201.85
2024/08/29,OptionsDaily_2024_08_29.csv,0.03561643835616438,202409W2  ,2024/09/11,0.0125,22201.85
2024/08/30,OptionsDaily_2024_08_30.csv,0.052054794520547946,202409  ,2024/09/18,0.0125,22268.09
2024/08/30,OptionsDaily_2024_08_30.csv,0.0136986301369863,202409W1  ,2024/09/04,0.0125,22268.09
2024/08/30,OptionsDaily_2024_08_30.csv,0.03287671232876712,202409W2  ,2024/09/11,0.0125,22268.09
2024/08/30,OptionsDaily_2024_08_30.csv,0.12876712328767123,202410  ,2024/10/16,0.0125,22268.09
2024/08/30,OptionsDaily_2024_08_30.csv,0.22465753424657534,202411  ,2024/11/20,0.0125,22268.09
2024/09/02,OptionsDaily_2024_09_02.csv,0.043835616438356165,202409  ,2024/09/18,0.0125,22235.1
2024/09/02,OptionsDaily_2024_09_02.csv,0.005479452054794521,202409W1  ,2024/09/04,0.0125,22235.1
2024/09/02,OptionsDaily_2024_09_02.csv,0.024657534246575342,202409W2  ,2024/09/11,0.0125,22235.1
2024/09/02,OptionsDaily_2024_09_02.csv,0.12054794520547946,202410  ,2024/10/16,0.0125,22235.1
2024/09/03,OptionsDaily_2024_09_03.csv,0.0410958904109589,202409  ,2024/09/18,0.0125,22092.21
2024/09/03,OptionsDaily_2024_09_03.csv,0.0027397260273972603,202409W1  ,2024/09/04,0.0125,22092.21
2024/09/03,OptionsDaily_2024_09_03.csv,0.021917808219178082,202409W2  ,2024/09/11,0.0125,22092.21
2024/09/03,OptionsDaily_2024_09_03.csv,0.1178082191780822,202410  ,2024/10/16,0.0125,22092.21
2024/09/04,OptionsDaily_2024_09_04.csv,0.038356164383561646,202409  ,2024/09/18,0.0125,21092.75
2024/09/04,OptionsDaily_2024_09_04.csv,0.0027397260273972603,202409W1  ,2024/09/04,0.0125,21092.75
2024/09/04,OptionsDaily_2024_09_04.csv,0.019178082191780823,202409W2  ,2024/09/11,0.0125,21092.75
2024/09/04,OptionsDaily_2024_09_04.csv,0.11506849315068493,202410  ,2024/10/16,0.0125,21092.75
2024/09/04,OptionsDaily_2024_09_04.csv,0.21095890410958903,202411  ,2024/11/20,0.0125,21092.75
2024/09/04,OptionsDaily_2024_09_04.csv,0.2876712328767123,202412  ,2024/12/18,0.0125,21092.75
2024/09/05,OptionsDaily_2024_09_05.csv,0.03561643835616438,202409  ,2024/09/18,0.0125,21187.71
2024/09/05,OptionsDaily_2024_09_05.csv,0.01643835616438356,202409W2  ,2024/09/11,0.0125,21187.71
2024/09/05,OptionsDaily_2024_09_05.csv,0.11232876712328767,202410  ,2024/10/16,0.0125,21187.71
2024/09/05,OptionsDaily_2024_09_05.csv,0.20821917808219179,202411  ,2024/11/20,0.0125,21187.71
2024/09/06,OptionsDaily_2024_09_06.csv,0.03287671232876712,202409  ,2024/09/18,0.0125,21435.19
2024/09/06,OptionsDaily_2024_09_06.csv,0.0136986301369863,202409W2  ,2024/09/11,0.0125,21435.19
2024/09/09,OptionsDaily_2024_09_09.csv,0.024657534246575342,202409  ,2024/09/18,0.0125,21144.44
2024/09/09,OptionsDaily_2024_09_09.csv,0.005479452054794521,202409W2  ,2024/09/11,0.0125,21144.44
2024/09/09,OptionsDaily_2024_09_09.csv,0.10136986301369863,202410  ,2024/10/16,0.0125,21144.44
2024/09/10,OptionsDaily_2024_09_10.csv,0.021917808219178082,202409  ,2024/09/18,0.0125,21064.08
2024/09/10,OptionsDaily_2024_09_10.csv,0.0027397260273972603,202409W2  ,2024/09/11,0.0125,21064.08
2024/09/10,OptionsDaily_2024_09_10.csv,0.09863013698630137,202410  ,2024/10/16,0.0125,21064.08
2024/09/11,OptionsDaily_2024_09_11.csv,0.019178082191780823,202409  ,2024/09/18,0.0125,21031.0
2024/09/11,OptionsDaily_2024_09_11.csv,0.0027397260273972603,202409W2  ,2024/09/11,0.0125,21031.0
2024/09/11,OptionsDaily_2024_09_11.csv,0.038356164383561646,202409W4  ,2024/09/25,0.0125,21031.0
2024/09/11,OptionsDaily_2024_09_11.csv,0.0958904109589041,202410  ,2024/10/16,0.0125,21031.0
2024/09/12,OptionsDaily_2024_09_12.csv,0.01643835616438356,202409  ,2024/09/18,0.0125,21653.25
2024/09/12,OptionsDaily_2024_09_12.csv,0.03561643835616438,202409W4  ,2024/09/25,0.0125,21653.25
2024/09/12,OptionsDaily_2024_09_12.csv,0.09315068493150686,202410  ,2024/10/16,0.0125,21653.25
2024/09/12,OptionsDaily_2024_09_12.csv,0.5150684931506849,202503  ,2025/03/19,0.0125,21653.25
2024/09/13,OptionsDaily_2024_09_13.csv,0.0136986301369863,202409  ,2024/09/18,0.0125,21759.65
2024/09/13,OptionsDaily_2024_09_13.csv,0.03287671232876712,202409W4  ,2024/09/25,0.0125,21759.65
2024/09/13,OptionsDaily_2024_09_13.csv,0.09041095890410959,202410  ,2024/10/16,0.0125,21759.65
2024/09/13,OptionsDaily_2024_09_13.csv,0.1863013698630137,202411  ,2024/11/20,0.0125,21759.65
2024/09/16,OptionsDaily_2024_09_16.csv,0.005479452054794521,202409  ,2024/09/18,0.0125,21850.08
2024/09/16,OptionsDaily_2024_09_16.csv,0.024657534246575342,202409W4  ,2024/09/25,0.0125,21850.08
2024/09/16,OptionsDaily_2024_09_16.csv,0.0821917808219178,202410  ,2024/10/16,0.0125,21850.08
2024/09/16,OptionsDaily_2024_09_16.csv,0.1780821917808219,202411  ,2024/11/20,0.0125,21850.08
2024/09/18,OptionsDaily_2024_09_18.csv,0.0027397260273972603,202409  ,2024/09/18,0.0125,21678.84
2024/09/18,OptionsDaily_2024_09_18.csv,0.019178082191780823,202409W4  ,2024/09/25,0.0125,21678.84
2024/09/18,OptionsDaily_2024_09_18.csv,0.07671232876712329,202410  ,2024/10/16,0.0125,21678.84
2024/09/19,OptionsDaily_2024_09_19.csv,0.01643835616438356,202409W4  ,2024/09/25,0.0125,22042.69
2024/09/19,OptionsDaily_2024_09_19.csv,0.07397260273972603,202410  ,2024/10/16,0.0125,22042.69
2024/09/19,OptionsDaily_2024_09_19.csv,0.03561643835616438,202410W1  ,2024/10/02,0.0125,22042.69
2024/09/19,OptionsDaily_2024_09_19.csv,0.16986301369863013,202411  ,2024/11/20,0.0125,22042.69
2024/09/20,OptionsDaily_2024_09_20.csv,0.0136986301369863,202409W4  ,2024/09/25,0.0125,22159.42
2024/09/20,OptionsDaily_2024_09_20.csv,0.07123287671232877,202410  ,2024/10/16,0.0125,22159.42
2024/09/20,OptionsDaily_2024_09_20.csv,0.03287671232876712,202410W1  ,2024/10/02,0.0125,22159.42
2024/09/20,OptionsDaily_2024_09_20.csv,0.16712328767123288,202411  ,2024/11/20,0.0125,22159.42
2024/09/20,OptionsDaily_2024_09_20.csv,0.24383561643835616,202412  ,2024/12/18,0.0125,22159.42
2024/09/23,OptionsDaily_2024_09_23.csv,0.005479452054794521,202409W4  ,2024/09/25,0.0125,22285.53
2024/09/23,OptionsDaily_2024_09_23.csv,0.06301369863013699,202410  ,2024/10/16,0.0125,22285.53
2024/09/23,OptionsDaily_2024_09_23.csv,0.024657534246575342,202410W1  ,2024/10/02,0.0125,22285.53
2024/09/23,OptionsDaily_2024_09_23.csv,0.1589041095890411,202411  ,2024/11/20,0.0125,22285.53
2024/09/24,OptionsDaily_2024_09_24.csv,0.0027397260273972603,202409W4  ,2024/09/25,0.0125,22431.78
2024/09/24,OptionsDaily_2024_09_24.csv,0.06027397260273973,202410  ,2024/10/16,0.0125,22431.78
2024/09/24,OptionsDaily_2024_09_24.csv,0.021917808219178082,202410W1  ,2024/10/02,0.0125,22431.78
2024/09/24,OptionsDaily_2024_09_24.csv,0.15616438356164383,202411  ,2024/11/20,0.0125,22431.78
2024/09/24,OptionsDaily_2024_09_24.csv,0.4821917808219178,202503  ,2025/03/19,0.0125,22431.78
2024/09/25,OptionsDaily_2024_09_25.csv,0.0027397260273972603,202409W4  ,2024/09/25,0.0125,22761.6
2024/09/25,OptionsDaily_2024_09_25.csv,0.057534246575342465,202410  ,2024/10/16,0.0125,22761.6
2024/09/25,OptionsDaily_2024_09_25.csv,0.019178082191780823,202410W1  ,2024/10/02,0.0125,22761.6
2024/09/25,OptionsDaily_2024_09_25.csv,0.038356164383561646,202410W2  ,2024/10/09,0.0125,22761.6
2024/09/25,OptionsDaily_2024_09_25.csv,0.15342465753424658,202411  ,2024/11/20,0.0125,22761.6
2024/09/25,OptionsDaily_2024_09_25.csv,0.23013698630136986,202412  ,2024/12/18,0.0125,22761.6
2024/09/26,OptionsDaily_2024_09_26.csv,0.0547945205479452,202410  ,2024/10/16,0.0125,22858.81
2024/09/26,OptionsDaily_2024_09_26.csv,0.01643835616438356,202410W1  ,2024/10/02,0.0125,22858.81
2024/09/26,OptionsDaily_2024_09_26.csv,0.03561643835616438,202410W2  ,2024/10/09,0.0125,22858.81
2024/09/26,OptionsDaily_2024_09_26.csv,0.1506849315068493,202411  ,2024/11/20,0.0125,22858.81
2024/09/26,OptionsDaily_2024_09_26.csv,0.2273972602739726,202412  ,2024/12/18,0.0125,22858.81
2024/09/26,OptionsDaily_2024_09_26.csv,0.4767123287671233,202503  ,2025/03/19,0.0125,22858.81
2024/09/27,OptionsDaily_2024_09_27.csv,0.052054794520547946,202410  ,2024/10/16,0.0125,22822.79
2024/09/27,OptionsDaily_2024_09_27.csv,0.0136986301369863,202410W1  ,2024/10/02,0.0125,22822.79
2024/09/27,OptionsDaily_2024_09_27.csv,0.03287671232876712,202410W2  ,2024/10/09,0.0125,22822.79
2024/09/27,OptionsDaily_2024_09_27.csv,0.14794520547945206,202411  ,2024/11/20,0.0125,22822.79
2024/09/27,OptionsDaily_2024_09_27.csv,0.22465753424657534,202412  ,2024/12/18,0.0125,22822.79
2024/09/30,OptionsDaily_2024_09_30.csv,0.043835616438356165,202410  ,2024/10/16,0.0125,22224.54
2024/09/30,OptionsDaily_2024_09_30.csv,0.005479452054794521,202410W1  ,2024/10/02,0.0125,22224.54
2024/09/30,OptionsDaily_2024_09_30.csv,0.024657534246575342,202410W2  ,2024/10/09,0.0125,22224.54
2024/09/30,OptionsDaily_2024_09_30.csv,0.13972602739726028,202411  ,2024/11/20,0.0125,22224.54
2024/09/30,OptionsDaily_2024_09_30.csv,0.21643835616438356,202412  ,2024/12/18,0.0125,22224.54
2024/10/01,OptionsDaily_2024_10_01.csv,0.0410958904109589,202410  ,2024/10/16,0.0125,22390.39
2024/10/01,OptionsDaily_2024_10_01.csv,0.0027397260273972603,202410W1  ,2024/10/02,0.0125,22390.39
2024/10/01,OptionsDaily_2024_10_01.csv,0.021917808219178082,202410W2  ,2024/10/09,0.0125,22390.39
2024/10/01,OptionsDaily_2024_10_01.csv,0.136986301369863,202411  ,2024/11/20,0.0125,22390.39
2024/10/01,OptionsDaily_2024_10_01.csv,0.2136986301369863,202412  ,2024/12/18,0.0125,22390.39
2024/10/04,OptionsDaily_2024_10_04.csv,0.03287671232876712,202410  ,2024/10/16,0.0125,22302.71
2024/10/04,OptionsDaily_2024_10_04.csv,0.0027397260273972603,202410W1  ,2024/10/02,0.0125,22302.71
2024/10/04,OptionsDaily_2024_10_04.csv,0.0136986301369863,202410W2  ,2024/10/09,0.0125,22302.71
2024/10/04,OptionsDaily_2024_10_04.csv,0.12876712328767123,202411  ,2024/11/20,0.0125,22302.71
2024/10/04,OptionsDaily_2024_10_04.csv,0.2054794520547945,202412  ,2024/12/18,0.0125,22302.71
2024/10/04,OptionsDaily_2024_10_04.csv,0.4547945205479452,202503  ,2025/03/19,0.0125,22302.71
2024/10/07,OptionsDaily_2024_10_07.csv,0.024657534246575342,202410  ,2024/10/16,0.0125,22702.56
2024/10/07,OptionsDaily_2024_10_07.csv,0.005479452054794521,202410W2  ,2024/10/09,0.0125,22702.56
2024/10/07,OptionsDaily_2024_10_07.csv,0.12054794520547946,202411  ,2024/11/20,0.0125,22702.56
2024/10/08,OptionsDaily_2024_10_08.csv,0.021917808219178082,202410  ,2024/10/16,0.0125,22611.39
2024/10/08,OptionsDaily_2024_10_08.csv,0.0027397260273972603,202410W2  ,2024/10/09,0.0125,22611.39
2024/10/08,OptionsDaily_2024_10_08.csv,0.1178082191780822,202411  ,2024/11/20,0.0125,22611.39
2024/10/09,OptionsDaily_2024_10_09.csv,0.019178082191780823,202410  ,2024/10/16,0.0125,22659.08
2024/10/09,OptionsDaily_2024_10_09.csv,0.0027397260273972603,202410W2  ,2024/10/09,0.0125,22659.08
2024/10/09,OptionsDaily_2024_10_09.csv,0.038356164383561646,202410W4  ,2024/10/23,0.0125,22659.08
2024/10/09,OptionsDaily_2024_10_09.csv,0.11506849315068493,202411  ,2024/11/20,0.0125,22659.08
2024/10/09,OptionsDaily_2024_10_09.csv,0.1917808219178082,202412  ,2024/12/18,0.0125,22659.08
2024/10/11,OptionsDaily_2024_10_11.csv,0.0136986301369863,202410  ,2024/10/16,0.0125,22901.64
2024/10/11,OptionsDaily_2024_10_11.csv,0.03287671232876712,202410W4  ,2024/10/23,0.0125,22901.64
2024/10/11,OptionsDaily_2024_10_11.csv,0.1095890410958904,202411  ,2024/11/20,0.0125,22901.64
2024/10/11,OptionsDaily_2024_10_11.csv,0.1863013698630137,202412  ,2024/12/18,0.0125,22901.64
2024/10/14,OptionsDaily_2024_10_14.csv,0.005479452054794521,202410  ,2024/10/16,0.0125,22975.29
2024/10/14,OptionsDaily_2024_10_14.csv,0.024657534246575342,202410W4  ,2024/10/23,0.0125,22975.29
2024/10/14,OptionsDaily_2024_10_14.csv,0.10136986301369863,202411  ,2024/11/20,0.0125,22975.29
2024/10/14,OptionsDaily_2024_10_14.csv,0.1780821917808219,202412  ,2024/12/18,0.0125,22975.29
2024/10/15,OptionsDaily_2024_10_15.csv,0.0027397260273972603,202410  ,2024/10/16,0.0125,23292.04
2024/10/15,OptionsDaily_2024_10_15.csv,0.021917808219178082,202410W4  ,2024/10/23,0.0125,23292.04
2024/10/15,OptionsDaily_2024_10_15.csv,0.09863013698630137,202411  ,2024/11/20,0.0125,23292.04
2024/10/15,OptionsDaily_2024_10_15.csv,0.17534246575342466,202412  ,2024/12/18,0.0125,23292.04
2024/10/16,OptionsDaily_2024_10_16.csv,0.0027397260273972603,202410  ,2024/10/16,0.0125,23010.98
2024/10/16,OptionsDaily_2024_10_16.csv,0.019178082191780823,202410W4  ,2024/10/23,0.0125,23010.98
2024/10/16,OptionsDaily_2024_10_16.csv,0.038356164383561646,202410W5  ,2024/10/30,0.0125,23010.98
2024/10/16,OptionsDaily_2024_10_16.csv,0.0958904109589041,202411  ,2024/11/20,0.0125,23010.98
2024/10/16,OptionsDaily_2024_10_16.csv,0.1726027397260274,202412  ,2024/12/18,0.0125,23010.98
2024/10/17,OptionsDaily_2024_10_17.csv,0.01643835616438356,202410W4  ,2024/10/23,0.0125,23053.84
2024/10/17,OptionsDaily_2024_10_17.csv,0.03561643835616438,202410W5  ,2024/10/30,0.0125,23053.84
2024/10/17,OptionsDaily_2024_10_17.csv,0.09315068493150686,202411  ,2024/11/20,0.0125,23053.84
2024/10/17,OptionsDaily_2024_10_17.csv,0.16986301369863013,202412  ,2024/12/18,0.0125,23053.84
2024/10/18,OptionsDaily_2024_10_18.csv,0.0136986301369863,202410W4  ,2024/10/23,0.0125,23487.27
2024/10/18,OptionsDaily_2024_10_18.csv,0.03287671232876712,202410W5  ,2024/10/30,0.0125,23487.27
2024/10/18,OptionsDaily_2024_10_18.csv,0.09041095890410959,202411  ,2024/11/20,0.0125,23487.27
2024/10/18,OptionsDaily_2024_10_18.csv,0.16712328767123288,202412  ,2024/12/18,0.0125,23487.27
2024/10/18,OptionsDaily_2024_10_18.csv,0.41643835616438357,202503  ,2025/03/19,0.0125,23487.27
2024/10/21,OptionsDaily_2024_10_21.csv,0.005479452054794521,202410W4  ,2024/10/23,0.0125,23542.53
2024/10/21,OptionsDaily_2024_10_21.csv,0.024657534246575342,202410W5  ,2024/10/30,0.0125,23542.53
2024/10/21,OptionsDaily_2024_10_21.csv,0.0821917808219178,202411  ,2024/11/20,0.0125,23542.53
2024/10/21,OptionsDaily_2024_10_21.csv,0.1589041095890411,202412  ,2024/12/18,0.0125,23542.53
2024/10/22,OptionsDaily_2024_10_22.csv,0.0027397260273972603,202410W4  ,2024/10/23,0.0125,23535.43
2024/10/22,OptionsDaily_2024_10_22.csv,0.021917808219178082,202410W5  ,2024/10/30,0.0125,23535.43
2024/10/22,OptionsDaily_2024_10_22.csv,0.07945205479452055,202411  ,2024/11/20,0.0125,23535.43
2024/10/22,OptionsDaily_2024_10_22.csv,0.15616438356164383,202412  ,2024/12/18,0.0125,23535.43
2024/10/22,OptionsDaily_2024_10_22.csv,0.4054794520547945,202503  ,2025/03/19,0.0125,23535.43
2024/10/23,OptionsDaily_2024_10_23.csv,0.0027397260273972603,202410W4  ,2024/10/23,0.0125,23334.76
2024/10/23,OptionsDaily_2024_10_23.csv,0.019178082191780823,202410W5  ,2024/10/30,0.0125,23334.76
2024/10/23,OptionsDaily_2024_10_23.csv,0.07671232876712329,202411  ,2024/11/20,0.0125,23334.76
2024/10/23,OptionsDaily_2024_10_23.csv,0.038356164383561646,202411W1  ,2024/11/06,0.0125,23334.76
2024/10/23,OptionsDaily_2024_10_23.csv,0.15342465753424658,202412  ,2024/12/18,0.0125,23334.76
2024/10/24,OptionsDaily_2024_10_24.csv,0.01643835616438356,202410W5  ,2024/10/30,0.0125,23192.52
2024/10/24,OptionsDaily_2024_10_24.csv,0.07397260273972603,202411  ,2024/11/20,0.0125,23192.52
2024/10/24,OptionsDaily_2024_10_24.csv,0.03561643835616438,202411W1  ,2024/11/06,0.0125,23192.52
2024/10/24,OptionsDaily_2024_10_24.csv,0.1506849315068493,202412  ,2024/12/18,0.0125,23192.52
2024/10/25,OptionsDaily_2024_10_25.csv,0.0136986301369863,202410W5  ,2024/10/30,0.0125,23348.45
2024/10/25,OptionsDaily_2024_10_25.csv,0.07123287671232877,202411  ,2024/11/20,0.0125,23348.45
2024/10/25,OptionsDaily_2024_10_25.csv,0.03287671232876712,202411W1  ,2024/11/06,0.0125,23348.45
2024/10/25,OptionsDaily_2024_10_25.csv,0.14794520547945206,202412  ,2024/12/18,0.0125,23348.45
2024/10/28,OptionsDaily_2024_10_28.csv,0.005479452054794521,202410W5  ,2024/10/30,0.0125,23198.07
2024/10/28,OptionsDaily_2024_10_28.csv,0.06301369863013699,202411  ,2024/11/20,0.0125,23198.07
2024/10/28,OptionsDaily_2024_10_28.csv,0.024657534246575342,202411W1  ,2024/11/06,0.0125,23198.07
2024/10/28,OptionsDaily_2024_10_28.csv,0.13972602739726028,202412  ,2024/12/18,0.0125,23198.07
2024/10/29,OptionsDaily_2024_10_29.csv,0.0027397260273972603,202410W5  ,2024/10/30,0.0125,22926.59
2024/10/29,OptionsDaily_2024_10_29.csv,0.06027397260273973,202411  ,2024/11/20,0.0125,22926.59
2024/10/29,OptionsDaily_2024_10_29.csv,0.021917808219178082,202411W1  ,2024/11/06,0.0125,22926.59
2024/10/29,OptionsDaily_2024_10_29.csv,0.136986301369863,202412  ,2024/12/18,0.0125,22926.59
2024/10/30,OptionsDaily_2024_10_30.csv,0.0027397260273972603,202410W5  ,2024/10/30,0.0125,22820.43
2024/10/30,OptionsDaily_2024_10_30.csv,0.057534246575342465,202411  ,2024/11/20,0.0125,22820.43
2024/10/30,OptionsDaily_2024_10_30.csv,0.019178082191780823,202411W1  ,2024/11/06,0.0125,22820.43
2024/10/30,OptionsDaily_2024_10_30.csv,0.13424657534246576,202412  ,2024/12/18,0.0125,22820.43
2024/11/01,OptionsDaily_2024_11_01.csv,0.052054794520547946,202411  ,2024/11/20,0.0125,22780.08
2024/11/01,OptionsDaily_2024_11_01.csv,0.0136986301369863,202411W1  ,2024/11/06,0.0125,22780.08
2024/11/01,OptionsDaily_2024_11_01.csv,0.03287671232876712,202411W2  ,2024/11/13,0.0125,22780.08
2024/11/01,OptionsDaily_2024_11_01.csv,0.12876712328767123,202412  ,2024/12/18,0.0125,22780.08
2024/11/04,OptionsDaily_2024_11_04.csv,0.043835616438356165,202411  ,2024/11/20,0.0125,22965.39
2024/11/04,OptionsDaily_2024_11_04.csv,0.005479452054794521,202411W1  ,2024/11/06,0.0125,22965.39
2024/11/04,OptionsDaily_2024_11_04.csv,0.024657534246575342,202411W2  ,2024/11/13,0.0125,22965.39
2024/11/04,OptionsDaily_2024_11_04.csv,0.12054794520547946,202412  ,2024/12/18,0.0125,22965.39
2024/11/05,OptionsDaily_2024_11_05.csv,0.0410958904109589,202411  ,2024/11/20,0.0125,23106.79
2024/11/05,OptionsDaily_2024_11_05.csv,0.0027397260273972603,202411W1  ,2024/11/06,0.0125,23106.79
2024/11/05,OptionsDaily_2024_11_05.csv,0.021917808219178082,202411W2  ,2024/11/13,0.0125,23106.79
2024/11/05,OptionsDaily_2024_11_05.csv,0.1178082191780822,202412  ,2024/12/18,0.0125,23106.79
2024/11/06,OptionsDaily_2024_11_06.csv,0.038356164383561646,202411  ,2024/11/20,0.0125,23217.38
2024/11/06,OptionsDaily_2024_11_06.csv,0.0027397260273972603,202411W1  ,2024/11/06,0.0125,23217.38
2024/11/06,OptionsDaily_2024_11_06.csv,0.019178082191780823,202411W2  ,2024/11/13,0.0125,23217.38
2024/11/06,OptionsDaily_2024_11_06.csv,0.11506849315068493,202412  ,2024/12/18,0.0125,23217.38
2024/11/07,OptionsDaily_2024_11_07.csv,0.03561643835616438,202411  ,2024/11/20,0.0125,23408.82
2024/11/07,OptionsDaily_2024_11_07.csv,0.01643835616438356,202411W2  ,2024/11/13,0.0125,23408.82
2024/11/07,OptionsDaily_2024_11_07.csv,0.11232876712328767,202412  ,2024/12/18,0.0125,23408.82
2024/11/08,OptionsDaily_2024_11_08.csv,0.03287671232876712,202411  ,2024/11/20,0.0125,23553.89
2024/11/08,OptionsDaily_2024_11_08.csv,0.0136986301369863,202411W2  ,2024/11/13,0.0125,23553.89
2024/11/08,OptionsDaily_2024_11_08.csv,0.1095890410958904,202412  ,2024/12/18,0.0125,23553.89
2024/11/11,OptionsDaily_2024_11_11.csv,0.024657534246575342,202411  ,2024/11/20,0.0125,23529.64
2024/11/11,OptionsDaily_2024_11_11.csv,0.005479452054794521,202411W2  ,2024/11/13,0.0125,23529.64
2024/11/11,OptionsDaily_2024_11_11.csv,0.10136986301369863,202412  ,2024/12/18,0.0125,23529.64
2024/11/12,OptionsDaily_2024_11_12.csv,0.021917808219178082,202411  ,2024/11/20,0.0125,22981.77
2024/11/12,OptionsDaily_2024_11_12.csv,0.0027397260273972603,202411W2  ,2024/11/13,0.0125,22981.77
2024/11/12,OptionsDaily_2024_11_12.csv,0.09863013698630137,202412  ,2024/12/18,0.0125,22981.77
2024/11/12,OptionsDaily_2024_11_12.csv,0.17534246575342466,202501  ,2025/01/15,0.0125,22981.77
2024/11/12,OptionsDaily_2024_11_12.csv,0.34794520547945207,202503  ,2025/03/19,0.0125,22981.77
2024/11/13,OptionsDaily_2024_11_13.csv,0.019178082191780823,202411  ,2024/11/20,0.0125,22860.23
2024/11/13,OptionsDaily_2024_11_13.csv,0.0027397260273972603,202411W2  ,2024/11/13,0.0125,22860.23
2024/11/13,OptionsDaily_2024_11_13.csv,0.038356164383561646,202411W4  ,2024/11/27,0.0125,22860.23
2024/11/13,OptionsDaily_2024_11_13.csv,0.0958904109589041,202412  ,2024/12/18,0.0125,22860.23
2024/11/13,OptionsDaily_2024_11_13.csv,0.1726027397260274,202501  ,2025/01/15,0.0125,22860.23
2024/11/14,OptionsDaily_2024_11_14.csv,0.01643835616438356,202411  ,2024/11/20,0.0125,22715.38
2024/11/14,OptionsDaily_2024_11_14.csv,0.03561643835616438,202411W4  ,2024/11/27,0.0125,22715.38
2024/11/14,OptionsDaily_2024_11_14.csv,0.09315068493150686,202412  ,2024/12/18,0.0125,22715.38
2024/11/14,OptionsDaily_2024_11_14.csv,0.16986301369863013,202501  ,2025/01/15,0.0125,22715.38
2024/11/15,OptionsDaily_2024_11_15.csv,0.0136986301369863,202411  ,2024/11/20,0.0125,22742.77
2024/11/15,OptionsDaily_2024_11_15.csv,0.03287671232876712,202411W4  ,2024/11/27,0.0125,22742.77
2024/11/15,OptionsDaily_2024_11_15.csv,0.09041095890410959,202412  ,2024/12/18,0.0125,22742.77
2024/11/15,OptionsDaily_2024_11_15.csv,0.16712328767123288,202501  ,2025/01/15,0.0125,22742.77
2024/11/15,OptionsDaily_2024_11_15.csv,0.33972602739726027,202503  ,2025/03/19,0.0125,22742.77
2024/11/18,OptionsDaily_2024_11_18.csv,0.005479452054794521,202411  ,2024/11/20,0.0125,22546.54
2024/11/18,OptionsDaily_2024_11_18.csv,0.024657534246575342,202411W4  ,2024/11/27,0.0125,22546.54
2024/11/18,OptionsDaily_2024_11_18.csv,0.0821917808219178,202412  ,2024/12/18,0.0125,22546.54
2024/11/19,OptionsDaily_2024_11_19.csv,0.0027397260273972603,202411  ,2024/11/20,0.0125,22848.8
2024/11/19,OptionsDaily_2024_11_19.csv,0.021917808219178082,202411W4  ,2024/11/27,0.0125,22848.8
2024/11/19,OptionsDaily_2024_11_19.csv,0.07945205479452055,202412  ,2024/12/18,0.0125,22848.8
2024/11/19,OptionsDaily_2024_11_19.csv,0.15616438356164383,202501  ,2025/01/15,0.0125,22848.8
2024/11/20,OptionsDaily_2024_11_20.csv,0.0027397260273972603,202411  ,2024/11/20,0.0125,22688.36
2024/11/20,OptionsDaily_2024_11_20.csv,0.019178082191780823,202411W4  ,2024/11/27,0.0125,22688.36
2024/11/20,OptionsDaily_2024_11_20.csv,0.07671232876712329,202412  ,2024/12/18,0.0125,22688.36
2024/11/20,OptionsDaily_2024_11_20.csv,0.038356164383561646,202412W1  ,2024/12/04,0.0125,22688.36
2024/11/20,OptionsDaily_2024_11_20.csv,0.15342465753424658,202501  ,2025/01/15,0.0125,22688.36
2024/11/20,OptionsDaily_2024_11_20.csv,0.32602739726027397,202503  ,2025/03/19,0.0125,22688.36
2024/11/21,OptionsDaily_2024_11_21.csv,0.01643835616438356,202411W4  ,2024/11/27,0.0125,22555.66
2024/11/21,OptionsDaily_2024_11_21.csv,0.07397260273972603,202412  ,2024/12/18,0.0125,22555.66
2024/11/21,OptionsDaily_2024_11_21.csv,0.03561643835616438,202412W1  ,2024/12/04,0.0125,22555.66
2024/11/21,OptionsDaily_2024_11_21.csv,0.2465753424657534,202502  ,2025/02/19,0.0125,22555.66
2024/11/21,OptionsDaily_2024_11_21.csv,0.3232876712328767,202503  ,2025/03/19,0.0125,22555.66
2024/11/21,OptionsDaily_2024_11_21.csv,0.5726027397260274,202506  ,2025/06/18,0.0125,22555.66
2024/11/22,OptionsDaily_2024_11_22.csv,0.0136986301369863,202411W4  ,2024/11/27,0.0125,22904.32
2024/11/22,OptionsDaily_2024_11_22.csv,0.07123287671232877,202412  ,2024/12/18,0.0125,22904.32
2024/11/22,OptionsDaily_2024_11_22.csv,0.03287671232876712,202412W1  ,2024/12/04,0.0125,22904.32
2024/11/25,OptionsDaily_2024_11_25.csv,0.005479452054794521,202411W4  ,2024/11/27,0.0125,22948.37
2024/11/25,OptionsDaily_2024_11_25.csv,0.06301369863013699,202412  ,2024/12/18,0.0125,22948.37
2024/11/25,OptionsDaily_2024_11_25.csv,0.024657534246575342,202412W1  ,2024/12/04,0.0125,22948.37
2024/11/25,OptionsDaily_2024_11_25.csv,0.13972602739726028,202501  ,2025/01/15,0.0125,22948.37
2024/11/26,OptionsDaily_2024_11_26.csv,0.0027397260273972603,202411W4  ,2024/11/27,0.0125,22678.76
2024/11/26,OptionsDaily_2024_11_26.csv,0.06027397260273973,202412  ,2024/12/18,0.0125,22678.76
2024/11/26,OptionsDaily_2024_11_26.csv,0.021917808219178082,202412W1  ,2024/12/04,0.0125,22678.76
2024/11/26,OptionsDaily_2024_11_26.csv,0.136986301369863,202501  ,2025/01/15,0.0125,22678.76
2024/11/27,OptionsDaily_2024_11_27.csv,0.0027397260273972603,202411W4  ,2024/11/27,0.0125,22334.78
2024/11/27,OptionsDaily_2024_11_27.csv,0.057534246575342465,202412  ,2024/12/18,0.0125,22334.78
2024/11/27,OptionsDaily_2024_11_27.csv,0.019178082191780823,202412W1  ,2024/12/04,0.0125,22334.78
2024/11/27,OptionsDaily_2024_11_27.csv,0.038356164383561646,202412W2  ,2024/12/11,0.0125,22334.78
2024/11/27,OptionsDaily_2024_11_27.csv,0.13424657534246576,202501  ,2025/01/15,0.0125,22334.78
2024/11/27,OptionsDaily_2024_11_27.csv,0.30684931506849317,202503  ,2025/03/19,0.0125,22334.78
2024/11/28,OptionsDaily_2024_11_28.csv,0.0547945205479452,202412  ,2024/12/18,0.0125,22298.9
2024/11/28,OptionsDaily_2024_11_28.csv,0.01643835616438356,202412W1  ,2024/12/04,0.0125,22298.9
2024/11/28,OptionsDaily_2024_11_28.csv,0.03561643835616438,202412W2  ,2024/12/11,0.0125,22298.9
2024/11/28,OptionsDaily_2024_11_28.csv,0.13150684931506848,202501  ,2025/01/15,0.0125,22298.9
2024/11/28,OptionsDaily_2024_11_28.csv,0.3041095890410959,202503  ,2025/03/19,0.0125,22298.9
2024/11/29,OptionsDaily_2024_11_29.csv,0.052054794520547946,202412  ,2024/12/18,0.0125,22262.5
2024/11/29,OptionsDaily_2024_11_29.csv,0.0136986301369863,202412W1  ,2024/12/04,0.0125,22262.5
2024/11/29,OptionsDaily_2024_11_29.csv,0.03287671232876712,202412W2  ,2024/12/11,0.0125,22262.5
2024/11/29,OptionsDaily_2024_11_29.csv,0.12876712328767123,202501  ,2025/01/15,0.0125,22262.5
2024/12/02,OptionsDaily_2024_12_02.csv,0.043835616438356165,202412  ,2024/12/18,0.0125,22736.93
2024/12/02,OptionsDaily_2024_12_02.csv,0.005479452054794521,202412W1  ,2024/12/04,0.0125,22736.93
2024/12/02,OptionsDaily_2024_12_02.csv,0.024657534246575342,202412W2  ,2024/12/11,0.0125,22736.93
2024/12/02,OptionsDaily_2024_12_02.csv,0.12054794520547946,202501  ,2025/01/15,0.0125,22736.93
2024/12/03,OptionsDaily_2024_12_03.csv,0.0410958904109589,202412  ,2024/12/18,0.0125,23027.46
2024/12/03,OptionsDaily_2024_12_03.csv,0.0027397260273972603,202412W1  ,2024/12/04,0.0125,23027.46
2024/12/03,OptionsDaily_2024_12_03.csv,0.021917808219178082,202412W2  ,2024/12/11,0.0125,23027.46
2024/12/03,OptionsDaily_2024_12_03.csv,0.1178082191780822,202501  ,2025/01/15,0.0125,23027.46
2024/12/04,OptionsDaily_2024_12_04.csv,0.038356164383561646,202412  ,2024/12/18,0.0125,23255.33
2024/12/04,OptionsDaily_2024_12_04.csv,0.0027397260273972603,202412W1  ,2024/12/04,0.0125,23255.33
2024/12/04,OptionsDaily_2024_12_04.csv,0.019178082191780823,202412W2  ,2024/12/11,0.0125,23255.33
2024/12/04,OptionsDaily_2024_12_04.csv,0.11506849315068493,202501  ,2025/01/15,0.0125,23255.33
2024/12/05,OptionsDaily_2024_12_05.csv,0.03561643835616438,202412  ,2024/12/18,0.0125,23267.94
2024/12/05,OptionsDaily_2024_12_05.csv,0.01643835616438356,202412W2  ,2024/12/11,0.0125,23267.94
2024/12/05,OptionsDaily_2024_12_05.csv,0.11232876712328767,202501  ,2025/01/15,0.0125,23267.94
2024/12/06,OptionsDaily_2024_12_06.csv,0.03287671232876712,202412  ,2024/12/18,0.0125,23193.27
2024/12/06,OptionsDaily_2024_12_06.csv,0.0136986301369863,202412W2  ,2024/12/11,0.0125,23193.27
2024/12/06,OptionsDaily_2024_12_06.csv,0.1095890410958904,202501  ,2025/01/15,0.0125,23193.27
2024/12/09,OptionsDaily_2024_12_09.csv,0.024657534246575342,202412  ,2024/12/18,0.0125,23273.25
2024/12/09,OptionsDaily_2024_12_09.csv,0.005479452054794521,202412W2  ,2024/12/11,0.0125,23273.25
2024/12/09,OptionsDaily_2024_12_09.csv,0.10136986301369863,202501  ,2025/01/15,0.0125,23273.25
2024/12/09,OptionsDaily_2024_12_09.csv,0.5232876712328767,202506  ,2025/06/18,0.0125,23273.25
2024/12/10,OptionsDaily_2024_12_10.csv,0.021917808219178082,202412  ,2024/12/18,0.0125,23125.08
2024/12/10,OptionsDaily_2024_12_10.csv,0.0027397260273972603,202412W2  ,2024/12/11,0.0125,23125.08
2024/12/10,OptionsDaily_2024_12_10.csv,0.09863013698630137,202501  ,2025/01/15,0.0125,23125.08
2024/12/10,OptionsDaily_2024_12_10.csv,0.27123287671232876,202503  ,2025/03/19,0.0125,23125.08
2024/12/11,OptionsDaily_2024_12_11.csv,0.019178082191780823,202412  ,2024/12/18,0.0125,22903.63
2024/12/11,OptionsDaily_2024_12_11.csv,0.0027397260273972603,202412W2  ,2024/12/11,0.0125,22903.63
2024/12/11,OptionsDaily_2024_12_11.csv,0.038356164383561646,202412W4  ,2024/12/25,0.0125,22903.63
2024/12/11,OptionsDaily_2024_12_11.csv,0.0958904109589041,202501  ,2025/01/15,0.0125,22903.63
2024/12/11,OptionsDaily_2024_12_11.csv,0.2684931506849315,202503  ,2025/03/19,0.0125,22903.63
2024/12/12,OptionsDaily_2024_12_12.csv,0.01643835616438356,202412  ,2024/12/18,0.0125,23046.8
2024/12/12,OptionsDaily_2024_12_12.csv,0.03561643835616438,202412W4  ,2024/12/25,0.0125,23046.8
2024/12/12,OptionsDaily_2024_12_12.csv,0.09315068493150686,202501  ,2025/01/15,0.0125,23046.8
2024/12/12,OptionsDaily_2024_12_12.csv,0.26575342465753427,202503  ,2025/03/19,0.0125,23046.8
2024/12/13,OptionsDaily_2024_12_13.csv,0.0136986301369863,202412  ,2024/12/18,0.0125,23020.48
2024/12/13,OptionsDaily_2024_12_13.csv,0.03287671232876712,202412W4  ,2024/12/25,0.0125,23020.48
2024/12/13,OptionsDaily_2024_12_13.csv,0.09041095890410959,202501  ,2025/01/15,0.0125,23020.48
2024/12/13,OptionsDaily_2024_12_13.csv,0.26301369863013696,202503  ,2025/03/19,0.0125,23020.48
2024/12/16,OptionsDaily_2024_12_16.csv,0.005479452054794521,202412  ,2024/12/18,0.0125,23039.9
2024/12/16,OptionsDaily_2024_12_16.csv,0.024657534246575342,202412W4  ,2024/12/25,0.0125,23039.9
2024/12/16,OptionsDaily_2024_12_16.csv,0.0821917808219178,202501  ,2025/01/15,0.0125,23039.9
2024/12/16,OptionsDaily_2024_12_16.csv,0.2547945205479452,202503  ,2025/03/19,0.0125,23039.9
2024/12/17,OptionsDaily_2024_12_17.csv,0.0027397260273972603,202412  ,2024/12/18,0.0125,23018.01
2024/12/17,OptionsDaily_2024_12_17.csv,0.021917808219178082,202412W4  ,2024/12/25,0.0125,23018.01
2024/12/17,OptionsDaily_2024_12_17.csv,0.07945205479452055,202501  ,2025/01/15,0.0125,23018.01
2024/12/17,OptionsDaily_2024_12_17.csv,0.25205479452054796,202503  ,2025/03/19,0.0125,23018.01
2024/12/18,OptionsDaily_2024_12_18.csv,0.0027397260273972603,202412  ,2024/12/18,0.0125,23168.67
2024/12/18,OptionsDaily_2024_12_18.csv,0.019178082191780823,202412W4  ,2024/12/25,0.0125,23168.67
2024/12/18,OptionsDaily_2024_12_18.csv,0.07671232876712329,202501  ,2025/01/15,0.0125,23168.67
2024/12/18,OptionsDaily_2024_12_18.csv,0.2493150684931507,202503  ,2025/03/19,0.0125,23168.67
2024/12/19,OptionsDaily_2024_12_19.csv,0.01643835616438356,202412W4  ,2024/12/25,0.0125,22932.25
2024/12/19,OptionsDaily_2024_12_19.csv,0.07397260273972603,202501  ,2025/01/15,0.0125,22932.25
2024/12/19,OptionsDaily_2024_12_19.csv,0.03561643835616438,202501W1  ,2025/01/01,0.0125,22932.25
2024/12/19,OptionsDaily_2024_12_19.csv,0.16986301369863013,202502  ,2025/02/19,0.0125,22932.25
2024/12/19,OptionsDaily_2024_12_19.csv,0.2465753424657534,202503  ,2025/03/19,0.0125,22932.25
2024/12/19,OptionsDaily_2024_12_19.csv,0.4958904109589041,202506  ,2025/06/18,0.0125,22932.25
2024/12/20,OptionsDaily_2024_12_20.csv,0.0136986301369863,202412W4  ,2024/12/25,0.0125,22510.25
2024/12/20,OptionsDaily_2024_12_20.csv,0.07123287671232877,202501  ,2025/01/15,0.0125,22510.25
2024/12/20,OptionsDaily_2024_12_20.csv,0.03287671232876712,202501W1  ,2025/01/01,0.0125,22510.25
2024/12/20,OptionsDaily_2024_12_20.csv,0.16712328767123288,202502  ,2025/02/19,0.0125,22510.25
2024/12/20,OptionsDaily_2024_12_20.csv,0.24383561643835616,202503  ,2025/03/19,0.0125,22510.25
2024/12/23,OptionsDaily_2024_12_23.csv,0.005479452054794521,202412W4  ,2024/12/25,0.0125,23104.54
2024/12/23,OptionsDaily_2024_12_23.csv,0.06301369863013699,202501  ,2025/01/15,0.0125,23104.54
2024/12/23,OptionsDaily_2024_12_23.csv,0.024657534246575342,202501W1  ,2025/01/01,0.0125,23104.54
2024/12/23,OptionsDaily_2024_12_23.csv,0.2356164383561644,202503  ,2025/03/19,0.0125,23104.54
2024/12/24,OptionsDaily_2024_12_24.csv,0.0027397260273972603,202412W4  ,2024/12/25,0.0125,23120.24
2024/12/24,OptionsDaily_2024_12_24.csv,0.06027397260273973,202501  ,2025/01/15,0.0125,23120.24
2024/12/24,OptionsDaily_2024_12_24.csv,0.021917808219178082,202501W1  ,2025/01/01,0.0125,23120.24
2024/12/24,OptionsDaily_2024_12_24.csv,0.2328767123287671,202503  ,2025/03/19,0.0125,23120.24
2024/12/25,OptionsDaily_2024_12_25.csv,0.0027397260273972603,202412W4  ,2024/12/25,0.0125,23220.13
2024/12/25,OptionsDaily_2024_12_25.csv,0.057534246575342465,202501  ,2025/01/15,0.0125,23220.13
2024/12/25,OptionsDaily_2024_12_25.csv,0.019178082191780823,202501W1  ,2025/01/01,0.0125,23220.13
2024/12/25,OptionsDaily_2024_12_25.csv,0.038356164383561646,202501W2  ,2025/01/08,0.0125,23220.13
2024/12/25,OptionsDaily_2024_12_25.csv,0.15342465753424658,202502  ,2025/02/19,0.0125,23220.13
2024/12/25,OptionsDaily_2024_12_25.csv,0.23013698630136986,202503  ,2025/03/19,0.0125,23220.13
2024/12/26,OptionsDaily_2024_12_26.csv,0.0547945205479452,202501  ,2025/01/15,0.0125,23246.94
2024/12/26,OptionsDaily_2024_12_26.csv,0.01643835616438356,202501W1  ,2025/01/01,0.0125,23246.94
2024/12/26,OptionsDaily_2024_12_26.csv,0.03561643835616438,202501W2  ,2025/01/08,0.0125,23246.94
2024/12/26,OptionsDaily_2024_12_26.csv,0.2273972602739726,202503  ,2025/03/19,0.0125,23246.94
2024/12/26,OptionsDaily_2024_12_26.csv,0.4767123287671233,202506  ,2025/06/18,0.0125,23246.94
2024/12/27,OptionsDaily_2024_12_27.csv,0.052054794520547946,202501  ,2025/01/15,0.0125,23275.68
2024/12/27,OptionsDaily_2024_12_27.csv,0.0136986301369863,202501W1  ,2025/01/01,0.0125,23275.68
2024/12/27,OptionsDaily_2024_12_27.csv,0.03287671232876712,202501W2  ,2025/01/08,0.0125,23275.68
2024/12/27,OptionsDaily_2024_12_27.csv,0.14794520547945206,202502  ,2025/02/19,0.0125,23275.68
2024/12/27,OptionsDaily_2024_12_27.csv,0.22465753424657534,202503  ,2025/03/19,0.0125,23275.68
2024/12/30,OptionsDaily_2024_12_30.csv,0.043835616438356165,202501  ,2025/01/15,0.0125,23190.2
2024/12/30,OptionsDaily_2024_12_30.csv,0.005479452054794521,202501W1  ,2025/01/01,0.0125,23190.2
2024/12/30,OptionsDaily_2024_12_30.csv,0.024657534246575342,202501W2  ,2025/01/08,0.0125,23190.2
2024/12/30,OptionsDaily_2024_12_30.csv,0.13972602739726028,202502  ,2025/02/19,0.0125,23190.2
2024/12/30,OptionsDaily_2024_12_30.csv,0.21643835616438356,202503  ,2025/03/19,0.0125,23190.2
2024/12/31,OptionsDaily_2024_12_31.csv,0.0410958904109589,202501  ,2025/01/15,0.0125,23035.1
2024/12/31,OptionsDaily_2024_12_31.csv,0.0027397260273972603,202501W1  ,2025/01/01,0.0125,23035.1
2024/12/31,OptionsDaily_2024_12_31.csv,0.021917808219178082,202501W2  ,2025/01/08,0.0125,23035.1
2024/12/31,OptionsDaily_2024_12_31.csv,0.136986301369863,202502  ,2025/02/19,0.0125,23035.1
2024/12/31,OptionsDaily_2024_12_31.csv,0.2136986301369863,202503  ,2025/03/19,0.0125,23035.1
2024/12/31,OptionsDaily_2024_12_31.csv,0.7123287671232876,202509  ,2025/09/17,0.0125,23035.1
